source_type,intermediate_type,descending_type,intermediate_neurons,path_instances,total_visual_to_intermediate_weight,total_intermediate_to_descending_weight
LPLC2,LPLC4,DNb05,97,97,3476,4712
LPLC2,LPLC4,DNp03,97,97,3476,3740
LPLC2,LPLC1,DNp03,107,107,270,2844
LPLC2,LPLC1,DNp35,107,107,270,2602
LC4,LPLC1,DNp03,95,95,188,2414
LPLC2,LPLC4,DNp57,95,95,3421,2354
LC4,LPLC1,DNp35,95,95,188,2327
LPLC2,LPLC4,DNp07,83,83,3134,2264
LPLC2,LPLC1,DNp06,107,107,270,2122
LPLC2,LPLC4,DNp31,95,95,3437,2022
LC4,LPLC4,DNb05,40,40,64,1991
LPLC2,CL213,DNg74_a,2,4,90,1830
LC4,LPLC1,DNp06,95,95,188,1817
LPLC2,LPLC4,DNp26,91,91,3348,1740
LC4,LPLC4,DNp03,40,40,64,1640
LPLC2,LPLC4,DNp05,83,83,3162,1431
LPLC2,LLPC2,DNp31,141,141,338,1412
LPLC2,LPLC4,DNbe001,72,94,3639,1394
LPLC2,PVLP123,DNp06,9,10,558,1382
LPLC2,LLPC3,DNa10,105,173,288,1331
LPLC2,LT51,DNg97,11,11,59,1283
LPLC2,LLPC2,DNb05,122,122,280,1232
LPLC2,LPLC4,pIP1,71,71,2680,1226
LC4,PVLP122,DNp01,6,11,9039,1216
LPLC2,PVLP122,DNp01,6,11,1939,1216
LC4,SAD064,DNp01,6,6,1732,1215
LPLC2,PVLP137,DNg100,2,4,648,1194
LC4,PVLP137,DNg100,2,4,1710,1194
LC4,PLP300m,DNg16,3,6,38,1181
LC4,LPLC4,DNp57,40,40,64,1156
LPLC2,LPLC4,DNg82,67,123,4745,1155
LC4,LC23,DNbe001,10,20,214,1137
LPLC2,LT51,DNb09,12,12,187,1129
LPLC2,LLPC1,DNbe001,99,99,199,1092
LPLC2,LPLC4,DNbe007,87,87,3250,1081
LC4,AN07B004,DNp104,2,4,12,1046
LC4,PVLP122,DNp06,6,10,7713,1018
LPLC2,PVLP122,DNp06,6,10,1923,1018
LC4,PLP300m,DNg100,3,6,38,1010
LC4,PVLP123,DNp06,6,7,479,1007
LC4,LT51,DNb09,11,11,18,994
LC4,LC9,DNp09,75,75,139,989
LC4,LC11,DNp35,70,70,97,986
LPLC2,CL286,DNp69,2,4,50,950
LPLC2,AVLP076,DNp35,2,2,12,946
LPLC2,LC31a,DNp35,28,28,124,928
LPLC2,VSm,DNg46,4,6,31,925
LC4,AVLP594,DNg30,2,4,4,925
LC4,LPLC4,DNp26,38,38,61,913
LPLC2,LHAD1g1,DNp06,2,2,2049,902
LC4,LHAD1g1,DNp06,2,2,555,902
LC4,AN07B004,DNp31,2,4,12,901
LPLC2,LC9,DNp09,55,55,87,895
LC4,LC31a,DNp35,27,27,60,894
LC4,SAD073,DNp01,3,6,24,888
LPLC2,LT51,DNa01,15,15,211,867
LC4,LPLC4,DNp05,38,38,61,861
LPLC2,LC31a,DNp06,28,28,124,858
LPLC2,LPLC1,DNp103,103,103,264,843
LC4,LC31a,DNp06,27,27,60,830
LPLC2,LPLC4,DNge054,87,87,3207,825
LC4,PVLP122,DNg40,6,12,9068,824
LPLC2,PVLP122,DNg40,6,12,1944,824
LPLC2,AVLP080,DNp35,2,2,31,815
LPLC2,CL213,DNg108,2,4,90,814
LPLC2,PVLP123,DNg40,9,18,914,801
LPLC2,WED072,DNp35,5,5,22,801
LPLC2,SAD064,DNp01,4,4,112,792
LPLC2,LPLC1,DNp11,83,83,211,786
LPLC2,PVLP010,DNp06,2,2,32,776
LC4,PVLP010,DNp06,2,2,2176,776
LPLC2,LC23,DNbe001,7,14,42,773
LC4,LPLC4,DNp31,39,39,63,753
LC4,CL367,DNp103,2,4,22,749
LC4,LoVP18,DNp07,10,18,58,742
LC4,LPLC4,DNp07,33,33,53,737
LC4,SAD073,DNg40,3,6,24,720
LC4,OCG02b,DNp19,2,4,4,713
LC4,LT51,DNg97,8,8,12,712
LC4,PVLP010,DNp01,2,2,2176,711
LPLC2,PVLP010,DNp01,2,2,32,711
LPLC2,LLPC1,DNp26,115,115,241,709
LC4,LPLC1,DNp103,91,91,176,707
LPLC2,LT51,DNa13,12,23,377,703
LC4,LC23,DNp26,10,20,214,701
LC4,LC9,DNpe024,97,97,199,699
LC4,LC9,DNp11,53,53,102,699
LPLC2,LPLC4,DNa10,60,87,3546,693
LPLC2,LC31b,DNp34,6,6,1710,691
LC4,LC31b,DNp34,6,6,542,691
LPLC2,HST,DNg41,2,2,3,688
LPLC2,LC31a,DNpe031,28,56,248,686
LPLC2,LoVP26,DNbe004,12,23,366,680
LC4,LPLC4,DNbe007,38,38,62,676
LPLC2,PVLP122,DNp70,6,12,1944,676
LC4,PVLP122,DNp70,6,12,9068,676
LPLC2,PVLP137,DNge050,2,4,648,675
LC4,PVLP137,DNge050,2,4,1710,675
LC4,PS306,DNa16,2,4,90,672
LPLC2,LC31a,DNp09,28,28,124,666
LC4,LC31a,DNp09,27,27,60,666
LC4,LPLC1,DNp11,74,74,148,661
LPLC2,LT51,DNp18,7,7,174,653
LC4,LT51,DNa13,10,20,36,650
LC4,LC31a,DNpe031,27,54,120,646
LC4,MeVP53,DNp04,2,2,304,645
LPLC2,PVLP151,DNp06,4,7,11447,643
LC4,PVLP151,DNp06,4,7,2617,643
LPLC2,LC11,DNp35,45,45,60,638
LPLC2,LoVP26,DNpe016,12,24,368,638
LC4,PS306,DNa15,2,4,90,634
LPLC2,HST,DNb03,2,4,6,628
LPLC2,VS,DNp20,9,9,26,624
LC4,LC22,DNp26,28,28,49,619
LPLC2,vCal1,DNp31,2,4,4,619
LPLC2,LLPC2,DNp26,107,107,255,617
LPLC2,H2,DNb03,2,4,198,617
LPLC2,LPLC4,DNg79,69,108,4399,614
LC4,PVLP046,DNp04,10,19,1377,613
LC4,PVLP151,DNp01,4,8,3052,603
LPLC2,PVLP151,DNp01,4,8,13542,603
LC4,CB2664,DNp02,4,8,486,601
LPLC2,PVLP123,DNp01,9,15,813,595
LPLC2,LHAD1g1,DNp103,2,2,2049,591
LC4,LHAD1g1,DNp103,2,2,555,591
LPLC2,LC22,DNp26,32,32,76,589
LC4,PLP034,DNp26,2,2,305,588
LC4,SAD064,DNp11,6,6,1732,576
LPLC2,vCal3,DNp31,2,4,262,576
LC4,PVLP122,DNp103,6,11,9026,570
LPLC2,PVLP122,DNp103,6,11,1938,570
LC4,SAD064,DNp02,6,6,1732,570
LPLC2,LHAD1g1,DNg40,2,2,2049,566
LPLC2,LoVP26,DNpe022,12,24,368,566
LC4,LHAD1g1,DNg40,2,2,555,566
LC4,PVLP076,DNp06,2,2,9,560
LPLC2,PVLP076,DNp06,2,2,1338,560
LC4,PLP034,DNp57,2,2,305,556
LPLC2,AVLP176_d,DNp103,4,5,238,552
LC4,PVLP123,DNp01,6,10,588,550
LC4,WED072,DNp35,3,3,4,549
LC4,PVLP137,DNg97,2,4,1710,547
LPLC2,PVLP137,DNg97,2,4,648,547
LC4,,DNae004,12,13,6458,545
LPLC2,AVLP076,DNp06,2,2,12,544
LC4,AN07B004,DNg04,2,8,24,539
LC4,CL367,DNp01,2,4,22,537
LPLC2,,DNp103,20,21,3458,536
LC4,LPLC4,DNbe001,31,36,57,530
LPLC2,,DNp06,27,28,4689,518
LC4,LT51,DNp18,6,6,13,516
LC4,PLP060,DNp03,2,2,57,510
LC4,AN07B004,DNa09,2,4,12,509
LPLC2,WED072,DNp06,5,5,22,509
LPLC2,LT51,DNb08,7,13,76,506
LPLC2,Nod1,DNp26,4,4,9,504
LPLC2,LoVP26,DNp102,11,21,362,504
LPLC2,LC23,DNp26,7,14,42,503
LPLC2,PVLP076,DNp35,2,2,1338,502
LC4,PVLP076,DNp35,2,2,9,502
LC4,PVLP141,DNb09,2,2,1539,498
LPLC2,PVLP141,DNb09,2,2,46,498
LPLC2,LLPC1,DNpe056,101,101,217,498
LC4,PS306,DNg75,2,4,90,496
LC4,LC31a,DNp103,27,27,60,496
LPLC2,LC31a,DNp103,28,28,124,495
LPLC2,PVLP062,DNp01,2,4,14,486
LPLC2,,DNae004,10,11,2910,486
LC4,PVLP062,DNp01,2,4,22,486
LPLC2,LC9,DNpe024,66,66,105,485
LPLC2,LT51,DNge103,6,6,45,480
LC4,AVLP076,DNp35,1,1,1,478
LC4,PVLP022,DNp11,3,6,5556,477
LPLC2,PVLP022,DNp11,3,6,1748,477
LPLC2,GNG300,DNp01,2,3,1016,474
LC4,CL001,DNp69,1,2,2,474
LC4,GNG300,DNp01,2,3,228,474
LC4,LC10d,DNa10,30,30,55,469
LPLC2,IB114,DNde002,2,4,1090,467
LC4,IB114,DNde002,2,4,832,467
LPLC2,PVLP141,DNa13,2,4,92,466
LC4,CL286,DNp69,1,2,2,466
LC4,PVLP141,DNa13,2,4,3078,466
LC4,CB4101,DNa01,6,6,52,465
LC4,PLP300m,DNg96,3,3,19,464
LC4,LT51,DNa01,12,12,21,462
LC4,LAL300m,DNa02,4,4,117,462
LC4,GNG506,DNg74_a,1,2,2,461
LPLC2,Nod5,DNb03,2,4,20,461
LC4,PVLP123,DNg40,6,12,838,461
LPLC2,PVLP062,DNg40,2,4,14,460
LC4,PVLP062,DNg40,2,4,22,460
LPLC2,PVLP123,DNp69,9,15,784,459
LC4,CB2664,DNp01,4,8,486,455
LPLC2,H2,DNp15,2,2,99,454
LC4,PLP034,DNbe001,2,4,610,449
LC4,LAL300m,DNa13,4,8,234,449
LPLC2,PVLP046,DNp04,9,16,32,444
LC4,CB1280,DNp02,2,4,310,444
LPLC2,PVLP114,DNg16,1,2,92,443
LC4,LC23,DNp03,10,19,166,439
LPLC2,LT51,DNae007,15,15,145,436
LPLC2,LC9,DNp11,33,33,48,433
LC4,LAL300m,DNa03,4,4,117,432
LPLC2,LC31a,DNp43,28,28,124,431
LC4,CL367,DNpe042,2,4,22,427
LC4,PS306,DNge050,2,4,90,427
LPLC2,LoVP92,DNpe002,8,16,118,426
LPLC2,AVLP169,DNp23,2,2,178,424
LC4,LC31a,DNp43,27,27,60,423
LPLC2,PVLP015,DNp34,2,2,185,422
LC4,PVLP015,DNp34,2,2,833,422
LPLC2,AVLP080,DNp103,2,2,31,422
LPLC2,AVLP429,DNp06,2,4,104,421
LC4,AVLP429,DNp06,2,4,818,421
LC4,AN07B004,DNg02_a,2,20,60,419
LC4,AVLP016,DNpe031,2,4,230,415
LC4,PVLP010,DNg40,2,2,2176,413
LPLC2,CL213,DNge004,2,2,45,413
LPLC2,PVLP010,DNg40,2,2,32,413
LC4,LoVP26,DNbe004,7,14,48,411
LC4,LoVP93,DNp18,11,13,378,411
LPLC2,LoVP93,DNp18,11,13,243,411
LPLC2,PVLP123,DNp103,9,14,763,410
LC4,AN07B004,DNae004,2,4,12,409
LC4,PVLP151,DNp103,4,7,2705,406
LPLC2,PVLP151,DNp103,4,7,11469,406
LPLC2,LPC1,DNae005,126,126,496,405
LPLC2,PVLP122,DNpe045,6,12,1944,402
LC4,PVLP122,DNpe045,6,12,9068,402
LPLC2,CL367,DNp103,1,2,14,401
LPLC2,CB3019,DNp103,3,6,118,399
LC4,PVLP137,DNg52,2,8,3420,397
LPLC2,PVLP137,DNg52,2,8,1296,397
LPLC2,LLPC1,DNae002,53,53,79,396
LPLC2,CL319,DNge053,2,4,4,395
LC4,PLP029,DNae002,2,2,562,394
LPLC2,LC22,DNp05,31,31,74,394
LPLC2,AVLP591,DNp35,2,2,17,394
LPLC2,LoVP93,DNb09,11,12,233,393
LC4,LoVP93,DNb09,11,12,333,393
LC4,AN07B004,DNg51,2,8,24,391
LC4,LPLC4,DNa10,30,43,64,387
LC4,IB114,DNp47,2,4,832,387
LPLC2,IB114,DNp47,2,4,1090,387
LPLC2,AVLP437,DNp66,2,2,5,383
LPLC2,H2,DNg41,2,4,198,383
LPLC2,LPT26,DNp26,2,2,65,382
LC4,PLP300m,DNge050,3,6,38,381
LC4,LC23,DNp35,10,18,163,375
LC4,LC21,DNp35,38,38,57,373
LPLC2,CL319,DNpe020,2,4,4,371
LC4,PLP029,DNae010,2,2,562,367
LPLC2,LoVP18,DNp07,5,10,10,367
LC4,CB4176,DNp04,7,9,31,366
LC4,SAD053,DNp02,2,4,34,366
LC4,AN09B023,DNge122,1,2,6,365
LC4,CB4176,DNp73,7,7,24,365
LC4,PS306,DNa06,2,4,90,365
LC4,PVLP123,DNp103,6,9,528,365
LPLC2,PVLP141,DNa01,2,2,46,364
LC4,PVLP141,DNa01,2,2,1539,364
LPLC2,LPLC4,DNpe002,50,50,1724,363
LPLC2,SAD064,DNp11,4,4,112,363
LC4,AVLP542,DNp06,2,2,17,362
LC4,AVLP094,DNp70,2,4,400,359
LPLC2,aMe8,DNp27,2,2,4,358
LC4,WED127,DNb09,3,3,227,357
LPLC2,AVLP396,DNp103,2,2,922,354
LC4,AVLP452,DNp01,4,4,2471,354
LC4,LoVP26,DNp102,7,14,48,353
LPLC2,CL286,DNp64,2,4,50,353
LPLC2,IB114,DNp59,2,4,1090,351
LC4,IB114,DNp59,2,4,832,351
LC4,CB4101,DNg97,6,11,101,351
LC4,LT51,MDN,10,21,30,351
LPLC2,LHAD1g1,DNp01,2,2,2049,349
LC4,LHAD1g1,DNp01,2,2,555,349
LC4,SAD055,DNp02,2,4,198,349
LPLC2,CL286,DNpe045,2,4,50,348
LC4,LoVP50,DNb05,6,6,33,347
LC4,PLP093,DNp104,2,4,444,346
LPLC2,PVLP137,DNa13,2,5,784,346
LC4,PVLP137,DNa13,2,5,2275,346
LPLC2,Nod1,DNge094,4,20,45,346
LC4,LoVP26,DNpe016,7,14,48,345
LPLC2,AVLP396,DNp70,2,4,1844,344
LC4,SAD013,DNg56,2,3,301,343
LC4,LoVP92,DNpe002,5,10,20,343
LC4,PLP300m,DNg52,3,12,76,343
LPLC2,SAD013,DNg56,2,3,180,343
LC4,LPLC4,DNg82,27,47,81,341
LPLC2,CL286,DNp06,2,4,50,340
LPLC2,AVLP340,DNp55,2,2,1234,338
LPLC2,CL053,DNbe001,2,4,88,337
LPLC2,LC31a,DNp71,28,28,124,337
LC4,PVLP137,DNge053,2,4,1710,336
LC4,AN07B004,DNae003,2,4,12,336
LPLC2,PVLP137,DNge053,2,4,648,336
LC4,LPLC4,DNg79,31,52,87,334
LPLC2,WED072,DNp103,5,5,22,334
LPLC2,MeVPLp1,DNp12,2,4,12,334
LPLC2,CB4163,DNp103,6,12,1132,331
LPLC2,PVLP122,DNpe042,6,12,1944,331
LC4,PVLP122,DNpe042,6,12,9068,331
LC4,PLP208,DNbe001,2,4,16,330
LPLC2,LT51,DNb01,14,15,268,330
LC4,LoVP18,aSP22,10,20,62,329
LC4,LC31a,DNp71,27,27,60,328
LPLC2,LoVP54,DNp103,2,2,201,327
LPLC2,MeVP53,DNp04,1,1,2,327
LC4,LoVP54,DNp103,2,2,19,327
LPLC2,WED104,DNp55,2,2,83,326
LC4,LC33,DNa03,1,1,1,326
LC4,PVLP151,DNg40,4,7,2705,325
LPLC2,PVLP151,DNg40,4,7,11469,325
LC4,AN07B004,DNg05_b,2,8,24,324
LPLC2,SAD073,DNp01,1,2,44,324
LPLC2,CL213,DNpe020,2,4,90,323
LPLC2,SAD049,DNp11,2,2,40,322
LC4,LoVP26,DNpe022,7,14,48,322
LC4,SAD049,DNp11,2,2,108,322
LC4,LLPC1,DNbe001,26,26,37,321
LPLC2,LC23,DNp03,7,13,36,320
LC4,SAD053,DNp11,2,4,34,319
LC4,LLPC2,DNp31,29,29,32,318
LPLC2,LoVP26,DNp57,11,20,349,318
LPLC2,AVLP396,DNpe042,2,4,1844,317
LC4,PS306,DNg69,2,4,90,316
LPLC2,LLPC1,DNg97,41,41,65,315
LC4,CB4103,DNb01,6,6,212,314
LC4,LLPC3,DNa10,24,36,39,313
LPLC2,SAD064,DNp02,4,4,112,313
LPLC2,LPC1,DNa07,73,73,198,312
LC4,,DNa05,12,14,6757,310
LC4,PS002,DNp102,3,4,15,309
LC4,WED072,DNp06,3,3,4,309
LC4,LoVP54,DNp06,2,2,19,308
LPLC2,LoVP54,DNp06,2,2,201,308
LC4,AVLP502,DNp35,1,2,4,307
LPLC2,AVLP591,DNp103,2,2,17,307
LPLC2,CL038,DNpe042,2,4,10,307
LC4,AVLP076,DNp06,1,1,1,306
LPLC2,PVLP123,DNpe045,9,18,914,306
LPLC2,LPC2,DNp31,62,62,95,305
LC4,AN07B004,DNg91,2,4,12,305
LPLC2,PS181,DNbe004,2,4,68,305
LPLC2,LPLC4,DNp11,22,22,676,305
LC4,PVLP021,DNp55,4,8,6870,304
LC4,CB4102,DNp03,7,7,362,304
LPLC2,PVLP021,DNp55,4,8,74,304
LPLC2,LC19,DNb01,11,11,51,303
LC4,PS112,DNbe001,1,2,4,302
LC4,LoVP18,DNge107,8,14,53,301
LPLC2,AVLP490,DNpe052,3,3,11,301
LPLC2,AVLP079,DNp35,1,1,9,300
LC4,AVLP093,DNp70,2,4,8,300
LPLC2,LPT60,DNg100,2,4,42,298
LPLC2,SAD013,DNp12,2,3,315,298
LC4,LPT60,DNg100,2,4,1302,298
LPLC2,VSm,DNge097,4,6,26,298
LC4,SAD013,DNp12,2,3,293,298
LPLC2,LoVP50,DNb05,5,5,10,298
LC4,LAL053,DNa13,1,2,110,296
LPLC2,AVLP316,aSP22,3,3,125,296
LC4,AVLP259,DNp35,4,6,3467,295
LPLC2,AVLP259,DNp35,4,6,691,295
LC4,LC17,DNp35,56,56,77,294
LC4,LT51,DNa11,8,8,16,294
LPLC2,VST2,DNp20,4,4,8,293
LPLC2,LPLC1,DNa07,68,68,163,292
LC4,AVLP093,DNg40,2,2,4,292
LC4,PS306,DNg04,2,8,180,291
LC4,SAD044,DNp10,2,4,14,290
LPLC2,PLP060,DNp03,1,1,11,289
LPLC2,PVLP150,DNp09,2,2,199,289
LPLC2,CL319,DNa13,2,8,8,288
LPLC2,,DNa05,11,13,2948,288
LC4,WED166_d,pIP1,2,4,4,287
LC4,PVLP010,DNp69,2,2,2176,286
LPLC2,LC19,DNg97,11,11,51,286
LPLC2,PVLP010,DNp69,2,2,32,286
LPLC2,PLP034,DNp26,1,1,3,285
LPLC2,SAD073,DNg40,1,2,44,285
LC4,LC23,DNp103,10,20,214,284
LC4,PS112,DNp18,1,2,4,284
LC4,LT51,DNa02,12,12,21,283
LC4,WED106,DNge113,3,12,32,283
LC4,LPLC4,pIP1,28,28,49,281
LPLC2,LoVP85,DNp05,2,4,62,281
LC4,LoVP85,DNp05,2,4,1212,281
LC4,AN07B004,DNae009,2,4,12,277
LPLC2,PVLP114,DNb08,1,3,138,277
LPLC2,PVLP114,DNg100,1,2,92,276
LPLC2,LT51,DNa02,12,12,172,276
LPLC2,PLP034,DNp57,1,1,3,275
LPLC2,PVLP123,DNp02,9,9,457,275
LPLC2,UNKNOWN,DNp01,195,195,537,274
LC4,LC22,DNbe001,21,29,51,274
LC4,AN01A055,pIP1,1,2,2,273
LC4,AN07B004,DNg02_g,2,8,24,273
LC4,CB4103,DNge107,6,10,409,272
LC4,LT51,DNa03,10,10,18,271
LPLC2,CL038,DNp01,2,2,5,270
LPLC2,,DNp55,11,12,688,269
LC4,LT51,DNge103,5,5,9,269
LC4,WED046,DNp06,2,2,13,268
LC4,SAD106,DNp55,2,4,70,267
LC4,PVLP137,DNge035,2,4,1710,267
LPLC2,LLPC1,DNa02,48,48,86,267
LPLC2,LPLC4,DNpe021,59,59,2131,267
LPLC2,PVLP137,DNge035,2,4,648,267
LC4,LT51,DNb08,5,9,12,266
LPLC2,AVLP711m,DNp36,5,10,920,266
LPLC2,VSm,DNp22,4,4,19,266
LPLC2,CL203,DNg100,1,2,2,266
LPLC2,CL367,DNp01,1,2,14,265
LC4,LC22,DNp05,24,24,37,265
LPLC2,HSN,DNp15,2,2,26,264
LC4,LC23,DNg82,10,30,327,263
LPLC2,CL286,DNp103,2,4,50,263
LC4,WED125,DNb09,3,3,867,261
LPLC2,AVLP711m,DNp13,5,10,920,261
LC4,PVLP076,DNp71,2,2,9,261
LPLC2,LPT60,DNg52,2,8,84,261
LC4,LPT60,DNg52,2,8,2604,261
LPLC2,PVLP076,DNp71,2,2,1338,261
LC4,AN01A055,DNge054,1,2,2,261
LPLC2,AVLP076,DNp103,2,2,12,260
LC4,,DNp69,13,21,10824,260
LC4,PVLP019,DNpe056,2,2,472,260
LC4,LT87,DNp55,2,2,26,259
LPLC2,AVLP396,DNp01,2,2,922,259
LPLC2,PLP211,DNp35,2,4,310,259
LC4,PLP211,DNp35,2,4,34,259
LPLC2,LT87,DNp55,2,2,6,259
LC4,AVLP202,DNp01,2,4,90,258
LC4,LoVP26,DNp57,7,14,48,258
LC4,LT51,DNae007,12,12,21,257
LC4,LoVP50,DNp31,6,6,33,256
LC4,LC36,DNpe055,5,10,16,256
LC4,LC10a,DNa10,29,29,39,256
LPLC2,PVLP122,DNpe024,6,12,1944,256
LC4,PVLP122,DNpe024,6,12,9068,256
LC4,LPLC1,DNa07,57,57,109,256
LC4,CB1932,DNp35,10,18,941,255
LPLC2,VS,DNge043,6,11,91,255
LC4,PLP029,DNa15,2,2,562,255
LPLC2,CL213,DNg86,2,4,90,253
LPLC2,LAL016,DNa13,1,2,154,253
LC4,LC23,DNp05,8,14,187,252
LPLC2,PVLP034,DNp06,9,16,133,252
LC4,PS306,DNa02,2,4,90,252
LC4,LoVP18,DNae009,10,18,59,251
LPLC2,PVLP123,DNp35,9,12,732,251
LC4,PS182,DNp31,2,4,12,251
LC4,LoVP50,DNp57,6,6,33,251
LPLC2,LPT22,DNae002,2,2,50,249
LPLC2,CL053,DNp63,2,4,88,249
LC4,PLP029,DNp18,2,2,562,246
LC4,SAD055,DNp05,2,4,198,246
LC4,AN07B004,DNg06,2,23,69,246
LPLC2,AVLP452,DNp01,3,3,6,245
LPLC2,LPT31,DNge094,6,26,48,243
LPLC2,AVLP078,DNp23,2,2,170,243
LPLC2,LoVP26,DNp08,11,21,331,243
LPLC2,LPLC4,DNa04,40,40,1697,243
LC4,SAD053,DNp01,2,4,34,243
LPLC2,PLP034,DNbe001,1,2,6,242
LPLC2,LLPC3,DNp07,57,57,90,241
LC4,PS180,DNp57,1,2,4,240
LPLC2,CB1688,DNp55,2,4,372,239
LC4,LC31b,DNpe056,8,8,513,239
LC4,LoVP53,DNb05,2,2,37,239
LPLC2,LoVP53,DNb05,2,2,87,239
LPLC2,LC31b,DNpe056,8,8,1371,239
LC4,LT61b,DNp06,2,4,614,238
LPLC2,LT61b,DNp06,2,4,48,238
LC4,CB4176,DNp18,7,7,24,238
LPLC2,LPT49,DNa10,2,4,12,237
LC4,SAD053,DNg108,2,4,34,237
LPLC2,AVLP531,DNp101,2,2,4635,237
LC4,AN07B004,DNp26,2,4,12,236
LC4,GNG300,DNg84,2,4,288,236
LPLC2,GNG300,DNg84,2,4,1266,236
LC4,PLP300m,DNa01,3,3,19,235
LPLC2,PLP219,DNae004,4,4,530,234
LC4,LLPC1,DNae002,26,26,34,234
LPLC2,CB0431,DNa02,1,1,16,234
LPLC2,,DNp69,17,25,4969,234
LPLC2,AVLP078,DNp71,2,2,170,234
LC4,PLP219,DNae004,4,4,1075,234
LPLC2,LC31a,DNp69,28,28,124,233
LC4,LT51,DNpe023,5,8,11,233
LC4,CB3879,DNp70,2,4,24,232
LPLC2,PVLP062,DNp06,2,4,14,231
LC4,PVLP062,DNp06,2,4,22,231
LC4,LoVC11,DNpe016,1,2,2,231
LPLC2,PVLP074,DNp35,4,5,901,230
LPLC2,LC6,DNp103,34,34,45,230
LPLC2,LC22,DNbe001,23,32,60,229
LPLC2,PVLP120,DNp35,2,4,2208,229
LPLC2,vCal2,DNp31,1,2,4,229
LC4,PLP093,DNp05,2,3,321,229
LC4,PVLP120,DNp35,2,4,532,229
LPLC2,VST2,DNp17,4,24,48,229
LPLC2,MBON33,DNg104,1,2,2,229
LC4,LLPC2,DNb05,20,20,21,229
LC4,,DNp06,18,19,7363,228
LC4,UNKNOWN,DNp01,151,151,483,228
LC4,SAD023,DNp01,6,6,556,227
LPLC2,CB1852,DNp55,5,7,1398,227
LPLC2,PVLP137,DNge037,2,2,324,226
LPLC2,CL367,DNpe042,1,2,14,226
LPLC2,PVLP137,DNa01,2,3,460,226
LC4,PVLP137,DNa01,2,3,1420,226
LC4,CB3376,DNb09,3,3,9,226
LC4,PVLP137,DNge037,2,2,855,226
LC4,PLP029,DNa02,2,2,562,226
LPLC2,LPT28,DNpe008,2,14,70,225
LPLC2,CL053,DNp18,2,4,88,223
LC4,,DNa04,14,17,7543,223
LC4,CB4101,DNge040,6,6,52,223
LC4,LC36,DNp31,5,10,16,222
LPLC2,CL131,DNbe001,1,2,2,222
LC4,LC31a,DNp69,27,27,60,222
LC4,CB4102,DNa04,7,13,713,222
LPLC2,LC23,DNp05,6,11,34,222
LC4,LC18,DNpe052,52,52,68,222
LPLC2,LT51,MDN,10,19,317,221
LC4,LPLC4,DNge054,34,34,53,220
LC4,SAD049,DNp06,2,2,108,220
LC4,WED106,pIP1,3,6,16,220
LPLC2,SAD049,DNp06,2,2,40,220
LC4,PS002,DNp57,3,5,19,219
LPLC2,LPLC4,DNg01_b,48,48,1848,219
LC4,PLP300m,DNg97,3,6,38,219
LPLC2,LoVP50,DNp31,5,5,10,218
LC4,PVLP123,DNpe045,6,12,838,217
LPLC2,PVLP114,DNg52,1,4,184,217
LPLC2,AVLP086,DNp35,1,1,3,217
LC4,PS002,DNb09,3,5,19,217
LC4,SAD064,DNp103,6,6,1732,216
LC4,AN07B004,DNbe001,2,4,12,216
LC4,PLP029,DNb09,2,2,562,216
LC4,LC22,DNp03,22,22,41,215
LC4,PLP060,DNp05,2,2,57,214
LPLC2,LT69,DNp57,2,2,2,214
LC4,CB4103,DNa09,5,5,209,213
LC4,CL128a,DNb05,4,4,121,213
LPLC2,LC10d,DNa10,12,12,13,213
LPLC2,AVLP396,DNp06,2,2,922,212
LPLC2,LT86,DNbe007,1,1,2,212
LPLC2,LoVP93,DNb01,9,9,180,212
LC4,LoVP93,DNb01,9,9,185,212
LPLC2,LoVP50,DNp57,5,5,10,212
LPLC2,LC22,DNp03,23,23,50,211
LC4,CL323,DNp06,4,4,878,210
LPLC2,LT84,pIP1,2,2,3,210
LPLC2,PVLP034,DNp69,9,15,124,210
LPLC2,CL323,DNp06,4,4,606,210
LC4,PVLP122,DNp35,6,12,9068,210
LPLC2,PVLP122,DNp35,6,12,1944,210
LC4,CB4179,DNp01,5,9,155,210
LC4,LT61b,DNp103,2,4,614,210
LPLC2,LT61b,DNp103,2,4,48,210
LC4,MeLo8,DNp11,20,20,682,209
LC4,AVLP429,DNpe031,2,8,1636,208
LC4,SAD064,DNg40,6,6,1732,208
LPLC2,CB1638,DNp01,3,3,92,208
LPLC2,AVLP429,DNpe031,2,8,208,208
LPLC2,AVLP016,DNpe031,1,2,2,207
LC4,PVLP062,DNp69,2,4,22,207
LC4,LC16,pIP1,29,29,32,207
LPLC2,LoVP90c,DNae005,1,1,4,207
LPLC2,PVLP062,DNp69,2,4,14,207
LC4,AN08B010,DNge049,2,4,44,206
LC4,PVLP151,DNpe045,4,5,1873,206
LPLC2,PVLP151,DNpe045,4,5,8844,206
LPLC2,LC23,DNp103,7,14,42,205
LPLC2,PLP093,DNp104,1,2,20,205
LPLC2,VSm,DNp53,4,8,38,204
LPLC2,PVLP141,MDN,2,8,184,204
LC4,PVLP141,MDN,2,8,6156,204
LPLC2,PVLP122,DNp69,6,10,1349,203
LC4,PVLP122,DNp69,6,10,6832,203
LPLC2,WED210,DNp12,1,2,2,203
LC4,,DNp55,3,3,218,203
LC4,LoVP18,DNa10,9,16,55,202
LC4,PLP208,DNae010,2,2,8,201
LC4,AN07B004,DNg07,2,21,63,201
LPLC2,LT51,DNae010,8,8,173,200
LPLC2,HSE,DNp15,2,2,14,200
LC4,LAL301m,DNa02,2,2,37,200
LPLC2,LLPC2,DNp12,43,43,133,200
LC4,CB1638,DNp01,4,4,32,199
LPLC2,Li17,DNp11,10,10,57,198
LPLC2,,DNa04,12,14,2952,198
LC4,Li17,DNp11,10,10,62,198
LC4,CB3302,DNp55,2,2,23,197
LC4,OCG02b,DNp05,2,4,4,197
LPLC2,AVLP176_d,DNp70,4,8,396,197
LPLC2,PVLP144,DNp31,2,4,20,196
LC4,LoVP93,DNpe016,10,10,229,196
LC4,CL367,DNp35,2,4,22,196
LPLC2,LoVP93,DNpe016,10,10,208,196
LPLC2,VS,DNp53,6,10,84,196
LC4,LC9,pIP1,36,36,78,195
LC4,SAD064,DNp06,6,6,1732,195
LC4,TmY15,DNp11,24,24,27,195
LPLC2,PVLP015,DNp05,2,2,185,194
LC4,PVLP015,DNp05,2,2,833,194
LC4,PLP018,DNp103,3,3,40,194
LPLC2,LC31b,DNp55,8,8,836,194
LPLC2,AVLP001,DNp35,2,2,2,194
LC4,AN07B004,DNa05,2,4,12,194
LC4,LC31b,DNp55,8,8,424,194
LC4,PVLP027,DNp01,2,4,80,194
LC4,LAL300m,DNa06,4,4,117,194
LPLC2,PVLP027,DNp01,2,4,78,194
LC4,AN07B004,DNp47,2,4,12,194
LC4,ANXXX109,DNp11,2,4,40,193
LPLC2,PVLP123,DNp11,9,9,457,193
LC4,WED072,DNp103,3,3,4,193
LC4,PVLP123,DNp35,6,8,495,193
LC4,AN09B016,DNp06,1,2,2,192
LC4,CB4176,DNb05,7,12,42,192
LC4,PLP018,DNp09,3,3,40,192
LC4,PS304,DNb01,1,1,1,192
LPLC2,LT51,DNg82,5,9,307,192
LPLC2,PVLP122,DNbe004,5,8,1331,191
LPLC2,AVLP370_a,DNpe056,2,2,208,191
LPLC2,LPC1,DNpe056,67,67,212,191
LPLC2,SAD023,DNp01,5,5,137,191
LC4,CL367,DNp64,2,4,22,191
LC4,PVLP122,DNbe004,5,8,4271,191
LPLC2,LC21,DNp35,22,22,27,191
LPLC2,CL323,DNa04,4,4,606,190
LC4,SAD073,DNp70,3,6,24,190
LC4,CB3513,DNp01,4,6,3229,190
LPLC2,CL319,DNg97,2,4,4,190
LC4,CL323,DNa04,4,4,878,190
LC4,OCG02b,DNpe017,2,4,4,190
LPLC2,vCal1,DNp26,2,4,4,190
LPLC2,CB3513,DNp01,4,6,189,190
LPLC2,LC16,pIP1,33,33,43,189
LPLC2,LC10a,DNa10,24,24,34,189
LC4,SAD049,DNp01,2,2,108,188
LC4,SAD023,DNp06,6,6,556,188
LPLC2,SAD049,DNp01,2,2,40,188
LC4,LC23,DNp31,10,16,136,188
LPLC2,LPT31,DNb03,6,12,22,188
LC4,LoVC15,DNp11,6,6,28,188
LC4,SAD044,DNb05,2,3,11,187
LPLC2,CB1688,DNp34,2,4,372,187
LPLC2,SIP108m,DNp13,1,2,2,187
LPLC2,LLPC3,DNp26,51,51,76,187
LC4,SAD014,DNp01,4,8,84,186
LC4,CB1280,DNp01,2,3,244,186
LC4,CB1638,DNp02,4,4,32,186
LPLC2,SAD014,DNp01,4,8,92,186
LPLC2,CL038,DNp103,2,2,5,186
LC4,AVLP396,DNp70,1,2,6,185
LPLC2,SAD064,DNg40,4,4,112,185
LC4,CL053,DNbe001,1,2,2,185
LC4,AN07B004,DNg02_d,2,4,12,185
LPLC2,HST,DNp17,2,12,18,185
LC4,IB114,DNp10,2,4,832,184
LC4,PVLP130,DNp35,2,2,1944,184
LPLC2,CB0128,DNg98,1,2,28,184
LPLC2,PVLP130,DNp35,2,2,2601,184
LPLC2,IB114,DNp10,2,4,1090,184
LC4,LoVP18,DNp31,10,11,40,183
LC4,AN07B004,DNpe005,2,4,12,183
LPLC2,MeLo8,DNp11,18,18,60,183
LPLC2,CL022_b,DNp06,2,2,53,183
LC4,PLP230,DNae002,1,1,1,183
LPLC2,PLP230,DNae002,1,1,24,183
LC4,PVLP201m_d,DNg97,1,2,2,183
LC4,CL022_b,DNp06,2,2,25,183
LC4,CL022_c,DNp06,2,2,3,182
LPLC2,MeVP18,DNp27,6,12,88,182
LC4,LC31a,DNpe040,27,27,60,182
LPLC2,CL203,DNg74_a,1,2,2,182
LC4,LC6,DNp103,26,26,28,182
LC4,CL286,DNp64,1,2,2,182
LPLC2,LT51,DNg01_b,5,5,158,182
LC4,CB3376,DNae002,3,3,9,182
LPLC2,LC31a,DNpe040,28,28,124,182
LC4,LC31b,DNp09,9,9,495,181
LC4,PVLP122,DNp11,6,6,4534,181
LPLC2,LC31b,DNp09,9,9,1235,181
LPLC2,PVLP122,DNp11,6,6,972,181
LPLC2,LC17,DNp35,37,37,47,181
LC4,AN07B004,DNg02_f,2,4,12,180
LC4,,DNae002,12,12,5708,179
LC4,AN07B004,"DNp51,DNpe019",2,8,24,179
LC4,GNG343,DNp02,2,4,22,179
LC4,PVLP123,DNp02,6,6,419,179
LC4,AVLP452,DNp06,4,4,2471,179
LPLC2,LC23,DNg82,7,21,63,178
LPLC2,LAL301m,DNa02,2,2,58,178
LC4,SAD053,DNp06,2,4,34,178
LPLC2,PVLP124,DNp06,2,2,28,178
LC4,PVLP124,DNp06,2,2,70,178
LPLC2,CL323,DNp69,4,7,1161,177
LPLC2,LPC1,DNp11,62,62,183,177
LC4,PVLP123,DNp69,6,9,555,177
LPLC2,LoVP18,aSP22,5,10,10,177
LC4,,DNp02,11,12,2461,177
LC4,CL323,DNp69,4,7,1550,177
LPLC2,LT51,DNa11,9,9,115,177
LPLC2,Nod4,DNp26,2,2,9,177
LPLC2,MeVP18,DNpe052,6,6,44,177
LPLC2,PVLP209m,DNa13,4,10,68,177
LC4,SAD106,DNp66,2,4,70,177
LC4,PS180,DNa09,1,2,4,176
LPLC2,PVLP022,DNp05,3,6,1748,176
LC4,LLPC1,DNg97,23,23,32,176
LC4,Tm4,DNp11,32,32,37,176
LC4,PVLP022,DNp05,3,6,5556,176
LC4,AN07B004,DNg110,2,12,36,176
LC4,PLP029,DNa04,2,2,562,175
LC4,PLP208,DNg82,2,8,32,175
LC4,CL286,DNp06,1,2,2,175
LC4,PS181,DNbe004,1,2,4,174
LPLC2,CL203,DNge053,1,2,2,174
LPLC2,PS181,DNa09,2,4,68,174
LPLC2,LoVP90a,DNp56,1,1,3,174
LC4,LT51,DNb01,10,11,19,173
LC4,PVLP019,DNp11,2,2,472,173
LPLC2,PVLP128,DNbe004,4,8,26,173
LC4,WED193,DNp35,1,2,42,173
LPLC2,PVLP034,DNp34,9,17,147,172
LPLC2,CL140,aSP22,2,4,418,172
LC4,PVLP137,DNb08,2,4,1710,172
LC4,CB2664,DNg40,4,8,486,172
LC4,PS304,DNg97,1,2,2,172
LC4,CL140,aSP22,2,4,868,172
LPLC2,PVLP137,DNb08,2,4,648,172
LC4,AVLP340,DNp55,1,1,1,171
LPLC2,CB1688,DNpe025,2,4,372,171
LPLC2,SAD023,DNp06,5,5,137,171
LC4,PVLP031,DNp04,4,8,176,171
LPLC2,PVLP031,DNp04,4,8,32,171
LPLC2,LT51,DNp102,8,8,84,171
LC4,CB3544,DNp01,2,4,1034,170
LPLC2,LoVC15,DNp11,5,5,9,170
LPLC2,LoVP26,DNa10,12,21,337,170
LPLC2,CB3544,DNp01,2,4,28,170
LPLC2,LC6,pIP1,30,30,41,169
LC4,CB4101,DNg96,6,6,52,169
LPLC2,CL319,DNpe040,2,3,3,169
LC4,PVLP015,DNb09,2,2,833,169
LPLC2,PVLP015,DNb09,2,2,185,169
LC4,WED069,DNa04,1,1,1,168
LPLC2,,DNp35,14,14,1799,168
LPLC2,AVLP201,DNp06,2,3,21,168
LC4,AVLP083,DNp55,1,1,3,168
LC4,LC29,DNpe037,18,18,24,168
LPLC2,LT51,DNa03,11,11,183,168
LC4,AVLP201,DNp06,2,3,12,168
LPLC2,CB4163,DNp71,6,8,705,168
LC4,PVLP062,DNp71,2,4,22,167
LC4,LT51,DNpe022,7,7,14,167
LPLC2,AVLP509,DNp35,2,4,22,167
LPLC2,CL286,DNpe039,2,4,50,167
LPLC2,LC9,DNp71,26,26,47,167
LPLC2,PVLP062,DNp71,2,4,14,167
LPLC2,,DNpe042,9,14,744,167
LC4,LT51,DNg01_b,4,4,10,166
LC4,AVLP396,DNp103,1,1,3,165
LPLC2,CL140,DNpe025,2,2,209,165
LPLC2,AVLP258,DNpe031,2,8,3184,165
LPLC2,UNKNOWN,DNp103,126,126,311,165
LC4,AVLP258,DNpe031,2,8,60,165
LC4,CL140,DNpe025,2,2,434,165
LC4,PLP208,DNp63,2,4,16,165
LC4,,DNb09,7,11,2475,165
LPLC2,WED117,DNg108,2,4,6,165
LPLC2,CL323,DNp02,4,4,606,164
LC4,UNKNOWN,DNp04,137,137,429,164
LPLC2,LoVP90a,DNb05,1,1,3,164
LC4,LHAD1g1,DNp35,2,2,555,164
LPLC2,LHAD1g1,DNp35,2,2,2049,164
LC4,CL323,DNp02,4,4,878,164
LC4,CL286,DNpe045,1,2,2,164
LPLC2,CB4179,DNp01,4,8,18,164
LC4,LoVC7,DNp11,2,2,23,163
LPLC2,LoVC7,DNp11,2,2,2,163
LC4,LoVP50,DNp47,6,6,33,163
LPLC2,CL140,DNa04,2,2,209,162
LC4,CL140,DNa04,2,2,434,162
LPLC2,AVLP370_a,DNp66,2,2,208,161
LC4,LC31a,DNg40,21,21,46,161
LPLC2,LC23,DNp35,7,11,33,161
LPLC2,LoVP26,DNb09,10,19,336,161
LPLC2,AVLP531,DNpe050,2,2,4635,161
LC4,LAL053,DNpe023,1,1,55,160
LC4,LHAD1g1,DNp69,2,2,555,160
LPLC2,SAD013,DNg40,2,2,165,160
LC4,SAD013,DNg40,2,2,198,160
LPLC2,LHAD1g1,DNp69,2,2,2049,160
LPLC2,PVLP015,DNp35,2,2,185,160
LC4,PVLP015,DNp35,2,2,833,160
LC4,OCG06,DNp31,2,4,24,160
LC4,AVLP016,DNpe056,2,2,115,160
LC4,AVLP016,DNp55,2,2,115,159
LC4,AVLP396,DNpe042,1,2,6,158
LPLC2,LPT30,DNp26,2,2,5,158
LPLC2,PLP018,DNp09,2,2,8,158
LPLC2,LC23,DNp31,7,12,34,158
LC4,AVLP016,DNp69,2,3,172,157
LPLC2,LC19,DNae002,12,12,52,157
LPLC2,PVLP024,DNp05,3,6,104,157
LC4,PVLP024,DNp05,3,6,13700,157
LPLC2,LoVP18,DNge107,4,7,7,156
LPLC2,AVLP176_d,DNp06,4,4,198,156
LC4,PS182,DNb04,2,4,12,156
LC4,LoVP54,DNp35,2,2,19,156
LC4,PVLP141,DNae005,2,2,1539,156
LC4,AMMC-A1,DNp01,6,12,21534,156
LC4,AN01A055,DNpe002,1,2,2,156
LPLC2,AMMC-A1,DNp01,6,12,756,156
LPLC2,PVLP141,DNae005,2,2,46,156
LC4,CL140,DNbe007,2,2,434,156
LPLC2,LoVP54,DNp35,2,2,201,156
LPLC2,CL140,DNbe007,2,2,209,156
LPLC2,LC36,DNpe055,3,6,8,155
LPLC2,PVLP209m,DNae001,5,7,44,155
LPLC2,CB1852,DNpe025,5,7,1398,155
LC4,LAL301m,DNa13,2,4,74,154
LPLC2,CB3019,DNp70,3,6,118,154
LC4,LC9,DNp71,25,25,44,154
LPLC2,PS181,DNp69,2,4,68,154
LPLC2,AVLP591,DNp64,2,2,17,154
LC4,AN07B004,DNp10,2,4,12,154
LC4,PLP093,DNp42,2,4,444,154
LC4,AVLP396,DNp01,1,1,3,154
LPLC2,CL131,DNp26,1,2,2,154
LPLC2,LT51,DNpe023,6,8,185,154
LC4,SAD049,DNp103,2,2,108,153
LC4,,DNp18,4,5,1214,153
LPLC2,AVLP202,DNp01,1,2,4,153
LC4,PVLP141,DNpe023,2,4,3078,153
LPLC2,PVLP141,DNpe023,2,4,92,153
LPLC2,SAD049,DNp103,2,2,40,153
LPLC2,MeVPLp1,DNge141,2,4,12,153
LC4,LPLC4,DNpe021,29,29,49,153
LPLC2,VST2,DNpe008,4,16,30,153
LC4,PVLP137,DNge073,2,4,1710,152
LC4,CL128a,DNp07,4,4,121,152
LC4,PVLP011,DNg40,2,2,1011,152
LPLC2,SAD064,DNp06,4,4,112,152
LC4,PVLP024,DNp04,3,6,13700,152
LPLC2,PVLP137,DNge073,2,4,648,152
LPLC2,CL053,DNp73,2,4,88,152
LPLC2,PVLP024,DNp04,3,6,104,152
LPLC2,PVLP011,DNg40,2,2,11623,152
LC4,WED166_d,DNge054,2,4,4,151
LC4,LC23,DNa10,10,19,212,151
LPLC2,LAL026_a,DNa16,2,2,9,151
LC4,CL323,DNa05,4,4,878,150
LC4,CB2940,DNp11,2,2,55,150
LC4,AVLP094,DNp01,2,2,200,150
LC4,CL309,DNbe004,1,2,2,150
LPLC2,LoVP89,DNpe022,2,2,2,150
LPLC2,CB2940,DNp11,2,2,23,150
LC4,WED107,DNd02,2,4,18,150
LPLC2,CL323,DNa05,4,4,606,150
LPLC2,PVLP128,DNp06,3,3,12,150
LC4,WED104,DNp55,1,1,4,150
LPLC2,PVLP141,DNae007,2,2,46,149
LC4,PVLP025,DNp04,4,5,54,149
LC4,PVLP026,DNp01,2,4,652,149
LPLC2,PVLP015,DNg111,2,2,185,149
LC4,PVLP015,DNg111,2,2,833,149
LPLC2,,DNae002,9,9,2376,149
LC4,PVLP141,DNae007,2,2,1539,149
LPLC2,PVLP026,DNp01,2,4,114,149
LPLC2,LAL026_a,DNa13,2,4,18,148
LC4,AVLP605,DNp06,1,2,8,148
LPLC2,LPLC1,DNp69,53,53,149,148
LPLC2,CB1638,DNp02,3,3,92,148
LC4,,DNa07,11,14,7163,148
LPLC2,AVLP452,DNp06,3,3,6,147
LPLC2,LoVC5,DNpe017,1,2,2,147
LC4,PVLP010,DNp11,2,2,2176,147
LC4,CB4103,DNae002,6,6,212,147
LPLC2,PVLP010,DNp11,2,2,32,147
LC4,ANXXX109,DNg74_b,2,4,40,147
LC4,CB4176,DNg07,7,27,101,146
LC4,PS112,DNae010,1,1,2,146
LC4,SAD073,DNpe045,3,6,24,146
LPLC2,LC31a,DNg40,22,22,83,146
LPLC2,LPT21,DNge094,2,8,40,146
LPLC2,LAL026_a,DNa02,2,2,9,145
LC4,LAL053,DNa03,1,1,55,145
LC4,PLP300m,DNg75,3,3,19,145
LPLC2,LAL300m,DNa02,1,1,19,145
LC4,LAL301m,DNae001,2,2,37,145
LC4,AVLP016,DNp66,2,2,115,144
LC4,LT82a,DNpe024,2,2,356,144
LPLC2,AVLP591,DNpe024,2,2,17,144
LPLC2,PS208,DNg91,1,2,2,144
LPLC2,LAL016,DNb08,1,2,154,144
LC4,LT51,DNg82,4,7,17,144
LC4,GNG517,DNd04,1,2,6,144
LPLC2,LT82a,DNpe024,2,2,28,144
LPLC2,CB0431,DNa13,1,2,32,143
LC4,PLP208,DNg01_b,2,4,16,143
LPLC2,AVLP572,DNp103,2,4,4,143
LC4,LoVP50,DNg79,6,12,66,143
LPLC2,LT40,DNge041,2,3,11,143
LC4,LT40,DNge041,2,3,51,143
LPLC2,LoVP50,DNp47,5,5,10,143
LC4,SAD073,DNpe042,3,6,24,142
LPLC2,AVLP001,DNp06,2,2,2,142
LPLC2,LT51,DNbe003,8,8,44,142
LC4,AN01A055,DNg35,1,2,2,142
LPLC2,VSm,DNg36_b,4,14,69,142
LC4,PVLP010,DNp55,2,2,2176,141
LPLC2,AVLP711m,aSP22,5,10,920,141
LPLC2,PVLP010,DNp55,2,2,32,141
LPLC2,LoVP85,DNbe004,2,4,62,141
LC4,LoVP85,DNbe004,2,4,1212,141
LC4,AN07B004,DNa04,2,4,12,140
LC4,PLP034,DNpe017,2,2,305,140
LC4,LT51,DNae010,8,8,17,140
LC4,AN07B004,DNge015,2,6,18,140
LC4,AVLP201,DNp103,2,4,20,140
LC4,PLP150,DNp10,7,13,911,140
LC4,AVLP202,DNg40,2,4,90,140
LPLC2,LAL301m,DNae001,2,2,58,140
LC4,CL367,DNge053,2,4,22,140
LC4,AN07B004,DNg95,2,4,12,140
LPLC2,AVLP201,DNp103,2,4,30,140
LPLC2,LLPC2,DNbe001,37,37,74,140
LPLC2,,DNa07,9,12,3274,140
LC4,PVLP123,DNp11,6,6,419,140
LPLC2,PVLP151,DNp04,4,6,10164,139
LPLC2,LC35a,DNp10,10,10,51,139
LC4,PVLP151,DNp04,4,6,2267,139
LPLC2,LPLC4,DNpe056,28,28,828,139
LC4,LC35a,DNp10,10,10,29,139
LPLC2,PVLP022,pIP1,3,5,1425,138
LC4,PLP230,"DNp51,DNpe019",1,2,2,138
LPLC2,PLP230,"DNp51,DNpe019",1,2,48,138
LC4,AVLP016,DNp43,2,2,115,138
LPLC2,LoVP90c,DNpe002,1,1,4,138
LC4,PVLP022,pIP1,3,5,4389,138
LC4,PLP209,DNbe001,1,2,2,137
LPLC2,LT82a,DNb09,4,4,68,137
LPLC2,H2,DNge006,2,2,99,137
LC4,CL140,DNp101,2,2,434,137
LC4,SAD064,DNp55,5,5,1392,137
LPLC2,CL038,DNp70,2,4,10,137
LC4,LT82a,DNb09,4,4,716,137
LC4,PVLP137,DNge048,2,4,1710,137
LPLC2,CL140,DNp101,2,2,209,137
LPLC2,PVLP137,DNge048,2,4,648,137
LPLC2,CB1498,DNp06,2,2,3,136
LPLC2,LC19,DNa09,10,10,49,136
LPLC2,WED046,DNp06,1,1,6,136
LC4,LoVP54,DNpe042,2,3,27,136
LPLC2,PVLP027,DNg40,2,4,78,136
LC4,CB1498,DNp06,2,2,374,136
LC4,LoVP26,DNb09,7,14,48,136
LPLC2,LoVP54,DNpe042,2,3,306,136
LC4,PVLP027,DNg40,2,4,80,136
LC4,AN10B019,DNg108,3,6,18,136
LC4,CB4101,DNg16,6,11,101,135
LC4,PVLP141,DNa02,2,2,1539,135
LC4,PS306,DNg49,2,4,90,135
LPLC2,SAD013,DNp15,2,2,165,135
LPLC2,PS181,DNg02_d,2,4,68,135
LC4,SAD013,DNp15,2,2,198,135
LPLC2,PVLP019,DNpe056,1,1,57,135
LC4,PLP034,DNg82,2,4,610,135
LPLC2,CL213,DNg74_b,2,4,90,135
LC4,LoVP26,DNa10,7,14,48,135
LC4,LoVP50,DNbe001,6,6,33,135
LPLC2,PVLP141,DNa02,2,2,46,135
LC4,CL367,DNpe045,2,4,22,135
LPLC2,PVLP024,DNp01,3,6,104,134
LC4,LT82a,DNpe037,4,4,716,134
LC4,CB4103,DNp102,5,5,200,134
LC4,PVLP024,DNp01,3,6,13700,134
LC4,SAD013,DNg41,2,2,198,134
LPLC2,LPT52,DNp10,2,2,6,134
LC4,AN07B004,DNg92_b,2,8,24,134
LC4,LoVP50,DNpe037,6,6,33,134
LPLC2,PVLP123,DNp70,8,15,911,134
LC4,PS306,DNa05,2,2,45,134
LPLC2,SAD013,DNg41,2,2,165,134
LC4,CB1280,DNp05,2,2,155,134
LPLC2,LT82a,DNpe037,4,4,68,134
LC4,CL066,DNpe026,1,2,6,133
LC4,AVLP542,DNp103,2,2,17,133
LPLC2,LPLC4,DNge041,51,51,1996,133
LPLC2,PVLP076,DNp103,2,2,1338,133
LPLC2,LC22,DNa10,20,31,71,133
LPLC2,AVLP591,DNpe045,2,2,17,133
LC4,CL128a,DNpe021,4,4,121,133
LC4,PVLP076,DNp103,2,2,9,133
LPLC2,LoVP18,DNae009,5,9,9,133
LPLC2,PVLP114,DNg111,1,1,46,133
LPLC2,PVLP074,DNp06,4,5,901,133
LC4,WED124,DNae002,2,2,17,132
LPLC2,CL309,DNbe004,1,2,4,132
LC4,LoVP85,DNpe027,2,4,1212,132
LPLC2,LoVP85,DNpe027,2,4,62,132
LC4,PVLP010,DNp02,2,2,2176,132
LPLC2,PVLP010,DNp02,2,2,32,132
LC4,LT85,DNp08,2,2,2,132
LC4,PS306,DNge079,2,4,90,132
LPLC2,PVLP031,aSP22,4,5,24,131
LPLC2,SAD064,DNp103,4,4,112,131
LPLC2,VS,DNp22,8,8,50,131
LPLC2,LoVP92,DNge041,7,11,109,131
LC4,PVLP031,aSP22,4,5,102,131
LC4,CB4176,DNbe001,6,12,38,131
LPLC2,AVLP040,DNp35,2,2,9,130
LPLC2,CB1852,DNp34,4,5,959,130
LC4,PLP208,DNb09,2,3,15,130
LC4,CB4101,DNg109,6,12,104,130
LPLC2,LT61a,DNp103,2,4,34,130
LPLC2,LAL300m,DNa13,1,2,38,130
LC4,AVLP094,DNpe045,2,2,200,130
LC4,LT61a,DNp103,2,4,38,130
LPLC2,CL286,DNp09,2,4,50,130
LPLC2,TmY15,DNp11,20,20,22,129
LC4,LAL300m,DNae001,4,4,117,129
LC4,PLP034,DNpe022,2,2,305,129
LC4,CB1314,DNp06,5,5,14,129
LC4,LoVP18,DNp27,10,17,57,129
LC4,PVLP123,DNp70,6,12,838,128
LPLC2,AVLP437,DNp09,2,2,5,128
LPLC2,SIP108m,DNp36,1,2,2,128
LPLC2,PVLP013,DNp35,2,4,104,128
LC4,PVLP122,DNp02,6,6,4534,128
LPLC2,PVLP122,DNp02,6,6,972,128
LC4,CB4118,DNge145,5,10,36,128
LC4,PVLP141,DNp18,2,2,1539,128
LPLC2,PVLP141,DNp18,2,2,46,128
LC4,PS306,DNae002,2,4,90,127
LPLC2,WED210,DNp10,1,2,2,127
LC4,LC6,pIP1,22,22,24,127
LC4,PVLP137,DNge129,2,4,1710,127
LC4,CB1280,DNp11,2,4,310,127
LPLC2,PVLP137,DNge129,2,4,648,127
LC4,CL053,DNp18,1,2,2,127
LC4,SAD044,DNge049,2,4,14,127
LC4,,DNp04,15,15,5284,127
LC4,CB1958,DNa04,4,4,360,127
LC4,LoVP93,DNpe022,9,10,287,126
LC4,SAD053,DNp55,2,2,17,126
LC4,CB3879,DNpe045,2,3,17,126
LPLC2,LoVP93,DNpe022,9,10,207,126
LPLC2,LAL026_a,DNg75,2,2,9,126
LPLC2,LLPC1,DNa04,51,51,108,125
LPLC2,CB3019,DNpe045,3,6,118,125
LC4,PLP034,DNp03,2,2,305,125
LC4,AN07B004,DNg92_a,2,4,12,125
LC4,CL323,DNp01,4,4,878,125
LPLC2,CL323,DNp01,4,4,606,125
LC4,CL022_c,DNp103,2,4,6,124
LPLC2,PLP060,DNp05,1,1,11,124
LPLC2,PS182,DNp31,1,2,6,124
LPLC2,VS,DNp17,5,16,34,124
LPLC2,PVLP010,DNp71,2,2,32,124
LC4,LAL026_b,DNg75,1,1,42,124
LPLC2,CB0431,DNa03,1,1,16,124
LPLC2,PVLP010,DNg56,2,2,32,124
LC4,CB3201,DNp02,4,4,715,124
LPLC2,LAL026_b,DNg75,1,1,2,124
LC4,CB4103,DNae003,6,6,212,124
LC4,PVLP010,DNg56,2,2,2176,124
LC4,PLP017,DNp35,1,1,3,124
LC4,CB4118,DNp12,5,5,18,124
LC4,PVLP010,DNp71,2,2,2176,124
LC4,AVLP259,DNp06,4,5,2779,123
LPLC2,,DNp70,8,12,127,123
LC4,AN07B004,DNp33,2,4,12,123
LPLC2,PLP230,DNae003,1,1,24,123
LPLC2,CB4179,DNp04,4,6,13,123
LC4,PVLP128,DNp06,3,3,7,123
LPLC2,AVLP259,DNp06,4,5,598,123
LC4,PLP230,DNae003,1,1,1,123
LPLC2,AVLP449,DNp35,1,1,1,123
LPLC2,LC19,DNpe016,11,12,62,123
LC4,AVLP531,DNp101,1,1,9,123
LC4,PVLP046,DNp35,9,16,1273,123
LC4,CB4179,DNp04,4,6,106,123
LPLC2,PVLP024,DNp11,3,6,104,122
LC4,PLP018,DNp06,3,3,40,122
LPLC2,LC31a,DNpe039,23,23,98,122
LPLC2,AVLP001,DNp103,2,2,2,122
LC4,PVLP024,DNp11,3,6,13700,122
LPLC2,PVLP062,DNp103,2,4,14,122
LPLC2,PS181,DNp11,2,2,34,122
LPLC2,AVLP076,DNp66,2,2,12,122
LC4,PVLP062,DNp103,2,4,22,122
LC4,PLP211,DNp103,2,4,34,121
LPLC2,WED060,DNp103,4,4,67,121
LPLC2,SAD013,DNp01,2,2,165,121
LC4,SAD013,DNp01,2,2,198,121
LC4,WED106,DNg09_b,3,6,16,121
LC4,SAD013,DNp18,2,2,198,121
LPLC2,VS,DNb06,5,5,18,121
LC4,Li39,DNp11,2,2,30,121
LPLC2,PLP211,DNp103,2,4,310,121
LPLC2,Li39,DNp11,2,2,47,121
LC4,SAD098,DNp02,1,2,52,121
LPLC2,LPT52,DNge054,2,2,6,121
LPLC2,SAD013,DNp18,2,2,165,121
LPLC2,AVLP080,DNp06,2,2,31,121
LPLC2,AVLP076,DNp04,2,2,12,120
LPLC2,AVLP538,DNp23,2,2,40,120
LPLC2,PLP018,DNp103,2,2,8,120
LC4,LPLC1,DNp69,46,46,82,120
LPLC2,LoVP50,DNbe001,5,5,10,120
LC4,WED116,DNp01,1,2,328,119
LPLC2,LAL301m,DNa13,2,4,116,119
LC4,CL053,DNp63,1,2,2,119
LC4,PS306,DNa04,2,4,90,119
LPLC2,LoVP50,DNpe037,5,5,10,119
LC4,PVLP201m_a,DNg96,1,1,4,119
LC4,PLP208,DNp31,2,4,16,119
LPLC2,LoVP50,DNg79,5,10,20,119
LC4,PLP034,DNb09,2,2,305,119
LPLC2,LoVP89,DNge083,2,2,2,119
LPLC2,LT51,DNge041,11,11,133,118
LPLC2,PVLP076,DNp69,2,2,1338,118
LC4,PVLP076,DNp69,2,2,9,118
LC4,PVLP122,DNpe021,5,8,4540,118
LPLC2,PLP093,DNp05,1,2,20,118
LPLC2,PVLP122,DNpe021,5,8,971,118
LC4,CB4102,DNa15,7,7,362,118
LPLC2,MBON33,DNge138,1,2,2,118
LPLC2,LT77,pIP1,6,6,13,118
LPLC2,CB1108,DNp103,1,2,16,118
LC4,CB4103,DNg97,6,7,215,118
LPLC2,CL022_b,DNpe043,2,4,106,117
LPLC2,CL053,DNp54,2,4,88,117
LPLC2,CL286,DNg40,2,4,50,117
LPLC2,CL140,DNp05,2,2,209,117
LPLC2,PLP017,DNp35,1,1,7,117
LC4,CB1958,DNae004,4,4,360,117
LPLC2,LPT27,DNp26,1,1,1,117
LPLC2,LPLC1,DNp31,39,39,96,117
LC4,CL140,DNp05,2,2,434,117
LC4,CL022_b,DNpe043,2,4,50,117
LPLC2,AVLP076,DNpe031,2,4,24,117
LC4,CL367,DNp06,2,4,22,117
LC4,PVLP100,DNp04,3,3,260,116
LPLC2,PS001,DNpe026,1,2,2,116
LC4,PS001,DNpe026,1,2,24,116
LPLC2,PS181,DNg02_e,2,4,68,116
LPLC2,AVLP078,DNp101,2,2,170,116
LPLC2,SAD013,DNa02,2,4,330,116
LC4,SAD013,DNa02,2,4,396,116
LC4,CB3879,DNp69,2,2,12,116
LPLC2,AVLP711m,DNpe050,5,10,920,116
LC4,LC31a,DNpe039,22,22,48,116
LPLC2,CB4163,DNp09,6,8,641,116
LC4,LAL053,DNae005,1,1,55,115
LC4,CL323,DNae002,4,4,878,115
LC4,SAD055,DNg108,2,4,198,115
LC4,PLP034,DNp18,2,2,305,115
LPLC2,AVLP176_d,DNpe045,4,5,238,115
LPLC2,CL323,DNae002,4,4,606,115
LC4,TmY19b,DNp11,22,22,78,115
LC4,PVLP128,DNbe004,3,6,14,115
LPLC2,AVLP592,DNpe031,2,4,200,114
LC4,LoVP18,DNa04,8,9,30,114
LC4,PS180,DNbe004,1,2,4,114
LPLC2,AVLP080,DNp03,2,2,31,114
LPLC2,CL053,DNpe005,2,4,88,114
LC4,AN09B023,DNp03,1,1,3,114
LPLC2,LoVP25,DNbe004,3,6,48,114
LC4,PS306,DNg97,2,4,90,113
LC4,PLP029,DNbe001,2,3,872,113
LC4,CB3201,DNp06,4,4,715,113
LPLC2,PVLP019,DNp11,1,1,57,112
LC4,PVLP024,DNp03,3,6,13700,112
LPLC2,PVLP024,DNp03,3,6,104,112
LC4,CL323,DNp103,4,5,1029,112
LPLC2,CL323,DNp103,4,5,757,112
LPLC2,LT51,DNge124,8,8,176,112
LC4,AN01A055,DNg15,1,2,2,112
LC4,AVLP076,DNp103,1,1,1,112
LC4,CL286,DNp103,1,2,2,111
LC4,GNG343,DNg40,2,4,22,111
LC4,WED125,DNp18,3,3,867,111
LC4,LoVP53,DNp27,2,4,74,110
LC4,AVLP542,DNp01,2,2,17,110
LPLC2,LoVP53,DNp27,2,4,174,110
LC4,PLP208,DNa03,2,2,8,110
LC4,CL367,DNg108,2,4,22,110
LPLC2,AVLP437,DNp42,2,2,5,109
LPLC2,LC19,DNp102,9,9,48,109
LPLC2,LT51,DNpe002,8,8,111,109
LPLC2,CB3019,DNpe042,3,6,118,109
LC4,PS304,DNpe016,1,1,1,109
LPLC2,LLPC1,DNp102,13,13,15,109
LPLC2,LT51,DNa09,7,7,50,109
LPLC2,CB2472,DNp06,3,4,11,109
LPLC2,LT78,DNbe007,6,6,9,109
LPLC2,SAD044,DNp10,1,2,2,108
LPLC2,,DNp02,7,7,590,108
LPLC2,LC39a,DNp27,3,6,22,108
LPLC2,LoVP24,DNbe004,3,5,8,108
LC4,AVLP396,DNp06,1,1,3,108
LC4,PLP029,DNg01_d,2,2,562,108
LC4,CB2664,DNp103,4,8,486,108
LPLC2,CB4163,DNp06,6,12,1132,108
LPLC2,CL286,DNp11,2,2,25,108
LC4,WED189,DNp12,1,2,10,108
LC4,CB3376,DNae010,3,3,9,107
LC4,CL001,DNpe042,1,2,2,107
LC4,AVLP342,DNp43,1,1,1,107
LPLC2,LoVP54,DNpe025,2,2,201,107
LPLC2,LC31a,DNa11,22,22,108,107
LC4,OCG02b,DNg79,2,8,8,107
LC4,PVLP010,DNp35,2,2,2176,107
LPLC2,PVLP010,DNp35,2,2,32,107
LC4,LoVP54,DNpe025,2,2,19,107
LPLC2,PLP219,DNa04,4,4,530,107
LC4,PLP219,DNa04,4,4,1075,107
LC4,WED069,DNae002,1,1,1,107
LC4,LPLC4,DNp11,10,10,15,106
LPLC2,PVLP034,DNp35,9,10,87,106
LC4,CB2940,DNp06,2,2,55,106
LPLC2,GNG300,DNp02,2,3,1016,106
LC4,PS001,DNpe042,1,2,24,106
LPLC2,SAD044,DNb05,1,1,1,106
LC4,GNG300,DNp02,2,3,228,106
LPLC2,PS001,DNpe042,1,2,2,106
LPLC2,LPT27,DNa10,1,2,2,106
LPLC2,CB2940,DNp06,2,2,23,106
LC4,PLP150,DNp27,7,12,904,106
LPLC2,VSm,DNge088,4,4,19,105
LC4,PS182,DNp69,2,2,6,105
LC4,PLP034,DNp31,2,2,305,105
LC4,SAD064,DNp69,6,6,1732,105
LC4,CB3588,DNg56,1,2,2,105
LC4,LAL300m,DNpe023,4,5,157,105
LC4,CL140,DNbe004,2,4,868,104
LPLC2,CL140,DNbe004,2,4,418,104
LPLC2,LoVP89,DNp08,2,2,2,104
LC4,AVLP490,DNpe052,1,1,1,104
LPLC2,LoVP18,DNp31,5,5,5,103
LC4,LC31a,DNa11,21,21,51,103
LPLC2,PVLP080_b,DNp06,3,3,6,103
LPLC2,PVLP025,DNp04,3,4,36,103
LC4,AVLP085,DNpe031,1,2,14,103
LC4,GNG340,DNge054,1,2,18,103
LC4,WED117,DNg108,2,4,8,103
LPLC2,PVLP062,DNpe045,2,4,14,103
LC4,LPT31,DNb03,2,4,4,103
LPLC2,vCal1,DNbe001,2,4,4,103
LC4,PVLP062,DNpe045,2,4,22,103
LC4,CB4179,DNg108,5,10,172,103
LC4,LoVP18,DNbe004,10,19,60,103
LC4,LPLC4,DNa04,19,19,28,103
LPLC2,LAL300m,DNa03,1,1,19,102
LC4,CL022_a,DNp06,1,1,1,102
LPLC2,CL203,DNg55,1,1,1,102
LC4,SAD055,DNp06,2,4,198,102
LC4,AN07B004,DNa07,2,4,12,102
LPLC2,SAD013,DNa16,2,3,180,102
LPLC2,PS181,DNg02_f,2,4,68,102
LPLC2,AVLP258,DNpe040,2,4,1592,102
LC4,AVLP258,DNpe040,2,4,30,102
LC4,PLP249,DNp06,2,2,18,102
LPLC2,PVLP128,DNae004,3,6,18,102
LPLC2,CL022_a,DNp06,1,1,1,102
LPLC2,LoVP49,DNge141,1,1,1,102
LPLC2,PVLP122,DNpe037,6,10,1575,102
LC4,PVLP122,DNpe037,6,10,8047,102
LPLC2,LoVC5,DNp57,1,2,2,102
LC4,SAD013,DNa16,2,3,301,102
LC4,AVLP093,DNpe045,2,2,4,102
LC4,PS306,DNg100,2,4,90,101
LC4,LC29,DNae007,12,12,16,101
LPLC2,LC23,DNa10,6,12,38,101
LPLC2,PVLP015,DNp11,2,2,185,101
LC4,PVLP015,DNp11,2,2,833,101
LPLC2,CL309,DNpe037,1,2,4,101
LC4,PLP018,DNa04,3,3,40,101
LPLC2,PVLP137,DNg43,2,2,324,100
LPLC2,PVLP034,DNp103,9,13,116,100
LC4,PLP034,DNpe003,2,4,610,100
LC4,CB3544,DNg40,2,4,1034,100
LPLC2,UNKNOWN,DNg40,70,70,178,100
LC4,PVLP137,DNg43,2,2,855,100
LPLC2,WED072,DNp04,5,5,22,100
LC4,LoVC15,DNpe037,6,6,28,100
LPLC2,LT51,DNpe022,9,9,119,100
LPLC2,CB3544,DNg40,2,4,28,100
LC4,LC22,DNa10,17,27,43,100
LPLC2,CL266_a3,DNp69,1,1,4,99
LPLC2,PVLP141,DNge124,2,4,92,99
LPLC2,GNG300,DNg29,2,4,1266,99
LC4,PLP060,DNb05,2,2,57,99
LC4,PVLP141,DNge124,2,4,3078,99
LPLC2,CL367,DNp64,1,2,14,99
LC4,AVLP204,DNp55,3,5,39,99
LC4,LC36,DNpe001,5,10,16,99
LC4,LLPC2,DNp26,21,21,25,99
LC4,PLP241,DNa10,1,2,24,99
LC4,PLP029,DNg82,2,4,1124,99
LPLC2,LC29,DNpe037,11,11,17,99
LC4,GNG300,DNg29,2,4,288,99
LC4,AN07B004,DNp03,2,4,12,99
LC4,GNG506,DNp23,1,1,1,99
LC4,PS182,DNpe055,2,4,12,98
LPLC2,LAL016,DNa01,1,1,77,98
LC4,PVLP076,DNpe025,2,2,9,98
LC4,CB4102,DNb01,7,10,557,98
LPLC2,PVLP076,DNpe025,2,2,1338,98
LPLC2,vCal3,DNg02_a,2,12,786,97
LC4,PLP208,DNp26,2,2,8,97
LC4,PS112,"DNp51,DNpe019",1,3,6,97
LPLC2,LoVP24,DNae009,4,8,12,97
LPLC2,WED060,DNp06,4,4,67,97
LPLC2,CL286,DNp70,2,4,50,97
LPLC2,AVLP396,DNpe045,2,4,1844,97
LPLC2,PVLP026,DNp06,2,3,96,97
LC4,PVLP026,DNp06,2,3,518,97
LPLC2,LC19,DNb09,11,12,53,97
LPLC2,LPLC4,DNp10,35,35,1479,97
LPLC2,LoVP26,DNpe017,11,19,279,97
LPLC2,AVLP396,DNpe024,2,2,922,97
LC4,PS181,DNa09,1,2,4,97
LPLC2,,DNg40,21,21,4920,96
LPLC2,CB4180,DNp01,1,2,4,96
LC4,PVLP151,DNpe042,4,5,1873,96
LC4,PS180,DNb09,1,2,4,96
LPLC2,SAD064,DNp69,4,4,112,96
LC4,PVLP066,DNp04,4,7,1212,96
LPLC2,PVLP151,DNpe042,4,5,8844,96
LPLC2,LoVP93,DNp102,10,10,178,96
LC4,SAD013,DNg09_a,2,6,594,96
LC4,CB4180,DNp01,1,2,54,96
LPLC2,PVLP066,DNp04,4,7,37,96
LPLC2,SAD013,DNg09_a,2,6,495,96
LPLC2,PVLP046,DNp35,7,12,25,96
LC4,PS304,DNb08,1,2,2,96
LC4,CB4101,DNb08,6,11,101,96
LPLC2,,DNpe031,13,19,1434,95
LC4,PLP060,DNp11,2,2,57,95
LC4,PLP060,DNpe037,2,2,57,95
LC4,LoVP93,DNp102,9,9,199,95
LPLC2,AVLP169,DNpe042,2,4,356,95
LC4,AVLP094,DNg40,2,2,200,94
LPLC2,LT87,DNpe025,2,2,6,94
LC4,PLP209,DNpe005,1,2,2,94
LPLC2,AVLP080,DNp55,2,2,31,94
LC4,CL367,DNp70,2,4,22,94
LC4,LC36,DNpe002,4,4,7,94
LPLC2,PVLP028,pIP1,4,4,89,94
LC4,LT40,DNp11,2,2,34,94
LPLC2,LT40,DNp11,2,2,6,94
LPLC2,LPT26,DNa10,2,4,130,94
LPLC2,AVLP340,DNpe025,2,2,1234,94
LPLC2,PVLP010,DNp103,2,2,32,94
LC4,LT87,DNpe025,2,2,26,94
LC4,PVLP010,DNp103,2,2,2176,94
LPLC2,PVLP114,DNpe024,1,1,46,93
LPLC2,CL213,DNg105,2,4,90,93
LPLC2,LPT31,DNp26,6,6,11,93
LC4,PVLP022,DNp55,3,3,2778,93
LPLC2,PVLP022,DNp55,3,3,874,93
LPLC2,PVLP076,DNpe021,2,2,1338,93
LPLC2,HST,DNpe008,2,10,15,93
LC4,PS112,DNp63,1,2,4,93
LPLC2,PVLP010,DNp70,2,4,64,93
LC4,PVLP010,DNp70,2,4,4352,93
LC4,PS002,DNg82,3,7,26,93
LC4,PVLP076,DNpe021,2,2,9,93
LPLC2,LT51,DNae002,13,13,175,93
LC4,PVLP201m_a,DNg97,1,2,8,92
LPLC2,LC31b,DNpe050,8,8,836,92
LC4,LoVP50,DNp10,6,6,33,92
LPLC2,LLPC3,DNbe001,36,36,55,92
LC4,LC31b,DNpe050,8,8,424,92
LC4,MeLo13,DNp11,22,22,616,92
LPLC2,LoVP93,DNp57,11,14,252,92
LC4,AN07B004,DNge091,2,10,30,92
LC4,LPT31,DNge094,2,9,9,92
LC4,CL001,DNpe021,1,1,1,92
LPLC2,Tm4,DNp11,17,17,17,92
LC4,CL066,DNpe042,1,2,6,92
LPLC2,LC9,pIP1,23,23,39,92
LPLC2,CL266_a3,DNp103,1,1,4,92
LPLC2,PVLP074,DNp103,4,5,901,92
LPLC2,AVLP572,DNp69,2,4,4,92
LC4,PLP300m,DNb08,3,6,38,91
LPLC2,AVLP169,DNp45,2,2,178,91
LPLC2,LPT50,DNa10,2,4,226,91
LC4,PS002,DNp03,3,5,19,91
LC4,SAD073,DNb09,3,6,24,91
LPLC2,CL022_a,DNp103,1,2,2,91
LPLC2,AVLP591,DNpe020,2,4,34,91
LC4,LoVP93,DNp57,10,13,416,91
LPLC2,MeLo13,DNp11,21,21,407,91
LC4,CL022_a,DNp103,1,2,2,91
LPLC2,LoVP54,DNp11,2,2,201,90
LPLC2,LoVP85,DNp07,2,4,62,90
LPLC2,LoVP93,DNg97,9,9,193,90
LC4,PVLP137,DNg55,2,2,855,90
LC4,PVLP141,DNg01_d,2,2,1539,90
LPLC2,WED060,DNp30,4,4,67,90
LPLC2,PVLP137,DNg55,2,2,324,90
LC4,AVLP572,DNp103,1,2,2,90
LPLC2,PVLP123,DNpe024,9,11,562,90
LC4,LT51,DNbe003,4,4,5,90
LC4,SAD014,DNp02,4,4,42,90
LC4,LoVP54,DNp11,2,2,19,90
LPLC2,CL022_c,DNp06,1,1,1,90
LPLC2,,DNp04,14,15,2245,90
LC4,LoVP50,DNp26,6,6,33,90
LC4,LoVP93,DNg97,9,9,170,90
LC4,PS306,DNge073,2,4,90,90
LPLC2,PVLP141,DNg01_d,2,2,46,90
LPLC2,SAD014,DNp02,4,4,46,90
LC4,LoVP85,DNp07,2,4,1212,90
LPLC2,VSm,DNpe008,4,19,84,90
LC4,AVLP280,DNpe031,1,2,2,90
LC4,WED046,DNp103,2,4,26,89
LPLC2,CL286,DNpe026,2,4,50,89
LC4,PVLP151,DNpe031,4,8,3052,89
LC4,LLPC1,DNp26,21,21,26,89
LC4,WED124,DNb09,2,3,26,89
LPLC2,LoVC15,DNpe037,5,5,9,89
LPLC2,PVLP151,DNpe031,4,8,13542,89
LC4,PVLP046,DNp02,4,6,881,89
LPLC2,CL367,DNpe045,1,2,14,89
LPLC2,LoVP25,DNp57,3,6,48,89
LPLC2,WED015,DNpe031,4,8,44,89
LPLC2,AVLP490,DNp13,3,3,11,89
LC4,,DNp01,12,12,4185,89
LC4,MeVP53,DNp03,2,2,304,89
LC4,,DNp103,16,18,3694,89
LC4,CB2664,DNge054,4,4,243,89
LC4,AVLP016,DNp59,2,4,230,89
LPLC2,AVLP591,DNpe042,2,4,34,89
LC4,WED106,DNg09_a,3,15,38,88
LPLC2,MBON33,DNge150,1,1,1,88
LPLC2,PVLP209m,MDN,5,14,88,88
LPLC2,Y11,DNp11,17,17,35,88
LC4,LoVP26,DNpe017,7,14,48,88
LPLC2,CB4179,DNp35,4,8,18,88
LPLC2,PS181,DNp104,2,4,68,88
LPLC2,PLP034,DNg82,1,2,6,88
LC4,PS182,DNp104,2,4,12,88
LC4,CB4179,DNp35,4,8,138,88
LPLC2,CL131,"DNp51,DNpe019",1,4,4,87
LPLC2,CL367,DNp35,1,2,14,87
LC4,PVLP201m_d,DNg96,1,1,1,87
LC4,CB4102,DNp06,6,6,335,87
LPLC2,CL319,DNg108,2,4,4,87
LC4,LAL301m,DNa03,2,2,37,87
LPLC2,CB4162,DNp103,4,8,348,87
LC4,AMMC-A1,DNp103,6,9,16819,87
LC4,AOTU065,DNp31,1,1,1,87
LC4,CL022_c,DNp01,2,3,5,87
LC4,LT51,DNge041,8,8,16,87
LPLC2,AMMC-A1,DNp103,6,9,529,87
LPLC2,LC35a,DNbe001,8,8,41,86
LPLC2,,DNp01,11,11,2297,86
LC4,PVLP100,DNp35,3,3,260,86
LPLC2,LoVP85,DNg49,2,4,62,86
LPLC2,vCal2,DNp26,1,2,4,86
LC4,PVLP123,DNpe024,6,8,582,86
LC4,LC35a,DNbe001,8,8,22,86
LC4,LLPC1,DNa02,22,22,30,86
LC4,LoVP85,DNg49,2,4,1212,86
LC4,CB3588,DNp12,1,2,2,86
LPLC2,SAD013,DNp06,2,2,165,86
LPLC2,LoVP50,DNp10,5,5,10,86
LPLC2,AVLP080,DNpe039,2,2,31,86
LC4,AVLP093,DNp01,2,2,4,86
LC4,SAD013,DNp06,2,2,198,86
LC4,CL309,DNg02_f,1,2,2,85
LC4,PVLP122,DNpe020,6,12,9068,85
LC4,PLP150,DNp03,7,8,465,85
LC4,CB1314,DNp103,5,5,14,85
LPLC2,PVLP122,DNpe020,6,12,1944,85
LC4,Y14,DNp11,23,23,36,85
LPLC2,AVLP396,DNp45,2,2,922,85
LC4,LC36,DNpe017,4,6,10,85
LC4,PS304,DNae003,1,1,1,85
LPLC2,PVLP144,DNae005,2,4,20,85
LC4,AN08B010,DNp03,2,4,44,84
LPLC2,AVLP591,DNp09,2,2,17,84
LC4,PVLP137,DNge136,2,8,3420,84
LC4,PVLP062,DNp23,2,4,22,84
LPLC2,PVLP137,DNge136,2,8,1296,84
LPLC2,CB4176,DNb05,2,4,4,84
LPLC2,PVLP114,DNg69,1,2,92,84
LPLC2,LLPC1,DNp03,25,25,65,84
LPLC2,,DNpe045,8,12,1152,84
LPLC2,vCal3,DNg06,2,15,963,84
LPLC2,PVLP062,DNp23,2,4,14,84
LC4,GNG506,DNg69,1,2,2,84
LPLC2,PVLP123,DNpe042,9,15,911,84
LPLC2,AVLP552,DNpe050,2,2,3,84
LPLC2,AVLP340,DNp30,2,2,1234,84
LC4,PS181,DNp69,1,2,4,84
LC4,LoVP93,DNae002,9,9,195,83
LPLC2,PS181,DNg02_c,2,7,118,83
LC4,PLP018,DNp11,3,3,40,83
LC4,LLPC1,DNpe056,18,18,20,83
LC4,,DNp03,17,21,10211,83
LC4,PLP060,DNb09,2,2,57,83
LC4,LHAD1g1,DNpe039,2,2,555,83
LC4,PLP211,DNp69,2,4,34,83
LC4,WED187,DNp12,1,2,2,83
LPLC2,PLP211,DNp69,2,4,310,83
LPLC2,PVLP017,DNp103,2,2,593,83
LPLC2,PVLP128,DNa05,4,7,22,83
LPLC2,LAL026_b,DNa16,1,1,2,83
LC4,LAL026_b,DNa16,1,1,42,83
LPLC2,LHAD1g1,DNpe039,2,2,2049,83
LPLC2,PVLP027,DNp06,2,3,65,83
LPLC2,MeVP18,DNp43,6,6,44,83
LC4,PLP029,DNa13,2,4,1124,83
LC4,PVLP017,DNp103,2,2,62,83
LC4,PVLP027,DNp06,2,3,76,83
LC4,CB4118,DNge113,5,10,36,83
LC4,CB1934,DNp23,1,2,6,83
LC4,PS001,DNp103,1,2,24,83
LPLC2,WED060,DNpe052,4,4,67,83
LPLC2,HSS,DNa02,2,2,10,83
LPLC2,PS001,DNp103,1,2,2,83
LC4,AN07B004,DNg02_b,2,10,30,83
LC4,AN07B004,DNg05_a,2,4,12,83
LPLC2,LoVP93,DNae002,9,9,179,83
LPLC2,LoVP18,DNa10,5,9,9,82
LC4,PVLP017,DNp01,2,2,62,82
LC4,ANXXX109,DNg93,2,4,40,82
LPLC2,AVLP016,DNp55,1,1,1,82
LPLC2,UNKNOWN,DNp06,61,61,157,82
LPLC2,LT51,DNg90,11,11,82,82
LPLC2,LoVP103,DNp08,1,1,2,82
LC4,PLP219,DNa05,4,4,1075,82
LPLC2,PVLP017,DNp01,2,2,593,82
LC4,AVLP203_c,DNp55,2,4,40,82
LC4,CB4248,DNb05,4,7,20,82
LPLC2,PLP219,DNa05,4,4,530,82
LPLC2,LLPC2,DNp10,32,32,59,82
LPLC2,CB1932,DNp35,4,8,26,82
LPLC2,AVLP203_c,DNp55,2,4,36,82
LPLC2,CB1934,DNp69,1,2,2,82
LC4,PVLP017,DNp06,2,2,62,81
LC4,WED196,DNp06,1,2,4,81
LPLC2,PVLP141,DNg88,2,2,46,81
LPLC2,LoVP89,DNae007,2,2,2,81
LC4,CL128a,DNp05,4,4,121,81
LPLC2,SAD013,DNp05,2,2,165,81
LC4,LC23,DNge054,9,9,99,81
LPLC2,Nod1,DNg32,4,4,9,81
LC4,CL001,DNp103,1,2,2,81
LPLC2,PVLP017,DNp06,2,2,593,81
LC4,PVLP141,DNg88,2,2,1539,81
LC4,PS038,DNpe037,5,5,9,81
LC4,WED125,DNp04,3,3,867,81
LC4,OCG06,DNpe026,2,4,24,81
LC4,SAD013,DNp05,2,2,198,81
LPLC2,CB1934,DNp23,1,2,2,81
LC4,SAD064,DNg108,2,4,322,80
LPLC2,WED061,DNp30,4,4,139,80
LPLC2,LoVC25,DNpe017,1,2,2,80
LPLC2,CB4102,DNp03,2,2,13,80
LC4,CB1280,DNg108,2,4,310,80
LPLC2,LPT52,DNp07,2,2,6,80
LC4,LoVC25,DNpe017,1,2,2,80
LPLC2,AVLP340,DNpe050,2,2,1234,80
LPLC2,PLP093,DNp42,1,2,20,80
LC4,CL286,DNp09,1,2,2,80
LPLC2,LPT22,DNa02,2,2,50,80
LC4,LAL026_a,DNa16,1,1,124,80
LC4,PLP249,DNp103,2,2,18,79
LPLC2,PVLP046,DNp02,2,4,10,79
LC4,WED046,DNp35,2,4,26,79
LPLC2,CL286,DNp27,2,4,50,79
LC4,CB0206,DNbe004,1,2,4,79
LPLC2,AVLP203_c,DNp06,2,4,36,79
LC4,AVLP203_c,DNp06,2,4,40,79
LPLC2,AVLP572,DNpe053,2,4,4,79
LPLC2,LT51,DNpe016,8,8,39,79
LC4,PVLP123,DNpe042,6,12,838,79
LPLC2,LoVP50,DNp26,5,5,10,79
LC4,MeLo2,DNp11,12,12,18,79
LPLC2,CB4179,DNg108,4,8,18,79
LC4,LPT30,DNp26,1,1,1,79
LPLC2,PVLP080_a,DNp35,2,2,6,79
LPLC2,LoVP23,DNp104,4,8,36,79
LPLC2,AVLP016,DNp69,1,2,2,79
LC4,LPLC4,DNpe056,14,14,22,79
LC4,AN09B023,DNg35,1,2,6,79
LPLC2,LoVP23,DNae009,4,8,36,79
LC4,CB2676,DNpe031,2,6,44,78
LPLC2,LT61b,DNp35,2,4,48,78
LPLC2,LC22,DNpe037,24,24,55,78
LC4,AVLP280,DNp66,1,1,1,78
LC4,LoVC11,DNp57,1,2,2,78
LPLC2,LC36,DNpe001,4,7,9,78
LC4,AVLP083,DNp103,1,1,3,78
LC4,LT61b,DNp35,2,4,614,78
LPLC2,LPT52,DNp47,2,2,6,78
LPLC2,AVLP285,DNa11,1,1,5,78
LPLC2,PVLP070,DNp09,4,4,183,78
LPLC2,,DNp18,3,3,37,78
LPLC2,WED210,DNge175,1,2,2,78
LC4,CB4248,DNp04,4,5,12,78
LC4,WED124,DNb01,2,2,17,78
LPLC2,PVLP141,DNae002,2,2,46,77
LC4,PVLP141,DNae002,2,2,1539,77
LPLC2,LC10a,DNp11,16,16,20,77
LC4,AN07B004,DNp63,2,4,12,77
LPLC2,LC14a-1,DNp11,5,5,25,77
LC4,SAD013,DNp11,2,2,198,77
LPLC2,PLP018,DNa04,2,2,8,77
LC4,CL286,DNpe039,1,2,2,77
LC4,LC14a-1,DNp11,5,5,258,77
LC4,LoVP18,DNg111,9,9,30,77
LPLC2,SAD013,DNp11,2,2,165,77
LPLC2,LPT21,DNp26,2,2,10,77
LPLC2,AVLP258,DNp103,2,3,1144,77
LPLC2,VST2,DNpe054,4,13,28,77
LPLC2,PVLP148,DNb05,4,4,89,77
LC4,AVLP258,DNp103,2,3,18,77
LPLC2,VST1,DNpe008,2,10,10,77
LPLC2,AVLP016,DNpe056,1,1,1,77
LC4,LoVP26,DNp08,6,11,38,77
LPLC2,AVLP016,DNp66,1,1,1,77
LPLC2,PVLP213m,DNa02,3,3,39,77
LPLC2,MeLo2,DNp11,16,16,19,77
LPLC2,AVLP076,DNp43,2,2,12,77
LPLC2,CB3019,DNp69,3,6,118,76
LPLC2,PVLP070,DNp64,4,4,183,76
LPLC2,CB3513,DNp03,4,6,189,76
LPLC2,PLP018,DNp06,2,2,8,76
LC4,AN07B004,DNge183,2,4,12,76
LC4,,DNa15,10,10,5577,76
LC4,CB1280,DNp55,2,2,155,76
LC4,CB3513,DNp03,4,6,3229,76
LPLC2,LT84,DNpe025,2,2,3,76
LC4,,DNg40,16,16,4256,76
LPLC2,VST1,DNp17,2,10,10,76
LPLC2,LT51,DNbe006,12,12,84,76
LPLC2,UNKNOWN,DNp04,65,65,147,76
LPLC2,LAL016,DNa04,1,1,77,76
LC4,CB4102,DNa05,7,9,457,76
LC4,CB0154,DNp35,1,1,2,76
LC4,LT51,DNpe002,5,5,10,76
LPLC2,AVLP720m,DNp13,2,4,4,76
LPLC2,CB4163,DNp45,6,11,878,75
LC4,PVLP122,DNb09,6,11,7755,75
LC4,CL066,DNp103,1,1,3,75
LC4,LC23,DNg01_b,9,14,173,75
LPLC2,CB4163,DNp43,6,12,1132,75
LPLC2,AVLP080,DNp43,2,2,31,75
LC4,AN07B004,DNg42,2,4,12,75
LPLC2,LPT52,DNp54,2,2,6,75
LC4,CB4102,DNpe037,7,12,591,75
LPLC2,CL367,DNg108,1,2,14,75
LC4,SAD013,DNp02,2,2,198,75
LC4,AVLP452,DNp69,4,8,4942,75
LPLC2,PVLP122,DNb09,6,11,1929,75
LPLC2,CB1908,DNge138,2,4,12,75
LPLC2,WED072,DNp11,5,5,22,75
LPLC2,SAD013,DNp02,2,2,165,75
LPLC2,VSm,DNge043,4,7,30,75
LC4,AN07B004,DNge110,2,4,12,74
LPLC2,CL203,DNg108,1,2,2,74
LC4,PLP209,DNp31,1,2,2,74
LC4,CB3513,DNp04,4,6,3322,74
LPLC2,PS182,DNb04,1,2,6,74
LC4,CL001,DNp59,1,2,2,74
LPLC2,AVLP016,DNp43,1,1,1,74
LPLC2,AVLP592,DNp64,2,2,100,74
LPLC2,CB3513,DNp04,4,6,203,74
LC4,CB2664,DNg35,4,4,243,74
LC4,AVLP452,DNp70,4,8,4942,74
LC4,AOTU034,DNa10,2,2,62,74
LPLC2,,DNb09,5,7,93,74
LC4,AVLP094,DNp69,2,2,200,74
LC4,LT51,DNae002,9,9,16,74
LC4,GNG506,DNg108,1,2,2,74
LPLC2,AVLP176_d,DNp35,4,5,238,74
LC4,SAD073,DNp103,3,6,24,74
LPLC2,AVLP396,DNp68,2,2,922,74
LPLC2,LAL026_a,DNde003,2,4,18,74
LC4,CL323,DNpe045,4,6,1188,73
LPLC2,LT86,DNg39,1,1,2,73
LPLC2,CL309,DNb07,1,2,4,73
LPLC2,PVLP034,DNp64,8,13,102,73
LC4,GNG300,DNg74_a,1,2,168,73
LPLC2,CL323,DNpe045,4,6,945,73
LPLC2,Li26,DNp11,10,10,26,73
LC4,PLP230,DNb01,1,1,1,73
LPLC2,VST2,DNg94,4,4,8,73
LC4,LPLC1,DNa05,20,20,42,73
LPLC2,GNG300,DNg74_a,1,2,766,73
LC4,AVLP016,DNp35,2,2,115,73
LPLC2,LoVP18,DNp27,5,9,9,73
LPLC2,AVLP176_d,DNp09,4,5,238,73
LPLC2,PLP230,DNb01,1,1,24,73
LPLC2,VS,DNge107,6,8,74,73
LPLC2,LPLC1,DNa05,21,21,62,73
LPLC2,AVLP080,DNpe040,2,2,31,73
LPLC2,PVLP150,DNp64,2,2,199,72
LPLC2,LoVP86,DNae008,1,1,1,72
LPLC2,PLP034,DNpe017,1,1,3,72
LPLC2,PLP211,DNp06,2,4,310,72
LPLC2,HSS,DNg41,2,2,10,72
LPLC2,CL053,DNp19,2,4,88,72
LPLC2,AOTU034,DNa10,2,2,34,72
LPLC2,LT85,DNp08,1,1,1,72
LPLC2,CB4102,DNa04,2,4,26,72
LC4,LAL026_b,DNae001,1,1,42,72
LC4,LPLC1,DNp31,29,29,56,72
LC4,PVLP062,DNpe020,2,4,22,72
LC4,PLP211,DNp06,2,4,34,72
LPLC2,PVLP124,DNp103,2,3,44,72
LC4,PVLP124,DNp103,2,3,93,72
LPLC2,LAL026_b,DNae001,1,1,2,72
LC4,LT51,DNpe016,5,5,6,72
LPLC2,PVLP062,DNpe020,2,4,14,72
LC4,GNG300,DNge079,2,3,228,71
LC4,,DNa02,3,3,814,71
LPLC2,LLPC2,DNge030,36,36,80,71
LPLC2,CL213,DNge052,2,4,90,71
LPLC2,HSS,DNp18,2,2,10,71
LC4,PLP029,DNg01_a,2,2,562,71
LPLC2,CB3544,DNp04,2,4,28,71
LPLC2,AVLP501,DNp66,1,2,4,71
LPLC2,AVLP176_d,DNpe024,4,5,238,71
LC4,LoVP50,DNg82,6,11,60,71
LPLC2,,DNpe037,7,7,84,71
LPLC2,CB2254,DNg40,1,2,42,71
LC4,AN09B016,DNp103,1,2,2,71
LPLC2,LPT22,DNg41,2,2,50,71
LC4,CB3544,DNp04,2,4,1034,71
LC4,SAD044,DNbe007,2,2,7,71
LC4,CB2254,DNg40,1,2,16,71
LPLC2,AVLP202,DNg40,1,2,4,71
LPLC2,PVLP114,DNa01,1,1,46,71
LPLC2,LLPC3,pIP1,13,13,20,71
LPLC2,LAL026_b,DNa02,1,1,2,71
LC4,SAD053,DNp103,2,4,34,71
LC4,LAL026_b,DNa02,1,1,42,71
LC4,GNG506,DNge144,1,1,1,71
LPLC2,GNG300,DNge079,2,3,1016,71
LPLC2,VSm,DNpe054,4,11,47,71
LC4,AVLP542,DNp02,2,2,17,70
LPLC2,PS208,DNa15,1,2,2,70
LC4,PS182,DNp03,2,2,6,70
LPLC2,CL203,DNg97,1,2,2,70
LC4,WED069,DNbe001,1,2,2,70
LPLC2,PLP034,DNp18,1,1,3,70
LC4,WED069,aSP22,1,2,2,70
LC4,PLP029,DNg71,2,2,562,70
LC4,CB4102,DNp103,7,7,362,70
LC4,CB4118,DNg108,5,10,36,70
LC4,UNKNOWN,DNp11,57,57,309,70
LPLC2,WED210,DNge016,1,2,2,70
LPLC2,LC35b,DNp31,2,2,10,70
LPLC2,MeVPLp1,DNg56,2,4,12,70
LPLC2,LoVP26,DNpe021,11,19,323,70
LPLC2,LC9,DNp35,15,15,22,70
LPLC2,LT51,DNa15,12,12,193,70
LC4,PS304,DNp53,1,2,2,70
LC4,PS304,DNa09,1,1,1,70
LPLC2,CB0431,MDN,1,3,48,70
LC4,CB4163,DNp103,1,2,30,70
LPLC2,LC35a,DNp31,8,8,39,70
LC4,LC35a,DNp31,8,8,25,70
LC4,LAL053,DNa02,1,1,55,69
LPLC2,PVLP031,DNp71,4,7,24,69
LC4,PVLP031,DNp71,4,7,162,69
LPLC2,,DNp09,7,7,60,69
LC4,CL128a,DNp57,4,4,121,69
LC4,AVLP016,DNpe039,2,2,115,69
LPLC2,PVLP141,DNg01_c,2,2,46,69
LC4,PS182,DNp11,2,2,6,69
LC4,PVLP141,DNg01_c,2,2,1539,69
LPLC2,AVLP708m,DNpe053,1,2,12,69
LPLC2,CL203,DNae007,1,2,2,69
LPLC2,LoVP26,DNb01,9,15,260,69
LC4,LT77,pIP1,5,5,13,69
LC4,CB1958,DNa02,4,4,360,69
LPLC2,AOTU032,DNa10,2,2,19,69
LC4,LT82a,DNpe020,2,4,712,69
LPLC2,LLPC1,DNp103,27,27,49,69
LC4,AVLP203_c,DNpe031,2,8,80,69
LPLC2,CB3019,DNpe031,3,9,194,69
LPLC2,AVLP176_d,DNpe042,4,8,396,69
LC4,PS304,DNa01,1,1,1,69
LPLC2,LoVP24,DNpe022,4,7,11,69
LC4,AOTU032,DNa10,2,2,35,69
LC4,PS182,DNg02_e,2,4,12,69
LC4,,DNae010,5,6,1387,69
LC4,WED125,DNae010,3,3,867,69
LC4,CB2153,DNp12,1,2,4,69
LPLC2,AVLP203_c,DNpe031,2,8,72,69
LPLC2,LT82a,DNpe020,2,4,56,69
LPLC2,TmY19b,DNp11,15,15,24,69
LC4,PVLP130,DNp04,2,2,1944,68
LPLC2,LC22,DNg82,19,26,43,68
LC4,CB1498,DNp69,2,4,748,68
LPLC2,CB4101,DNa01,1,1,49,68
LPLC2,WED072,DNp03,4,4,21,68
LC4,LHAD1g1,DNp11,2,2,555,68
LPLC2,PVLP076,DNp34,2,2,1338,68
LC4,CB4118,DNge184,5,5,18,68
LPLC2,LHAD1g1,DNp11,2,2,2049,68
LPLC2,PVLP130,DNp04,2,2,2601,68
LPLC2,LT86,DNge054,1,1,2,68
LC4,PVLP076,DNp34,2,2,9,68
LC4,LC9,DNa11,27,27,50,68
LPLC2,MeVP18,DNp66,6,6,44,68
LPLC2,LoVP26,DNae009,5,9,87,68
LC4,VES023,DNp35,1,2,4,68
LC4,LAL301m,DNa06,2,2,37,68
LPLC2,LPC1,DNpe037,34,34,151,68
LPLC2,CB1498,DNp69,2,4,6,68
LC4,LC10a,DNp11,18,18,25,68
LPLC2,LPT52,DNa10,2,3,8,68
LPLC2,AVLP437,DNp45,2,2,5,68
LPLC2,CL286,DNp35,2,4,50,68
LC4,AN07B004,DNg50,2,4,12,67
LC4,PVLP031,DNp06,4,8,176,67
LC4,CL022_b,DNp103,2,4,50,67
LPLC2,CB4176,DNp04,2,3,3,67
LPLC2,AVLP592,DNp103,2,2,100,67
LC4,AN10B019,DNp01,3,3,9,67
LPLC2,AVLP370_a,DNp55,2,2,208,67
LPLC2,MeVP18,DNp55,6,6,44,67
LC4,,DNpe045,8,10,3349,67
LC4,CB4180,DNp02,1,1,27,67
LPLC2,LoVC18,DNp27,4,8,42,67
LC4,PVLP031,DNp01,4,8,176,67
LC4,CL053,DNp73,1,2,2,67
LC4,AVLP711m,DNp36,1,2,48,67
LPLC2,,DNg108,3,6,24,67
LPLC2,LoVP85,DNp08,2,4,62,67
LC4,CB4102,DNg82,7,21,1185,67
LPLC2,PLP034,DNpe022,1,1,3,67
LPLC2,CB4180,DNp02,1,1,2,67
LPLC2,PVLP031,DNp01,4,8,32,67
LC4,LoVP85,DNp08,2,4,1212,67
LC4,LC10c-2,DNa10,2,2,2,67
LPLC2,PVLP031,DNp06,4,8,32,67
LPLC2,SAD073,DNp70,1,2,44,67
LC4,WED127,DNae010,3,3,227,67
LPLC2,MBON33,DNge151,1,1,1,67
LPLC2,CL022_b,DNp103,2,4,106,67
LC4,AN01A055,DNde005,1,2,2,67
LPLC2,CB3019,DNp06,3,3,59,67
LPLC2,LLPC2,DNp102,13,13,19,66
LPLC2,PVLP122,DNp05,4,4,606,66
LC4,LT64,DNp31,2,3,3,66
LC4,PVLP137,DNge038,2,4,1710,66
LC4,SAD013,DNp03,2,2,198,66
LC4,GNG343,DNp06,2,4,22,66
LC4,GNG340,pIP1,1,2,18,66
LPLC2,LT64,DNp31,2,3,4,66
LC4,SAD023,DNg29,6,6,556,66
LPLC2,PVLP137,DNge038,2,4,648,66
LC4,CB2940,DNp103,2,2,55,66
LC4,PS112,DNp26,1,2,4,66
LPLC2,CB0431,DNpe017,1,1,16,66
LPLC2,AVLP169,DNp66,2,2,178,66
LPLC2,CB2940,DNp103,2,2,23,66
LC4,PS112,DNp19,1,2,4,66
LPLC2,PVLP203m,DNge073,1,2,4,66
LPLC2,PLP034,DNb09,1,1,3,66
LPLC2,PVLP139,DNpe052,2,2,43,66
LPLC2,CL131,DNae010,1,2,2,66
LPLC2,SAD013,DNp03,2,2,165,66
LPLC2,SAD044,DNge049,1,2,2,66
LC4,PVLP122,DNp05,4,4,2307,66
LC4,CL309,DNae004,1,2,2,66
LC4,AVLP452,DNpe045,4,8,4942,66
LC4,LoVC11,DNp05,1,2,2,65
LC4,LC22,DNg82,17,28,55,65
LPLC2,AVLP577,DNp66,2,4,48,65
LPLC2,,DNp43,7,7,289,65
LPLC2,LC19,DNbe006,10,10,49,65
LC4,CL140,DNp13,2,3,660,65
LC4,LoVC13,DNp11,2,2,10,65
LC4,CB2254,DNp01,1,2,16,65
LC4,CB3201,DNp04,4,4,715,65
LC4,MeVP53,DNp02,2,2,304,65
LPLC2,PLP060,DNp11,1,1,11,65
LC4,PLP300m,DNg31,3,3,19,65
LC4,PVLP026,DNp103,2,4,652,65
LC4,PLP209,DNpe037,1,2,2,65
LC4,PLP074,DNp23,1,2,4,65
LPLC2,MBON33,DNg34,1,2,2,65
LPLC2,PLP034,DNp31,1,1,3,65
LC4,CB4103,DNa01,3,3,98,65
LPLC2,LC6,DNp70,23,28,41,65
LC4,LT82a,DNbe001,3,4,729,65
LPLC2,CB2254,DNp01,1,2,42,65
LPLC2,CL140,DNp13,2,3,290,65
LPLC2,LT82a,DNbe001,3,4,66,65
LC4,PLP018,DNpe056,3,3,40,65
LPLC2,LoVP92,DNp36,6,11,97,65
LPLC2,PVLP026,DNp103,2,4,114,65
LC4,CL022_c,DNpe043,2,4,6,65
LC4,LC33,DNpe023,1,1,1,65
LC4,CB3201,DNp103,4,4,715,64
LPLC2,LPT59,DNge016,2,3,29,64
LC4,CB2153,DNg09_a,1,6,12,64
LC4,GNG300,DNge049,2,4,288,64
LC4,PLP029,DNa01,2,2,562,64
LC4,PVLP122,DNp64,6,10,6507,64
LC4,SAD013,pIP1,2,4,396,64
LC4,CB3513,DNp02,4,5,2881,64
LPLC2,LT51,DNp05,4,4,19,64
LPLC2,GNG300,DNge049,2,4,1266,64
LPLC2,CL367,DNge053,1,2,14,64
LPLC2,CL319,DNp45,2,3,3,64
LPLC2,CL309,DNae004,1,2,4,64
LPLC2,SAD013,pIP1,2,4,330,64
LPLC2,AVLP591,DNpe040,2,2,17,64
LC4,LT51,DNp05,4,4,5,64
LPLC2,PVLP122,DNp64,6,10,1926,64
LC4,WED072,DNp04,3,3,4,64
LPLC2,AVLP591,DNp45,2,2,17,64
LC4,LAL300m,DNg13,4,4,117,64
LPLC2,LoVP92,DNae007,4,7,105,64
LC4,CL022_c,DNp02,2,2,3,64
LPLC2,AVLP577,DNp30,2,4,48,64
LPLC2,AVLP592,DNp35,2,2,100,64
LPLC2,Nod2,DNbe005,2,4,40,64
LC4,LAL053,DNde003,1,2,110,64
LPLC2,CB3513,DNp02,4,5,156,64
LPLC2,LC35a,DNpe037,9,9,48,63
LC4,PLP300m,DNg43,3,3,19,63
LC4,PLP249,DNae007,2,2,18,63
LC4,LoVC6,DNp31,2,4,4,63
LPLC2,AVLP037,DNpe043,1,1,2,63
LC4,CL367,DNge049,2,3,16,63
LC4,CB4102,DNae002,7,7,362,63
LC4,CB0206,DNae004,1,2,4,63
LC4,PVLP141,DNpe022,2,2,1539,63
LC4,PVLP031,DNp07,4,7,140,63
LC4,SAD049,DNp02,2,2,108,63
LPLC2,PVLP141,DNpe022,2,2,46,63
LPLC2,LPC2,DNge030,27,27,38,63
LPLC2,WED104,DNg35,2,2,83,63
LPLC2,CB4176,DNp73,2,2,2,63
LC4,PVLP010,DNge113,2,4,4352,63
LPLC2,AVLP316,pIP10,3,6,250,63
LC4,PLP018,DNp03,3,3,40,63
LPLC2,LLPC2,DNp07,31,31,56,63
LPLC2,SAD023,DNg29,5,5,137,63
LC4,PS306,DNg88,2,4,90,63
LC4,PLP093,DNp03,2,2,222,63
LC4,LC35a,DNpe037,9,9,28,63
LPLC2,AVLP370_a,DNpe050,2,2,208,63
LPLC2,,DNd05,4,4,14,63
LPLC2,PVLP031,DNp07,4,7,31,63
LPLC2,,DNp34,3,4,624,63
LC4,CB4101,DNbe003,6,6,52,63
LPLC2,PVLP010,DNge113,2,4,64,63
LPLC2,SAD049,DNp02,2,2,40,63
LC4,CB3376,DNp63,3,4,10,63
LC4,AVLP201,DNpe031,2,4,20,62
LPLC2,AVLP201,DNpe031,2,4,30,62
LPLC2,AVLP203_b,DNg40,2,3,17,62
LC4,AVLP280,DNpe053,1,1,1,62
LPLC2,AVLP396,DNpe020,2,4,1844,62
LPLC2,AVLP552,pIP1,2,2,3,62
LPLC2,LT51,DNpe017,4,4,149,62
LC4,PS306,DNge017,2,4,90,62
LC4,AN07B004,DNge016,2,4,12,62
LPLC2,CB0431,DNp18,1,1,16,62
LC4,LT66,DNpe037,2,4,204,62
LC4,AVLP076,DNpe031,1,2,2,62
LPLC2,PVLP209m,DNge037,3,3,12,62
LPLC2,PVLP014,DNp35,2,4,60,62
LPLC2,Nod4,DNge094,2,8,31,62
LC4,AN09B023,DNg84,1,2,6,62
LC4,PVLP062,DNp70,2,4,22,62
LC4,AVLP203_b,DNg40,2,3,9,62
LC4,CB2664,DNge113,4,7,425,62
LPLC2,LT66,DNpe037,2,4,70,62
LPLC2,PVLP062,DNp70,2,4,14,62
LPLC2,CL022_c,DNp103,1,2,2,62
LPLC2,AVLP449,DNpe020,1,2,2,61
LPLC2,LT63,DNp08,3,3,7,61
LC4,AVLP536,DNpe052,2,2,5,61
LC4,ANXXX109,DNp23,2,4,40,61
LPLC2,PVLP080_b,DNp35,3,3,6,61
LC4,PVLP151,DNpe040,4,4,1526,61
LPLC2,PLP211,DNp04,2,4,310,61
LC4,CL022_b,DNpe026,2,3,39,61
LPLC2,PVLP026,DNg40,2,4,114,61
LPLC2,CL203,DNpe042,1,2,2,61
LC4,PVLP026,DNg40,2,4,652,61
LC4,AVLP076,DNp04,1,1,1,61
LC4,AVLP605,DNp02,1,2,8,61
LC4,CB3376,DNa15,3,3,9,61
LC4,AN09B023,DNp57,1,1,3,61
LC4,PVLP128,DNa05,3,5,13,61
LPLC2,AVLP080,DNpe052,2,2,31,61
LC4,PLP211,DNp04,2,4,34,61
LC4,CB0440,DNp42,1,2,4,61
LPLC2,PVLP151,DNpe040,4,4,6771,61
LC4,PVLP074,DNp06,1,2,12,61
LPLC2,CL022_b,DNpe026,2,3,79,61
LC4,UNKNOWN,DNp02,46,46,106,61
LC4,LT85,DNpe021,2,2,2,61
LC4,AN17B005,DNp02,1,1,2,61
LPLC2,CL053,DNg07,2,13,278,61
LPLC2,,DNp03,12,16,4560,61
LC4,CL001,DNg40,1,2,2,61
LPLC2,PS181,DNae003,2,4,68,61
LPLC2,Li30,DNp11,3,3,11,60
LC4,AN01A055,DNde002,1,2,2,60
LC4,CL022_b,DNp01,2,2,25,60
LC4,Li30,DNp11,3,3,262,60
LC4,WED069,DNa16,1,1,1,60
LC4,PVLP201m_a,DNge040,1,1,4,60
LC4,AVLP076,DNp66,1,1,1,60
LC4,PVLP141,DNg82,2,4,3078,60
LC4,PLP029,DNg01_c,2,2,562,60
LPLC2,MeVP18,DNp103,6,6,44,60
LC4,CB4102,DNp31,7,11,559,60
LC4,PVLP151,DNp64,4,5,1873,60
LPLC2,PVLP015,DNg01_a,2,2,185,60
LPLC2,AVLP340,DNpe056,2,2,1234,60
LC4,LAL026_a,DNa13,1,2,248,60
LPLC2,CB1638,DNp06,3,3,92,60
LPLC2,PVLP151,DNp64,4,5,8844,60
LPLC2,AVLP711m,DNge053,5,9,783,60
LPLC2,CL022_b,DNp01,2,2,53,60
LPLC2,MeVPLp1,DNpe009,2,11,35,60
LC4,PVLP015,DNg01_a,2,2,833,60
LPLC2,CL319,MDN,2,8,8,60
LC4,PS304,DNbe006,1,1,1,60
LPLC2,vCal1,DNb05,2,4,4,60
LPLC2,PLP211,DNpe040,2,4,310,60
LPLC2,CL286,DNpe001,2,4,50,60
LPLC2,CL286,DNp68,2,4,50,60
LC4,PLP211,DNpe040,2,4,34,60
LC4,CL309,DNg02_e,1,2,2,60
LPLC2,LoVP18,DNbe004,5,9,9,60
LPLC2,AVLP591,DNp70,2,4,34,60
LPLC2,LoVP50,DNg82,5,9,17,60
LC4,PS182,DNp07,2,2,6,60
LPLC2,PS182,DNpe055,1,2,6,60
LC4,PS181,DNg02_e,1,2,4,60
LPLC2,PVLP141,DNg82,2,4,92,60
LC4,CL053,DNpe005,1,2,2,59
LC4,GNG300,DNg108,1,2,168,59
LPLC2,PVLP076,DNpe031,2,4,2676,59
LC4,PVLP076,DNpe031,2,4,18,59
LC4,LPLC4,DNp10,17,17,23,59
LPLC2,PVLP076,pIP1,2,2,1338,59
LC4,LLPC1,DNp102,9,9,11,59
LC4,WED116,DNp103,1,2,328,59
LC4,PS181,DNg02_f,1,2,4,59
LC4,AVLP542,DNp35,2,2,17,59
LC4,CB4101,DNb01,5,5,28,59
LC4,SAD098,DNp12,1,2,52,59
LPLC2,,DNpe024,7,7,407,59
LC4,PS001,DNpe045,1,2,24,59
LC4,LT51,DNg90,6,6,10,59
LPLC2,PS208,DNa05,1,2,2,59
LPLC2,LAL026_b,DNa13,1,2,4,59
LC4,SAD023,DNp103,6,6,556,59
LPLC2,LPT59,DNg06,2,8,72,59
LC4,PVLP074,DNp35,1,2,12,59
LPLC2,GNG300,DNg108,1,2,766,59
LC4,LAL026_a,DNa02,1,1,124,59
LC4,PS182,DNg92_a,2,4,12,59
LPLC2,PS001,DNpe045,1,2,2,59
LC4,AVLP202,DNp06,2,2,45,59
LPLC2,AVLP205,DNp55,3,3,36,59
LC4,PVLP076,pIP1,2,2,9,59
LC4,LAL026_b,DNa13,1,2,84,59
LC4,LC10d,DNp63,14,14,23,59
LPLC2,LPT52,DNbe001,2,2,6,59
LC4,WED015,DNpe031,3,6,26,59
LC4,PVLP128,DNae004,2,4,12,59
LC4,PLP219,DNa07,4,4,1075,58
LPLC2,PVLP010,DNp04,2,2,32,58
LC4,WED107,DNge032,2,4,18,58
LC4,LHAD1g1,DNp70,2,3,877,58
LC4,PS304,DNbe003,1,1,1,58
LC4,PVLP015,DNpe024,2,2,833,58
LC4,PVLP021,DNp01,4,4,3435,58
LPLC2,AVLP205,DNd03,3,5,53,58
LPLC2,MeVP51,DNp103,2,2,13,58
LPLC2,LLPC1,DNp06,18,18,37,58
LPLC2,PLP219,DNa07,4,4,530,58
LPLC2,PVLP015,DNpe024,2,2,185,58
LC4,CL286,DNg40,1,2,2,58
LPLC2,PVLP071,DNp05,4,4,3463,58
LC4,AVLP452,DNpe042,4,8,4942,58
LPLC2,HSS,DNbe001,2,2,10,58
LPLC2,LAL300m,DNae001,1,1,19,58
LPLC2,LLPC1,DNp07,25,25,44,58
LPLC2,VST2,DNb06,3,3,7,58
LPLC2,LC9,DNa11,22,22,32,58
LC4,AVLP531,DNpe050,1,1,9,58
LC4,PVLP010,DNp04,2,2,2176,58
LPLC2,OA-VUMa4,DNb02,2,8,552,58
LPLC2,LPLC1,DNa04,29,29,71,58
LC4,PVLP071,DNp05,4,4,15,58
LC4,WED060,DNp103,2,2,17,58
LPLC2,LC19,DNa01,9,9,41,58
LC4,PS306,DNge033,2,4,90,58
LPLC2,PVLP021,DNp01,4,4,37,58
LC4,PS181,DNp11,1,1,2,58
LC4,PLP029,DNa16,2,2,562,58
LPLC2,LHAD1g1,DNp70,2,3,3023,58
LC4,OA-VUMa4,DNb02,2,8,16,58
LPLC2,PVLP123,DNp68,8,10,433,58
LC4,GNG343,DNp01,2,4,22,58
LPLC2,WED061,DNpe052,3,3,115,58
LPLC2,Li39,DNp27,2,4,94,57
LPLC2,CL266_a3,DNp70,1,2,8,57
LC4,WED060,DNp06,2,2,17,57
LC4,CB4248,pIP1,4,5,12,57
LPLC2,LPLC4,DNpe037,27,27,916,57
LPLC2,LC35b,DNpe037,2,2,10,57
LC4,PVLP076,DNp02,2,2,9,57
LPLC2,LC10a,DNa16,9,9,14,57
LPLC2,CL022_b,DNp35,2,4,106,57
LC4,LC22,DNpe037,18,18,36,57
LC4,LT51,DNbe006,7,7,11,57
LPLC2,PVLP076,DNp02,2,2,1338,57
LPLC2,PLP163,DNp27,2,4,318,57
LC4,ANXXX109,DNg69,2,4,40,57
LPLC2,CL053,DNg99,2,4,88,57
LPLC2,LT64,aSP22,2,4,6,57
LPLC2,AVLP396,DNg40,2,2,922,57
LC4,PS304,DNp102,1,1,1,57
LPLC2,VSm,DNge116,4,8,38,57
LC4,CL022_b,DNp35,2,4,50,57
LPLC2,LPT28,DNpe054,2,6,30,57
LPLC2,LAL026_a,DNae001,2,2,9,57
LC4,PVLP028,pIP1,3,3,20,57
LC4,LT64,aSP22,2,4,4,57
LC4,LPLC4,DNg01_b,18,18,29,57
LPLC2,LoVP23,DNpe022,4,8,36,57
LC4,CB4103,DNg91,4,4,165,57
LC4,Li39,DNp27,2,4,60,57
LPLC2,AVLP452,DNp69,3,6,12,57
LPLC2,AVLP205,DNde006,3,5,64,56
LC4,CB4163,DNp71,1,1,15,56
LPLC2,Nod2,DNge107,2,4,40,56
LC4,AVLP396,DNpe045,1,2,6,56
LPLC2,PVLP034,DNp67,6,10,75,56
LC4,AN27X011,DNp101,1,1,2,56
LPLC2,LPT51,DNpe005,2,2,3,56
LPLC2,LPT50,DNp26,2,2,113,56
LPLC2,AVLP370_a,DNa02,2,2,208,56
LC4,AVLP451,DNp69,1,2,2,56
LC4,PVLP031,DNp03,4,8,176,56
LC4,PLP209,DNb09,1,2,2,56
LC4,LPLC4,DNge041,22,22,32,56
LPLC2,PVLP144,DNge099,2,4,20,56
LC4,LC31a,DNpe024,17,17,33,56
LC4,PVLP013,DNp35,1,2,46,56
LPLC2,Tlp13,DNp11,8,8,18,56
LPLC2,PVLP031,DNp03,4,8,32,56
LC4,LHAD1g1,DNp02,2,2,555,56
LC4,OCG02b,DNge043,2,4,4,56
LPLC2,AVLP531,DNp09,2,2,4635,56
LC4,AVLP083,DNp35,1,1,3,56
LPLC2,LoVP18,DNa04,3,4,4,56
LPLC2,CL323,DNp04,4,4,606,56
LC4,WED061,DNpe052,2,2,6,56
LC4,CL323,DNp04,4,4,878,56
LPLC2,AN27X011,DNp101,1,1,1,56
LC4,AN09B016,DNp45,1,2,2,56
LPLC2,LHAD1g1,DNp02,2,2,2049,56
LC4,CB1280,DNg40,2,4,310,56
LPLC2,CB3513,DNp11,4,6,189,55
LPLC2,,DNge017,7,7,2124,55
LPLC2,LC31b,DNpe042,9,11,1369,55
LC4,LT51,DNp102,5,5,9,55
LPLC2,CB0431,DNa16,1,1,16,55
LPLC2,LAL016,DNpe023,1,1,77,55
LPLC2,LPT52,DNp59,2,2,6,55
LC4,CB3513,DNp11,4,6,3229,55
LC4,OCG02b,DNp27,2,4,4,55
LC4,PS304,DNae002,1,1,1,55
LPLC2,LC35b,DNbe001,2,3,16,55
LC4,LHAD1g1,DNp71,2,2,555,55
LC4,,DNge017,7,7,4591,55
LC4,LC31b,DNpe042,9,11,563,55
LPLC2,AVLP708m,DNp30,1,1,6,55
LPLC2,LHAD1g1,DNp71,2,2,2049,55
LPLC2,WED104,DNg29,2,4,166,55
LC4,WED189,DNg56,1,2,10,55
LPLC2,LoVP18,DNg111,4,4,4,55
LC4,CB4103,DNbe005,6,8,307,55
LPLC2,GNG300,DNg85,2,4,1266,55
LPLC2,CL140,DNpe021,2,2,209,55
LC4,PVLP015,DNg82,2,4,1666,55
LC4,GNG300,DNg85,2,4,288,55
LPLC2,PVLP015,DNg82,2,4,370,55
LC4,AVLP340,DNpe025,1,1,1,55
LC4,CB2153,DNp33,1,2,4,55
LC4,PLP060,DNp07,2,2,57,55
LC4,PLP106,DNp47,4,6,150,55
LC4,LoVC11,DNpe013,1,2,2,55
LC4,WED125,DNa02,3,3,867,55
LC4,CL140,DNpe021,2,2,434,55
LC4,AN07B004,DNpe010,2,4,12,54
LPLC2,CB2472,DNp01,3,4,11,54
LC4,WED106,DNg51,3,9,26,54
LPLC2,PVLP015,DNpe037,2,2,185,54
LPLC2,CL131,DNp31,1,2,2,54
LPLC2,HST,DNa06,2,2,3,54
LPLC2,AVLP037,DNp43,1,1,2,54
LC4,CL128a,DNp35,4,4,121,54
LPLC2,PVLP031,DNp103,4,7,27,54
LPLC2,CL266_a3,DNp06,1,1,4,54
LPLC2,HSN,DNp18,2,2,26,54
LC4,LT51,DNa09,3,3,3,54
LC4,CL022_c,DNpe026,2,3,4,54
LPLC2,PVLP093,DNg30,2,4,1408,54
LPLC2,CL319,DNg102,2,8,8,54
LC4,PVLP093,DNg30,2,4,88,54
LC4,CL367,DNg74_a,2,3,16,54
LC4,GNG300,DNge130,2,4,288,54
LC4,PLP209,DNa10,1,2,2,54
LPLC2,LAL026_a,DNg31,2,2,9,54
LC4,LoVP50,DNbe007,6,6,33,54
LC4,PLP034,DNb05,2,2,305,54
LC4,CL001,DNpe043,1,1,1,54
LPLC2,WED060,DNp69,4,4,67,54
LPLC2,GNG300,DNge130,2,4,1266,54
LPLC2,PLP219,DNa15,4,4,530,54
LC4,CB1498,DNp103,2,2,374,54
LC4,CB3376,DNa03,3,3,9,54
LPLC2,AVLP746m,DNa02,2,3,43,54
LC4,LC36,DNb04,5,9,14,54
LC4,AVLP605,DNg108,1,2,8,54
LPLC2,AVLP591,DNpe031,2,4,34,54
LC4,PLP219,DNa15,4,4,1075,54
LPLC2,,DNge138,3,6,24,54
LPLC2,AVLP040,DNpe031,2,4,18,54
LPLC2,,DNpe025,10,11,3179,54
LC4,PVLP031,DNp103,4,7,160,54
LC4,PVLP015,DNpe037,2,2,833,54
LPLC2,CB1498,DNp103,2,2,3,54
LC4,CB4102,DNb09,7,11,559,54
LC4,PVLP100,DNp05,3,3,260,53
LC4,CL286,DNpe026,1,2,2,53
LC4,CB4162,DNp103,2,4,20,53
LC4,PVLP120,DNp04,2,3,414,53
LC4,PLP019,DNa01,1,1,1,53
LC4,AVLP396,DNpe024,1,1,3,53
LC4,CL367,DNp56,2,2,11,53
LPLC2,AVLP316,DNde002,3,3,125,53
LPLC2,PLP230,DNa09,1,1,24,53
LC4,OCG02b,DNpe032,2,4,4,53
LPLC2,CB4101,DNb01,1,1,49,53
LPLC2,LAL016,DNae007,1,1,77,53
LPLC2,PVLP120,DNp04,2,3,1596,53
LPLC2,LoVP25,DNa10,3,6,48,53
LC4,PLP230,DNa09,1,1,1,53
LC4,AVLP501,DNp66,1,2,2,53
LPLC2,PVLP209m,DNp45,3,5,35,53
LC4,PS181,DNg02_d,1,2,4,53
LC4,SAD055,DNp01,2,3,132,52
LPLC2,AVLP001,DNp30,2,2,2,52
LC4,GNG517,DNge142,1,2,6,52
LPLC2,MBON33,DNge149,1,1,1,52
LC4,LLPC1,DNa04,17,17,26,52
LC4,WED196,DNp69,1,2,4,52
LC4,OCG02b,DNp16_b,2,4,4,52
LPLC2,PVLP024,DNp35,3,6,104,52
LPLC2,AVLP040,DNpe043,2,2,9,52
LPLC2,LPT28,DNb04,2,3,16,52
LPLC2,LAL026_b,DNg04,1,2,4,52
LC4,AVLP016,DNp70,2,4,230,52
LPLC2,PVLP150,DNp70,2,4,398,52
LC4,WED107,DNd03,2,2,9,52
LC4,PVLP010,DNge130,2,2,2176,52
LPLC2,LAL016,MDN,1,4,308,52
LC4,WED107,DNp42,2,4,18,52
LPLC2,LC23,DNge054,7,8,23,52
LC4,LAL026_b,DNg04,1,2,84,52
LC4,PS001,DNp01,1,1,12,52
LC4,PLP106,DNpe005,4,7,176,52
LC4,LAL026_a,DNg75,1,1,124,52
LPLC2,PS001,DNp01,1,1,1,52
LPLC2,PVLP010,DNge130,2,2,32,52
LPLC2,vCal2,DNb05,1,2,4,52
LPLC2,5-HTPLP01,DNp64,2,2,5,52
LPLC2,LT51,DNae005,9,9,177,52
LC4,AVLP452,DNp103,4,6,3599,52
LC4,LoVP54,DNp03,2,2,19,52
LC4,CL128a,DNp04,4,4,121,52
LC4,AVLP202,DNb09,2,2,45,52
LC4,WED187,DNg105,1,2,2,52
LPLC2,AVLP452,DNp70,3,6,12,52
LC4,CL140,DNa09,2,3,660,52
LC4,CL309,DNg02_d,1,2,2,52
LC4,PVLP201m_a,DNge123,1,1,4,52
LC4,AN17B005,DNge130,1,2,4,52
LPLC2,CL140,DNa09,2,3,290,52
LPLC2,CB4102,DNp06,2,2,13,52
LC4,AVLP451,DNp06,1,1,1,52
LPLC2,LoVP54,DNp03,2,2,201,52
LPLC2,PVLP151,DNpe024,4,4,6771,52
LPLC2,AVLP316,DNpe025,3,3,125,52
LC4,PVLP151,DNpe024,4,4,1526,52
LC4,PVLP024,DNp35,3,6,13700,52
LPLC2,PVLP034,DNpe042,5,9,68,52
LPLC2,CB3400,DNp06,2,2,24,51
LC4,LoVP50,DNp54,6,6,33,51
LPLC2,AVLP076,DNp69,2,2,12,51
LC4,CB4176,pIP1,7,10,38,51
LPLC2,PVLP141,DNb08,2,4,92,51
LPLC2,AVLP001,DNpe052,2,2,2,51
LC4,5-HTPMPV03,DNg08,2,30,30,51
LC4,PVLP031,DNg40,4,6,146,51
LPLC2,LPT22,DNae010,2,2,50,51
LPLC2,CB1908,DNg40,2,4,12,51
LPLC2,5-HTPMPV03,DNg08,2,30,168,51
LC4,PS304,DNp39,1,1,1,51
LC4,PS181,DNp104,1,2,4,51
LC4,PVLP141,DNb08,2,4,3078,51
LC4,LC33,DNb09,1,1,1,51
LPLC2,WED046,DNp35,1,2,12,51
LPLC2,PVLP114,DNae002,1,1,46,51
LPLC2,CL022_c,DNp01,1,2,2,51
LC4,CL053,DNp54,1,2,2,51
LC4,AVLP605,DNg40,1,2,8,51
LC4,PVLP096,DNp35,1,1,7,51
LC4,CB4102,DNa09,6,6,314,51
LC4,CL066,DNpe045,1,2,6,51
LC4,SAD044,DNp47,2,3,10,51
LC4,CB4248,DNge130,3,3,10,51
LC4,AVLP085,DNp103,1,1,7,51
LC4,LT51,DNpe017,3,3,7,51
LPLC2,PVLP031,DNg40,4,6,19,51
LC4,CB3400,DNp06,2,2,1419,51
LC4,PLP060,DNp36,2,4,114,51
LPLC2,LAL301m,DNa03,2,2,58,51
LPLC2,SAD073,DNpe042,1,2,44,51
LPLC2,PVLP144,DNb08,2,8,40,50
LPLC2,CL319,DNpe042,2,4,4,50
LC4,WED109,DNp06,1,2,46,50
LC4,PVLP094,DNp35,2,2,38,50
LPLC2,PVLP076,DNpe056,2,2,1338,50
LC4,AVLP610,DNp55,2,2,105,50
LPLC2,LC31a,DNp11,14,14,80,50
LC4,CB1638,DNp06,4,4,32,50
LC4,LC31a,DNp11,14,14,35,50
LC4,AVLP340,DNp30,1,1,1,50
LPLC2,5-HTPLP01,DNp34,2,2,5,50
LC4,AVLP280,DNpe028,1,2,2,50
LC4,LC36,DNd05,5,5,8,50
LC4,WED125,DNg01_d,3,3,867,50
LC4,SAD013,DNge113,2,4,396,50
LPLC2,LoVP90a,DNpe003,1,2,6,50
LC4,OA-VUMa4,DNp63,2,4,8,50
LC4,CB4103,DNge040,2,2,47,50
LC4,OCG06,DNp103,2,3,19,50
LPLC2,LT82a,DNa06,2,2,28,50
LPLC2,AVLP705m,DNp35,1,1,1,50
LPLC2,OA-VUMa4,DNp63,2,4,276,50
LC4,CB1934,DNp69,1,2,6,50
LPLC2,AVLP610,DNp55,2,2,8,50
LC4,WED060,DNpe052,2,2,17,50
LC4,AVLP502,DNp06,1,2,4,50
LPLC2,CB4163,DNd04,2,4,150,50
LPLC2,PS171,DNbe003,1,2,6,50
LPLC2,AVLP076,DNp01,2,2,12,50
LC4,PLP018,DNpe031,3,6,80,50
LC4,LT82a,DNa06,2,2,356,50
LC4,CL128a,DNp03,4,4,121,50
LC4,WED060,DNp30,2,2,17,50
LC4,PVLP076,DNpe056,2,2,9,50
LC4,CL286,DNp11,1,1,1,50
LPLC2,SAD013,DNge113,2,4,330,50
LPLC2,LC31a,DNpe024,16,16,71,50
LPLC2,LoVP50,DNp54,5,5,10,50
LPLC2,AVLP538,DNp101,2,2,40,49
LPLC2,PLP034,DNpe003,1,2,6,49
LPLC2,,DNpe056,11,11,823,49
LPLC2,PVLP080_b,DNp103,3,3,6,49
LPLC2,LC9,DNpe031,16,18,26,49
LC4,MeLo14,DNp11,9,9,38,49
LPLC2,PLP018,DNp11,2,2,8,49
LC4,CB0414,DNp01,1,2,48,49
LPLC2,LoVP50,DNbe007,5,5,10,49
LPLC2,PLP060,DNpe037,1,1,11,49
LC4,PLP060,DNg111,2,2,57,49
LPLC2,CB0414,DNp01,1,2,30,49
LC4,LAL300m,MDN,4,14,408,49
LC4,PLP150,DNpe028,7,14,928,49
LC4,PS181,DNg02_c,1,4,8,49
LC4,AN09B023,DNge104,1,2,6,49
LPLC2,VST1,DNg46,2,2,2,49
LC4,PLP219,DNae002,4,4,1075,49
LC4,PVLP076,DNpe040,2,2,9,49
LPLC2,LPT59,DNg02_a,2,13,115,49
LC4,PS182,DNg02_c,2,5,13,49
LPLC2,PLP219,DNae002,4,4,530,49
LPLC2,PVLP076,DNpe040,2,2,1338,49
LPLC2,SAD023,DNp103,5,5,137,49
LC4,PVLP100,DNp01,3,3,260,49
LC4,CL128a,DNpe037,4,4,121,49
LC4,WED187,DNg56,1,2,2,49
LC4,WED124,DNa09,2,2,17,48
LPLC2,PVLP010,DNge184,2,2,32,48
LC4,AVLP500,DNp70,2,3,11,48
LC4,Li26,DNp11,8,8,16,48
LPLC2,AVLP552,DNpe056,2,2,3,48
LC4,AVLP204,DNpe031,3,11,93,48
LPLC2,CB1852,aSP22,5,7,1398,48
LC4,PVLP074,DNp103,1,2,12,48
LPLC2,CB3201,DNp06,2,2,4,48
LC4,LoVP89,DNpe022,1,1,1,48
LC4,CB3400,DNp04,2,2,1419,48
LPLC2,CB3400,DNp04,2,2,24,48
LC4,IB114,DNbe007,2,4,832,48
LC4,LAL053,DNb09,1,1,55,48
LC4,,DNa13,3,5,1372,48
LC4,PLP034,DNp07,2,2,305,48
LC4,PVLP010,DNge184,2,2,2176,48
LPLC2,AVLP500,DNp103,2,2,2718,48
LPLC2,AVLP500,DNp70,2,3,3794,48
LPLC2,PVLP070,DNpe024,4,4,183,48
LC4,SAD044,DNpe005,2,2,7,48
LPLC2,AVLP040,DNp43,2,2,9,48
LPLC2,MBON33,DNge152,1,1,1,48
LPLC2,PVLP150,DNpe024,2,2,199,48
LPLC2,CL367,DNge049,1,2,14,48
LPLC2,PVLP209m,DNa02,3,3,12,48
LC4,WED125,DNp69,3,3,867,48
LPLC2,LAL026_a,DNa03,2,2,9,48
LC4,CB3588,DNp10,1,2,2,48
LC4,LoVP18,DNg92_a,9,16,55,48
LPLC2,CL038,DNg40,2,2,5,48
LPLC2,IB114,DNbe007,2,4,1090,48
LPLC2,,DNpe040,7,7,190,48
LPLC2,SAD013,DNb09,2,4,330,48
LPLC2,PVLP144,DNbe007,2,4,20,48
LPLC2,LPC1,DNg82,21,21,85,48
LC4,AN07B004,DNge094,2,19,57,48
LC4,AVLP500,DNp103,2,2,8,48
LC4,PLP099,DNp47,2,2,34,48
LC4,SAD013,DNb09,2,4,396,48
LC4,PS180,DNg02_e,1,2,4,47
LPLC2,SAD073,DNpe045,1,2,44,47
LC4,GNG517,DNg30,1,2,6,47
LC4,CL286,DNp27,1,2,2,47
LPLC2,CL323,DNp35,4,4,606,47
LC4,WED015,DNp55,3,3,13,47
LPLC2,SAD013,DNg29,2,2,165,47
LC4,LoVP18,DNg79,10,15,40,47
LC4,CL323,DNp35,4,4,878,47
LPLC2,LHAD1g1,DNg104,2,2,2049,47
LC4,SAD013,DNg29,2,2,198,47
LPLC2,PVLP027,DNb09,2,2,39,47
LPLC2,SAD013,DNg09_b,2,2,165,47
LC4,LT51,DNa15,10,10,19,47
LC4,SAD013,DNg09_b,2,2,198,47
LPLC2,CB3019,DNp23,3,5,87,47
LPLC2,WED210,DNp54,1,2,2,47
LC4,AVLP542,DNp55,2,2,17,47
LC4,ANXXX109,DNp02,2,4,40,47
LC4,CL286,DNp70,1,2,2,47
LC4,LC10a,DNp63,17,17,24,47
LPLC2,PVLP124,DNbe004,2,4,56,47
LPLC2,PS001,DNp70,1,2,2,47
LPLC2,CB0929,DNp103,5,7,124,47
LC4,PVLP124,DNbe004,2,4,140,47
LPLC2,CB4101,DNg97,1,1,49,47
LPLC2,LPT26,DNbe001,2,2,65,47
LPLC2,LPT59,DNge084,2,4,36,47
LC4,AVLP149,DNg30,7,9,200,47
LPLC2,AVLP437,DNpe031,2,4,10,47
LPLC2,AVLP204,DNp55,2,4,60,47
LPLC2,PLP060,DNb09,1,1,11,47
LPLC2,PVLP124,DNpe045,2,4,56,47
LC4,PVLP031,DNb05,4,4,88,47
LC4,CL367,DNp49,2,4,22,47
LPLC2,LoVP101,DNge046,2,5,11,47
LC4,PS001,DNp70,1,2,24,47
LPLC2,PVLP034,DNg101,8,11,90,47
LC4,PVLP027,DNb09,2,2,40,47
LC4,LHAD1g1,DNg104,2,2,555,47
LPLC2,LC23,DNg01_b,6,9,31,47
LC4,CB4176,DNge141,7,12,42,47
LPLC2,LoVP93,DNae010,9,9,185,47
LPLC2,PVLP031,DNb05,4,4,16,47
LC4,LoVP93,DNae010,9,9,213,47
LPLC2,LAL026_a,DNg13,2,2,9,47
LC4,PVLP124,DNpe045,2,4,140,47
LPLC2,LPT31,DNg41,6,6,11,46
LPLC2,LPT50,DNp72,2,2,113,46
LC4,CB1280,DNp06,2,4,310,46
LC4,CL309,DNb07,1,2,2,46
LPLC2,AVLP001,pIP1,2,2,2,46
LC4,PS304,DNge107,1,2,2,46
LC4,LoVP18,DNp47,8,8,29,46
LC4,PLP300m,DNg109,3,6,38,46
LPLC2,PVLP022,DNp01,2,3,919,46
LC4,PVLP022,DNp01,2,3,3138,46
LPLC2,LC29,DNae007,7,7,11,46
LC4,SAD023,DNp04,6,6,556,46
LPLC2,LoVP109,DNp71,1,1,17,46
LC4,LoVP109,DNp71,1,1,7,46
LC4,GNG506,DNge064,1,2,2,46
LPLC2,AVLP076,DNp09,2,2,12,46
LC4,AN07B004,DNg02_e,2,4,12,46
LC4,PS182,DNg02_f,2,4,12,46
LPLC2,AVLP169,DNp101,2,2,178,46
LPLC2,AMMC-A1,DNp06,5,8,558,46
LC4,AMMC-A1,DNp06,5,8,15600,46
LC4,LPLC1,DNa04,24,24,44,46
LC4,CB2676,DNp55,2,4,32,46
LPLC2,PVLP130,pIP1,2,2,2601,46
LPLC2,LT86,DNae007,1,1,2,46
LC4,LPLC4,DNpe002,15,15,25,46
LC4,PVLP130,pIP1,2,2,1944,46
LC4,PS112,DNa10,1,2,4,46
LC4,AN09B023,DNge048,1,2,6,46
LC4,CB1498,DNp23,2,4,748,45
LC4,LT51,DNge124,7,7,13,45
LC4,AVLP016,DNp101,2,2,115,45
LC4,AVLP500,DNp71,2,2,8,45
LC4,CB1314,DNp01,5,5,14,45
LC4,LoVP92,DNg111,5,9,19,45
LC4,LC6,DNp70,19,24,25,45
LC4,LHAD1g1,DNpe042,2,2,555,45
LPLC2,WED072,DNp09,5,5,22,45
LPLC2,AVLP204,DNpe031,2,8,120,45
LPLC2,LoVP92,DNg82,8,12,119,45
LPLC2,WED072,DNp71,5,5,22,45
LC4,PVLP076,DNb05,2,2,9,45
LPLC2,SAD013,DNb03,2,4,330,45
LPLC2,CL266_a3,DNpe045,1,2,8,45
LPLC2,CB4176,DNp18,2,2,2,45
LC4,CB4179,DNp02,5,5,86,45
LPLC2,AVLP203_c,DNg29,2,4,36,45
LPLC2,PVLP074,DNp42,4,5,901,45
LPLC2,PVLP076,DNb05,2,2,1338,45
LPLC2,AVLP076,DNg40,2,2,12,45
LPLC2,CL203,DNp70,1,2,2,45
LC4,AN27X011,DNp23,1,1,2,45
LC4,CL053,DNp19,1,2,2,45
LC4,CL140,DNa05,2,2,434,45
LPLC2,LoVP25,DNpe022,3,6,48,45
LPLC2,CB1498,DNp23,2,4,6,45
LC4,LLPC2,DNbe001,12,12,14,45
LPLC2,5-HTPMPV03,DNg56,2,4,24,45
LPLC2,AN27X011,DNp23,1,1,1,45
LC4,CL128a,DNp10,4,4,121,45
LC4,WED061,DNp30,2,2,6,45
LC4,AVLP203_c,DNg29,2,4,40,45
LC4,SAD013,DNb03,2,4,396,45
LPLC2,CL140,DNa05,2,2,209,45
LC4,LT83,DNg104,2,2,16,45
LPLC2,AVLP169,DNpe050,2,2,178,45
LC4,CB2676,DNg29,2,3,22,45
LPLC2,AVLP500,DNp71,2,2,2718,45
LC4,PS002,DNg01_b,3,3,11,45
LC4,5-HTPMPV03,DNg56,2,4,4,45
LPLC2,CB3201,DNp02,2,2,4,45
LC4,PS306,DNb02,2,8,180,45
LPLC2,LHAV2b4,DNp06,4,4,8,45
LC4,LC23,DNb05,7,7,94,45
LPLC2,HST,DNge071,2,4,6,45
LPLC2,LHAD1g1,DNpe042,2,2,2049,45
LPLC2,CL053,DNae010,2,4,88,45
LPLC2,SAD044,DNbe007,1,1,1,45
LC4,PVLP019,DNp55,2,2,472,45
LPLC2,LT83,DNg104,2,2,10,45
LC4,PLP300m,DNge046,3,10,64,44
LPLC2,AVLP452,DNpe045,3,6,12,44
LC4,AVLP016,DNp06,2,2,115,44
LC4,CB1932,DNpe031,7,16,1023,44
LPLC2,WED060,DNge011,4,4,67,44
LC4,PLP150,DNpe021,6,11,775,44
LPLC2,PVLP021,DNp11,4,5,39,44
LPLC2,PVLP144,DNb04,2,4,20,44
LPLC2,LT64,DNbe007,2,2,3,44
LPLC2,PVLP013,DNp11,2,2,52,44
LC4,CB3024,DNg29,1,1,1,44
LPLC2,PS208,DNae002,1,1,1,44
LC4,PLP150,DNp07,6,9,661,44
LPLC2,LT51,DNg01_a,4,4,149,44
LPLC2,LPT52,DNb05,2,2,6,44
LC4,CL323,DNae010,4,4,878,44
LC4,LC10d,DNp10,10,10,22,44
LPLC2,CB0414,DNg40,1,2,30,44
LC4,CB0414,DNg40,1,2,48,44
LPLC2,AVLP076,DNpe021,2,2,12,44
LC4,CB4118,DNg56,5,5,18,44
LPLC2,CB4162,DNp06,4,7,344,44
LPLC2,PS181,DNg02_g,2,7,120,44
LC4,AN09B023,DNp102,1,1,3,44
LPLC2,LAL016,DNde003,1,2,154,44
LC4,WED125,DNa03,3,3,867,44
LC4,CB4102,DNbe004,7,9,436,44
LPLC2,CL022_c,DNp02,1,1,1,44
LPLC2,PVLP150,DNpe040,2,2,199,44
LC4,CB1314,DNb05,5,5,14,44
LPLC2,CL213,DNg52,2,8,180,44
LPLC2,H2,DNa02,2,2,99,44
LC4,WED119,DNg56,2,2,3,44
LC4,GNG340,DNg84,1,2,18,44
LC4,AVLP396,DNp45,1,1,3,44
LC4,PVLP141,DNg01_a,2,2,1539,44
LPLC2,LAL301m,DNa06,2,2,58,44
LC4,LT64,DNbe007,2,2,2,44
LPLC2,CL323,DNae010,4,4,606,44
LPLC2,LC23,DNp57,5,6,15,44
LC4,LAL301m,DNg13,2,2,37,44
LPLC2,PS182,DNg02_e,1,2,6,44
LPLC2,5-HTPLP01,DNp103,2,2,5,44
LPLC2,LoVP101,DNp27,2,4,10,44
LC4,PVLP021,DNp11,4,5,4347,44
LPLC2,PVLP128,DNp103,4,4,13,44
LPLC2,CL309,DNg02_f,1,2,4,44
LC4,CL128a,DNp31,4,4,121,44
LPLC2,PVLP141,DNg01_a,2,2,46,44
LC4,LoVP85,DNpe021,2,4,1212,43
LPLC2,AVLP086,DNge094,1,2,6,43
LPLC2,CB4102,DNa05,2,3,17,43
LPLC2,LPT50,DNbe001,2,2,113,43
LC4,LoVC25,DNp102,1,2,2,43
LC4,PS306,DNge007,2,4,90,43
LPLC2,PVLP034,DNpe031,7,10,93,43
LC4,AN09B023,DNde005,1,1,3,43
LC4,PLP208,DNa15,2,2,8,43
LC4,LT51,DNg01_a,3,3,7,43
LC4,PVLP034,DNp06,2,4,10,43
LPLC2,CB3201,DNp04,2,2,4,43
LPLC2,CB3400,DNp103,2,2,24,43
LC4,CB4180,DNg40,1,2,54,43
LC4,LC9,DNp35,11,11,17,43
LC4,SAD098,DNp06,1,2,52,43
LPLC2,CB4180,DNg40,1,2,4,43
LPLC2,MeVP18,DNpe056,6,6,44,43
LC4,CB3400,DNp103,2,2,1419,43
LC4,LC10a,DNa16,8,8,10,43
LPLC2,WED046,DNp103,1,2,12,43
LC4,PLP300m,DNge035,3,3,19,43
LC4,WED119,DNg32,2,4,6,43
LPLC2,OA-VUMa4,DNa02,2,4,276,43
LPLC2,CL131,DNpe005,1,2,2,43
LPLC2,LoVC25,DNp102,1,2,2,43
LPLC2,PVLP100,DNp04,1,1,1,43
LPLC2,LLPC3,DNae002,15,15,20,43
LPLC2,LT75,DNb05,2,2,6,43
LC4,CL286,DNp35,1,2,2,43
LPLC2,SAD073,DNp103,1,2,44,43
LPLC2,AVLP040,DNp06,2,2,9,43
LC4,OA-VUMa4,DNa02,2,4,8,43
LPLC2,LoVP85,DNpe021,2,4,62,43
LPLC2,AVLP592,DNp45,2,2,100,43
LPLC2,AVLP396,DNp69,2,2,922,43
LC4,PLP060,DNp63,2,4,114,43
LPLC2,CB0128,DNge136,1,4,56,43
LC4,AVLP451,DNp23,1,2,2,42
LC4,CL309,DNpe037,1,2,2,42
LC4,CB4103,DNb07,6,10,377,42
LC4,CL367,DNp04,2,4,22,42
LC4,PLP093,DNp57,2,4,444,42
LC4,OCG06,DNp10,2,4,24,42
LPLC2,LT35,DNp11,2,2,6,42
LPLC2,AVLP429,DNg40,2,3,76,42
LPLC2,WED108,DNp66,1,2,14,42
LPLC2,AVLP711m,DNd05,5,9,878,42
LC4,PVLP151,DNp70,4,8,3052,42
LPLC2,HST,DNp15,2,2,3,42
LC4,AN17B013,DNp02,2,2,5,42
LC4,PVLP201m_a,DNp34,1,1,4,42
LPLC2,CL323,DNae004,4,4,606,42
LPLC2,CL367,DNp70,1,2,14,42
LC4,PVLP141,DNg01_b,2,2,1539,42
LPLC2,CL203,DNa13,1,4,4,42
LPLC2,AVLP492,DNpe042,2,4,4,42
LC4,MeVP18,DNpe052,1,1,1,42
LC4,PVLP034,DNp69,2,3,6,42
LC4,LoVP85,DNg79,2,7,2122,42
LPLC2,AVLP429,DNp103,2,4,104,42
LC4,LT35,DNp11,2,2,174,42
LC4,AVLP429,DNg40,2,3,606,42
LC4,AVLP429,DNp103,2,4,818,42
LC4,WED107,DNge049,2,4,18,42
LPLC2,LoVP85,DNg79,2,7,104,42
LPLC2,LoVP92,DNg111,5,8,13,42
LPLC2,PVLP151,DNp70,4,8,13542,42
LC4,CB4102,DNp26,7,7,362,42
LPLC2,AVLP258,DNp35,2,4,1592,42
LC4,LAL053,DNae007,1,1,55,42
LPLC2,WED060,DNpe056,4,4,67,42
LPLC2,VST1,DNp53,2,4,4,42
LPLC2,CL266_a3,DNpe042,1,2,8,42
LC4,AVLP258,DNp35,2,4,30,42
LC4,PS180,DNg02_f,1,2,4,42
LC4,AN09B023,DNpe022,1,1,3,42
LC4,LoVP101,DNge046,1,3,9,42
LPLC2,PVLP141,DNg01_b,2,2,46,42
LPLC2,CB3019,DNp71,3,3,59,42
LC4,CB3879,DNp01,2,2,12,42
LC4,CL323,DNae004,4,4,878,42
LPLC2,MeVP18,DNge032,6,6,44,42
LPLC2,AVLP080,DNpe021,2,2,31,42
LPLC2,LPLC4,DNae009,14,14,615,42
LPLC2,LC10c-1,DNa10,1,1,1,41
LC4,PVLP046,DNp11,4,6,815,41
LC4,PS182,DNp49,2,4,12,41
LPLC2,CB4163,DNp04,6,6,566,41
LPLC2,AVLP552,DNp45,2,2,3,41
LPLC2,VST1,DNge043,2,2,2,41
LPLC2,AVLP711m,pIP10,4,8,646,41
LC4,WED106,DNp73,3,6,16,41
LPLC2,LAL300m,DNa06,1,1,19,41
LPLC2,AVLP490,DNpe056,3,3,11,41
LPLC2,CL367,DNp06,1,2,14,41
LPLC2,LLPC1,DNge141,17,17,33,41
LPLC2,PS181,DNb04,2,4,68,41
LPLC2,PVLP114,DNg96,1,1,46,41
LPLC2,WED072,DNpe040,5,5,22,41
LC4,Li11a,DNp11,4,4,20,41
LC4,PVLP094,DNp04,2,2,38,41
LPLC2,AVLP452,DNp103,3,4,8,41
LC4,CB4102,DNp35,7,7,362,41
LPLC2,AVLP079,DNp06,1,1,9,41
LPLC2,SAD014,DNg40,4,6,71,41
LC4,PLP241,DNge043,1,2,24,41
LPLC2,PVLP144,DNpe001,2,4,20,41
LC4,SAD014,DNg40,4,6,60,41
LC4,CB0206,DNa04,1,2,4,41
LPLC2,PLP018,DNpe056,2,2,8,41
LPLC2,SAD044,DNp47,1,1,1,41
LC4,AVLP572,DNp69,1,2,2,41
LPLC2,PVLP034,DNge032,7,8,76,40
LPLC2,PVLP013,DNp04,2,4,104,40
LC4,PLP209,DNp26,1,1,1,40
LC4,PLP209,DNp19,1,2,2,40
LC4,LC33,DNa11,1,1,1,40
LC4,OCG02b,DNa10,2,4,4,40
LPLC2,LAL026_b,DNde003,1,2,4,40
LC4,LoVP26,DNpe021,7,13,47,40
LC4,AVLP711m,DNp13,1,2,48,40
LPLC2,CL203,DNg75,1,2,2,40
LPLC2,AVLP316,DNg101,3,3,125,40
LPLC2,PLP018,DNp03,2,2,8,40
LPLC2,PS181,DNa07,2,2,34,40
LPLC2,LAL136_b,DNae002,1,1,2,40
LPLC2,SAD023,DNp04,5,5,137,40
LC4,SAD098,DNge130,1,2,52,40
LPLC2,LHAV2b4,DNp35,5,5,10,40
LPLC2,PVLP026,DNp04,2,2,57,40
LC4,CL140,pMP2,2,2,434,40
LPLC2,AVLP340,DNp34,2,2,1234,40
LPLC2,LAL016,DNae005,1,1,77,40
LPLC2,AVLP016,DNp35,1,1,1,40
LC4,LAL026_b,DNde003,1,2,84,40
LPLC2,Nod3,DNg36_a,2,7,35,40
LPLC2,PS208,DNae003,1,2,2,40
LPLC2,CB0414,DNp02,1,1,15,40
LC4,LoVC11,DNp102,1,1,1,40
LPLC2,CL140,pMP2,2,2,209,40
LPLC2,PVLP062,DNb09,2,4,14,40
LPLC2,LC31a,DNge032,19,19,102,40
LPLC2,AVLP259,DNp02,4,4,477,40
LC4,CB0414,DNp02,1,1,24,40
LC4,CL001,DNp101,1,1,1,40
LC4,PVLP062,DNb09,2,4,22,40
LC4,PS182,DNg95,2,4,12,40
LPLC2,CL203,DNde007,1,2,2,40
LC4,AVLP259,DNp02,4,4,2295,40
LC4,PLP029,DNae001,2,2,562,40
LPLC2,LLPC3,DNa04,15,15,25,40
LC4,PVLP026,DNp04,2,2,326,40
LC4,OCG06,DNp06,2,2,12,40
LPLC2,GNG300,DNp04,2,2,633,39
LC4,,DNp11,14,14,3898,39
LPLC2,LC19,DNp39,7,7,37,39
LC4,PLP018,DNp70,3,3,40,39
LC4,PS002,DNa06,3,3,11,39
LC4,CL323,DNae003,4,4,878,39
LC4,CB0154,DNp06,1,1,2,39
LPLC2,AVLP538,pIP1,2,2,40,39
LPLC2,CL309,DNb09,1,1,2,39
LC4,GNG300,DNp04,2,2,144,39
LPLC2,AVLP016,DNp59,1,2,2,39
LC4,CB4101,DNbe005,5,5,40,39
LPLC2,CB4162,DNp69,4,7,317,39
LC4,UNKNOWN,DNp06,25,25,80,39
LC4,AVLP016,DNpe052,2,2,115,39
LPLC2,LoVP89,DNpe021,2,2,2,39
LPLC2,WED072,DNb05,5,5,22,39
LC4,WED125,DNp03,3,3,867,39
LPLC2,VS,DNpe013,6,6,46,39
LC4,PVLP031,DNa04,4,4,88,39
LC4,,DNg82,11,18,8413,39
LC4,WED125,DNa13,3,5,1465,39
LC4,PS306,DNg14,2,4,90,39
LC4,PLP241,DNbe004,1,2,24,39
LPLC2,LC6,DNpe021,14,14,18,39
LPLC2,LPT29,DNge091,1,4,32,39
LC4,PLP208,DNg01_a,2,2,8,39
LC4,LT61a,DNge032,2,4,38,39
LPLC2,MeVP18,DNp06,6,6,44,39
LPLC2,CB3513,DNp06,4,5,170,39
LPLC2,PVLP031,DNa04,4,4,16,39
LPLC2,LT61a,DNge032,2,4,34,39
LPLC2,CL319,DNg74_a,2,4,4,39
LPLC2,CL323,DNae003,4,4,606,39
LC4,GNG506,DNg102,1,2,2,39
LC4,Y11,DNp11,7,7,8,39
LC4,CB3513,DNp06,4,5,2974,39
LPLC2,PVLP011,DNp35,2,2,11623,39
LPLC2,PVLP080_a,DNp06,2,2,6,39
LC4,PVLP011,DNp35,2,2,1011,39
LC4,WED072,DNp11,3,3,4,39
LC4,PS002,DNg49,3,3,11,39
LPLC2,LPT28,DNp72,2,2,10,39
LPLC2,AVLP452,DNpe042,3,6,12,39
LC4,LPT29,DNge091,1,4,4,39
LC4,LC19,DNb01,2,2,2,39
LPLC2,CB4162,DNpe042,4,7,317,39
LPLC2,CB0128,DNg55,1,1,14,38
LC4,LT85,DNde005,2,2,2,38
LPLC2,LoVP54,DNp02,2,2,201,38
LPLC2,HSS,DNae002,2,2,10,38
LPLC2,LoVP25,DNp05,3,5,34,38
LPLC2,CL053,DNg02_a,2,10,236,38
LPLC2,PLP034,DNp03,1,1,3,38
LC4,PVLP201m_a,DNg111,1,1,4,38
LPLC2,CL053,DNp07,2,4,88,38
LC4,LC23,DNp57,6,7,80,38
LC4,LT41,DNp11,2,2,21,38
LPLC2,LT51,DNg88,5,5,41,38
LC4,SAD011,DNp18,3,3,131,38
LPLC2,WED117,DNge138,2,4,6,38
LPLC2,PVLP114,DNg97,1,2,92,38
LPLC2,PVLP031,DNbe001,3,4,22,38
LPLC2,CB0128,DNde007,1,2,28,38
LC4,LT1c,DNp35,2,2,12,38
LC4,CL066,DNp49,1,2,6,38
LC4,CB1280,DNp103,2,4,310,38
LC4,WED116,DNp06,1,2,328,38
LPLC2,GNG300,DNg74_b,1,2,766,38
LC4,LoVP25,DNa10,1,2,2,38
LPLC2,PVLP027,DNp103,2,3,65,38
LC4,GNG300,DNg74_b,1,2,168,38
LPLC2,PVLP021,DNp02,4,5,39,38
LPLC2,LoVC7,DNp31,2,4,4,38
LPLC2,vCal1,DNg02_a,2,8,8,38
LC4,WED189,DNp06,1,2,10,38
LC4,CB3201,DNp11,4,4,715,38
LPLC2,vCal3,DNge030,2,4,262,38
LPLC2,5-HTPLP01,DNpe045,2,2,5,38
LC4,PVLP027,DNp103,2,3,76,38
LPLC2,LT1c,DNp35,2,2,6,38
LC4,PLP208,DNpe037,2,3,15,38
LPLC2,CB0431,DNae002,1,1,16,38
LC4,UNKNOWN,DNp03,34,34,175,38
LC4,PVLP031,DNbe001,3,4,80,38
LPLC2,AVLP176_d,DNpe031,4,8,396,38
LPLC2,LT85,DNpe021,1,1,1,38
LC4,WED189,DNg32,1,2,10,38
LC4,PVLP062,DNp02,2,2,11,38
LC4,AVLP746m,DNa02,1,2,8,38
LC4,SAD014,DNge130,4,4,42,38
LC4,PVLP021,DNp02,4,5,4347,38
LC4,PLP211,DNp64,2,4,34,38
LC4,PLP211,DNd05,2,4,34,38
LPLC2,LT41,DNp11,2,2,2,38
LC4,AVLP490,DNp13,1,1,1,38
LPLC2,PLP211,DNp64,2,4,310,38
LC4,AN07B004,DNg32,2,4,12,38
LC4,LoVC7,DNp31,2,4,46,38
LC4,LC31a,DNge032,18,18,43,38
LC4,LoVP54,DNp02,2,2,19,38
LPLC2,PVLP062,DNp02,2,2,7,38
LPLC2,SAD014,DNge130,4,4,46,38
LPLC2,PLP211,DNd05,2,4,310,38
LC4,LoVP85,DNp57,2,4,1212,37
LC4,LC22,DNge054,14,14,29,37
LPLC2,PS182,DNp11,1,1,3,37
LPLC2,LT51,DNge127,6,6,37,37
LC4,PVLP046,DNp01,1,2,352,37
LPLC2,PS182,DNp104,1,2,6,37
LC4,PLP099,DNbe007,2,2,34,37
LPLC2,PS181,DNpe053,2,4,68,37
LC4,CB4101,DNbe006,5,5,49,37
LPLC2,MeVP53,DNp02,1,1,2,37
LPLC2,CL309,DNp104,1,2,4,37
LC4,LoVC7,DNp54,2,4,46,37
LPLC2,AVLP076,DNpe039,2,2,12,37
LC4,Tlp13,DNp11,6,6,11,37
LPLC2,PS001,DNge053,1,2,2,37
LC4,PLP029,DNa03,2,2,562,37
LC4,PS182,DNbe004,2,3,7,37
LPLC2,LoVP101,DNge006,2,2,5,37
LPLC2,PS171,DNae007,1,1,3,37
LPLC2,,DNpe021,8,8,607,37
LPLC2,LC19,DNpe013,7,8,36,37
LPLC2,PVLP130,DNp02,2,2,2601,37
LC4,PS001,DNge053,1,2,24,37
LPLC2,CL140,DNg49,2,2,209,37
LPLC2,VS,DNge088,6,6,47,37
LC4,AVLP339,DNp66,2,3,147,37
LC4,CL066,DNge053,1,2,6,37
LC4,CL140,DNg49,2,2,434,37
LC4,PVLP128,DNp103,3,3,7,37
LPLC2,HSE,DNa02,2,2,14,37
LC4,WED127,DNa03,3,3,227,37
LC4,LAL026_b,DNa11,1,1,42,37
LC4,PVLP130,DNp02,2,2,1944,37
LC4,PLP074,DNpe021,1,2,4,37
LC4,AN07B004,DNge176,2,4,12,37
LC4,WED125,DNp06,3,3,867,37
LC4,LHAD1g1,DNp30,2,3,788,37
LPLC2,CL266_a3,DNpe053,1,2,8,37
LC4,PVLP068,DNp04,4,4,227,37
LC4,GNG300,DNg81,2,4,288,37
LC4,AVLP605,DNp103,1,2,8,37
LPLC2,AVLP591,DNp69,2,2,17,37
LC4,AVLP605,DNp01,1,2,8,37
LPLC2,HST,DNge006,2,2,3,37
LC4,AVLP452,DNp02,4,4,2471,37
LC4,PVLP123,DNp68,5,6,349,37
LC4,MeLo10,DNp11,13,13,29,37
LPLC2,LHAD1g1,DNp30,2,3,3124,37
LPLC2,AVLP340,DNp66,2,2,1234,37
LC4,WED127,DNg01_a,3,3,227,37
LC4,LoVP26,DNb01,5,7,20,37
LPLC2,HSS,DNp15,2,2,10,37
LPLC2,LoVP85,DNp57,2,4,62,37
LPLC2,PVLP034,DNg40,7,9,74,37
LPLC2,LAL026_b,DNa11,1,1,2,37
LPLC2,GNG300,DNg81,2,4,1266,37
LC4,WED196,DNg24,1,2,4,37
LPLC2,PVLP014,DNp64,2,4,60,37
LC4,PVLP093,DNpe052,2,4,88,37
LPLC2,LoVC7,DNp54,2,4,4,37
LPLC2,PVLP093,DNpe052,2,4,1408,37
LC4,AVLP609,DNp55,1,2,4,37
LC4,PLP017,DNp103,1,1,3,37
LPLC2,AVLP339,DNp66,2,3,71,37
LC4,WED166_d,DNb05,2,4,4,37
LPLC2,PVLP046,DNp01,1,2,8,37
LC4,SAD055,DNp11,2,4,198,36
LPLC2,CL323,DNb09,4,6,873,36
LC4,OA-VUMa4,DNa06,2,4,8,36
LPLC2,CL213,DNge144,2,4,90,36
LPLC2,LoVC7,DNpe055,2,3,3,36
LPLC2,OA-VUMa4,DNa06,2,4,276,36
LPLC2,LT86,DNae005,1,1,2,36
LC4,LT82a,DNp05,3,3,527,36
LPLC2,LC16,DNp43,14,14,16,36
LC4,AN07B004,DNae010,2,4,12,36
LPLC2,AVLP203_b,DNp01,1,2,14,36
LC4,GNG343,DNge140,2,4,22,36
LPLC2,MeVPLp1,DNd03,2,4,12,36
LPLC2,LC22,DNc01,6,6,17,36
LC4,LC9,DNp70,18,20,35,36
LPLC2,PVLP068,DNp04,4,4,65,36
LC4,CB3513,DNp103,4,5,2974,36
LC4,LoVP54,DNp69,2,2,19,36
LC4,LoVC7,DNpe055,2,3,34,36
LC4,LoVCLo3,DNp101,2,4,52,36
LC4,AVLP203_b,DNp01,1,2,4,36
LPLC2,CB3513,DNp103,4,5,170,36
LPLC2,LoVP18,DNp47,5,5,5,36
LC4,CL128a,DNp11,4,4,121,36
LC4,CL323,DNb09,4,6,1446,36
LPLC2,LC36,DNp31,2,4,6,36
LPLC2,VS,DNp18,4,4,13,36
LC4,PS306,DNae005,2,4,90,36
LPLC2,LC9,DNp70,17,20,32,36
LC4,CB4179,DNp06,5,5,86,36
LPLC2,PVLP141,DNge037,2,2,46,36
LPLC2,PS182,DNp69,1,1,3,36
LPLC2,LPC1,DNp103,23,23,79,36
LPLC2,VST1,DNg94,2,2,2,36
LPLC2,PVLP046,DNp11,2,3,9,36
LPLC2,AVLP076,DNpe042,2,4,24,36
LC4,PVLP031,DNp02,4,6,138,36
LC4,AVLP202,DNp04,2,2,45,36
LC4,GNG517,DNde006,1,2,6,36
LC4,CB4102,DNbe001,6,11,501,36
LPLC2,AVLP429,DNpe056,2,4,104,36
LPLC2,AVLP711m,pMP2,4,5,365,36
LPLC2,PVLP144,DNp56,2,4,20,36
LC4,LC23,DNg04,5,11,157,36
LPLC2,LT82a,DNp05,3,3,46,36
LC4,WED125,DNg01_c,3,3,867,36
LPLC2,LoVCLo3,DNp101,2,4,318,36
LC4,LC35b,DNpe037,1,1,3,36
LC4,PLP060,DNp04,2,2,57,36
LC4,PVLP141,DNge037,2,2,1539,36
LC4,WED106,DNp55,3,3,8,36
LC4,AVLP429,DNpe056,2,4,818,36
LC4,AN17B005,DNp11,1,1,2,36
LPLC2,vCal3,DNb05,2,4,262,36
LC4,CL022_c,DNp35,2,3,5,36
LPLC2,PVLP074,DNp11,3,3,699,36
LPLC2,LoVP54,DNp69,2,2,201,36
LPLC2,,DNa02,2,2,8,36
LPLC2,PVLP031,DNp02,4,6,25,36
LC4,LAL026_a,DNde003,1,2,248,35
LC4,LoVP50,DNpe005,6,6,33,35
LPLC2,PVLP027,DNp05,2,2,39,35
LC4,CL309,DNp104,1,2,2,35
LC4,OA-VUMa4,DNg41,2,4,8,35
LC4,CB4176,DNp66,5,5,12,35
LC4,LT52,DNa10,4,4,7,35
LPLC2,PVLP141,DNa03,2,2,46,35
LPLC2,PVLP034,DNpe025,7,11,84,35
LC4,CB4103,DNg109,2,3,50,35
LC4,CL022_b,DNg40,2,2,25,35
LC4,CB4102,DNa03,6,7,361,35
LC4,CL128a,DNp02,4,4,121,35
LPLC2,PVLP076,DNp04,2,2,1338,35
LC4,LT62,DNg40,2,4,34,35
LC4,LC22,DNp31,11,11,20,35
LPLC2,PVLP093,DNp36,2,4,1408,35
LC4,AVLP572,DNpe053,1,2,2,35
LC4,AN07B004,DNge181,2,8,24,35
LC4,PS304,DNae005,1,1,1,35
LC4,PVLP027,DNp05,2,2,40,35
LC4,PVLP021,DNp03,4,5,4151,35
LPLC2,,DNp12,3,3,12,35
LC4,AVLP340,DNpe056,1,1,1,35
LC4,PLP208,DNg01_d,2,2,8,35
LC4,AVLP016,pIP1,2,2,115,35
LC4,AVLP076,DNp43,1,1,1,35
LC4,AVLP299_d,DNpe025,1,1,1,35
LPLC2,LAL301m,DNg13,2,2,58,35
LC4,PS304,DNge026,1,1,1,35
LPLC2,LAL301m,MDN,2,7,186,35
LC4,WED119,DNge138,2,4,6,35
LC4,PS304,DNg100,1,2,2,35
LPLC2,PS182,DNp03,1,1,3,35
LC4,TmY19a,DNp11,7,7,11,35
LC4,PLP093,DNpe021,2,3,345,35
LPLC2,AVLP609,DNp55,1,1,9,35
LC4,PLP106,DNbe007,4,6,99,35
LPLC2,CL022_b,DNg40,2,2,53,35
LPLC2,AVLP037,DNpe031,1,2,4,35
LPLC2,MBON33,DNp68,1,2,2,35
LPLC2,AVLP079,DNp103,1,1,9,35
LC4,PLP150,DNp26,7,9,645,35
LC4,PLP211,DNpe045,2,4,34,35
LPLC2,LLPC1,DNp31,8,8,15,35
LC4,AVLP502,DNp103,1,2,4,35
LPLC2,LPLC4,DNp27,28,29,930,35
LPLC2,AVLP572,DNpe042,2,4,4,35
LPLC2,MeVPLp1,DNg99,2,3,7,35
LC4,WED109,DNp103,1,2,46,35
LC4,PVLP076,DNp04,2,2,9,35
LPLC2,PLP211,DNpe045,2,4,310,35
LC4,PVLP093,DNp36,2,4,88,35
LC4,,DNg01_a,6,7,2012,35
LC4,PVLP141,DNa03,2,2,1539,35
LPLC2,CL319,DNge136,2,8,8,35
LPLC2,PVLP021,DNp03,4,5,58,35
LPLC2,LT62,DNg40,2,4,26,35
LPLC2,CL286,DNpe024,2,4,50,35
LC4,PVLP100,DNpe021,3,3,260,35
LC4,PLP018,DNpe042,3,3,40,35
LC4,WED046,DNp02,2,2,13,35
LPLC2,OA-VUMa4,DNg41,2,4,276,35
LPLC2,PLP093,DNp03,1,1,10,35
LPLC2,CL266_a3,DNpe021,1,1,4,35
LC4,PVLP064,DNp103,6,7,1303,35
LPLC2,LLPC2,DNp27,30,32,64,34
LC4,PS002,DNpe004,3,5,18,34
LPLC2,PVLP034,DNp04,7,7,55,34
LPLC2,AVLP593,DNge141,1,1,1,34
LC4,GNG506,DNg74_b,1,2,2,34
LPLC2,CL286,DNb09,2,4,50,34
LPLC2,SAD073,DNb09,1,2,44,34
LC4,WED196,DNp11,1,2,4,34
LC4,AVLP280,DNp32,1,2,2,34
LC4,PVLP100,DNp07,3,3,260,34
LPLC2,LC31b,DNp35,8,8,1364,34
LC4,PVLP123,DNp09,4,4,343,34
LPLC2,PVLP151,DNpe021,4,5,8054,34
LPLC2,PVLP123,DNp09,4,4,180,34
LPLC2,LLPC1,DNg82,13,14,22,34
LC4,AN01A055,DNbe007,1,2,2,34
LC4,PVLP034,DNp34,2,3,6,34
LC4,CL053,DNg02_g,1,4,4,34
LPLC2,PS182,DNg92_a,1,2,6,34
LPLC2,CL367,DNp56,1,1,7,34
LPLC2,WED060,DNpe025,4,4,67,34
LPLC2,,DNpe053,4,7,25,34
LC4,PVLP151,DNpe021,4,5,1876,34
LC4,GNG340,DNg15,1,2,18,34
LPLC2,PVLP206m,pIP1,4,4,524,34
LPLC2,PVLP206m,DNp36,2,4,326,34
LC4,CB3682,DNp06,1,1,8,34
LC4,PS306,DNge035,2,4,90,34
LPLC2,MeVP18,DNp29,6,6,44,34
LC4,LoVP18,DNae003,6,6,19,34
LC4,LT11,DNpe025,2,2,12,34
LPLC2,,DNae010,3,3,42,34
LPLC2,CL319,DNp103,2,4,4,34
LPLC2,CL053,DNg02_g,1,4,120,34
LC4,CB4103,DNbe004,5,6,272,34
LC4,CB1314,DNge113,5,8,21,34
LC4,WED124,DNa15,2,2,17,34
LC4,AN09B016,DNge049,1,2,2,34
LPLC2,PS181,DNpe010,2,4,68,34
LPLC2,WED104,DNge054,2,2,83,34
LC4,SAD073,DNge119,3,3,12,34
LPLC2,PVLP203m,DNg52,1,4,8,34
LC4,,DNg01_b,10,10,5396,34
LC4,LoVP93,DNpe017,11,11,274,34
LPLC2,CB4102,DNp103,2,2,13,34
LC4,LC31b,DNp35,8,8,505,34
LPLC2,LT11,DNpe025,2,2,10,34
LPLC2,CB4101,DNbe003,1,1,49,34
LC4,CB2153,DNp02,1,2,4,34
LPLC2,LoVP93,DNpe017,11,11,218,34
LC4,PLP060,DNa03,2,2,57,34
LPLC2,vCal3,DNb04,2,4,262,34
LPLC2,PVLP123,DNpe021,7,8,481,33
LC4,AVLP542,DNp04,2,2,17,33
LPLC2,PLP211,DNp55,2,4,310,33
LC4,GNG343,DNpe030,2,4,22,33
LPLC2,CL131,DNp63,1,2,2,33
LC4,PVLP076,DNpe045,2,2,9,33
LC4,,DNpe057,9,10,6576,33
LPLC2,AVLP610,DNb08,2,6,20,33
LPLC2,LC22,DNp57,13,13,37,33
LC4,AVLP280,DNp46,1,1,1,33
LPLC2,PVLP076,DNpe045,2,2,1338,33
LPLC2,PVLP021,pIP1,4,6,47,33
LC4,CB3376,DNg01_c,3,3,9,33
LC4,PLP018,DNp01,3,3,40,33
LPLC2,AVLP452,DNp02,3,3,6,33
LPLC2,CB2676,DNpe031,1,4,8,33
LC4,,DNg01_d,4,5,1214,33
LC4,AVLP340,DNpe050,1,1,1,33
LPLC2,H2,DNge107,1,1,54,33
LPLC2,PVLP024,DNp02,3,6,104,33
LC4,CB2664,DNp06,4,5,306,33
LPLC2,MeVP18,DNpe021,4,4,27,33
LC4,PVLP019,DNp05,2,3,747,33
LPLC2,CB4102,DNa15,2,2,13,33
LC4,LAL301m,DNge103,2,2,37,33
LC4,WED124,DNae010,2,2,17,33
LC4,PVLP021,pIP1,4,6,5457,33
LC4,PVLP024,DNp02,3,6,13700,33
LPLC2,,DNg01_b,9,9,2376,33
LC4,AVLP429,DNp02,2,2,409,33
LPLC2,CL053,DNa10,2,4,88,33
LPLC2,LC10d,DNp63,6,6,6,33
LC4,AVLP610,DNb08,2,6,350,33
LPLC2,PVLP123,DNpe053,6,8,630,33
LC4,PLP208,DNa13,2,4,16,33
LPLC2,AVLP429,DNp02,2,2,52,33
LC4,PVLP124,DNp35,2,3,93,33
LPLC2,LPT28,DNge095,2,3,14,33
LPLC2,AVLP592,DNp06,2,2,100,33
LPLC2,Li11a,DNp11,3,3,10,33
LPLC2,LPT28,DNge183,2,2,10,33
LPLC2,PVLP034,DNp09,8,9,79,33
LPLC2,PVLP034,DNp55,5,5,55,33
LC4,LC19,DNg97,2,2,2,33
LC4,PLP211,DNp55,2,4,34,33
LC4,LoVC15,DNb09,6,7,31,33
LC4,WED189,DNge113,1,3,15,33
LC4,CB1958,DNb09,4,4,360,33
LPLC2,LPT30,DNge094,2,7,16,33
LC4,PLP208,DNae002,2,2,8,33
LPLC2,PVLP124,DNp35,2,3,44,33
LC4,PS306,DNge053,2,4,90,32
LC4,CL022_b,DNp02,2,2,25,32
LPLC2,PVLP022,DNpe021,3,6,1748,32
LPLC2,PLP060,DNg111,1,1,11,32
LPLC2,PVLP015,DNp46,2,2,185,32
LPLC2,,DNp11,11,11,1780,32
LPLC2,WED060,DNp43,3,3,43,32
LC4,GNG343,DNge148,2,4,22,32
LC4,PS304,DNg75,1,1,1,32
LPLC2,AVLP591,DNpe026,2,2,17,32
LC4,AVLP016,DNpe021,2,2,115,32
LC4,LoVP18,DNpe005,9,10,31,32
LC4,LLPC2,DNp12,9,9,9,32
LPLC2,LoVP24,DNa10,3,5,8,32
LPLC2,UNKNOWN,DNpe056,29,29,59,32
LPLC2,AVLP539,DNpe045,1,1,1,32
LC4,LoVP18,DNp57,10,11,32,32
LC4,LoVP89,DNp08,1,1,1,32
LC4,PLP029,DNa10,2,4,1124,32
LC4,PVLP201m_d,DNp34,1,1,1,32
LC4,LT51,DNge127,5,5,8,32
LPLC2,PVLP124,DNp70,2,4,56,32
LC4,PVLP022,DNpe021,3,6,5556,32
LC4,GNG300,DNg15,2,4,288,32
LPLC2,LT61b,DNg40,1,2,12,32
LC4,PLP034,DNp10,2,2,305,32
LPLC2,CL022_b,DNp02,2,2,53,32
LC4,PVLP124,DNp70,2,4,140,32
LC4,PLP211,DNpe021,2,4,34,32
LPLC2,AVLP040,DNp103,2,2,9,32
LC4,LoVC15,DNge041,5,5,26,32
LPLC2,,DNpe057,8,9,3227,32
LC4,PLP208,DNg111,2,2,8,32
LPLC2,PVLP076,pIP10,2,2,1338,32
LC4,LAL053,DNa11,1,1,55,32
LC4,OCG02b,DNp16_a,2,4,4,32
LPLC2,LHAD1g1,DNp04,2,2,2049,32
LC4,LHAD1g1,DNp04,2,2,555,32
LC4,AVLP085,DNp04,1,1,7,32
LC4,PVLP015,DNp46,2,2,833,32
LC4,AVLP593,DNge141,1,1,3,32
LC4,LT61b,DNg40,1,2,80,32
LC4,LPT60,DNa06,2,3,950,32
LPLC2,LPT60,DNa06,2,3,28,32
LPLC2,PVLP080_b,DNp71,3,3,6,32
LC4,PVLP076,pIP10,2,2,9,32
LC4,SAD023,DNp70,6,6,556,32
LC4,LoVCLo3,DNbe007,2,4,52,32
LPLC2,HSS,DNae010,2,2,10,32
LPLC2,AVLP437,DNpe056,2,2,5,32
LPLC2,PS171,DNae005,1,1,3,32
LPLC2,PVLP064,DNp103,5,6,23,32
LPLC2,WED072,DNp69,5,5,22,32
LPLC2,LoVCLo3,DNbe007,2,4,318,32
LPLC2,PS182,DNp07,1,1,3,32
LPLC2,GNG300,DNg15,2,4,1266,32
LC4,PLP034,DNpe037,2,2,305,32
LPLC2,CL319,DNp64,2,2,2,32
LPLC2,PLP211,DNpe021,2,4,310,32
LC4,PVLP015,DNp103,2,2,833,31
LC4,Y13,DNp11,6,6,9,31
LC4,AVLP396,DNpe020,1,2,6,31
LC4,GNG343,DNg15,2,3,17,31
LPLC2,CL203,DNge050,1,2,2,31
LC4,PVLP100,DNp10,3,3,260,31
LC4,PVLP100,DNp02,3,3,260,31
LC4,UNKNOWN,DNg40,22,22,103,31
LPLC2,CB3019,DNp45,3,6,118,31
LPLC2,LoVP90c,DNpe032,1,1,4,31
LPLC2,PVLP137,DNg19,2,4,648,31
LPLC2,PVLP082,DNp30,1,1,2,31
LPLC2,CB3019,DNp68,3,4,73,31
LC4,Li15,DNp11,11,11,27,31
LC4,LPLC4,DNpe037,12,12,20,31
LC4,GNG343,DNp11,2,4,22,31
LC4,PVLP123,DNpe021,5,6,489,31
LC4,LC22,DNc01,7,7,10,31
LC4,AVLP016,DNp103,2,2,115,31
LPLC2,CL286,DNg74_a,2,3,32,31
LPLC2,CB3201,DNp103,2,2,4,31
LC4,PVLP137,DNg19,2,4,1710,31
LPLC2,WED072,DNa02,3,3,18,31
LPLC2,PVLP070,DNp103,4,4,183,31
LC4,PLP029,DNa11,2,2,562,31
LC4,LoVC6,DNb05,2,4,4,31
LC4,PVLP201m_d,DNge040,1,1,1,31
LPLC2,WED104,pIP1,2,2,83,31
LC4,LC35b,DNbe001,1,2,6,31
LPLC2,CL022_a,DNp01,1,1,1,31
LC4,AN17B013,DNge130,2,2,5,31
LC4,PS182,DNpe053,2,4,12,31
LPLC2,LoVP101,DNge030,2,3,9,31
LC4,LLPC3,DNp07,6,6,7,31
LPLC2,LAL016,DNge124,1,1,77,31
LPLC2,PS181,DNp06,2,2,34,31
LPLC2,LC6,DNp69,16,16,19,31
LPLC2,CL022_b,DNp49,2,4,106,31
LPLC2,VST2,DNp22,2,2,3,31
LPLC2,LLPC1,DNp27,24,24,43,31
LPLC2,MeVP18,DNpe039,6,6,44,31
LPLC2,PVLP015,DNp103,2,2,185,31
LC4,,DNp66,4,7,414,31
LPLC2,LAL301m,DNge103,2,2,58,31
LC4,PS181,DNae003,1,2,4,31
LC4,PVLP010,DNpe025,2,2,2176,31
LPLC2,AVLP037,DNp35,1,1,2,31
LC4,CL022_a,DNp01,1,1,1,31
LC4,SAD098,DNg108,1,2,52,31
LPLC2,LC22,DNpe056,7,7,24,31
LPLC2,CB4101,DNae002,1,1,49,31
LC4,WED072,DNpe040,3,3,4,31
LC4,MeVP18,DNp27,1,2,2,31
LPLC2,LC19,DNpe022,10,11,51,31
LPLC2,PS208,DNge107,1,1,1,31
LC4,CL022_b,DNp49,2,4,50,31
LPLC2,PVLP010,DNpe025,2,2,32,31
LPLC2,AVLP316,DNg111,3,3,125,30
LPLC2,VST2,DNp53,2,3,3,30
LC4,PLP106,DNp07,4,6,111,30
LPLC2,CB0431,DNpe022,1,1,16,30
LC4,CL286,DNg74_a,1,2,2,30
LC4,PVLP100,DNp06,3,3,260,30
LC4,PVLP100,DNp03,3,3,260,30
LC4,CB4248,DNp06,3,4,17,30
LC4,CB1932,DNp103,7,7,530,30
LC4,AN10B019,DNp103,3,3,9,30
LC4,PS001,DNp49,1,2,24,30
LPLC2,CL309,DNg02_d,1,1,2,30
LC4,CB3544,DNp02,2,2,517,30
LC4,AN01A055,DNb05,1,2,2,30
LPLC2,AVLP370_a,DNp45,2,2,208,30
LPLC2,LC35b,DNb09,2,2,10,30
LC4,WED196,DNge138,1,2,4,30
LC4,LoVP89,DNge083,1,1,1,30
LC4,PLP208,DNa04,2,3,15,30
LC4,PVLP137,DNg16,2,4,1710,30
LPLC2,LPT49,DNg92_a,2,4,12,30
LPLC2,MeVPLp1,DNge144,2,3,7,30
LC4,PLP211,DNp70,2,4,34,30
LC4,LoVP85,DNp102,2,4,1212,30
LC4,PVLP124,DNp69,2,3,93,30
LPLC2,CB4179,DNg85,3,3,5,30
LC4,PVLP123,DNpe053,4,6,245,30
LC4,CB4102,DNg01_b,6,9,564,30
LC4,CL323,DNp70,4,7,1605,30
LPLC2,CL286,DNp01,2,2,25,30
LPLC2,AVLP079,DNpe052,1,1,9,30
LC4,PLP241,DNa05,1,2,24,30
LC4,WED109,DNp35,1,2,46,30
LPLC2,AVLP076,DNpe052,2,2,12,30
LC4,PLP300m,DNg13,3,3,19,30
LC4,OCG02b,DNp102,2,4,4,30
LPLC2,LC22,DNpe021,8,8,25,30
LPLC2,PVLP137,DNg16,2,4,648,30
LC4,SAD064,DNpe045,6,6,1732,30
LC4,LoVP18,DNp08,2,2,2,30
LC4,CL066,DNp70,1,2,6,30
LPLC2,AVLP202,DNb09,1,1,2,30
LC4,CL128a,DNb07,4,8,242,30
LPLC2,CB0431,DNae010,1,1,16,30
LPLC2,LC22,DNp31,10,10,26,30
LC4,LoVC6,DNbe004,2,4,4,30
LPLC2,CB1638,DNpe025,3,3,92,30
LPLC2,CL323,DNp70,4,7,1061,30
LPLC2,LoVP18,DNg92_a,5,9,9,30
LPLC2,AVLP539,DNp34,1,1,1,30
LPLC2,CB4101,DNge040,1,1,49,30
LPLC2,HSN,DNae002,2,2,26,30
LPLC2,CB3544,DNp02,2,2,14,30
LPLC2,PS001,DNp49,1,2,2,30
LPLC2,PVLP151,DNb09,4,4,6771,30
LPLC2,PVLP124,DNp69,2,3,44,30
LC4,AVLP396,DNg40,1,1,3,30
LC4,CL323,DNa15,4,4,878,30
LPLC2,LoVCLo3,DNp27,2,4,318,30
LC4,PLP019,DNpe037,1,1,1,30
LC4,LAL301m,DNg75,2,2,37,30
LC4,PLP074,DNde002,1,2,4,30
LC4,CL128a,DNge054,4,4,121,30
LC4,CB4179,DNg85,3,3,54,30
LC4,PS180,DNp102,1,2,4,30
LC4,LoVCLo3,DNp27,2,4,52,30
LC4,PS181,DNa07,1,1,2,30
LPLC2,AVLP001,DNg30,2,3,3,30
LPLC2,PLP211,DNp70,2,4,310,30
LC4,PVLP151,DNb09,4,4,1526,30
LPLC2,CL038,DNp11,2,2,5,30
LC4,PLP093,DNae009,2,4,444,30
LPLC2,LoVP85,DNp102,2,4,62,30
LPLC2,AVLP176_d,DNpe020,4,7,327,30
LC4,PVLP201m_d,DNg111,1,1,1,30
LPLC2,CL323,DNa15,4,4,606,30
LPLC2,AVLP205,DNp42,3,5,53,30
LPLC2,CB1498,DNpe045,2,4,6,29
LPLC2,WED061,DNp103,3,3,115,29
LC4,WED125,DNp02,3,3,867,29
LPLC2,OA-VUMa4,DNpe020,2,4,276,29
LPLC2,CB1638,DNp69,3,3,92,29
LC4,AVLP451,DNpe031,1,4,4,29
LPLC2,CL131,DNp18,1,1,1,29
LC4,WED125,DNg01_a,3,3,867,29
LC4,LT78,DNbe007,4,4,5,29
LC4,SAD049,DNp69,2,2,108,29
LC4,AVLP430,DNpe056,2,2,434,29
LPLC2,PLP034,DNb05,1,1,3,29
LC4,LAL300m,DNge103,4,4,117,29
LC4,WED117,DNge138,2,4,8,29
LC4,CB4103,DNg02_c,5,6,260,29
LC4,IB114,DNp36,2,3,624,29
LC4,SAD021_a,DNp01,1,1,5,29
LPLC2,VS,DNg46,6,6,28,29
LC4,CB1638,DNp11,4,4,32,29
LPLC2,LAL300m,DNg13,1,1,19,29
LPLC2,LoVP99,DNg79,2,3,8,29
LPLC2,LLPC1,pIP1,6,6,6,29
LC4,CB1948,DNp12,2,2,3,29
LC4,CL128a,DNp54,4,4,121,29
LPLC2,LoVP50,DNpe005,5,5,10,29
LPLC2,LHAD1g1,DNp03,2,2,2049,29
LC4,CB1932,DNp29,7,9,376,29
LC4,PLP300m,DNge065,3,3,19,29
LC4,PS002,DNg02_f,3,4,15,29
LPLC2,PS208,DNb07,1,2,2,29
LC4,PS112,DNg05_a,1,1,2,29
LC4,GNG517,DNg98,1,2,6,29
LPLC2,LC18,DNpe052,9,9,9,29
LC4,CB1498,DNpe045,2,4,748,29
LPLC2,LC10a,DNp63,12,12,22,29
LPLC2,PVLP123,DNpe031,7,12,421,29
LPLC2,LoVP32,DNp08,2,4,4,29
LPLC2,LoVC15,DNb09,5,6,11,29
LC4,LHAD1g1,DNp03,2,2,555,29
LPLC2,LPT50,DNg79,2,4,226,29
LC4,CB2676,DNp06,2,4,32,29
LC4,OA-VUMa4,DNpe020,2,4,8,29
LPLC2,AVLP429,DNp35,2,4,104,29
LPLC2,PVLP021,DNp34,4,7,72,29
LPLC2,AVLP430,DNpe056,2,2,145,29
LC4,PLP019,DNg97,1,1,1,29
LPLC2,AVLP285,DNae001,1,1,5,29
LC4,PLP019,DNpe005,1,1,1,29
LPLC2,LT78,DNpe052,6,6,9,29
LC4,CB2153,DNge113,1,2,4,29
LPLC2,PVLP017,DNpe031,2,4,1186,29
LPLC2,LT51,DNpe012_b,4,4,149,29
LPLC2,AVLP538,DNp71,2,2,40,29
LPLC2,LT51,DNg01_d,8,8,172,29
LPLC2,PVLP015,DNpe056,2,2,185,29
LPLC2,AVLP176_d,DNp69,4,5,238,29
LC4,LoVP99,DNg79,2,3,19,29
LC4,LLPC2,DNp10,8,8,8,29
LC4,WED060,DNge011,2,2,17,29
LPLC2,CB1108,DNp69,1,2,16,29
LC4,LLPC2,DNp102,5,5,7,29
LC4,CB4102,DNg04,5,9,461,29
LC4,AVLP746m,DNp35,1,1,4,29
LC4,PVLP021,DNp34,4,7,5958,29
LPLC2,LoVC6,DNp31,1,2,4,29
LPLC2,PVLP209m,DNpe002,2,2,9,29
LPLC2,SAD049,DNp69,2,2,40,29
LC4,CB4102,DNg01_a,5,5,303,29
LC4,PVLP015,DNpe056,2,2,833,29
LPLC2,WED104,DNpe022,2,2,83,29
LC4,PVLP094,DNpe021,2,2,38,29
LPLC2,CL319,DNp68,2,4,4,29
LPLC2,MeVPLp1,DNge052,2,4,12,29
LPLC2,CB1108,DNpe042,1,2,16,29
LPLC2,PVLP209m,DNp60,3,5,35,29
LC4,PVLP017,DNpe031,2,4,124,29
LPLC2,WED117,DNg40,2,3,5,29
LPLC2,IB114,DNp36,2,3,697,29
LC4,AN08B010,DNg56,2,2,22,29
LPLC2,MeVPLp1,DNge148,2,4,12,29
LPLC2,MeVP18,DNd02,5,5,39,29
LC4,LoVP18,DNc01,5,5,23,29
LPLC2,CB0115,DNp55,4,4,65,29
LC4,CL053,DNg99,1,2,2,29
LPLC2,LAL016,DNa03,1,1,77,29
LC4,CB3682,DNp11,1,1,8,29
LC4,AVLP429,DNp35,2,4,818,29
LPLC2,PS171,DNpe016,1,2,6,29
LC4,LoVC11,DNbe004,1,2,2,29
LC4,LoVP101,DNp27,1,2,6,29
LC4,AN07B004,DNpe024,2,4,12,29
LPLC2,AVLP430,DNp66,2,4,290,28
LPLC2,CB3019,DNp09,3,6,118,28
LPLC2,UNKNOWN,DNp71,21,21,40,28
LC4,LT51,DNae005,6,6,12,28
LPLC2,AVLP205,DNp30,3,4,44,28
LC4,WED069,DNa02,1,1,1,28
LPLC2,AVLP536,DNpe052,1,1,1,28
LC4,WED061,DNg104,2,2,6,28
LPLC2,WED061,DNg104,2,2,102,28
LC4,LC31b,DNp103,4,4,441,28
LPLC2,,DNa15,7,7,2366,28
LC4,AVLP076,DNpe021,1,1,1,28
LPLC2,VS,DNpe008,2,5,7,28
LC4,LLPC1,DNp06,5,5,5,28
LPLC2,MeVP18,DNp64,5,5,27,28
LPLC2,MeVP18,DNp69,6,6,44,28
LC4,AVLP280,DNp30,1,1,1,28
LC4,WED109,DNpe021,1,2,46,28
LC4,AVLP085,DNp06,1,1,7,28
LPLC2,AVLP080,DNp09,2,2,31,28
LPLC2,CB2254,DNp11,1,2,42,28
LPLC2,CB2676,DNg29,1,2,4,28
LC4,WED127,DNp63,3,5,376,28
LPLC2,LoVP93,DNpe002,4,4,63,28
LPLC2,CB1108,DNp70,1,2,16,28
LPLC2,LoVP93,DNg82,2,4,50,28
LC4,AVLP430,DNp66,2,4,868,28
LC4,CB3024,DNp12,1,1,1,28
LPLC2,PLP060,DNb05,1,1,11,28
LPLC2,CL131,DNp59,1,2,2,28
LC4,PLP300m,DNge013,3,3,19,28
LPLC2,PVLP010,DNp18,2,2,32,28
LC4,PLP300m,DNg105,3,5,28,28
LC4,LoVC11,DNpe021,1,2,2,28
LC4,CL367,DNb08,2,4,22,28
LPLC2,WED104,DNge083,2,2,83,28
LC4,CB1948,DNp01,2,2,3,28
LC4,AN10B019,DNg74_b,2,4,16,28
LC4,PVLP137,DNg109,2,4,1710,28
LC4,PS306,DNge031,2,3,65,28
LPLC2,CL203,DNge149,1,1,1,28
LC4,LoVP93,DNg82,2,4,208,28
LC4,IB114,DNpe045,2,4,832,28
LC4,LT82a,DNa11,2,2,356,28
LPLC2,LT86,DNpe002,1,1,2,28
LPLC2,PVLP137,DNg109,2,4,648,28
LPLC2,LC31b,DNp103,4,4,1443,28
LC4,PVLP076,DNd05,2,2,9,28
LC4,AN08B010,DNge148,2,4,44,28
LPLC2,LoVC18,DNpe042,4,8,42,28
LC4,PVLP010,DNp18,2,2,2176,28
LPLC2,OA-VUMa4,DNb03,2,7,493,28
LC4,PS306,DNa09,2,2,45,28
LPLC2,PVLP062,DNpe042,2,4,14,28
LC4,PS304,DNg44,1,1,1,28
LPLC2,LC10d,DNp10,7,7,7,28
LPLC2,PVLP076,DNd05,2,2,1338,28
LC4,PS181,DNg02_g,1,3,6,28
LC4,PVLP021,DNp30,4,7,5760,28
LPLC2,WED210,DNg56,1,2,2,28
LC4,CL367,DNp11,2,3,16,28
LPLC2,PVLP034,pIP1,7,9,73,28
LC4,PVLP062,DNpe042,2,4,22,28
LC4,CB2254,DNp11,1,2,16,28
LPLC2,IB114,DNpe045,2,4,1090,28
LPLC2,Tm16,DNp27,20,21,28,28
LC4,SAD011,DNp06,3,3,131,28
LPLC2,CB4163,DNp42,2,3,103,28
LPLC2,PVLP021,DNp30,4,7,66,28
LC4,LT51,DNpe013,6,6,10,28
LC4,OCG06,DNp01,2,2,12,28
LC4,OA-VUMa4,DNb03,2,7,14,28
LPLC2,LT52,DNa10,4,4,10,28
LPLC2,LT77,DNge141,5,5,10,28
LPLC2,LoVP101,DNp38,2,4,10,28
LPLC2,LT51,DNpe013,6,6,37,28
LC4,VES023,DNp66,1,2,4,28
LPLC2,CL053,DNg02_b,2,6,164,28
LC4,PLP019,DNge103,1,1,1,28
LC4,LAL026_a,DNg31,1,1,124,28
LPLC2,LT82a,DNa11,2,2,28,28
LC4,,DNp07,5,6,1360,28
LPLC2,CL053,DNp38,2,4,88,28
LC4,WED015,DNpe056,3,3,13,28
LC4,LoVP53,DNp10,2,2,37,27
LC4,OA-VUMa4,DNae001,2,4,8,27
LC4,LoVP18,DNbe007,6,6,19,27
LC4,LC35b,DNp31,1,1,3,27
LPLC2,PS182,DNp49,1,2,6,27
LC4,PS306,DNb01,2,3,70,27
LPLC2,LC19,DNa02,3,4,5,27
LC4,,DNa03,6,6,1929,27
LPLC2,LAL026_a,DNp34,2,2,9,27
LPLC2,AN27X011,DNg75,1,1,1,27
LPLC2,LT74,DNpe052,6,6,31,27
LC4,PS304,DNg13,1,1,1,27
LC4,GNG300,DNg105,1,2,168,27
LC4,LLPC3,DNa04,8,8,9,27
LC4,OCG02b,DNb05,2,4,4,27
LPLC2,PVLP021,DNb05,4,8,74,27
LPLC2,PS181,DNp05,2,4,68,27
LPLC2,PVLP139,DNp64,2,2,43,27
LC4,LLPC2,DNp07,11,11,13,27
LC4,PLP074,aSP22,1,2,4,27
LC4,LoVP53,DNp12,2,2,37,27
LC4,CB1717,DNp103,2,2,14,27
LPLC2,LoVP53,DNp10,2,2,87,27
LPLC2,LoVP53,DNp12,2,2,87,27
LC4,,DNpe021,7,8,2160,27
LC4,PLP106,DNp10,4,4,89,27
LC4,LoVP92,DNp36,3,6,16,27
LC4,CB1958,DNp05,4,4,360,27
LPLC2,MBON33,CB0429,1,1,1,27
LPLC2,PVLP034,DNp01,5,8,66,27
LPLC2,PVLP122,DNpe031,6,11,1366,27
LPLC2,AVLP203_a,DNg29,2,2,19,27
LC4,AVLP205,DNde006,1,2,10,27
LC4,PLP211,DNp66,2,4,34,27
LC4,CB2664,DNg56,3,5,279,27
LC4,PLP211,DNpe053,2,4,34,27
LPLC2,LHAV2b4,DNp103,6,6,11,27
LPLC2,LT51,pIP1,6,6,63,27
LPLC2,PVLP010,DNp45,2,2,32,27
LPLC2,AVLP205,DNd04,3,4,55,27
LC4,AVLP258,DNp64,2,4,30,27
LPLC2,AVLP592,DNpe040,2,2,100,27
LC4,LC6,DNpe021,12,12,13,27
LC4,CB2664,DNp11,3,4,260,27
LPLC2,AVLP572,DNp68,2,4,4,27
LPLC2,WED210,DNge138,1,2,2,27
LPLC2,AVLP258,DNp64,2,4,1592,27
LPLC2,OA-VUMa4,DNae001,2,4,276,27
LC4,PVLP010,DNp45,2,2,2176,27
LPLC2,IB114,DNb05,2,3,938,27
LPLC2,PVLP106,DNp66,2,2,64,27
LPLC2,CL053,DNge111,2,9,190,27
LC4,WED125,DNae007,3,3,867,27
LC4,PVLP207m,DNp36,1,2,2,27
LPLC2,CB1717,DNp103,2,2,4,27
LC4,WED127,DNg01_c,3,3,227,27
LC4,WED127,DNg82,3,5,376,27
LC4,CL053,DNg02_b,1,5,5,27
LPLC2,CL286,DNg74_b,2,3,32,27
LC4,AVLP451,DNp103,1,2,2,27
LC4,IB114,DNb05,2,3,624,27
LC4,Li28,DNp11,5,5,22,27
LC4,WED193,DNp103,1,2,42,27
LC4,PVLP126_b,DNp06,2,2,4,27
LC4,PVLP124,DNg40,2,3,117,27
LC4,LT74,DNpe052,6,6,31,27
LPLC2,LoVCLo3,DNp103,2,4,318,27
LC4,CL022_c,DNp49,2,4,6,27
LPLC2,LoVP18,DNg79,5,8,8,27
LC4,SAD049,DNg108,2,4,216,27
LC4,CB4162,DNp06,2,3,11,27
LC4,SAD053,DNge113,1,2,16,27
LPLC2,PVLP114,DNg75,1,1,46,27
LC4,WED106,DNge184,3,6,16,27
LC4,WED106,DNg29,3,6,16,27
LC4,LT51,DNpe012_b,3,3,7,27
LC4,AN27X011,DNg75,1,1,2,27
LC4,AVLP501,DNb05,1,1,1,27
LC4,WED072,DNa02,3,3,4,27
LPLC2,PVLP209m,DNa11,4,5,34,27
LC4,WED061,DNp103,2,2,6,27
LPLC2,CB3019,DNpe039,3,5,87,27
LPLC2,PVLP124,DNg40,2,3,40,27
LC4,LoVC15,DNge026,5,5,22,27
LPLC2,LoVC25,DNp19,1,1,1,27
LC4,PVLP122,DNpe031,6,11,6926,27
LPLC2,WED117,DNg93,2,3,5,27
LC4,PVLP021,DNb05,4,8,6870,27
LPLC2,GNG300,DNg105,1,2,766,27
LC4,LoVC25,DNp19,1,1,1,27
LC4,LoVCLo3,DNp103,2,4,52,27
LC4,PVLP034,DNp64,2,3,6,27
LC4,PVLP014,DNp35,1,2,4,27
LC4,PVLP062,DNpe037,2,4,22,27
LPLC2,PLP211,DNpe053,2,4,310,27
LPLC2,HSN,DNae010,2,2,26,27
LPLC2,PLP211,DNp66,2,4,310,27
LPLC2,SAD049,DNg108,2,4,80,27
LC4,GNG506,DNg93,1,2,2,27
LPLC2,HST,DNb02,2,6,10,27
LPLC2,PVLP062,DNpe037,2,4,14,27
LC4,AN09B023,DNge037,1,1,3,27
LPLC2,,DNg82,10,14,3401,27
LPLC2,LAL026_a,DNpe023,2,2,9,26
LPLC2,GNG300,DNge054,2,4,1266,26
LPLC2,AVLP531,DNpe042,2,4,9270,26
LC4,CL286,DNp68,1,2,2,26
LPLC2,LoVP26,DNpe055,4,6,42,26
LPLC2,LHAD1g1,DNp42,2,2,2049,26
LPLC2,H2,DNge026,2,2,99,26
LPLC2,LoVP109,DNp43,1,1,17,26
LPLC2,LT74,DNp27,6,9,40,26
LC4,LC35a,DNp26,7,7,20,26
LPLC2,CB4102,DNae002,2,2,13,26
LC4,AVLP120,DNpe050,1,2,2,26
LC4,GNG300,DNge054,2,4,288,26
LPLC2,CB3019,DNpe053,3,5,87,26
LC4,AVLP016,DNpe011,2,3,173,26
LC4,CL286,DNpe001,1,2,2,26
LPLC2,WED060,DNpe040,4,4,67,26
LPLC2,GNG300,DNge011,2,4,1266,26
LPLC2,LPT31,DNp15,5,5,10,26
LPLC2,CL266_a3,DNp68,1,1,4,26
LPLC2,LC35a,DNp26,7,7,33,26
LC4,GNG517,DNp44,1,1,3,26
LPLC2,CL319,DNbe003,2,4,4,26
LPLC2,LLPC2,DNae002,11,11,19,26
LC4,AN09B016,DNpe042,1,2,2,26
LC4,GNG300,DNge011,2,4,288,26
LPLC2,LPLC4,DNp54,15,15,508,26
LPLC2,PVLP128,DNp11,4,5,18,26
LC4,AVLP016,DNp42,2,2,115,26
LC4,LC16,DNp43,12,12,12,26
LPLC2,PVLP141,pIP1,2,3,75,26
LC4,AN17B005,DNge122,1,2,4,26
LPLC2,LT40,DNae007,2,2,6,26
LPLC2,PVLP124,DNpe024,2,3,44,26
LPLC2,AVLP539,DNp103,1,1,1,26
LPLC2,CL053,DNb07,1,2,60,26
LPLC2,LoVP49,DNg56,1,1,1,26
LC4,CL053,DNb07,1,2,2,26
LC4,PS304,DNa02,1,1,1,26
LC4,PLP211,DNp23,2,4,34,26
LC4,PS306,DNa03,2,4,90,26
LPLC2,MeVP51,DNp27,2,4,26,26
LC4,CB4101,DNg100,5,9,88,26
LPLC2,AVLP201,DNp55,2,3,21,26
LC4,PS002,DNb01,3,3,11,26
LC4,PVLP034,DNpe042,2,4,10,26
LC4,PLP029,DNg01_b,2,2,562,26
LC4,PVLP141,pIP1,2,3,2265,26
LC4,PLP034,DNg01_b,2,2,305,26
LC4,PLP034,DNg40,2,2,305,26
LC4,PS306,DNde003,2,7,155,26
LPLC2,PS182,DNg02_f,1,2,6,26
LC4,LHAD1g1,DNp42,2,2,555,26
LC4,LoVP106,DNg104,1,1,2,26
LPLC2,Nod3,DNge140,2,4,20,26
LPLC2,MeVP18,DNp09,5,5,39,26
LC4,LT40,DNae007,2,2,34,26
LPLC2,PLP211,DNp23,2,4,310,26
LC4,AVLP280,DNp71,1,1,1,26
LPLC2,MeVP18,DNd03,5,5,27,26
LPLC2,PVLP012,DNp64,2,2,16,26
LC4,PVLP076,DNp05,2,2,9,26
LC4,LoVP50,DNa04,5,5,27,26
LPLC2,PVLP076,DNp05,2,2,1338,26
LC4,CB3376,DNa04,2,2,8,26
LC4,LoVP109,DNp43,1,1,7,26
LPLC2,PVLP010,pIP1,2,2,32,26
LPLC2,PLP018,DNp01,2,2,8,26
LC4,PVLP013,DNp04,1,2,46,26
LPLC2,WED015,DNp55,3,3,9,26
LC4,PVLP124,DNpe024,2,3,93,26
LC4,AVLP149,DNpe043,6,6,74,26
LC4,PLP099,DNpe005,2,2,34,26
LC4,PLP300m,DNg44,3,3,19,26
LC4,LT74,DNp27,6,9,41,26
LC4,CB4176,DNg99,5,5,17,26
LPLC2,PLP093,DNp57,1,2,20,26
LC4,SAD044,DNp19,2,2,7,26
LC4,LoVC15,DNge037,3,3,17,26
LC4,WED104,DNg35,1,1,4,26
LC4,AVLP340,DNp34,1,1,1,26
LC4,PVLP010,pIP1,2,2,2176,26
LC4,WED127,DNp18,3,3,227,26
LC4,AVLP201,DNp55,2,3,12,26
LC4,MeLo12,DNp30,15,17,53,26
LC4,PVLP018,DNp06,2,4,114,26
LC4,SAD073,DNp06,3,5,21,26
LC4,WED125,DNae002,3,3,867,25
LC4,PLP211,DNg40,2,4,34,25
LPLC2,LPT52,DNpe056,2,2,6,25
LC4,WED125,DNg82,3,9,2625,25
LC4,WED117,DNg40,2,2,4,25
LPLC2,AVLP370_a,DNpe042,2,4,416,25
LC4,WED189,DNge130,1,2,10,25
LC4,CB1498,DNp01,2,2,374,25
LC4,LoVP92,DNg82,5,6,14,25
LPLC2,PVLP093,DNpe002,2,2,704,25
LC4,PVLP130,DNp57,2,2,1944,25
LC4,CB4163,DNp06,1,2,30,25
LC4,WED125,DNpe037,3,4,1154,25
LPLC2,WED072,DNg108,4,8,24,25
LPLC2,PVLP130,DNp57,2,2,2601,25
LC4,CB1932,DNpe021,6,8,188,25
LPLC2,CB4102,DNb01,2,3,22,25
LPLC2,SIP108m,DNde002,1,2,2,25
LPLC2,CB4163,DNpe042,6,6,566,25
LC4,SAD073,DNg108,3,5,18,25
LPLC2,Tlp12,DNp11,4,4,8,25
LC4,LAL053,DNae001,1,1,55,25
LC4,SAD044,DNp03,2,2,7,25
LC4,WED072,DNp03,3,3,4,25
LC4,SAD023,DNpe042,6,6,556,25
LPLC2,WED072,DNpe031,5,9,42,25
LPLC2,CL022_c,DNpe026,1,1,1,25
LC4,LoVP54,DNp70,2,4,38,25
LPLC2,PLP017,DNp103,1,1,7,25
LPLC2,CL053,DNae009,2,4,88,25
LC4,PLP300m,DNge053,3,5,28,25
LC4,PLP211,pIP1,2,4,34,25
LC4,PLP211,DNpe042,2,4,34,25
LPLC2,PVLP100,DNp35,1,1,1,25
LC4,LT51,DNg01_d,6,6,13,25
LPLC2,OA-VUMa4,DNg01_b,2,4,276,25
LC4,CB1649,DNp03,1,1,1,25
LPLC2,CB1498,DNp01,2,2,3,25
LPLC2,WED061,DNpe056,4,4,139,25
LPLC2,WED104,DNg30,2,4,166,25
LC4,WED060,DNpe025,2,2,17,25
LPLC2,LC22,DNae009,7,7,24,25
LC4,PS112,DNpe005,1,2,4,25
LPLC2,PVLP144,DNpe055,2,4,20,25
LPLC2,Y14,DNp11,8,8,9,25
LC4,LoVP85,DNpe045,2,4,1212,25
LPLC2,LPLC4,DNpe022,12,12,505,25
LC4,PS304,DNg35,1,1,1,25
LC4,PS304,DNge040,1,1,1,25
LPLC2,CB1108,DNpe053,1,2,16,25
LC4,CB2664,DNg15,2,2,134,25
LPLC2,LoVP47,DNpe002,2,2,3,25
LC4,CB4179,DNg29,4,4,52,25
LC4,CB3376,DNa02,3,3,9,25
LC4,PLP034,DNp63,2,3,497,25
LPLC2,AVLP016,DNpe039,1,1,1,25
LPLC2,PLP211,pIP1,2,4,310,25
LC4,CB2664,DNge084,4,6,352,25
LPLC2,LPT54,CB0429,1,1,2,25
LC4,AVLP205,DNd03,1,2,10,25
LC4,LC9,DNpe031,12,13,19,25
LC4,LoVP18,DNa02,3,3,19,25
LC4,GNG343,DNg35,2,4,22,25
LPLC2,AVLP537,DNpe052,2,2,11,25
LC4,PLP017,DNp06,1,1,3,25
LC4,PVLP018,DNpe021,2,2,57,25
LPLC2,LoVP54,DNp70,2,4,402,25
LPLC2,PS171,DNg97,1,1,3,25
LPLC2,LT66,DNpe020,2,3,53,25
LC4,LC33,DNa02,1,1,1,25
LC4,OA-VUMa4,DNg01_b,2,4,8,25
LPLC2,LoVP85,DNpe045,2,4,62,25
LC4,PVLP013,DNp11,1,1,23,25
LPLC2,AVLP316,DNa02,3,3,125,25
LPLC2,AVLP316,pMP2,3,3,125,25
LPLC2,AVLP339,DNp38,2,4,78,25
LPLC2,LT51,DNge107,6,6,36,25
LPLC2,AVLP076,DNp70,2,4,24,25
LC4,LT66,DNpe020,2,3,141,25
LC4,PVLP093,DNpe002,2,2,44,25
LC4,AVLP339,DNp38,2,4,234,25
LC4,AN09B016,DNp29,1,2,2,25
LC4,LoVP18,DNp10,8,8,29,25
LC4,PS304,DNge125,1,1,1,25
LPLC2,PLP211,DNg40,2,4,310,25
LC4,PLP093,DNg35,2,2,222,25
LPLC2,MeVPLp1,DNg49,2,4,12,25
LC4,AVLP299_d,pIP1,1,1,1,25
LC4,AN09B023,DNde002,1,1,3,25
LPLC2,AVLP711m,DNp66,4,4,418,25
LPLC2,PLP211,DNpe042,2,4,310,25
LC4,CL022_c,DNpe045,2,3,4,24
LC4,CB1932,DNp06,7,8,530,24
LC4,AN07B004,DNg10,2,9,27,24
LC4,PVLP094,DNp06,2,2,38,24
LPLC2,SAD023,DNp70,5,5,137,24
LPLC2,GNG300,DNg24,2,4,1266,24
LC4,AMMC-A1,DNp04,4,4,7393,24
LC4,PVLP126_b,DNp35,2,3,5,24
LC4,LoVCLo3,CB0429,2,4,52,24
LC4,CB4103,DNb08,2,4,94,24
LPLC2,GNG300,DNp05,2,3,1016,24
LC4,GNG300,DNge119,2,2,144,24
LPLC2,GNG300,DNge119,2,2,633,24
LPLC2,LC36,DNb04,2,4,6,24
LC4,LoVP54,DNp04,2,2,19,24
LC4,SAD011,DNp01,2,2,130,24
LPLC2,PLP170,DNp26,1,1,1,24
LC4,PVLP015,DNp06,2,2,833,24
LPLC2,LC31b,DNp46,5,5,1593,24
LPLC2,LC19,DNg90,8,8,34,24
LPLC2,PLP211,DNp03,2,4,310,24
LC4,LoVC7,DNp05,2,4,46,24
LPLC2,LC19,DNae007,6,7,22,24
LC4,PS112,aSP22,1,2,4,24
LPLC2,PVLP076,CB0429,2,2,1338,24
LC4,PVLP076,CB0429,2,2,9,24
LC4,GNG300,DNg24,2,4,288,24
LPLC2,LC22,DNge054,13,13,30,24
LC4,AN07B004,DNg82,2,7,21,24
LPLC2,LoVCLo3,CB0429,2,4,318,24
LC4,PS304,DNp56,1,1,1,24
LPLC2,PVLP213m,DNg111,3,3,39,24
LPLC2,LAL026_a,DNa06,2,2,9,24
LC4,PS306,DNg52,2,8,180,24
LPLC2,CL140,DNg04,2,4,418,24
LC4,AN07B004,DNg36_b,2,7,21,24
LPLC2,LC23,DNb05,5,5,18,24
LPLC2,LC31a,DNp64,12,12,66,24
LPLC2,SAD013,DNpe037,2,2,165,24
LC4,PS306,DNp01,2,2,45,24
LC4,LAL026_a,DNa03,1,1,124,24
LC4,LT78,DNpe052,3,3,4,24
LC4,PS182,DNbe005,2,4,12,24
LPLC2,LoVC7,DNp05,2,4,4,24
LC4,GNG300,DNp05,2,3,228,24
LC4,SAD013,DNge086,2,3,293,24
LPLC2,LoVP23,DNp08,4,7,34,24
LPLC2,AVLP203_b,DNg29,2,2,10,24
LPLC2,CB1108,DNp23,1,2,16,24
LPLC2,LoVP93,DNa09,7,7,134,24
LC4,CB4176,DNge016,4,4,15,24
LPLC2,,DNae003,6,6,2362,24
LC4,CB4176,DNg108,4,6,18,24
LPLC2,AVLP538,DNp35,2,2,40,24
LC4,CL140,DNg04,2,4,868,24
LPLC2,AVLP577,DNpe050,2,4,48,24
LC4,WED189,DNge145,1,4,20,24
LC4,PLP019,DNp13,1,2,2,24
LC4,LC18,DNpe040,9,9,11,24
LC4,WED187,DNg32,1,2,2,24
LC4,LPT31,DNp26,2,2,2,24
LPLC2,LoVP54,DNp04,2,2,201,24
LC4,PLP018,DNp02,3,3,40,24
LPLC2,,DNp30,8,8,337,24
LC4,AVLP340,DNp66,1,1,1,24
LC4,CB4176,DNp12,4,4,14,24
LPLC2,PVLP015,DNp06,2,2,185,24
LPLC2,AVLP080,DNpe031,2,4,62,24
LPLC2,AVLP076,DNp55,2,2,12,24
LPLC2,AVLP040,DNp69,2,2,9,24
LC4,CL309,DNa09,1,2,2,24
LPLC2,AVLP711m,DNp35,4,4,389,24
LC4,LC31a,DNp64,12,12,27,24
LC4,PLP060,DNp01,2,2,57,24
LPLC2,AVLP711m,DNpe020,5,5,460,24
LC4,AVLP203_b,DNg29,2,2,7,24
LC4,CB2664,DNg06,3,8,432,24
LC4,AVLP076,DNp69,1,1,1,24
LPLC2,SAD013,DNge086,2,3,315,24
LPLC2,CB0115,DNp35,5,8,184,24
LPLC2,LoVP25,DNpe021,3,5,34,24
LPLC2,AMMC-A1,DNp04,4,4,208,24
LC4,LoVP93,DNa09,7,7,96,24
LC4,PLP208,DNg01_c,2,2,8,24
LC4,WED107,DNpe005,2,4,18,24
LC4,PLP300m,DNa02,3,3,19,24
LC4,LC31b,DNp46,5,5,498,24
LC4,SAD106,DNg40,2,4,70,24
LPLC2,LoVP92,DNae001,2,3,3,24
LC4,SAD098,DNp11,1,2,52,24
LPLC2,LHAV2b4,DNp71,2,2,2,24
LPLC2,AVLP300_b,DNp55,1,1,1,24
LPLC2,Tm24,DNp11,9,9,14,24
LPLC2,PVLP209m,DNa03,3,3,17,24
LC4,SAD055,DNp55,2,2,99,24
LPLC2,CB4179,DNp06,4,4,9,24
LC4,AVLP531,DNp09,1,1,9,24
LC4,CB1932,DNp69,8,9,370,24
LC4,LoVP54,DNpe024,2,2,19,24
LC4,SAD013,DNpe037,2,2,198,24
LC4,LAL300m,DNa11,4,4,117,24
LC4,,DNae003,6,6,4769,24
LPLC2,OA-VUMa4,DNa16,2,4,276,24
LC4,PLP211,DNp03,2,4,34,24
LC4,LC6,DNp69,11,11,12,24
LC4,OA-VUMa4,DNa16,2,4,8,24
LPLC2,LoVP54,DNpe024,2,2,201,24
LPLC2,LoVP106,DNg104,1,1,2,24
LC4,CB3400,DNp35,2,2,1419,24
LPLC2,AVLP591,DNpe039,2,2,17,24
LC4,WED046,DNp11,2,2,13,24
LC4,AVLP490,DNpe056,1,1,1,24
LPLC2,CB3400,DNp35,2,2,24,24
LC4,,DNbe004,6,8,2432,23
LC4,OA-VUMa4,DNae010,2,4,8,23
LPLC2,PS181,DNg01_b,2,4,68,23
LC4,OA-VUMa4,DNge113,2,6,12,23
LC4,MeVP53,DNp66,2,2,304,23
LC4,OLVC5,DNg74_a,1,2,2,23
LPLC2,HST,DNp20,2,2,3,23
LC4,CB2940,DNp35,2,2,55,23
LC4,LoVCLo3,DNpe026,2,4,52,23
LC4,CB0154,DNp03,1,1,2,23
LC4,LoVP101,DNge006,1,1,3,23
LPLC2,LPT59,DNbe001,2,4,36,23
LPLC2,PVLP017,DNp70,2,3,881,23
LC4,CB3376,DNa09,3,4,10,23
LPLC2,LC6,DNp71,10,10,16,23
LC4,CL128a,DNp36,3,3,120,23
LPLC2,LC31b,DNp71,6,6,383,23
LPLC2,LHAD1g1,DNp43,2,2,2049,23
LC4,PLP301m,DNa02,1,1,2,23
LC4,CL323,DNp11,4,4,878,23
LPLC2,GNG300,pIP1,2,4,1266,23
LC4,PS002,DNg75,3,3,11,23
LC4,PS002,DNpe026,3,5,19,23
LC4,CB1958,DNb01,4,6,494,23
LPLC2,WED210,DNpe028,1,2,2,23
LC4,CB1638,DNp70,4,4,32,23
LC4,CL323,DNg40,4,4,878,23
LC4,CL323,DNg01_a,4,4,878,23
LPLC2,LPT100,DNa10,4,4,4,23
LPLC2,LPT22,DNg71,2,2,50,23
LC4,PLP150,DNpe005,5,9,573,23
LPLC2,PVLP015,DNg01_d,2,2,185,23
LC4,5-HTPMPV03,DNb04,2,4,4,23
LC4,CB1314,DNg56,4,4,11,23
LPLC2,LC39a,DNp59,3,3,11,23
LPLC2,LAL301m,DNg75,2,2,58,23
LC4,CB3376,DNb01,3,4,10,23
LPLC2,LT40,DNge037,2,2,6,23
LPLC2,LAL026_b,DNa06,1,1,2,23
LPLC2,AVLP396,DNp35,2,2,922,23
LPLC2,PLP060,DNp36,1,2,22,23
LC4,GNG300,pIP1,2,4,288,23
LPLC2,CB4179,DNp02,4,4,9,23
LC4,WED069,DNg111,1,1,1,23
LC4,WED069,DNae010,1,1,1,23
LC4,WED069,DNae001,1,1,1,23
LPLC2,OA-VUMa4,DNae010,2,4,276,23
LC4,WED046,DNpe021,2,3,17,23
LC4,LAL300m,DNae005,4,4,117,23
LC4,Tm24,DNp11,11,11,14,23
LPLC2,OA-VUMa4,DNge113,2,6,414,23
LC4,AVLP500,DNp45,2,2,8,23
LC4,AN27X011,DNge079,1,2,4,23
LPLC2,OLVC5,DNg74_a,1,2,2,23
LC4,AOTU032,DNp27,2,4,70,23
LPLC2,LoVCLo3,DNpe026,2,4,318,23
LC4,LT63,DNp08,1,1,1,23
LPLC2,WED104,DNb05,2,2,83,23
LC4,LAL026_b,DNa06,1,1,42,23
LPLC2,PLP018,DNpe031,2,4,16,23
LC4,LT81,DNp102,2,4,6,23
LPLC2,PLP018,DNpe042,2,2,8,23
LC4,PVLP151,DNp45,4,4,1526,23
LPLC2,PVLP128,DNp70,3,3,12,23
LPLC2,LoVCLo3,DNb05,2,4,318,23
LPLC2,CB2940,DNp35,2,2,23,23
LC4,LT40,DNge037,2,2,34,23
LC4,PVLP137,DNge148,2,3,1145,23
LPLC2,AVLP610,DNpe056,2,2,8,23
LPLC2,AVLP500,DNp45,2,2,2718,23
LPLC2,AVLP507,DNp71,1,2,2,23
LC4,LC31b,DNp71,6,6,180,23
LPLC2,AVLP203_c,DNp103,2,3,23,23
LC4,LC31a,DNpe042,11,11,32,23
LPLC2,AVLP202,DNp06,1,1,2,23
LPLC2,AVLP176_d,DNp68,4,5,238,23
LC4,AVLP203_c,DNp103,2,3,38,23
LC4,LHAD1g1,DNp43,2,2,555,23
LPLC2,AVLP016,DNp06,1,1,1,23
LC4,AVLP299_d,DNa02,1,1,1,23
LC4,CB4162,DNp69,2,4,20,23
LPLC2,AOTU032,DNp27,2,4,38,23
LPLC2,AN27X011,DNge079,1,2,2,23
LPLC2,LoVP26,DNpe013,9,13,203,23
LC4,AVLP016,DNpe024,2,2,115,23
LPLC2,CB0431,DNa11,1,1,16,23
LC4,LC22,DNp57,10,10,21,23
LC4,WED196,DNge141,1,2,4,23
LC4,WED189,DNp02,1,2,10,23
LC4,LC19,DNae002,2,2,2,23
LC4,AVLP452,DNp64,4,7,4086,23
LPLC2,PVLP151,DNp45,4,4,6771,23
LPLC2,5-HTPMPV03,DNb04,2,4,24,23
LC4,PVLP062,DNpe026,2,4,22,23
LPLC2,LoVC7,DNp03,2,3,3,23
LPLC2,PVLP137,DNge046,2,6,920,23
LPLC2,PVLP137,DNg102,2,4,648,23
LC4,PVLP093,DNg104,2,4,88,23
LC4,PVLP017,DNp70,2,3,104,23
LC4,GNG343,DNge054,2,4,22,23
LPLC2,PVLP137,DNge049,2,4,648,23
LPLC2,PVLP093,DNg104,2,4,1408,23
LC4,LoVCLo3,DNb05,2,4,52,23
LC4,AVLP610,DNpe056,2,2,105,23
LPLC2,PVLP062,DNpe026,2,4,14,23
LC4,PVLP015,DNg01_d,2,2,833,23
LC4,CB4101,DNp39,5,5,49,23
LC4,LoVC7,DNp03,2,3,35,23
LPLC2,PLP060,DNp63,1,2,22,23
LPLC2,CL323,DNg01_a,4,4,606,23
LPLC2,PLP060,DNp04,1,1,11,23
LC4,PVLP137,DNge049,2,4,1710,23
LC4,PVLP137,DNge046,2,6,2840,23
LC4,PVLP137,DNg102,2,4,1710,23
LPLC2,CL323,DNg40,4,4,606,23
LPLC2,CL309,DNa09,1,2,4,23
LPLC2,PVLP137,DNge148,2,3,512,23
LPLC2,PVLP072,DNp35,3,3,34,23
LPLC2,CL323,DNp11,4,4,606,23
LC4,CL309,DNg02_g,1,2,2,22
LPLC2,CB1108,DNpe045,1,2,16,22
LC4,WED189,DNge184,1,2,10,22
LC4,LoVP18,DNb05,6,6,19,22
LPLC2,CB0128,DNpe020,1,2,28,22
LPLC2,CL367,DNp49,1,2,14,22
LC4,PVLP062,DNpe024,2,4,22,22
LC4,LoVC7,DNg02_a,2,6,68,22
LPLC2,Li17,DNp27,14,15,70,22
LC4,LC23,DNp06,5,6,87,22
LC4,LC23,DNp18,5,7,148,22
LPLC2,,DNg01_a,4,4,452,22
LPLC2,PVLP141,DNae010,2,2,46,22
LPLC2,LT51,DNde003,3,5,36,22
LPLC2,AVLP711m,DNae001,3,5,601,22
LPLC2,LoVP86,DNp102,1,1,1,22
LC4,OCG02b,DNp57,2,4,4,22
LPLC2,AVLP285,DNp66,1,1,5,22
LPLC2,PVLP144,DNge053,2,4,20,22
LC4,LC33,DNa13,1,2,2,22
LPLC2,AVLP490,DNp45,3,3,11,22
LPLC2,LoVP85,DNbe002,2,7,104,22
LC4,PVLP015,DNb01,2,3,1374,22
LPLC2,PVLP123,DNp64,7,7,455,22
LPLC2,GNG300,DNp06,2,3,883,22
LPLC2,LoVP92,DNp05,3,4,67,22
LPLC2,PVLP062,DNpe024,2,4,14,22
LPLC2,AVLP552,DNpe040,2,2,3,22
LC4,PVLP011,DNpe056,2,2,1011,22
LPLC2,AVLP592,DNp23,2,2,100,22
LPLC2,CB1717,DNp35,2,2,4,22
LPLC2,LT51,DNp13,5,5,26,22
LPLC2,PVLP122,DNp71,5,5,969,22
LPLC2,GNG300,DNg40,2,4,1266,22
LPLC2,AVLP001,DNg104,2,2,2,22
LPLC2,PVLP126_a,DNp35,2,2,24,22
LPLC2,PVLP015,DNb01,2,3,327,22
LPLC2,CB1852,DNge103,4,5,959,22
LC4,GNG300,DNp06,2,3,204,22
LC4,PLP249,DNp11,2,2,18,22
LPLC2,PVLP137,DNae007,2,2,324,22
LPLC2,PVLP093,DNa07,2,3,1090,22
LPLC2,LC10a,DNp09,4,4,5,22
LPLC2,LoVC7,DNg02_a,2,6,6,22
LPLC2,CL022_c,DNpe043,1,2,2,22
LC4,SAD013,DNpe015,2,8,800,22
LC4,SAD013,DNp04,2,2,198,22
LC4,LAL026_a,DNg13,1,1,124,22
LC4,LT77,DNge141,4,4,9,22
LPLC2,PLP018,DNp02,2,2,8,22
LC4,LAL026_a,DNae001,1,1,124,22
LC4,PLP300m,DNge040,3,3,19,22
LC4,PVLP128,DNp35,3,3,7,22
LPLC2,PVLP107,DNp06,1,1,1,22
LPLC2,CL140,DNb01,2,2,209,22
LC4,PVLP137,DNae007,2,2,855,22
LC4,Li17,DNp27,14,15,83,22
LC4,PVLP141,DNge123,2,3,2352,22
LC4,PVLP141,DNae010,2,2,1539,22
LC4,LoVP85,DNbe002,2,7,2122,22
LC4,SAD073,pMP2,3,5,21,22
LC4,PVLP122,DNp71,5,5,3286,22
LPLC2,PVLP011,DNpe056,2,2,11623,22
LC4,GNG300,DNg40,2,4,288,22
LC4,LoVP92,DNg13,4,7,14,22
LPLC2,LPT28,DNp31,2,2,10,22
LC4,PS112,DNg04,1,2,4,22
LPLC2,LoVP18,DNae003,4,4,4,22
LC4,WED072,DNp71,3,3,4,22
LPLC2,CB2676,DNp55,1,2,4,22
LC4,WED072,DNb05,3,3,4,22
LPLC2,LPLC4,DNpe016,17,17,661,22
LC4,PVLP093,DNa07,2,3,77,22
LPLC2,LLPC1,DNge030,8,8,15,22
LPLC2,PVLP141,DNge123,2,3,63,22
LC4,LAL301m,DNp18,2,2,37,22
LPLC2,LPC1,DNp27,17,17,59,22
LPLC2,CL309,DNg02_e,1,1,2,22
LC4,PS304,DNp22,1,1,1,22
LPLC2,CB3019,DNpe024,3,4,90,22
LPLC2,CL309,DNae009,1,2,4,22
LC4,LoVP18,DNp59,8,8,21,22
LPLC2,CB3544,DNp69,2,4,28,22
LC4,SAD073,DNp02,3,3,12,22
LC4,,DNa01,3,3,814,22
LPLC2,PVLP213m,aSP22,3,3,39,22
LPLC2,SAD064,DNpe045,4,4,112,22
LC4,CB3544,DNp69,2,4,1034,22
LC4,CL022_c,DNp68,2,2,3,22
LPLC2,WED210,DNge140,1,2,2,22
LC4,AVLP120,DNa14,1,2,2,22
LPLC2,SAD023,DNpe042,5,5,137,22
LC4,AVLP083,DNp06,1,1,3,22
LC4,CB1717,DNp35,2,2,14,22
LPLC2,PVLP209m,DNpe050,4,6,41,22
LC4,AVLP085,DNp35,1,1,7,22
LPLC2,WED072,DNpe045,5,5,22,22
LC4,CL053,DNg07,1,6,6,22
LC4,CL140,DNb01,2,2,434,22
LC4,CB2664,DNp55,3,3,180,22
LC4,CB2664,DNp33,2,3,172,22
LPLC2,SAD013,DNp04,2,2,165,22
LPLC2,SAD013,DNpe015,2,8,525,22
LC4,CB4102,DNp04,5,5,303,22
LC4,CB1638,DNp103,4,4,32,22
LPLC2,VST2,DNg75,3,3,7,22
LC4,AVLP609,DNg09_a,1,3,6,22
LC4,AVLP016,DNg40,2,2,115,22
LC4,,DNpe052,2,2,15,21
LPLC2,AVLP077,DNp35,1,1,1,21
LC4,OA-VUMa4,DNp35,2,4,8,21
LC4,CB4118,DNb05,4,4,16,21
LPLC2,IB114,DNp31,2,3,697,21
LC4,PS002,DNa09,3,3,11,21
LC4,LT51,DNp13,4,4,5,21
LC4,WED189,DNp11,1,2,10,21
LC4,WED072,DNp09,3,3,4,21
LC4,,DNpe031,6,7,1322,21
LC4,AVLP543,DNp103,1,1,1,21
LC4,OA-VUMa4,DNbe004,2,4,8,21
LPLC2,LoVP101,DNge094,2,4,10,21
LPLC2,SAD044,DNp03,1,1,1,21
LPLC2,LHAD1g1,DNp38,2,2,2049,21
LPLC2,PS181,DNae004,2,2,34,21
LPLC2,LC35b,DNp10,2,2,10,21
LPLC2,CB4102,DNpe037,2,4,26,21
LC4,AVLP451,DNpe045,1,2,2,21
LPLC2,PVLP130,DNge141,2,2,2601,21
LC4,AVLP594,DNp44,2,4,4,21
LPLC2,AVLP201,DNp29,2,3,21,21
LPLC2,PVLP015,DNg01_b,2,2,185,21
LC4,PLP034,DNge127,2,2,305,21
LPLC2,UNKNOWN,DNp35,16,16,30,21
LC4,WED109,DNp01,1,2,46,21
LC4,LLPC2,DNge030,10,10,11,21
LC4,MeLo8,DNp27,13,15,629,21
LC4,CB3513,DNp55,3,4,2385,21
LPLC2,PS001,DNp06,1,1,1,21
LPLC2,LC36,DNpe017,2,3,3,21
LPLC2,AVLP080,DNpe042,2,2,31,21
LC4,PLP029,DNp07,2,2,562,21
LPLC2,SAD013,DNp10,2,3,315,21
LPLC2,MeVPLp1,DNpe013,2,4,12,21
LPLC2,PVLP144,DNpe028,2,4,20,21
LPLC2,LAL016,DNae002,1,1,77,21
LPLC2,CL286,DNpe020,2,4,50,21
LC4,AN17B005,DNg85,1,1,2,21
LC4,OCG02b,DNp47,2,4,4,21
LC4,PLP301m,DNg13,1,2,4,21
LPLC2,AVLP610,DNp34,2,2,8,21
LC4,PVLP026,DNp05,2,2,326,21
LPLC2,CL203,DNg98,1,2,2,21
LC4,OCG02b,DNp53,2,4,4,21
LC4,PLP211,DNpe020,2,4,34,21
LC4,LT81,DNae007,2,4,6,21
LPLC2,SAD013,DNp69,2,2,165,21
LPLC2,LoVP54,DNg40,2,2,201,21
LPLC2,PLP211,DNpe020,2,4,310,21
LPLC2,LC31a,DNpe042,12,12,59,21
LC4,AVLP280,DNp10,1,1,1,21
LC4,LoVP50,DNpe028,5,5,28,21
LPLC2,CB4102,DNa09,1,1,9,21
LPLC2,AVLP016,DNp70,1,2,2,21
LC4,CB3544,DNb09,2,2,517,21
LPLC2,OA-VUMa4,DNbe004,2,4,276,21
LC4,LoVP54,DNg40,2,2,19,21
LPLC2,AVLP132,DNg40,1,1,24,21
LPLC2,PS171,DNpe013,1,2,6,21
LC4,CB4103,DNg96,1,1,3,21
LC4,PVLP015,DNg01_b,2,2,833,21
LC4,PS001,DNp06,1,1,12,21
LC4,AN07B004,DNge114,2,7,21,21
LC4,WED125,DNpe021,3,3,867,21
LPLC2,LAL026_a,DNa11,2,2,9,21
LC4,CB4167,DNp66,1,1,1,21
LC4,AVLP452,DNg40,4,4,2471,21
LPLC2,TmY13,DNp11,13,13,38,21
LPLC2,AVLP285,DNa02,1,1,5,21
LPLC2,LoVP50,DNa04,4,4,7,21
LPLC2,CB3513,DNp55,3,4,148,21
LC4,LoVP25,DNpe021,1,2,2,21
LPLC2,PLP060,DNa03,1,1,11,21
LPLC2,CB3544,DNb09,2,2,14,21
LPLC2,CL213,DNge079,2,4,90,21
LPLC2,PVLP151,DNp11,4,6,9374,21
LC4,PVLP201m_d,DNbe006,1,1,1,21
LPLC2,,DNp66,6,7,468,21
LPLC2,PVLP026,DNp05,2,2,57,21
LPLC2,GNG300,DNge039,2,4,1266,21
LC4,AVLP085,DNp23,1,1,7,21
LC4,CB1638,DNpe025,2,2,26,21
LPLC2,OA-VUMa4,DNp35,2,4,276,21
LPLC2,PVLP076,DNpe039,2,2,1338,21
LC4,LHAD1g1,DNp38,2,2,555,21
LPLC2,MeVP53,DNp03,1,1,2,21
LC4,CB0206,DNa09,1,2,4,21
LPLC2,GNG300,DNge124,2,4,1266,21
LC4,PVLP076,DNpe039,2,2,9,21
LC4,WED104,DNg29,1,2,8,21
LPLC2,AVLP370_a,DNp30,2,2,208,21
LPLC2,CB1108,DNpe031,1,3,24,21
LC4,SAD013,DNp10,2,3,293,21
LPLC2,AVLP543,DNp103,1,1,5,21
LC4,GNG300,DNge039,2,4,288,21
LPLC2,CB1638,DNp70,3,3,92,21
LC4,SAD013,DNp69,2,2,198,21
LC4,GNG300,DNge124,2,4,288,21
LC4,CB2153,DNp103,1,2,4,21
LC4,PVLP151,DNp11,4,6,2270,21
LC4,IB114,DNp31,2,3,624,21
LPLC2,AVLP720m,pIP1,2,2,2,21
LC4,AVLP531,DNpe042,1,2,18,21
LPLC2,CL319,DNp46,2,4,4,21
LPLC2,SAD044,DNp19,1,1,1,21
LC4,PLP074,DNbe007,1,2,4,21
LC4,CB4102,DNp01,2,2,123,21
LPLC2,PVLP093,DNp46,2,3,1022,21
LC4,AVLP572,DNpe042,1,2,2,21
LC4,AVLP085,DNb05,1,1,7,21
LC4,PVLP130,DNge141,2,2,1944,21
LPLC2,LC37,DNp39,4,4,5,21
LC4,PVLP064,DNp04,4,5,1098,21
LC4,PLP093,DNpe037,2,4,444,21
LC4,AVLP610,DNp34,2,2,105,21
LC4,AVLP201,DNp29,2,3,12,21
LPLC2,CB1908,DNg104,2,4,12,21
LC4,PVLP093,DNp46,2,3,55,21
LC4,AVLP093,DNpe024,2,2,4,21
LC4,AVLP076,DNp09,1,1,1,20
LPLC2,PS181,DNg91,2,3,50,20
LPLC2,LC31b,DNge103,2,2,949,20
LC4,MeVP18,DNp66,1,1,1,20
LC4,OCG02b,DNpe040,2,4,4,20
LC4,PVLP100,DNp11,3,3,260,20
LC4,LAL026_b,DNg13,1,1,42,20
LC4,PLP093,DNa10,2,4,444,20
LPLC2,CL203,DNge138,1,2,2,20
LPLC2,AVLP259,DNp103,4,4,477,20
LC4,OA-VUMa4,DNge026,2,4,8,20
LC4,AVLP542,DNp11,2,2,17,20
LPLC2,LoVP85,DNp01,2,4,62,20
LC4,PVLP207m,aSP22,1,1,1,20
LPLC2,AVLP169,DNp103,2,2,178,20
LPLC2,LC31b,DNpe031,9,12,2312,20
LPLC2,PVLP010,DNp34,2,2,32,20
LC4,AVLP259,DNp103,4,4,2295,20
LC4,PVLP062,DNpe031,2,5,25,20
LC4,LoVP85,DNp01,2,4,1212,20
LC4,LC31b,DNge103,2,2,162,20
LPLC2,LoVC18,DNpe020,4,8,42,20
LPLC2,LoVP101,DNg56,2,2,5,20
LPLC2,LT81,DNae007,2,4,4,20
LPLC2,AVLP711m,DNa08,5,7,617,20
LPLC2,LAL300m,DNpe023,1,1,19,20
LPLC2,LPT49,DNg92_b,2,5,16,20
LPLC2,AVLP437,DNp103,2,2,5,20
LC4,AVLP152,DNpe056,2,2,24,20
LC4,PVLP094,DNp11,2,2,38,20
LC4,SAD064,DNp70,6,6,1732,20
LPLC2,AVLP708m,CB0429,1,2,12,20
LC4,CB4101,DNp102,3,3,17,20
LPLC2,CB4102,DNp01,1,1,9,20
LC4,LC31b,DNpe031,9,12,878,20
LC4,PVLP094,DNp03,2,2,38,20
LC4,LT47,DNde005,2,2,3,20
LC4,WED107,DNg82,2,5,26,20
LC4,PS180,DNp03,1,1,2,20
LC4,CL001,DNd05,1,2,2,20
LC4,CL367,DNp69,2,4,22,20
LPLC2,OA-VUMa4,DNge026,2,4,276,20
LC4,CB4162,DNpe042,2,4,20,20
LPLC2,AVLP016,DNpe052,1,1,1,20
LC4,PLP099,DNp10,2,2,34,20
LC4,CL286,DNg74_b,1,2,2,20
LC4,WED196,DNp34,1,2,4,20
LC4,CL128a,DNp06,4,4,121,20
LPLC2,AVLP169,DNp06,2,2,178,20
LPLC2,LoVC18,DNp70,4,7,39,20
LC4,OCG02b,DNp10,2,4,4,20
LC4,CB4245,DNp06,1,1,4,20
LC4,AVLP109,DNp06,1,1,3,20
LPLC2,LAL026_b,DNg13,1,1,2,20
LC4,AVLP205,DNp42,1,2,10,20
LC4,LAL300m,DNg75,4,4,117,20
LPLC2,AVLP746m,DNp35,1,1,21,20
LPLC2,PS208,DNa04,1,1,1,20
LPLC2,LPLC1,DNp27,17,17,37,20
LC4,WED166_d,DNg35,2,4,4,20
LPLC2,LoVCLo3,DNp35,2,3,247,20
LPLC2,CB2472,DNp02,3,3,8,20
LC4,PVLP010,DNp34,2,2,2176,20
LPLC2,PVLP019,DNp05,1,1,57,20
LC4,CL001,DNp70,1,2,2,20
LPLC2,AVLP086,DNge113,1,1,3,20
LPLC2,LoVP18,DNa02,2,2,2,20
LPLC2,LPT50,DNp47,2,2,113,20
LC4,CB0206,DNg91,1,2,4,20
LPLC2,LT82a,DNg97,2,2,40,20
LC4,PS001,DNpe039,1,1,12,20
LC4,CL053,DNae010,1,2,2,20
LPLC2,CL309,DNb04,1,2,4,20
LC4,LoVCLo3,DNp35,2,3,35,20
LC4,SAD044,DNp57,2,2,7,20
LPLC2,PVLP062,DNpe031,2,5,17,20
LPLC2,PS001,DNpe039,1,1,1,20
LPLC2,AVLP538,DNp64,2,2,40,20
LC4,LC35a,"DNp51,DNpe019",8,8,22,20
LPLC2,IB114,DNge079,1,2,304,20
LC4,CB3201,DNp69,4,4,715,20
LPLC2,PLP017,DNp06,1,1,7,20
LPLC2,MeVPLp1,DNg92_b,2,6,18,20
LC4,WED060,DNp69,2,2,17,20
LC4,SAD073,DNp05,3,5,21,20
LC4,AOTU034,DNp47,2,2,62,20
LC4,LAL301m,MDN,2,7,135,20
LC4,IB114,DNge079,1,2,416,20
LC4,WED106,DNg56,3,4,10,20
LPLC2,PLP163,DNp66,2,3,315,20
LPLC2,PLP060,DNp07,1,1,11,20
LPLC2,LoVP50,DNpe028,4,4,9,20
LC4,AN07B004,DNp17,2,5,15,20
LPLC2,PS208,DNg82,1,1,1,20
LPLC2,LPT52,DNpe005,2,2,6,20
LC4,PVLP201m_a,DNa02,1,1,4,20
LC4,PLP106,DNp59,4,6,99,20
LPLC2,CB4245,DNp06,1,1,4,20
LC4,WED106,DNp18,3,4,10,20
LPLC2,LC35a,"DNp51,DNpe019",8,8,41,20
LC4,LoVP93,DNa03,6,6,185,20
LPLC2,VST2,DNp72,4,4,8,20
LC4,PVLP062,DNp09,2,2,11,20
LC4,LT60,DNp11,2,2,474,20
LPLC2,LoVP93,DNa03,6,6,130,20
LPLC2,PS181,DNpe021,2,3,52,20
LPLC2,LT60,DNp11,2,2,10,20
LC4,CB3682,DNp12,1,1,8,20
LC4,WED117,DNp12,2,2,4,20
LC4,PLP074,DNbe004,1,2,4,20
LC4,LT82a,DNg97,2,2,360,20
LPLC2,LLPC3,DNpe037,10,10,16,20
LC4,GNG506,DNge082,1,2,2,20
LPLC2,MeVP51,DNp35,2,2,13,20
LPLC2,PS181,DNbe005,2,4,68,20
LC4,WED127,DNpe037,3,3,227,20
LC4,CB1958,DNp07,4,4,360,20
LC4,CB4101,DNg44,4,4,25,20
LPLC2,CB1108,DNp06,1,1,8,20
LPLC2,LoVP92,DNg13,3,6,10,20
LPLC2,LT51,DNbe005,5,5,27,20
LC4,PS306,DNa10,2,4,90,20
LPLC2,PVLP062,DNp09,2,2,7,20
LPLC2,CB0431,DNa06,1,1,16,20
LC4,AVLP396,DNp68,1,1,3,20
LPLC2,HSE,DNg41,2,2,14,20
LC4,LC23,DNpe037,8,9,141,19
LC4,PVLP100,DNb05,3,3,260,19
LC4,LT62,DNp09,2,3,28,19
LPLC2,PVLP034,DNa02,6,8,56,19
LC4,CL066,DNp06,1,1,3,19
LPLC2,LoVP85,DNa14,2,4,62,19
LPLC2,CL053,DNpe055,1,2,60,19
LC4,LT51,DNg88,3,3,4,19
LPLC2,LT40,DNpe037,2,2,6,19
LPLC2,CL053,DNg92_a,2,4,88,19
LC4,AVLP605,DNpe031,1,4,16,19
LPLC2,PVLP031,DNp05,4,6,22,19
LPLC2,CL053,DNp09,2,4,88,19
LPLC2,5-HTPMPV03,DNp27,2,4,24,19
LPLC2,CL053,"DNp51,DNpe019",2,5,102,19
LC4,,DNpe022,2,2,586,19
LC4,CL001,DNp68,1,1,1,19
LPLC2,PVLP010,DNpe056,2,2,32,19
LC4,PVLP031,DNp05,4,6,140,19
LPLC2,PVLP213m,DNa04,3,3,39,19
LPLC2,LoVP86,DNpe013,1,1,1,19
LPLC2,PVLP128,DNpe037,3,5,13,19
LPLC2,LoVC5,DNb09,1,2,2,19
LPLC2,LPT50,DNpe017,2,2,113,19
LC4,PVLP022,DNp03,2,3,3138,19
LPLC2,AVLP592,DNp30,2,2,100,19
LPLC2,AVLP538,DNpe042,2,4,80,19
LC4,LoVC7,DNb04,2,4,46,19
LPLC2,HSS,DNge086,2,2,10,19
LPLC2,CL323,DNa09,4,4,606,19
LC4,CL053,DNg02_a,1,6,6,19
LC4,PVLP022,DNp103,3,5,4752,19
LPLC2,LoVC5,DNp102,1,2,2,19
LPLC2,PS182,DNg02_c,1,2,6,19
LPLC2,HST,DNge086,2,2,3,19
LPLC2,LPT52,DNp31,2,2,6,19
LC4,PVLP022,DNp02,2,4,3948,19
LC4,PS181,DNpe010,1,2,4,19
LPLC2,PVLP151,DNp35,3,4,7583,19
LPLC2,CL367,DNb08,1,2,14,19
LC4,AVLP093,DNp69,2,2,4,19
LPLC2,Nod3,DNge107,2,3,15,19
LC4,LoVC18,DNp27,1,2,8,19
LC4,PS180,DNae002,1,2,4,19
LPLC2,OLVC5,DNg88,1,1,1,19
LPLC2,PS208,DNa09,1,1,1,19
LC4,PS112,DNa16,1,1,2,19
LPLC2,LPT50,DNp10,2,2,113,19
LC4,PS181,DNb04,1,2,4,19
LC4,LAL026_b,DNa03,1,1,42,19
LPLC2,OLVC5,DNp12,2,2,4,19
LPLC2,LoVC25,DNp49,1,1,1,19
LPLC2,PVLP082,DNpe056,1,1,2,19
LC4,LoVC25,DNp49,1,1,1,19
LPLC2,CL319,DNae008,2,4,4,19
LPLC2,LPT54,DNge094,1,3,6,19
LPLC2,CL140,DNde002,2,2,209,19
LPLC2,PVLP107,pIP1,1,1,1,19
LPLC2,PVLP061,DNg104,2,2,19,19
LPLC2,AVLP610,DNp30,2,4,16,19
LPLC2,LoVP92,DNa13,4,4,28,19
LC4,LoVP50,DNp07,4,4,24,19
LPLC2,LAL026_b,DNa03,1,1,2,19
LPLC2,LPT60,DNpe037,2,3,35,19
LC4,CL053,DNpe055,1,2,2,19
LC4,CB3588,DNp02,1,2,2,19
LPLC2,VST1,DNpe054,2,5,5,19
LPLC2,OA-VUMa4,DNb01,2,4,276,19
LC4,CB3513,DNp05,4,6,3554,19
LC4,LoVP85,DNa14,2,4,1212,19
LC4,AVLP502,DNpe053,1,2,4,19
LC4,LoVP85,DNd05,2,4,1212,19
LC4,PVLP026,DNb09,2,2,326,19
LC4,LoVP18,DNpe026,4,4,14,19
LPLC2,MeLo8,DNp27,12,14,41,19
LPLC2,LAL016,DNg13,1,1,77,19
LPLC2,LoVC5,DNpe022,1,2,2,19
LPLC2,PVLP062,DNpe053,2,4,14,19
LPLC2,AVLP396,DNp66,2,2,922,19
LPLC2,PS182,DNbe004,1,1,3,19
LPLC2,LPT59,DNae006,2,2,18,19
LPLC2,LoVP50,DNp07,4,4,9,19
LPLC2,,DNg02_f,5,5,2044,19
LC4,AN10B019,DNg40,3,4,16,19
LPLC2,LoVC7,DNb04,2,4,4,19
LPLC2,CL286,DNae008,2,3,43,19
LPLC2,AVLP396,DNpe053,2,2,922,19
LC4,,DNp71,6,6,1171,19
LPLC2,PS181,DNpe045,2,3,52,19
LPLC2,LoVC18,DNpe053,4,6,34,19
LPLC2,SAD044,DNpe005,1,1,1,19
LPLC2,PLP034,DNp07,1,1,3,19
LC4,LLPC1,DNg82,9,9,9,19
LPLC2,PVLP026,DNb09,2,2,57,19
LC4,AOTU034,DNb05,2,2,62,19
LPLC2,LT81,DNp102,2,3,3,19
LPLC2,PVLP203m,DNp64,1,1,2,19
LC4,PVLP010,DNpe056,2,2,2176,19
LC4,PLP060,DNp02,2,2,57,19
LC4,OLVC5,DNg88,1,1,1,19
LC4,CL001,DNa11,1,1,1,19
LPLC2,CB4102,DNp31,2,3,22,19
LPLC2,CB4102,DNg82,2,6,39,19
LPLC2,LoVP18,DNpe005,5,5,5,19
LC4,5-HTPMPV03,DNp27,2,4,4,19
LC4,PVLP123,DNp64,6,6,419,19
LPLC2,CB2472,DNp11,3,3,8,19
LPLC2,CB1688,DNpe031,2,8,744,19
LC4,SAD073,DNge148,3,5,18,19
LC4,LPT60,DNpe037,2,3,1003,19
LC4,WED166_d,DNbe007,2,4,4,19
LPLC2,PVLP114,DNge050,1,2,92,19
LC4,PLP019,aSP22,1,2,2,19
LPLC2,PVLP123,DNp04,8,8,402,19
LC4,PVLP034,DNge032,2,2,5,19
LC4,CL323,DNa09,4,4,878,19
LC4,PLP029,aSP22,2,2,562,19
LC4,CL140,DNde002,2,2,434,19
LC4,AVLP016,DNpe018,2,3,172,19
LPLC2,SAD073,DNge119,1,1,22,19
LC4,OA-VUMa4,DNp27,2,4,8,19
LC4,OA-VUMa4,DNb01,2,4,8,19
LC4,AVLP204,DNp30,3,6,48,19
LPLC2,LC20b,DNbe007,7,7,26,19
LC4,LPLC1,DNp04,7,7,18,19
LC4,LLPC1,pIP1,6,6,6,19
LC4,CL309,DNae009,1,2,2,19
LPLC2,LT78,DNge141,5,5,7,19
LPLC2,LoVP101,DNge010,2,2,5,19
LPLC2,LT62,DNp09,2,3,23,19
LPLC2,OA-VUMa4,DNp27,2,4,276,19
LPLC2,PVLP022,DNp03,2,3,919,19
LPLC2,PVLP022,DNp02,2,4,1202,19
LPLC2,PS171,DNg90,1,2,6,19
LC4,PLP093,DNbe004,2,4,444,19
LPLC2,LoVP23,DNa10,3,5,31,19
LPLC2,LoVP85,DNd05,2,4,62,19
LC4,PVLP151,DNp35,3,4,1611,19
LPLC2,MeVPLp2,DNp20,1,1,1,19
LC4,AVLP202,DNp70,2,4,90,19
LC4,CB0154,DNp04,1,1,2,19
LPLC2,LC35b,DNg82,2,3,16,19
LC4,CL367,DNg93,2,4,22,19
LPLC2,WED210,DNpe026,1,1,1,19
LPLC2,PVLP022,DNp103,3,5,1475,19
LC4,PVLP062,DNpe053,2,4,22,19
LC4,,DNg91,10,10,5388,19
LC4,AVLP610,DNp30,2,4,210,19
LPLC2,LoVP21,DNp104,2,4,8,19
LPLC2,LC36,DNde002,1,1,1,19
LC4,WED166_d,DNge011,2,3,3,19
LPLC2,PVLP206m,DNp30,4,4,524,19
LPLC2,CB3513,DNp05,4,6,199,19
LPLC2,LC31a,DNp27,11,14,64,19
LC4,PLP074,DNp59,1,2,4,19
LC4,LT40,DNpe037,2,2,34,19
LPLC2,AVLP437,DNpe042,2,3,8,19
LC4,CB4179,DNp70,4,5,88,19
LC4,PS306,DNg74_a,2,3,65,19
LPLC2,AVLP452,DNg40,3,3,6,19
LPLC2,CB1688,DNge103,2,2,186,19
LC4,,DNg02_f,5,5,3430,19
LPLC2,AVLP016,DNpe021,1,1,1,19
LPLC2,5-HTPMPV03,DNg07,2,12,84,18
LPLC2,5-HTPMPV03,DNg106,2,9,39,18
LC4,SAD013,DNa06,2,2,198,18
LPLC2,LT61a,DNp06,2,2,17,18
LC4,CL323,DNp64,3,4,823,18
LC4,SAD011,DNp70,3,5,192,18
LPLC2,AVLP316,DNp13,3,3,125,18
LC4,SAD013,DNa15,2,2,198,18
LC4,GNG517,DNde001,1,2,6,18
LC4,LPLC4,DNpe022,8,8,9,18
LPLC2,LPT59,DNg99,2,2,18,18
LC4,PVLP151,DNp71,3,4,1567,18
LPLC2,WED061,DNpe025,4,4,139,18
LPLC2,,DNbe004,5,6,434,18
LPLC2,CB0128,DNge150,1,1,14,18
LC4,CB3544,DNp71,2,3,784,18
LC4,AN10B019,DNp06,3,3,9,18
LPLC2,LoVP86,DNge043,1,1,1,18
LPLC2,AVLP531,DNpe020,2,3,6245,18
LPLC2,MeVPLp1,DNge038,2,2,6,18
LC4,LT82a,DNa02,3,3,527,18
LPLC2,CB3544,DNp71,2,3,20,18
LC4,PS306,pIP1,2,4,90,18
LC4,LT82a,DNae010,2,2,360,18
LC4,AVLP094,DNpe024,2,2,200,18
LPLC2,PLP211,DNp71,2,4,310,18
LC4,AN07B004,DNge095,2,3,9,18
LC4,LPT30,DNge094,1,4,4,18
LPLC2,Nod4,DNae005,2,2,9,18
LC4,CB3588,DNp31,1,2,2,18
LC4,LoVP18,DNp54,9,9,22,18
LPLC2,PVLP021,DNp05,4,4,37,18
LC4,PLP209,DNg01_b,1,2,2,18
LPLC2,AVLP610,DNbe003,2,3,10,18
LPLC2,AVLP078,DNp14,2,2,170,18
LPLC2,PVLP123,DNp43,5,6,128,18
LPLC2,CB0414,DNp11,1,1,15,18
LPLC2,WED060,DNge147,3,3,66,18
LC4,PLP019,DNb09,1,1,1,18
LPLC2,AOTU032,DNp47,2,2,19,18
LPLC2,LoVC6,DNbe004,1,2,4,18
LC4,AVLP452,DNp35,4,5,2958,18
LC4,CL053,DNa10,1,2,2,18
LC4,PVLP127,DNp06,2,2,25,18
LC4,PS038,DNa03,3,3,7,18
LC4,AN07B004,DNpe055,2,4,12,18
LC4,PVLP021,DNp05,4,4,3435,18
LC4,LHAD1g1,DNp64,2,2,555,18
LC4,CL022_b,DNp69,2,3,36,18
LC4,SAD044,DNg30,2,3,11,18
LC4,5-HTPMPV03,DNg106,2,9,9,18
LPLC2,H2,DNg46,2,2,99,18
LPLC2,AVLP591,DNp68,2,2,17,18
LPLC2,CL323,DNp64,3,4,706,18
LC4,CB4102,DNg01_c,5,5,274,18
LPLC2,PVLP151,DNp71,3,4,7546,18
LPLC2,AVLP539,DNpe042,1,1,1,18
LC4,PLP099,aSP22,2,4,68,18
LC4,PLP093,DNa09,2,4,444,18
LPLC2,LoVC22,DNp27,4,7,21,18
LC4,PLP093,DNbe001,2,3,345,18
LPLC2,CL367,DNp11,1,2,14,18
LC4,LC9,DNp27,12,13,20,18
LPLC2,AVLP169,DNp09,2,2,178,18
LC4,CB1638,DNp69,3,3,31,18
LC4,5-HTPMPV03,DNg07,2,12,12,18
LC4,CL022_c,DNg40,2,2,3,18
LC4,CL286,DNb09,1,2,2,18
LPLC2,AVLP552,DNpe031,2,4,6,18
LPLC2,LHAD1g1,DNp64,2,2,2049,18
LC4,PLP093,DNpe016,2,4,444,18
LC4,LoVC3,DNp102,1,1,1,18
LC4,AVLP085,DNp43,1,1,7,18
LPLC2,PVLP128,DNp35,4,4,13,18
LPLC2,CL319,DNae005,2,3,3,18
LPLC2,CL309,DNa03,1,1,2,18
LPLC2,PVLP126_a,DNp06,2,2,24,18
LC4,AOTU032,DNp47,2,2,35,18
LC4,LPLC4,DNae009,6,6,11,18
LPLC2,AVLP396,DNp71,2,2,922,18
LC4,AVLP536,DNpe040,2,2,5,18
LPLC2,AVLP016,DNp101,1,1,1,18
LPLC2,LC35b,DNp26,2,2,10,18
LC4,LPLC1,DNp27,15,15,38,18
LC4,Li25,DNp27,10,11,19,18
LC4,CB1958,aSP22,4,4,360,18
LC4,,DNge037,3,3,786,18
LPLC2,LoVP18,DNbe007,4,4,4,18
LPLC2,LT63,DNpe022,3,3,7,18
LPLC2,AVLP076,DNp29,2,4,24,18
LPLC2,AOTU034,DNp47,2,2,34,18
LC4,AN09B016,DNpe056,1,2,2,18
LC4,VES023,DNpe053,1,2,4,18
LC4,PLP150,DNp47,5,6,400,18
LPLC2,PVLP130,DNbe001,2,2,2601,18
LPLC2,CB1908,DNg29,2,2,6,18
LC4,CB4179,DNg24,5,5,86,18
LPLC2,AVLP538,DNpe031,2,4,80,18
LC4,PVLP100,DNpe037,3,3,260,18
LPLC2,CB1852,DNpe031,4,7,1188,18
LPLC2,CB1852,DNg111,5,5,897,18
LC4,PVLP130,DNbe001,2,2,1944,18
LC4,PS002,DNpe017,3,4,15,18
LPLC2,PVLP150,DNa11,2,2,199,18
LPLC2,CL213,DNge139,2,4,90,18
LPLC2,CB4162,DNge032,4,4,174,18
LPLC2,PS181,DNb07,2,3,50,18
LC4,LC23,DNpe024,7,10,44,18
LC4,AVLP572,DNp68,1,2,2,18
LC4,WED196,DNp38,1,2,4,18
LC4,CB4103,DNg02_b,3,4,153,18
LC4,AVLP076,DNp55,1,1,1,18
LPLC2,LoVP92,DNge124,4,4,47,18
LPLC2,CL022_c,DNp49,1,2,2,18
LC4,WED193,DNp06,1,2,42,18
LC4,LT51,DNa06,6,6,10,18
LPLC2,PVLP114,DNg19,1,2,92,18
LPLC2,CB4102,DNp35,2,2,13,18
LPLC2,MeVP18,DNpe042,5,5,32,18
LPLC2,WED060,DNg62,2,2,37,18
LPLC2,CL022_b,DNp69,2,3,80,18
LC4,CL128a,DNg91,4,4,121,18
LC4,PS306,DNg02_f,2,2,45,18
LC4,CB0414,DNp11,1,1,24,18
LPLC2,AVLP205,DNp09,3,3,36,18
LC4,GNG343,DNg105,2,4,22,18
LPLC2,SAD013,DNa06,2,2,165,18
LPLC2,LoVP101,DNg34,2,3,9,18
LC4,AVLP610,DNbe003,2,3,175,18
LC4,AVLP076,DNpe039,1,1,1,18
LC4,,DNpe037,6,6,1012,18
LC4,LT61a,DNp06,2,2,19,18
LPLC2,LPLC4,DNp102,12,12,509,18
LPLC2,CB4168,DNpe031,2,4,48,18
LC4,,DNp05,5,6,1929,18
LC4,CB3376,DNg01_a,3,3,9,18
LC4,PVLP034,DNp04,2,2,5,18
LPLC2,PVLP031,DNpe037,4,4,16,18
LC4,AVLP610,DNpe052,2,3,140,18
LPLC2,LoVP26,DNp05,4,6,45,18
LC4,PLP211,DNp71,2,4,34,18
LPLC2,LC22,DNp59,6,6,24,18
LPLC2,OA-VUMa4,DNpe037,2,4,276,18
LC4,AVLP076,DNpe042,1,2,2,18
LPLC2,SAD013,DNa15,2,2,165,18
LC4,PVLP027,DNp04,2,2,40,18
LPLC2,PVLP027,DNp04,2,2,39,18
LC4,PVLP094,DNp02,2,2,38,18
LC4,PVLP096,DNp06,1,1,7,18
LPLC2,AVLP610,DNpe052,2,3,14,18
LPLC2,AVLP176_d,DNpe039,4,5,238,18
LPLC2,LT81,DNpe055,2,4,4,18
LPLC2,CB4102,DNb09,2,3,22,18
LC4,OA-VUMa4,DNpe037,2,4,8,18
LPLC2,LT82a,DNa02,3,3,46,18
LC4,PVLP031,DNpe037,4,4,88,18
LPLC2,LT47,DNde005,1,1,2,18
LPLC2,LT82a,DNae010,2,2,40,18
LPLC2,,DNa13,1,2,8,18
LC4,,DNge041,2,2,586,18
LC4,PVLP100,DNp103,3,3,260,18
LC4,GNG340,DNg108,1,2,18,17
LC4,SAD044,DNge089,2,4,13,17
LC4,AN07B004,DNa15,2,4,12,17
LC4,,DNa16,8,8,4152,17
LC4,CL303,DNae007,1,1,6,17
LPLC2,5-HTPMPV03,DNpe013,2,3,15,17
LC4,CB1948,DNge145,2,3,4,17
LC4,CB2664,DNg09_b,2,2,109,17
LC4,PVLP031,DNp47,3,4,66,17
LPLC2,LT82a,DNa13,4,7,128,17
LC4,AVLP201,DNp12,2,2,10,17
LC4,MeLo14,DNp27,11,12,44,17
LPLC2,LPT51,CB0429,1,1,1,17
LC4,CB2664,DNg106,4,12,720,17
LC4,CL309,DNb04,1,2,2,17
LPLC2,LoVP18,DNp57,5,5,5,17
LPLC2,AVLP396,DNb09,2,2,922,17
LPLC2,HSN,DNge086,2,2,26,17
LPLC2,LoVP23,DNbe004,3,5,31,17
LPLC2,PVLP015,DNg01_c,2,2,185,17
LC4,PVLP096,DNp04,1,1,7,17
LC4,LoVP93,DNg01_b,4,5,223,17
LC4,PS182,DNg02_d,2,4,12,17
LC4,IB114,DNp04,2,2,416,17
LPLC2,PVLP203m,DNg55,1,1,2,17
LC4,PVLP031,DNg111,3,3,52,17
LPLC2,AVLP169,DNp71,2,2,178,17
LC4,PVLP113,DNpe056,3,3,22,17
LPLC2,LoVP24,DNde002,3,5,7,17
LC4,CB2153,DNge084,1,1,2,17
LC4,PVLP022,DNp06,3,5,4749,17
LC4,PLP150,DNbe001,4,6,359,17
LPLC2,PVLP017,DNp55,2,2,593,17
LPLC2,,DNp71,11,11,2317,17
LC4,5-HTPMPV03,DNp63,2,4,4,17
LC4,PS002,DNp01,3,3,11,17
LC4,CL140,DNge054,2,2,434,17
LC4,AVLP429,DNpe042,2,4,818,17
LPLC2,CL053,DNg50,1,2,60,17
LC4,CB3376,DNae007,3,3,9,17
LPLC2,5-HTPMPV03,DNp63,2,4,24,17
LPLC2,AVLP429,DNpe042,2,4,104,17
LC4,CL066,DNpe039,1,1,3,17
LC4,WED106,DNg108,3,5,14,17
LPLC2,PVLP031,DNg111,3,3,15,17
LPLC2,5-HTPMPV03,DNpe005,2,4,24,17
LPLC2,H2,DNa16,2,2,99,17
LC4,AVLP204,DNp06,2,2,21,17
LC4,5-HTPMPV03,DNpe013,2,3,3,17
LPLC2,,DNp07,4,5,105,17
LPLC2,LC19,DNp18,8,8,33,17
LPLC2,CL323,DNpe042,4,7,1161,17
LC4,PS038,DNp103,3,3,3,17
LPLC2,PVLP011,DNp06,2,2,11623,17
LC4,WED127,DNb01,3,5,376,17
LPLC2,PS182,DNpe053,1,2,6,17
LC4,CB1649,DNa04,1,2,2,17
LPLC2,WED060,DNp71,4,4,67,17
LPLC2,CB1638,DNp103,3,3,92,17
LPLC2,PVLP080_a,DNp71,2,2,6,17
LC4,PVLP011,DNp06,2,2,1011,17
LC4,PVLP076,DNp70,2,2,9,17
LC4,PVLP128,DNp11,3,4,11,17
LPLC2,SIP108m,pMP2,1,2,2,17
LC4,5-HTPMPV03,DNpe005,2,4,4,17
LPLC2,WED060,DNge032,4,5,80,17
LPLC2,PVLP209m,DNp36,3,4,28,17
LPLC2,PVLP114,DNge013,1,1,46,17
LC4,CL001,DNp43,1,1,1,17
LPLC2,SAD064,DNge130,4,4,112,17
LC4,AVLP093,DNp09,1,1,2,17
LPLC2,5-HTPLP01,DNpe042,2,2,5,17
LC4,5-HTPMPV03,DNg02_a,2,12,12,17
LPLC2,PVLP076,DNp70,2,2,1338,17
LPLC2,PVLP150,DNp71,2,2,199,17
LPLC2,HSN,DNa02,2,2,26,17
LPLC2,LoVP93,DNg01_b,4,5,94,17
LPLC2,PVLP031,DNp47,3,4,23,17
LC4,PLP093,DNp26,2,3,321,17
LPLC2,CL367,DNp04,1,2,14,17
LC4,CB0154,DNp11,1,1,2,17
LPLC2,AVLP452,DNp35,3,4,8,17
LPLC2,5-HTPLP01,DNpe031,2,3,8,17
LC4,,DNp35,9,9,2099,17
LPLC2,PS208,DNb01,1,1,1,17
LPLC2,PLP211,DNp43,2,4,310,17
LPLC2,WED210,DNge129,1,2,2,17
LC4,WED127,DNg01_d,3,3,227,17
LPLC2,CB4179,DNg29,3,3,7,17
LC4,LoVP50,DNpe002,5,5,24,17
LPLC2,LPT31,DNge006,5,5,10,17
LC4,CB4102,DNp07,6,8,505,17
LC4,WED117,DNp30,2,4,8,17
LC4,CB2940,DNp02,2,2,55,17
LC4,LoVP54,DNpe021,2,2,19,17
LPLC2,LAL300m,MDN,1,4,76,17
LC4,LoVP54,DNpe039,2,2,19,17
LPLC2,CL213,DNge082,2,4,90,17
LC4,AVLP542,DNg29,2,3,28,17
LPLC2,PVLP034,DNp45,8,11,90,17
LC4,CL323,DNpe042,4,7,1550,17
LC4,AN07B004,DNg17,2,4,12,17
LC4,LoVP18,DNbe005,7,7,20,17
LC4,SAD053,DNg74_a,2,2,17,17
LPLC2,VSm,DNb03,4,7,36,17
LC4,PS182,DNpe001,2,3,11,17
LPLC2,CL140,DNge054,2,2,209,17
LPLC2,LAL026_a,DNa04,2,2,9,17
LC4,AVLP711m,aSP22,1,2,48,17
LC4,PLP211,DNp43,2,4,34,17
LPLC2,CB4162,DNp09,4,5,205,17
LPLC2,CB0431,DNa15,1,1,16,17
LC4,5-HTPMPV03,DNge138,2,4,4,17
LC4,AN17B005,DNg15,1,1,2,17
LC4,LT83,DNp27,2,4,32,17
LC4,PVLP015,DNg01_c,2,2,833,17
LC4,5-HTPMPV03,DNge094,2,11,11,17
LC4,OA-VUMa4,DNp57,2,4,8,17
LPLC2,LAL300m,DNae005,1,1,19,17
LC4,CB4163,DNp43,1,2,30,17
LC4,PVLP034,DNp67,1,2,2,17
LC4,GNG343,pIP1,2,4,22,17
LPLC2,AVLP204,DNp06,2,3,34,17
LC4,LoVP50,DNp03,6,6,33,17
LC4,CL053,DNp38,1,2,2,17
LPLC2,WED072,DNp02,5,5,22,17
LC4,LoVP50,aSP22,4,4,19,17
LPLC2,CL203,DNg93,1,2,2,17
LC4,CB1932,DNp01,7,7,522,17
LPLC2,LoVP54,DNpe021,2,2,201,17
LPLC2,LoVC15,DNge041,4,4,6,17
LPLC2,PVLP022,DNp06,3,5,1470,17
LC4,LT82a,DNa13,4,7,1234,17
LPLC2,LoVP92,pIP1,6,9,30,17
LC4,WED107,DNa10,2,3,17,17
LPLC2,PVLP137,DNg44,2,2,324,17
LPLC2,AVLP531,DNpe040,2,2,4635,17
LPLC2,PVLP124,DNp11,2,2,28,17
LC4,AN10B019,DNge049,3,4,10,17
LPLC2,AVLP040,DNp66,2,2,9,17
LPLC2,LoVP101,DNpe001,2,2,5,17
LPLC2,LoVP54,DNpe039,2,2,201,17
LC4,LPT31,DNg41,2,2,2,17
LC4,,DNge049,1,2,10,17
LPLC2,LT83,DNp27,2,4,20,17
LPLC2,CL266_a3,DNpe031,1,2,8,17
LC4,PS304,DNp21,1,1,1,17
LC4,WED104,DNge083,1,1,4,17
LPLC2,5-HTPMPV03,DNg02_a,2,12,72,17
LC4,CL053,DNg50,1,2,2,17
LPLC2,LLPC2,DNp11,9,9,15,17
LPLC2,LPLC1,DNp04,6,6,20,17
LC4,PVLP137,DNg44,2,2,855,17
LC4,CL066,DNp01,1,1,3,17
LPLC2,LLPC2,DNg82,7,7,10,17
LPLC2,OA-VUMa4,DNp57,2,4,276,17
LPLC2,LoVC5,DNpe055,1,2,2,17
LC4,LoVP92,DNae001,3,3,6,17
LPLC2,AVLP201,DNp12,2,2,15,17
LC4,PLP300m,DNbe003,3,3,19,17
LC4,PLP019,DNpe052,1,1,1,17
LC4,WED061,DNpe056,2,2,6,17
LC4,PVLP017,DNp55,2,2,62,17
LC4,WED124,DNp63,2,3,26,17
LPLC2,PLP211,DNpe031,2,6,465,17
LPLC2,IB114,DNp04,2,2,545,17
LPLC2,5-HTPMPV03,DNge138,2,4,24,17
LC4,SAD064,DNge130,4,4,1571,17
LC4,LoVP92,pIP1,5,9,19,17
LC4,PLP211,DNpe031,2,6,51,17
LPLC2,5-HTPMPV03,DNge094,2,11,69,17
LPLC2,CL131,DNae009,1,2,2,17
LPLC2,PS171,DNg75,1,1,3,17
LC4,AN09B023,DNg88,1,1,3,17
LC4,CB4102,DNp69,6,7,376,17
LC4,PVLP124,DNp11,2,2,70,17
LPLC2,CB2940,DNp02,2,2,23,17
LC4,PVLP034,DNp103,2,4,10,17
LPLC2,LAL016,DNb09,1,1,77,17
LC4,PS181,DNpe053,1,2,4,16
LC4,PVLP018,DNp35,2,4,114,16
LPLC2,LC23,DNpe021,5,7,19,16
LPLC2,,DNa16,8,8,1657,16
LPLC2,PVLP126_b,DNp06,1,1,14,16
LC4,CB4118,DNp11,4,4,16,16
LPLC2,LoVC15,DNge037,2,2,3,16
LPLC2,AVLP552,DNp23,2,2,3,16
LPLC2,MeVPLp1,DNg95,2,3,7,16
LC4,SAD021_a,DNp02,1,1,5,16
LC4,LC11,DNpe037,6,6,6,16
LC4,LC29,DNp42,5,5,8,16
LC4,PS306,DNge026,2,4,90,16
LC4,PVLP021,DNge054,4,7,5958,16
LPLC2,LC19,DNg13,5,5,27,16
LC4,LT51,pIP1,5,5,9,16
LC4,PS182,DNg92_b,2,6,18,16
LPLC2,PVLP120,DNpe040,2,2,1104,16
LC4,WED127,DNa13,3,6,454,16
LC4,CL001,DNpe045,1,2,2,16
LC4,LAL301m,DNpe023,2,2,37,16
LPLC2,PS181,DNb09,2,4,68,16
LC4,LPLC4,DNp54,9,9,14,16
LPLC2,LPLC4,DNb09,9,9,270,16
LPLC2,UNKNOWN,DNpe042,14,14,32,16
LC4,CB4118,DNg09_b,5,5,18,16
LC4,PVLP019,DNpe031,2,4,944,16
LPLC2,AVLP552,DNp09,2,2,3,16
LC4,SAD053,DNp05,2,4,34,16
LC4,5-HTPMPV03,DNge091,2,12,12,16
LPLC2,WED210,DNg06,1,3,3,16
LC4,CB1498,DNp11,2,2,374,16
LC4,SAD073,DNg74_a,3,3,12,16
LC4,LLPC1,DNp07,8,8,14,16
LPLC2,PVLP122,DNp04,6,6,972,16
LC4,PVLP017,DNpe056,2,2,62,16
LC4,PVLP011,DNp04,2,2,1011,16
LC4,LC22,DNp27,8,11,19,16
LPLC2,H2,DNge086,2,2,99,16
LPLC2,LPLC4,DNg111,10,10,338,16
LPLC2,H2,DNge097,2,2,99,16
LPLC2,AVLP086,DNp103,1,1,3,16
LPLC2,AVLP452,DNp64,3,5,10,16
LPLC2,LPLC4,DNpe017,6,6,236,16
LPLC2,AVLP509,DNp06,2,2,11,16
LPLC2,AVLP476,DNp55,1,1,7,16
LPLC2,LC14b,DNp27,5,5,22,16
LPLC2,PS182,DNg95,1,2,6,16
LC4,CB4103,DNbe006,4,4,149,16
LC4,LC31a,DNp27,10,12,37,16
LPLC2,MeVPOL1,DNp30,2,4,14,16
LC4,SAD055,DNp103,2,3,132,16
LPLC2,WED210,DNg51,1,4,4,16
LC4,WED125,DNa16,3,3,867,16
LPLC2,LC23,DNg04,3,7,27,16
LPLC2,,DNg91,8,8,2375,16
LPLC2,AVLP079,DNp66,1,1,9,16
LPLC2,WED104,DNp30,2,4,166,16
LC4,SAD098,DNg56,1,2,52,16
LPLC2,LoVP50,DNpe002,4,4,6,16
LPLC2,AVLP039,DNpe043,1,2,2,16
LPLC2,CB3513,DNg40,4,4,134,16
LPLC2,AVLP016,DNp42,1,1,1,16
LPLC2,SAD013,DNg108,2,4,330,16
LC4,,DNpe056,4,4,349,16
LPLC2,CL309,DNa07,1,2,4,16
LC4,PVLP022,DNpe056,3,5,4749,16
LC4,,DNp43,3,3,759,16
LC4,AN09B023,DNg12_b,1,3,9,16
LC4,SAD013,DNg108,2,4,396,16
LPLC2,AVLP593,DNd03,1,1,1,16
LC4,PS002,DNae007,3,3,11,16
LPLC2,PVLP011,DNp04,2,2,11623,16
LPLC2,PVLP064,DNp04,3,4,14,16
LPLC2,PVLP062,DNp11,2,2,7,16
LPLC2,PVLP021,DNge054,4,7,72,16
LC4,CB3513,DNg40,4,4,2292,16
LPLC2,CB2940,DNpe040,2,2,23,16
LC4,AOTU032,DNb05,2,2,35,16
LC4,5-HTPMPV03,DNb03,2,8,8,16
LPLC2,LPT52,DNp56,2,2,6,16
LC4,5-HTPMPV03,DNbe001,2,4,4,16
LC4,PVLP031,DNp69,4,6,140,16
LC4,CL066,DNb05,1,1,3,16
LPLC2,5-HTPMPV03,DNge091,2,12,72,16
LPLC2,5-HTPMPV03,DNbe001,2,4,24,16
LPLC2,CB2676,DNp06,1,2,4,16
LPLC2,PVLP128,DNpe042,4,6,22,16
LPLC2,CB4176,pIP1,2,3,3,16
LC4,PVLP120,DNpe040,2,2,266,16
LPLC2,CB2472,DNp71,3,3,8,16
LC4,LoVP25,DNae009,1,2,2,16
LPLC2,LoVP101,DNge083,2,2,5,16
LC4,PVLP122,DNp04,6,6,4534,16
LPLC2,CB4162,DNpe039,4,6,318,16
LPLC2,AVLP610,DNp35,2,2,8,16
LPLC2,TmY14,DNb03,9,11,11,16
LPLC2,PVLP034,pMP2,5,6,55,16
LC4,AVLP476,DNp55,1,1,6,16
LPLC2,AVLP040,DNp01,2,2,9,16
LPLC2,TmY18,DNp27,13,13,13,16
LPLC2,LT51,DNge040,6,6,31,16
LPLC2,PLP018,DNp70,2,2,8,16
LC4,LoVP53,DNge141,2,2,37,16
LPLC2,CB4163,DNpe031,5,10,1030,16
LC4,LoVP18,DNpe055,4,4,14,16
LC4,,DNg42,5,5,3606,16
LC4,LoVP18,DNp63,6,7,29,16
LPLC2,CL140,DNp55,2,2,209,16
LPLC2,CB0128,DNge050,1,2,28,16
LPLC2,CB0128,DNge135,1,2,28,16
LC4,PVLP074,DNp11,1,1,6,16
LC4,CB2940,DNpe040,2,2,55,16
LC4,AVLP016,DNpe045,2,2,115,16
LC4,GNG300,DNg35,2,4,288,16
LC4,LoVP18,DNb04,7,8,21,16
LC4,LoVP18,DNa09,6,6,18,16
LPLC2,WED072,DNge141,5,5,22,16
LPLC2,CB4101,DNa09,1,1,49,16
LC4,WED061,DNpe025,2,2,6,16
LPLC2,AVLP592,DNp71,2,2,100,16
LPLC2,PVLP022,DNpe056,3,5,1470,16
LPLC2,5-HTPMPV03,DNb03,2,8,48,16
LPLC2,PVLP018,DNp06,1,2,16,16
LPLC2,PVLP017,DNpe056,2,2,593,16
LC4,CB4101,DNg75,5,5,42,16
LPLC2,LPT50,DNg94,2,2,113,16
LC4,AN17B005,DNge104,1,1,2,16
LPLC2,MeVP29,DNpe021,1,1,1,16
LC4,CL286,DNp01,1,1,1,16
LPLC2,AVLP711m,DNge138,5,6,480,16
LC4,CB4101,DNge054,5,5,49,16
LPLC2,MeVP18,DNpe045,4,4,31,16
LC4,AVLP016,DNd05,2,2,115,16
LC4,CL140,DNp55,2,2,434,16
LPLC2,CB1852,DNa02,5,5,897,16
LPLC2,LT77,DNpe025,3,3,4,16
LPLC2,CL053,DNp47,2,4,88,16
LC4,PVLP128,DNp70,3,3,7,16
LC4,WED060,DNge147,2,2,17,16
LC4,WED124,DNa02,2,2,17,16
LPLC2,CL367,DNg74_a,1,2,14,16
LC4,PVLP062,DNp11,2,2,11,16
LC4,CL303,DNa13,1,3,18,16
LC4,AVLP280,DNpe021,1,1,1,16
LPLC2,AVLP711m,DNp34,3,3,369,16
LPLC2,PVLP031,DNp69,4,6,22,16
LC4,CB2153,DNp01,1,2,4,16
LC4,CL286,DNpe024,1,2,2,16
LPLC2,CL053,DNge091,2,8,176,16
LC4,LAL026_a,DNp34,1,1,124,16
LPLC2,PS208,DNae004,1,2,2,16
LPLC2,AOTU034,DNb05,2,2,34,16
LC4,PS180,DNg01_b,1,2,4,16
LC4,AN09B016,DNp66,1,2,2,16
LC4,MeVP17,DNpe052,1,1,1,16
LPLC2,AOTU032,DNb05,2,2,19,16
LPLC2,LoVP53,DNge141,2,2,87,16
LC4,LoVC25,DNpe055,1,2,2,16
LC4,CL022_c,DNp11,2,2,3,16
LPLC2,GNG300,DNg35,2,4,1266,16
LC4,CB4101,DNge127,5,5,49,16
LPLC2,AVLP037,DNp06,1,1,2,16
LC4,AVLP016,DNp09,2,2,115,16
LPLC2,PVLP216m,DNp45,3,4,10,16
LPLC2,5-HTPLP01,DNpe040,2,2,5,16
LPLC2,LT78,DNa02,6,6,9,16
LPLC2,TmY17,DNp11,4,4,6,16
LPLC2,LoVC25,DNpe055,1,2,2,16
LC4,AVLP610,DNp35,2,2,105,16
LPLC2,CB1498,DNp11,2,2,3,16
LC4,VES023,DNp09,1,2,4,16
LPLC2,PVLP028,DNp71,4,8,178,16
LC4,AVLP593,DNge049,1,2,6,15
LPLC2,LC23,DNp18,3,5,24,15
LC4,LC23,DNp42,5,5,85,15
LPLC2,OA-VUMa4,DNae002,2,4,276,15
LC4,GNG300,DNg31,2,3,228,15
LPLC2,LoVP101,DNg58,2,2,5,15
LPLC2,AVLP080,DNg104,2,2,31,15
LPLC2,PVLP031,DNpe024,4,4,16,15
LC4,LC31b,DNae001,3,3,349,15
LC4,PLP211,DNpe024,2,4,34,15
LPLC2,CB4179,DNg24,4,4,9,15
LPLC2,AVLP711m,DNpe056,2,2,327,15
LPLC2,LoVP92,DNp13,4,5,46,15
LPLC2,5-HTPMPV03,DNp26,2,4,24,15
LPLC2,AVLP720m,DNp55,2,2,2,15
LC4,AVLP076,DNp01,1,1,1,15
LPLC2,LoVCLo3,DNpe020,2,4,318,15
LC4,MeVP18,DNp64,1,1,1,15
LPLC2,PVLP011,DNa07,2,2,11623,15
LC4,PS306,DNg108,2,3,65,15
LPLC2,AVLP490,DNp30,3,4,16,15
LPLC2,CL022_a,DNp43,1,1,1,15
LC4,PVLP031,DNpe024,4,4,88,15
LPLC2,LT82a,DNa01,2,2,40,15
LPLC2,AVLP079,DNpe031,1,2,18,15
LPLC2,LT51,DNa06,5,5,28,15
LPLC2,CB4176,DNg108,2,3,3,15
LPLC2,AVLP016,pIP1,1,1,1,15
LC4,CB4118,DNge031,2,2,3,15
LC4,WED125,DNge041,3,3,867,15
LC4,SAD064,DNg24,5,5,1278,15
LPLC2,LoVCLo3,DNp57,2,4,318,15
LPLC2,PVLP114,DNge007,1,2,92,15
LPLC2,CB4179,DNg84,4,4,9,15
LC4,PS306,DNg05_c,2,3,70,15
LC4,OA-VUMa4,DNae002,2,4,8,15
LC4,OA-VUMa4,DNb09,2,4,8,15
LPLC2,AVLP437,DNge032,2,2,5,15
LPLC2,AVLP437,DNp06,2,2,5,15
LPLC2,CL022_a,DNpe024,1,1,1,15
LC4,WED069,DNp57,1,1,1,15
LC4,OA-VUMa4,"DNp51,DNpe019",2,5,10,15
LPLC2,LoVP23,DNpe055,1,2,4,15
LPLC2,LT63,DNp57,3,3,7,15
LC4,PVLP014,DNp64,1,2,4,15
LPLC2,OA-VUMa4,"DNp51,DNpe019",2,5,335,15
LC4,CB1958,DNpe037,4,4,360,15
LC4,WED127,DNp57,3,5,376,15
LC4,AVLP280,DNpe005,1,1,1,15
LPLC2,PVLP019,DNp55,1,1,57,15
LPLC2,AVLP016,DNp09,1,1,1,15
LC4,PLP019,DNp103,1,1,1,15
LPLC2,LoVP25,DNae009,3,4,25,15
LC4,SAD073,DNge053,3,6,24,15
LC4,CL323,DNp03,4,4,878,15
LPLC2,CB2940,DNg108,2,4,46,15
LC4,LC35a,DNp54,5,5,17,15
LPLC2,PVLP021,DNg24,4,5,58,15
LC4,LC35b,DNp10,1,1,3,15
LC4,PVLP064,DNp06,5,5,1076,15
LC4,CL367,DNp66,2,4,22,15
LPLC2,LoVP93,DNbe001,1,2,20,15
LPLC2,LoVC17,DNb09,2,2,2,15
LPLC2,AVLP201,DNpe056,2,2,15,15
LC4,CB4248,DNge039,2,2,8,15
LC4,,DNa09,6,6,4030,15
LC4,PLP106,DNb05,4,5,148,15
LC4,WED072,DNpe045,3,3,4,15
LC4,PVLP128,DNpe042,3,6,14,15
LC4,PVLP011,DNa07,2,2,1011,15
LC4,5-HTPMPV03,DNp26,2,4,4,15
LPLC2,PVLP144,DNbe003,2,4,20,15
LC4,LLPC1,DNb01,3,3,3,15
LPLC2,PVLP017,DNp09,2,2,593,15
LC4,CB4179,DNg84,4,4,69,15
LC4,CL309,DNa07,1,1,1,15
LC4,PVLP010,DNpe031,2,4,4352,15
LC4,PVLP010,DNp101,2,2,2176,15
LC4,PVLP010,DNp09,2,2,2176,15
LC4,,DNg02_e,5,5,4523,15
LPLC2,PVLP206m,DNg104,3,3,453,15
LPLC2,MeVP18,DNp03,3,3,23,15
LPLC2,LC31b,DNae001,3,3,1252,15
LPLC2,PVLP012,DNp103,2,2,16,15
LPLC2,PLP093,DNbe004,1,2,20,15
LPLC2,MeVP18,DNp35,5,5,43,15
LC4,AVLP605,DNge049,1,2,8,15
LC4,AN01A055,DNg37,1,2,2,15
LC4,,DNge124,2,2,586,15
LC4,LPT60,DNpe020,2,4,1302,15
LPLC2,CB4102,DNp26,2,2,13,15
LPLC2,Tm16,DNp11,4,4,5,15
LC4,CL128a,DNg56,4,4,121,15
LPLC2,AVLP080,DNp04,2,2,31,15
LC4,LT1c,DNp06,2,2,12,15
LC4,CL128a,DNg30,3,6,240,15
LPLC2,CB0128,DNpe042,1,2,28,15
LC4,MeLo10,DNp30,11,11,25,15
LPLC2,AVLP437,DNpe053,2,2,5,15
LC4,CL323,DNpe026,4,4,878,15
LC4,CB2940,DNg108,2,4,110,15
LPLC2,AVLP080,DNp66,2,2,31,15
LC4,AVLP201,DNpe056,2,2,10,15
LPLC2,PVLP122,DNp09,4,4,389,15
LPLC2,LC35a,DNp54,5,5,26,15
LC4,LPT29,DNge121,1,1,1,15
LC4,PLP209,DNp18,1,2,2,15
LC4,LPT31,DNp15,2,2,2,15
LC4,,DNg111,4,4,1014,15
LPLC2,SAD049,DNp35,2,2,40,15
LPLC2,CB3513,DNp30,3,6,224,15
LC4,OCG06,DNge053,2,4,24,15
LC4,AVLP605,DNg74_a,1,2,8,15
LPLC2,VS,DNpe054,1,4,4,15
LC4,PVLP017,DNp09,2,2,62,15
LPLC2,PS182,DNpe001,1,2,6,15
LC4,CB4103,DNpe016,5,5,200,15
LC4,LoVP33,DNpe009,1,1,1,15
LPLC2,PVLP209m,DNp70,3,3,17,15
LPLC2,LoVP54,DNp27,2,4,402,15
LPLC2,LoVC18,DNpe045,4,6,33,15
LC4,LC19,DNa01,1,1,1,15
LPLC2,AVLP040,DNpe026,2,2,9,15
LPLC2,LoVP90c,DNpe028,1,1,4,15
LPLC2,LoVC15,DNge026,4,4,7,15
LPLC2,LT86,DNg34,1,2,4,15
LPLC2,VS,DNae002,3,3,35,15
LC4,LoVP26,DNpe013,6,9,29,15
LPLC2,SAD064,DNp70,4,4,112,15
LC4,SAD049,DNp35,2,2,108,15
LPLC2,UNKNOWN,DNpe045,11,11,52,15
LC4,LT82a,DNa01,2,2,360,15
LPLC2,,DNg01_d,2,2,8,15
LPLC2,LAL026_a,DNpe056,2,2,9,15
LPLC2,LoVP47,DNge141,2,2,3,15
LPLC2,H2,DNpe008,2,3,153,15
LC4,LoVC15,DNa07,5,5,25,15
LPLC2,OA-VUMa4,DNb09,2,4,276,15
LPLC2,CL323,DNp03,4,4,606,15
LPLC2,PVLP128,DNge017,2,4,8,15
LC4,PVLP122,DNp09,4,4,2363,15
LPLC2,LPT60,DNpe020,2,4,42,15
LPLC2,SIP108m,aSP22,1,1,1,15
LC4,CL022_a,DNpe024,1,1,1,15
LC4,TmY19b,DNp27,8,8,32,15
LPLC2,PVLP010,DNp09,2,2,32,15
LC4,LoVP18,DNg02_c,6,8,17,15
LC4,AVLP542,DNg108,2,4,34,15
LPLC2,CL323,DNpe026,4,4,606,15
LC4,PS002,DNp05,3,3,11,15
LPLC2,AVLP396,DNp11,2,2,922,15
LPLC2,AVLP169,DNpe031,2,4,356,15
LC4,PVLP021,DNg24,4,5,4151,15
LPLC2,PVLP126_a,DNp103,2,2,24,15
LPLC2,WED046,DNp11,1,1,6,15
LPLC2,AVLP077,DNpe026,1,1,1,15
LPLC2,CL309,DNg01_a,1,1,2,15
LPLC2,LoVC6,DNb05,1,2,4,15
LC4,5-HTPMPV03,DNbe004,2,4,4,15
LPLC2,IB114,DNpe003,2,4,849,15
LC4,LoVCLo3,DNp57,2,4,52,15
LPLC2,5-HTPMPV03,DNbe004,2,4,24,15
LC4,CB4101,DNae002,2,2,13,15
LC4,LoVCLo3,DNpe020,2,4,52,15
LC4,AN09B023,DNpe017,1,1,3,15
LPLC2,LoVP90a,DNge041,1,2,6,15
LPLC2,Nod4,DNg82,1,1,7,15
LPLC2,CL319,DNge138,2,3,3,15
LC4,LT85,DNde001,2,2,2,15
LPLC2,PVLP128,DNpe024,4,4,13,15
LPLC2,MeLo10,DNp11,8,8,12,15
LC4,IB114,DNpe003,2,4,832,15
LPLC2,PVLP069,DNp09,1,1,4196,15
LC4,AN07B004,DNge108,2,7,21,15
LPLC2,LPT50,DNp16_a,2,2,113,15
LPLC2,CL266_a3,DNp09,1,1,4,15
LPLC2,,DNg02_e,5,5,2496,15
LPLC2,CL266_a3,DNg40,1,1,4,15
LPLC2,AVLP539,DNp64,1,1,1,15
LPLC2,CL319,DNa11,2,4,4,15
LC4,LoVC22,DNp27,3,6,8,15
LC4,CL022_a,DNp43,1,1,1,15
LC4,PS112,DNge175,1,1,2,15
LPLC2,LT1c,DNp06,2,2,6,15
LC4,PVLP201m_d,DNg19,1,2,2,15
LPLC2,AVLP577,DNp55,2,2,24,15
LC4,GNG343,DNg74_a,2,3,16,15
LC4,SAD053,DNg93,2,4,34,15
LC4,PVLP100,DNg30,3,4,324,15
LC4,AVLP429,DNp70,2,4,818,15
LPLC2,PLP211,DNpe024,2,4,310,15
LC4,LC22,DNpe021,5,5,7,15
LPLC2,LAL301m,DNp18,2,2,58,15
LPLC2,AVLP552,DNp66,2,2,3,15
LC4,AVLP452,DNpe021,4,6,3814,15
LC4,PS112,DNp54,1,2,4,15
LC4,CL001,pMP2,1,1,1,15
LC4,PS112,DNpe017,1,1,2,15
LPLC2,AVLP429,DNp70,2,4,104,15
LC4,WED196,DNp30,1,2,4,15
LPLC2,TmY19b,DNp27,8,8,21,15
LPLC2,SAD073,pMP2,1,2,44,15
LC4,LoVP93,DNbe001,1,2,90,15
LPLC2,GNG300,DNg31,2,3,1016,15
LPLC2,LPT31,DNge138,3,3,3,15
LC4,PVLP069,DNp09,1,1,2,15
LPLC2,PVLP010,DNpe031,2,4,64,15
LC4,LT51,DNge107,4,4,7,15
LC4,SAD021_a,DNp06,1,1,5,15
LC4,WED124,DNa04,2,2,17,15
LPLC2,AVLP079,DNp30,1,1,9,15
LC4,CB3513,DNp30,3,6,3406,15
LPLC2,MeVP51,DNp03,2,2,13,15
LPLC2,PVLP010,DNp101,2,2,32,15
LPLC2,LAL300m,DNge103,1,1,19,15
LC4,LoVP54,DNp27,2,4,38,15
LC4,PVLP018,DNp04,2,3,90,15
LC4,GNG343,DNge119,2,2,11,15
LPLC2,PVLP034,DNpe002,4,6,36,15
LPLC2,LPT29,DNge121,1,1,4,15
LPLC2,LPT49,DNp26,2,3,8,15
LC4,LC6,DNp71,3,3,3,14
LPLC2,LoVC22,DNpe013,4,5,14,14
LPLC2,PVLP071,DNg40,3,3,2801,14
LPLC2,AVLP076,DNp71,2,2,12,14
LPLC2,CL319,DNg19,2,2,2,14
LPLC2,AVLP592,DNpe042,2,3,181,14
LPLC2,H2,DNb02,2,6,288,14
LC4,CB1557,DNpe056,1,1,7,14
LPLC2,LHAD1g1,DNge032,2,2,2049,14
LC4,CB1958,DNp63,3,3,281,14
LC4,AVLP016,DNa02,2,2,115,14
LC4,LoVCLo1,CB0429,1,2,2,14
LC4,SAD073,DNp11,3,5,21,14
LPLC2,LC39a,DNp07,2,2,6,14
LC4,PLP099,DNp07,2,2,34,14
LPLC2,MeLo13,DNp27,10,10,145,14
LPLC2,LoVP50,aSP22,3,3,5,14
LPLC2,LoVP108,DNd04,2,2,3,14
LPLC2,AVLP538,DNp70,2,4,80,14
LC4,LLPC1,DNge141,6,6,7,14
LC4,AN09B023,DNae007,1,1,3,14
LPLC2,PVLP014,DNp11,2,2,30,14
LPLC2,PVLP015,aSP22,2,2,185,14
LPLC2,CB1498,DNp70,2,4,6,14
LC4,PLP208,DNb01,2,4,16,14
LPLC2,5-HTPLP01,DNp06,2,2,5,14
LC4,CB2664,DNp31,4,5,289,14
LPLC2,MeVC25,DNpe057,1,1,329,14
LC4,LoVC16,DNp30,4,8,2600,14
LC4,AVLP085,DNpe039,1,1,7,14
LPLC2,PVLP073,DNpe056,3,3,401,14
LC4,AVLP396,DNp11,1,1,3,14
LC4,PVLP011,DNp01,2,2,1011,14
LPLC2,AVLP543,DNp06,1,1,5,14
LC4,PLP106,DNbe001,3,4,50,14
LC4,CB2664,DNge016,4,6,377,14
LC4,PLP099,DNp27,2,2,34,14
LC4,AN08B010,DNp55,2,2,22,14
LC4,PVLP127,DNp103,2,3,40,14
LC4,PVLP124,DNpe021,2,3,117,14
LPLC2,CL323,DNp31,4,4,606,14
LC4,AVLP093,DNp06,2,2,4,14
LC4,LHAD1g1,DNge032,2,2,555,14
LC4,PLP019,DNpe002,1,1,1,14
LC4,PLP093,DNb07,2,2,222,14
LC4,PS181,DNp06,1,1,2,14
LPLC2,AVLP592,DNp55,2,2,100,14
LPLC2,LC37,DNpe006,2,2,3,14
LPLC2,PLP093,DNpe037,1,2,20,14
LPLC2,LoVP103,DNpe022,1,1,2,14
LC4,WED193,DNg81,1,2,42,14
LPLC2,PVLP011,DNp01,2,2,11623,14
LC4,AVLP109,DNp43,1,1,3,14
LPLC2,PVLP034,DNp60,2,4,20,14
LC4,PVLP151,DNge032,4,4,1526,14
LC4,CB1948,DNg56,2,2,3,14
LC4,OA-VUMa4,DNa03,2,4,8,14
LC4,SAD064,DNg74_a,1,1,50,14
LPLC2,CB0115,DNp30,4,4,55,14
LPLC2,AVLP531,DNp103,2,2,4635,14
LPLC2,CL319,DNa01,2,2,2,14
LPLC2,,DNa03,4,4,371,14
LPLC2,UNKNOWN,DNpe025,13,13,36,14
LPLC2,,DNa09,5,5,1837,14
LPLC2,MeVP51,DNp06,2,2,13,14
LC4,PLP211,DNpe026,2,4,34,14
LC4,PS304,DNg96,1,1,1,14
LPLC2,LoVC18,DNp68,4,6,31,14
LC4,LT78,DNge141,3,3,4,14
LPLC2,PVLP028,DNp04,4,5,97,14
LC4,PVLP096,DNp103,1,1,7,14
LPLC2,AVLP509,DNp103,2,3,13,14
LPLC2,AVLP711m,DNa11,3,4,292,14
LC4,PVLP096,DNpe021,1,1,7,14
LPLC2,LC19,DNbe003,6,6,23,14
LC4,CB3376,DNg82,3,4,10,14
LC4,CB4118,DNg09_a,5,7,21,14
LC4,AVLP543,DNp06,1,1,1,14
LPLC2,MeVP29,DNp42,1,1,1,14
LC4,LT51,DNde003,3,5,8,14
LPLC2,PLP034,DNp10,1,1,3,14
LC4,MeVC25,DNpe057,1,1,307,14
LC4,SAD055,DNp03,2,2,99,14
LPLC2,LoVCLo3,DNp71,2,4,318,14
LPLC2,PLP034,DNg40,1,1,3,14
LPLC2,AVLP039,DNp103,1,1,1,14
LC4,AVLP076,DNpe052,1,1,1,14
LPLC2,LC10c-2,DNa10,2,2,2,14
LPLC2,CL140,DNa15,2,2,209,14
LPLC2,LoVC18,DNp35,4,4,21,14
LC4,OA-VUMa4,DNg82,2,6,12,14
LPLC2,AVLP490,DNpe025,3,3,11,14
LC4,CB3544,DNp06,2,3,767,14
LPLC2,AVLP500,DNpe042,2,3,4360,14
LPLC2,5-HTPMPV03,DNg06,2,10,60,14
LC4,AVLP205,DNd04,1,1,5,14
LC4,LoVP101,DNge094,1,2,6,14
LC4,LoVP101,DNg56,1,1,3,14
LC4,AN09B023,DNg81,1,1,3,14
LC4,AMMC-A1,DNg40,5,6,11665,14
LPLC2,,DNg104,5,5,326,14
LC4,LoVCLo3,DNp71,2,4,52,14
LPLC2,PVLP021,DNp35,4,4,37,14
LPLC2,LoVP25,DNde002,3,5,34,14
LPLC2,PLP093,DNae009,1,2,20,14
LC4,SAD044,DNp56,2,2,7,14
LC4,PLP018,DNa07,2,2,16,14
LPLC2,PVLP064,DNp06,4,4,15,14
LC4,CB1498,DNp70,2,4,748,14
LPLC2,Tm24,DNp27,12,13,22,14
LPLC2,PLP093,DNa10,1,2,20,14
LPLC2,CB3544,DNp06,2,3,22,14
LPLC2,LC31b,DNpe024,4,4,592,14
LPLC2,LC23,DNp42,5,5,17,14
LPLC2,LC31b,DNp45,7,7,815,14
LPLC2,AMMC-A1,DNg40,5,6,406,14
LPLC2,LoVC18,DNp71,4,4,21,14
LPLC2,PVLP024,DNp06,3,6,104,14
LC4,CB1958,DNa09,4,4,360,14
LPLC2,CB4163,DNge032,4,4,220,14
LPLC2,CB4163,DNde006,2,3,103,14
LC4,AVLP258,DNp06,2,3,18,14
LPLC2,AVLP490,DNp34,3,3,11,14
LPLC2,CB4162,DNp64,4,4,174,14
LPLC2,LC23,DNpe037,5,6,21,14
LC4,PLP300m,DNge129,3,5,28,14
LPLC2,CL203,DNge073,1,1,1,14
LC4,AVLP016,aSP22,2,2,115,14
LC4,PLP301m,DNge103,1,1,2,14
LC4,LoVP25,DNde002,1,2,2,14
LPLC2,CB4101,DNp102,1,1,49,14
LC4,OCG02b,DNpe022,2,4,4,14
LC4,MeLo13,DNp27,10,10,221,14
LPLC2,PVLP015,DNp03,2,2,185,14
LC4,,DNp64,5,5,1187,14
LPLC2,OA-VUMa4,DNg82,2,6,414,14
LPLC2,OA-VUMa4,DNa03,2,4,276,14
LC4,LC31b,DNpe024,4,4,298,14
LPLC2,Nod3,DNge126,2,4,20,14
LPLC2,AVLP398,DNp55,1,1,1,14
LPLC2,AVLP316,DNpe056,3,3,125,14
LC4,WED069,DNg82,1,2,2,14
LC4,GNG517,DNp24,1,1,3,14
LC4,TmY18,DNp27,10,10,12,14
LPLC2,PVLP123,DNp66,6,7,372,14
LPLC2,LPT26,DNg92_b,1,1,21,14
LC4,CL001,DNpe024,1,1,1,14
LC4,CL022_c,DNpe053,2,4,6,14
LPLC2,PVLP144,DNpe045,2,4,20,14
LPLC2,LT51,DNg13,6,6,34,14
LC4,VES023,DNpe052,1,2,4,14
LC4,5-HTPMPV03,DNg06,2,10,10,14
LPLC2,AVLP203_a,DNp55,2,3,28,14
LC4,LC18,DNp35,7,7,10,14
LC4,WED104,DNpe022,1,1,4,14
LPLC2,AVLP370_a,DNge103,2,2,208,14
LPLC2,PVLP124,DNpe021,2,3,40,14
LC4,AVLP202,DNp103,2,3,55,14
LC4,PVLP015,aSP22,2,2,833,14
LPLC2,PVLP144,DNg79,2,4,20,14
LPLC2,LoVP86,DNpe001,1,1,1,14
LPLC2,LLPC2,DNa10,10,11,25,14
LPLC2,TmY13,DNp27,12,12,41,14
LC4,PVLP071,DNg40,3,3,13,14
LC4,PVLP015,DNp03,2,2,833,14
LC4,,DNg88,2,2,586,14
LPLC2,PVLP203m,DNa13,1,4,8,14
LC4,CL140,DNa15,2,2,434,14
LPLC2,AVLP205,DNp45,3,3,36,14
LPLC2,AVLP316,pIP1,3,3,125,14
LC4,,DNpe017,3,4,918,14
LPLC2,PVLP151,DNge032,4,4,6771,14
LC4,AVLP500,DNpe042,2,3,13,14
LPLC2,LT81,DNp57,2,4,4,14
LC4,CL323,DNp31,4,4,878,14
LPLC2,PLP211,DNpe026,2,4,310,14
LC4,LC19,DNa02,1,1,1,14
LPLC2,AVLP258,DNp06,2,3,1144,14
LC4,LC19,DNa09,1,1,1,14
LC4,LC31b,DNp45,7,7,416,14
LPLC2,LT67,DNbe002,1,2,2,14
LC4,WED124,DNpe037,2,2,17,14
LC4,WED060,DNg62,1,1,14,14
LC4,CL367,DNpe002,2,2,11,14
LPLC2,Y3,DNp27,13,13,26,14
LPLC2,PVLP126_b,DNp35,1,2,28,14
LPLC2,TmY17,DNp27,11,12,27,14
LC4,PVLP024,DNp06,3,6,13700,14
LC4,,DNpe025,7,7,114,14
LC4,WED046,DNp32,2,3,22,14
LPLC2,LoVC16,DNp30,4,8,70,14
LC4,GNG343,DNg33,2,4,22,14
LC4,WED072,DNp69,3,3,4,14
LC4,PVLP061,DNg104,1,1,5,14
LC4,PVLP021,DNp35,4,4,3435,14
LPLC2,VST2,DNpe015,4,6,16,14
LC4,,DNg01_c,4,4,1014,14
LPLC2,OA-VUMa4,DNg09_b,2,3,197,13
LPLC2,WED210,DNge084,1,2,2,13
LPLC2,OA-VUMa4,DNa09,2,4,276,13
LPLC2,AVLP746m,DNa08,2,3,43,13
LC4,OCG02b,DNp31,2,4,4,13
LPLC2,WED104,DNpe025,1,1,38,13
LPLC2,WED117,DNp12,2,2,3,13
LPLC2,CB1932,DNp06,3,4,5,13
LC4,CL128a,DNp103,4,4,121,13
LPLC2,AVLP437,DNp35,2,2,5,13
LPLC2,CL022_a,DNpe053,1,1,1,13
LPLC2,CL319,DNpe052,2,3,3,13
LPLC2,PVLP128,DNp69,3,4,15,13
LC4,PVLP123,DNp04,5,5,316,13
LC4,PVLP123,DNp10,2,2,93,13
LC4,CL022_b,DNp11,2,2,25,13
LPLC2,WED210,DNge014,1,2,2,13
LC4,VES023,DNp71,1,2,4,13
LPLC2,LC29,DNp42,5,5,6,13
LC4,WED060,DNpe056,2,2,17,13
LPLC2,AVLP205,DNp43,3,4,45,13
LC4,SAD044,DNp103,2,2,7,13
LPLC2,CL319,DNpe023,2,4,4,13
LPLC2,,DNg42,4,4,1971,13
LC4,AVLP451,DNp70,1,2,2,13
LPLC2,PS171,DNge040,1,1,3,13
LPLC2,CL286,DNpe042,2,4,50,13
LC4,Li21,DNp11,3,3,7,13
LPLC2,SIP108m,DNg13,1,2,2,13
LPLC2,LT82a,DNp39,2,2,40,13
LPLC2,CL038,DNp06,2,2,5,13
LC4,CB1934,DNp70,1,2,6,13
LC4,AN09B023,DNge054,1,1,3,13
LPLC2,LPT59,DNg56,2,2,18,13
LPLC2,LoVP25,DNpe017,3,5,47,13
LC4,WED125,DNp07,3,3,867,13
LC4,LC35a,DNg02_a,4,5,14,13
LC4,CB3879,DNp09,2,2,12,13
LC4,PLP060,DNg13,2,2,57,13
LC4,PLP209,DNg82,1,3,3,13
LC4,LoVP101,DNge127,1,1,3,13
LC4,WED109,DNp02,1,1,23,13
LC4,SAD106,DNg30,2,3,60,13
LC4,CB4176,DNg08,5,9,41,13
LPLC2,LC35a,DNg02_a,4,5,21,13
LC4,CB4163,DNp04,1,1,15,13
LC4,LT77,DNpe056,4,4,12,13
LPLC2,CL303,DNa13,1,2,2,13
LC4,WED125,DNb01,3,5,1447,13
LC4,AVLP259,DNp66,4,5,2983,13
LPLC2,LAL047,DNp26,1,1,15,13
LC4,PLP230,DNg71,1,1,1,13
LC4,SAD044,DNp27,2,4,14,13
LPLC2,IB114,DNa10,2,4,1090,13
LPLC2,CL022_b,DNp11,2,2,53,13
LC4,WED119,DNd03,2,3,4,13
LC4,PLP209,DNg02_a,1,2,2,13
LPLC2,IB114,DNbe001,2,4,1090,13
LPLC2,AVLP016,DNpe045,1,1,1,13
LC4,PS002,DNa07,3,4,15,13
LC4,AVLP120,DNp59,1,2,2,13
LPLC2,PS171,DNpe022,1,2,6,13
LC4,IB114,DNa10,2,4,832,13
LC4,WED107,DNg35,2,3,10,13
LPLC2,WED060,DNg104,4,4,67,13
LC4,IB114,DNbe001,2,4,832,13
LPLC2,CB4179,DNp70,3,4,6,13
LC4,CB1498,DNpe021,2,3,537,13
LC4,UNKNOWN,DNp103,10,10,44,13
LPLC2,CB4102,DNg01_a,1,1,9,13
LPLC2,PVLP014,DNpe026,2,2,30,13
LC4,PS180,DNg42,1,1,2,13
LPLC2,PVLP076,DNp26,2,2,1338,13
LPLC2,CB2472,DNp69,3,3,8,13
LC4,AVLP396,DNp69,1,1,3,13
LPLC2,PVLP076,DNp11,2,2,1338,13
LPLC2,PVLP076,DNp03,2,2,1338,13
LPLC2,AVLP203_b,DNp11,2,2,10,13
LC4,CL323,DNg01_b,3,3,727,13
LPLC2,CB4102,DNg01_b,2,3,22,13
LC4,CL323,DNbe004,3,3,672,13
LPLC2,CB0115,DNpe025,6,6,124,13
LC4,LC23,DNpe021,5,6,43,13
LPLC2,OA-VUMa4,DNa04,2,4,276,13
LC4,LAL053,DNa01,1,1,55,13
LPLC2,AVLP572,DNp70,2,4,4,13
LC4,AVLP342,DNp103,1,1,1,13
LC4,CB1498,DNpe042,2,3,537,13
LC4,OA-VUMa4,DNg09_b,2,3,6,13
LC4,CB1958,DNa16,4,4,360,13
LPLC2,PVLP011,DNp71,2,2,11623,13
LPLC2,CB4245,DNp103,1,1,4,13
LPLC2,CB0431,DNae007,1,1,16,13
LC4,AN07B004,DNg01_a,2,3,9,13
LPLC2,LoVP101,DNge127,1,1,1,13
LPLC2,PVLP141,DNb01,2,2,46,13
LPLC2,CB4102,DNg04,1,2,8,13
LC4,PVLP076,DNp03,2,2,9,13
LC4,SAD044,DNg74_a,2,2,7,13
LPLC2,LoVP108,DNp43,2,2,3,13
LC4,PVLP141,DNb01,2,2,1539,13
LPLC2,SAD044,DNde005,1,1,1,13
LPLC2,AVLP204,DNp30,2,4,60,13
LC4,LoVC13,DNge079,1,2,16,13
LC4,LoVC15,DNge110,4,4,19,13
LPLC2,,DNge141,3,3,314,13
LPLC2,LoVP101,DNge062,2,2,5,13
LPLC2,LoVC15,DNa07,4,4,7,13
LC4,AVLP396,DNb09,1,1,3,13
LC4,CB4102,DNae010,4,4,277,13
LC4,LoVC15,DNp57,5,5,26,13
LPLC2,LC14a-2,DNpe002,1,1,2,13
LC4,PS181,DNp70,1,2,4,13
LC4,AVLP149,DNa14,6,6,128,13
LPLC2,PVLP075,DNpe031,1,1,56,13
LPLC2,PVLP075,DNp35,1,1,56,13
LC4,AVLP280,DNp42,1,1,1,13
LPLC2,WED210,DNg99,1,1,1,13
LPLC2,5-HTPLP01,DNp45,2,2,5,13
LPLC2,LoVP24,DNp104,3,5,8,13
LC4,WED119,DNp12,2,2,3,13
LC4,VES023,DNp04,1,2,4,13
LC4,PVLP151,DNg82,3,3,1132,13
LPLC2,CL286,DNge050,1,2,14,13
LPLC2,Li21,DNp11,4,4,6,13
LPLC2,MeVPLp1,DNp32,2,4,12,13
LPLC2,AVLP016,DNg40,1,1,1,13
LC4,PVLP137,DNg98,2,4,1710,13
LPLC2,AVLP340,DNp35,2,2,1234,13
LPLC2,Nod5,DNge148,1,1,2,13
LPLC2,CL323,DNg01_b,3,3,455,13
LPLC2,PVLP114,DNge129,1,2,92,13
LC4,OCG02b,DNp08,2,4,4,13
LPLC2,CL323,DNbe004,3,3,555,13
LPLC2,PLP060,DNp01,1,1,11,13
LC4,CB4101,DNg13,5,5,51,13
LC4,CL053,DNae009,1,2,2,13
LPLC2,AN27X011,DNa06,1,1,1,13
LC4,CL367,DNge140,2,2,11,13
LPLC2,Y3,DNp30,12,12,23,13
LPLC2,OLVC5,DNge094,2,5,9,13
LPLC2,PVLP074,DNp71,4,4,701,13
LC4,PVLP034,DNg40,2,3,6,13
LC4,CB1649,DNa05,1,2,2,13
LC4,CL022_c,DNp69,2,3,4,13
LC4,OA-VUMa4,DNae004,2,3,6,13
LPLC2,LC19,DNpe055,6,6,31,13
LC4,LAL026_b,DNg31,1,1,42,13
LC4,OA-VUMa4,DNa09,2,4,8,13
LC4,VES023,DNae001,1,2,4,13
LC4,WED196,DNg106,1,4,8,13
LC4,OA-VUMa4,DNa04,2,4,8,13
LPLC2,AVLP591,DNb09,2,2,17,13
LPLC2,LC22,DNb05,5,5,18,13
LPLC2,AVLP079,DNpe040,1,1,9,13
LC4,PVLP015,DNpe040,2,2,833,13
LPLC2,AVLP591,DNp06,2,2,17,13
LPLC2,WED046,DNpe021,1,2,12,13
LPLC2,PLP230,DNg71,1,1,24,13
LPLC2,LoVP25,DNb09,2,3,29,13
LC4,AVLP452,DNp11,3,3,1984,13
LC4,CB1649,DNpe037,1,2,2,13
LPLC2,LoVC18,DNp69,4,4,21,13
LC4,CL022_a,DNpe053,1,1,1,13
LC4,AN17B005,DNg24,1,1,2,13
LC4,LT82a,DNp39,2,2,360,13
LC4,AVLP203_b,DNp11,2,2,7,13
LPLC2,PVLP100,DNp02,1,1,1,13
LPLC2,AVLP001,DNpe031,2,3,3,13
LPLC2,LT77,DNpe056,4,4,11,13
LC4,GNG506,DNge052,1,2,2,13
LC4,CB4176,DNge113,6,8,25,13
LC4,LoVP25,DNbe004,1,2,2,13
LC4,LoVP25,DNp05,1,2,2,13
LPLC2,LoVP49,DNp12,1,1,1,13
LC4,AN17B005,DNg29,1,1,2,13
LC4,WED116,DNp35,1,2,328,13
LPLC2,AVLP132,DNp70,1,2,48,13
LC4,AVLP202,DNp69,2,3,80,13
LPLC2,PVLP015,DNpe040,2,2,185,13
LPLC2,CL053,DNge072,2,4,88,13
LC4,LC35b,DNb09,1,1,3,13
LC4,LoVP93,DNp05,2,3,96,13
LPLC2,LAL016,DNge041,1,1,77,13
LPLC2,PVLP123,DNp10,2,2,80,13
LPLC2,AVLP711m,DNp55,3,3,133,13
LPLC2,PVLP137,DNge103,2,3,460,13
LPLC2,LoVP85,DNp39,2,4,62,13
LC4,CB4245,DNp103,1,1,4,13
LPLC2,PVLP034,DNpe039,5,7,61,13
LC4,PVLP201m_d,DNge050,1,2,2,13
LPLC2,LoVP86,DNg49,1,1,1,13
LC4,LC14a-2,DNpe002,1,1,1,13
LPLC2,PVLP034,DNp30,2,3,33,13
LC4,WED046,DNb05,2,2,13,13
LPLC2,LoVP86,DNb01,1,1,1,13
LC4,SAD098,DNge184,1,2,52,13
LC4,,DNpe042,4,5,1064,13
LC4,AVLP016,DNpe037,2,2,115,13
LC4,PVLP076,DNp26,2,2,9,13
LPLC2,CB1498,DNpe042,2,3,5,13
LPLC2,AVLP202,DNp04,1,1,2,13
LPLC2,LoVP93,DNa01,7,7,139,13
LPLC2,CL203,DNge136,1,2,2,13
LC4,CL286,DNge050,1,2,2,13
LPLC2,LoVP85,DNpe017,2,3,51,13
LC4,PVLP076,DNp11,2,2,9,13
LPLC2,AVLP452,DNpe021,3,5,10,13
LPLC2,PS171,DNbe006,1,1,3,13
LC4,PLP074,DNpe052,1,2,4,13
LPLC2,PLP093,DNp26,1,2,20,13
LC4,PVLP137,DNge103,2,3,1420,13
LC4,LT81,DNpe055,2,3,5,13
LC4,LoVP85,DNpe017,2,3,908,13
LPLC2,LoVP93,DNp05,2,3,40,13
LPLC2,MeVP29,DNp32,1,1,1,13
LPLC2,LoVP18,DNpe055,2,2,2,13
LC4,AVLP610,DNp13,2,4,210,13
LPLC2,AVLP610,DNp13,2,4,16,13
LC4,PS182,DNpe017,2,2,6,13
LPLC2,LoVP23,DNpe016,2,3,5,13
LPLC2,CB1498,DNpe021,2,3,5,13
LPLC2,AVLP037,DNp70,1,2,4,13
LPLC2,OA-VUMa4,DNae004,2,3,197,13
LC4,LoVP50,DNp59,4,4,25,13
LC4,LoVP93,DNa01,7,7,162,13
LC4,LoVP50,DNpe021,6,6,33,13
LC4,SAD073,DNp03,2,2,9,13
LC4,LoVP85,DNp39,2,4,1212,13
LPLC2,PVLP151,DNg82,3,3,5451,13
LPLC2,CL213,DNge046,2,6,134,13
LC4,CB4248,DNg30,3,6,18,13
LC4,PVLP011,DNp71,2,2,1011,13
LPLC2,LAL026_b,DNg31,1,1,2,13
LPLC2,PS181,DNp70,1,2,32,13
LPLC2,LT75,DNp42,1,1,3,13
LC4,CB4176,DNg56,4,4,15,13
LPLC2,AVLP259,DNp66,4,5,570,13
LPLC2,LT51,aSP22,4,4,24,13
LC4,CB2664,DNg09_a,2,6,327,13
LPLC2,PVLP137,DNg98,2,4,648,13
LC4,CB1314,DNge184,4,4,10,13
LPLC2,LoVP92,DNb09,3,4,36,13
LC4,AN09B023,DNp19,1,1,3,13
LPLC2,CB3201,DNp11,2,2,4,13
LC4,AVLP152,DNpe025,2,2,24,13
LPLC2,AVLP449,DNp66,1,1,1,13
LC4,CB4176,DNg15,3,3,9,13
LPLC2,AVLP259,DNpe031,4,8,954,13
LC4,GNG343,DNge049,2,3,16,13
LC4,PLP300m,DNg19,3,5,31,13
LC4,AVLP259,DNpe031,4,8,4590,13
LC4,AN27X011,DNa06,1,1,2,13
LC4,LC10a,DNp09,4,4,4,12
LPLC2,PVLP122,DNpe026,4,5,956,12
LPLC2,LAL301m,DNpe023,2,2,58,12
LPLC2,CB2254,DNp02,1,1,21,12
LC4,OA-VUMa4,DNp71,2,4,8,12
LC4,CB2254,DNp02,1,1,8,12
LC4,WED127,DNa02,3,3,227,12
LC4,PS181,DNg91,1,2,4,12
LPLC2,LC19,DNp54,6,6,33,12
LC4,GNG300,DNg37,2,4,288,12
LPLC2,PVLP093,DNp103,2,4,1408,12
LC4,CL053,DNp47,1,2,2,12
LC4,CB1958,DNae010,4,4,360,12
LC4,AN27X011,DNpe050,1,1,2,12
LPLC2,H2,DNp12,2,2,99,12
LPLC2,AVLP001,DNp66,2,2,2,12
LPLC2,AVLP610,DNpe031,2,3,10,12
LC4,LT51,DNbe005,3,3,4,12
LPLC2,MeVPLp1,DNg52,2,5,17,12
LPLC2,5-HTPMPV03,DNpe037,2,4,24,12
LC4,CL128a,DNbe004,3,3,120,12
LPLC2,WED072,DNg82,3,3,10,12
LC4,LT64,DNb05,2,2,2,12
LPLC2,CL140,CB0429,2,2,209,12
LC4,AN08B010,DNp102,2,2,22,12
LC4,PS304,DNpe003,1,1,1,12
LPLC2,Tm5Y,DNp27,8,8,10,12
LC4,AVLP299_d,DNp30,1,1,1,12
LPLC2,LoVP53,DNg30,2,3,132,12
LC4,PVLP015,pIP1,2,2,833,12
LPLC2,CL131,DNp104,1,2,2,12
LC4,PLP018,DNg97,3,3,40,12
LPLC2,LoVP26,DNae007,4,5,95,12
LC4,PLP211,DNp101,2,4,34,12
LC4,PVLP093,DNp103,2,4,88,12
LPLC2,CB2254,DNp103,1,1,21,12
LPLC2,HSE,DNb02,2,6,30,12
LPLC2,PVLP216m,DNp60,3,4,10,12
LPLC2,AVLP076,pIP1,2,2,12,12
LC4,T2,DNp30,7,8,8,12
LPLC2,LT51,DNge037,5,5,51,12
LPLC2,OA-VUMa4,DNbe001,2,4,276,12
LPLC2,CB4176,DNp12,2,2,2,12
LC4,LT62,DNp70,2,3,28,12
LC4,PLP208,DNb05,2,2,8,12
LPLC2,CL367,DNg93,1,2,14,12
LC4,OA-VUMa4,DNb07,2,4,8,12
LC4,PS304,DNge065,1,2,2,12
LPLC2,VSm,DNg90,3,3,11,12
LC4,OA-VUMa4,DNbe001,2,4,8,12
LPLC2,PVLP123,DNa14,5,5,226,12
LC4,CB1958,DNg91,3,3,281,12
LC4,PLP211,DNpe039,2,4,34,12
LC4,AVLP120,DNpe053,1,2,2,12
LPLC2,LAL026_a,DNb02,2,3,14,12
LPLC2,LoVC17,DNp11,1,1,1,12
LC4,AVLP502,DNp66,1,2,4,12
LC4,PS306,DNg02_d,2,2,45,12
LPLC2,LPT29,DNp19,1,1,8,12
LPLC2,GNG300,DNg37,2,4,1266,12
LPLC2,LT62,DNp70,2,3,23,12
LC4,AN07B004,DNb01,2,3,9,12
LC4,LAL300m,DNp18,2,2,60,12
LPLC2,LT74,DNpe031,2,3,16,12
LC4,PVLP076,DNp12,2,2,9,12
LPLC2,GNG300,DNge037,2,4,1266,12
LPLC2,AN27X011,DNpe050,1,1,1,12
LC4,CB0154,DNpe021,1,1,2,12
LC4,PVLP141,DNa06,2,3,2352,12
LPLC2,SAD013,DNg74_a,2,3,180,12
LPLC2,OA-VUMa4,DNp103,2,3,217,12
LC4,SAD098,DNge113,1,2,52,12
LC4,CB4180,DNp11,1,1,27,12
LC4,LoVP54,DNb05,2,2,19,12
LPLC2,AMMC-A1,DNp02,3,3,115,12
LPLC2,PLP211,DNg56,2,4,310,12
LPLC2,PVLP122,DNpe053,4,6,1322,12
LPLC2,Li38,DNp11,1,1,3,12
LPLC2,LAL301m,DNpe020,2,3,104,12
LC4,CB2254,DNp103,1,1,8,12
LPLC2,Nod3,DNge091,2,4,20,12
LPLC2,PLP211,DNpe039,2,4,310,12
LPLC2,PVLP127,DNp103,1,1,1,12
LPLC2,LoVP25,DNae007,3,3,24,12
LC4,LT51,aSP22,3,3,5,12
LC4,PVLP028,DNp04,3,4,28,12
LPLC2,PVLP203m,DNge076,1,2,4,12
LPLC2,LT61a,DNpe056,2,3,28,12
LC4,OA-VUMa4,DNp07,2,4,8,12
LC4,OA-VUMa4,DNp103,2,3,6,12
LPLC2,MeLo14,DNp27,7,8,9,12
LPLC2,AMMC-A1,DNp11,5,5,329,12
LPLC2,WED072,DNp27,5,7,26,12
LPLC2,LoVP93,DNp13,1,1,1,12
LC4,5-HTPMPV03,DNp57,2,4,4,12
LC4,LAL053,MDN,1,4,220,12
LPLC2,GNG300,DNp56,1,2,500,12
LPLC2,CB0431,DNde003,1,2,32,12
LPLC2,PVLP015,DNp02,2,2,185,12
LC4,LoVC11,DNpe027,1,1,1,12
LPLC2,AVLP539,DNpe031,1,2,2,12
LPLC2,CL203,DNa11,1,1,1,12
LPLC2,OA-VUMa4,DNb07,2,4,276,12
LC4,LoVC11,DNpe022,1,1,1,12
LC4,CL323,DNp07,4,5,1037,12
LPLC2,LHAD1g1,DNp09,2,2,2049,12
LC4,LAL053,DNb08,1,2,110,12
LPLC2,Nod3,DNg36_b,2,5,25,12
LPLC2,CB4163,DNp35,6,7,613,12
LPLC2,PVLP141,DNa06,2,3,63,12
LC4,OA-VUMa4,DNge184,2,3,6,12
LC4,LHAD1g1,DNp09,2,2,555,12
LPLC2,AVLP079,DNp29,1,2,18,12
LC4,CB1958,DNae002,4,4,360,12
LC4,PS181,DNae004,1,1,2,12
LC4,PS180,DNg02_d,1,2,4,12
LC4,LT82b,DNb06,1,1,68,12
LPLC2,WED210,DNg104,1,2,2,12
LC4,PVLP011,DNp103,2,2,1011,12
LC4,PS181,DNb07,1,2,4,12
LPLC2,GNG300,DNg93,2,3,1016,12
LPLC2,LoVC18,DNpe040,4,5,26,12
LC4,SAD055,DNge031,1,1,66,12
LC4,CL140,CB0429,2,2,434,12
LC4,AVLP452,DNp04,4,4,2471,12
LPLC2,LoVP24,DNp57,2,4,6,12
LC4,LoVP53,DNg30,2,3,53,12
LPLC2,PVLP076,DNp12,2,2,1338,12
LC4,PLP019,DNbe003,1,1,1,12
LC4,LT61a,DNpe056,2,3,30,12
LC4,PVLP123,DNp43,3,3,240,12
LPLC2,LC22,DNp42,4,4,21,12
LPLC2,LoVP86,DNpe027,1,1,1,12
LPLC2,5-HTPMPV03,DNg32,2,4,24,12
LC4,PLP034,DNp54,2,2,305,12
LC4,5-HTPMPV03,DNge175,2,4,4,12
LC4,Li38,DNp11,1,1,12,12
LC4,LoVP18,DNp104,5,5,7,12
LPLC2,LPT54,DNp12,1,1,2,12
LPLC2,LoVP92,aSP22,5,6,35,12
LPLC2,AVLP176_d,DNg40,3,3,129,12
LPLC2,LPT54,DNp27,1,2,4,12
LPLC2,LoVP26,DNpe003,5,8,165,12
LPLC2,PVLP122,DNa03,3,3,946,12
LPLC2,PVLP028,DNpe025,3,3,80,12
LPLC2,CL309,DNg02_g,1,2,4,12
LC4,PS182,DNg06,2,3,7,12
LC4,CB2664,DNge011,3,3,197,12
LPLC2,MeVP51,DNp47,2,2,13,12
LC4,CL001,DNa14,1,1,1,12
LC4,CB3879,DNpe026,2,3,17,12
LPLC2,LoVP50,DNp59,3,3,8,12
LPLC2,LC10a,DNd05,3,3,4,12
LPLC2,CB1108,DNp09,1,1,8,12
LC4,PVLP031,DNp43,4,4,88,12
LPLC2,AVLP592,DNpe045,2,2,100,12
LC4,5-HTPMPV03,DNpe037,2,4,4,12
LC4,AVLP083,DNp02,1,1,3,12
LPLC2,AVLP610,DNg104,2,2,8,12
LPLC2,PLP211,DNp101,2,4,310,12
LC4,PS182,DNg02_a,2,6,18,12
LC4,MeVP18,DNp43,1,1,1,12
LC4,PVLP015,DNp02,2,2,833,12
LC4,PVLP128,DNpe037,2,2,6,12
LC4,VES023,DNpe024,1,2,4,12
LPLC2,LT40,DNbe003,2,2,6,12
LPLC2,PVLP137,DNge099,2,3,512,12
LC4,WED125,DNp103,2,2,598,12
LPLC2,AVLP531,DNp71,2,2,4635,12
LPLC2,LoVP18,DNp10,4,4,4,12
LC4,CB4102,DNp10,5,5,239,12
LPLC2,LC31a,DNp70,6,6,31,12
LC4,SAD013,DNg74_a,2,3,301,12
LC4,AMMC-A1,DNp11,5,5,9507,12
LPLC2,AVLP396,DNpe021,2,2,922,12
LC4,LT74,DNpe031,2,3,10,12
LC4,LPT29,DNp19,1,1,1,12
LPLC2,5-HTPMPV03,DNge175,2,4,24,12
LPLC2,OA-VUMa4,DNge184,2,3,217,12
LC4,CB2664,DNg24,4,4,243,12
LPLC2,PVLP031,DNp43,4,4,16,12
LPLC2,CB4101,DNae003,1,1,49,12
LC4,MeLo10,DNp27,12,12,22,12
LPLC2,OA-VUMa4,DNp71,2,4,276,12
LC4,LoVP101,DNge030,1,1,3,12
LC4,LC22,DNae009,6,6,9,12
LPLC2,PVLP144,DNp69,2,2,10,12
LC4,AVLP280,DNpe040,1,1,1,12
LPLC2,5-HTPMPV03,DNp10,2,4,24,12
LPLC2,WED104,DNp04,2,2,83,12
LPLC2,PS171,DNg96,1,1,3,12
LC4,GNG506,pIP1,1,1,1,12
LPLC2,PVLP015,pIP1,2,2,185,12
LPLC2,CL286,DNg93,2,3,32,12
LC4,AVLP076,DNp70,1,2,2,12
LC4,AN09B023,DNge047,1,1,3,12
LC4,SAD011,DNp103,3,3,131,12
LC4,GNG300,DNp56,1,2,120,12
LC4,AVLP016,DNp29,2,4,230,12
LC4,AMMC-A1,DNp02,3,3,5073,12
LC4,AVLP610,DNpe031,2,3,175,12
LPLC2,PLP093,DNpe021,1,1,10,12
LC4,5-HTPMPV03,DNg32,2,4,4,12
LC4,WED072,DNpe031,3,6,8,12
LC4,PS182,DNge176,2,4,12,12
LPLC2,LoVP54,DNb05,2,2,201,12
LC4,LT77,DNpe052,3,3,10,12
LC4,LC21,DNp27,7,8,9,12
LC4,AVLP396,DNpe053,1,1,3,12
LC4,ANXXX109,DNg76,2,3,34,12
LPLC2,CB1852,DNpe056,5,7,1398,12
LC4,CB3376,DNg01_d,3,3,9,12
LPLC2,PLP211,DNp05,2,4,310,12
LPLC2,PVLP135,DNpe052,3,3,16,12
LPLC2,CB1852,DNp66,2,2,363,12
LC4,PVLP122,DNa03,3,3,3150,12
LC4,SAD073,DNge136,3,7,30,12
LC4,PLP211,DNp05,2,4,34,12
LC4,CB0440,DNge148,1,1,2,12
LC4,PLP074,DNp57,1,1,2,12
LPLC2,PVLP010,DNp66,2,2,32,12
LPLC2,LoVC18,DNge135,4,4,21,12
LC4,CL001,DNp30,1,1,1,12
LC4,LT40,DNbe003,2,2,34,12
LPLC2,LT64,DNb05,2,2,3,12
LPLC2,AVLP592,DNp70,2,2,100,12
LC4,WED119,DNge113,2,3,5,12
LC4,AVLP610,DNg104,2,2,105,12
LC4,LoVC25,DNp57,1,1,1,12
LC4,AVLP594,DNp25,2,3,3,12
LC4,OCG02b,DNg92_a,2,4,4,12
LPLC2,AVLP531,DNpe034,2,3,7660,12
LPLC2,CB4180,DNp11,1,1,2,12
LC4,PS306,DNg91,2,2,45,12
LPLC2,PVLP151,DNp68,2,2,3415,12
LPLC2,OA-VUMa4,DNp07,2,4,276,12
LC4,LAL026_a,DNa04,1,1,124,12
LC4,AVLP126,DNp27,3,3,63,12
LPLC2,CL323,DNp07,4,5,794,12
LC4,PS304,DNge043,1,2,2,12
LC4,GNG300,DNg93,2,3,228,12
LPLC2,PVLP011,DNp103,2,2,11623,12
LC4,WED193,DNp01,1,2,42,12
LPLC2,CB0785,DNpe056,1,1,1,12
LPLC2,LoVC25,DNp57,1,1,1,12
LC4,PVLP137,DNge099,2,3,1145,12
LPLC2,LT82b,DNb06,1,1,24,12
LPLC2,Nod3,DNbe006,1,1,5,12
LPLC2,AVLP492,DNp68,2,2,2,12
LPLC2,,DNa01,2,2,8,12
LC4,CL053,DNp07,1,2,2,12
LC4,AVLP762m,DNp36,1,2,2,12
LC4,GNG300,DNge037,2,4,288,12
LC4,LoVC22,DNpe013,3,4,6,12
LC4,PLP150,DNpe026,5,6,630,12
LPLC2,LoVP89,DNge010,2,2,2,12
LC4,PLP211,DNg56,2,4,34,12
LC4,LoVP25,DNp57,1,2,2,12
LC4,PVLP151,DNp68,2,2,829,12
LPLC2,PS208,DNg01_b,1,1,1,12
LPLC2,CB1932,DNp29,3,3,11,12
LC4,PLP018,DNae002,3,3,40,12
LC4,PVLP122,DNpe053,4,6,2981,12
LC4,LoVP26,DNae007,4,5,26,12
LC4,MeVPLo1,DNp15,1,2,2,12
LC4,PLP074,DNg79,1,2,4,12
LC4,AN17B005,pIP1,1,1,2,12
LC4,LoVP89,DNpe021,1,1,1,12
LC4,CB4103,DNb09,4,5,197,12
LC4,5-HTPMPV03,DNp10,2,4,4,12
LC4,PLP106,DNg79,4,8,145,12
LC4,ANXXX109,DNp01,2,3,26,12
LC4,PS002,DNpe021,3,3,11,12
LC4,WED189,DNg105,1,2,10,12
LPLC2,5-HTPMPV03,DNp57,2,4,24,12
LPLC2,LT77,DNpe052,3,3,8,12
LC4,WED060,DNge032,2,2,17,12
LC4,WED187,DNp04,1,2,2,12
LPLC2,LoVC15,DNp57,4,4,6,12
LC4,AVLP711m,DNpe050,1,2,48,12
LPLC2,LAL300m,DNg75,1,1,19,12
LC4,AN09B016,DNge047,1,2,2,12
LC4,PVLP122,DNpe026,4,5,3208,12
LC4,PVLP010,DNp66,2,2,2176,12
LC4,CL128a,DNp01,3,3,120,11
LC4,LC10a,pIP1,3,3,6,11
LC4,OCG02b,DNpe021,2,3,3,11
LC4,LT82b,DNg97,2,2,139,11
LC4,OCG02b,DNpe009,2,4,4,11
LC4,OCG06,DNg82,2,5,29,11
LPLC2,HSE,DNb03,2,3,15,11
LPLC2,AVLP538,DNp103,2,2,40,11
LC4,LC14a-1,DNp103,2,2,95,11
LPLC2,,DNg88,1,1,4,11
LPLC2,LoVP93,aSP22,4,5,72,11
LPLC2,OA-VUMa4,DNg75,2,4,276,11
LC4,LT82b,DNge148,2,3,210,11
LC4,5-HTPMPV03,DNg29,2,3,3,11
LPLC2,SAD013,DNp19,2,2,165,11
LPLC2,OA-VUMa4,CB0429,2,4,276,11
LPLC2,LPT28,DNg99,2,2,10,11
LPLC2,WED046,DNp02,1,1,6,11
LC4,PS182,DNa07,2,2,6,11
LPLC2,PVLP100,DNp10,1,1,1,11
LPLC2,PPM1203,DNp66,1,1,3,11
LPLC2,LAL016,DNg01_b,1,1,77,11
LPLC2,MeVP18,DNd04,5,5,43,11
LPLC2,CB4101,DNbe005,1,1,49,11
LC4,PVLP137,DNpe020,2,3,1420,11
LPLC2,LoVP89,DNg102,1,2,2,11
LPLC2,AVLP538,DNpe052,1,1,29,11
LC4,AVLP610,DNp06,2,2,105,11
LC4,PLP209,DNp57,1,2,2,11
LPLC2,AVLP200,DNpe031,1,4,24,11
LC4,CB1498,DNpe031,2,6,1074,11
LPLC2,CB4101,DNg96,1,1,49,11
LPLC2,CB4101,DNg109,1,2,98,11
LPLC2,AVLP398,DNg87,1,1,1,11
LPLC2,WED060,DNb05,2,2,53,11
LC4,AVLP396,DNp66,1,1,3,11
LPLC2,LT40,DNb09,2,2,6,11
LPLC2,LoVC7,DNg110,2,4,4,11
LC4,PVLP120,DNpe045,2,4,532,11
LC4,LoVP108,DNp43,1,1,2,11
LC4,AN09B023,DNpe016,1,1,3,11
LC4,SAD011,DNp09,1,1,1,11
LC4,CB3682,DNp02,1,1,8,11
LPLC2,MeVP51,DNp66,2,2,13,11
LC4,LoVP18,DNg02_a,4,6,8,11
LPLC2,MeVP29,DNp104,1,1,1,11
LPLC2,PVLP213m,DNbe001,3,3,39,11
LPLC2,5-HTPMPV03,DNge152,2,2,12,11
LPLC2,5-HTPMPV03,DNg29,2,3,21,11
LC4,LoVP93,DNp26,1,2,90,11
LC4,LoVP18,DNp102,4,4,8,11
LC4,PPM1203,DNp66,1,1,6,11
LPLC2,CL213,DNge064,2,3,68,11
LC4,GNG340,DNg81,1,2,18,11
LPLC2,LPT59,DNge175,2,2,18,11
LC4,PVLP201m_a,DNg88,1,1,4,11
LPLC2,LPT59,DNge111,2,5,43,11
LC4,SAD013,DNbe001,2,3,293,11
LPLC2,LT82a,DNp18,2,2,40,11
LPLC2,AVLP076,DNg104,2,2,12,11
LC4,WED060,DNp71,2,2,17,11
LPLC2,AVLP037,,1,1,2,11
LPLC2,LT86,DNpe001,1,1,2,11
LPLC2,5-HTPMPV03,DNg02_c,2,7,39,11
LC4,PLP241,DNge107,1,1,12,11
LPLC2,AVLP205,pIP1,3,4,45,11
LC4,PVLP201m_a,DNg75,1,1,4,11
LC4,SAD013,DNb05,2,2,198,11
LC4,LoVP101,DNg34,1,1,3,11
LC4,CB1717,DNp66,2,2,14,11
LC4,SAD013,DNa03,2,3,301,11
LPLC2,CL038,DNpe026,2,2,5,11
LPLC2,5-HTPMPV03,DNg100,2,4,24,11
LC4,LoVP101,DNp38,1,2,6,11
LC4,WED117,DNp10,2,2,4,11
LPLC2,CL053,DNge110,2,3,74,11
LPLC2,LPT59,DNb05,2,3,29,11
LPLC2,PLP230,DNge127,1,1,24,11
LC4,AVLP542,DNp29,2,2,17,11
LPLC2,PVLP010,DNge145,2,3,51,11
LPLC2,LPT60,DNp27,2,4,42,11
LC4,LoVP85,DNpe013,2,3,910,11
LPLC2,VSm,DNpe015,3,4,21,11
LC4,WED116,DNpe021,1,2,328,11
LPLC2,5-HTPMPV03,DNge016,2,4,24,11
LC4,PVLP201m_d,DNbe003,1,1,1,11
LPLC2,CL140,DNae003,2,2,209,11
LC4,LoVP53,DNp05,2,2,37,11
LPLC2,PVLP034,DNpe040,6,6,46,11
LPLC2,LoVP92,DNbe003,4,6,72,11
LC4,PVLP122,DNp45,4,4,1973,11
LC4,PVLP201m_d,DNg13,1,1,1,11
LPLC2,SAD013,DNp73,2,2,165,11
LC4,WED060,DNb05,2,2,17,11
LC4,PVLP027,DNp70,2,3,76,11
LPLC2,LoVP47,DNp07,2,2,3,11
LC4,WED116,DNpe042,1,2,328,11
LPLC2,LT82b,DNge148,2,3,58,11
LC4,CB3588,DNg29,1,2,2,11
LC4,LoVP25,DNpe022,1,2,2,11
LPLC2,CL213,DNg60,2,3,68,11
LPLC2,PLP034,DNge127,1,1,3,11
LC4,AN10B019,DNg93,3,5,11,11
LC4,LoVP93,DNa02,5,5,135,11
LPLC2,5-HTPMPV03,DNge140,2,4,24,11
LC4,AVLP476,DNpe031,1,2,12,11
LPLC2,AVLP610,DNp06,2,2,8,11
LPLC2,OA-VUMa4,DNae009,2,3,217,11
LPLC2,LoVC7,DNp59,2,2,2,11
LC4,PVLP026,DNp02,2,2,326,11
LPLC2,LT82b,DNg97,2,2,41,11
LPLC2,PVLP034,DNge103,4,4,35,11
LC4,AN10B019,DNge148,3,4,16,11
LC4,PLP301m,DNb01,1,2,4,11
LC4,AN10B019,DNp02,3,3,9,11
LC4,CL066,DNp59,1,2,6,11
LC4,PVLP022,aSP22,3,3,2778,11
LC4,LAL301m,DNb02,2,4,74,11
LC4,WED107,DNp26,2,3,10,11
LPLC2,WED117,DNg74_a,2,2,3,11
LC4,UNKNOWN,DNp05,10,10,66,11
LC4,PS180,DNg02_c,1,3,6,11
LC4,OA-VUMa4,DNge006,2,4,8,11
LC4,PVLP111,DNp71,5,5,15,11
LC4,OA-VUMa4,DNg75,2,4,8,11
LC4,LAL026_b,DNpe056,1,1,42,11
LC4,SAD014,DNp70,3,3,24,11
LC4,,DNp09,3,3,603,11
LC4,PVLP141,DNge041,2,2,1539,11
LPLC2,CB4170,DNpe031,2,3,15,11
LC4,AVLP476,DNp66,1,1,6,11
LPLC2,AVLP572,DNpe045,2,3,3,11
LPLC2,5-HTPMPV03,DNpe026,2,4,24,11
LC4,OA-VUMa4,DNae009,2,3,6,11
LPLC2,SAD013,DNa03,2,3,180,11
LC4,AN27X011,DNg82,1,2,4,11
LPLC2,LoVP93,DNp26,1,2,20,11
LPLC2,PVLP076,DNp43,2,2,1338,11
LC4,CL128a,DNg02_d,2,2,61,11
LC4,LAL301m,DNa01,2,2,37,11
LC4,PVLP021,DNp103,4,4,3435,11
LC4,OA-VUMa4,DNpe010,2,3,6,11
LC4,CL367,DNp34,2,3,17,11
LPLC2,PVLP080_b,DNp11,3,3,6,11
LPLC2,SAD014,DNp70,3,3,33,11
LPLC2,LT51,DNge007,1,1,9,11
LC4,SAD044,DNde005,2,2,7,11
LC4,LoVC15,DNp103,6,6,28,11
LC4,LoVC17,DNp102,2,2,2,11
LC4,5-HTPMPV03,DNg100,2,4,4,11
LC4,AN08B010,DNg110,2,3,28,11
LC4,CB1638,DNg40,4,4,32,11
LPLC2,PVLP080_a,DNp103,2,2,6,11
LPLC2,LoVP53,DNp05,2,2,87,11
LPLC2,PVLP022,aSP22,3,3,874,11
LPLC2,OLVC5,DNg74_b,1,2,2,11
LPLC2,PLP034,DNp63,1,2,6,11
LC4,SAD013,DNp73,2,2,198,11
LPLC2,AVLP720m,DNge138,2,4,4,11
LC4,LAL026_b,DNae005,1,1,42,11
LC4,PS002,DNp70,3,5,19,11
LPLC2,PVLP128,DNpe021,4,4,13,11
LC4,LoVC7,DNg110,2,4,46,11
LPLC2,PVLP137,DNpe020,2,3,460,11
LPLC2,vCal1,DNb04,2,3,3,11
LC4,PS002,DNg97,2,2,7,11
LC4,LoVC7,DNp59,2,2,23,11
LC4,AVLP083,DNpe052,1,1,3,11
LPLC2,AVLP322,DNp35,1,1,3,11
LPLC2,LT82a,DNae002,2,2,40,11
LPLC2,LoVP50,DNpe021,5,5,10,11
LPLC2,LoVC5,DNpe003,1,3,3,11
LC4,PLP230,DNge127,1,1,1,11
LPLC2,PVLP130,DNp12,2,2,2601,11
LPLC2,MeVP51,DNpe056,2,2,13,11
LC4,CB3879,DNpe031,1,2,10,11
LPLC2,VST1,DNge097,2,2,2,11
LPLC2,AVLP746m,DNpe052,2,2,22,11
LPLC2,AVLP592,DNp09,2,2,100,11
LPLC2,PVLP027,DNp70,2,3,65,11
LPLC2,PVLP026,DNp02,2,2,57,11
LPLC2,AVLP591,DNp23,2,2,17,11
LC4,OA-VUMa4,CB0429,2,4,8,11
LC4,PS038,DNp63,2,3,7,11
LPLC2,LoVP101,DNae007,2,2,5,11
LPLC2,CB4179,DNg105,2,3,8,11
LPLC2,AVLP016,DNpe024,1,1,1,11
LC4,LAL026_b,DNa04,1,1,42,11
LC4,SAD013,DNp19,2,2,198,11
LC4,WED119,DNge094,2,4,6,11
LC4,5-HTPMPV03,DNg02_c,2,7,7,11
LPLC2,PVLP070,DNpe020,4,6,233,11
LC4,SAD013,DNp103,2,2,198,11
LPLC2,5-HTPLP01,DNp70,2,2,5,11
LPLC2,LoVP93,DNa02,5,5,101,11
LPLC2,AVLP591,DNpe043,2,2,17,11
LPLC2,LPT50,DNpe008,2,3,165,11
LC4,LT82a,DNp18,2,2,360,11
LC4,LC39a,DNp27,1,2,12,11
LC4,LT40,DNb09,2,2,34,11
LC4,PLP029,DNp04,2,2,562,11
LC4,CB4118,DNg105,3,4,12,11
LPLC2,LC19,DNg111,6,6,30,11
LPLC2,AVLP079,DNpe021,1,1,9,11
LC4,WED196,DNge113,1,4,8,11
LPLC2,SAD013,DNp103,2,2,165,11
LPLC2,LoVP18,DNb04,3,4,4,11
LC4,CL140,DNae003,2,2,434,11
LC4,WED106,DNge031,3,3,8,11
LPLC2,PVLP014,DNpe043,2,4,60,11
LC4,PLP029,DNbe007,2,2,562,11
LC4,,DNd05,1,1,290,11
LC4,WED125,DNp01,1,1,287,11
LPLC2,PVLP018,DNpe021,1,1,8,11
LPLC2,LoVP18,DNg02_c,3,5,5,11
LC4,CL309,DNpe010,1,2,2,11
LC4,CB2664,DNge130,2,3,185,11
LC4,WED193,DNg24,1,2,42,11
LPLC2,CB1932,DNpe031,3,6,22,11
LC4,5-HTPMPV03,DNge084,2,4,4,11
LC4,LC31a,DNpe030,4,4,9,11
LPLC2,CB1932,DNpe021,3,4,5,11
LC4,PLP034,DNae010,2,2,305,11
LC4,AN01A055,DNg84,1,2,2,11
LC4,CB2664,DNp05,4,5,316,11
LPLC2,LC23,DNpe005,3,5,12,11
LC4,CB4162,DNp64,2,2,10,11
LC4,CL001,DNp01,1,1,1,11
LPLC2,Y11,DNp27,11,11,17,11
LC4,PVLP015,DNp07,2,2,833,11
LC4,LPT60,DNp27,2,4,1302,11
LC4,LC23,DNpe005,4,5,64,11
LC4,LT51,DNg13,4,4,5,11
LC4,PLP019,DNp70,1,2,2,11
LC4,5-HTPMPV03,DNge016,2,4,4,11
LPLC2,PVLP209m,DNde003,1,2,6,11
LC4,AVLP429,DNp30,2,3,621,11
LC4,SAD053,DNg40,2,2,17,11
LC4,Tlp12,DNp11,5,5,7,11
LC4,AVLP429,DNp69,2,4,818,11
LPLC2,LAL301m,DNge037,1,1,12,11
LPLC2,PVLP111,DNp71,5,5,6968,11
LPLC2,PVLP141,DNge041,2,2,46,11
LC4,LT64,DNp07,2,2,2,11
LC4,LC22,DNpe056,5,5,7,11
LC4,PLP208,DNpe012_b,2,2,8,11
LPLC2,LoVC18,DNp43,4,4,21,11
LC4,PLP208,DNpe005,2,2,8,11
LC4,PVLP076,DNp43,2,2,9,11
LPLC2,AVLP429,DNp30,2,3,80,11
LPLC2,AVLP429,DNp69,2,4,104,11
LPLC2,LC14a-1,DNp103,2,2,4,11
LC4,PLP019,DNg01_b,1,1,1,11
LC4,PLP208,DNp10,2,2,8,11
LC4,LC23,DNp07,6,6,38,11
LC4,CB2676,DNp42,2,2,16,11
LC4,WED196,DNp12,1,2,4,11
LPLC2,PVLP113,DNpe056,1,1,2,11
LC4,AVLP016,DNp60,2,2,115,11
LPLC2,LoVC18,DNp103,4,5,26,11
LPLC2,LoVC18,DNp09,4,5,24,11
LPLC2,PVLP114,DNa03,1,1,46,11
LC4,CB1280,DNg35,2,2,155,11
LC4,LT51,DNge007,1,1,1,11
LPLC2,LC31a,DNp45,7,7,25,11
LPLC2,LC31a,DNpe030,4,4,16,11
LPLC2,LAL026_b,DNpe056,1,1,2,11
LPLC2,CB1498,DNpe031,2,6,10,11
LPLC2,LLPC1,DNpe005,9,9,11,11
LC4,LLPC3,DNbe001,3,3,4,11
LPLC2,VSm,DNge114,3,5,18,11
LPLC2,LC36,DNpe028,3,4,4,11
LC4,5-HTPMPV03,DNpe026,2,4,4,11
LPLC2,LC37,DNbe002,1,2,4,11
LC4,CB4179,DNg105,2,3,21,11
LC4,LC35b,DNp26,1,1,3,11
LC4,PVLP128,DNp69,2,3,9,11
LC4,AVLP016,DNg104,2,2,115,11
LPLC2,LoVP85,DNpe013,2,3,42,11
LPLC2,LoVP86,DNa01,1,1,1,11
LPLC2,LHAV2b4,DNpe039,5,5,9,11
LC4,LC36,DNg82,4,5,9,11
LPLC2,LT73,DNpe052,3,3,25,11
LPLC2,OA-VUMa4,DNpe010,2,3,217,11
LC4,LHAD1g1,DNpe024,2,2,555,11
LC4,CL286,DNg93,1,2,2,11
LC4,PLP093,DNg82,2,4,420,11
LPLC2,PVLP203m,DNge046,1,3,6,11
LC4,AVLP501,DNde002,1,1,1,11
LC4,CB4248,DNge054,3,4,11,11
LC4,LC37,DNbe002,1,2,2,11
LPLC2,LHAD1g1,DNpe024,2,2,2049,11
LC4,AVLP120,DNge148,1,1,1,11
LC4,LC6,DNpe039,6,6,6,11
LPLC2,PVLP015,DNp07,2,2,185,11
LC4,WED127,DNa15,2,2,104,11
LC4,PVLP128,DNa07,2,3,10,11
LC4,LC39a,DNbe007,1,1,1,11
LC4,PVLP128,DNpe024,2,2,5,11
LPLC2,CB1688,DNg40,1,1,72,11
LC4,5-HTPMPV03,DNge152,2,2,2,11
LC4,PLP060,DNp54,2,2,57,11
LPLC2,AVLP476,DNpe031,1,2,14,11
LC4,CB2153,DNg99,1,2,4,11
LPLC2,LT64,DNp07,2,2,3,11
LC4,AVLP594,DNpe035,1,2,2,11
LPLC2,PVLP120,DNpe045,2,4,2208,11
LC4,PLP150,DNb05,4,6,535,11
LC4,PVLP130,DNp12,2,2,1944,11
LPLC2,LoVP86,DNg97,1,1,1,11
LC4,CB2664,DNg99,4,5,306,11
LC4,PVLP126_b,DNp11,2,2,4,11
LC4,CB2664,DNg81,2,2,134,11
LC4,SAD073,DNg100,1,2,6,11
LPLC2,AVLP001,DNa11,2,2,2,11
LC4,PLP034,pIP1,2,2,305,11
LPLC2,AVLP476,DNp66,1,1,7,11
LPLC2,CB1852,DNg104,5,5,897,11
LC4,WED125,DNpe017,3,3,867,11
LPLC2,CB1717,DNp66,2,2,4,11
LC4,WED127,DNpe022,1,1,123,11
LC4,5-HTPMPV03,DNge140,2,4,4,11
LC4,LPLC4,DNpe016,10,10,15,11
LPLC2,PVLP122,DNp45,4,4,954,11
LPLC2,LC35b,DNg01_b,2,2,10,11
LC4,PLP060,DNp103,1,1,46,11
LC4,PVLP010,DNge145,2,3,3414,11
LC4,WED125,DNpe022,3,3,867,11
LC4,PLP060,DNp26,2,2,57,11
LPLC2,CB1688,DNpe056,2,4,372,11
LC4,PLP106,DNp27,4,6,117,11
LPLC2,PVLP013,DNp66,2,2,52,11
LPLC2,5-HTPMPV03,DNge084,2,4,24,11
LPLC2,OA-VUMa4,DNge006,2,4,276,11
LPLC2,SAD013,DNb05,2,2,165,11
LC4,CL367,DNa14,2,4,22,11
LPLC2,LAL026_b,DNa04,1,1,2,11
LC4,CB1958,DNg82,4,5,439,11
LC4,OLVC5,DNg74_b,1,2,2,11
LPLC2,PVLP021,DNp103,4,4,37,11
LPLC2,SAD013,DNbe001,2,3,315,11
LC4,PLP209,DNp05,1,2,2,11
LC4,LT82a,DNae002,2,2,360,11
LC4,ANXXX109,DNg74_a,2,3,34,11
LPLC2,AN27X011,DNg82,1,2,2,11
LC4,Tm24,DNp27,9,9,12,11
LC4,LC19,DNpe022,2,3,3,11
LC4,AVLP452,DNp23,4,5,3017,11
LPLC2,LAL026_b,DNae005,1,1,2,11
LPLC2,PVLP107,DNp35,1,1,1,11
LPLC2,CL319,DNge149,2,2,2,10
LC4,CB3302,DNp66,2,3,31,10
LC4,OCG02b,DNp42,2,3,3,10
LC4,AVLP205,DNp09,1,1,5,10
LPLC2,CL319,DNp09,1,2,2,10
LPLC2,AVLP339,DNp30,2,4,78,10
LPLC2,5-HTPMPV03,DNb07,2,4,24,10
LC4,PLP150,DNp42,5,7,699,10
LPLC2,5-HTPMPV03,DNp31,2,4,24,10
LC4,PLP230,DNg02_c,1,2,2,10
LPLC2,TmY19a,DNp11,4,4,6,10
LC4,PLP230,DNae004,1,1,1,10
LPLC2,LC29,DNp102,3,3,7,10
LPLC2,CL319,DNg100,2,3,3,10
LC4,PS304,DNg34,1,2,2,10
LC4,WED189,DNg29,1,2,10,10
LPLC2,WED045,DNp26,1,1,4,10
LPLC2,5-HTPMPV03,DNae009,2,3,21,10
LC4,LoVC6,DNp57,2,4,4,10
LPLC2,LC23,DNpe024,3,4,9,10
LPLC2,LPC_unclear,DNp49,1,1,4,10
LPLC2,CL319,DNpe053,2,3,3,10
LC4,AVLP109,DNpe040,1,1,3,10
LC4,LC31b,DNp06,5,5,333,10
LPLC2,LoVP93,DNpe055,7,7,136,10
LC4,CB4101,DNg111,4,4,18,10
LC4,PLP034,DNp05,2,2,305,10
LPLC2,LT87,pIP1,1,1,4,10
LPLC2,LC31a,DNp42,6,6,44,10
LC4,AVLP610,DNg13,2,3,175,10
LC4,LC35a,DNa10,6,7,19,10
LC4,AVLP594,DNpe053,2,3,3,10
LC4,CL140,DNp102,2,2,434,10
LPLC2,SAD011,DNp01,1,1,1,10
LPLC2,AVLP711m,pIP1,4,4,389,10
LPLC2,CB1044,DNp35,1,2,2,10
LPLC2,OA-VUMa4,DNg02_c,2,5,355,10
LPLC2,CL286,DNpe053,2,4,50,10
LPLC2,WED060,DNpe031,3,5,119,10
LC4,LC19,DNpe016,2,2,2,10
LPLC2,LC35a,DNa10,6,7,29,10
LC4,PS306,DNpe037,2,3,65,10
LPLC2,OA-VUMa4,DNg02_e,2,3,217,10
LC4,ANXXX109,DNg29,2,4,40,10
LC4,5-HTPMPV03,DNb07,2,4,4,10
LC4,GNG517,DNp42,1,1,3,10
LC4,5-HTPMPV03,DNae009,2,3,3,10
LC4,WED125,DNp63,2,4,1160,10
LPLC2,PLP211,DNge138,2,4,310,10
LC4,AVLP536,DNp64,2,2,5,10
LPLC2,CL309,DNge152,1,1,2,10
LPLC2,MeVP51,DNpe052,1,1,12,10
LPLC2,LC31b,DNp06,5,5,895,10
LC4,OCG06,DNb04,2,3,19,10
LC4,CB2664,DNge107,1,2,122,10
LC4,IB114,DNg16,1,2,416,10
LC4,SAD064,DNp03,6,6,1732,10
LC4,AVLP120,DNp66,1,2,2,10
LC4,PVLP123,DNpe031,4,5,430,10
LC4,PVLP022,DNg40,1,1,807,10
LC4,LAL026_a,DNa11,1,1,124,10
LC4,AVLP016,DNp46,2,2,115,10
LPLC2,CB3598,DNp64,1,1,1,10
LPLC2,AVLP538,DNp09,2,2,40,10
LC4,GNG300,DNg62,2,4,288,10
LPLC2,AVLP492,DNpe045,2,2,2,10
LC4,AOTU034,DNp27,1,2,60,10
LC4,CL367,DNg66,2,2,11,10
LC4,PS306,DNg16,2,4,90,10
LPLC2,AOTU032,aSP22,2,2,19,10
LPLC2,LC19,DNpe004,4,4,22,10
LPLC2,LoVC22,DNpe032,4,6,24,10
LC4,AVLP531,DNpe034,1,2,18,10
LC4,CB4101,DNge050,3,3,46,10
LC4,CB3201,DNp01,3,3,325,10
LC4,OA-VUMa4,DNb04,2,3,6,10
LC4,PLP211,DNpe037,2,3,25,10
LC4,AVLP594,DNd04,2,2,2,10
LPLC2,PVLP128,DNa07,2,3,11,10
LC4,OA-VUMa4,DNg01_c,2,2,4,10
LPLC2,CB4176,DNg07,2,3,3,10
LC4,OA-VUMa4,DNg02_c,2,5,10,10
LPLC2,CB4176,DNbe001,1,2,2,10
LC4,OA-VUMa4,DNg02_e,2,3,6,10
LPLC2,AVLP572,DNpe039,2,4,4,10
LPLC2,LC19,DNge041,3,4,8,10
LPLC2,CL367,DNp69,1,2,14,10
LPLC2,CB3201,DNp69,2,2,4,10
LPLC2,PLP211,DNpe037,2,3,240,10
LPLC2,PLP093,DNg35,1,1,10,10
LPLC2,WED060,DNp02,2,2,37,10
LPLC2,LPLC4,DNg91,7,7,387,10
LPLC2,PVLP206m,DNpe025,3,3,404,10
LPLC2,CB1934,DNpe026,1,2,2,10
LC4,PLP219,DNg42,4,4,1075,10
LPLC2,LPT50,DNge097,2,2,113,10
LPLC2,LoVCLo3,DNpe040,2,3,247,10
LC4,AVLP083,DNp66,1,1,3,10
LPLC2,AVLP076,DNp30,2,2,12,10
LC4,AVLP149,DNp32,4,6,168,10
LC4,LC31a,DNp70,5,5,10,10
LPLC2,LoVC18,DNpe031,4,7,36,10
LC4,LoVC25,DNb04,1,2,2,10
LC4,SAD049,DNpe024,2,2,108,10
LPLC2,AVLP492,DNg40,2,2,2,10
LC4,PVLP151,DNp03,3,3,1179,10
LPLC2,LC23,DNa16,3,3,7,10
LC4,LC31a,DNp42,6,6,18,10
LC4,CL001,DNp35,1,1,1,10
LPLC2,CB4179,DNp66,2,4,6,10
LPLC2,AVLP492,DNp103,2,2,2,10
LC4,PLP029,DNp03,2,2,562,10
LPLC2,PVLP070,DNp45,3,3,160,10
LC4,LT40,DNpe002,2,2,34,10
LPLC2,AVLP437,DNde001,2,2,5,10
LPLC2,PVLP011,DNp11,2,2,11623,10
LC4,WED119,DNp38,2,2,3,10
LC4,CB4101,DNg90,4,4,16,10
LPLC2,LoVP92,DNp18,6,6,40,10
LC4,AN09A005,DNg33,1,2,2,10
LPLC2,CL323,DNpe021,4,4,606,10
LPLC2,LoVP89,DNp57,2,2,2,10
LPLC2,PVLP026,DNp03,2,3,96,10
LPLC2,LC22,DNp27,5,7,13,10
LPLC2,LoVC25,DNb04,1,2,2,10
LPLC2,PVLP071,DNpe021,4,4,3463,10
LC4,LoVCLo3,DNpe040,2,3,35,10
LPLC2,LC35a,DNp08,5,5,29,10
LC4,GNG300,DNp34,2,3,204,10
LC4,PVLP128,DNge017,1,2,4,10
LC4,CL066,DNge043,1,2,6,10
LPLC2,PVLP013,DNp06,2,2,52,10
LPLC2,AVLP258,DNpe056,2,3,1144,10
LC4,5-HTPMPV03,DNp31,2,4,4,10
LPLC2,LoVP93,DNp39,3,3,42,10
LPLC2,AVLP536,DNpe040,1,1,1,10
LPLC2,LoVC18,DNpe024,4,6,32,10
LPLC2,CL131,DNp21,1,2,2,10
LPLC2,LAL026_a,DNg04,2,4,18,10
LPLC2,PVLP151,DNp03,3,3,4698,10
LC4,LoVP85,DNpe055,2,4,1212,10
LPLC2,SAD023,DNp69,4,4,135,10
LC4,GNG506,DNg105,1,2,2,10
LC4,WED104,DNg30,1,2,8,10
LPLC2,CL203,DNge049,1,2,2,10
LPLC2,LoVP85,DNpe055,2,4,62,10
LC4,PVLP128,DNp03,1,1,2,10
LC4,LLPC1,DNp103,4,4,4,10
LC4,PVLP026,DNp03,2,3,518,10
LC4,LLPC1,DNp27,6,6,7,10
LPLC2,CB1638,DNp55,3,3,92,10
LC4,CB3588,DNg106,1,6,6,10
LC4,SAD073,DNp102,2,3,12,10
LC4,LoVP26,DNpe003,4,6,20,10
LC4,SAD073,DNp10,3,6,24,10
LPLC2,PVLP216m,DNpe056,3,4,10,10
LC4,CB0206,DNae009,1,1,2,10
LPLC2,PS181,DNpe037,2,4,68,10
LC4,CL053,DNge110,1,2,2,10
LC4,CB0206,DNb01,1,2,4,10
LC4,PVLP028,DNp71,3,6,40,10
LC4,LC36,DNp57,5,5,8,10
LC4,SAD049,DNg40,1,1,51,10
LPLC2,PLP230,DNae004,1,1,24,10
LC4,PVLP122,DNp66,5,5,3286,10
LC4,GNG343,DNg81,2,3,17,10
LC4,CB3513,DNp35,4,4,2292,10
LPLC2,CL140,DNp102,2,2,209,10
LPLC2,PVLP123,DNbe004,2,3,401,10
LPLC2,AVLP452,DNp23,3,4,8,10
LC4,AVLP076,pIP1,1,1,1,10
LC4,PVLP128,DNa15,1,1,2,10
LPLC2,LT85,DNde001,1,1,1,10
LC4,PVLP011,DNp55,2,2,1011,10
LPLC2,CB3513,DNp35,4,4,134,10
LPLC2,LPi2c,DNp27,6,7,17,10
LC4,PLP099,DNbe001,2,2,34,10
LPLC2,AVLP452,DNp04,3,3,6,10
LC4,PVLP011,DNp11,2,2,1011,10
LC4,SAD098,DNp04,1,1,26,10
LC4,CB3513,DNa07,3,3,1703,10
LC4,PLP300m,DNge026,2,2,9,10
LC4,PLP209,DNp63,1,2,2,10
LC4,CB3544,DNp03,2,2,517,10
LPLC2,WED104,DNg20,2,2,83,10
LPLC2,LC9,DNp27,9,9,15,10
LC4,GNG343,DNg108,2,4,22,10
LPLC2,LT82b,DNpe037,2,2,41,10
LPLC2,PVLP034,DNpe056,6,8,83,10
LPLC2,OA-VUMa4,DNb04,2,3,217,10
LPLC2,OA-VUMa4,DNp15,2,4,276,10
LPLC2,LC6,DNpe039,9,9,11,10
LC4,CB4179,DNp66,2,4,40,10
LPLC2,AVLP610,DNpe042,2,4,16,10
LC4,AVLP605,DNp35,1,2,8,10
LC4,CB4176,DNp71,3,3,14,10
LPLC2,PVLP022,DNg40,1,1,278,10
LC4,CL367,DNg105,2,3,16,10
LPLC2,5-HTPMPV03,DNge181,2,5,27,10
LC4,AVLP016,DNa08,2,2,115,10
LPLC2,LoVP93,DNbe006,6,6,139,10
LC4,OCG06,DNg02_d,2,2,12,10
LC4,LPLC4,DNpe017,3,3,3,10
LC4,ANXXX109,DNg24,2,4,40,10
LC4,WED127,DNpe021,2,2,201,10
LC4,PVLP123,DNbe004,2,3,135,10
LC4,MeLo12,DNp27,7,8,33,10
LC4,LC35a,DNp08,5,5,13,10
LPLC2,LoVP18,DNp59,3,3,3,10
LC4,LoVP101,DNpe001,1,1,3,10
LC4,LC35a,DNp07,6,6,17,10
LPLC2,LT40,DNpe002,2,2,6,10
LC4,CB4176,DNg06,2,3,15,10
LC4,LoVP109,pIP1,1,1,7,10
LPLC2,LoVP18,DNp54,5,5,5,10
LPLC2,CL286,DNp05,2,2,25,10
LC4,PLP249,DNbe001,2,2,18,10
LC4,LoVP101,DNge083,1,1,3,10
LPLC2,AVLP449,CB0429,1,1,1,10
LPLC2,PVLP206m,DNp05,2,2,163,10
LC4,LT82b,DNpe037,2,2,139,10
LC4,AN09B023,DNge063,1,1,3,10
LC4,GNG300,DNpe002,2,3,204,10
LC4,LoVP101,DNg58,1,1,3,10
LPLC2,AVLP202,DNp70,1,2,4,10
LPLC2,LT51,DNg01_c,4,4,149,10
LC4,AVLP542,DNb05,2,2,17,10
LPLC2,LC35a,DNp07,6,6,28,10
LPLC2,AVLP001,DNp29,2,4,4,10
LC4,PLP106,DNp54,3,3,30,10
LPLC2,5-HTPMPV03,DNg51,2,6,30,10
LPLC2,PLP093,DNpe016,1,2,20,10
LPLC2,PVLP122,DNp66,5,5,969,10
LC4,PVLP071,DNpe021,4,4,15,10
LC4,,DNpe040,4,4,959,10
LC4,PLP074,DNa08,1,1,2,10
LPLC2,PVLP209m,DNg101,3,4,30,10
LPLC2,AVLP610,DNg13,2,3,10,10
LPLC2,CB3513,DNa07,3,3,112,10
LC4,WED117,DNp06,2,2,4,10
LC4,LoVP93,DNbe006,6,6,114,10
LPLC2,CB1688,DNp30,2,3,258,10
LC4,5-HTPMPV03,DNge181,2,5,5,10
LPLC2,AVLP537,DNp103,2,2,11,10
LPLC2,CB3544,DNp03,2,2,14,10
LC4,CL053,DNge072,1,2,2,10
LC4,LoVP93,DNp39,3,3,13,10
LC4,AVLP076,DNp71,1,1,1,10
LC4,SAD011,DNg51,1,2,140,10
LPLC2,PVLP137,DNge119,2,3,512,10
LC4,LoVP18,DNg49,4,4,9,10
LPLC2,PS171,DNg71,1,1,3,10
LPLC2,PVLP013,DNp103,2,3,86,10
LPLC2,VST2,DNge108,2,2,5,10
LPLC2,SAD049,DNpe024,2,2,40,10
LPLC2,SAD011,DNg51,1,2,2,10
LPLC2,LPT59,DNpe005,2,3,25,10
LPLC2,OA-VUMa4,DNg01_c,2,2,138,10
LC4,LoVP93,DNpe055,7,7,92,10
LC4,PVLP137,DNge119,2,3,1145,10
LC4,LoVP93,aSP22,3,4,147,10
LPLC2,AVLP610,DNae001,2,2,8,10
LPLC2,WED117,DNg33,1,2,4,10
LC4,PLP150,DNp54,2,3,319,10
LC4,PS181,DNp05,1,2,4,10
LC4,LC10a,DNp27,7,8,14,10
LC4,WED124,DNg01_a,2,2,17,10
LPLC2,PLP034,DNpe037,1,1,3,10
LPLC2,AVLP538,DNp27,2,4,80,10
LC4,AVLP396,DNp71,1,1,3,10
LPLC2,CB2940,DNpe037,2,2,23,10
LC4,5-HTPMPV03,DNg51,2,6,6,10
LC4,AVLP502,DNpe042,1,2,4,10
LPLC2,IB114,DNg16,1,2,304,10
LC4,AVLP258,DNpe056,2,3,18,10
LPLC2,AVLP552,DNpe052,2,2,3,10
LC4,SAD044,DNg35,2,3,11,10
LPLC2,PLP230,DNg02_c,1,2,48,10
LC4,AVLP094,DNp04,1,1,154,10
LPLC2,LoVP26,DNge041,4,4,67,10
LPLC2,PVLP209m,DNp67,4,6,41,10
LC4,LC14a-1,DNp27,3,3,43,10
LC4,PLP018,DNge054,2,2,33,10
LPLC2,SAD064,DNg24,3,3,90,10
LC4,PVLP018,DNp01,2,3,90,10
LPLC2,MeVP17,DNpe052,1,1,2,10
LC4,LT87,pIP1,1,1,18,10
LPLC2,OA-VUMa4,DNpe055,2,4,276,10
LPLC2,GNG300,DNg62,2,4,1266,10
LPLC2,GNG300,DNpe002,2,3,883,10
LC4,SAD055,DNg35,1,1,33,10
LPLC2,AVLP396,DNp64,2,2,922,10
LC4,LoVP54,DNpe045,2,2,19,10
LC4,OLVC5,DNp12,1,1,1,10
LPLC2,AVLP396,DNae008,2,2,922,10
LC4,AVLP016,DNp57,2,2,115,10
LPLC2,AVLP539,DNp70,1,2,2,10
LC4,CB2940,DNpe037,2,2,55,10
LPLC2,LoVC18,DNp101,3,4,25,10
LPLC2,LPT28,DNp17,2,4,20,10
LC4,AN07B004,DNg01_b,2,2,6,10
LC4,CB2676,DNp30,2,3,26,10
LC4,CL323,DNpe021,4,4,878,10
LC4,OA-VUMa4,DNp15,2,4,8,10
LC4,AVLP016,DNpe042,2,4,230,10
LC4,PLP211,DNge138,2,4,34,10
LC4,AVLP610,DNpe042,2,4,210,10
LPLC2,CB4102,DNae010,2,2,13,10
LC4,WED106,DNp33,2,2,6,10
LPLC2,LC18,DNpe040,5,5,10,10
LC4,PS306,DNae009,2,4,90,10
LC4,AVLP746m,DNp66,1,1,4,10
LC4,SAD044,DNg56,2,2,7,10
LPLC2,LoVP54,DNpe045,2,2,201,10
LC4,SAD023,DNp69,4,4,322,10
LC4,LT51,DNge119,1,1,1,10
LPLC2,PVLP080_b,DNp43,3,3,6,10
LPLC2,LoVP107,DNp27,2,2,3,10
LPLC2,CB0431,DNb02,1,2,32,10
LPLC2,PS182,DNg92_b,1,3,9,10
LPLC2,AVLP538,DNpe056,2,2,40,10
LC4,AN08B010,DNge099,1,1,16,10
LC4,PLP019,DNp36,1,2,2,10
LPLC2,CB0431,DNb05,1,1,16,10
LC4,LoVC15,DNg82,5,6,31,10
LC4,SAD044,DNp36,2,2,7,10
LC4,OA-VUMa4,DNpe055,2,4,8,10
LPLC2,AN27X011,DNp35,1,1,1,10
LC4,LC23,DNp10,5,5,32,10
LPLC2,CB4102,DNbe001,2,4,26,10
LPLC2,AVLP078,DNp66,2,2,170,10
LPLC2,PVLP209m,DNa01,4,5,22,10
LPLC2,PLP219,DNg42,4,4,530,10
LC4,AVLP093,DNpe031,2,2,4,10
LPLC2,MeVPLp1,DNge070,2,3,11,10
LPLC2,WED117,DNp04,2,2,3,10
LPLC2,LoVC15,DNp103,5,5,9,10
LPLC2,LoVP109,pIP1,1,1,17,10
LPLC2,PVLP209m,DNp13,2,4,32,10
LC4,AVLP610,DNae001,2,2,105,10
LPLC2,GNG300,DNp34,2,3,883,10
LC4,AOTU032,aSP22,2,2,35,10
LC4,CL001,DNpe037,1,1,1,10
LC4,SAD053,DNp69,2,2,17,10
LC4,SAD021_a,DNg29,1,2,10,10
LPLC2,,DNge037,1,1,4,10
LC4,CL367,DNpe026,2,4,22,10
LPLC2,LoVP18,DNa09,3,3,3,10
LPLC2,MeVPLp1,DNge043,2,4,12,10
LC4,CL022_c,DNp59,2,2,3,10
LC4,AVLP339,DNp30,2,4,234,10
LC4,PS306,DNa11,2,4,90,10
LC4,OCG02b,DNc01,1,1,1,10
LPLC2,CB4163,DNpe025,3,3,105,10
LC4,PS306,DNbe004,2,2,45,10
LPLC2,LT51,DNge119,1,1,64,10
LPLC2,PVLP011,DNp55,2,2,11623,10
LPLC2,,DNp45,4,4,24,10
LPLC2,LC14a-1,DNp27,3,3,29,10
LPLC2,AVLP200,DNp55,1,1,6,10
LPLC2,LPT28,DNge114,2,3,16,10
LC4,AN27X011,DNp35,1,1,2,10
LPLC2,CB4102,DNbe004,2,2,13,10
LC4,CL367,DNpe024,2,3,16,10
LC4,LoVC11,DNp54,1,2,2,10
LPLC2,LC11,DNpe037,4,4,4,10
LC4,PS304,DNpe004,1,1,1,10
LPLC2,MeLo10,DNp27,10,10,13,10
LPLC2,AVLP076,DNpe025,2,2,12,10
LC4,LT73,DNpe052,2,2,12,10
LPLC2,LT51,DNp39,6,6,40,10
LPLC2,LC11,DNpe052,6,6,9,10
LPLC2,SAD049,DNg40,1,1,10,10
LC4,CB4102,DNb07,3,3,144,10
LC4,LT62,DNp71,2,2,17,9
LPLC2,AVLP609,DNg09_a,1,3,27,9
LC4,LHAD1g1,DNpe045,2,2,555,9
LPLC2,PVLP010,DNpe042,2,3,51,9
LPLC2,5-HTPMPV03,DNge111,2,7,51,9
LC4,AVLP609,DNg30,1,2,4,9
LPLC2,AVLP610,DNp66,2,3,10,9
LC4,CB3879,DNp103,2,2,12,9
LC4,SAD073,DNp66,2,2,6,9
LPLC2,PLP211,DNa11,2,3,240,9
LC4,LC35a,DNg82,4,5,13,9
LC4,WED124,DNg71,2,2,17,9
LPLC2,PVLP031,DNpe021,3,4,20,9
LPLC2,LT51,DNge013,3,3,13,9
LPLC2,PVLP100,DNpe021,1,1,1,9
LPLC2,5-HTPMPV03,DNge184,2,2,12,9
LPLC2,LLPC3,DNp27,8,8,13,9
LC4,CL140,DNp103,1,1,208,9
LPLC2,LLPC3,DNge030,6,6,8,9
LPLC2,LoVP86,DNg90,1,2,2,9
LPLC2,LT65,DNp42,2,2,4,9
LC4,CB1314,DNpe042,3,3,8,9
LPLC2,LC10c-2,DNp09,1,1,1,9
LPLC2,LoVCLo3,DNp70,2,3,247,9
LC4,SAD073,DNp69,3,4,15,9
LC4,LT83,DNge138,2,2,16,9
LC4,CB4179,DNp11,1,2,68,9
LPLC2,PVLP209m,DNpe042,4,4,23,9
LC4,LoVP50,DNp32,5,5,30,9
LPLC2,PLP034,DNg01_b,1,1,3,9
LC4,PS181,DNg01_b,1,2,4,9
LC4,PS181,DNbe005,1,2,4,9
LPLC2,AVLP080,DNp30,2,2,31,9
LC4,LoVCLo3,DNp70,2,3,35,9
LC4,LPT60,,2,2,651,9
LPLC2,CB3544,DNp103,2,3,22,9
LPLC2,AVLP079,DNp34,1,1,9,9
LPLC2,MeLo14,DNp11,3,3,3,9
LPLC2,PVLP022,DNp34,3,4,1197,9
LPLC2,PS182,DNbe005,1,2,6,9
LC4,CB3544,DNp11,2,3,784,9
LC4,LT65,DNp42,2,2,3,9
LC4,PS181,DNb09,1,2,4,9
LPLC2,CB1852,pIP1,4,5,959,9
LC4,GNG517,DNpe030,1,2,6,9
LPLC2,AVLP610,DNpe025,2,2,8,9
LC4,AN27X011,DNg01_b,1,1,2,9
LC4,CB3302,DNpe025,2,2,23,9
LC4,PLP019,DNbe007,1,1,1,9
LC4,CL022_a,DNpe045,1,1,1,9
LC4,LoVCLo3,DNpe021,2,3,43,9
LC4,SAD053,DNp03,1,2,18,9
LPLC2,PVLP122,DNae008,4,5,959,9
LPLC2,CB0431,DNb09,1,1,16,9
LC4,PLP211,DNp27,2,4,34,9
LC4,LoVP50,DNp05,3,3,21,9
LC4,,DNae007,3,3,786,9
LPLC2,AVLP076,DNd03,2,2,12,9
LC4,LAL301m,DNa11,2,2,37,9
LPLC2,PVLP017,DNp11,2,2,593,9
LPLC2,CL203,DNg16,1,2,2,9
LPLC2,CB1852,DNg40,1,1,134,9
LPLC2,AVLP711m,MDN,5,5,460,9
LC4,PLP060,DNb01,2,2,57,9
LC4,AN09B023,DNge010,1,1,3,9
LPLC2,WED072,DNpe056,4,4,20,9
LPLC2,CL022_c,DNpe053,1,2,2,9
LC4,PLP249,DNa06,2,2,18,9
LC4,PLP249,DNa02,2,2,18,9
LC4,WED125,DNb05,3,3,867,9
LC4,LoVCLo3,DNpe056,2,4,52,9
LPLC2,5-HTPMPV03,DNp12,2,4,24,9
LPLC2,LLPC4,DNp26,1,1,1,9
LPLC2,CL286,DNpe032,1,2,36,9
LC4,PLP300m,DNa13,2,3,24,9
LPLC2,LC35a,DNg82,4,5,18,9
LPLC2,MeVP18,DNpe043,3,3,21,9
LC4,CB4103,DNg02_e,3,3,95,9
LPLC2,AVLP538,pIP10,2,4,80,9
LPLC2,CB1717,DNpe021,2,2,4,9
LPLC2,CL213,DNge050,2,3,68,9
LC4,AVLP711m,DNge053,1,2,48,9
LC4,SAD073,DNge140,2,2,9,9
LC4,PVLP100,DNg29,3,5,496,9
LPLC2,AVLP037,DNp42,1,1,2,9
LPLC2,PS181,DNp68,2,3,50,9
LPLC2,MeVPMe2,DNc01,2,3,3,9
LC4,PS304,DNge088,1,1,1,9
LC4,PVLP010,DNpe042,2,3,3414,9
LPLC2,CL213,DNg93,2,4,90,9
LC4,5-HTPMPV03,DNge184,2,2,2,9
LC4,PVLP141,DNa11,2,2,1539,9
LPLC2,LLPC1,DNae007,4,4,6,9
LPLC2,TmY5a,DNp27,9,9,10,9
LC4,WED124,DNg97,2,2,17,9
LPLC2,PVLP203m,DNge035,1,1,2,9
LC4,AVLP610,DNp45,2,2,105,9
LC4,WED127,DNp03,3,3,227,9
LPLC2,LC35b,DNp19,2,2,10,9
LPLC2,LoVC18,DNb03,3,5,25,9
LC4,OA-VUMa4,DNpe040,2,4,8,9
LC4,AVLP476,DNp32,1,1,6,9
LC4,PLP060,DNp57,2,4,114,9
LC4,AN07B004,DNpe054,2,7,21,9
LPLC2,PVLP206m,DNg101,2,2,191,9
LC4,SAD073,DNge049,3,5,21,9
LC4,PLP301m,DNae005,1,2,4,9
LPLC2,PVLP021,DNpe025,2,2,10,9
LPLC2,CL053,DNp10,2,4,88,9
LC4,PVLP122,DNae008,4,5,2002,9
LPLC2,MeLo10,DNp30,6,6,7,9
LPLC2,SAD073,DNge053,1,2,44,9
LPLC2,LPT60,DNge052,2,3,35,9
LC4,PVLP100,DNpe040,3,3,260,9
LPLC2,,DNge041,1,1,4,9
LC4,5-HTPMPV03,DNp12,2,4,4,9
LC4,PLP074,DNp66,1,2,4,9
LC4,PS304,DNge091,1,2,2,9
LC4,GNG506,DNg88,1,1,1,9
LC4,AVLP610,DNpe025,2,2,105,9
LPLC2,WED117,DNp06,2,2,3,9
LPLC2,PVLP021,DNpe056,4,5,39,9
LC4,CL053,DNp09,1,2,2,9
LPLC2,MeVPMe2,DNg41,2,3,3,9
LC4,PLP106,DNa10,3,3,69,9
LC4,CB3024,DNge145,1,2,2,9
LC4,LoVP26,DNge041,3,3,10,9
LC4,PVLP216m,DNp45,1,2,2,9
LC4,CB0154,DNp103,1,1,2,9
LPLC2,WED015,DNpe056,2,2,7,9
LPLC2,CB1638,DNpe045,3,3,92,9
LC4,AVLP609,DNge130,1,2,4,9
LC4,GNG340,DNp02,1,2,18,9
LPLC2,5-HTPMPV03,DNge145,2,6,36,9
LC4,PVLP216m,DNp60,1,2,2,9
LPLC2,LoVP18,DNpe026,2,2,2,9
LPLC2,LPLC4,DNp59,8,8,268,9
LC4,AN17B013,DNg29,2,2,5,9
LC4,LoVP50,DNg02_a,4,4,22,9
LC4,5-HTPMPV03,DNg110,2,6,6,9
LC4,PLP249,DNp04,2,2,18,9
LPLC2,AVLP203_a,DNg40,1,1,10,9
LPLC2,HSS,DNb03,2,3,14,9
LC4,LT78,DNa02,3,3,4,9
LC4,SAD011,DNp43,1,1,1,9
LPLC2,LT86,DNge135,1,1,2,9
LPLC2,PVLP209m,pIP10,2,4,32,9
LC4,PLP249,DNp03,2,2,18,9
LPLC2,CB0128,DNge053,1,2,28,9
LC4,PS304,DNge007,1,1,1,9
LPLC2,AVLP609,DNge141,1,1,9,9
LC4,WED029,DNp11,2,2,14,9
LPLC2,AVLP080,DNp69,2,2,31,9
LC4,LoVP43,DNp27,2,2,2,9
LPLC2,LC35b,DNb05,2,2,10,9
LPLC2,CL131,DNg97,1,1,1,9
LPLC2,CL286,DNg105,2,2,25,9
LPLC2,PLP211,DNpe056,2,3,240,9
LPLC2,CB2940,DNp01,2,2,23,9
LC4,PVLP123,DNp66,4,4,283,9
LC4,LC14a-1,DNp06,3,3,112,9
LC4,LT62,DNpe031,2,2,17,9
LPLC2,AVLP476,DNp32,1,1,7,9
LC4,PS001,DNge043,1,2,24,9
LPLC2,PVLP080_b,DNpe021,3,3,6,9
LC4,CB1717,DNpe021,2,2,14,9
LPLC2,CL053,DNb09,2,3,74,9
LPLC2,LoVC7,DNpe012_b,2,5,5,9
LPLC2,5-HTPMPV03,DNg110,2,6,36,9
LPLC2,PS001,DNge043,1,2,2,9
LPLC2,LLPC1,DNa09,4,4,5,9
LPLC2,AVLP610,DNp45,2,2,8,9
LC4,AN07B004,DNge093,1,4,12,9
LPLC2,CB0431,DNae001,1,1,16,9
LC4,5-HTPMPV03,DNge145,2,6,6,9
LC4,LT77,DNpe025,2,2,2,9
LPLC2,PS181,DNp03,2,2,34,9
LPLC2,AN27X011,DNg01_b,1,1,1,9
LPLC2,LPT60,,2,2,21,9
LPLC2,PVLP213m,DNae001,2,2,31,9
LPLC2,CL053,DNg51,2,4,88,9
LPLC2,LoVC18,DNp42,2,2,8,9
LPLC2,LoVP92,DNpe013,2,3,34,9
LPLC2,PVLP209m,DNp23,3,3,12,9
LPLC2,LoVC18,DNpe052,4,4,21,9
LPLC2,H2,DNpe015,2,4,207,9
LPLC2,PVLP100,DNp103,1,1,1,9
LPLC2,LPT59,DNp31,2,4,36,9
LC4,LPLC4,DNp27,8,8,13,9
LPLC2,LoVP90c,DNge083,1,1,4,9
LPLC2,AVLP080,DNpe056,2,2,31,9
LC4,GNG506,DNp66,1,2,2,9
LPLC2,OA-AL2i2,DNp11,4,4,45,9
LPLC2,LoVP50,DNg02_a,4,4,9,9
LC4,CB3544,DNpe037,2,2,517,9
LPLC2,LT82a,DNg82,2,3,62,9
LPLC2,MeVPLp2,DNge107,1,2,2,9
LPLC2,SAD064,DNpe042,3,3,72,9
LPLC2,AVLP370_a,DNde003,2,3,269,9
LPLC2,LPT27,DNbe001,1,1,1,9
LPLC2,CB3513,DNp38,3,5,191,9
LPLC2,PS181,DNg82,2,2,34,9
LC4,LAL026_a,DNpe023,1,1,124,9
LPLC2,CB0115,DNp04,4,4,72,9
LPLC2,LT51,DNae003,2,2,9,9
LC4,PVLP124,DNpe042,2,3,117,9
LPLC2,CB0431,DNp57,1,1,16,9
LC4,LAL026_a,DNpe056,1,1,124,9
LC4,PVLP017,DNp11,2,2,62,9
LPLC2,5-HTPMPV03,DNpe010,1,2,18,9
LC4,CB2940,DNp01,2,2,55,9
LC4,CB2664,DNp18,3,3,197,9
LPLC2,LPT31,DNge086,3,3,3,9
LC4,CB4162,DNp09,2,2,10,9
LPLC2,PLP211,DNpe052,2,4,310,9
LPLC2,MeVP53,DNp66,1,1,2,9
LC4,CL022_c,DNpe042,2,4,6,9
LPLC2,LAL016,DNa15,1,1,77,9
LC4,PS306,DNg74_b,2,3,65,9
LPLC2,LoVC23,DNp101,1,1,2,9
LC4,AVLP711m,DNp35,1,1,24,9
LC4,LT82a,DNg71,1,1,189,9
LC4,WED193,DNp11,1,2,42,9
LC4,5-HTPMPV03,DNp54,2,4,4,9
LPLC2,PVLP114,DNg55,1,1,46,9
LC4,PS306,DNg96,2,2,45,9
LC4,PVLP126_a,DNp06,1,1,1,9
LC4,AVLP490,DNp45,1,1,1,9
LPLC2,IB114,DNp56,2,3,697,9
LC4,CL001,DNp09,1,1,1,9
LC4,LT79,DNg104,2,2,2,9
LPLC2,PVLP011,DNp03,2,2,11623,9
LPLC2,LAL016,DNae004,1,1,77,9
LPLC2,LC23,DNp06,4,5,19,9
LPLC2,LT82a,DNg71,1,1,22,9
LPLC2,PVLP070,DNa11,3,3,156,9
LPLC2,PVLP216m,DNp36,3,4,10,9
LPLC2,LT79,DNg104,2,2,12,9
LC4,OCG02b,DNp103,2,4,4,9
LC4,PLP208,DNg71,1,1,1,9
LPLC2,AVLP552,DNpe025,2,2,3,9
LPLC2,LoVP93,DNae001,1,1,1,9
LPLC2,PVLP019,DNpe031,1,2,114,9
LPLC2,,DNp64,4,4,49,9
LC4,AVLP593,DNd03,1,1,3,9
LPLC2,HST,DNp72,2,2,3,9
LPLC2,LoVC22,DNp63,3,4,8,9
LC4,CL066,DNpe017,1,1,3,9
LPLC2,OA-VUMa4,DNg111,2,3,217,9
LC4,WED072,DNge141,3,3,4,9
LPLC2,LoVCLo3,DNpe056,2,4,318,9
LPLC2,CB4179,DNp11,1,2,4,9
LC4,OA-AL2i2,DNp11,4,4,10,9
LC4,AOTU034,aSP22,2,2,62,9
LC4,AVLP202,DNp02,2,2,45,9
LC4,PLP211,DNb05,2,4,34,9
LC4,AVLP205,DNp43,1,2,10,9
LPLC2,LT62,DNp71,2,2,13,9
LC4,LC11,DNp27,9,9,13,9
LPLC2,CL367,DNge140,1,1,7,9
LC4,PVLP018,DNp55,2,2,57,9
LPLC2,IB114,DNpe020,2,3,697,9
LPLC2,PVLP074,DNpe021,4,4,701,9
LPLC2,CB0115,DNpe021,3,3,81,9
LC4,PLP029,DNa05,2,2,562,9
LC4,PVLP201m_d,DNg75,1,1,1,9
LPLC2,AVLP452,DNp11,2,2,4,9
LC4,PVLP021,DNpe025,2,2,2022,9
LC4,PS306,DNg02_b,2,5,110,9
LPLC2,VSm,DNge092,2,2,7,9
LPLC2,AOTU032,DNge141,2,2,19,9
LPLC2,PVLP124,DNpe042,2,3,40,9
LC4,SAD044,DNp68,2,2,7,9
LPLC2,PVLP141,DNge136,2,2,46,9
LPLC2,AVLP708m,DNpe034,1,2,12,9
LPLC2,LC19,DNge107,2,2,12,9
LC4,AVLP342,DNp45,1,1,1,9
LC4,OA-VUMa4,DNg111,2,3,6,9
LC4,SAD014,DNp11,3,3,35,9
LC4,AVLP605,DNg33,1,2,8,9
LPLC2,AVLP572,DNpe021,1,2,2,9
LPLC2,AVLP531,DNp66,1,1,1610,9
LC4,CL140,DNpe056,2,2,434,9
LC4,PVLP096,DNp43,1,1,7,9
LC4,PVLP027,DNpe037,2,2,40,9
LC4,AVLP076,DNg40,1,1,1,9
LC4,PVLP141,DNge136,2,2,1539,9
LC4,PVLP021,DNpe056,4,5,4347,9
LC4,5-HTPMPV03,DNp38,2,3,3,9
LPLC2,PVLP128,DNg02_d,4,5,16,9
LPLC2,OA-VUMa4,DNpe040,2,4,276,9
LC4,WED072,DNp02,3,3,4,9
LC4,SAD055,DNge113,1,2,66,9
LC4,PLP211,DNpe056,2,3,25,9
LC4,5-HTPMPV03,"DNp51,DNpe019",2,6,6,9
LPLC2,VST1,DNp20,1,1,1,9
LC4,LT85,DNpe053,2,2,2,9
LC4,CB3201,DNp35,2,2,660,9
LC4,LT82a,DNg82,2,3,549,9
LC4,PLP211,DNpe052,2,4,34,9
LC4,LT87,DNpe052,2,2,26,9
LPLC2,CL140,DNp103,1,1,128,9
LC4,WED196,DNg40,1,2,4,9
LPLC2,IB114,DNa14,2,4,1090,9
LC4,CB4102,aSP22,5,6,409,9
LC4,PVLP034,DNp09,2,3,9,9
LPLC2,LoVP54,DNp64,2,2,201,9
LPLC2,PVLP141,DNa11,2,2,46,9
LC4,CB3513,DNp38,3,5,3058,9
LPLC2,PS181,DNg03,2,6,100,9
LPLC2,PVLP123,DNpe025,5,5,304,9
LC4,LoVP54,DNp64,2,2,19,9
LPLC2,LT62,DNpe031,2,2,13,9
LPLC2,PVLP137,aSP22,1,2,272,9
LC4,AVLP149,DNp35,3,3,102,9
LPLC2,5-HTPMPV03,DNp38,2,3,15,9
LPLC2,PS208,DNp03,1,1,1,9
LPLC2,LoVC18,DNp23,4,6,34,9
LC4,CB0206,aSP22,1,2,4,9
LC4,LoVC7,DNpe017,2,3,34,9
LPLC2,SAD011,DNp06,1,1,1,9
LC4,LoVC7,DNpe012_b,2,5,58,9
LPLC2,CB0280,DNpe037,1,1,1,9
LC4,PVLP022,DNp34,3,4,3945,9
LC4,WED060,DNpe031,2,4,34,9
LC4,PVLP011,DNp03,2,2,1011,9
LC4,LoVC15,DNpe002,3,3,17,9
LPLC2,VS,DNb03,2,4,8,9
LPLC2,AVLP080,DNp11,1,1,20,9
LPLC2,SAD014,DNp11,3,3,35,9
LC4,CL309,DNge152,1,1,1,9
LC4,WED106,DNp07,3,3,8,9
LC4,PVLP094,DNp05,2,2,38,9
LC4,CB3544,DNp103,2,3,767,9
LC4,SAD064,DNpe042,3,3,1231,9
LPLC2,LHAD1g1,DNpe045,2,2,2049,9
LPLC2,LC14a-1,DNp06,3,3,4,9
LC4,PS306,DNp03,2,2,45,9
LC4,CB4101,DNae005,2,2,14,9
LC4,AVLP610,DNp66,2,3,175,9
LPLC2,PVLP108,DNp06,1,1,1,9
LC4,WED106,DNp02,2,2,4,9
LPLC2,AVLP479,DNp64,4,4,4979,9
LC4,LC23,DNp02,2,2,18,9
LC4,CL001,DNae008,1,1,1,9
LC4,LPT60,DNge052,2,3,1003,9
LPLC2,LC31b,DNa02,3,3,970,9
LPLC2,AOTU034,aSP22,2,2,34,9
LPLC2,PS208,DNge017,1,1,1,9
LC4,5-HTPMPV03,DNge111,2,7,7,9
LPLC2,PLP230,DNge095,1,2,48,9
LC4,AN08B010,DNg106,2,6,66,9
LPLC2,LT87,DNpe052,2,2,6,9
LC4,AOTU032,DNge141,2,2,35,9
LC4,PLP230,DNge095,1,2,2,9
LC4,MeVP18,DNd03,1,1,1,9
LC4,AVLP593,DNpe024,1,2,6,9
LPLC2,LoVC7,DNpe017,2,3,3,9
LPLC2,CB0280,DNp35,1,1,1,9
LPLC2,PVLP100,DNp01,1,1,1,9
LC4,VES023,DNpe056,1,2,4,9
LC4,PLP211,DNa11,2,3,25,9
LC4,AVLP280,DNp64,1,1,1,9
LC4,CL128a,DNp59,4,4,121,9
LPLC2,AVLP079,DNp43,1,1,9,9
LC4,MeVP18,DNp06,1,1,1,9
LPLC2,Nod2,DNge126,2,3,25,9
LC4,IB114,DNa14,2,4,832,9
LPLC2,LoVCLo3,DNpe021,2,3,230,9
LC4,CB4101,DNae007,4,4,40,9
LPLC2,CB3544,DNp11,2,3,20,9
LC4,PS304,aSP22,1,1,1,9
LPLC2,PLP211,DNp27,2,4,310,9
LPLC2,5-HTPMPV03,DNp54,2,4,24,9
LPLC2,AVLP593,DNde002,1,2,2,9
LPLC2,VS,DNge031,1,1,7,9
LC4,PVLP031,DNpe021,3,4,68,9
LC4,CL367,DNge138,2,2,11,9
LC4,SAD013,DNg111,2,2,198,9
LC4,LC31b,DNp27,5,7,661,9
LPLC2,CB3544,DNpe037,2,2,14,9
LC4,PLP093,DNp10,2,3,345,9
LPLC2,PVLP034,DNpe045,4,5,38,9
LC4,CL001,DNp06,1,1,1,9
LPLC2,Am1,DNc02,2,2,23,9
LC4,,DNp70,6,7,1177,9
LPLC2,Li16,DNp11,4,4,38,9
LC4,PS306,DNa13,2,4,90,9
LPLC2,LC13,DNp57,5,5,6,9
LPLC2,CB4102,DNp69,1,2,18,9
LPLC2,AVLP086,DNp06,1,1,3,9
LC4,LC31b,DNa02,3,3,170,9
LPLC2,CL140,DNpe056,2,2,209,9
LC4,LoVC17,DNb09,2,2,2,9
LPLC2,SAD013,DNg111,2,2,165,9
LC4,PVLP126_a,DNp35,1,1,1,9
LC4,CL367,DNg40,2,4,22,9
LPLC2,5-HTPMPV03,"DNp51,DNpe019",2,6,36,9
LPLC2,AVLP538,DNp69,2,2,40,9
LPLC2,PLP211,DNb05,2,4,310,9
LPLC2,AVLP479,DNp66,4,4,4979,9
LC4,PS182,DNpe005,2,2,6,9
LC4,CB1934,DNpe045,1,2,6,9
LC4,PVLP137,aSP22,1,2,1130,9
LC4,PVLP094,DNp103,2,2,38,9
LC4,PLP034,DNge054,2,2,305,9
LC4,5-HTPMPV03,DNpe010,1,2,2,9
LPLC2,PVLP027,DNpe037,2,2,39,9
LPLC2,CL022_a,DNpe045,1,1,1,9
LPLC2,CB1932,DNp103,2,2,2,9
LPLC2,MeVP51,DNpe042,2,2,13,9
LPLC2,LC31b,DNp27,5,7,1270,9
LC4,CB2153,DNg32,1,2,4,9
LC4,IB114,DNp56,2,3,624,9
LC4,GNG343,DNp103,2,2,11,9
LPLC2,LT83,DNge138,2,2,10,9
LC4,IB114,DNpe020,2,3,624,9
LC4,CB4102,DNae003,3,3,157,9
LC4,WED125,DNp05,2,2,580,9
LC4,Li16,DNp11,4,4,9,9
LPLC2,PVLP150,DNpe056,2,2,199,8
LC4,PLP300m,DNae007,3,3,19,8
LC4,CB2371,DNp04,1,1,534,8
LPLC2,PVLP144,DNge136,2,3,13,8
LPLC2,CL131,DNpe037,1,2,2,8
LPLC2,LoVCLo3,DNp05,2,3,247,8
LPLC2,SAD073,DNp06,1,2,44,8
LC4,WED104,DNp30,1,2,8,8
LPLC2,PVLP137,DNge052,2,3,460,8
LPLC2,CB1108,DNpe039,1,2,16,8
LPLC2,CB1498,DNp45,2,2,3,8
LPLC2,VSm,DNpe027,2,2,7,8
LC4,CL367,CB0429,2,4,22,8
LC4,CL286,DNg105,1,1,1,8
LC4,PLP099,DNg79,1,1,11,8
LPLC2,LoVP101,DNge135,2,3,6,8
LC4,PLP209,DNae010,1,2,2,8
LC4,CL323,DNpe037,3,4,925,8
LC4,PVLP031,DNa16,2,2,30,8
LC4,PLP211,DNg32,2,3,26,8
LC4,CL323,DNpe024,3,4,870,8
LPLC2,LT82b,DNbe001,1,1,17,8
LC4,PLP093,DNp02,2,2,222,8
LC4,ANXXX109,DNge182,2,2,20,8
LPLC2,SAD073,DNp02,1,1,22,8
LPLC2,CL131,DNa10,1,2,2,8
LPLC2,WED060,DNg81,3,3,66,8
LPLC2,CB1638,DNg40,3,3,92,8
LC4,PVLP137,DNge052,2,3,1420,8
LC4,PVLP124,DNp01,1,2,94,8
LC4,CB1958,DNbe004,4,4,360,8
LC4,OCG02b,DNae009,2,3,3,8
LC4,LoVP92,DNg01_b,2,2,5,8
LC4,PLP208,DNg02_d,2,2,8,8
LC4,PVLP201m_a,DNp69,1,1,4,8
LC4,CL367,DNde003,2,2,11,8
LC4,CB2664,DNp04,4,4,243,8
LC4,MeVPOL1,DNp30,1,2,2,8
LC4,AVLP605,DNg105,1,2,8,8
LPLC2,CL022_a,DNp11,1,1,1,8
LPLC2,AVLP016,DNp60,1,1,1,8
LPLC2,CB4245,DNp35,1,1,4,8
LC4,PVLP123,DNpe025,4,4,299,8
LPLC2,CB1932,DNp69,3,3,12,8
LC4,AVLP203_b,DNg24,1,1,2,8
LPLC2,PVLP011,DNp69,2,2,11623,8
LPLC2,LT64,DNbe001,2,2,3,8
LPLC2,CB0431,DNge124,1,1,16,8
LPLC2,PVLP141,DNg96,2,2,46,8
LC4,OA-VUMa4,DNge094,2,5,10,8
LPLC2,LT51,DNp57,3,3,135,8
LC4,OA-VUMa4,DNp06,2,4,8,8
LC4,PVLP151,DNp69,3,3,1179,8
LPLC2,LoVP26,DNp16_b,5,5,105,8
LC4,OA-VUMa4,DNp26,2,4,8,8
LC4,AVLP572,DNp70,1,2,2,8
LPLC2,MeVP18,DNp04,5,5,40,8
LC4,CB2153,DNg56,1,2,4,8
LPLC2,LT64,DNg02_c,1,2,4,8
LC4,MeVP18,DNp55,1,1,1,8
LC4,AVLP201,DNp30,2,3,18,8
LPLC2,AN27X011,DNg88,1,1,1,8
LPLC2,CB4162,DNp03,2,3,34,8
LC4,AVLP476,DNp71,1,1,6,8
LPLC2,PLP093,DNg82,1,3,30,8
LC4,CL066,DNpe002,1,1,3,8
LC4,AVLP594,DNp32,2,4,4,8
LC4,AVLP476,DNp35,1,1,6,8
LPLC2,MeVP18,DNp05,3,3,30,8
LPLC2,AVLP203_b,DNg24,1,1,7,8
LPLC2,PVLP018,DNp04,1,1,8,8
LPLC2,LT63,DNpe056,2,2,6,8
LPLC2,CB2371,DNp04,1,1,29,8
LC4,CB1948,DNp02,2,2,3,8
LC4,AVLP476,DNp23,1,1,6,8
LPLC2,PVLP024,DNp34,3,3,52,8
LC4,PVLP062,DNae008,2,2,11,8
LPLC2,CB4176,DNge141,2,3,3,8
LC4,CB1948,DNp11,2,2,3,8
LPLC2,5-HTPMPV03,DNpe055,2,3,15,8
LC4,CB2664,pIP1,3,4,270,8
LC4,PVLP141,DNg96,2,2,1539,8
LC4,OA-VUMa4,DNg02_f,2,3,6,8
LPLC2,CB2371,DNp35,1,1,29,8
LC4,CL323,DNb01,2,3,930,8
LC4,WED107,DNge054,2,3,17,8
LPLC2,CB2472,DNg40,3,3,8,8
LC4,AN27X011,DNg88,1,1,2,8
LPLC2,LoVP18,DNbe005,3,3,3,8
LPLC2,SAD073,DNge136,1,3,66,8
LC4,CL323,DNg02_e,2,2,568,8
LPLC2,CB0115,DNp03,3,5,127,8
LC4,PLP029,DNp26,2,3,872,8
LPLC2,AOTU034,DNge141,2,2,34,8
LC4,AVLP476,DNp69,1,1,6,8
LC4,AVLP476,DNg40,1,1,6,8
LC4,GNG300,DNg72,2,4,288,8
LPLC2,LT51,DNg111,6,7,40,8
LC4,GNG300,DNb05,2,4,288,8
LC4,PLP211,DNp68,2,2,17,8
LPLC2,PLP093,DNa09,1,2,20,8
LC4,CL323,DNa03,3,3,516,8
LC4,AVLP476,DNp103,1,1,6,8
LC4,WED107,DNbe002,2,3,10,8
LC4,OA-VUMa4,DNa15,2,3,6,8
LPLC2,WED072,DNpe039,3,3,14,8
LPLC2,WED060,DNge101,2,2,37,8
LC4,PLP034,DNp59,2,2,305,8
LC4,,DNpe026,4,4,891,8
LC4,LoVP93,DNp63,2,2,64,8
LC4,CB2153,DNp06,1,1,2,8
LPLC2,LoVP27,DNp104,2,3,9,8
LC4,CL286,DNpe020,1,2,2,8
LC4,AVLP593,DNp43,1,1,3,8
LPLC2,SAD013,DNg46,2,2,165,8
LC4,ANXXX109,DNg105,2,3,34,8
LC4,CL323,DNp43,3,3,672,8
LC4,CL286,DNpe042,1,2,2,8
LC4,LoVP99,DNp05,1,1,1,8
LPLC2,MeVP29,DNb05,1,1,1,8
LPLC2,AVLP201,DNge047,2,3,21,8
LC4,AN17B013,DNp11,2,2,5,8
LPLC2,AVLP016,DNp103,1,1,1,8
LPLC2,MeVP29,DNp27,1,1,1,8
LC4,AVLP201,DNge047,2,3,12,8
LPLC2,LoVP18,DNp63,3,4,4,8
LC4,CL323,DNp63,3,4,1034,8
LC4,AVLP476,DNp30,1,1,6,8
LC4,LoVP92,aSP22,3,4,6,8
LC4,PVLP031,DNb09,4,4,88,8
LPLC2,PVLP014,,2,2,30,8
LPLC2,WED104,DNde005,2,2,83,8
LPLC2,WED072,DNg74_a,4,4,12,8
LC4,CB2153,DNp31,1,2,4,8
LC4,CB2371,DNp35,1,1,534,8
LC4,PLP074,DNp09,1,1,2,8
LC4,OA-VUMa4,DNpe056,2,3,6,8
LPLC2,PVLP216m,pMP2,3,3,9,8
LPLC2,PVLP137,DNge079,2,3,460,8
LPLC2,PVLP011,DNpe043,1,1,6983,8
LPLC2,SAD013,DNge097,2,2,165,8
LPLC2,WED061,DNp45,2,2,60,8
LPLC2,CL053,DNa16,2,2,44,8
LPLC2,LT82a,DNg01_b,3,3,60,8
LC4,PVLP201m_a,DNa15,1,1,4,8
LC4,PLP241,DNp57,1,2,24,8
LPLC2,PVLP150,DNp103,2,2,199,8
LC4,CL128a,DNg111,2,2,13,8
LPLC2,CB0431,DNbe001,1,1,16,8
LC4,PLP019,DNb08,1,2,2,8
LC4,AVLP076,DNp29,1,2,2,8
LC4,PVLP201m_a,DNa13,1,1,4,8
LC4,CL367,DNp46,2,3,16,8
LPLC2,AVLP205,DNpe025,3,3,36,8
LPLC2,AVLP016,aSP22,1,1,1,8
LPLC2,PVLP031,DNb09,4,4,16,8
LPLC2,PVLP031,DNa16,2,2,13,8
LC4,PVLP137,DNge079,2,3,1420,8
LPLC2,AVLP201,DNp30,2,3,24,8
LC4,AVLP280,DNpe006,1,1,1,8
LC4,GNG300,DNp55,2,2,144,8
LC4,,DNg32,2,2,4,8
LC4,PVLP201m_a,DNg19,1,2,8,8
LPLC2,CL053,DNa04,2,4,88,8
LC4,WED060,DNge105,2,2,17,8
LC4,PVLP137,DNg75,2,2,855,8
LC4,AVLP610,DNpe002,2,3,175,8
LC4,AVLP711m,DNae001,1,2,48,8
LC4,CB1958,DNp26,3,3,281,8
LPLC2,AVLP711m,DNpe052,4,4,440,8
LPLC2,CB1852,DNg13,2,2,596,8
LPLC2,AVLP202,DNp69,1,2,4,8
LPLC2,WED060,DNge105,2,2,53,8
LC4,OA-VUMa4,DNpe002,2,4,8,8
LC4,AVLP601,DNpe040,1,1,1,8
LPLC2,SAD073,DNp11,1,2,44,8
LPLC2,OA-VUMa4,DNa15,2,3,217,8
LC4,PLP209,DNp42,1,1,1,8
LPLC2,PLP211,DNp68,2,2,155,8
LPLC2,PVLP093,DNp101,2,3,1022,8
LC4,WED196,DNge130,1,2,4,8
LC4,CB4103,DNg16,1,2,6,8
LC4,LoVC22,DNpe020,2,4,6,8
LPLC2,OA-VUMa4,DNpe056,2,3,197,8
LC4,CB1280,DNge054,2,2,155,8
LPLC2,LC16,DNpe040,3,3,4,8
LC4,PS038,DNb02,3,4,4,8
LC4,PS306,DNae001,2,3,65,8
LPLC2,PVLP151,DNp69,3,3,4698,8
LPLC2,CL323,DNg02_e,2,2,267,8
LC4,LT51,DNge135,2,2,3,8
LC4,SAD055,DNge011,1,1,33,8
LPLC2,AVLP339,DNpe037,2,2,39,8
LC4,LT51,DNge013,2,2,3,8
LPLC2,CL323,DNb01,2,3,483,8
LC4,LoVC6,DNa10,2,4,4,8
LPLC2,LC19,DNae010,3,3,25,8
LPLC2,CL323,DNa03,3,3,390,8
LC4,SAD013,DNge097,2,2,198,8
LC4,AN09B016,DNp04,1,1,1,8
LC4,CL001,DNpe011,1,2,2,8
LPLC2,PVLP114,DNa13,1,2,92,8
LC4,5-HTPMPV03,DNge014,2,4,4,8
LC4,SAD053,DNp35,2,3,25,8
LPLC2,CL323,DNp43,3,3,555,8
LPLC2,LoVC18,DNp32,4,5,28,8
LPLC2,PVLP128,DNa16,2,2,4,8
LPLC2,CL367,DNg105,1,2,14,8
LPLC2,PVLP074,DNp02,1,1,200,8
LPLC2,LC10a,DNp27,6,7,9,8
LC4,WED125,DNg01_b,3,3,867,8
LPLC2,LPT49,DNge030,2,3,8,8
LPLC2,PLP211,DNg32,2,3,225,8
LPLC2,PVLP111,DNpe025,4,4,5898,8
LPLC2,AVLP507,DNpe042,1,1,1,8
LPLC2,LoVP99,DNp05,1,1,2,8
LC4,CL001,DNpe039,1,1,1,8
LC4,PS304,"DNp51,DNpe019",1,2,2,8
LPLC2,AVLP591,DNp104,1,1,9,8
LPLC2,CL365,DNpe043,1,2,4,8
LC4,CB4103,DNg02_g,3,3,114,8
LC4,PS038,DNp104,5,5,9,8
LPLC2,CL323,DNpe037,3,4,469,8
LPLC2,PVLP071,DNp06,2,2,1810,8
LPLC2,CL323,DNpe024,3,4,569,8
LPLC2,CL323,DNp63,3,4,771,8
LC4,LT51,DNg01_c,3,3,7,8
LC4,AVLP536,DNp27,2,3,7,8
LPLC2,LoVP50,DNp03,5,5,10,8
LPLC2,PVLP206m,aSP22,2,2,163,8
LC4,AN09B023,DNg106,1,1,3,8
LC4,WED015,DNp45,2,2,8,8
LC4,AN01A055,DNge047,1,2,2,8
LPLC2,CL309,DNa04,1,2,4,8
LPLC2,WED210,DNge010,1,2,2,8
LPLC2,OA-VUMa4,DNge094,2,5,355,8
LC4,SAD106,DNp06,2,4,70,8
LC4,AVLP120,DNp68,1,1,1,8
LPLC2,LPC_unclear,DNp08,1,1,4,8
LPLC2,PVLP114,aSP22,1,1,46,8
LPLC2,PLP017,DNpe052,1,1,7,8
LC4,CB4162,DNpe039,2,3,11,8
LPLC2,CL286,DNpe037,1,1,18,8
LC4,LPT60,DNp55,2,2,651,8
LPLC2,PVLP203m,DNg75,1,2,4,8
LPLC2,WED210,DNge091,1,3,3,8
LC4,LPT60,DNge129,2,3,950,8
LC4,LoVP101,DNae007,1,1,3,8
LC4,LC33,DNa06,1,1,1,8
LPLC2,AVLP593,DNp42,1,1,1,8
LPLC2,PLP018,DNa07,1,1,7,8
LC4,AVLP502,DNp11,1,1,2,8
LC4,LoVCLo3,DNp05,2,3,35,8
LC4,AVLP536,DNp55,2,2,5,8
LC4,CB4101,DNae003,2,2,5,8
LPLC2,LPT51,DNg32,1,1,1,8
LC4,WED125,DNge124,2,2,556,8
LPLC2,AVLP076,DNp11,2,2,12,8
LC4,PS306,DNg105,2,3,70,8
LC4,CL001,DNp66,1,1,1,8
LC4,LoVC11,DNae010,1,1,1,8
LC4,PS002,DNp06,2,2,7,8
LPLC2,CL319,DNge073,2,3,3,8
LC4,LT47,DNbe007,2,2,3,8
LPLC2,AVLP492,DNpe053,2,2,2,8
LPLC2,OA-VUMa4,DNg02_f,2,3,217,8
LPLC2,LoVC5,DNp09,1,1,1,8
LC4,PS002,DNge140,2,2,7,8
LPLC2,WED029,DNpe031,1,2,2,8
LPLC2,CL319,DNd03,2,3,3,8
LC4,LoVCLo1,DNbe001,1,2,2,8
LC4,CB0440,DNpe042,1,2,4,8
LC4,CB4101,DNa09,1,1,3,8
LC4,SAD013,DNg46,2,2,198,8
LPLC2,PVLP114,DNge040,1,1,46,8
LPLC2,CL367,DNg66,1,1,7,8
LC4,CB4101,DNge043,2,2,3,8
LC4,LT64,DNbe001,2,2,2,8
LPLC2,LPT49,DNg79,1,3,6,8
LC4,LAL301m,DNge037,1,1,24,8
LC4,LT85,DNbe007,2,2,2,8
LC4,LoVC15,DNg01_c,3,3,17,8
LPLC2,LPT22,DNa04,2,2,50,8
LC4,AVLP094,DNp103,1,1,154,8
LPLC2,AVLP398,DNg30,1,2,2,8
LPLC2,PVLP100,DNp06,1,1,1,8
LPLC2,LoVC15,DNg82,4,5,9,8
LPLC2,LoVC18,pIP1,3,3,16,8
LC4,LT82b,DNbe001,1,1,71,8
LPLC2,PS181,DNpe042,2,3,52,8
LC4,PVLP076,DNge141,1,1,5,8
LC4,LoVC15,DNg90,1,1,8,8
LPLC2,GNG300,DNp55,2,2,633,8
LPLC2,LoVC15,DNg90,1,1,1,8
LC4,CB1314,DNp47,3,3,7,8
LC4,SAD023,DNpe045,5,5,438,8
LC4,PS304,DNb09,1,2,2,8
LC4,CB1314,DNp05,5,5,14,8
LPLC2,LoVC22,DNp41,3,7,15,8
LC4,WED125,DNa15,3,3,867,8
LPLC2,,DNg111,3,3,316,8
LPLC2,LoVC22,DNae007,4,5,18,8
LC4,WED125,DNa01,2,2,598,8
LC4,PS182,DNg40,2,2,6,8
LC4,AN07B004,DNp46,2,3,9,8
LPLC2,LPT28,DNg49,2,2,10,8
LC4,AN07B004,DNp38,2,4,12,8
LPLC2,PVLP093,DNp35,2,3,1090,8
LPLC2,HST,DNpe015,1,1,1,8
LC4,Li_unclear,DNp11,1,1,3,8
LC4,LC11,DNp11,4,4,6,8
LC4,Li30,DNp27,5,5,362,8
LPLC2,PVLP209m,DNp101,3,3,19,8
LC4,SAD044,DNge127,2,2,7,8
LPLC2,PVLP126_b,DNp11,1,1,14,8
LC4,AVLP396,DNpe021,1,1,3,8
LPLC2,LoVC22,DNde002,3,4,12,8
LC4,PS181,DNpe045,1,1,2,8
LC4,PS181,DNpe037,1,2,4,8
LPLC2,LoVP53,DNp66,2,2,87,8
LPLC2,LoVC22,DNbe002,3,5,18,8
LPLC2,,DNge124,1,1,4,8
LPLC2,,DNge127,2,2,33,8
LC4,CB1498,DNp45,2,2,374,8
LC4,CB4102,DNae004,2,2,109,8
LC4,LT82a,DNg01_b,3,3,518,8
LC4,AVLP429,DNp01,1,2,394,8
LC4,LoVC21,DNp11,1,1,2,8
LPLC2,GNG300,DNb05,2,4,1266,8
LC4,UNKNOWN,DNp35,4,4,47,8
LPLC2,CL367,DNpe002,1,1,7,8
LC4,5-HTPMPV03,DNg79,2,5,5,8
LPLC2,AVLP572,DNpe031,2,3,3,8
LC4,AVLP610,DNae005,2,3,140,8
LPLC2,LoVC22,DNpe020,2,4,14,8
LC4,PS304,DNge058,1,1,1,8
LPLC2,,DNpe043,1,1,3,8
LPLC2,Li30,DNp27,5,5,19,8
LPLC2,,DNpe022,1,1,4,8
LPLC2,LAL301m,DNa11,2,2,58,8
LC4,PS112,DNp10,1,2,4,8
LC4,CL022_a,DNp11,1,1,1,8
LPLC2,PVLP128,DNa09,4,4,13,8
LPLC2,AVLP429,DNp04,2,2,52,8
LPLC2,PLP170,DNge094,1,3,3,8
LC4,LT64,DNg02_c,1,2,2,8
LC4,T2a,DNp27,4,4,5,8
LPLC2,,pIP1,4,4,330,8
LC4,PVLP018,DNp09,2,2,57,8
LC4,LC22,DNg01_b,2,2,2,8
LC4,CB4102,DNa16,4,4,218,8
LPLC2,AVLP531,DNpe005,2,2,4635,8
LC4,PS304,DNde003,1,2,2,8
LPLC2,AVLP396,DNa11,2,2,922,8
LC4,CB4102,DNa02,4,4,262,8
LPLC2,LPT114,DNp26,4,4,7,8
LC4,LC19,DNb09,2,3,3,8
LPLC2,LAL026_a,DNpe022,2,2,9,8
LC4,5-HTPMPV03,DNg09_a,2,7,7,8
LC4,LT81,DNp08,2,3,4,8
LC4,AVLP429,DNp04,2,2,409,8
LPLC2,LoVP86,DNpe017,1,2,2,8
LPLC2,LoVC18,DNp64,3,3,16,8
LPLC2,AVLP531,DNp59,2,2,4635,8
LPLC2,LoVP54,DNpe031,2,4,402,8
LC4,AN08B010,DNge119,2,2,22,8
LPLC2,PVLP124,DNp01,1,2,24,8
LPLC2,GNG300,DNg72,2,4,1266,8
LC4,PS304,DNg88,1,1,1,8
LPLC2,PVLP076,DNge141,1,1,580,8
LPLC2,AVLP429,DNp01,1,2,48,8
LPLC2,PS182,DNpe005,1,1,3,8
LPLC2,SIP108m,DNg111,1,1,1,8
LC4,LT47,DNge041,2,2,3,8
LC4,PLP301m,DNpe001,1,1,2,8
LC4,PVLP074,DNp02,1,1,6,8
LPLC2,LoVP50,DNae009,4,4,9,8
LC4,WED117,DNg93,2,3,5,8
LPLC2,LoVP50,DNa10,2,3,9,8
LPLC2,PVLP010,DNd03,2,2,32,8
LPLC2,AVLP176_d,DNp45,4,4,198,8
LPLC2,AVLP040,DNp70,2,4,18,8
LC4,SAD073,DNge050,3,4,15,8
LPLC2,5-HTPMPV03,DNg79,2,5,33,8
LPLC2,PVLP010,DNg29,2,2,32,8
LC4,CL053,DNge111,1,4,4,8
LPLC2,LC35b,DNp57,2,2,10,8
LC4,AVLP339,DNpe037,2,2,117,8
LPLC2,AVLP476,DNg40,1,1,7,8
LPLC2,PVLP206m,DNa02,2,2,163,8
LPLC2,AVLP610,DNp27,2,4,16,8
LPLC2,OA-VUMa4,DNp06,2,4,276,8
LPLC2,MeVPMe2,DNc02,2,3,3,8
LPLC2,LoVP93,DNp63,2,2,60,8
LC4,LC35a,DNp27,7,8,26,8
LPLC2,PVLP206m,DNp13,3,3,404,8
LC4,CB4176,DNge031,3,3,9,8
LPLC2,LC35a,DNp27,7,8,42,8
LC4,GNG506,DNp12,1,1,1,8
LC4,GNG506,DNp10,1,2,2,8
LPLC2,AVLP610,DNae005,2,3,14,8
LC4,GNG506,DNge147,1,1,1,8
LC4,AVLP542,DNg24,2,2,17,8
LPLC2,PVLP062,DNae008,2,2,7,8
LC4,PVLP010,DNg29,2,2,2176,8
LPLC2,AVLP476,DNp35,1,1,7,8
LPLC2,AVLP476,DNp30,1,1,7,8
LPLC2,LoVC18,DNd05,4,4,21,8
LC4,5-HTPMPV03,DNpe055,2,3,3,8
LPLC2,AVLP476,DNp23,1,1,7,8
LPLC2,AVLP610,DNg100,2,3,14,8
LPLC2,AVLP476,DNp103,1,1,7,8
LC4,LoVP18,DNp49,4,4,6,8
LC4,CB4176,DNg51,4,5,21,8
LPLC2,LPT60,DNge129,2,3,28,8
LC4,PVLP071,DNp06,2,2,12,8
LC4,LoVP50,DNa10,2,3,21,8
LC4,LoVP50,DNae009,4,4,22,8
LC4,AVLP610,DNg100,2,3,140,8
LC4,AN10B019,DNpe042,3,3,9,8
LC4,LoVP53,DNp66,2,2,37,8
LPLC2,LT85,DNde005,1,1,1,8
LC4,CB4245,DNp35,1,1,4,8
LC4,LC9,DNp46,6,6,19,8
LC4,PLP300m,DNg64,3,3,19,8
LPLC2,LoVP32,DNpe005,2,4,4,8
LPLC2,WED210,DNp32,1,1,1,8
LC4,CB1932,DNp64,4,4,93,8
LPLC2,PVLP137,DNg75,2,2,324,8
LPLC2,LT84,DNpe002,2,2,3,8
LPLC2,AVLP039,DNp35,1,1,1,8
LC4,PVLP011,DNp69,2,2,1011,8
LC4,LoVP54,DNpe031,2,4,38,8
LC4,WED127,DNae009,3,4,305,8
LC4,PVLP011,DNpe043,1,1,417,8
LC4,WED127,DNg01_b,3,3,227,8
LC4,WED127,DNa10,2,2,149,8
LC4,PVLP093,DNp101,2,3,55,8
LPLC2,LC39a,DNpe002,2,2,10,8
LC4,PVLP093,DNp35,2,3,77,8
LC4,LLPC1,DNp57,3,3,5,8
LPLC2,LLPC1,DNg01_b,4,4,4,8
LPLC2,CL203,DNg74_b,1,2,2,8
LPLC2,AVLP300_b,DNp30,1,1,1,8
LPLC2,LoVP86,DNa09,1,1,1,8
LC4,CB4248,DNp55,2,2,3,8
LC4,GNG343,DNpe056,2,4,22,8
LPLC2,SIP108m,DNa02,1,1,1,8
LPLC2,LC39a,DNpe005,2,2,10,8
LPLC2,AVLP610,DNpe002,2,3,10,8
LPLC2,5-HTPMPV03,DNge014,2,4,24,8
LC4,CB4248,DNp18,4,4,11,8
LC4,AVLP610,DNp27,2,4,210,8
LPLC2,OA-VUMa4,DNp26,2,4,276,8
LPLC2,LPT60,DNp55,2,2,21,8
LC4,PVLP010,DNd03,2,2,2176,8
LPLC2,LPT28,DNb05,1,1,6,8
LC4,LC33,MDN,1,3,3,8
LC4,CB4163,DNp09,1,1,15,8
LC4,PVLP024,DNp34,3,3,6850,8
LPLC2,PVLP206m,DNp46,2,2,312,8
LC4,CB3879,DNg40,2,2,12,8
LPLC2,OA-VUMa4,DNpe002,2,4,276,8
LC4,WED029,DNp06,2,2,14,8
LPLC2,AVLP476,DNp71,1,1,7,8
LC4,AN09B023,DNp103,1,1,3,8
LPLC2,AVLP476,DNp69,1,1,7,8
LPLC2,5-HTPMPV03,DNg09_a,2,7,39,8
LPLC2,AVLP040,DNpe045,2,2,9,8
LC4,CB0115,DNp55,1,1,1,8
LPLC2,LPT59,DNge091,1,3,21,8
LPLC2,AVLP609,DNge148,1,2,18,8
LC4,WED127,DNge049,1,2,156,7
LC4,LLPC1,DNge030,3,3,4,7
LC4,OCG06,DNp26,1,2,10,7
LPLC2,LC29,DNpe028,4,4,10,7
LPLC2,LoVC15,DNge110,3,3,6,7
LPLC2,AVLP398,pIP1,1,1,1,7
LPLC2,LAL026_b,DNb02,1,2,4,7
LPLC2,T5d,DNp27,4,4,4,7
LC4,WED166_d,DNg56,2,2,2,7
LPLC2,OA-VUMa4,DNp09,1,2,158,7
LPLC2,LT52,DNp11,4,4,7,7
LPLC2,LT63,DNp42,3,3,7,7
LC4,,DNg108,1,2,10,7
LPLC2,PVLP203m,DNg19,1,2,4,7
LPLC2,LoVP18,DNp08,1,1,1,7
LPLC2,CB3513,DNp09,3,3,101,7
LPLC2,LoVP21,DNpe053,2,2,4,7
LC4,CL286,DNge037,1,1,1,7
LC4,CB4179,DNge130,4,4,52,7
LC4,SAD073,DNp49,2,3,9,7
LPLC2,LoVC18,DNpe026,2,4,16,7
LPLC2,PS171,DNg100,1,2,6,7
LC4,WED125,MDN,2,5,1399,7
LC4,OCG06,DNp19,2,2,12,7
LC4,PVLP094,DNp01,1,1,29,7
LPLC2,PLP211,DNde002,2,2,155,7
LC4,AVLP299_d,DNp55,1,1,1,7
LC4,LC31b,DNpe040,5,5,353,7
LC4,OCG06,DNpe042,2,3,17,7
LPLC2,PVLP144,DNpe026,1,2,14,7
LPLC2,AN27X011,DNg69,1,2,2,7
LPLC2,LoVP103,DNbe007,1,1,2,7
LC4,PVLP018,DNp45,2,3,90,7
LC4,OCG06,DNpe053,2,4,24,7
LPLC2,CB3201,DNp35,1,1,3,7
LPLC2,,DNa10,1,1,29,7
LPLC2,PVLP108,DNpe037,1,1,1,7
LPLC2,LAL136_b,DNa02,1,1,2,7
LPLC2,MeVP17,DNp55,1,1,2,7
LC4,PLP034,DNg79,2,2,305,7
LC4,CB1958,DNp06,2,2,158,7
LPLC2,PVLP123,DNp05,3,3,150,7
LPLC2,LAL136_b,DNae007,1,1,2,7
LPLC2,LT60,DNpe024,2,2,10,7
LC4,LT11,DNpe052,2,2,12,7
LPLC2,LT67,DNpe006,1,1,1,7
LC4,AVLP610,DNa11,2,3,175,7
LPLC2,PS001,DNpe028,1,2,2,7
LC4,AN07B004,DNg36_a,2,3,9,7
LC4,AVLP594,DNpe043,2,3,3,7
LC4,CL022_a,DNp49,1,1,1,7
LPLC2,PVLP111,DNp09,4,4,5841,7
LPLC2,LAL047,DNp01,1,1,15,7
LC4,PS304,DNge018,1,1,1,7
LC4,PS306,DNpe057,2,3,65,7
LC4,AVLP202,DNpe037,2,2,45,7
LPLC2,SAD023,DNpe045,4,4,83,7
LC4,CB1958,DNp03,3,4,384,7
LC4,WED127,DNp04,2,2,201,7
LC4,CL022_a,DNpe001,1,1,1,7
LPLC2,LAL026_b,DNp09,1,1,2,7
LPLC2,UNKNOWN,DNp11,6,6,21,7
LC4,CL001,DNde002,1,1,1,7
LC4,PVLP062,DNp49,2,3,14,7
LPLC2,LOLP1,DNp27,7,7,12,7
LPLC2,PVLP144,DNge138,2,3,17,7
LPLC2,PVLP015,DNp69,2,2,185,7
LC4,PVLP062,DNp45,2,2,11,7
LPLC2,PVLP203m,DNg69,1,2,4,7
LC4,AVLP609,pIP1,1,1,2,7
LPLC2,PVLP021,DNp06,4,5,58,7
LPLC2,LAL026_b,DNpe023,1,1,2,7
LC4,PS304,DNd02,1,1,1,7
LC4,LT82a,DNp34,2,2,356,7
LC4,PVLP128,DNg02_d,3,4,9,7
LPLC2,LAL026_a,DNge041,2,2,9,7
LC4,WED107,DNg100,2,3,17,7
LPLC2,PVLP209m,DNge136,3,4,30,7
LC4,PLP211,DNde002,2,2,17,7
LC4,CB4248,DNg108,1,2,14,7
LPLC2,AVLP538,DNp45,2,2,40,7
LC4,CL140,DNge103,2,2,434,7
LPLC2,LT64,DNp10,2,2,3,7
LPLC2,OA-VUMa4,DNp104,2,4,276,7
LPLC2,AN27X011,DNb04,1,1,1,7
LC4,CL309,DNg02_c,1,1,1,7
LC4,AVLP601,DNp66,1,1,1,7
LC4,CL286,DNg108,1,1,1,7
LC4,CB1498,DNp35,2,3,537,7
LC4,LPT60,DNge099,2,3,1003,7
LPLC2,SAD064,DNge124,1,1,40,7
LC4,CL022_b,DNp03,2,2,25,7
LPLC2,LoVC22,DNae008,3,5,18,7
LPLC2,PVLP203m,DNge050,1,2,4,7
LPLC2,LPT26,DNg92_a,1,1,21,7
LC4,WED125,DNp57,2,3,849,7
LPLC2,PLP060,DNp57,1,2,22,7
LC4,PS306,DNpe020,2,4,90,7
LC4,AMMC-A1,DNp34,1,1,2239,7
LC4,PVLP021,DNge047,3,3,2523,7
LPLC2,LPT27,DNp31,1,1,1,7
LPLC2,PVLP141,DNde003,2,4,92,7
LC4,AMMC-A1,DNp69,3,3,6052,7
LPLC2,SAD013,DNae002,2,4,330,7
LPLC2,PVLP093,DNpe018,1,1,386,7
LPLC2,MeLo12,DNp30,4,5,5,7
LPLC2,LoVP26,DNa09,5,5,117,7
LPLC2,LC31b,DNpe040,5,5,1046,7
LC4,PVLP011,DNpe045,2,2,1011,7
LC4,PLP093,DNp69,2,2,222,7
LPLC2,PS171,DNpe032,1,1,3,7
LPLC2,AVLP396,DNp23,2,2,922,7
LC4,LPT60,DNge033,2,2,651,7
LPLC2,PS181,DNa05,2,4,68,7
LPLC2,IB114,DNpe042,2,3,697,7
LC4,SAD073,DNg102,3,4,15,7
LC4,LC18,DNp11,5,5,6,7
LPLC2,CB0128,DNpe053,1,2,28,7
LC4,CL367,DNg100,2,3,17,7
LC4,CL367,DNg03,2,3,17,7
LPLC2,LAL026_a,DNae005,2,2,9,7
LC4,CB2664,DNge111,2,2,109,7
LPLC2,LHAV2b4,DNp03,1,1,1,7
LC4,PVLP015,DNp01,2,2,833,7
LC4,LC18,DNp27,7,7,9,7
LC4,PLP093,DNge054,2,2,222,7
LC4,CB1958,DNg111,4,4,360,7
LC4,PS182,DNpe042,2,3,7,7
LPLC2,LoVC17,DNp102,2,2,2,7
LPLC2,,DNg01_c,2,2,8,7
LC4,WED072,DNp45,3,3,4,7
LC4,PLP018,DNa16,2,2,33,7
LC4,PLP034,DNp08,1,1,113,7
LPLC2,AVLP202,DNp02,1,1,2,7
LC4,LHAD1g1,DNp34,2,2,555,7
LPLC2,CB1498,DNp35,2,3,5,7
LPLC2,LoVC22,DNa10,4,4,13,7
LC4,AN07B004,DNge154,2,3,9,7
LPLC2,PVLP124,DNpe037,2,4,56,7
LPLC2,AVLP538,DNd05,2,2,40,7
LPLC2,LAL016,DNb01,1,2,154,7
LPLC2,LAL016,DNbe003,1,1,77,7
LPLC2,LAL016,DNg01_a,1,1,77,7
LPLC2,OA-VUMa4,DNg88,2,2,138,7
LPLC2,PVLP122,DNpe039,3,3,383,7
LPLC2,PVLP015,DNp01,2,2,185,7
LC4,5-HTPMPV03,DNpe008,2,7,7,7
LPLC2,,DNg04,3,4,1349,7
LPLC2,CB3544,DNp70,2,3,22,7
LC4,WED127,DNbe004,2,3,272,7
LPLC2,SAD013,DNge130,2,2,165,7
LPLC2,PVLP100,DNp05,1,1,1,7
LC4,SAD073,DNb04,1,1,3,7
LPLC2,LC36,DNpe013,1,2,2,7
LPLC2,PVLP144,DNg02_g,2,4,20,7
LPLC2,LoVP86,DNpe016,1,1,1,7
LC4,PLP019,DNge140,1,1,1,7
LC4,AN07B004,CB0429,1,2,6,7
LC4,PLP029,DNp69,2,2,562,7
LPLC2,WED029,DNpe045,3,3,13,7
LC4,CL309,DNp63,1,2,2,7
LC4,LT51,DNg111,5,5,8,7
LC4,CL303,DNa03,1,1,6,7
LC4,,DNb05,4,4,1014,7
LPLC2,AVLP126,DNp27,2,2,7,7
LC4,LC23,aSP22,3,3,53,7
LC4,CB4118,DNg29,4,4,10,7
LC4,PVLP010,DNg15,2,2,2176,7
LC4,PVLP137,DNg108,2,4,1710,7
LC4,PLP106,DNpe002,2,2,79,7
LPLC2,LC19,DNp05,2,2,9,7
LC4,5-HTPMPV03,DNge030,2,4,4,7
LC4,CB4118,DNge111,3,3,8,7
LPLC2,LPLC4,DNg02_d,4,4,88,7
LC4,LPT31,DNge006,2,2,2,7
LPLC2,LPLC4,DNge127,6,6,203,7
LC4,AN07B004,DNa08,2,3,9,7
LPLC2,LoVP86,DNpe009,1,1,1,7
LC4,PVLP076,DNp55,1,1,4,7
LC4,CB2664,DNae006,3,3,182,7
LC4,LPLC4,DNp102,5,5,9,7
LC4,LT51,DNp57,2,2,5,7
LC4,PVLP015,DNp69,2,2,833,7
LC4,AVLP016,DNa11,2,2,115,7
LC4,LT51,DNp39,4,4,8,7
LPLC2,LoVP24,DNp08,3,4,5,7
LC4,PS306,DNb08,2,3,70,7
LPLC2,LoVP85,DNp16_b,2,3,51,7
LPLC2,LC22,DNpe022,3,3,10,7
LC4,PLP019,DNp45,1,1,1,7
LPLC2,CB2472,DNp55,1,2,4,7
LC4,AVLP299_d,DNg101,1,1,1,7
LPLC2,LoVC18,DNbe007,4,4,21,7
LC4,CL309,DNa05,1,2,2,7
LC4,AOTU034,DNge141,2,2,62,7
LPLC2,CB1852,DNge041,2,2,324,7
LPLC2,OA-VUMa4,DNge086,2,3,197,7
LPLC2,CB1973,DNpe056,1,1,1,7
LPLC2,LoVC18,DNge138,3,4,20,7
LC4,WED193,DNp71,1,1,21,7
LC4,CB2153,DNg09_b,1,2,4,7
LPLC2,PLP219,DNg01_b,4,4,530,7
LC4,CL309,DNpe053,1,2,2,7
LC4,LC29,DNpe028,5,5,9,7
LPLC2,LoVC18,DNge141,4,4,21,7
LPLC2,PVLP114,DNg44,1,1,46,7
LPLC2,LLPC4,DNge141,1,1,1,7
LC4,CB4162,DNge032,2,2,10,7
LPLC2,WED045,DNbe001,1,1,4,7
LC4,AVLP205,DNp55,1,1,5,7
LC4,PLP060,DNbe004,2,2,57,7
LPLC2,LPLC1,DNpe056,6,6,10,7
LPLC2,LPLC1,DNpe037,4,4,6,7
LC4,PVLP124,DNpe037,2,4,140,7
LC4,PVLP015,DNpe021,2,2,833,7
LPLC2,LT78,DNg97,3,3,5,7
LC4,CB4118,DNge175,3,3,12,7
LPLC2,PVLP122,DNg02_f,2,2,943,7
LPLC2,AVLP476,DNp45,1,1,7,7
LPLC2,Tm37,DNp27,6,6,6,7
LPLC2,CB0431,DNpe023,1,1,16,7
LPLC2,Y14,DNp30,4,4,5,7
LC4,LC29,DNp05,3,3,4,7
LC4,LC29,DNp08,4,4,6,7
LPLC2,PLP060,DNg13,1,1,11,7
LC4,CB2664,DNpe017,2,2,134,7
LPLC2,PVLP144,DNpe042,2,3,13,7
LPLC2,Y13,DNp11,3,3,5,7
LPLC2,LC35a,DNp47,4,4,19,7
LC4,PLP029,DNp31,2,2,562,7
LC4,LC29,DNpe006,3,3,4,7
LPLC2,AVLP079,DNpe037,1,1,9,7
LC4,LPT29,DNp12,2,2,2,7
LPLC2,PVLP014,DNpe053,2,3,57,7
LC4,PLP019,DNp01,1,1,1,7
LPLC2,CB1717,DNp06,2,2,4,7
LPLC2,LoVC17,DNpe037,2,2,2,7
LC4,PLP019,DNge094,1,2,2,7
LPLC2,CB1852,DNpe042,1,2,268,7
LC4,CL022_a,DNp02,1,1,1,7
LC4,PLP074,DNbe002,1,2,4,7
LC4,PLP074,DNb05,1,1,2,7
LC4,PLP018,DNpe002,2,2,31,7
LPLC2,PLP060,DNp02,1,1,11,7
LPLC2,CB1108,DNp35,1,1,8,7
LPLC2,WED045,DNb05,1,1,4,7
LPLC2,CB1932,DNp64,3,3,11,7
LPLC2,LoVP55,DNpe042,1,1,1,7
LC4,AN07B004,DNg02_c,2,4,12,7
LC4,PLP060,pIP1,2,2,57,7
LC4,PLP106,DNp03,3,3,81,7
LC4,SAD053,DNge184,1,1,8,7
LPLC2,AVLP490,DNp55,2,2,7,7
LPLC2,PLP211,DNp31,2,3,225,7
LPLC2,SAD064,DNp03,4,4,112,7
LC4,PVLP128,DNpe021,3,3,7,7
LPLC2,CB1688,DNg104,2,4,372,7
LC4,CB1314,DNg29,4,4,11,7
LC4,SAD053,DNg56,2,2,17,7
LC4,WED104,DNb05,1,1,4,7
LPLC2,MBON33,DNg03,1,4,4,7
LPLC2,PVLP021,DNge047,3,3,35,7
LPLC2,CB3019,DNp43,2,2,28,7
LPLC2,PVLP111,DNp42,3,3,4759,7
LC4,LLPC3,DNp26,3,3,4,7
LPLC2,LC36,DNp57,3,3,4,7
LPLC2,SAD044,DNp57,1,1,1,7
LC4,AN07B004,DNg08,2,4,12,7
LC4,PS304,DNge081,1,1,1,7
LPLC2,PLP211,DNp11,2,4,310,7
LC4,LC22,DNp59,2,2,3,7
LPLC2,WED061,DNp55,2,2,71,7
LC4,,DNg04,3,4,3246,7
LPLC2,PVLP015,DNpe021,2,2,185,7
LC4,LT64,DNp10,2,2,2,7
LPLC2,LC10a,pIP1,1,1,2,7
LC4,AVLP451,DNpe042,1,1,1,7
LPLC2,TmY14,DNge141,5,5,5,7
LPLC2,LT61b,DNp69,1,2,36,7
LC4,LT60,DNpe024,2,2,474,7
LPLC2,AVLP079,DNp55,1,1,9,7
LC4,WED127,DNpe017,2,2,201,7
LC4,PLP208,DNp103,2,2,8,7
LC4,SAD064,DNge124,1,1,340,7
LPLC2,SAD044,DNge091,1,3,3,7
LC4,PVLP093,DNpe018,1,1,33,7
LC4,PLP019,DNg79,1,1,1,7
LC4,PLP034,DNa11,2,2,305,7
LC4,PLP034,DNa03,2,2,305,7
LC4,SAD053,DNp73,1,1,8,7
LPLC2,AVLP501,DNge141,1,1,2,7
LPLC2,AVLP492,DNp06,1,1,1,7
LPLC2,LLPC4,pIP1,1,1,1,7
LPLC2,AVLP079,DNpe056,1,1,9,7
LC4,AN07B004,DNb05,2,3,9,7
LPLC2,AVLP001,DNd04,2,2,2,7
LC4,WED196,DNp18,1,1,2,7
LPLC2,LC10c-1,DNd05,1,1,1,7
LPLC2,LLPC2,DNge141,4,4,5,7
LPLC2,OA-VUMa4,DNge152,2,2,138,7
LPLC2,LC10c-2,DNa16,1,1,1,7
LC4,5-HTPMPV03,DNg92_b,2,5,5,7
LC4,CL001,DNp10,1,1,1,7
LPLC2,PVLP114,DNp05,1,1,46,7
LC4,AVLP016,DNb09,1,1,58,7
LC4,LT61b,DNp69,1,2,534,7
LC4,PLP034,DNa13,2,4,610,7
LC4,CL001,DNpe053,1,1,1,7
LC4,LT61b,DNp11,2,2,307,7
LPLC2,LC35b,DNg79,2,4,20,7
LPLC2,LoVP109,DNge054,1,1,17,7
LC4,LC35a,DNp47,4,4,13,7
LC4,AVLP502,DNpe026,1,2,4,7
LPLC2,LT61b,DNp11,2,2,24,7
LC4,5-HTPMPV03,DNge006,2,4,4,7
LPLC2,PLP211,DNge141,2,3,225,7
LPLC2,LT11,DNpe052,2,2,10,7
LC4,OCG02b,DNp07,2,3,3,7
LC4,AVLP083,DNp04,1,1,3,7
LC4,LoVC6,DNg02_c,2,4,4,7
LPLC2,CL022_a,DNp02,1,1,1,7
LPLC2,AVLP016,DNpe050,1,1,1,7
LC4,PVLP112,DNp71,2,2,32,7
LPLC2,LoVCLo3,DNpe037,2,3,247,7
LPLC2,Tm5c,DNp11,6,6,7,7
LC4,LAL026_a,DNa06,1,1,124,7
LC4,GNG300,DNge036,2,4,288,7
LC4,PVLP031,DNpe042,2,3,58,7
LC4,SAD013,DNge130,2,2,198,7
LPLC2,CL319,DNge139,2,3,3,7
LC4,CL053,DNge091,1,4,4,7
LPLC2,LPT50,DNp19,1,1,52,7
LPLC2,LPT60,DNge033,2,2,21,7
LPLC2,CB0115,DNge054,2,2,69,7
LPLC2,PVLP010,DNg15,2,2,32,7
LC4,PVLP122,DNg02_f,2,2,1902,7
LPLC2,WED060,DNae005,1,1,29,7
LPLC2,SIP108m,MDN,1,1,1,7
LC4,LoVC22,DNpe032,3,4,5,7
LC4,IB114,DNpe042,2,3,624,7
LPLC2,5-HTPMPV03,DNa09,2,4,24,7
LPLC2,5-HTPMPV03,DNa10,2,4,24,7
LPLC2,PVLP068,DNp103,2,2,40,7
LPLC2,AVLP592,DNp69,2,2,100,7
LC4,LoVC7,DNg92_b,2,4,46,7
LC4,LoVC7,DNg92_a,2,3,35,7
LPLC2,LoVC5,DNp08,1,2,2,7
LPLC2,MeVP29,DNp31,1,1,1,7
LPLC2,CL022_a,DNpe001,1,1,1,7
LPLC2,AN27X011,DNa08,1,1,1,7
LC4,MeVPLo1,DNb03,1,3,3,7
LPLC2,WED104,DNpe002,2,2,83,7
LC4,PVLP123,DNp05,3,3,310,7
LPLC2,Li15,DNp11,5,5,9,7
LC4,GNG340,DNge032,1,2,18,7
LPLC2,MeLo7,DNp27,3,3,3,7
LC4,CB4101,DNde003,3,4,51,7
LC4,MeVPLo1,DNge141,1,1,1,7
LC4,PVLP112,DNpe056,2,2,26,7
LPLC2,CL022_a,DNp49,1,1,1,7
LC4,LoVC6,DNp26,1,1,1,7
LC4,5-HTPMPV03,DNa09,2,4,4,7
LPLC2,5-HTPLP01,DNp66,2,2,5,7
LPLC2,WED104,DNpe052,2,2,83,7
LC4,PLP301m,DNpe025,1,1,2,7
LC4,WED124,DNa03,2,2,17,7
LC4,PS112,DNb09,1,1,2,7
LC4,VES023,DNa11,1,2,4,7
LC4,AN10B019,DNge119,3,3,9,7
LC4,GNG300,DNg57,2,4,288,7
LC4,AVLP531,DNpe040,1,1,9,7
LPLC2,AVLP577,DNpe031,2,3,41,7
LPLC2,LT51,DNbe004,2,2,9,7
LC4,LoVP33,DNae008,1,1,1,7
LC4,PVLP034,DNg101,1,2,2,7
LC4,LAL026_b,DNp09,1,1,42,7
LC4,PVLP122,DNpe039,3,3,2321,7
LPLC2,PVLP139,DNpe040,1,1,39,7
LC4,PS112,DNge016,1,2,4,7
LC4,AVLP204,DNp103,2,2,21,7
LPLC2,MeLo2,DNp27,7,7,8,7
LPLC2,LPT60,DNge099,2,3,35,7
LPLC2,PVLP074,DNp69,2,2,290,7
LPLC2,LoVC22,DNpe027,3,3,12,7
LC4,OA-VUMa4,DNg01_a,2,4,8,7
LPLC2,LoVCLo3,DNp06,2,3,247,7
LC4,LAL026_b,DNb02,1,2,84,7
LC4,CB3588,DNg32,1,2,2,7
LPLC2,PLP211,DNpe027,2,3,225,7
LC4,AVLP340,DNp35,1,1,1,7
LC4,PLP219,DNg01_b,4,4,1075,7
LPLC2,LPT50,DNge091,2,2,113,7
LPLC2,AVLP076,DNp42,2,2,12,7
LC4,AN27X011,DNg69,1,2,4,7
LPLC2,WED104,DNg39,2,2,83,7
LC4,5-HTPMPV03,DNg02_b,2,7,7,7
LPLC2,5-HTPMPV03,DNpe008,2,7,51,7
LPLC2,CB0115,DNp06,4,4,96,7
LC4,CB1948,DNge113,2,2,3,7
LC4,GNG300,DNg86,2,2,144,7
LPLC2,CL365,DNp103,1,2,4,7
LC4,WED107,DNp54,2,3,17,7
LPLC2,5-HTPLP01,DNp35,2,2,5,7
LPLC2,OLVC5,DNge141,2,2,4,7
LC4,LoVP26,DNp16_b,4,4,21,7
LC4,WED060,DNg81,2,2,17,7
LC4,CL022_c,DNpe024,2,2,3,7
LPLC2,AVLP176_d,DNp64,3,3,152,7
LC4,PPM1203,DNp55,1,1,6,7
LPLC2,OA-VUMa4,DNg09_a,2,5,355,7
LPLC2,,DNpe052,4,4,323,7
LC4,AVLP746m,DNa08,1,2,8,7
LPLC2,CL286,DNg108,1,1,7,7
LC4,SAD013,DNae002,2,4,396,7
LPLC2,LoVCLo3,DNp69,2,3,247,7
LPLC2,LoVP50,DNp32,4,4,9,7
LPLC2,AVLP609,DNg30,1,2,18,7
LPLC2,LT82a,DNp34,2,2,28,7
LC4,CL066,DNp16_b,1,1,3,7
LPLC2,CL286,DNpe031,2,4,50,7
LC4,LoVCLo3,DNpe037,2,3,35,7
LPLC2,LHAD1g1,DNp34,2,2,2049,7
LPLC2,CL213,DNge068,2,3,67,7
LC4,AVLP610,pIP10,2,4,210,7
LPLC2,VS,DNg75,1,1,1,7
LPLC2,CL022_c,DNp35,1,2,2,7
LC4,LoVP108,DNp06,2,2,4,7
LC4,CB3302,DNpe052,2,2,23,7
LPLC2,PVLP031,DNpe042,2,3,12,7
LC4,AVLP083,DNp30,1,2,6,7
LC4,AN27X011,DNb04,1,1,2,7
LPLC2,5-HTPMPV03,DNg02_b,2,7,33,7
LPLC2,AVLP316,DNd05,1,1,14,7
LPLC2,LoVCLo3,DNp68,2,3,247,7
LPLC2,CL286,DNge037,1,1,7,7
LC4,PVLP201m_a,DNg100,1,2,8,7
LC4,AN27X011,DNa08,1,1,2,7
LC4,WED117,DNp55,2,2,4,7
LC4,LoVP101,DNge128,1,1,3,7
LPLC2,LoVP50,DNp05,2,2,7,7
LPLC2,CL286,DNp23,2,4,50,7
LC4,LoVP101,DNge136,1,2,6,7
LC4,GNG506,DNpe031,1,2,2,7
LPLC2,LoVP50,DNp27,4,5,12,7
LPLC2,PVLP062,DNp45,2,2,7,7
LC4,PVLP068,DNp103,2,2,167,7
LPLC2,WED104,DNp103,2,2,83,7
LPLC2,LPT59,DNge030,2,3,25,7
LC4,,DNpe024,4,4,1541,7
LC4,PVLP201m_a,DNg109,1,2,8,7
LPLC2,OA-VUMa4,DNg02_b,2,5,335,7
LPLC2,PLP018,DNae002,2,2,8,7
LPLC2,PVLP062,DNp49,2,3,10,7
LPLC2,PVLP031,DNp11,4,5,17,7
LC4,PLP249,DNa03,2,2,18,7
LC4,AVLP609,DNge138,1,1,2,7
LC4,LoVCLo3,DNp69,2,3,35,7
LC4,LoVCLo3,DNp68,2,3,35,7
LPLC2,LoVP50,DNg01_b,1,1,4,7
LPLC2,CL213,DNp23,2,3,67,7
LC4,5-HTPMPV03,DNb05,2,3,3,7
LPLC2,CL022_b,DNp03,2,2,53,7
LC4,PS002,DNg02_d,3,3,11,7
LPLC2,OA-VUMa4,DNg01_a,2,4,276,7
LPLC2,LPT52,DNp27,2,2,6,7
LC4,MeVP18,DNp103,1,1,1,7
LC4,PVLP022,DNp47,3,3,2778,7
LPLC2,OA-VUMa4,DNg04,2,5,335,7
LC4,5-HTPMPV03,DNa10,2,4,4,7
LC4,AVLP152,DNp07,1,1,6,7
LPLC2,LPT52,DNbe007,2,2,6,7
LPLC2,LoVP90c,DNge129,1,2,8,7
LC4,WED060,DNpe040,2,2,17,7
LPLC2,LT86,DNge060,1,1,2,7
LPLC2,5-HTPMPV03,DNb05,2,3,15,7
LPLC2,PVLP028,DNp30,3,3,80,7
LPLC2,PVLP028,DNp06,3,5,65,7
LPLC2,vCal1,DNa10,2,3,3,7
LPLC2,AVLP592,DNpe056,2,2,100,7
LC4,GNG340,DNg40,1,2,18,7
LC4,LoVP109,DNge054,1,1,7,7
LC4,LoVP18,DNbe001,5,5,22,7
LPLC2,CL022_b,DNpe045,2,3,79,7
LPLC2,AVLP711m,DNpe025,3,3,398,7
LC4,PVLP031,DNp11,4,5,124,7
LPLC2,AVLP205,DNpe052,3,3,36,7
LC4,PS001,DNpe028,1,2,24,7
LPLC2,CL022_b,DNpe031,2,3,79,7
LC4,GNG517,DNp43,1,1,3,7
LPLC2,LoVC7,DNg92_a,2,3,3,7
LPLC2,PLP211,DNp67,2,4,310,7
LPLC2,LoVC7,DNg92_b,2,4,4,7
LPLC2,LoVP90c,DNbe007,1,1,4,7
LC4,PVLP022,DNpe040,3,4,3585,7
LPLC2,CL053,DNg106,2,3,58,7
LC4,SAD011,DNp11,3,3,131,7
LPLC2,CL213,pIP10,2,3,67,7
LC4,CB1717,DNp06,2,2,14,7
LC4,LoVCLo3,DNp06,2,3,35,7
LPLC2,AVLP610,DNa11,2,3,10,7
LC4,MeVP17,DNp103,1,1,1,7
LC4,LoVP33,DNbe004,1,1,1,7
LPLC2,PLP018,DNpe002,2,2,8,7
LPLC2,CB4176,DNg15,2,2,2,7
LPLC2,PVLP076,DNp55,1,1,758,7
LPLC2,PVLP127,DNp06,1,1,1,7
LPLC2,AMMC-A1,DNp34,1,1,85,7
LPLC2,AVLP711m,DNb08,2,3,221,7
LPLC2,WED117,DNge038,1,2,4,7
LPLC2,LoVP53,DNp11,2,2,87,7
LC4,CL022_b,DNpe045,2,3,39,7
LPLC2,PPM1203,DNp55,1,1,3,7
LC4,LoVC15,DNp03,3,3,15,7
LPLC2,PVLP080_a,DNpe031,2,3,7,7
LPLC2,PVLP022,DNpe040,3,4,1152,7
LC4,CL022_b,DNpe031,2,3,39,7
LC4,CB4102,DNg01_d,2,2,95,7
LC4,CB3024,DNp02,1,1,1,7
LPLC2,AVLP610,pIP10,2,4,16,7
LC4,LoVP85,DNp16_b,2,3,908,7
LC4,CL128a,DNg79,4,4,121,7
LC4,SAD044,DNg106,2,5,19,7
LPLC2,AMMC-A1,DNp69,3,3,151,7
LPLC2,5-HTPMPV03,DNge030,2,4,24,7
LPLC2,PVLP213m,pIP10,1,2,14,7
LPLC2,LPT29,DNp12,2,2,12,7
LC4,OA-VUMa4,DNp104,2,4,8,7
LPLC2,CL203,DNg105,1,2,2,7
LC4,CB3024,DNp11,1,1,1,7
LC4,PVLP201m_d,DNae001,1,1,1,7
LPLC2,TmY15,DNp27,6,6,8,7
LPLC2,5-HTPMPV03,DNge006,2,4,24,7
LC4,LoVP50,DNp102,4,4,24,7
LC4,LoVP50,DNp27,4,5,29,7
LC4,PVLP201m_d,DNae003,1,1,1,7
LPLC2,SAD014,DNp06,2,2,21,7
LPLC2,CB4162,DNp45,3,3,148,7
LC4,PVLP111,DNp42,3,3,12,7
LC4,PVLP141,DNde003,2,4,3078,7
LC4,CL367,DNpe039,2,3,17,7
LPLC2,CL131,DNpe032,1,1,1,7
LC4,AVLP531,DNp71,1,1,9,7
LC4,GNG300,DNg47,2,3,228,7
LPLC2,V1,DNpe013,1,1,3,7
LPLC2,WED060,DNge056,2,2,37,7
LC4,OA-VUMa4,DNp09,1,2,4,7
LC4,PLP211,DNp31,2,3,26,7
LPLC2,AVLP396,DNp05,2,2,922,7
LC4,LoVP53,DNp11,2,2,37,7
LPLC2,PVLP216m,DNp13,3,3,9,7
LPLC2,AVLP538,DNpe040,2,2,40,7
LC4,WED060,DNae005,1,1,3,7
LPLC2,PVLP022,DNp47,3,3,874,7
LPLC2,LoVP101,DNge136,1,2,2,7
LPLC2,PVLP011,DNpe045,2,2,11623,7
LPLC2,WED117,DNp10,1,1,1,7
LPLC2,AVLP708m,DNpe025,1,1,6,7
LPLC2,AVLP538,DNpe025,2,2,40,7
LPLC2,LoVP92,DNg01_b,1,1,1,7
LPLC2,PS182,DNg40,1,1,3,7
LC4,CB3513,DNp09,3,3,1944,7
LC4,SAD044,DNge180,2,3,11,7
LPLC2,CB4102,DNae004,1,1,9,7
LC4,CB4102,DNp02,2,2,108,7
LPLC2,HST,DNa13,1,2,4,7
LPLC2,OLVC5,DNa06,2,2,4,7
LPLC2,CB4102,DNae003,2,2,13,7
LC4,AVLP016,DNpe050,1,1,57,7
LPLC2,HSN,DNge026,1,1,11,7
LC4,PLP211,DNge141,2,3,26,7
LPLC2,H2,DNae003,1,1,54,7
LPLC2,Tm4,DNp30,5,5,5,7
LC4,PVLP201m_d,DNge123,1,1,1,7
LPLC2,,DNp05,4,4,447,7
LC4,PLP211,DNp11,2,4,34,7
LPLC2,H2,DNg10,2,2,99,7
LPLC2,vCal1,DNge030,2,3,3,7
LC4,PVLP021,DNp06,4,5,4151,7
LC4,CL367,DNp102,1,1,6,7
LC4,AVLP396,DNp64,1,1,3,7
LPLC2,AVLP077,,1,1,1,7
LC4,PS181,DNpe021,1,1,2,7
LPLC2,H2,DNpe054,2,5,252,7
LPLC2,PVLP034,DNp43,4,5,53,7
LPLC2,LoVP101,DNge128,1,1,1,7
LPLC2,CB0128,DNg97,1,1,14,7
LPLC2,LPT28,DNge141,1,1,6,7
LPLC2,HSE,DNp18,2,2,14,7
LC4,LAL301m,DNpe020,2,3,50,7
LPLC2,CL140,DNge103,2,2,209,7
LPLC2,AVLP016,DNpe011,1,1,1,7
LC4,OA-VUMa4,DNge152,2,2,4,7
LPLC2,AVLP370_a,DNpe031,2,3,269,7
LPLC2,LPT31,DNg92_a,3,3,6,7
LPLC2,MeVPLp1,DNb05,2,2,6,7
LC4,PS180,DNa08,1,2,4,7
LPLC2,AVLP572,DNp64,1,1,1,7
LC4,CL022_c,DNp43,2,2,3,7
LC4,PS180,DNae003,1,2,4,7
LC4,AVLP605,DNp69,1,2,8,7
LC4,PVLP201m_d,DNa02,1,1,1,7
LC4,OA-VUMa4,DNg88,2,2,4,7
LPLC2,AVLP711m,DNg98,3,3,281,7
LC4,LoVP89,DNae007,1,1,1,7
LPLC2,GNG300,DNg47,2,3,1016,7
LPLC2,AVLP016,DNpe018,1,2,2,7
LPLC2,GNG300,DNg57,2,4,1266,7
LC4,PLP256,DNpe056,2,2,27,7
LC4,AVLP490,DNp30,1,1,1,7
LC4,AVLP093,DNp42,2,2,4,7
LPLC2,CB4163,DNpe039,2,3,299,7
LPLC2,,DNpe039,3,3,11,7
LC4,OA-VUMa4,DNg09_a,2,5,10,7
LC4,OA-VUMa4,DNg02_b,2,5,10,7
LPLC2,AVLP076,DNp64,2,2,12,7
LC4,LAL026_b,DNpe023,1,1,42,7
LPLC2,5-HTPMPV03,DNg92_b,2,5,33,7
LC4,OA-VUMa4,DNg04,2,5,10,7
LC4,LoVP33,DNp16_a,1,1,1,7
LC4,LoVP33,DNp70,1,2,2,7
LC4,PVLP034,DNp01,1,2,2,7
LC4,LoVP92,DNa13,2,2,2,7
LC4,PLP211,DNpe027,2,3,26,7
LPLC2,PVLP137,DNg108,2,4,648,7
LPLC2,CL367,DNp46,1,2,14,7
LC4,SAD014,DNp06,2,2,24,7
LC4,WED116,DNpe045,1,2,328,7
LC4,PLP211,DNp67,2,4,34,7
LC4,SAD011,DNpe042,3,3,131,7
LPLC2,CL203,DNge035,1,2,2,7
LC4,OA-VUMa4,DNge086,2,3,6,7
LPLC2,GNG300,DNg86,2,2,633,7
LC4,WED124,DNbe004,1,1,9,7
LC4,CB1958,DNa15,3,3,305,7
LPLC2,CB4163,DNp01,3,3,331,7
LPLC2,GNG300,DNge036,2,4,1266,7
LC4,AVLP476,DNp45,1,1,6,7
LC4,CB3544,DNp70,2,3,767,7
LPLC2,CB0115,pIP1,3,3,84,7
LPLC2,CL131,DNp19,1,2,2,7
LC4,LoVP50,DNg01_b,1,1,9,7
LC4,AVLP490,DNpe025,1,1,1,7
LPLC2,LoVP93,DNg01_c,4,4,91,6
LC4,PLP256,CB0429,2,2,27,6
LC4,PVLP027,DNp69,2,3,44,6
LC4,PVLP014,DNpe043,1,2,4,6
LC4,AVLP016,DNp27,2,3,173,6
LC4,PVLP010,DNpe021,2,2,2176,6
LC4,PPM1203,DNp30,1,2,12,6
LPLC2,PVLP010,DNpe021,2,2,32,6
LPLC2,AVLP711m,DNp45,2,2,210,6
LPLC2,SAD044,DNge180,1,1,1,6
LPLC2,AVLP610,DNp43,2,2,8,6
LC4,PLP256,DNge141,2,2,27,6
LC4,PVLP068,DNpe052,3,3,113,6
LPLC2,AVLP039,DNp49,1,1,1,6
LC4,CB2153,DNge111,1,1,2,6
LPLC2,SAD013,DNge184,2,2,165,6
LC4,PVLP062,DNp64,2,3,19,6
LPLC2,AVLP476,DNg29,1,1,7,6
LC4,PLP300m,DNg102,2,4,24,6
LPLC2,CB1108,DNp71,1,1,8,6
LPLC2,AVLP285,MDN,1,1,5,6
LC4,CB1932,DNpe052,3,4,239,6
LC4,PVLP011,DNpe025,2,2,1011,6
LC4,PLP099,DNp59,1,1,11,6
LPLC2,PLP060,DNp54,1,1,11,6
LPLC2,AVLP314,DNpe043,1,2,2,6
LC4,PLP301m,DNg97,1,1,2,6
LC4,PVLP014,DNpe026,1,1,2,6
LPLC2,AVLP037,DNpe045,1,1,2,6
LPLC2,LoVP23,DNp57,3,4,25,6
LC4,CB0206,DNb09,1,2,4,6
LC4,AVLP120,DNd04,1,1,1,6
LPLC2,LoVP92,DNg90,4,4,54,6
LPLC2,PLP211,DNp12,2,3,240,6
LPLC2,AVLP711m,DNg13,1,2,84,6
LPLC2,CB1108,DNp45,1,2,16,6
LPLC2,AVLP040,DNp11,1,1,3,6
LPLC2,VST1,DNge088,2,2,2,6
LPLC2,AVLP259,DNp64,3,3,349,6
LC4,PVLP093,DNg56,2,2,44,6
LPLC2,AVLP449,,1,1,1,6
LC4,PVLP010,DNp29,2,2,2176,6
LC4,PVLP123,DNa14,2,2,76,6
LC4,PVLP011,DNbe001,2,2,1011,6
LC4,AVLP076,DNpe025,1,1,1,6
LC4,AVLP204,DNp66,3,4,27,6
LPLC2,PLP230,DNge183,1,1,24,6
LPLC2,PS357,DNg02_d,1,2,18,6
LC4,CB1932,DNge144,1,1,21,6
LPLC2,LoVP92,DNae002,3,4,22,6
LC4,PVLP026,DNpe042,2,3,460,6
LC4,AVLP610,DNge138,2,3,140,6
LC4,AVLP204,DNp35,1,1,9,6
LC4,PLP249,DNp35,2,2,18,6
LPLC2,PS171,DNb08,1,2,6,6
LC4,PLP300m,DNge054,3,3,19,6
LPLC2,PLP211,DNpe025,2,4,310,6
LPLC2,AVLP610,DNpe020,2,3,14,6
LC4,PVLP122,DNg02_d,2,2,2292,6
LC4,PVLP013,DNp66,1,1,23,6
LPLC2,AVLP476,DNp64,1,1,7,6
LPLC2,PVLP010,DNp29,2,2,32,6
LC4,PPM1203,DNp35,1,1,6,6
LC4,PVLP025,DNp71,2,4,52,6
LPLC2,LoVP86,DNae007,1,1,1,6
LC4,AVLP076,DNpe043,1,1,1,6
LC4,CB1932,DNp11,2,2,56,6
LPLC2,PVLP010,DNp30,2,3,51,6
LC4,PVLP028,DNp06,2,4,22,6
LPLC2,AVLP449,DNp64,1,1,1,6
LC4,PVLP122,DNp23,3,4,3300,6
LPLC2,AVLP610,DNge138,2,3,14,6
LPLC2,AVLP037,DNp64,1,1,2,6
LPLC2,PLP219,DNae003,1,1,400,6
LPLC2,AVLP705m,DNp06,1,1,1,6
LPLC2,AVLP040,DNpe027,1,1,3,6
LC4,CB1932,DNp03,4,4,111,6
LPLC2,VSm,DNge013,2,2,7,6
LC4,AVLP610,DNp43,2,2,105,6
LPLC2,AVLP476,DNp06,1,1,7,6
LC4,PVLP010,DNp30,2,3,3414,6
LPLC2,AVLP201,DNp38,2,2,15,6
LC4,PLP300m,DNge147,2,2,17,6
LC4,PVLP096,DNp11,1,1,7,6
LC4,PVLP024,DNp103,2,3,7475,6
LC4,PLP211,DNp59,2,3,25,6
LPLC2,AVLP531,DNp49,2,2,4635,6
LPLC2,AVLP531,DNp54,2,2,4635,6
LC4,AVLP610,DNpe020,2,3,140,6
LC4,PLP209,DNg35,1,1,1,6
LPLC2,SAD073,DNg74_a,1,1,22,6
LC4,PLP209,DNg92_b,1,2,2,6
LC4,AVLP149,,3,3,80,6
LPLC2,AVLP531,DNp64,2,2,4635,6
LC4,AVLP076,DNg104,1,1,1,6
LPLC2,LoVP53,DNge127,2,2,87,6
LPLC2,AVLP531,DNp70,1,2,6050,6
LPLC2,SAD049,DNg24,2,2,40,6
LC4,PS180,DNg82,1,3,6,6
LC4,CB1314,DNp04,2,2,7,6
LPLC2,AVLP016,DNp46,1,1,1,6
LPLC2,WED029,DNp06,3,3,13,6
LPLC2,AVLP398,DNpe025,1,1,1,6
LPLC2,AVLP398,DNp71,1,1,1,6
LPLC2,SAD049,DNg82,1,1,30,6
LPLC2,AVLP572,DNp45,1,1,1,6
LPLC2,PLP093,DNb07,1,1,10,6
LC4,AVLP201,DNp38,2,2,10,6
LC4,PVLP065,DNp104,2,4,44,6
LPLC2,AVLP016,DNp29,1,2,2,6
LPLC2,AVLP577,DNp45,1,1,7,6
LPLC2,PPM1203,DNp30,1,2,6,6
LPLC2,PPM1203,DNp35,1,1,3,6
LC4,AVLP280,DNp70,1,1,1,6
LPLC2,PLP219,DNp69,3,4,141,6
LPLC2,VST2,DNg46,2,2,2,6
LC4,AVLP016,DNpe001,2,2,115,6
LC4,PS304,DNge013,1,1,1,6
LC4,PLP211,DNpe025,2,4,34,6
LC4,PVLP065,DNp69,2,2,22,6
LC4,PS112,DNp73,1,1,2,6
LPLC2,AVLP078,DNpe031,2,3,232,6
LPLC2,AVLP078,DNp70,2,3,278,6
LPLC2,LoVP53,DNge121,1,1,45,6
LC4,PVLP021,DNp71,3,3,2325,6
LPLC2,PLP211,DNpe050,2,3,225,6
LC4,PLP209,DNp103,1,1,1,6
LPLC2,AVLP552,DNp70,2,2,3,6
LPLC2,SAD049,DNpe045,2,2,40,6
LPLC2,AVLP538,DNp34,2,2,40,6
LC4,PVLP076,DNp09,1,1,4,6
LPLC2,AVLP539,DNp35,1,1,1,6
LPLC2,AVLP076,DNpe056,2,2,12,6
LPLC2,PVLP012,DNp71,2,2,16,6
LPLC2,PS182,DNa07,1,1,3,6
LPLC2,SAD023,DNp11,3,3,39,6
LPLC2,AVLP539,DNp06,1,1,1,6
LPLC2,LoVP25,DNpe016,3,4,38,6
LPLC2,CB0128,DNp68,1,2,28,6
LPLC2,PVLP011,DNpe025,2,2,11623,6
LPLC2,AVLP538,DNpe045,2,2,40,6
LC4,PVLP066,DNp06,2,2,428,6
LPLC2,AVLP538,DNpe039,2,2,40,6
LPLC2,PS182,DNg02_a,1,3,9,6
LC4,AVLP605,DNge038,1,2,8,6
LC4,PS182,DNb09,2,2,6,6
LPLC2,AVLP538,DNpe024,2,2,40,6
LC4,PVLP034,DNpe025,2,3,6,6
LC4,PLP211,DNp12,2,3,25,6
LC4,AVLP094,DNp09,2,2,200,6
LPLC2,MeVC25,DNp30,2,3,914,6
LC4,PVLP066,DNp103,2,2,347,6
LPLC2,PLP211,DNa06,2,4,310,6
LC4,PS180,DNp63,1,2,4,6
LC4,PLP211,DNp45,2,3,26,6
LPLC2,AVLP076,DNpe040,2,2,12,6
LPLC2,AVLP552,DNa11,1,1,1,6
LPLC2,AVLP536,DNp64,1,1,1,6
LC4,CB1314,DNp70,2,2,7,6
LC4,AVLP201,DNpe042,1,1,2,6
LPLC2,CB0280,DNp04,1,1,1,6
LC4,PS181,DNg82,1,1,2,6
LPLC2,CB0280,DNp03,1,1,1,6
LPLC2,CB0128,DNg66,1,1,14,6
LC4,PLP211,DNa06,2,4,34,6
LC4,PS182,DNpe037,2,2,6,6
LC4,AVLP605,DNg74_b,1,2,8,6
LC4,AVLP280,DNp57,1,1,1,6
LPLC2,AVLP539,DNp66,1,1,1,6
LPLC2,AVLP076,DNpe043,1,1,3,6
LC4,AVLP093,DNp103,2,2,4,6
LC4,PLP211,DNpe050,2,3,26,6
LC4,CB1649,DNa07,1,2,2,6
LPLC2,AVLP320_b,DNp35,1,1,6,6
LC4,AVLP076,DNp11,1,1,1,6
LC4,PVLP094,DNpe052,1,1,9,6
LC4,PVLP126_a,DNp11,1,1,1,6
LC4,CB0440,DNp12,1,1,2,6
LC4,PLP230,DNge183,1,1,1,6
LPLC2,AVLP205,DNp71,2,2,17,6
LC4,CB1717,DNp01,1,1,5,6
LPLC2,AVLP430,DNpe053,1,1,77,6
LPLC2,PS208,DNge014,1,1,1,6
LPLC2,AVLP076,DNg30,2,3,15,6
LC4,PVLP031,DNp42,3,3,52,6
LC4,CB2153,DNg02_a,1,1,2,6
LPLC2,PS208,DNg42,1,2,2,6
LPLC2,CB0738,DNp30,1,1,3,6
LC4,PS002,DNg95,1,2,8,6
LC4,CB0738,DNp30,1,1,64,6
LC4,PVLP022,DNp12,3,3,2778,6
LPLC2,AVLP592,DNpe026,1,1,19,6
LC4,PVLP064,DNp55,3,3,434,6
LC4,AVLP120,DNpe021,1,1,1,6
LC4,PS112,DNg01_b,1,1,2,6
LC4,PVLP120,DNp66,2,2,266,6
LC4,PVLP074,DNp42,1,2,12,6
LC4,PLP249,DNa11,2,2,18,6
LC4,AVLP152,DNge054,2,2,24,6
LC4,PLP249,DNa07,2,2,18,6
LPLC2,AVLP016,DNd05,1,1,1,6
LC4,PVLP064,DNp30,4,4,867,6
LC4,PS306,DNp35,2,3,70,6
LC4,PVLP120,DNp68,2,2,266,6
LC4,PLP241,DNpe013,1,2,24,6
LPLC2,AVLP316,DNp36,3,4,168,6
LC4,PVLP120,DNp64,2,2,266,6
LPLC2,AVLP080,DNp02,2,2,31,6
LPLC2,CB0929,DNp45,3,3,54,6
LPLC2,PLP093,DNp02,1,1,10,6
LC4,PLP241,DNae009,1,2,24,6
LPLC2,LoVP50,DNp49,2,2,7,6
LC4,PLP241,DNa09,1,2,24,6
LC4,PVLP074,DNp69,1,1,6,6
LC4,PS306,DNg19,2,3,65,6
LPLC2,LoVP_unclear,DNae002,1,1,3,6
LPLC2,AVLP746m,DNp36,1,1,21,6
LC4,PS038,DNp09,4,4,4,6
LC4,PS038,DNp03,2,2,2,6
LC4,PLP219,DNae003,1,1,465,6
LC4,PVLP046,DNp66,4,4,497,6
LPLC2,LoVP85,DNa10,2,2,31,6
LPLC2,VSm,DNp12,2,2,12,6
LC4,AVLP149,DNp103,2,2,83,6
LC4,PVLP031,pIP1,3,3,52,6
LC4,PS304,pIP1,1,1,1,6
LC4,PVLP046,DNp05,1,1,176,6
LPLC2,SAD044,DNg56,1,1,1,6
LPLC2,SAD049,DNg01_b,1,1,10,6
LPLC2,AVLP429,DNp66,2,2,52,6
LC4,PS038,DNpe009,2,2,2,6
LC4,PLP208,DNp54,1,1,7,6
LPLC2,AVLP591,DNae008,2,2,17,6
LPLC2,AVLP577,DNpe052,2,2,24,6
LC4,PLP208,DNp71,2,2,8,6
LC4,CB1948,DNge184,2,2,3,6
LC4,PVLP017,DNp45,2,2,62,6
LC4,PVLP066,DNpe052,4,5,863,6
LC4,PS038,DNa16,3,3,7,6
LPLC2,AVLP016,DNpe037,1,1,1,6
LPLC2,PVLP011,DNbe001,2,2,11623,6
LC4,AVLP259,DNp64,3,3,1698,6
LPLC2,LoVP93,DNpe004,1,1,11,6
LPLC2,LoVP85,DNae008,2,3,42,6
LC4,PS002,DNp103,3,3,11,6
LPLC2,AVLP076,DNp12,2,2,12,6
LC4,AVLP605,DNge119,1,1,4,6
LPLC2,SAD049,DNpe040,2,2,40,6
LC4,PLP219,DNp69,3,4,681,6
LC4,PS306,DNbe001,2,3,65,6
LC4,PS306,DNb09,2,3,65,6
LC4,PVLP076,DNp66,2,2,9,6
LPLC2,PLP211,DNp45,2,3,225,6
LPLC2,AVLP429,DNpe025,2,2,52,6
LC4,AVLP085,DNp45,1,1,7,6
LPLC2,PLP211,DNp59,2,3,240,6
LPLC2,LoVP85,DNa11,2,2,31,6
LPLC2,AVLP538,DNp43,2,2,40,6
LPLC2,CB2472,DNp103,3,3,8,6
LPLC2,AVLP201,DNpe042,1,1,6,6
LPLC2,PLP018,DNg97,2,2,8,6
LC4,LoVP26,DNae009,1,2,2,6
LC4,LC31b,DNp70,4,5,119,6
LPLC2,CL213,DNg77,2,2,45,6
LPLC2,5-HTPMPV03,DNg46,2,2,12,6
LPLC2,LPC2,DNp27,6,6,7,6
LC4,LoVP18,DNpe037,4,4,14,6
LPLC2,PVLP061,DNp35,2,2,19,6
LPLC2,LPC2,DNb05,3,3,4,6
LC4,WED125,DNp11,3,3,867,6
LC4,LoVP18,DNp39,1,1,3,6
LC4,SAD106,DNg56,2,4,70,6
LC4,LoVP18,DNp36,2,2,5,6
LC4,LC35a,DNbe004,4,4,15,6
LC4,LoVP18,DNp19,3,3,6,6
LPLC2,PVLP203m,DNg97,1,1,2,6
LC4,5-HTPMPV03,DNge141,2,3,3,6
LPLC2,LLPC2,DNpe037,4,4,9,6
LC4,LC35a,DNp19,3,3,8,6
LC4,LoVP18,DNb01,2,2,4,6
LPLC2,CL213,DNg55,2,2,45,6
LC4,CB3588,DNg99,1,2,2,6
LPLC2,LoVC7,DNp49,2,3,3,6
LC4,AVLP542,DNp12,2,2,17,6
LC4,LoVP50,DNp49,2,2,15,6
LC4,LC23,DNpe017,4,4,81,6
LPLC2,CL203,DNg40,1,2,2,6
LPLC2,LPLC4,DNge107,2,2,148,6
LPLC2,5-HTPMPV03,DNg99,2,4,24,6
LC4,LC29,DNpe005,4,4,5,6
LPLC2,OA-VUMa4,DNge092,2,4,276,6
LPLC2,PVLP123,DNp71,4,4,205,6
LC4,CB3544,DNpe045,2,3,784,6
LPLC2,LoVC7,DNp57,2,2,2,6
LPLC2,LPLC4,DNa09,2,2,121,6
LC4,PVLP207m,DNp13,1,1,1,6
LC4,CL001,DNp36,1,2,2,6
LPLC2,CL203,DNp45,1,2,2,6
LPLC2,CL203,MDN,1,2,2,6
LPLC2,Y12,DNp11,4,4,5,6
LPLC2,PVLP046,DNp05,1,1,4,6
LC4,SAD106,DNp11,2,2,35,6
LPLC2,LoVC7,DNge054,2,4,4,6
LC4,LoVP109,DNd04,1,1,7,6
LC4,IB114,DNp27,2,3,624,6
LC4,LC35a,DNpe005,4,4,14,6
LPLC2,CL309,DNg02_b,1,2,4,6
LPLC2,LHAD1g1,DNpe031,2,2,2049,6
LC4,LoVCLo3,DNp07,2,3,35,6
LC4,CB3879,DNpe043,2,2,12,6
LC4,LoVCLo3,DNg56,2,3,35,6
LC4,LC39a,DNpe002,2,2,7,6
LPLC2,CL309,DNpe010,1,2,4,6
LPLC2,CL309,DNpe024,1,2,4,6
LC4,WED127,DNae007,2,2,104,6
LC4,LC6,DNpe031,2,2,2,6
LPLC2,PVLP064,DNp30,4,4,15,6
LPLC2,PVLP064,DNp55,3,3,14,6
LPLC2,CL319,DNae001,2,2,2,6
LPLC2,LHAD1g1,DNg30,2,3,3023,6
LC4,LHAD1g1,DNg30,2,3,877,6
LC4,AN09B023,DNa07,1,1,3,6
LC4,CB4101,DNa13,3,5,31,6
LC4,SAD073,DNpe021,3,3,12,6
LPLC2,WED210,DNp08,1,2,2,6
LC4,LoVCLo3,DNp45,2,3,43,6
LPLC2,CL303,DNae007,1,2,2,6
LC4,SAD013,DNde002,2,2,198,6
LPLC2,5-HTPMPV03,DNg03,2,6,42,6
LC4,SAD011,DNp69,2,2,71,6
LPLC2,CL286,DNd03,2,2,25,6
LPLC2,CL286,DNge046,2,2,25,6
LC4,LC35b,DNg82,1,2,6,6
LC4,SAD011,DNpe045,1,1,60,6
LPLC2,5-HTPMPV03,DNg05_b,2,5,27,6
LC4,LoVP101,DNge062,1,1,3,6
LPLC2,5-HTPMPV03,DNg05_a,2,2,12,6
LC4,LC35b,DNp19,1,1,3,6
LC4,CB4248,DNp103,2,3,16,6
LC4,CB4248,DNp73,2,2,2,6
LC4,WED125,DNpe045,2,2,598,6
LPLC2,LoVC6,DNg02_c,1,3,6,6
LC4,LoVCLo3,pIP1,2,3,35,6
LPLC2,PVLP062,DNp64,2,3,11,6
LC4,LoVCLo3,DNpe031,2,4,60,6
LPLC2,Tm3,DNp27,2,3,3,6
LC4,LC36,DNp18,2,2,3,6
LC4,LC23,DNp47,3,3,33,6
LC4,WED125,DNge037,2,2,598,6
LC4,LC23,DNp12,2,2,5,6
LC4,SAD106,DNpe056,2,2,35,6
LC4,CB3376,DNa13,2,3,7,6
LPLC2,CL022_c,DNp68,1,1,1,6
LC4,LAL300m,DNa15,2,2,60,6
LC4,TmY3,DNp11,4,4,4,6
LC4,WED124,DNg111,2,2,17,6
LC4,MeVC25,DNp30,2,3,856,6
LPLC2,CL022_c,DNpe045,1,1,1,6
LPLC2,PVLP031,DNp42,3,3,15,6
LPLC2,LoVCLo3,DNp45,2,3,230,6
LC4,MeLo12,DNp11,5,5,13,6
LPLC2,LoVC15,DNg01_b,4,4,7,6
LC4,PVLP201m_a,DNge050,1,2,8,6
LC4,LoVP93,DNpe004,1,1,7,6
LPLC2,PVLP031,pIP1,3,3,15,6
LC4,CB3376,DNg111,2,2,4,6
LPLC2,CL053,DNge014,1,1,30,6
LPLC2,LPT27,DNb05,1,1,1,6
LPLC2,CL053,DNge049,2,2,44,6
LPLC2,CL053,DNge084,1,1,30,6
LC4,5-HTPMPV03,DNg05_b,2,5,5,6
LC4,WED124,DNb07,2,3,26,6
LC4,5-HTPMPV03,DNg05_a,2,2,2,6
LPLC2,PVLP128,DNg02_f,3,3,8,6
LC4,IB114,DNp54,2,3,624,6
LPLC2,WED072,DNpe025,2,2,9,6
LC4,VES023,DNp67,1,2,4,6
LC4,CL053,DNb09,1,2,2,6
LPLC2,LPT50,"DNp51,DNpe019",1,2,122,6
LC4,MeVP17,DNp66,1,1,1,6
LC4,CL053,DNa16,1,1,1,6
LPLC2,LPT50,DNp16_b,2,2,113,6
LC4,LAL026_b,CB0429,1,1,42,6
LPLC2,LPT31,DNpe008,4,4,9,6
LPLC2,Li25,DNp27,4,4,4,6
LPLC2,LPT49,DNge043,2,2,6,6
LC4,LAL026_b,DNp18,1,1,42,6
LC4,LAL026_b,DNp34,1,1,42,6
LC4,CB3302,DNpe045,1,1,15,6
LPLC2,CL022_c,DNp11,1,1,1,6
LC4,LAL026_b,DNpe002,1,1,42,6
LC4,5-HTPMPV03,DNg03,2,6,6,6
LC4,LoVP93,DNg01_c,4,4,77,6
LPLC2,CL053,DNge138,2,2,44,6
LPLC2,PVLP126_a,DNp11,1,1,13,6
LC4,LoVP53,DNge127,2,2,37,6
LC4,WED125,DNae009,2,3,891,6
LPLC2,PVLP216m,DNp101,2,2,4,6
LPLC2,PVLP034,DNp66,3,3,26,6
LC4,CB3513,DNp69,4,5,2640,6
LC4,LC22,DNa04,5,5,10,6
LC4,CB3513,DNp71,2,2,1355,6
LPLC2,LoVC15,DNpe002,2,2,2,6
LPLC2,CL140,DNpe045,2,2,209,6
LC4,LoVP53,DNge121,1,1,16,6
LC4,LoVP85,DNa11,2,2,606,6
LPLC2,TmY21,DNp27,6,6,10,6
LC4,5-HTPMPV03,DNg99,2,4,4,6
LPLC2,LPLC4,DNp18,3,3,134,6
LC4,CL001,DNpe056,1,1,1,6
LPLC2,WED104,DNg24,2,3,128,6
LPLC2,LPLC4,DNp08,4,4,182,6
LC4,LC23,DNp104,2,2,14,6
LC4,LoVP50,DNpe003,5,5,28,6
LC4,LoVP85,DNa10,2,2,606,6
LC4,LoVP85,DNae008,2,3,910,6
LPLC2,PVLP034,DNa11,5,5,44,6
LPLC2,PVLP034,DNp03,2,2,17,6
LPLC2,5-HTPMPV03,DNge141,2,3,21,6
LC4,LoVP92,DNp13,1,1,4,6
LPLC2,LoVCLo3,DNp07,2,3,247,6
LC4,LoVP92,DNbe003,2,3,3,6
LPLC2,CL053,DNpe026,1,2,60,6
LPLC2,LPT22,DNb01,2,2,50,6
LC4,LC16,DNp27,5,5,6,6
LC4,5-HTPMPV03,DNg46,2,2,2,6
LPLC2,OA-VUMa4,DNg91,2,3,197,6
LPLC2,LoVC15,DNp03,2,2,4,6
LPLC2,CL131,DNp57,1,2,2,6
LPLC2,LoVCLo3,DNg56,2,3,247,6
LPLC2,CL131,DNpe045,1,1,1,6
LPLC2,CL140,DNa10,2,3,290,6
LC4,Tm36,DNp27,1,1,1,6
LPLC2,LPT114,DNp103,3,3,6,6
LC4,PVLP201m_d,DNg109,1,2,2,6
LPLC2,CL140,DNp04,2,2,209,6
LC4,LHAD1g1,DNpe031,2,2,555,6
LC4,LoVC7,DNp57,2,2,23,6
LC4,SAD073,DNp59,3,5,21,6
LC4,AN01A055,DNge079,1,2,2,6
LPLC2,PVLP093,DNg56,2,2,704,6
LC4,CL140,DNpe045,2,2,434,6
LPLC2,HSS,DNa03,2,2,10,6
LPLC2,,DNge033,1,1,29,6
LC4,SAD055,DNg40,2,3,132,6
LC4,SAD055,DNg24,2,2,99,6
LC4,AN07B004,DNpe008,2,3,9,6
LC4,CB4103,DNg71,3,3,114,6
LPLC2,Tlp11,DNp27,5,5,10,6
LC4,LT60,DNp103,1,2,586,6
LPLC2,PVLP112,DNpe031,2,3,1202,6
LC4,SAD044,DNp104,2,2,7,6
LPLC2,IB114,DNbe002,2,2,545,6
LPLC2,LC13,DNp27,6,6,8,6
LPLC2,,DNg30,4,4,320,6
LPLC2,LoVC22,DNg100,4,4,13,6
LC4,AVLP502,DNpe031,1,3,6,6
LPLC2,IB114,DNp103,2,3,697,6
LC4,CB4102,DNp18,3,4,275,6
LC4,CB4102,DNg71,2,2,38,6
LPLC2,WED117,DNp01,1,1,1,6
LC4,CB4118,DNp01,2,2,9,6
LC4,LoVC15,DNg01_b,4,4,19,6
LC4,AN01A055,DNge104,1,2,2,6
LPLC2,OA-VUMa4,DNpe031,2,4,276,6
LC4,AN01A055,DNge135,1,1,1,6
LPLC2,OLVC5,DNg105,1,1,1,6
LPLC2,LoVC22,DNp102,2,3,13,6
LPLC2,LC22,DNbe007,4,4,20,6
LPLC2,PVLP114,DNg109,1,2,92,6
LC4,SAD044,DNg109,1,1,3,6
LPLC2,PVLP114,DNbe003,1,1,46,6
LPLC2,PVLP082,pIP1,1,1,2,6
LPLC2,UNKNOWN,DNp70,5,5,29,6
LPLC2,PVLP080_b,DNpe025,3,3,6,6
LC4,AVLP396,DNp35,1,1,3,6
LPLC2,PVLP080_b,DNpe052,3,3,6,6
LPLC2,LoVC18,DNge149,3,3,18,6
LC4,CB4118,DNp06,3,3,11,6
LPLC2,Tlp12,DNp27,6,6,12,6
LC4,LoVC13,DNp02,1,1,8,6
LPLC2,IB114,DNp27,2,3,697,6
LPLC2,LC11,DNp11,3,3,9,6
LPLC2,IB114,DNp54,2,3,938,6
LPLC2,LoVC18,DNp66,2,3,19,6
LPLC2,LAL136_b,DNp103,1,1,2,6
LC4,LT77,DNge124,1,1,1,6
LC4,SAD049,DNpe045,2,2,108,6
LPLC2,LAL026_b,DNpe002,1,1,2,6
LPLC2,PVLP108,DNp103,1,1,1,6
LPLC2,,DNc02,3,3,13,6
LC4,CB4103,DNae007,2,2,47,6
LC4,LT82a,DNp09,1,1,158,6
LPLC2,LAL026_b,DNp34,1,1,2,6
LC4,SAD049,DNg82,1,1,57,6
LPLC2,LAL026_b,DNp18,1,1,2,6
LC4,SAD049,DNpe040,2,2,108,6
LPLC2,,DNb04,3,4,77,6
LC4,LT81,DNpe002,2,2,3,6
LC4,LT81,DNp57,2,3,5,6
LPLC2,LAL026_b,CB0429,1,1,2,6
LC4,CB4103,DNa15,3,3,95,6
LC4,AN07B004,DNge039,1,2,6,6
LC4,AVLP429,DNp66,2,2,409,6
LPLC2,PVLP111,DNp35,4,4,5046,6
LC4,AVLP502,DNpe045,1,2,4,6
LC4,AVLP429,DNpe025,2,2,409,6
LC4,LT62,DNp35,2,3,23,6
LC4,CB4102,DNp63,3,3,157,6
LC4,CB4103,DNg02_d,2,2,75,6
LPLC2,LoVC22,DNb08,4,5,18,6
LPLC2,PVLP100,DNb05,1,1,1,6
LPLC2,LAL016,DNae010,1,1,77,6
LPLC2,LoVC18,DNp45,4,4,21,6
LC4,LT85,DNge135,1,1,1,6
LPLC2,PVLP209m,DNde002,2,3,27,6
LPLC2,LoVC18,DNpe056,4,4,21,6
LPLC2,LAL016,DNpe022,1,1,77,6
LC4,LT83,DNp30,2,2,16,6
LC4,LT64,DNp36,2,2,2,6
LPLC2,PVLP100,DNp07,1,1,1,6
LC4,SAD049,DNg01_b,1,1,51,6
LC4,AN07B004,DNg11,2,3,9,6
LC4,SAD049,DNg24,2,2,108,6
LPLC2,LAL301m,DNae005,2,2,58,6
LPLC2,,DNp14,2,2,7,6
LPLC2,GNG300,DNp103,2,3,883,6
LC4,AVLP451,DNpe053,1,2,2,6
LPLC2,LoVC22,DNp19,4,4,13,6
LC4,LPLC4,DNb09,4,4,5,6
LC4,LPLC4,DNg111,4,4,4,6
LC4,LPLC4,DNg91,4,4,12,6
LC4,SAD013,DNge184,2,2,198,6
LC4,LPLC4,DNge107,2,2,5,6
LPLC2,5-HTPLP01,DNp71,2,2,5,6
LC4,CB4176,DNge039,3,3,12,6
LC4,LoVC22,DNp41,2,5,7,6
LPLC2,CL365,DNp70,1,2,4,6
LC4,CB4176,DNg30,3,4,16,6
LC4,LoVC22,DNp102,2,3,4,6
LPLC2,PVLP122,DNp23,3,4,746,6
LPLC2,LC35a,DNpe005,4,4,27,6
LC4,CB4176,DNg09_a,4,4,10,6
LC4,CB4163,DNpe042,1,1,15,6
LPLC2,LoVC22,DNpe045,3,3,12,6
LC4,5-HTPMPV03,aSP22,2,4,4,6
LC4,WED166_d,DNd03,2,2,2,6
LPLC2,LC35a,DNp19,3,3,16,6
LC4,CB4101,DNg43,3,3,15,6
LPLC2,PVLP070,CB0429,1,1,27,6
LC4,LPLC4,DNa09,2,2,3,6
LC4,CB4176,aSP22,1,2,2,6
LC4,LoVC7,DNp49,2,3,35,6
LPLC2,PVLP066,DNp06,2,2,11,6
LPLC2,PVLP066,DNp103,2,2,11,6
LC4,LoVC7,DNge054,2,4,46,6
LC4,LLPC1,DNb09,2,2,2,6
LPLC2,LC39a,DNae009,2,2,6,6
LC4,LLPC1,DNpe005,5,5,5,6
LC4,LLPC2,DNae002,3,3,4,6
LC4,AN09B016,DNp30,1,2,2,6
LC4,LPLC1,DNpe056,5,5,6,6
LPLC2,PVLP066,DNpe052,4,5,23,6
LPLC2,5-HTPMPV03,DNae006,2,4,24,6
LC4,CB4176,DNp63,1,1,7,6
LC4,AN09B016,DNp11,1,1,1,6
LPLC2,CL319,DNpe056,2,2,2,6
LC4,LPC1,DNp11,1,1,1,6
LC4,CB4176,DNp10,4,4,12,6
LPLC2,5-HTPLP01,DNpe056,2,2,5,6
LPLC2,PVLP122,DNg02_d,2,2,378,6
LPLC2,CL367,DNbe007,1,1,7,6
LPLC2,LC35a,DNbe004,4,4,26,6
LPLC2,LC23,DNp104,2,2,8,6
LC4,LoVC18,DNge135,1,1,4,6
LPLC2,PVLP076,DNp09,1,1,758,6
LC4,AVLP430,DNpe053,1,1,215,6
LPLC2,PVLP114,DNpe020,1,1,46,6
LPLC2,LoVC22,DNp70,3,4,12,6
LPLC2,LoVC22,DNp59,3,3,7,6
LPLC2,PVLP076,DNp66,2,2,1338,6
LC4,AVLP531,DNpe005,1,1,9,6
LC4,AN01A055,DNg86,1,2,2,6
LC4,LT1d,DNp35,2,2,19,6
LC4,AVLP531,DNp70,1,2,18,6
LPLC2,GNG300,DNge133,2,4,1266,6
LPLC2,PVLP080_a,DNp09,1,1,5,6
LC4,SAD023,DNp11,3,3,246,6
LC4,CB4162,DNp45,2,2,10,6
LPLC2,,DNp42,3,3,54,6
LC4,AVLP396,DNae008,1,1,3,6
LPLC2,PVLP114,DNge053,1,2,92,6
LPLC2,GNG300,DNg69,1,2,766,6
LPLC2,MeVPLp1,DNpe015,2,4,8,6
LPLC2,,aSP22,2,3,645,6
LPLC2,PVLP120,DNp68,2,2,1104,6
LC4,AVLP342,DNg30,1,2,2,6
LPLC2,WED108,DNpe021,1,1,7,6
LPLC2,CL367,DNge138,1,1,7,6
LPLC2,LC31b,DNp70,4,5,629,6
LPLC2,PVLP074,DNpe031,3,4,613,6
LC4,AMMC-A1,DNp35,5,5,8946,6
LC4,AVLP451,DNpe021,1,1,1,6
LC4,AMMC-A1,DNpe042,3,4,7919,6
LPLC2,CL367,DNp66,1,2,14,6
LC4,LoVC18,DNp101,1,2,8,6
LPLC2,PVLP120,DNp66,2,2,1104,6
LPLC2,PVLP120,DNp64,2,2,1104,6
LC4,WED187,DNg29,1,2,2,6
LC4,LoVC18,DNp35,1,1,4,6
LPLC2,LC29,DNp57,2,2,9,6
LPLC2,,DNpe020,2,4,18,6
LC4,WED187,DNge184,1,2,2,6
LPLC2,LC29,DNp27,3,3,7,6
LPLC2,PVLP128,DNpe045,2,2,9,6
LPLC2,CL140,pIP1,1,1,128,6
LPLC2,PVLP107,DNp04,1,1,1,6
LPLC2,LT78,aSP22,3,3,5,6
LC4,OA-VUMa4,DNpe031,2,4,8,6
LPLC2,LPi2e,DNp27,6,6,8,6
LC4,WED047,DNp103,1,1,6,6
LC4,GNG343,DNge065,2,3,17,6
LC4,CB2664,DNp12,2,2,109,6
LC4,,MDN,2,5,1468,6
LC4,AVLP594,DNp24,1,2,2,6
LPLC2,TmY14,DNp30,6,6,7,6
LPLC2,AOTU034,DNp54,2,2,34,6
LPLC2,LT84,DNp46,2,2,3,6
LPLC2,PVLP022,DNp12,3,3,874,6
LC4,OCG02b,DNg82,2,3,3,6
LC4,WED072,DNg108,2,3,3,6
LPLC2,PVLP141,DNge046,2,3,63,6
LC4,CB2940,DNpe024,1,1,17,6
LC4,WED046,DNp12,1,1,9,6
LPLC2,LT1d,DNp35,2,2,11,6
LPLC2,LoVP18,DNg49,2,2,2,6
LC4,AVLP320_b,DNp35,1,1,25,6
LC4,PVLP137,DNpe040,2,3,1420,6
LC4,WED106,DNp10,3,3,8,6
LC4,PLP029,DNp34,2,2,562,6
LPLC2,PVLP018,DNp35,1,2,16,6
LPLC2,LT83,DNp30,2,2,10,6
LPLC2,CB1934,DNpe021,1,1,1,6
LPLC2,LT60,DNp103,1,2,16,6
LC4,OCG02b,DNpe026,2,2,2,6
LPLC2,CB1934,DNpe045,1,1,1,6
LC4,PVLP137,DNbe003,2,2,855,6
LC4,CB2664,DNp69,2,3,207,6
LPLC2,CB1932,DNp11,2,2,3,6
LPLC2,CB2940,DNp12,2,2,23,6
LPLC2,LT62,DNp35,2,3,16,6
LC4,CL140,DNa10,2,3,660,6
LPLC2,LT64,DNp36,2,2,3,6
LPLC2,WED072,DNp45,2,2,17,6
LC4,AVLP593,DNge129,1,2,6,6
LPLC2,VS,DNge097,3,3,11,6
LC4,OA-VUMa4,DNge092,2,4,8,6
LPLC2,PVLP144,DNpe020,2,2,10,6
LC4,AN27X011,DNge050,1,2,4,6
LC4,GNG506,DNg09_b,1,1,1,6
LPLC2,CB4162,DNp35,2,3,56,6
LPLC2,CB4162,DNp34,3,3,143,6
LPLC2,TmY14,DNp27,5,5,5,6
LC4,GNG506,DNg09_a,1,1,1,6
LPLC2,CB4116,DNp27,1,2,24,6
LPLC2,AMMC-A1,DNp35,5,5,347,6
LC4,WED072,DNp27,2,2,3,6
LC4,GNG506,DNde002,1,1,1,6
LPLC2,CB4102,DNp07,2,3,17,6
LPLC2,LT85,DNge135,1,1,1,6
LC4,PLP034,DNp102,2,2,305,6
LC4,PVLP130,DNp46,2,2,1944,6
LC4,CB3024,DNp01,1,1,1,6
LPLC2,MeVP18,DNp42,5,5,39,6
LC4,AN27X011,DNp09,1,1,2,6
LPLC2,PVLP141,DNp09,1,1,29,6
LC4,CL053,DNpe026,1,2,2,6
LPLC2,WED060,pIP1,2,2,37,6
LC4,PVLP141,DNae001,2,2,1539,6
LC4,GNG343,DNge136,2,2,11,6
LPLC2,AMMC-A1,DNpe042,3,4,222,6
LC4,CB2940,DNp64,2,2,55,6
LPLC2,CB3544,DNpe045,2,3,20,6
LC4,CL367,DNbe007,1,1,5,6
LPLC2,WED072,DNbe001,2,2,8,6
LC4,ANXXX109,DNg45,2,4,40,6
LPLC2,AN27X011,DNpe020,1,2,2,6
LC4,OLVC5,DNg105,1,1,1,6
LC4,GNG300,DNge133,2,4,288,6
LC4,OLVC5,DNge141,1,1,1,6
LPLC2,LoVP12,DNpe024,1,1,2,6
LC4,WED069,DNg71,1,1,1,6
LC4,CL367,DNp02,2,4,22,6
LPLC2,LT51,DNge123,4,5,49,6
LPLC2,LT47,DNge041,1,1,2,6
LPLC2,PVLP137,DNpe040,2,3,460,6
LPLC2,LT51,DNa04,3,3,33,6
LC4,WED107,DNp57,2,3,17,6
LC4,PLP019,DNg01_c,1,1,1,6
LPLC2,SAD073,DNp03,1,1,22,6
LPLC2,AN27X011,DNge050,1,2,2,6
LC4,PLP018,DNb01,2,2,16,6
LPLC2,PVLP141,DNae001,2,2,46,6
LPLC2,CB2940,DNg32,2,2,23,6
LC4,GNG300,DNg69,1,2,168,6
LC4,CB2940,DNg32,2,2,55,6
LPLC2,LoVP109,DNd04,1,1,17,6
LC4,PLP019,DNae002,1,1,1,6
LPLC2,CB2940,DNpe024,1,1,4,6
LPLC2,CB2940,DNp64,2,2,23,6
LPLC2,LT51,DNg109,4,4,23,6
LC4,AVLP476,DNp64,1,1,6,6
LC4,CL128a,DNa09,3,3,72,6
LPLC2,AN27X011,DNp09,1,1,1,6
LC4,CL367,DNg97,2,3,16,6
LC4,OLVC5,DNa06,1,1,1,6
LC4,CL066,DNge138,1,2,6,6
LPLC2,LT82a,DNp09,1,1,20,6
LC4,GNG340,DNpe030,1,2,18,6
LPLC2,Nod5,DNg41,2,3,12,6
LC4,AN27X011,DNpe020,1,2,4,6
LPLC2,PVLP150,DNpe050,1,1,157,6
LC4,AVLP476,DNg29,1,1,6,6
LPLC2,LoVP18,DNb05,2,2,2,6
LPLC2,CB2371,DNp103,1,1,29,6
LPLC2,MeVP18,DNg56,2,2,16,6
LC4,GNG340,DNg29,1,2,18,6
LPLC2,PVLP150,DNpe042,2,2,199,6
LC4,CL066,DNp31,1,1,3,6
LPLC2,CB3513,DNp71,2,2,79,6
LPLC2,CB3513,DNp69,4,5,167,6
LC4,PLP019,pIP1,1,1,1,6
LC4,PVLP137,DNge149,2,2,855,6
LC4,WED107,DNbe001,2,2,9,6
LC4,CL128a,DNp27,3,5,217,6
LPLC2,PVLP137,DNge149,2,2,324,6
LPLC2,WED072,DNbe007,3,3,18,6
LC4,CB2676,DNp103,2,3,22,6
LC4,CB2940,DNp12,2,2,55,6
LPLC2,AOTU032,DNbe001,2,2,19,6
LC4,PLP019,DNp69,1,1,1,6
LC4,PLP019,DNp34,1,1,1,6
LC4,GNG300,DNp103,2,3,204,6
LPLC2,CB3411,DNp55,1,2,8,6
LPLC2,PVLP021,DNp71,3,3,29,6
LPLC2,SAD013,DNde002,2,2,165,6
LC4,PLP019,DNp18,1,1,1,6
LC4,CL140,DNp04,2,2,434,6
LC4,AOTU032,DNbe001,2,2,35,6
LC4,WED029,DNpe045,2,2,14,6
LC4,CB2371,DNp29,1,1,44,6
LC4,CL053,DNg92_a,1,2,2,6
LPLC2,OA-VUMa4,DNde003,2,5,335,6
LC4,OA-VUMa4,DNde003,2,5,10,6
LC4,CL286,DNp05,1,1,1,6
LC4,CL286,DNpe053,1,2,2,6
LC4,AVLP016,DNg27,2,3,172,6
LC4,CB2664,DNbe001,2,2,109,6
LPLC2,LPT59,DNg106,2,5,47,6
LC4,OA-VUMa4,DNg03,2,5,10,6
LC4,CL053,DNge084,1,1,1,6
LC4,PLP060,DNg82,2,3,103,6
LPLC2,LT77,DNge124,1,1,2,6
LPLC2,LoVP101,DNa08,2,2,5,6
LPLC2,LPT59,DNg08,1,4,44,6
LPLC2,LT86,DNpe005,1,1,2,6
LC4,AVLP572,DNpe045,1,2,2,6
LPLC2,PLP034,DNp54,1,1,3,6
LC4,PLP074,DNae008,1,1,2,6
LPLC2,LoVCLo3,DNpe031,2,4,301,6
LC4,PVLP141,DNge046,2,3,2352,6
LPLC2,PVLP025,DNp71,2,4,36,6
LPLC2,CB1688,DNp66,2,2,186,6
LPLC2,LoVP21,DNg92_a,2,2,4,6
LC4,PVLP128,DNpe045,2,2,5,6
LPLC2,MeVP18,DNpe031,3,4,21,6
LPLC2,PVLP027,DNp69,2,3,52,6
LC4,PVLP141,DNp09,1,1,726,6
LC4,PLP060,DNpe002,2,2,57,6
LPLC2,LPT59,DNp41,1,2,14,6
LC4,IB114,DNbe002,2,2,416,6
LPLC2,CB1688,aSP22,2,2,186,6
LPLC2,CB1717,DNp01,1,1,2,6
LC4,CL053,DNge014,1,1,1,6
LC4,PLP093,DNg02_d,1,1,123,6
LC4,WED106,DNg105,1,2,4,6
LC4,PLP060,DNpe021,2,2,57,6
LPLC2,PVLP130,DNp46,2,2,2601,6
LPLC2,CB1638,DNp35,2,2,91,6
LC4,WED104,DNde005,1,1,4,6
LC4,PLP074,DNp05,1,1,2,6
LC4,CL140,pIP1,1,1,208,6
LPLC2,LT85,DNpe053,1,1,1,6
LC4,WED117,DNg74_a,2,2,4,6
LPLC2,PVLP024,DNp103,2,3,72,6
LC4,AVLP476,DNp06,1,1,6,6
LC4,WED117,DNp01,1,1,3,6
LC4,PVLP128,DNa09,3,3,7,6
LC4,AVLP593,DNd04,1,2,6,6
LC4,WED106,DNa04,2,2,4,6
LC4,CB2371,DNp103,1,1,534,6
LC4,WED104,DNp04,1,1,4,6
LC4,AVLP572,DNpe039,1,2,2,6
LC4,CB2664,DNg74_a,2,2,124,6
LC4,IB114,DNp103,2,3,624,6
LC4,GNG517,DNp45,1,1,3,6
LC4,AVLP016,DNbe001,2,2,115,6
LPLC2,LoVCLo3,pIP1,2,3,247,6
LPLC2,PVLP017,DNp45,2,2,593,6
LC4,OA-VUMa4,DNg91,2,3,6,6
LC4,PLP060,DNa13,2,4,114,6
LPLC2,5-HTPMPV03,aSP22,2,4,24,6
LPLC2,SAD011,DNp103,1,1,1,6
LPLC2,CB1852,DNge032,3,3,596,6
LC4,5-HTPMPV03,DNae006,2,4,4,6
LPLC2,PVLP137,DNbe003,2,2,324,6
LPLC2,PVLP026,DNpe042,2,3,75,6
LC4,AVLP280,DNpe043,1,1,1,6
LC4,PLP093,DNp31,2,3,345,6
LPLC2,OA-VUMa4,DNg03,2,5,355,6
LC4,GNG506,DNge054,1,1,1,6
LPLC2,CB4179,DNge130,3,3,7,6
LPLC2,OA-VUMa4,DNpe013,2,3,197,5
LPLC2,LC29,DNp08,3,3,8,5
LC4,WED107,DNae009,1,1,8,5
LPLC2,AVLP479,DNp23,3,3,3525,5
LPLC2,PVLP111,DNp34,3,3,4401,5
LPLC2,LT51,DNp52,1,1,1,5
LPLC2,PVLP111,DNp27,5,5,7244,5
LC4,WED104,DNpe002,1,1,4,5
LPLC2,PVLP111,DNg40,3,3,4928,5
LPLC2,OA-VUMa4,DNpe011,2,4,296,5
LC4,PS306,DNp103,2,3,65,5
LPLC2,AVLP079,DNp04,1,1,9,5
LC4,AN01A055,DNg39,1,1,1,5
LC4,WED104,DNg20,1,1,4,5
LPLC2,WED210,DNge111,1,1,1,5
LPLC2,LAL136_b,DNa04,1,1,2,5
LPLC2,LAL047,DNge094,1,1,15,5
LC4,WED189,DNg108,1,1,5,5
LPLC2,LC29,DNbe007,3,3,6,5
LPLC2,PVLP114,MDN,1,2,92,5
LPLC2,OA-AL2i1,DNc02,2,2,19,5
LPLC2,LoVP85,DNge043,2,3,51,5
LPLC2,LoVC18,DNp59,3,3,16,5
LPLC2,PVLP112,DNp71,2,2,1081,5
LPLC2,PVLP108,DNp27,1,1,1,5
LC4,CL128a,DNp26,3,3,120,5
LC4,PS304,DNg38,1,1,1,5
LPLC2,LoVC18,DNg104,3,3,15,5
LPLC2,OA-VUMa4,DNpe001,1,2,118,5
LPLC2,LT81,DNp18,1,1,1,5
LPLC2,PS171,DNp39,1,1,3,5
LC4,CB4163,DNp45,1,2,30,5
LC4,WED069,DNb01,1,1,1,5
LC4,AVLP429,DNp11,2,2,409,5
LPLC2,PVLP141,DNa15,1,1,29,5
LC4,WED104,DNp08,1,1,4,5
LC4,PS304,DNg36_b,1,2,2,5
LPLC2,LoVC18,DNg03,4,5,27,5
LC4,CL128a,DNbe007,2,2,60,5
LPLC2,MeVPMe1,DNg46,1,1,1,5
LPLC2,PVLP122,DNp19,1,1,6,5
LC4,AVLP202,DNp71,2,2,45,5
LPLC2,LoVC18,DNpe005,3,3,14,5
LPLC2,PVLP122,DNp43,3,3,26,5
LC4,GNG300,DNde005,1,1,60,5
LPLC2,LC35b,DNbe007,1,1,6,5
LC4,WED069,DNa09,1,1,1,5
LC4,CB4176,DNg40,3,3,5,5
LPLC2,LC35b,DNg02_a,2,2,10,5
LC4,LT78,DNp27,2,3,4,5
LC4,PS306,aSP22,2,3,65,5
LPLC2,PS181,DNp31,2,2,34,5
LC4,WED069,DNg01_b,1,1,1,5
LPLC2,AVLP204,DNp103,2,2,30,5
LPLC2,PVLP108,DNp09,1,1,1,5
LPLC2,LT81,DNp08,2,3,3,5
LPLC2,LC31a,DNpe056,5,5,21,5
LC4,LPT60,DNge119,2,2,651,5
LC4,WED104,DNp38,1,1,4,5
LC4,LPT60,DNge006,1,1,299,5
LC4,PS304,DNg90,1,1,1,5
LPLC2,LC31b,DNp43,3,3,223,5
LPLC2,LT77,DNp03,2,2,2,5
LPLC2,OA-VUMa4,DNpe008,1,3,177,5
LC4,CL140,pIP10,2,3,642,5
LPLC2,LC33,CB0429,1,1,1,5
LPLC2,OA-VUMa4,DNpe003,2,5,335,5
LC4,CL128a,DNg02_g,2,2,50,5
LC4,CL286,DNd03,1,1,1,5
LPLC2,PVLP122,DNa09,2,2,595,5
LPLC2,vCal2,DNp07,1,1,2,5
LC4,WED166_d,DNg81,1,1,1,5
LC4,AMMC-A1,DNge130,2,2,3252,5
LC4,PVLP034,DNp45,2,3,9,5
LPLC2,PS171,DNp57,1,1,3,5
LC4,PVLP100,DNge054,3,3,260,5
LC4,CL367,DNbe005,2,2,11,5
LC4,PS304,DNge062,1,1,1,5
LC4,CB4118,DNp02,3,3,14,5
LPLC2,LC19,DNg96,3,3,5,5
LC4,AVLP202,DNp05,2,2,45,5
LPLC2,LoVC18,DNge150,3,3,14,5
LPLC2,PS181,DNg42,2,2,34,5
LC4,SAD055,DNp04,1,1,66,5
LPLC2,AVLP079,DNp32,1,1,9,5
LC4,CL140,DNa14,1,1,208,5
LC4,,DNb07,1,1,98,5
LC4,LT51,DNae001,2,2,3,5
LPLC2,SAD044,DNg05_b,1,1,1,5
LC4,AVLP610,DNp62,2,3,140,5
LC4,AVLP429,DNpe045,1,1,212,5
LPLC2,LC19,DNpe002,3,3,20,5
LPLC2,PVLP141,DNge103,2,2,46,5
LPLC2,AVLP500,DNp30,2,2,2718,5
LC4,AVLP202,DNpe045,2,2,45,5
LPLC2,LoVC18,DNp34,3,3,14,5
LPLC2,LC10c-1,DNp09,2,2,2,5
LPLC2,LT78,DNbe001,3,3,4,5
LC4,PVLP064,DNpe052,2,2,475,5
LPLC2,PLP219,DNp03,1,1,11,5
LPLC2,PVLP114,DNbe006,1,2,92,5
LC4,LT51,DNg109,3,3,4,5
LC4,WED072,DNp26,2,2,3,5
LC4,LT47,DNge129,2,4,6,5
LC4,LT51,DNp52,1,1,1,5
LC4,WED106,DNg24,1,1,2,5
LC4,LT60,DNp55,1,1,181,5
LPLC2,PVLP112,DNpe056,1,1,1,5
LPLC2,LC14a-1,DNp35,1,1,2,5
LPLC2,vCal3,DNg94,2,2,131,5
LC4,WED196,DNp103,1,2,4,5
LC4,CL303,DNpe053,1,2,12,5
LC4,CB4103,DNg111,4,4,117,5
LC4,AVLP610,DNp103,2,2,105,5
LPLC2,LT64,DNp102,2,2,3,5
LPLC2,PS181,DNg95,1,2,32,5
LPLC2,LC11,DNp27,5,5,6,5
LC4,CB4103,"DNp51,DNpe019",2,3,129,5
LC4,CB4103,DNpe004,2,2,114,5
LPLC2,AVLP201,DNp35,2,3,24,5
LPLC2,LoVP59,DNp29,1,1,2,5
LPLC2,OA-VUMa4,DNpe053,2,3,197,5
LPLC2,LoVC18,DNp29,4,5,26,5
LC4,LT51,DNge037,3,3,4,5
LPLC2,LoVC18,DNp07,4,4,21,5
LPLC2,OA-VUMa4,DNpe052,1,2,118,5
LC4,PS304,DNpe013,1,1,1,5
LC4,AN01A055,DNp56,1,2,2,5
LPLC2,AVLP500,DNp06,2,2,2718,5
LPLC2,PVLP114,DNpe023,1,1,46,5
LPLC2,AVLP202,DNp103,1,1,2,5
LPLC2,LT79,DNpe050,1,1,1,5
LC4,AN01A055,DNge031,1,2,2,5
LC4,CL367,DNbe003,2,2,11,5
LPLC2,PVLP114,DNp08,1,1,46,5
LPLC2,LC23,DNp07,2,2,7,5
LPLC2,AVLP504,DNp32,1,1,1,5
LC4,CL140,DNp36,1,1,226,5
LPLC2,PLP211,DNge113,2,3,240,5
LPLC2,LC23,DNp47,2,2,7,5
LC4,PVLP100,DNg91,1,1,172,5
LC4,CB0414,DNp70,1,2,48,5
LC4,CL140,DNp35,2,2,434,5
LPLC2,LAL301m,DNb02,1,2,92,5
LC4,WED106,DNp47,2,2,4,5
LPLC2,PLP219,DNa16,2,2,26,5
LC4,AVLP205,pIP1,1,2,10,5
LC4,SAD064,DNp04,4,4,1228,5
LPLC2,PVLP144,DNp103,2,3,13,5
LPLC2,LAL301m,DNa15,1,1,46,5
LPLC2,LT81,DNbe001,1,1,1,5
LPLC2,LC23,DNpe017,3,3,13,5
LPLC2,LT51,DNpe004,3,3,19,5
LC4,SAD064,DNge054,1,1,340,5
LC4,LT40,DNg90,2,2,34,5
LPLC2,LC19,aSP22,3,3,15,5
LC4,PS304,DNp02,1,1,1,5
LPLC2,LC21,DNp11,2,2,3,5
LPLC2,LC22,DNa04,4,4,7,5
LPLC2,PVLP114,DNg13,1,1,46,5
LC4,LT63,DNp42,1,1,1,5
LPLC2,PVLP148,DNbe007,2,2,21,5
LPLC2,LC22,DNg01_b,4,4,5,5
LC4,CL140,DNp27,2,2,434,5
LPLC2,AVLP492,DNpe024,2,2,2,5
LC4,CL323,DNp09,2,3,664,5
LPLC2,Tlp13,DNp27,4,5,5,5
LPLC2,AVLP492,DNp70,2,2,2,5
LPLC2,LT60,DNp55,1,1,2,5
LPLC2,SAD044,DNge089,1,2,2,5
LC4,PS306,DNg89,2,4,90,5
LPLC2,LC22,DNp07,5,5,12,5
LC4,WED072,DNbe007,3,3,4,5
LPLC2,PVLP111,DNpe021,3,3,4054,5
LPLC2,LT78,pIP1,3,3,4,5
LC4,WED196,DNp55,1,2,4,5
LC4,LT64,DNp102,2,2,2,5
LPLC2,LC22,aSP22,4,4,8,5
LC4,CB4162,DNp34,2,2,10,5
LC4,WED106,DNge175,1,1,4,5
LPLC2,LoVP90a,DNge068,1,1,3,5
LC4,CB4176,DNg84,2,2,3,5
LC4,PVLP018,DNp66,2,2,57,5
LC4,CL022_a,DNg40,1,1,1,5
LC4,PVLP017,DNpe042,2,2,62,5
LC4,LC23,DNa07,3,3,13,5
LC4,WED125,DNbe004,2,3,891,5
LC4,AVLP500,DNp06,2,2,8,5
LPLC2,LPLC4,DNpe005,5,5,234,5
LC4,CL022_a,DNp64,1,1,1,5
LPLC2,OA-VUMa4,DNge017,2,2,138,5
LPLC2,LoVP99,DNbe007,2,2,5,5
LC4,LC22,DNbe007,4,4,6,5
LPLC2,LPT114,DNbe001,4,4,6,5
LPLC2,PVLP124,DNp02,2,2,28,5
LC4,GNG506,DNg39,1,1,1,5
LPLC2,LPT60,DNge119,2,2,21,5
LPLC2,AVLP126,DNp66,2,2,4,5
LPLC2,AVLP176_d,DNp23,3,3,152,5
LPLC2,LPT60,DNge006,1,1,7,5
LPLC2,PVLP137,DNbe007,1,1,188,5
LC4,PVLP025,DNp35,3,3,46,5
LC4,LC19,DNp102,1,1,1,5
LC4,LC19,DNp05,1,1,1,5
LC4,CL022_a,DNpe031,1,2,2,5
LC4,WED046,DNg24,2,2,13,5
LC4,PVLP076,DNp27,2,4,18,5
LPLC2,OA-VUMa4,DNg95,2,3,217,5
LC4,CL022_a,DNpe043,1,2,2,5
LC4,WED125,DNa11,2,2,598,5
LPLC2,LPT21,DNae005,1,1,5,5
LC4,5-HTPMPV03,DNg50,2,3,3,5
LPLC2,AVLP398,DNd04,1,1,1,5
LC4,PVLP017,DNpe037,2,2,62,5
LPLC2,AVLP429,DNp11,2,2,52,5
LC4,LC23,DNa16,2,2,7,5
LPLC2,PS001,DNge138,1,2,2,5
LPLC2,AVLP437,DNg40,2,2,5,5
LPLC2,LPi12,DNp27,4,5,51,5
LPLC2,LPLC1,DNpe024,3,3,4,5
LPLC2,AVLP086,DNp47,1,1,3,5
LPLC2,TmY3,DNp27,3,3,4,5
LC4,CL001,DNp45,1,1,1,5
LC4,CL001,DNp47,1,1,1,5
LC4,LC29,DNpe053,5,5,8,5
LPLC2,AVLP086,DNpe037,1,1,3,5
LC4,PVLP027,DNp02,2,2,40,5
LPLC2,AVLP285,DNpe034,1,1,5,5
LC4,Am1,DNc02,1,1,2,5
LPLC2,PS001,DNp102,1,1,1,5
LPLC2,Y12,DNp27,5,5,6,5
LC4,CL053,"DNp51,DNpe019",1,2,2,5
LC4,AVLP452,DNge053,2,2,1438,5
LC4,LC29,DNp102,2,2,4,5
LPLC2,LPLC4,DNc01,5,5,289,5
LC4,WED046,DNpe026,1,1,9,5
LPLC2,AVLP429,DNpe045,1,1,28,5
LC4,WED116,DNpe026,1,1,164,5
LC4,CL001,DNpe018,1,2,2,5
LC4,CL001,DNpe020,1,2,2,5
LC4,CL001,DNpe031,1,1,1,5
LPLC2,LoVP92,DNa02,2,3,19,5
LC4,CL001,aSP22,1,1,1,5
LC4,5-HTPMPV03,CB0429,2,3,3,5
LC4,AVLP711m,DNpe025,1,1,24,5
LC4,AN07B004,DNge030,2,3,9,5
LC4,AVLP610,DNge136,2,3,140,5
LPLC2,AVLP316,DNa16,2,2,111,5
LC4,SAD073,DNge047,2,3,9,5
LC4,IB114,DNp01,1,1,208,5
LC4,LAL300m,DNg88,1,1,20,5
LC4,AVLP490,DNp34,1,1,1,5
LC4,AVLP149,DNpe053,3,3,80,5
LC4,PVLP022,DNpe025,2,2,1611,5
LPLC2,AVLP176_d,DNp01,2,2,112,5
LPLC2,LT86,pIP1,1,1,2,5
LPLC2,PVLP130,DNp11,2,2,2601,5
LC4,PVLP076,DNge103,2,2,9,5
LC4,UNKNOWN,DNpe021,5,5,9,5
LC4,PVLP022,DNp69,2,2,1974,5
LC4,AVLP149,DNp55,2,2,21,5
LPLC2,PVLP130,DNge054,2,2,2601,5
LC4,5-HTPMPV03,DNg02_d,2,3,3,5
LPLC2,LoVP90a,DNpe001,1,1,3,5
LPLC2,WED015,DNp45,2,2,15,5
LC4,LC15,DNp27,4,4,5,5
LPLC2,Nod3,DNpe015,1,2,10,5
LPLC2,Li22,DNp11,1,1,2,5
LC4,CL053,DNa04,1,2,2,5
LC4,LAL026_a,DNb02,1,1,124,5
LPLC2,AVLP339,DNa14,2,2,39,5
LC4,PVLP022,DNge184,2,2,1611,5
LC4,PVLP022,DNp42,2,2,1611,5
LC4,PVLP076,DNg24,2,2,9,5
LPLC2,AVLP169,DNpe026,2,2,178,5
LC4,IB114,DNp70,2,2,416,5
LPLC2,LPT51,DNp12,1,1,1,5
LC4,5-HTPMPV03,DNbe005,2,3,3,5
LPLC2,AVLP339,DNp55,2,2,39,5
LC4,PVLP022,DNp18,2,2,1971,5
LC4,AVLP479,DNp66,2,2,4,5
LC4,CL022_b,DNpe042,2,3,36,5
LC4,CL022_b,DNpe037,1,2,22,5
LPLC2,AVLP396,DNp02,1,1,497,5
LPLC2,SAD049,DNg32,2,2,40,5
LPLC2,LPT22,DNp18,2,2,50,5
LPLC2,LoVC15,DNg02_f,2,2,5,5
LC4,GNG506,DNp46,1,1,1,5
LC4,LC14a-1,DNp35,1,1,47,5
LC4,GNG506,DNp64,1,1,1,5
LPLC2,WED029,DNa07,1,1,11,5
LPLC2,LT86,DNge132,1,1,2,5
LC4,LC13,DNp27,4,4,4,5
LC4,WED029,DNp103,2,2,14,5
LC4,LC11,DNpe052,5,5,6,5
LPLC2,PPM1203,DNp70,1,1,3,5
LC4,PVLP021,DNg40,3,3,2325,5
LPLC2,LPT59,DNg110,2,4,36,5
LPLC2,WED015,DNpe045,2,2,15,5
LPLC2,LPT59,DNg07,2,4,40,5
LC4,CL022_b,DNp12,1,1,11,5
LPLC2,LPT59,DNg01_b,2,2,18,5
LPLC2,Nod3,DNg32,1,1,5,5
LPLC2,OA-VUMa4,DNg71,2,2,138,5
LPLC2,AVLP316,DNp30,2,2,111,5
LC4,CL022_b,DNp59,1,2,22,5
LC4,TmY19a,DNc02,4,4,5,5
LC4,WED029,DNa07,1,1,5,5
LC4,PVLP021,DNp04,4,4,3435,5
LPLC2,LoVC15,DNbe005,4,5,11,5
LPLC2,PVLP127,DNa07,1,1,1,5
LPLC2,LoVP93,DNpe025,1,1,1,5
LC4,LAL301m,DNa15,1,1,13,5
LC4,LC31a,DNp45,4,4,12,5
LC4,PVLP015,DNp54,2,2,833,5
LPLC2,AVLP086,DNp30,1,1,3,5
LPLC2,LC6,DNpe025,5,5,5,5
LC4,PVLP010,DNpe052,2,2,2176,5
LPLC2,LT47,DNbe007,1,1,2,5
LC4,PVLP031,DNp63,1,1,14,5
LPLC2,PVLP137,DNpe003,2,3,512,5
LPLC2,LC39b,DNpe002,1,1,9,5
LPLC2,AVLP080,pIP1,2,2,31,5
LC4,LHAD1g1,DNpe056,2,2,555,5
LPLC2,OA-VUMa4,DNa10,2,3,217,5
LPLC2,LT82a,DNae007,2,2,28,5
LC4,WED119,DNg29,1,1,2,5
LC4,CB0206,DNa05,1,2,4,5
LC4,CL066,DNp64,1,1,3,5
LC4,SAD073,DNpe024,2,4,18,5
LPLC2,LC6,DNpe024,3,3,4,5
LC4,AVLP452,DNb08,2,3,2294,5
LC4,PVLP015,DNp36,2,2,833,5
LC4,5-HTPMPV03,DNp73,2,4,4,5
LPLC2,PS171,DNa01,1,1,3,5
LPLC2,LT82a,DNp11,2,2,38,5
LPLC2,LT82a,DNp27,3,4,80,5
LC4,AVLP501,DNa02,1,1,1,5
LPLC2,PVLP203m,DNge049,1,2,4,5
LC4,WED127,DNae002,3,3,227,5
LC4,GNG300,DNp11,2,2,144,5
LC4,LC39b,DNpe002,1,1,2,5
LC4,WED107,DNpe056,1,2,16,5
LC4,LC37,DNpe006,1,1,1,5
LC4,WED060,DNp43,1,1,3,5
LC4,LC37,DNp39,1,1,1,5
LC4,WED127,DNa11,2,2,201,5
LC4,GNG300,DNge067,2,3,228,5
LPLC2,LC39a,DNpe055,2,2,6,5
LC4,PVLP010,DNpe043,2,2,2176,5
LC4,CB4179,DNg81,2,2,20,5
LPLC2,TmY14,DNa06,2,2,2,5
LC4,AVLP204,DNpe052,2,2,15,5
LPLC2,LoVC18,DNbe002,3,5,27,5
LC4,CB0206,DNp07,1,2,4,5
LPLC2,PLP211,DNp09,2,2,155,5
LC4,GNG300,DNg39,2,3,204,5
LC4,CB4176,DNge054,2,3,17,5
LC4,CB0206,DNp05,1,1,2,5
LC4,CB4176,DNge091,1,1,5,5
LC4,GNG300,DNg48,2,3,204,5
LC4,WED127,DNpe012_b,2,2,104,5
LPLC2,LoVP85,DNp47,2,3,51,5
LPLC2,PVLP139,DNp66,2,2,43,5
LPLC2,LT51,DNbe001,2,2,36,5
LC4,AVLP201,DNp35,2,3,18,5
LC4,LPLC1,DNpe037,4,4,6,5
LPLC2,PVLP122,DNp59,3,3,948,5
LC4,PVLP034,DNa02,1,1,1,5
LPLC2,PVLP206m,DNd04,2,2,163,5
LC4,GNG300,DNg87,2,3,204,5
LC4,AVLP120,DNg29,1,2,2,5
LPLC2,LT51,DNae001,2,2,9,5
LC4,LLPC_unclear,DNp26,1,1,4,5
LPLC2,PVLP122,DNp68,2,3,375,5
LC4,5-HTPMPV03,DNpe027,2,3,3,5
LPLC2,PVLP203m,DNp67,1,1,2,5
LC4,WED107,DNpe021,2,3,17,5
LC4,GNG300,DNge056,2,3,204,5
LC4,AVLP501,DNge141,1,1,1,5
LC4,AVLP711m,DNd05,1,2,48,5
LC4,AVLP204,DNp34,3,4,36,5
LPLC2,SAD044,DNp27,1,2,2,5
LC4,CB0154,DNp02,1,1,2,5
LC4,GNG343,DNg29,2,2,11,5
LPLC2,LLPC3,DNp31,4,4,9,5
LPLC2,AVLP259,DNp11,2,2,221,5
LC4,GNG343,DNg57,2,3,16,5
LPLC2,LoVC16,DNp27,3,5,16,5
LPLC2,PLP230,DNp18,1,1,24,5
LC4,,DNpe053,1,2,34,5
LPLC2,LOP_unclear,DNp31,1,1,1,5
LC4,LC33,DNg111,1,1,1,5
LPLC2,OA-VUMa4,DNge141,2,3,197,5
LC4,SAD106,DNge063,1,2,20,5
LC4,PVLP027,DNpe042,2,3,44,5
LC4,AVLP500,DNp30,2,2,8,5
LPLC2,PVLP137,DNg96,2,2,324,5
LC4,GNG343,DNg84,2,4,22,5
LPLC2,SAD064,DNge054,1,1,40,5
LC4,CB0115,DNp35,2,3,3,5
LC4,PVLP027,DNp71,1,1,36,5
LC4,CB0115,DNp30,2,2,2,5
LC4,GNG343,DNge038,2,2,11,5
LC4,PVLP015,DNp09,2,2,833,5
LC4,WED047,DNpe052,1,1,6,5
LC4,LC31b,DNp43,3,3,118,5
LC4,CL001,DNp05,1,1,1,5
LPLC2,Nod5,DNb02,2,4,14,5
LPLC2,AVLP285,DNg40,1,1,5,5
LC4,PVLP015,DNp18,2,2,833,5
LC4,SAD106,DNp103,2,2,35,5
LC4,5-HTPMPV03,DNge088,2,3,3,5
LPLC2,PVLP203m,DNg98,1,2,4,5
LC4,PVLP015,DNae010,2,2,833,5
LPLC2,PVLP123,DNg24,4,4,104,5
LC4,5-HTPMPV03,DNge150,2,2,2,5
LPLC2,LHAD1g1,DNpe056,2,2,2049,5
LC4,WED060,DNp02,1,1,14,5
LC4,LC36,DNg02_a,2,2,2,5
LC4,GNG340,DNg85,1,1,9,5
LC4,5-HTPMPV03,DNp19,2,4,4,5
LPLC2,LT40,DNg90,2,2,6,5
LPLC2,LLPC1,DNb05,2,2,3,5
LC4,LC35b,DNp57,1,1,3,5
LC4,PVLP014,DNp11,1,1,2,5
LC4,GNG340,DNge083,1,2,18,5
LC4,5-HTPMPV03,DNp07,2,3,3,5
LC4,WED060,DNg104,2,2,17,5
LC4,PVLP093,DNg101,1,1,11,5
LPLC2,AVLP449,DNpe040,1,1,1,5
LC4,WED125,DNpe040,1,1,287,5
LPLC2,PS001,DNpe021,1,1,1,5
LC4,GNG343,DNd03,2,3,16,5
LPLC2,LLPC1,DNpe037,3,3,3,5
LC4,PVLP014,DNpe053,1,2,4,5
LC4,LC35b,DNbe007,1,1,3,5
LC4,SAD106,DNc02,1,1,25,5
LPLC2,AVLP259,DNg40,3,3,342,5
LPLC2,PS001,DNp69,1,1,1,5
LPLC2,AVLP259,DNp04,3,3,349,5
LPLC2,LoVP86,DNbe004,1,2,2,5
LC4,AVLP120,DNp35,1,1,1,5
LC4,PVLP015,DNae001,2,2,833,5
LC4,PVLP028,DNp30,2,2,17,5
LPLC2,LT83,DNpe052,2,2,10,5
LPLC2,PLP230,DNge041,1,1,24,5
LPLC2,LoVP23,DNp42,3,3,16,5
LC4,LT79,DNpe050,1,1,1,5
LPLC2,PVLP010,DNpe043,2,2,32,5
LPLC2,WED104,DNde002,2,2,83,5
LPLC2,CL053,DNge175,2,3,58,5
LC4,CB1934,DNp103,1,2,6,5
LPLC2,CL053,DNge086,2,3,74,5
LPLC2,CL053,DNge016,2,2,44,5
LPLC2,AVLP037,DNp103,1,1,2,5
LPLC2,5-HTPMPV03,DNge150,2,2,12,5
LC4,LoVP99,DNbe007,2,2,10,5
LC4,M_spPN4t9,DNg35,1,1,12,5
LPLC2,CL053,DNb05,2,3,74,5
LPLC2,LoVCLo3,DNp31,2,3,247,5
LC4,MeLo7,DNp27,1,1,1,5
LPLC2,5-HTPMPV03,DNp07,2,3,21,5
LC4,AVLP076,DNp64,1,1,1,5
LPLC2,PVLP031,DNp63,1,1,8,5
LPLC2,WED072,pIP1,2,2,3,5
LC4,PLP249,DNa13,1,2,22,5
LC4,AN17B005,DNp55,1,1,2,5
LPLC2,CL053,DNp39,2,4,88,5
LC4,PVLP201m_d,DNa01,1,1,1,5
LC4,AN17B005,DNg35,1,1,2,5
LC4,LoVP54,DNp66,2,2,19,5
LC4,CB1932,DNp70,2,3,101,5
LC4,PVLP122,DNp68,2,3,1063,5
LPLC2,5-HTPMPV03,DNge088,2,3,15,5
LC4,LoVP85,DNge043,2,3,908,5
LC4,PVLP201m_d,DNg100,1,2,2,5
LPLC2,CL140,DNa14,1,1,128,5
LC4,CB1932,DNpe039,2,3,43,5
LPLC2,CL131,DNb01,1,1,1,5
LC4,LoVP85,DNp47,2,3,908,5
LC4,AN17B005,DNg74_b,1,1,2,5
LC4,AN17B005,DNg81,1,1,2,5
LC4,AN17B005,DNg84,1,1,2,5
LC4,CB3400,DNp02,2,2,1419,5
LPLC2,CL131,DNg56,1,1,1,5
LC4,LoVP89,DNge010,1,1,1,5
LC4,MeVC25,DNg33,1,1,307,5
LC4,AN27X011,DNae009,1,1,2,5
LPLC2,CL022_a,DNg40,1,1,1,5
LPLC2,WED072,DNpe052,3,3,14,5
LPLC2,CL022_b,DNp12,1,1,27,5
LPLC2,LoVP26,DNpe002,4,4,70,5
LPLC2,LoVCLo3,DNpe024,2,3,230,5
LC4,PLP230,DNge041,1,1,1,5
LPLC2,PVLP028,DNp43,3,3,80,5
LC4,AN27X011,DNg105,1,2,4,5
LC4,MeVP18,DNp29,1,1,1,5
LC4,MeVP18,DNp69,1,1,1,5
LC4,MeVP18,DNpe039,1,1,1,5
LC4,AVLP605,DNge140,1,1,4,5
LPLC2,MeVP18,DNpe040,2,2,17,5
LPLC2,CL022_a,DNpe043,1,2,2,5
LPLC2,CL022_a,DNpe031,1,2,2,5
LC4,MeVPLo1,DNg92_a,1,1,1,5
LPLC2,AVLP746m,aSP22,1,2,42,5
LPLC2,PVLP027,DNpe042,2,3,52,5
LPLC2,CL022_a,DNp64,1,1,1,5
LPLC2,AVLP720m,DNp42,1,1,1,5
LC4,AN27X011,DNg03,1,3,6,5
LPLC2,AVLP720m,DNp36,2,2,2,5
LC4,AVLP076,DNp30,1,1,1,5
LC4,PLP241,DNpe017,1,2,24,5
LPLC2,MeVC25,DNg33,1,1,329,5
LC4,MeVCMe1,DNg12_a,2,3,4,5
LC4,AVLP605,DNp11,1,2,8,5
LC4,MeVCMe1,DNg12_c,1,1,1,5
LPLC2,AVLP720m,DNd03,2,2,2,5
LPLC2,PVLP010,DNpe052,2,2,32,5
LPLC2,5-HTPMPV03,DNp19,2,4,24,5
LC4,PLP230,DNp18,1,1,1,5
LC4,PVLP201m_a,DNae001,1,1,4,5
LC4,CB1934,DNpe026,1,1,3,5
LPLC2,CL022_c,DNg40,1,1,1,5
LPLC2,CL022_b,DNpe042,2,3,80,5
LPLC2,CL022_b,DNpe037,1,2,54,5
LPLC2,SAD011,DNp02,1,1,1,5
LPLC2,CL022_b,DNp59,1,2,54,5
LC4,LoVP54,DNp43,2,2,19,5
LC4,AN10B019,pIP1,2,2,2,5
LC4,PVLP122,DNp59,3,3,1931,5
LPLC2,SAD013,DNpe004,2,2,165,5
LPLC2,LoVP50,DNbe002,3,4,12,5
LC4,AVLP542,DNg84,1,1,11,5
LPLC2,PS357,DNpe037,1,1,2,5
LC4,AN10B019,DNg105,2,2,8,5
LPLC2,LoVP50,DNb09,2,2,7,5
LPLC2,WED104,DNge041,2,2,83,5
LPLC2,5-HTPMPV03,DNg50,2,3,21,5
LPLC2,MeVC20,DNp32,1,1,1,5
LPLC2,CL213,DNg76,2,3,67,5
LC4,LoVP26,DNa09,3,3,10,5
LPLC2,AVLP040,DNp64,1,1,3,5
LPLC2,PVLP213m,DNp36,2,4,64,5
LPLC2,AVLP610,DNge136,2,3,14,5
LC4,LoVP26,DNp07,2,2,13,5
LC4,LoVP26,DNp09,3,3,10,5
LPLC2,AVLP040,DNp46,2,2,9,5
LPLC2,AVLP610,DNp103,2,2,8,5
LC4,AVLP542,DNg40,2,2,17,5
LC4,CB3682,DNg108,1,2,16,5
LC4,PVLP122,DNa09,2,2,2236,5
LPLC2,AVLP609,DNge130,1,1,9,5
LPLC2,LoVP50,DNp102,3,3,6,5
LC4,PS001,DNp102,1,1,12,5
LC4,PS001,DNge138,1,2,24,5
LC4,LoVP101,DNp09,1,1,3,5
LPLC2,PLP018,DNb01,1,1,7,5
LC4,LoVP102,DNpe031,1,2,4,5
LPLC2,CL286,,2,2,25,5
LPLC2,AVLP609,DNge138,1,2,18,5
LC4,PPM1203,DNp70,1,1,6,5
LPLC2,CL266_a3,DNpe039,1,1,4,5
LPLC2,MeVP51,DNp70,1,1,1,5
LC4,CB3682,DNp103,1,1,8,5
LC4,SAD011,DNp05,2,2,130,5
LC4,SAD011,DNp02,1,1,70,5
LPLC2,WED104,DNge138,2,4,166,5
LC4,LoVP18,DNg92_b,3,3,10,5
LPLC2,PLP093,DNp69,1,1,10,5
LC4,LoVP26,DNpe002,4,4,15,5
LPLC2,LoVC7,DNpe002,2,3,3,5
LC4,CB3513,DNpe045,3,4,2533,5
LPLC2,CL140,pIP10,2,3,337,5
LPLC2,LoVP39,DNbe002,2,3,5,5
LPLC2,PVLP034,DNpe052,4,4,30,5
LC4,PVLP122,DNp19,1,1,42,5
LPLC2,AVLP705m,DNa03,1,1,1,5
LC4,AN10B019,DNp70,2,2,8,5
LPLC2,WED104,DNg106,2,4,166,5
LPLC2,MeVP51,DNge141,1,1,1,5
LPLC2,PLP034,DNa13,1,2,6,5
LC4,AVLP542,DNp66,2,2,17,5
LPLC2,CL140,DNp36,1,1,81,5
LC4,PVLP122,DNp43,3,3,1384,5
LPLC2,CL140,DNp35,2,2,209,5
LPLC2,CL140,DNp27,2,2,209,5
LPLC2,AVLP039,DNpe026,1,2,2,5
LC4,PVLP201m_d,DNg88,1,1,1,5
LPLC2,PVLP213m,pMP2,2,2,31,5
LC4,LT81,DNbe001,1,1,2,5
LC4,PVLP207m,DNp18,1,1,1,5
LC4,LoVP50,DNbe002,3,4,27,5
LC4,LoVP43,DNbe002,2,3,3,5
LPLC2,CL203,DNge063,1,2,2,5
LC4,LoVP43,DNp59,2,2,2,5
LC4,PLP301m,DNa09,1,2,4,5
LC4,CB3544,DNpe042,2,3,767,5
LC4,LoVP50,DNb09,2,2,15,5
LPLC2,AVLP610,DNp62,2,3,14,5
LPLC2,CL203,DNg52,1,2,2,5
LC4,CB1932,DNg93,2,3,195,5
LC4,PLP300m,DNge135,3,3,19,5
LC4,LoVP50,DNp104,2,2,14,5
LPLC2,CL203,DNg14,1,1,1,5
LPLC2,LoVP47,DNb05,2,2,3,5
LPLC2,CL203,DNg101,1,2,2,5
LPLC2,VST1,DNb06,1,1,1,5
LC4,PLP300m,DNge079,2,2,17,5
LPLC2,PVLP027,DNp71,1,1,26,5
LC4,PLP219,DNp03,1,1,71,5
LPLC2,WED104,DNp08,1,1,45,5
LC4,AVLP016,DNp45,2,2,115,5
LPLC2,AN27X011,DNp63,1,1,1,5
LPLC2,CB2472,DNpe024,2,2,5,5
LPLC2,SAD073,DNge140,1,1,22,5
LC4,PLP208,DNg01_unclear,1,1,7,5
LC4,PLP019,DNpe056,1,1,1,5
LC4,CB1958,DNpe017,2,2,226,5
LPLC2,AOTU032,DNp07,1,1,17,5
LPLC2,VS,DNp72,1,1,1,5
LC4,PVLP137,DNbe007,1,1,290,5
LC4,PLP029,DNb05,2,2,562,5
LC4,PLP029,DNg97,2,2,562,5
LC4,CB2153,DNbe001,1,2,4,5
LC4,PLP029,DNp08,1,1,252,5
LC4,PLP208,DNa02,1,1,7,5
LC4,PVLP126_a,DNp103,1,1,1,5
LPLC2,CB1934,DNp103,1,1,1,5
LPLC2,PVLP018,DNp09,1,1,8,5
LPLC2,CB0431,DNge041,1,1,16,5
LPLC2,CB2676,DNp103,1,2,4,5
LC4,AOTU032,DNp07,1,1,15,5
LC4,PVLP137,DNg96,2,2,855,5
LPLC2,SAD073,DNp05,1,2,44,5
LPLC2,CB0414,DNp70,1,2,30,5
LPLC2,PLP060,DNb01,1,1,11,5
LC4,AVLP016,DNp68,2,2,115,5
LPLC2,CB3019,DNp101,2,2,28,5
LPLC2,LoVP103,DNpe003,1,2,4,5
LPLC2,PVLP014,DNp04,2,2,30,5
LPLC2,CB0431,DNae005,1,1,16,5
LC4,PLP019,DNg01_d,1,1,1,5
LPLC2,SAD073,DNge148,1,1,22,5
LPLC2,PVLP021,DNg40,3,3,29,5
LC4,PLP019,DNa11,1,1,1,5
LPLC2,CB2940,DNge049,2,2,23,5
LC4,CB1958,DNp27,3,4,292,5
LC4,PLP208,DNp27,2,3,15,5
LC4,CB1958,DNp57,4,5,507,5
LC4,PLP029,DNpe037,1,1,310,5
LPLC2,PVLP015,DNae001,2,2,185,5
LC4,OA-AL2i1,DNc02,2,2,3,5
LPLC2,PVLP015,DNae010,2,2,185,5
LC4,PLP060,aSP22,2,2,57,5
LPLC2,CB1108,DNp43,1,1,8,5
LC4,AVLP280,DNpe026,1,1,1,5
LPLC2,MeVCMe1,DNg12_c,1,1,10,5
LC4,PLP074,DNp31,1,1,2,5
LPLC2,AVLP001,DNp42,2,2,2,5
LC4,AVLP016,DNp10,2,2,115,5
LC4,PLP074,DNpe053,1,2,4,5
LPLC2,SAD073,DNge049,1,2,44,5
LPLC2,PVLP015,DNp54,2,2,185,5
LPLC2,PVLP015,DNp36,2,2,185,5
LC4,PLP093,DNg91,2,2,222,5
LPLC2,PVLP015,DNp18,2,2,185,5
LPLC2,MeVCMe1,DNg12_a,2,3,31,5
LC4,PVLP128,DNa16,1,2,4,5
LPLC2,PVLP015,DNp09,2,2,185,5
LC4,PLP093,DNpe024,2,3,345,5
LPLC2,CB1688,DNpe042,2,3,300,5
LPLC2,AVLP001,DNpe040,2,2,2,5
LPLC2,CB1717,DNp03,2,2,4,5
LPLC2,LoVP18,DNp104,2,2,2,5
LPLC2,AVLP016,DNg27,1,2,2,5
LC4,PLP034,DNbe007,2,2,305,5
LPLC2,PVLP017,DNpe042,2,2,593,5
LPLC2,CB0929,DNp71,1,1,21,5
LPLC2,PVLP017,DNpe037,2,2,593,5
LPLC2,CB1932,DNp01,2,2,10,5
LC4,PLP034,DNp09,2,2,305,5
LPLC2,SAD013,DNge054,1,1,15,5
LPLC2,AVLP001,DNp09,1,1,1,5
LPLC2,AVLP016,DNa02,1,1,1,5
LC4,PLP150,DNbe007,2,3,188,5
LC4,PLP034,DNp69,2,2,305,5
LC4,PVLP126_b,DNp103,2,2,4,5
LC4,PVLP130,DNp11,2,2,1944,5
LPLC2,CB1044,DNpe021,1,2,2,5
LC4,PVLP130,DNge054,2,2,1944,5
LC4,PLP017,DNpe052,1,1,3,5
LC4,AVLP593,DNp66,1,1,3,5
LC4,PVLP124,DNp02,2,2,70,5
LPLC2,PVLP013,DNpe021,2,2,52,5
LC4,CB1958,DNa06,2,2,226,5
LC4,OA-VUMa4,DNge017,2,2,4,5
LPLC2,AMMC-A1,DNge130,2,2,84,5
LPLC2,CB4162,DNpe031,4,4,174,5
LPLC2,MeVP18,DNp45,3,3,21,5
LC4,OA-VUMa4,DNge141,2,3,6,5
LPLC2,VS,DNge108,2,3,5,5
LPLC2,CB4162,DNp04,2,3,39,5
LPLC2,PVLP022,DNpe025,2,2,551,5
LC4,OA-VUMa4,DNpe001,1,2,4,5
LC4,OA-VUMa4,DNpe003,2,5,10,5
LC4,CB1958,DNae003,3,3,281,5
LC4,OA-VUMa4,DNpe008,1,3,6,5
LC4,OA-VUMa4,DNpe011,2,4,8,5
LC4,OA-VUMa4,DNpe013,2,3,6,5
LPLC2,LoVP101,DNge108,2,3,9,5
LC4,PLP211,DNp09,2,2,17,5
LC4,OA-VUMa4,DNg95,2,3,6,5
LC4,OA-VUMa4,DNg71,2,2,4,5
LPLC2,CB4163,DNp69,4,4,489,5
LPLC2,LoVP26,DNp07,2,2,47,5
LPLC2,LoVP26,DNp09,3,3,64,5
LPLC2,PVLP027,DNp02,2,2,39,5
LPLC2,5-HTPMPV03,DNp73,2,4,24,5
LC4,CB1948,DNg29,2,2,3,5
LC4,PLP219,DNa16,2,2,340,5
LC4,AVLP593,DNde002,1,1,3,5
LPLC2,CB4179,DNg81,2,2,3,5
LC4,OA-VUMa4,DNa10,2,3,6,5
LPLC2,CB4163,DNpe040,3,4,378,5
LPLC2,LoVP101,DNg03,2,4,10,5
LC4,AVLP339,DNp55,2,2,117,5
LC4,AVLP076,DNg30,1,2,2,5
LPLC2,CB4176,DNg56,2,2,2,5
LC4,PVLP141,DNge103,2,2,1539,5
LPLC2,SAD073,DNp69,1,1,22,5
LPLC2,5-HTPMPV03,DNpe027,2,3,15,5
LC4,PVLP141,DNa15,1,1,726,5
LPLC2,PVLP022,DNp69,2,2,601,5
LPLC2,CB4102,DNg02_b,1,1,4,5
LPLC2,CB3400,DNp02,2,2,24,5
LPLC2,AN27X011,DNg03,1,3,3,5
LPLC2,AN27X011,DNg105,1,2,2,5
LPLC2,CB3513,DNpe045,3,4,123,5
LPLC2,MeVP18,DNde006,1,1,4,5
LPLC2,MeVP18,DNde001,3,3,27,5
LPLC2,LoVP25,DNp08,2,2,23,5
LC4,AVLP593,DNp32,1,1,3,5
LPLC2,LoVP102,DNpe031,1,2,4,5
LPLC2,CB3544,DNp07,2,2,14,5
LC4,ANXXX109,DNg57,2,2,20,5
LC4,OLVC5,DNge050,1,2,2,5
LC4,OLVC5,DNge052,1,1,1,5
LPLC2,PVLP021,DNp04,4,4,37,5
LPLC2,CB3019,DNpe020,1,1,31,5
LC4,OLVC5,DNpe020,1,2,2,5
LC4,CB2940,DNge049,2,2,55,5
LPLC2,PLP059,DNpe052,1,1,2,5
LPLC2,PVLP022,DNge184,2,2,551,5
LC4,OA-VUMa4,DNpe052,1,2,4,5
LPLC2,CB4102,DNa03,1,1,4,5
LC4,OA-VUMa4,DNpe053,2,3,6,5
LPLC2,PVLP022,DNp42,2,2,551,5
LC4,OCG02b,DNbe004,2,4,4,5
LPLC2,SAD073,DNp10,1,2,44,5
LC4,PLP211,DNge113,2,3,25,5
LPLC2,PVLP022,DNp18,2,2,596,5
LC4,AVLP016,DNpe053,2,2,115,5
LPLC2,CB0128,DNge149,1,1,14,5
LC4,PVLP137,DNpe003,2,3,1145,5
LC4,AVLP339,DNa14,2,2,117,5
LPLC2,AN27X011,DNae009,1,1,1,5
LC4,AN27X011,DNp63,1,1,2,5
LC4,OCG02b,DNpe013,2,3,3,5
LC4,OCG02b,DNpe015,2,2,2,5
LPLC2,LoVP101,DNp09,1,1,1,5
LPLC2,CB3544,DNpe042,2,3,22,5
LPLC2,LoVP50,DNp104,2,2,5,5
LC4,CB3544,DNp07,2,2,517,5
LPLC2,AVLP593,DNp29,1,1,1,5
LC4,LoVC15,DNpe021,3,3,11,5
LC4,LoVC16,DNp27,3,5,1622,5
LPLC2,GNG300,DNge067,2,3,1016,5
LPLC2,GNG300,DNge056,2,3,883,5
LC4,AN08B010,DNge010,1,1,6,5
LPLC2,MeVPLp1,DNd02,2,2,6,5
LC4,AVLP342,DNp70,1,1,1,5
LPLC2,PVLP076,DNp27,2,4,2676,5
LPLC2,LoVC22,DNpe001,4,5,18,5
LC4,CB4101,DNge147,2,2,14,5
LC4,CB1638,DNp35,1,1,13,5
LC4,CB1638,DNp55,2,2,26,5
LPLC2,T2,DNp11,1,1,1,5
LPLC2,AVLP572,DNp23,2,3,3,5
LPLC2,GNG300,DNg48,2,3,883,5
LPLC2,PVLP076,DNge103,2,2,1338,5
LC4,CB4102,DNae009,4,5,310,5
LC4,AVLP093,DNpe037,1,1,2,5
LPLC2,MeVPLp1,DNg108,2,2,6,5
LPLC2,PVLP080_a,DNpe021,2,2,6,5
LC4,LoVC15,DNbe005,4,5,21,5
LC4,LoVC15,DNbe007,4,4,23,5
LPLC2,AVLP076,DNpe050,2,2,12,5
LC4,PS181,DNg95,1,2,4,5
LC4,LoVC15,DNg02_f,2,2,8,5
LPLC2,H2,DNae002,2,2,99,5
LPLC2,AVLP539,DNp45,1,1,1,5
LC4,PS181,DNg03,1,4,8,5
LC4,CB4102,DNg02_b,1,1,48,5
LPLC2,LoVC22,DNp101,4,4,13,5
LC4,PVLP111,DNp09,3,3,4,5
LPLC2,PVLP080_a,DNpe052,2,2,6,5
LPLC2,LoVC22,DNp13,4,4,13,5
LC4,LoVC15,DNge184,2,2,9,5
LPLC2,GNG300,DNp11,2,2,633,5
LPLC2,GNG300,DNg39,2,3,883,5
LPLC2,,DNpe017,1,1,4,5
LC4,LoVC18,DNp32,1,2,8,5
LPLC2,PVLP076,DNg24,2,2,1338,5
LC4,AVLP531,DNpe020,1,1,9,5
LPLC2,5-HTPLP01,,1,1,3,5
LPLC2,AVLP577,DNpe025,1,1,17,5
LPLC2,LoVC22,DNpe042,4,5,14,5
LPLC2,CL367,DNde003,1,1,7,5
LPLC2,OLVC5,DNge050,1,2,2,5
LC4,SAD013,DNpe004,2,2,198,5
LC4,CB1649,DNae002,1,1,1,5
LPLC2,PVLP073,DNp35,2,2,390,5
LC4,CB1649,DNae003,1,1,1,5
LPLC2,AVLP577,DNpe056,2,2,24,5
LPLC2,LoVC22,DNpe053,2,3,16,5
LPLC2,OLVC5,DNge052,1,1,1,5
LPLC2,CL367,DNa14,1,2,14,5
LPLC2,CL367,CB0429,1,2,14,5
LPLC2,LoVC22,DNpe024,3,3,12,5
LC4,LoVC22,DNae007,3,3,4,5
LC4,LoVC22,DNa10,3,3,4,5
LPLC2,CL367,DNpe024,1,2,14,5
LPLC2,GNG300,DNde005,1,1,250,5
LC4,PVLP111,DNpe021,3,3,15,5
LC4,LoVC18,DNp68,1,2,8,5
LPLC2,VCH,DNb03,2,2,11,5
LC4,AVLP259,DNg40,3,3,1769,5
LPLC2,,DNpe026,3,3,40,5
LC4,AVLP342,DNp09,1,1,1,5
LPLC2,AVLP577,DNp35,1,1,17,5
LC4,LoVC18,DNpe042,1,2,8,5
LC4,LoVC18,DNpe053,1,2,8,5
LPLC2,LoVC22,DNpe022,3,4,17,5
LPLC2,PVLP075,DNp06,1,1,56,5
LC4,AVLP259,DNp04,3,3,1698,5
LC4,CB1649,DNa03,1,2,2,5
LPLC2,PVLP080_b,DNpe031,2,2,5,5
LPLC2,PS182,DNp01,1,1,3,5
LPLC2,5-HTPLP01,DNp23,1,1,2,5
LC4,PVLP100,DNp27,3,5,496,5
LPLC2,LoVP54,DNp43,2,2,201,5
LC4,AVLP094,DNp71,2,2,200,5
LPLC2,LoVC18,DNpe050,3,3,15,5
LPLC2,PVLP100,DNpe037,1,1,1,5
LC4,AN07B004,DNge089,2,3,9,5
LC4,PVLP100,DNp31,3,3,260,5
LC4,AN07B004,DNge090,1,2,6,5
LC4,SAD049,DNg32,2,2,108,5
LC4,PS182,DNpe021,2,2,6,5
LPLC2,WED118,DNp06,1,1,6,5
LC4,LT83,DNpe052,2,2,16,5
LPLC2,LoVC22,DNa11,2,2,6,5
LC4,LT85,DNge054,2,2,2,5
LC4,AN07B004,DNge126,2,3,9,5
LC4,PS182,DNp57,2,2,6,5
LPLC2,LoVC18,DNpe043,3,3,16,5
LPLC2,MeVPLp1,DNge006,2,3,11,5
LPLC2,PS182,DNge176,1,2,6,5
LPLC2,AVLP536,DNp55,1,1,1,5
LPLC2,AVLP531,DNpe018,2,2,4635,5
LC4,LT81,DNp18,1,1,2,5
LC4,LT82a,DNae007,2,2,356,5
LPLC2,LoVC18,DNpe021,3,3,14,5
LPLC2,,DNb07,1,1,4,5
LPLC2,PVLP106,DNp55,2,2,64,5
LPLC2,,DNbe006,1,1,29,5
LPLC2,PVLP106,DNp27,2,3,94,5
LC4,AVLP094,DNpe021,2,2,200,5
LPLC2,LoVP54,DNp66,2,2,201,5
LC4,LT82a,DNp11,2,2,329,5
LPLC2,AVLP531,pMP2,1,1,1610,5
LC4,LT82a,DNp27,3,4,676,5
LC4,PVLP100,DNp26,1,1,172,5
LC4,PS304,DNae007,1,1,1,5
LPLC2,,DNg105,1,2,2,5
LPLC2,IB114,DNp70,2,2,545,5
LC4,SAD044,DNp49,1,2,6,5
LC4,CB4102,DNp57,4,4,276,5
LC4,LoVC11,DNge041,1,2,2,5
LPLC2,PS182,DNg02_d,1,2,6,5
LPLC2,LoVC22,DNge043,3,3,7,5
LC4,AN07B004,DNpe015,2,3,9,5
LC4,LoVC11,DNp36,1,1,1,5
LPLC2,HSS,DNa16,1,1,4,5
LPLC2,PS182,DNg06,1,1,3,5
LPLC2,HSN,DNg71,1,1,11,5
LC4,SAD044,DNge056,1,1,4,5
LC4,CB4102,DNg42,3,3,194,5
LPLC2,PVLP093,DNg101,1,1,318,5
LPLC2,AVLP538,DNpe050,2,2,40,5
LC4,SAD044,DNge037,1,2,8,5
LPLC2,HSE,DNge086,1,1,13,5
LC4,CB4102,DNg110,3,3,106,5
LPLC2,HSS,DNge006,2,2,10,5
LC4,LoVC11,DNb09,1,1,1,5
LPLC2,T4d,DNp27,4,4,4,5
LC4,PS182,DNp01,1,1,5,5
LC4,AVLP531,DNp103,1,1,9,5
LC4,Li14,DNp11,5,5,6,5
LPLC2,WED117,DNp55,2,2,3,5
LPLC2,LoVC22,DNbe003,2,3,11,5
LPLC2,LoVC22,DNd05,3,3,12,5
LC4,Li23,DNp27,3,4,4,5
LC4,Li23,DNp31,1,1,1,5
LC4,LoVC11,DNae002,1,1,1,5
LC4,AVLP601,DNp55,1,1,1,5
LPLC2,IB114,DNp01,1,1,393,5
LC4,Li29,DNc02,3,3,4,5
LC4,SAD044,DNp31,2,2,7,5
LPLC2,LoVC22,DNg34,4,4,13,5
LPLC2,WED117,DNp30,2,3,4,5
LPLC2,LoVC22,DNpe055,2,2,7,5
LPLC2,GNG300,DNg87,2,3,883,5
LPLC2,,DNg29,2,2,11,5
LC4,AVLP085,DNpe040,1,1,7,5
LPLC2,LoVC5,DNp01,1,1,1,5
LC4,PS002,DNpe037,3,3,11,5
LC4,PS002,DNpe042,3,4,15,5
LPLC2,VS,DNae003,3,3,17,5
LC4,AVLP259,DNp11,2,2,1285,5
LPLC2,5-HTPLP01,DNpe039,2,2,5,5
LPLC2,OLVC5,DNpe013,1,1,3,5
LPLC2,CL319,DNp23,2,2,2,5
LPLC2,OLVC5,DNpe020,1,2,2,5
LPLC2,PVLP064,DNpe052,2,2,2,5
LPLC2,CL319,DNge151,2,2,2,5
LC4,CB4101,DNg64,3,3,39,5
LPLC2,PVLP070,DNp23,2,2,126,5
LPLC2,CL309,DNp54,1,2,4,5
LC4,PS038,DNa07,3,3,3,5
LC4,PS038,DNa15,2,2,2,5
LC4,LoVC22,DNpe055,2,2,2,5
LPLC2,CL309,DNp63,1,2,4,5
LC4,LoVC6,DNb01,1,2,2,5
LPLC2,CL319,DNp43,2,2,2,5
LPLC2,CL319,DNp52,2,3,3,5
LPLC2,PVLP209m,DNpe022,2,2,9,5
LC4,LoVCLo1,DNpe037,1,2,2,5
LC4,AVLP085,DNg93,1,2,14,5
LPLC2,CL319,DNae007,2,2,2,5
LC4,PS002,DNg02_e,1,1,4,5
LC4,AN09B023,DNae005,1,1,3,5
LPLC2,WED104,DNp38,1,1,45,5
LPLC2,CL319,DNp54,2,2,2,5
LPLC2,LoVP50,DNpe003,4,4,9,5
LC4,CB1649,DNp69,1,1,1,5
LC4,SAD013,DNge054,1,1,103,5
LPLC2,CL319,DNpe031,2,3,3,5
LC4,PS002,DNpe016,2,2,7,5
LPLC2,5-HTPMPV03,CB0429,2,3,21,5
LC4,LoVC6,DNbe001,2,3,3,5
LC4,CB1717,DNp03,2,2,14,5
LPLC2,AVLP593,DNd05,1,1,1,5
LPLC2,PS208,DNg02_c,1,2,2,5
LPLC2,PVLP070,DNp35,2,2,130,5
LPLC2,5-HTPMPV03,DNbe005,2,3,15,5
LC4,PS001,DNpe021,1,1,12,5
LC4,LoVCLo3,DNpe024,2,3,43,5
LC4,LoVCLo3,DNp31,2,3,35,5
LPLC2,CL319,DNge135,1,1,1,5
LC4,AVLP093,,1,1,2,5
LPLC2,CL323,DNp09,2,3,518,5
LPLC2,5-HTPLP01,DNp42,2,2,5,5
LPLC2,WED104,DNpe056,2,2,83,5
LPLC2,CL319,DNg98,1,2,2,5
LPLC2,AVLP592,DNpe020,1,2,38,5
LC4,PS001,DNp69,1,1,12,5
LPLC2,5-HTPMPV03,DNg02_d,2,3,15,5
LPLC2,CL303,DNp54,1,1,1,5
LPLC2,AVLP591,DNp71,2,2,17,5
LC4,LoVC7,DNpe002,2,3,34,5
LPLC2,5-HTPMPV03,DNg82,2,4,18,4
LC4,WED109,DNp04,1,1,23,4
LC4,AVLP452,DNg93,1,2,1092,4
LPLC2,AN27X011,DNge149,1,1,1,4
LPLC2,MeVC25,DNpe011,1,1,329,4
LPLC2,OA-VUMa4,DNa05,2,3,217,4
LC4,SAD106,DNp19,2,2,35,4
LC4,AVLP531,DNp23,1,1,9,4
LC4,PVLP207m,pIP1,1,1,1,4
LC4,SAD073,DNpe037,2,3,12,4
LPLC2,PLP093,DNbe001,1,1,10,4
LPLC2,PLP018,DNp69,2,2,8,4
LPLC2,AN27X011,DNp14,1,1,1,4
LPLC2,PLP060,DNbe004,1,1,11,4
LC4,PVLP137,DNge144,2,2,855,4
LPLC2,MeVPMe2,DNge026,2,2,2,4
LC4,AVLP203_b,DNp02,1,1,2,4
LC4,AVLP610,DNp04,2,2,105,4
LPLC2,AN27X011,DNg16,1,2,2,4
LPLC2,AVLP040,DNp32,2,2,9,4
LC4,WED196,DNp35,1,2,4,4
LPLC2,MeVCMe1,DNpe014,1,1,10,4
LPLC2,AN27X011,DNp45,1,1,1,4
LC4,AVLP593,DNpe031,1,1,3,4
LC4,PVLP093,DNge141,1,1,11,4
LC4,PVLP216m,DNpe056,1,2,2,4
LPLC2,AN27X011,DNg30,1,2,2,4
LC4,SAD106,DNp04,2,2,35,4
LC4,SAD106,DNp02,2,3,45,4
LC4,SAD044,DNge138,1,1,4,4
LC4,AVLP593,DNp42,1,1,3,4
LC4,PVLP137,DNg22,1,1,290,4
LC4,SAD055,DNge054,2,2,99,4
LPLC2,Nod5,DNge135,1,1,8,4
LC4,WED107,DNpe022,2,2,9,4
LPLC2,AN27X011,DNge006,1,1,1,4
LC4,AVLP205,DNp71,1,1,5,4
LPLC2,OA-VUMa4,DNp18,2,3,197,4
LPLC2,LoVP93,DNp36,1,1,1,4
LPLC2,SAD064,DNp55,3,3,72,4
LC4,SAD013,DNg82,2,3,301,4
LPLC2,MeVP17,DNp66,1,1,2,4
LPLC2,AVLP040,DNp42,1,1,6,4
LPLC2,Nod5,DNge141,1,1,8,4
LC4,AVLP609,DNge148,1,2,4,4
LC4,AVLP476,DNp70,1,2,12,4
LPLC2,OA-VUMa4,DNpe057,1,1,79,4
LC4,SAD044,DNge091,1,2,8,4
LC4,AVLP542,DNge138,2,3,23,4
LPLC2,,DNg53,3,3,1444,4
LPLC2,OA-VUMa4,DNa13,1,3,177,4
LPLC2,MeVP17,DNp29,1,1,2,4
LC4,SAD053,DNp33,1,1,8,4
LPLC2,AN27X011,DNg71,1,1,1,4
LC4,WED061,DNp45,1,1,5,4
LPLC2,T4c,DNp27,3,3,3,4
LPLC2,UNKNOWN,DNp02,2,2,4,4
LPLC2,PLP211,DNae008,2,4,310,4
LC4,PVLP137,DNge135,2,3,1420,4
LPLC2,AN27X011,DNge017,1,1,1,4
LPLC2,AN27X011,DNg60,1,1,1,4
LC4,PVLP120,DNp03,1,1,148,4
LC4,AVLP476,DNp29,1,2,12,4
LC4,AVLP542,DNge047,2,2,17,4
LPLC2,AVLP016,DNa11,1,1,1,4
LPLC2,PLP018,DNg04,1,2,2,4
LC4,WED072,DNpe025,1,1,1,4
LPLC2,5-HTPMPV03,DNg11,2,4,18,4
LPLC2,,DNde006,1,1,13,4
LC4,PVLP127,DNa07,1,1,15,4
LC4,AVLP536,DNpe031,2,3,8,4
LPLC2,MeVP51,DNpe039,2,2,13,4
LPLC2,PLP060,DNpe002,1,1,11,4
LPLC2,T5d,DNp30,3,3,3,4
LC4,AVLP429,DNp55,1,2,424,4
LPLC2,PLP017,DNp27,1,1,7,4
LC4,PVLP130,DNp34,2,3,2945,4
LC4,Y14,DNp30,3,3,5,4
LPLC2,OA-AL2i2,DNp30,2,2,25,4
LC4,WED127,DNa16,2,2,104,4
LPLC2,TmY14,DNp15,3,3,3,4
LC4,AVLP476,DNp09,1,1,6,4
LPLC2,PLP163,DNp09,2,2,159,4
LPLC2,AVLP086,DNp04,1,1,3,4
LC4,WED072,DNpe056,2,2,3,4
LC4,SAD013,DNd03,1,2,190,4
LC4,AVLP542,DNc01,2,2,17,4
LC4,SAD049,DNpe031,1,2,114,4
LC4,PVLP127,DNp35,2,3,40,4
LC4,WED104,DNp103,1,1,4,4
LPLC2,5-HTPMPV03,DNg09_b,2,2,12,4
LPLC2,Nod1,DNb05,1,1,4,4
LPLC2,AVLP001,DNp43,1,1,1,4
LPLC2,AVLP201,DNp70,2,2,15,4
LC4,WED106,DNae009,1,1,2,4
LC4,WED104,DNpe052,1,1,4,4
LPLC2,MeVP51,DNpe021,2,2,13,4
LC4,WED104,DNxl114,1,1,4,4
LC4,AVLP500,DNpe031,2,4,16,4
LC4,SAD049,DNp03,2,2,108,4
LC4,SAD013,DNg04,2,2,198,4
LC4,AVLP610,DNp11,2,2,105,4
LPLC2,AVLP016,DNa08,1,1,1,4
LPLC2,OLVC3,DNp27,1,1,1,4
LPLC2,AVLP016,DNp10,1,1,1,4
LPLC2,AVLP016,DNg104,1,1,1,4
LPLC2,AOTU034,DNp12,2,2,34,4
LPLC2,,DNg05_c,1,1,9,4
LC4,PVLP093,CB0429,1,1,11,4
LC4,PVLP113,DNpe040,1,1,2,4
LPLC2,AVLP201,DNg40,1,1,6,4
LC4,PVLP100,DNp54,2,2,196,4
LPLC2,AVLP086,DNg40,1,1,3,4
LPLC2,OA-ASM1,DNp11,2,2,11,4
LC4,PVLP137,DNbe006,2,3,1420,4
LPLC2,Nod1,DNbe001,2,2,6,4
LC4,AVLP605,DNd02,1,2,8,4
LC4,WED069,DNp54,1,1,1,4
LPLC2,5-HTPMPV03,DNbe007,2,2,12,4
LPLC2,VST1,DNge108,1,1,1,4
LPLC2,OA-VUMa4,DNge135,2,3,217,4
LC4,PVLP100,DNd03,2,2,236,4
LPLC2,5-HTPMPV03,DNg41,2,3,21,4
LPLC2,AOTU034,DNp27,1,2,44,4
LC4,PVLP122,DNa14,3,4,2854,4
LPLC2,SAD049,DNpe031,1,2,60,4
LC4,PVLP126_b,DNa07,1,1,1,4
LPLC2,OLVC3,DNp30,1,2,2,4
LC4,PVLP130,DNpe031,2,3,2887,4
LPLC2,OA-AL2i1,DNp11,2,2,19,4
LC4,PVLP130,DNpe040,2,2,1944,4
LC4,SAD011,DNg40,1,1,60,4
LPLC2,5-HTPMPV03,DNg36_a,2,4,24,4
LC4,AVLP202,DNpe042,2,3,55,4
LC4,SAD049,DNg74_a,2,2,108,4
LC4,WED125,DNpe012_b,1,1,311,4
LPLC2,,DNg02_c,3,3,1107,4
LC4,PVLP093,DNge113,2,2,44,4
LPLC2,VST1,DNpe015,2,2,2,4
LPLC2,LoVP93,DNge041,3,3,58,4
LC4,WED106,DNp04,3,3,8,4
LC4,AVLP609,DNp38,1,1,2,4
LPLC2,PLP211,DNg29,1,1,85,4
LC4,WED060,DNge056,1,1,14,4
LC4,SAD073,DNge032,2,3,12,4
LPLC2,OA-VUMa4,DNae003,2,3,217,4
LC4,AVLP605,DNge148,1,2,8,4
LC4,AVLP542,DNp69,2,2,17,4
LPLC2,5-HTPMPV03,DNp33,2,3,21,4
LC4,AVLP280,DNp35,1,1,1,4
LC4,Tm16,DNp27,3,4,4,4
LC4,WED127,DNp59,3,3,227,4
LC4,AVLP605,DNp04,1,1,4,4
LC4,AVLP536,DNp103,1,1,2,4
LC4,AVLP531,DNpe011,1,1,9,4
LC4,PVLP111,DNpe025,2,2,5,4
LPLC2,LoVP93,DNpe013,3,3,42,4
LC4,VES023,DNp23,1,2,4,4
LC4,AVLP452,DNpe040,2,2,1033,4
LPLC2,AVLP080,DNp13,2,2,31,4
LPLC2,AVLP080,DNp27,2,3,51,4
LC4,PVLP201m_a,DNa01,1,1,4,4
LC4,AVLP204,DNp02,1,1,3,4
LPLC2,Nod3,DNp12,1,2,10,4
LC4,WED125,DNb02,2,2,580,4
LC4,PVLP094,DNp07,2,2,38,4
LPLC2,OA-VUMa4,DNge014,1,1,79,4
LC4,WED187,DNge130,1,2,2,4
LC4,AVLP203_c,DNp11,1,1,2,4
LC4,WED015,DNpe043,1,1,5,4
LC4,AVLP479,DNp64,2,2,4,4
LC4,PVLP151,DNp02,2,2,744,4
LC4,WED015,DNp43,2,2,6,4
LC4,AVLP593,DNbe007,1,1,3,4
LC4,WED189,DNge111,1,2,10,4
LC4,PVLP151,DNp09,3,3,1132,4
LPLC2,MeVP18,DNpe025,2,2,5,4
LPLC2,MeVC25,DNp103,2,2,585,4
LC4,AVLP203_c,DNp66,1,1,18,4
LPLC2,AVLP040,DNde007,1,1,6,4
LC4,AVLP610,DNde002,2,2,105,4
LC4,SAD073,DNge120,1,1,3,4
LPLC2,5-HTPMPV03,DNp49,1,2,18,4
LC4,SAD064,DNpe021,2,2,765,4
LC4,PVLP151,DNpe026,3,3,1091,4
LC4,PVLP201m_a,DNa04,1,1,4,4
LPLC2,PLP211,DNp47,2,3,225,4
LC4,AVLP339,DNp59,1,1,30,4
LPLC2,5-HTPMPV03,DNge113,2,4,30,4
LC4,AVLP610,DNge053,2,4,210,4
LPLC2,PLP093,DNp10,1,1,10,4
LC4,WED124,DNp18,2,2,17,4
LPLC2,OLVC5,DNge072,2,2,4,4
LPLC2,5-HTPLP01,DNp27,2,3,7,4
LC4,TmY15,DNc01,4,4,4,4
LC4,WED127,DNpe023,1,1,123,4
LC4,SAD073,DNg97,3,3,12,4
LC4,SAD013,DNp70,2,2,198,4
LPLC2,MeVPLp1,DNa06,2,2,6,4
LC4,PVLP201m_a,DNp11,1,1,4,4
LC4,TmY14,DNb03,2,3,3,4
LPLC2,SAD064,DNp04,3,3,90,4
LC4,WED125,DNa10,2,4,1160,4
LC4,PVLP201m_a,MDN,1,2,8,4
LC4,AVLP280,DNp103,1,1,1,4
LC4,WED125,DNa04,2,2,598,4
LC4,Tm5Y,DNp27,2,2,2,4
LPLC2,AVLP080,DNpe025,2,2,31,4
LC4,WED166_d,DNpe025,1,1,1,4
LC4,PVLP201m_d,DNa11,1,1,1,4
LC4,AVLP531,DNpe018,1,1,9,4
LPLC2,5-HTPMPV03,DNge089,2,4,24,4
LC4,Tm3,DNp11,2,2,3,4
LPLC2,SLP250,DNp101,1,1,1,4
LPLC2,,MDN,1,3,12,4
LPLC2,5-HTPMPV03,DNp18,2,2,12,4
LC4,UNKNOWN,DNa10,1,1,1,4
LC4,PVLP201m_a,DNbe006,1,1,4,4
LC4,WED124,DNg01_c,1,1,8,4
LPLC2,5-HTPLP01,DNp07,2,2,5,4
LC4,SAD013,DNp07,2,2,198,4
LPLC2,5-HTPLP01,DNp09,1,1,3,4
LPLC2,5-HTPLP01,DNp46,2,2,5,4
LPLC2,PLP034,DNp09,1,1,3,4
LPLC2,OLVC5,DNge152,2,2,4,4
LPLC2,OA-VUMa4,DNg52,2,3,217,4
LC4,PVLP093,pIP1,1,1,33,4
LPLC2,5-HTPMPV03,DNpe001,2,3,15,4
LPLC2,Tm26,DNp27,4,4,5,4
LC4,SAD044,DNg81,2,3,11,4
LC4,PVLP201m_d,MDN,1,2,2,4
LC4,SAD106,DNp33,2,3,60,4
LC4,AVLP430,DNp04,1,1,219,4
LPLC2,AN27X011,DNa04,1,1,1,4
LC4,SAD055,DNp35,1,1,66,4
LC4,WED047,DNpe056,1,2,12,4
LC4,PVLP069,DNpe025,1,1,1,4
LC4,SAD106,DNp35,1,1,25,4
LC4,SAD055,DNp69,2,2,99,4
LPLC2,PLP034,DNa03,1,1,3,4
LPLC2,SAD064,DNpe021,2,2,58,4
LC4,SAD073,DNp42,2,2,9,4
LC4,AVLP476,DNpe042,1,2,12,4
LC4,SAD044,DNg108,1,2,8,4
LC4,SAD064,DNg106,1,2,100,4
LC4,PVLP111,DNp103,3,3,6,4
LPLC2,Nod5,DNa16,1,1,8,4
LPLC2,AVLP079,DNpe050,1,1,9,4
LC4,AVLP280,DNp43,1,1,1,4
LC4,PVLP137,pIP10,2,2,855,4
LC4,WED046,DNp64,2,2,13,4
LC4,PVLP137,DNpe053,2,2,855,4
LC4,PVLP069,DNp103,1,1,1,4
LC4,SAD044,DNg39,1,1,4,4
LC4,SAD013,DNg99,2,2,198,4
LPLC2,AVLP080,pMP2,1,1,11,4
LC4,SAD044,DNg36_a,1,1,3,4
LC4,AVLP476,DNg104,1,1,6,4
LC4,PVLP122,DNp03,3,3,2603,4
LC4,WED109,DNpe045,1,2,46,4
LC4,WED127,DNg88,2,2,201,4
LC4,AVLP502,DNp30,1,2,4,4
LC4,PVLP093,DNp12,1,1,33,4
LPLC2,SAD073,DNg108,1,1,22,4
LC4,PVLP111,DNg40,2,2,4,4
LC4,AVLP258,DNp30,1,1,12,4
LPLC2,PLP211,DNp49,2,3,240,4
LC4,WED060,DNbe007,1,1,14,4
LPLC2,PLP034,pIP1,1,1,3,4
LC4,WED116,DNp70,1,2,328,4
LPLC2,AVLP176_d,DNpe021,4,4,198,4
LC4,SAD013,DNa13,2,3,301,4
LPLC2,5-HTPMPV03,DNpe028,2,3,21,4
LPLC2,PLP163,DNpe021,1,1,3,4
LPLC2,MeVPLp1,DNg03,2,3,11,4
LPLC2,5-HTPMPV03,DNpe021,2,2,12,4
LC4,SAD023,DNge049,2,2,184,4
LC4,AVLP203_c,DNp04,1,2,36,4
LPLC2,MBON33,,1,1,1,4
LPLC2,MeVP18,DNp70,3,3,23,4
LC4,WED189,DNp04,1,1,5,4
LC4,AVLP593,DNg104,1,2,6,4
LC4,PVLP141,DNp57,2,2,1539,4
LPLC2,PLP034,DNp59,1,1,3,4
LPLC2,5-HTPMPV03,DNpe012_b,2,4,30,4
LPLC2,5-HTPMPV03,DNpe012_a,2,4,24,4
LC4,WED127,DNp06,2,2,201,4
LC4,PVLP122,DNp16_a,1,1,29,4
LC4,AVLP593,DNde005,1,1,3,4
LC4,SAD013,DNge043,2,2,198,4
LPLC2,OA-VUMa4,DNpe023,2,2,138,4
LC4,WED117,DNge031,2,2,4,4
LC4,SAD044,DNd03,2,2,7,4
LC4,PVLP111,DNp35,3,3,6,4
LPLC2,5-HTPMPV03,DNae010,2,2,12,4
LPLC2,PLP211,DNge073,2,4,310,4
LPLC2,,DNp10,3,3,14,4
LC4,WED193,DNp02,1,2,42,4
LPLC2,AVLP176_d,DNp71,2,2,115,4
LPLC2,TmY3,DNp11,2,2,2,4
LC4,PVLP111,DNp27,4,4,6,4
LC4,AVLP531,DNp49,1,1,9,4
LC4,PVLP141,DNg111,2,3,2265,4
LPLC2,,DNp23,3,3,231,4
LC4,AVLP476,DNc01,1,1,6,4
LC4,PVLP141,DNg31,1,1,726,4
LPLC2,PLP211,DNpe001,2,2,155,4
LC4,WED046,DNge184,2,2,13,4
LC4,AVLP531,DNp59,1,1,9,4
LPLC2,PLP034,DNa10,1,1,3,4
LPLC2,5-HTPMPV03,DNge015,2,3,15,4
LC4,PVLP123,DNpe010,1,1,60,4
LPLC2,OLVC5,DNb03,2,2,4,4
LPLC2,LoVP93,DNg111,3,3,55,4
LPLC2,LoVC15,DNp102,3,3,5,4
LC4,LoVC15,DNp54,3,3,16,4
LC4,LC19,DNge041,1,2,2,4
LPLC2,PVLP022,DNp04,1,1,323,4
LC4,OCG02b,DNpe042,2,2,2,4
LC4,OCG02b,DNpe005,2,2,2,4
LC4,OCG02b,DNpe004,2,3,3,4
LPLC2,LoVP101,DNge152,2,2,5,4
LC4,LoVC15,DNp63,2,3,12,4
LC4,OCG02b,DNp59,2,3,3,4
LC4,OCG02b,DNp49,2,3,3,4
LC4,LoVC15,DNp69,3,3,16,4
LC4,AN27X011,DNp45,1,1,2,4
LPLC2,LoVP101,DNge138,2,2,5,4
LPLC2,LoVC15,DNp05,3,3,7,4
LC4,OCG02b,DNg90,2,2,2,4
LC4,CB4102,DNb05,3,3,170,4
LPLC2,PVLP022,DNp36,3,3,874,4
LC4,AN27X011,DNp14,1,1,2,4
LC4,OA-VUMa4,DNpe057,1,1,2,4
LC4,LC22,DNb05,2,2,6,4
LPLC2,PVLP022,DNp70,3,3,874,4
LC4,OA-VUMa4,DNpe023,2,2,4,4
LPLC2,SAD013,DNa13,2,3,180,4
LPLC2,LoVC15,DNp54,3,3,6,4
LPLC2,aMe17e,DNc01,2,2,2,4
LC4,5-HTPMPV03,DNg82,2,4,4,4
LPLC2,LoVC15,DNp63,2,3,6,4
LC4,CL022_a,DNp35,1,1,1,4
LC4,AN27X011,DNge149,1,1,2,4
LPLC2,CB4102,DNp63,2,2,13,4
LC4,CB2940,DNp47,2,2,55,4
LC4,OCG06,DNbe001,2,2,12,4
LPLC2,LoVP101,DNp54,1,2,8,4
LC4,OCG06,DNg02_g,2,2,12,4
LC4,LPT60,DNpe031,1,2,704,4
LPLC2,LoVC22,DNp14,2,3,3,4
LPLC2,LPT23,DNp27,4,4,37,4
LPLC2,PVLP021,DNp38,1,2,12,4
LPLC2,SAD013,DNd03,1,2,300,4
LC4,OCG06,DNp70,1,2,10,4
LC4,5-HTPMPV03,DNg41,2,3,3,4
LPLC2,CB3411,DNg29,1,1,4,4
LC4,CL022_b,DNge091,1,1,11,4
LC4,LC14a-2,pIP1,1,1,1,4
LPLC2,CB3513,DNc01,2,2,79,4
LC4,LC14b,DNp27,4,4,10,4
LC4,LoVC15,DNp05,3,3,11,4
LPLC2,CB3513,DNge032,2,2,79,4
LC4,LC16,DNpe040,3,3,3,4
LC4,OCG06,DNge148,2,2,12,4
LC4,LPT60,DNpe026,1,1,299,4
LC4,LoVC15,DNp102,3,3,17,4
LC4,OCG06,DNge049,2,3,19,4
LPLC2,CB3513,DNpe037,2,2,79,4
LC4,OCG06,DNg95,2,2,12,4
LC4,LC19,DNae007,1,1,1,4
LC4,AN08B010,DNg105,1,2,32,4
LPLC2,CB3513,DNpe052,3,3,112,4
LC4,OCG06,DNg50,2,2,12,4
LC4,LC19,DNbe006,1,1,1,4
LC4,LC19,DNg111,1,1,1,4
LPLC2,LC29,DNpe021,3,3,7,4
LC4,OCG06,DNg108,1,2,14,4
LC4,OA-VUMa4,DNp18,2,3,6,4
LPLC2,LoVP101,DNge047,1,1,1,4
LC4,LC22,DNp54,4,4,7,4
LPLC2,LoVP101,DNbe007,2,2,5,4
LC4,CB3201,DNp55,2,2,311,4
LC4,OA-VUMa4,DNa05,2,3,6,4
LC4,LC29,DNp11,2,2,2,4
LC4,LC29,DNp27,3,3,5,4
LC4,AN27X011,DNg71,1,1,2,4
LC4,OA-AL2i3,DNa06,1,1,1,4
LPLC2,LoVP101,CB0429,2,2,5,4
LPLC2,LPLC4,DNbe004,1,1,35,4
LPLC2,CB4179,DNge046,1,1,1,4
LC4,OA-AL2i2,DNp30,2,2,6,4
LC4,AN27X011,DNg60,1,1,2,4
LPLC2,PVLP123,DNpe010,1,1,101,4
LPLC2,LoVCLo3,aSP22,2,2,159,4
LPLC2,PVLP026,DNpe031,1,3,117,4
LC4,AN27X011,DNg30,1,2,4,4
LPLC2,LoVCLo3,DNpe052,2,3,247,4
LPLC2,LoVCLo3,DNpe045,2,2,159,4
LPLC2,CB4180,DNge130,1,1,2,4
LPLC2,LPLC4,DNae007,1,1,55,4
LPLC2,PVLP121,DNg104,1,2,10,4
LC4,CL001,DNp42,1,1,1,4
LC4,OA-AL2i1,DNp11,2,2,3,4
LC4,CL001,DNp104,1,1,1,4
LC4,5-HTPMPV03,DNge089,2,4,4,4
LC4,AN27X011,DNg16,1,2,4,4
LC4,LC31a,DNpe056,4,4,10,4
LPLC2,LoVC15,DNpe021,2,2,5,4
LPLC2,CL022_a,DNp35,1,1,1,4
LC4,MeVPLo1,DNpe020,1,2,2,4
LC4,LC29,DNbe007,2,2,3,4
LPLC2,PVLP123,DNpe026,3,3,204,4
LC4,OA-VUMa4,DNge135,2,3,6,4
LC4,OA-VUMa4,DNa13,1,3,6,4
LPLC2,CB4162,DNp71,2,2,139,4
LC4,LoVC15,DNpe005,3,3,15,4
LPLC2,WED210,DNge094,1,2,2,4
LPLC2,LoVC15,DNp69,3,3,6,4
LPLC2,CB4163,DNp11,2,2,282,4
LPLC2,CB4163,DNp27,2,3,231,4
LC4,OA-VUMa4,DNge014,1,1,2,4
LC4,LoVC15,aSP22,2,2,9,4
LC4,LC23,DNb01,2,2,19,4
LC4,AN27X011,DNge017,1,1,2,4
LC4,AN27X011,DNge006,1,1,2,4
LC4,CB3201,DNg40,4,4,715,4
LC4,OA-VUMa4,DNg52,2,3,6,4
LC4,AN08B010,DNg74_a,2,2,22,4
LPLC2,CB4163,DNp70,2,2,75,4
LPLC2,LoVC22,DNp42,3,3,12,4
LPLC2,LoVP101,DNg82,1,2,2,4
LPLC2,LoVP101,DNg37,2,2,5,4
LPLC2,PVLP024,DNpe021,2,2,36,4
LPLC2,CB4170,DNp06,2,2,8,4
LPLC2,PVLP024,DNpe045,3,3,52,4
LC4,5-HTPMPV03,DNge015,2,3,3,4
LPLC2,WED117,DNg74_b,1,2,4,4
LPLC2,LoVP101,DNg12_a,2,3,6,4
LC4,CL001,DNpe026,1,1,1,4
LPLC2,CB4176,DNge054,1,2,2,4
LC4,LC23,DNp27,3,3,67,4
LPLC2,GNG300,DNge101,2,2,633,4
LC4,OA-VUMa4,DNae003,2,3,6,4
LC4,5-HTPMPV03,DNg36_a,2,4,4,4
LPLC2,LPT26,DNp07,2,2,65,4
LPLC2,GNG300,DNge083,1,1,250,4
LPLC2,PVLP120,DNp03,1,1,492,4
LPLC2,CB1502,DNpe031,1,2,2,4
LPLC2,CB1638,DNp04,3,3,92,4
LC4,PLP074,DNpe040,1,1,2,4
LC4,PLP074,DNp69,1,2,4,4
LPLC2,CB1688,DNa02,1,1,72,4
LC4,PLP074,DNp07,1,1,2,4
LPLC2,CB1688,DNg13,1,1,72,4
LPLC2,PVLP015,DNpe025,2,2,185,4
LPLC2,PVLP015,DNpe031,2,2,185,4
LPLC2,CB1688,DNp13,2,2,186,4
LC4,PLP060,DNp69,2,2,57,4
LC4,LoVC13,DNg108,1,1,8,4
LC4,PLP060,DNge041,1,1,46,4
LC4,LoVC13,DNg74_a,1,1,8,4
LC4,LoVC13,DNge063,1,1,8,4
LC4,LC11,DNpe031,3,4,8,4
LC4,CB2664,DNg108,1,1,63,4
LPLC2,PVLP151,DNpe026,3,3,4676,4
LC4,CL022_c,DNge181,1,2,2,4
LPLC2,PVLP093,CB0429,1,1,318,4
LPLC2,PVLP127,DNp35,1,2,2,4
LC4,LoVC13,DNp04,1,1,8,4
LC4,PLP034,aSP22,2,2,305,4
LPLC2,PVLP017,DNp35,2,2,593,4
LC4,LT11,DNp27,1,2,12,4
LPLC2,LoVP18,DNp36,1,1,1,4
LC4,LAL300m,DNa01,1,1,35,4
LPLC2,PVLP209m,DNp18,1,1,3,4
LPLC2,LPT30,DNp20,1,1,4,4
LC4,CB2664,DNge132,2,2,134,4
LPLC2,CB1498,DNpe053,2,3,4,4
LC4,AN07B004,DNpe021,1,1,3,4
LPLC2,LC23,aSP22,2,2,7,4
LPLC2,PVLP015,DNp45,2,2,185,4
LC4,LAL026_a,DNge041,1,1,124,4
LC4,PLP150,DNp104,1,2,14,4
LC4,LT35,DNp47,2,3,253,4
LPLC2,CB0929,DNpe039,2,2,27,4
LC4,LoVC11,DNge124,1,1,1,4
LPLC2,Li21,DNp27,2,2,2,4
LC4,PLP150,DNa04,1,1,151,4
LC4,PLP106,aSP22,2,2,10,4
LPLC2,CB1088,DNp55,2,2,2,4
LC4,CB2153,DNge130,1,1,2,4
LPLC2,HSS,DNg10,2,2,10,4
LC4,LoVC22,DNp19,3,3,4,4
LPLC2,PVLP015,DNg40,2,2,185,4
LC4,PLP106,DNp49,2,2,10,4
LC4,PLP106,DNp31,1,1,20,4
LC4,LT35,DNp42,1,1,79,4
LC4,LoVC11,DNp21,1,1,1,4
LC4,PLP099,DNae009,2,2,34,4
LC4,PLP099,DNa10,2,2,34,4
LPLC2,PVLP093,DNge141,1,1,318,4
LC4,CL022_c,DNpe027,1,1,1,4
LPLC2,LoVP23,DNp102,2,2,10,4
LPLC2,CB1498,DNg40,2,2,3,4
LPLC2,PVLP209m,DNp103,2,2,14,4
LC4,LT33,DNc02,1,1,1,4
LC4,PLP093,DNp47,2,2,222,4
LPLC2,PVLP093,DNge113,2,2,704,4
LC4,CB2371,DNg09_a,1,1,44,4
LC4,LoVC11,DNpe012_b,1,2,2,4
LC4,PLP034,DNp04,1,1,113,4
LPLC2,LPT30,DNge152,1,1,4,4
LPLC2,SAD013,DNge043,2,2,165,4
LC4,5-HTPMPV03,DNg11,2,4,4,4
LPLC2,CB2676,DNp30,1,1,2,4
LPLC2,LoVP109,DNpe025,1,1,17,4
LPLC2,LoVP109,DNp45,1,1,17,4
LPLC2,PVLP021,DNbe001,2,3,44,4
LC4,PLP019,DNg01_a,1,1,1,4
LPLC2,CB2940,DNae009,2,2,23,4
LC4,PLP019,DNb05,1,1,1,4
LC4,AN08B010,DNb05,2,3,38,4
LC4,AN08B010,DNg02_a,2,2,22,4
LPLC2,CB2940,DNge053,2,2,23,4
LPLC2,H2,DNa06,1,1,54,4
LC4,CB4102,DNg01_unclear,2,2,95,4
LPLC2,PVLP080_b,DNp09,2,2,3,4
LPLC2,CB2940,DNp47,2,2,23,4
LC4,CB2940,DNae009,2,2,55,4
LC4,PLP018,DNp69,2,2,31,4
LC4,LC10a,DNd05,2,2,2,4
LPLC2,LoVC15,DNg01_c,2,2,2,4
LC4,PLP018,DNg04,1,2,48,4
LPLC2,GNG300,DNpe003,1,2,500,4
LC4,PLP018,DNbe001,2,2,33,4
LPLC2,PVLP021,DNge113,3,4,18,4
LC4,LoVC15,DNg75,2,3,15,4
LC4,PLP018,DNa02,2,2,33,4
LC4,ANXXX109,DNp04,2,2,20,4
LPLC2,PVLP126_b,DNa07,1,1,14,4
LC4,CB2940,DNge053,2,2,55,4
LPLC2,SAD013,DNg04,2,2,165,4
LC4,LC11,DNp55,2,2,2,4
LPLC2,CB2472,DNpe045,1,1,3,4
LC4,PLP019,DNge041,1,1,1,4
LC4,5-HTPMPV03,DNg09_b,2,2,2,4
LPLC2,PVLP080_b,DNpe040,3,3,6,4
LPLC2,LoVP18,DNp05,2,2,2,4
LPLC2,LoVP18,DNge043,1,1,1,4
LPLC2,PVLP082,DNp42,1,1,2,4
LC4,PLP034,DNa16,1,1,113,4
LC4,PLP034,DNa10,1,1,192,4
LPLC2,CB1932,DNpe025,2,2,11,4
LC4,LoVC14,DNp11,1,1,15,4
LPLC2,PVLP018,DNp01,1,1,8,4
LPLC2,LPT29,DNp42,1,1,8,4
LC4,PLP029,DNp63,2,4,1124,4
LPLC2,CB1934,DNp70,1,2,2,4
LPLC2,PVLP018,DNp55,1,1,8,4
LPLC2,CB1934,DNpe042,1,2,2,4
LPLC2,LoVP18,DNg02_a,2,4,4,4
LPLC2,LPT29,DNp02,1,1,8,4
LC4,PLP029,DNb01,1,2,504,4
LC4,LT11,DNp11,2,2,12,4
LPLC2,SAD013,DNg99,2,2,165,4
LPLC2,PVLP080_b,DNpe056,2,2,3,4
LC4,PLP029,DNa06,2,2,562,4
LPLC2,CB2472,DNd03,2,2,5,4
LC4,AOTU034,DNp10,2,2,62,4
LC4,PLP019,DNpe042,1,1,1,4
LC4,PLP019,DNpe031,1,1,1,4
LPLC2,SAD013,DNg82,2,3,180,4
LPLC2,LC29,DNpe005,2,2,5,4
LC4,PLP019,DNp31,1,1,1,4
LC4,PLP019,DNp09,1,1,1,4
LC4,PLP019,DNge088,1,1,1,4
LC4,MeVPLo1,DNge052,1,2,2,4
LC4,AN08B010,DNg81,2,3,38,4
LC4,LAL026_a,DNg19,1,1,124,4
LC4,5-HTPMPV03,DNpe021,2,2,2,4
LC4,LHAD1g1,pIP1,2,2,555,4
LPLC2,PVLP122,DNp16_a,1,1,5,4
LPLC2,LC39b,DNp27,2,3,19,4
LC4,LoVP101,DNge047,1,1,3,4
LC4,LoVP101,DNge010,1,1,3,4
LC4,AN09B023,DNge081,1,1,3,4
LC4,CB4101,DNge046,2,2,26,4
LPLC2,CL286,DNp31,2,2,25,4
LC4,LoVP101,DNg82,1,2,6,4
LPLC2,LoVC6,DNp57,1,2,4,4
LC4,CB4179,DNge046,1,1,17,4
LPLC2,PVLP062,DNp42,2,2,7,4
LPLC2,PVLP062,DNp43,1,1,3,4
LC4,AN09B023,DNge038,1,1,3,4
LPLC2,PVLP062,DNp59,2,2,7,4
LPLC2,CL213,DNge063,1,1,23,4
LC4,LLPC1,DNp03,3,3,3,4
LC4,LoVCLo3,aSP22,2,2,26,4
LC4,LoVCLo3,DNpe052,2,3,35,4
LC4,LoVCLo3,DNpe045,2,2,26,4
LPLC2,CL367,DNg40,1,2,14,4
LPLC2,CL286,DNpe043,1,2,14,4
LC4,LoVC22,DNg34,3,3,4,4
LC4,LoVCLo3,DNpe006,2,2,26,4
LC4,LoVCLo3,DNpe005,2,2,26,4
LC4,CB3879,DNp68,2,2,12,4
LPLC2,LoVC6,DNa10,1,2,4,4
LPLC2,LC37,DNpe032,2,2,3,4
LPLC2,LoVC22,DNpe043,1,1,6,4
LC4,LoVCLo3,DNp23,2,3,35,4
LPLC2,CL286,DNp02,1,1,7,4
LC4,LHAD1g1,DNpe052,2,2,555,4
LPLC2,CL286,DNge148,1,1,7,4
LPLC2,LoVC7,DNa09,1,1,1,4
LC4,CB3682,DNg32,1,1,8,4
LC4,LoVP18,DNp05,2,2,10,4
LPLC2,CL213,DNge136,2,3,68,4
LC4,LoVP18,DNge043,1,1,3,4
LPLC2,CL367,DNg97,1,2,14,4
LPLC2,CL213,DNge138,2,3,67,4
LC4,LoVP18,DNg82,2,2,3,4
LPLC2,CL213,DNp35,2,3,68,4
LC4,LoVC22,DNd05,2,2,3,4
LC4,LPT29,DNp02,1,1,1,4
LPLC2,CL213,DNp70,1,2,46,4
LC4,CB4179,DNge132,2,2,20,4
LPLC2,AVLP201,DNpe052,2,2,15,4
LC4,LoVP18,DNae002,2,2,11,4
LC4,LoVP109,DNpe025,1,1,7,4
LC4,LHAD1g1,DNpe025,2,2,555,4
LC4,LoVP109,DNp45,1,1,7,4
LPLC2,LC6,DNg104,3,3,4,4
LPLC2,CL266_a3,DNp42,1,1,4,4
LPLC2,PVLP062,DNg105,1,1,4,4
LC4,AN09B023,DNp49,1,1,3,4
LC4,LoVC22,DNg100,3,3,4,4
LPLC2,PVLP062,DNg24,1,1,3,4
LPLC2,PVLP062,DNg81,1,1,3,4
LPLC2,LoVC7,DNg02_d,2,2,2,4
LPLC2,CL286,DNg22,1,1,7,4
LC4,CB3682,DNpe024,1,1,8,4
LC4,LHAD1g1,DNpe043,1,1,322,4
LPLC2,CL286,DNge119,1,1,7,4
LC4,CB3879,DNpe042,2,2,12,4
LC4,LoVCLo3,DNp10,1,2,34,4
LC4,LLPC2,DNg82,2,2,3,4
LC4,LoVC6,DNc01,2,2,2,4
LPLC2,LC35b,DNp59,2,2,10,4
LPLC2,PVLP069,DNpe025,1,1,4857,4
LPLC2,CL323,DNb04,1,1,51,4
LC4,CB4101,DNge013,2,2,14,4
LC4,AN09B016,DNg74_b,1,1,1,4
LC4,LoVC25,DNpe016,1,1,1,4
LC4,LoVC25,DNp08,1,1,1,4
LC4,LoVC22,DNp101,3,3,4,4
LPLC2,CL323,DNg82,3,3,390,4
LPLC2,LoVC25,DNpe016,1,1,1,4
LC4,LoVC22,DNpe045,2,2,2,4
LC4,LoVC22,DNpe043,1,1,1,4
LPLC2,CL365,DNpe042,1,1,2,4
LC4,LoVC22,DNpe042,3,4,5,4
LC4,LoVC22,DNp13,3,3,4,4
LC4,LoVC22,DNpe027,2,2,2,4
LC4,LoVC22,DNpe021,2,3,4,4
LC4,LoVC22,DNpe018,3,3,4,4
LC4,LoVC22,DNp14,2,3,4,4
LPLC2,WED104,DNxl114,1,1,45,4
LC4,CB4176,DNge181,3,3,6,4
LPLC2,LC35b,DNp07,2,2,10,4
LC4,LoVC22,DNp63,2,3,5,4
LC4,LoVC22,DNp59,2,2,3,4
LC4,LPLC4,DNbe004,1,1,1,4
LC4,CB4176,DNge130,3,3,9,4
LC4,CB4176,DNge111,1,1,5,4
LPLC2,LoVC25,DNp08,1,1,1,4
LPLC2,PVLP206m,DNg84,1,1,71,4
LPLC2,LoVC18,DNae008,4,4,21,4
LPLC2,PVLP069,DNp103,1,1,4857,4
LC4,LoVCLo3,DNp04,1,2,34,4
LC4,LoVC6,DNg92_b,2,4,4,4
LC4,LoVCLo3,DNp03,2,3,35,4
LPLC2,LC37,CB0429,1,1,1,4
LPLC2,LoVC5,DNpe021,1,2,2,4
LC4,LoVCLo3,DNg40,2,2,26,4
LC4,AN09B023,DNde006,1,2,6,4
LPLC2,CL309,DNpe053,1,2,4,4
LC4,LoVCLo3,DNbe002,2,3,35,4
LPLC2,LC36,DNpe027,3,3,4,4
LC4,LoVCLo1,DNa10,1,1,1,4
LPLC2,CL367,DNbe003,1,1,7,4
LPLC2,CL319,DNg13,2,3,3,4
LPLC2,PVLP073,DNpe031,2,2,288,4
LC4,AN09B016,DNpe052,1,1,1,4
LPLC2,CL319,DNge047,1,1,1,4
LPLC2,CL319,DNge050,2,2,2,4
LC4,LoVC7,DNp19,2,3,34,4
LC4,LoVC22,DNge043,2,2,3,4
LPLC2,PVLP072,DNp66,1,1,7,4
LC4,LLPC3,DNpe037,2,2,2,4
LC4,LoVC7,DNg02_d,2,2,23,4
LC4,5-HTPMPV03,DNpe028,2,3,3,4
LPLC2,CL319,DNp42,2,2,2,4
LC4,LoVC7,DNa09,1,1,12,4
LPLC2,LC36,DNp09,1,1,1,4
LPLC2,CL319,DNp70,2,4,4,4
LPLC2,LoVC18,DNa06,2,2,8,4
LPLC2,LoVC18,DNa14,3,3,18,4
LPLC2,CL319,DNpe021,2,2,2,4
LPLC2,CL319,DNpe025,1,1,1,4
LPLC2,CL213,DNge073,2,4,90,4
LC4,LoVP18,DNpe013,2,2,11,4
LPLC2,PVLP027,DNpe045,2,4,78,4
LC4,LoVP93,DNge041,3,3,102,4
LPLC2,LLPC3,DNp11,4,4,9,4
LC4,CB3376,DNae009,1,2,2,4
LPLC2,CL053,DNa08,2,3,58,4
LC4,AN27X011,DNa04,1,1,2,4
LPLC2,LC35a,DNge107,3,3,23,4
LC4,LC35a,DNge107,3,3,10,4
LC4,LC35a,DNp03,2,2,4,4
LC4,AN17B013,DNp01,2,2,5,4
LC4,CL001,DNa01,1,1,1,4
LPLC2,LoVCLo3,DNp23,2,3,247,4
LC4,LoVP93,DNpe013,3,3,67,4
LPLC2,GNG300,DNg33,1,2,766,4
LC4,LoVP93,DNpe002,3,3,90,4
LPLC2,LC35a,DNp03,2,2,12,4
LPLC2,LoVC22,DNpe012_a,4,4,13,4
LC4,LoVP18,DNpe017,3,3,4,4
LPLC2,LoVCLo3,DNp10,1,2,142,4
LC4,LoVP93,DNa13,3,3,65,4
LC4,CB4248,DNpe040,1,2,4,4
LC4,LoVP92,DNp54,3,3,6,4
LPLC2,PVLP123,DNp07,2,2,2,4
LPLC2,PVLP034,DNde002,4,4,36,4
LC4,LoVP92,DNge041,2,2,2,4
LPLC2,LLPC1,DNp54,3,3,5,4
LPLC2,PVLP034,DNg13,1,1,12,4
LPLC2,GNG300,DNg102,1,2,500,4
LPLC2,CL053,DNpe001,1,1,30,4
LPLC2,LoVCLo3,DNp04,1,2,142,4
LPLC2,LoVCLo3,DNp03,2,3,247,4
LC4,LoVC18,DNp64,1,1,4,4
LC4,MeLo8,DNp30,4,4,159,4
LC4,MeLo9,DNp30,4,4,4,4
LPLC2,CL038,DNpe024,2,2,5,4
LC4,LC35a,DNb05,4,4,10,4
LPLC2,LoVC15,aSP22,2,2,4,4
LPLC2,LPC_unclear,DNb04,1,1,4,4
LC4,CB3302,DNp30,1,2,30,4
LPLC2,PVLP028,DNge054,3,3,81,4
LC4,LC31b,DNpe052,3,3,160,4
LPLC2,PVLP028,DNp01,2,2,72,4
LC4,MeVP18,DNpe056,1,1,1,4
LC4,LC31b,pIP10,2,2,244,4
LC4,MeVP18,DNp35,1,1,1,4
LPLC2,CL022_b,DNge091,1,1,27,4
LPLC2,LC31b,DNpe052,3,3,325,4
LPLC2,SAD011,DNp05,1,1,1,4
LC4,MeVCMe1,DNpe014,1,1,1,4
LPLC2,LoVCLo3,DNpe006,2,2,159,4
LC4,LoVC17,DNpe037,1,1,1,4
LPLC2,LoVCLo3,DNpe005,2,2,159,4
LPLC2,LC31b,pIP10,2,2,453,4
LC4,5-HTPMPV03,DNge113,2,4,4,4
LC4,LC33,DNae007,1,1,1,4
LPLC2,LoVC18,DNg41,2,3,17,4
LC4,CB3376,DNa11,2,2,6,4
LPLC2,PVLP122,DNa14,3,4,1528,4
LPLC2,CL022_c,DNp69,1,1,1,4
LPLC2,LC35a,DNb05,4,4,20,4
LC4,MeVC25,DNpe011,1,1,307,4
LPLC2,CL022_c,DNpe042,1,2,2,4
LC4,MeVC25,DNp103,2,2,549,4
LPLC2,LoVC18,DNg100,3,3,15,4
LPLC2,LLPC4,DNbe001,1,1,1,4
LPLC2,CL131,DNb09,1,1,1,4
LC4,5-HTPMPV03,DNp18,2,2,2,4
LPLC2,CL367,DNpe026,1,2,14,4
LPLC2,LHAD1g1,DNp29,2,3,3023,4
LPLC2,CL367,DNp34,1,1,7,4
LPLC2,WED104,DNg32,2,2,83,4
LC4,LoVP50,DNge083,3,3,13,4
LC4,AN10B019,DNp11,2,2,8,4
LC4,LoVP50,DNge041,1,1,9,4
LPLC2,CL203,DNg66,1,1,1,4
LC4,LoVC22,DNa11,1,1,2,4
LC4,LC9,DNp69,3,3,6,4
LPLC2,CL367,DNp02,1,2,14,4
LC4,LoVC22,DNbe002,2,3,5,4
LC4,5-HTPMPV03,DNpe001,2,3,3,4
LC4,LoVP33,DNpe017,1,1,1,4
LPLC2,LC9,DNp46,4,4,5,4
LC4,5-HTPMPV03,DNpe012_a,2,4,4,4
LPLC2,PVLP213m,DNpe056,1,1,24,4
LC4,5-HTPMPV03,DNpe012_b,2,4,4,4
LC4,CB4180,DNge130,1,1,27,4
LC4,CB3588,DNbe001,1,2,2,4
LPLC2,PVLP203m,DNge136,1,1,2,4
LPLC2,PVLP213m,DNp60,2,2,31,4
LPLC2,LC6,DNpe031,2,2,2,4
LPLC2,CL213,DNg14,2,2,45,4
LC4,CB4179,DNp55,2,2,32,4
LC4,LHAD1g1,DNp29,2,3,877,4
LC4,AN10B019,DNg74_a,3,3,9,4
LC4,LoVP25,DNp08,1,2,2,4
LPLC2,LoVC7,DNp19,2,3,3,4
LPLC2,PVLP213m,DNp13,2,2,15,4
LPLC2,PVLP061,DNp29,1,1,15,4
LC4,5-HTPMPV03,DNp49,1,2,2,4
LPLC2,LoVC22,DNpe021,2,3,3,4
LPLC2,CL131,DNp102,1,1,1,4
LC4,AN10B019,DNp55,2,2,2,4
LPLC2,LHAV2b4,DNp69,2,2,5,4
LC4,LoVC18,DNpe020,1,2,8,4
LPLC2,LHAD1g1,pIP1,2,2,2049,4
LC4,LC36,DNpe003,2,2,3,4
LPLC2,LHAD1g1,DNpe052,2,2,2049,4
LPLC2,LHAD1g1,DNpe043,1,1,974,4
LPLC2,LoVCLo3,DNg40,2,2,159,4
LC4,5-HTPMPV03,DNp33,2,3,3,4
LC4,LPT29,DNp42,1,1,1,4
LPLC2,LHAD1g1,DNpe025,2,2,2049,4
LPLC2,CL140,DNbe005,2,2,209,4
LC4,CB3513,DNc01,2,2,1355,4
LPLC2,WED117,DNg30,2,2,3,4
LPLC2,LoVC22,DNpe018,3,3,8,4
LPLC2,PVLP216m,DNp34,2,3,7,4
LPLC2,PVLP034,DNp36,3,3,25,4
LC4,CB3513,DNge032,2,2,1355,4
LC4,AN17B005,DNg09_a,1,2,4,4
LC4,LC39a,DNpe005,1,1,6,4
LPLC2,LoVCLo3,DNbe002,2,3,247,4
LPLC2,CL140,DNp14,1,2,162,4
LC4,CB3513,DNpe037,2,2,1355,4
LPLC2,PVLP034,DNp71,2,2,25,4
LPLC2,PVLP034,DNpe021,3,3,25,4
LPLC2,CL140,DNp45,1,1,128,4
LC4,CB3513,DNpe052,3,3,1703,4
LPLC2,CL140,DNp69,2,2,209,4
LPLC2,PVLP122,DNp03,3,3,24,4
LPLC2,PVLP034,DNpe050,4,4,37,4
LC4,PLP150,DNp57,2,2,33,4
LC4,LAL026_a,DNp63,1,1,124,4
LPLC2,LPT50,DNge114,1,2,122,4
LC4,CB0206,DNae003,1,1,2,4
LC4,CL367,DNpe021,2,2,11,4
LPLC2,LT51,DNg64,2,2,11,4
LC4,CL367,DNpe040,2,2,11,4
LPLC2,PVLP206m,DNpe052,4,4,524,4
LPLC2,LT51,DNg34,2,2,23,4
LPLC2,LAL300m,DNa01,1,1,19,4
LPLC2,AVLP452,DNpe040,2,2,4,4
LC4,PVLP010,aSP22,1,1,1238,4
LPLC2,WED045,DNp06,1,1,4,4
LPLC2,LT81,DNpe002,1,1,1,4
LPLC2,AVLP476,DNc01,1,1,7,4
LC4,GNG300,DNg102,1,2,120,4
LC4,CB0206,DNae002,1,2,4,4
LPLC2,vCal2,DNbe001,1,1,2,4
LPLC2,AVLP476,DNg104,1,1,7,4
LPLC2,LAL300m,DNa11,1,1,19,4
LC4,CL128a,DNbe001,3,3,62,4
LC4,PVLP010,DNp59,1,1,938,4
LC4,PVLP010,DNp43,2,2,2176,4
LC4,AN01A055,DNp57,1,1,1,4
LPLC2,PVLP150,DNp43,1,1,157,4
LPLC2,PVLP150,DNp45,2,2,199,4
LC4,PVLP010,DNp03,2,2,2176,4
LPLC2,SAD044,DNge148,1,1,1,4
LPLC2,PVLP206m,DNpe041,3,3,453,4
LPLC2,AVLP476,DNp09,1,1,7,4
LC4,GNG300,DNg33,1,2,168,4
LC4,CL066,DNpe053,1,1,3,4
LPLC2,LAL136_b,DNa03,1,1,2,4
LPLC2,AVLP476,DNp29,1,2,14,4
LC4,,DNge123,2,2,586,4
LC4,PVLP011,DNpe037,1,1,417,4
LPLC2,PVLP106,DNp71,1,1,30,4
LC4,PVLP015,DNp45,2,2,833,4
LPLC2,LAL301m,DNge099,1,1,12,4
LC4,AVLP762m,pIP1,1,1,1,4
LC4,AVLP762m,pIP10,1,1,1,4
LC4,LT51,DNa16,2,2,2,4
LPLC2,AVLP430,DNp04,1,1,68,4
LPLC2,WED210,DNg07,1,3,3,4
LC4,,DNg53,3,3,2840,4
LC4,,DNg74_a,1,1,5,4
LC4,PVLP015,DNpe031,2,2,833,4
LC4,CB4118,DNp04,3,3,15,4
LC4,LT64,DNpe024,1,1,1,4
LC4,PVLP015,DNpe025,2,2,833,4
LPLC2,PS001,DNp27,1,1,1,4
LPLC2,AVLP437,DNg102,1,2,6,4
LC4,CB0115,DNp04,2,2,2,4
LPLC2,LT51,DNge135,1,1,1,4
LPLC2,PVLP141,DNg31,1,1,29,4
LPLC2,AVLP437,DNp43,2,2,5,4
LPLC2,PVLP141,DNg111,2,3,75,4
LC4,AN07B004,DNg26,1,3,9,4
LC4,PVLP015,DNg40,2,2,833,4
LPLC2,PS001,DNpe002,1,1,1,4
LC4,CL367,DNge047,1,1,6,4
LC4,PVLP015,CB0429,1,1,292,4
LPLC2,LT51,DNp31,1,1,14,4
LPLC2,LT51,DNp07,1,1,22,4
LPLC2,PVLP111,DNp103,3,3,4667,4
LC4,CL128a,DNge140,2,2,50,4
LPLC2,AVLP452,DNg93,1,2,4,4
LC4,PVLP013,DNp06,1,1,23,4
LC4,PVLP010,DNg24,2,2,2176,4
LC4,AVLP120,DNd05,1,1,1,4
LC4,,DNp27,3,3,348,4
LPLC2,PVLP150,DNpe031,2,2,199,4
LC4,AVLP109,DNp35,1,1,3,4
LC4,GNG300,DNge101,2,2,144,4
LPLC2,PVLP108,DNa10,1,1,1,4
LC4,CB1280,DNg106,1,2,132,4
LC4,PS306,DNg02_e,1,1,20,4
LC4,AVLP109,DNp30,1,1,3,4
LC4,AVLP109,DNp103,1,1,3,4
LC4,PS306,DNde002,2,2,45,4
LPLC2,AVLP500,DNpe031,2,4,5436,4
LC4,AN07B004,DNg99,2,2,6,4
LPLC2,PVLP107,DNp71,1,1,1,4
LPLC2,AVLP501,DNb05,1,1,2,4
LPLC2,LoVP78,DNp27,2,3,5,4
LC4,CB1280,DNp03,2,2,155,4
LPLC2,SAD044,DNg08,1,2,2,4
LPLC2,LAL047,DNp10,1,1,15,4
LPLC2,LC21,DNp27,2,3,5,4
LC4,AN07B004,DNge008,1,1,3,4
LC4,LT78,pIP1,3,3,3,4
LPLC2,PS181,DNge152,1,1,16,4
LC4,CB1314,DNg09_b,2,2,6,4
LPLC2,AVLP517,DNp30,2,2,101,4
LPLC2,LoVP55,DNpe021,1,1,1,4
LPLC2,CB0929,DNp35,2,3,43,4
LPLC2,PVLP106,DNpe052,1,1,30,4
LC4,LT81,DNpe021,2,2,3,4
LPLC2,LT82a,DNp46,2,2,28,4
LPLC2,LT41,DNpe037,1,1,1,4
LC4,GNG300,DNpe003,1,2,120,4
LPLC2,LT41,DNpe023,2,2,2,4
LPLC2,PS181,DNg02_b,2,3,50,4
LPLC2,AVLP492,DNpe039,2,2,2,4
LC4,GNG300,DNge083,1,1,60,4
LC4,PS306,DNg93,1,2,40,4
LPLC2,PS171,DNp21,1,1,3,4
LPLC2,AVLP476,DNp70,1,2,14,4
LPLC2,PS171,DNpe004,1,1,3,4
LC4,AVLP120,DNd03,1,1,1,4
LC4,PS306,DNpe003,1,2,50,4
LC4,PS306,DNp63,2,2,45,4
LPLC2,PS181,DNa04,2,2,34,4
LPLC2,AVLP476,DNpe042,1,2,14,4
LPLC2,LAL047,DNp04,1,1,15,4
LPLC2,LT51,DNb05,2,2,36,4
LPLC2,PVLP139,DNp29,1,1,39,4
LC4,PS306,DNp101,2,2,45,4
LC4,,DNp34,2,2,496,4
LC4,PS306,DNp05,1,1,25,4
LPLC2,PVLP137,pIP10,2,2,324,4
LC4,AVLP120,,1,1,1,4
LC4,PS306,DNge144,2,2,45,4
LC4,CB0414,DNge130,1,1,24,4
LPLC2,AVLP490,DNp29,3,3,11,4
LC4,PS306,DNge099,2,2,45,4
LC4,PS306,DNge054,2,2,45,4
LPLC2,LT51,DNa16,2,2,6,4
LPLC2,AVLP490,DNp62,2,2,6,4
LC4,PS306,DNge048,2,4,90,4
LPLC2,PVLP137,DNpe053,2,2,324,4
LPLC2,LT82a,DNa03,2,2,30,4
LC4,PS306,DNge004,1,1,25,4
LPLC2,PVLP108,DNp66,1,1,1,4
LPLC2,PVLP108,DNp03,1,1,1,4
LC4,PVLP017,DNp35,2,2,62,4
LPLC2,AVLP429,DNp55,1,2,56,4
LC4,AVLP126,DNg24,3,3,50,4
LPLC2,LC16,DNg104,4,4,4,4
LC4,PVLP034,DNpe039,1,2,8,4
LPLC2,vCal3,DNp12,2,2,131,4
LPLC2,LoVC18,DNp06,3,3,15,4
LC4,PVLP034,DNp43,2,3,6,4
LPLC2,LT69,DNp26,1,1,1,4
LC4,AVLP201,DNp70,2,2,10,4
LC4,CL286,DNp23,1,2,2,4
LPLC2,PLP230,DNg02_e,1,1,24,4
LPLC2,LC16,DNp27,3,3,5,4
LPLC2,PVLP144,DNde001,2,2,10,4
LC4,CL140,DNp45,1,1,208,4
LC4,,DNb01,2,2,518,4
LC4,LT51,DNpe037,1,1,2,4
LPLC2,PVLP209m,DNb08,2,2,9,4
LC4,AVLP711m,DNg66,1,1,24,4
LPLC2,LT64,DNpe024,1,1,1,4
LPLC2,AVLP258,DNp30,1,1,448,4
LPLC2,VSm,DNpe013,2,2,12,4
LC4,AVLP711m,DNge138,1,1,24,4
LPLC2,SAD049,DNp03,2,2,40,4
LC4,AVLP201,DNg40,1,1,2,4
LC4,PVLP027,DNpe045,2,4,80,4
LPLC2,LT78,DNa04,2,2,3,4
LPLC2,LC15,DNp27,4,4,7,4
LPLC2,LC14a-2,pIP1,1,1,2,4
LC4,CL286,DNpe043,1,2,2,4
LC4,AVLP152,DNp66,2,2,24,4
LC4,AVLP711m,DNp66,1,1,24,4
LPLC2,AVLP285,DNpe042,1,1,5,4
LC4,CL140,DNp14,1,2,452,4
LC4,CL140,DNp69,2,2,434,4
LPLC2,PLP230,DNbe005,1,1,24,4
LC4,CB4103,DNg90,1,1,3,4
LPLC2,AVLP203_c,DNp66,1,1,5,4
LC4,AVLP610,DNp32,2,2,105,4
LC4,PVLP062,DNp59,2,2,11,4
LPLC2,LT77,DNbe007,3,3,5,4
LC4,PVLP062,DNp43,1,1,3,4
LC4,PVLP062,DNp42,2,2,11,4
LC4,CB4103,DNge127,2,2,47,4
LC4,LT51,DNp31,1,1,2,4
LC4,CL286,,1,1,1,4
LPLC2,AVLP202,DNpe045,1,1,2,4
LC4,CL286,DNg22,1,1,1,4
LPLC2,PLP219,DNg02_e,3,3,130,4
LPLC2,PVLP114,DNa02,1,1,46,4
LC4,PVLP062,DNg81,1,1,3,4
LC4,PVLP062,DNg24,1,1,3,4
LC4,PVLP062,DNg105,1,1,8,4
LC4,AN07B004,DNb04,2,3,9,4
LPLC2,AVLP203_b,DNp02,1,1,7,4
LC4,CL286,DNge119,1,1,1,4
LPLC2,LT77,DNp27,2,2,3,4
LPLC2,PLP219,DNg91,3,3,426,4
LPLC2,PLP219,DNge017,3,3,519,4
LC4,AVLP610,DNp70,2,2,105,4
LPLC2,LoVP93,DNa13,3,3,46,4
LC4,CL286,DNge148,1,1,1,4
LC4,CL286,DNp02,1,1,1,4
LPLC2,AVLP203_c,DNp04,1,2,10,4
LPLC2,AVLP203_c,DNp11,1,1,13,4
LC4,AVLP201,DNpe052,2,2,10,4
LPLC2,PLP219,DNpe057,3,4,919,4
LC4,PVLP026,DNpe031,1,3,576,4
LC4,CL309,DNa03,1,1,1,4
LPLC2,LT51,DNpe037,1,1,14,4
LC4,LT64,DNbe005,1,1,1,4
LC4,LT61b,DNpe045,2,2,307,4
LPLC2,WED210,DNg70,1,1,1,4
LPLC2,LT61b,DNpe045,2,2,24,4
LPLC2,LT61b,DNp27,2,3,42,4
LPLC2,PVLP148,DNp27,3,3,53,4
LPLC2,AVLP370_a,DNp09,2,2,208,4
LC4,AVLP149,DNg40,2,2,62,4
LC4,AVLP149,DNbe002,2,2,83,4
LC4,PVLP021,DNp38,1,2,1394,4
LPLC2,SAD049,DNg74_a,2,2,40,4
LC4,,DNg02_c,3,3,2061,4
LC4,LT64,DNa04,2,2,2,4
LC4,AVLP126,DNp66,1,1,52,4
LPLC2,AVLP396,DNp09,2,2,922,4
LC4,PVLP021,DNge113,3,4,3631,4
LC4,LT51,DNg34,2,2,3,4
LC4,,DNg05_c,1,1,299,4
LC4,PVLP021,DNbe001,2,3,2344,4
LPLC2,LT60,DNpe042,2,3,12,4
LPLC2,WED029,DNp04,2,2,2,4
LC4,LT64,DNg49,2,2,2,4
LPLC2,LoVP89,DNde005,2,2,2,4
LC4,LT64,DNg79,2,3,3,4
LPLC2,LAL301m,DNp13,1,1,12,4
LPLC2,PS001,DNa08,1,2,2,4
LPLC2,AVLP398,DNge124,1,1,1,4
LPLC2,LoVP89,DNb05,2,2,2,4
LC4,CL128a,DNp47,3,3,120,4
LC4,LT51,DNae003,1,1,1,4
LPLC2,WED029,DNp11,1,1,11,4
LC4,CL323,DNg82,3,3,516,4
LPLC2,LoVC18,DNp31,2,2,12,4
LC4,LT61b,DNp27,2,3,574,4
LC4,PVLP022,DNp04,1,1,1167,4
LC4,AVLP711m,DNpe020,1,1,24,4
LC4,CB4118,DNg32,4,4,10,4
LC4,LT60,DNpe042,2,3,655,4
LPLC2,LT64,DNg79,2,3,4,4
LC4,AVLP711m,DNpe056,1,1,24,4
LPLC2,PLP256,DNg49,1,1,2,4
LPLC2,AVLP314,DNp12,1,1,1,4
LPLC2,LT64,DNg49,2,2,3,4
LPLC2,LoVP90c,DNpe003,1,1,4,4
LC4,CB4118,DNg40,3,3,14,4
LC4,PVLP024,DNpe045,3,3,6850,4
LPLC2,LT64,DNbe005,1,1,2,4
LC4,PVLP024,DNpe021,2,2,4677,4
LPLC2,PVLP141,DNp57,2,2,46,4
LPLC2,PLP256,DNp35,1,1,2,4
LC4,AVLP711m,pIP10,1,2,48,4
LPLC2,LT64,DNa04,2,2,3,4
LPLC2,PLP256,DNp42,1,1,2,4
LPLC2,PLP256,DNpe006,1,1,2,4
LPLC2,PLP256,DNpe056,1,1,2,4
LC4,CL140,DNbe005,2,2,434,4
LPLC2,LC13,DNb05,2,2,3,4
LC4,AVLP746m,DNb08,1,2,8,4
LPLC2,PVLP111,DNpe056,2,2,2443,4
LPLC2,WED210,DNg100,1,1,1,4
LC4,PVLP022,DNp70,3,3,2778,4
LC4,PVLP022,DNp36,3,3,2778,4
LC4,CL323,DNb04,1,1,206,4
LPLC2,AVLP339,DNp59,1,1,32,4
LPLC2,PS181,DNp103,1,1,16,4
LPLC2,AVLP531,CB0429,2,2,4635,4
LPLC2,AVLP610,DNp32,2,2,8,4
LC4,GNG517,DNge131,1,2,6,4
LPLC2,SAD013,DNp70,2,2,165,4
LPLC2,PVLP010,DNp43,2,2,32,4
LPLC2,AVLP711m,DNg66,1,1,190,4
LC4,PLP256,DNpe006,1,1,12,4
LC4,PLP256,DNp42,1,1,12,4
LC4,PLP256,DNp35,1,1,12,4
LPLC2,PVLP010,DNp59,1,1,13,4
LPLC2,LoVP27,DNpe017,1,2,2,4
LPLC2,AVLP711m,DNp05,2,2,157,4
LPLC2,LPT59,DNge014,1,1,11,4
LC4,PLP256,DNg94,1,1,15,4
LC4,PLP256,DNg90,2,2,27,4
LPLC2,LT86,DNp56,1,1,2,4
LPLC2,PVLP209m,DNge103,3,3,11,4
LC4,PLP256,DNg49,1,1,12,4
LPLC2,AVLP711m,DNp46,1,1,137,4
LPLC2,AVLP711m,DNp52,3,3,281,4
LPLC2,PVLP151,DNp09,3,3,5451,4
LC4,PLP249,DNge141,2,2,18,4
LC4,PLP241,DNp07,1,2,24,4
LC4,AVLP076,DNp42,1,1,1,4
LPLC2,PVLP130,DNpe040,2,2,2601,4
LC4,CB1934,DNpe021,1,1,3,4
LPLC2,PVLP010,aSP22,1,1,19,4
LPLC2,IB114,DNp57,2,2,545,4
LPLC2,AVLP720m,DNpe025,1,2,2,4
LC4,PLP230,DNg02_e,1,1,1,4
LPLC2,PVLP093,pIP1,1,1,386,4
LC4,PLP230,DNbe005,1,1,1,4
LC4,CB1932,DNpe025,2,2,6,4
LC4,PLP300m,DNg111,3,3,19,4
LC4,CB1932,DNp66,3,3,65,4
LPLC2,AVLP610,DNp70,2,2,8,4
LC4,LT82b,DNge013,1,1,68,4
LC4,CB4102,DNpe021,2,2,89,4
LPLC2,PVLP010,DNg24,2,2,32,4
LC4,PLP301m,aSP22,1,1,2,4
LPLC2,AVLP610,DNp04,2,2,8,4
LC4,PLP301m,DNp07,1,1,2,4
LPLC2,AVLP610,DNp11,2,2,8,4
LC4,PLP301m,DNge141,1,1,2,4
LPLC2,PVLP137,DNbe006,2,3,460,4
LPLC2,LT86,DNge041,1,1,2,4
LC4,CL053,DNge086,1,2,2,4
LC4,CB1932,DNg108,2,3,529,4
LPLC2,LAL016,DNge147,1,1,77,4
LC4,GNG506,DNge113,1,1,1,4
LC4,GNG506,DNp15,1,1,1,4
LPLC2,PVLP010,DNp03,2,2,32,4
LPLC2,LT86,DNge081,1,1,2,4
LC4,GNG506,DNge139,1,1,1,4
LC4,PLP300m,DNge041,1,1,10,4
LC4,CL053,DNge049,1,1,1,4
LPLC2,AVLP705m,DNp64,1,1,1,4
LC4,CB1932,DNp27,3,3,264,4
LPLC2,AVLP705m,DNpe020,1,1,1,4
LC4,CB1932,DNp30,3,3,211,4
LC4,PLP300m,DNg69,2,2,12,4
LPLC2,LAL016,DNae001,1,1,77,4
LC4,LT85,DNp42,1,1,1,4
LPLC2,LAL016,DNa16,1,1,77,4
LPLC2,AVLP746m,DNp66,2,2,22,4
LC4,GNG517,DNge141,1,2,6,4
LPLC2,AVLP610,DNge053,2,4,16,4
LC4,CL053,DNg51,1,2,2,4
LC4,5-HTPMPV03,DNbe007,2,2,2,4
LC4,PLP209,DNpe053,1,1,1,4
LPLC2,CB0280,DNp27,1,2,2,4
LC4,CB1958,DNge103,2,2,226,4
LPLC2,LoVP25,DNge043,1,2,2,4
LPLC2,CB0414,DNge130,1,1,15,4
LC4,IB114,DNp57,2,2,416,4
LPLC2,LPT51,DNpe022,1,1,2,4
LC4,PLP209,DNb04,1,2,2,4
LC4,PLP209,DNae009,1,2,2,4
LC4,AVLP016,DNp71,2,2,115,4
LPLC2,PVLP014,DNp06,1,1,3,4
LC4,PLP208,DNpe012_a,2,2,8,4
LPLC2,CB0431,DNb01,1,1,16,4
LPLC2,LC23,DNp27,3,3,10,4
LPLC2,Li14,DNp27,4,4,6,4
LPLC2,HST,DNa11,1,1,1,4
LPLC2,LoVP24,DNpe017,2,3,4,4
LPLC2,LoVP24,DNpe013,2,2,3,4
LPLC2,WED210,DNge013,1,1,1,4
LC4,CB1958,DNpe016,4,4,360,4
LPLC2,PVLP093,DNp12,1,1,386,4
LC4,LAL026_a,DNb09,1,1,124,4
LPLC2,SAD013,DNp07,2,2,165,4
LC4,PLP208,DNa01,2,2,8,4
LPLC2,PVLP015,CB0429,1,1,43,4
LPLC2,HSS,DNge072,2,2,10,4
LC4,PLP190,DNp103,1,1,9,4
LPLC2,CB0785,DNpe052,1,1,1,4
LC4,CB4102,DNp05,4,4,184,4
LPLC2,CB0128,DNpe050,1,1,14,4
LPLC2,LC23,DNp10,3,3,9,4
LC4,PLP211,DNp49,2,3,25,4
LC4,PLP219,DNpe057,3,4,1469,4
LC4,GNG517,DNp32,1,1,3,4
LPLC2,PVLP130,DNpe031,2,3,4002,4
LPLC2,LoVC22,DNde003,2,3,7,4
LC4,PLP219,DNge017,3,3,1004,4
LC4,PLP219,DNg91,3,3,805,4
LC4,PLP219,DNg02_e,3,3,610,4
LPLC2,CB0115,DNp01,1,1,25,4
LPLC2,CB0115,DNp103,4,4,96,4
LPLC2,CB0115,DNp27,3,3,64,4
LC4,CB1948,DNp18,1,1,2,4
LPLC2,CB0115,DNp66,2,2,37,4
LC4,PLP211,DNpe001,2,2,17,4
LPLC2,PVLP130,DNp34,2,3,3801,4
LC4,AVLP016,DNpe040,2,2,115,4
LC4,PLP211,DNp47,2,3,26,4
LC4,5-HTPMPV03,DNae010,2,2,2,4
LC4,AN01A055,DNge037,1,2,2,4
LPLC2,PVLP011,DNpe037,1,1,6983,4
LPLC2,LC23,DNp02,1,1,5,4
LPLC2,CB0128,DNge073,1,2,28,4
LC4,PLP211,DNge073,2,4,34,4
LC4,PLP211,DNg29,1,1,8,4
LPLC2,CB0128,DNge142,1,2,28,4
LC4,LT39,DNpe053,1,1,7,4
LC4,LT39,DNp103,1,1,7,4
LC4,CB1958,DNg01_b,3,3,305,4
LC4,PLP211,DNae008,2,4,34,4
LC4,CL053,DNge138,1,1,1,4
LC4,LPLC4,DNp59,4,4,5,4
LC4,CB4102,DNpe024,3,3,170,4
LC4,CB1649,DNg01_c,1,1,1,4
LPLC2,LAL026_a,DNp09,2,2,9,4
LC4,CB1498,DNpe053,2,3,585,4
LC4,PS182,DNa09,2,2,6,4
LC4,GNG340,DNge124,1,2,18,4
LPLC2,SAD023,DNge049,2,2,60,4
LC4,PS181,DNp103,1,1,2,4
LPLC2,LT39,DNp103,1,1,2,4
LC4,PS181,DNp03,1,1,2,4
LPLC2,AVLP539,DNp23,1,1,1,4
LC4,PS181,DNge152,1,1,2,4
LC4,GNG340,DNp06,1,2,18,4
LPLC2,AVLP539,DNp46,1,1,1,4
LPLC2,LT82b,DNge013,1,1,24,4
LC4,CB1638,DNg24,2,2,18,4
LPLC2,LT35,DNp47,2,3,8,4
LPLC2,LT35,DNp42,1,1,2,4
LPLC2,PS182,DNp57,1,1,3,4
LC4,CB1638,DNp04,3,3,31,4
LC4,LT41,DNpe037,1,1,14,4
LC4,CB1638,DNp07,2,2,14,4
LPLC2,LoVC18,DNpe039,2,2,8,4
LPLC2,PS182,DNpe017,1,1,3,4
LC4,PS112,DNpe037,1,2,4,4
LPLC2,LT84,DNa02,1,1,1,4
LC4,CB1638,DNpe045,2,2,26,4
LC4,PS112,DNp102,1,1,2,4
LC4,LT41,DNpe023,2,2,21,4
LPLC2,PS182,DNpe042,1,1,3,4
LC4,PS112,DNbe005,1,1,2,4
LPLC2,LoVC18,DNpe028,4,4,21,4
LPLC2,AVLP538,DNpe020,2,3,51,4
LC4,PS182,DNg02_g,2,4,12,4
LC4,AVLP094,DNpe026,1,1,46,4
LC4,LT82a,DNa03,2,2,387,4
LC4,LT47,DNae005,2,2,3,4
LC4,AVLP094,DNpe042,2,2,200,4
LPLC2,AVLP531,DNp23,1,1,3025,4
LPLC2,LAL026_a,DNpe031,2,2,9,4
LC4,AN01A055,DNp30,1,2,2,4
LC4,PS304,DNge031,1,1,1,4
LPLC2,PVLP137,DNge144,2,2,324,4
LC4,CB1314,DNge049,1,1,1,4
LC4,AN01A055,DNp08,1,1,1,4
LPLC2,AVLP531,DNp69,2,2,4635,4
LC4,PS304,DNg16,1,2,2,4
LPLC2,AVLP531,DNpe011,1,1,3025,4
LC4,CB1314,DNp30,3,3,8,4
LPLC2,AVLP538,DNp67,2,2,40,4
LC4,PS304,DNa16,1,1,1,4
LPLC2,LAL026_a,DNp63,1,1,4,4
LPLC2,PS181,DNpe024,2,3,50,4
LPLC2,AVLP537,DNp27,2,2,11,4
LPLC2,PVLP137,DNge135,2,3,460,4
LC4,CB4162,DNp03,1,2,18,4
LC4,CL066,DNp102,1,1,3,4
LC4,CB1498,DNg40,2,2,374,4
LPLC2,LT82a,pIP1,2,2,26,4
LPLC2,LT39,DNpe053,1,1,2,4
LPLC2,LT82b,DNa02,1,1,17,4
LC4,PS182,DNge030,1,1,1,4
LPLC2,AVLP538,DNp66,2,2,40,4
LPLC2,LT11,DNp27,1,2,8,4
LC4,GNG343,DNg56,2,3,17,4
LPLC2,AVLP593,DNge032,1,1,1,4
LPLC2,PVLP151,DNp02,2,2,2603,4
LPLC2,LPi3412,DNp27,4,4,7,4
LPLC2,LAL026_a,DNb09,1,1,4,4
LPLC2,WED118,DNp55,1,1,6,4
LPLC2,LoVP50,DNge041,1,1,4,4
LPLC2,AVLP592,DNpe037,1,1,19,4
LC4,CB1649,DNp103,1,1,1,4
LC4,CB4102,DNpe045,2,2,109,4
LC4,CL053,DNpe001,1,1,1,4
LC4,LT82a,DNp46,2,2,356,4
LC4,PS002,DNg71,2,2,7,4
LPLC2,LPT60,DNpe031,1,2,28,4
LPLC2,LT85,DNp42,1,1,1,4
LPLC2,AVLP609,DNg20,1,1,9,4
LPLC2,LPT60,DNpe026,1,1,7,4
LPLC2,PVLP114,DNge046,1,3,138,4
LC4,AN07B004,DNge063,1,1,3,4
LC4,GNG343,DNp55,1,1,6,4
LPLC2,PVLP137,DNg22,1,1,188,4
LC4,PS001,DNp27,1,1,12,4
LC4,PS001,DNpe002,1,1,12,4
LPLC2,PS208,DNp69,1,1,1,4
LPLC2,LAL026_a,DNg19,1,1,4,4
LC4,PS001,DNa08,1,2,24,4
LPLC2,AVLP593,DNp12,1,1,1,4
LPLC2,PS208,DNg01_a,1,2,2,4
LPLC2,PS357,DNb04,2,2,11,4
LC4,CL053,DNp10,1,2,2,4
LPLC2,WED060,DNd02,2,2,37,4
LPLC2,AVLP591,DNpe053,2,2,17,4
LPLC2,PS208,DNg02_e,1,1,1,4
LC4,LT82a,pIP1,2,2,369,4
LC4,CB4102,DNpe026,2,2,73,4
LPLC2,AVLP610,DNde002,2,2,8,4
LC4,AN07B004,DNge092,2,2,6,4
LC4,AVLP085,DNp01,1,1,7,4
LC4,AVLP083,DNp12,1,1,3,4
LC4,PS002,DNp54,2,2,7,4
LC4,PS002,DNp49,2,2,7,4
LC4,CL066,DNa11,1,1,3,4
LPLC2,LT11,DNp11,2,2,10,4
LPLC2,WED060,DNbe007,1,1,24,4
LC4,LT82b,DNa02,1,1,71,4
LPLC2,UNKNOWN,DNp05,1,1,8,3
LPLC2,LC19,DNa13,2,2,12,3
LC4,AN01A055,DNge147,1,1,1,3
LC4,WED189,DNp103,1,2,10,3
LPLC2,LC23,DNa04,3,3,10,3
LC4,AN01A055,DNp55,1,1,1,3
LPLC2,LC35b,DNa10,2,2,10,3
LC4,AVLP451,DNpe039,1,1,1,3
LPLC2,WED210,DNge148,1,1,1,3
LC4,WED127,DNpe045,2,2,201,3
LPLC2,LoVC18,DNge113,1,2,6,3
LPLC2,LC19,DNp57,1,1,1,3
LC4,AVLP430,DNp30,2,2,434,3
LPLC2,LC29,DNpe016,2,2,6,3
LPLC2,LoVC18,DNg49,3,3,14,3
LC4,WED193,DNg29,1,2,42,3
LPLC2,LC29,DNp03,3,3,3,3
LPLC2,LC31b,DNg82,1,1,399,3
LPLC2,LC29,DNp54,3,3,3,3
LC4,AN01A055,DNge122,1,1,1,3
LPLC2,MeVPLp1,DNge138,1,2,10,3
LC4,WED127,DNpe025,1,1,123,3
LC4,5-HTPMPV03,pIP1,2,2,2,3
LPLC2,LC29,DNpe053,3,3,4,3
LC4,AN01A055,DNge083,1,1,1,3
LPLC2,LC22,DNp54,3,3,11,3
LC4,AN01A055,DNpe003,1,1,1,3
LC4,AN01A055,DNae007,1,1,1,3
LC4,AN01A055,DNge041,1,1,1,3
LPLC2,LC35a,DNpe009,1,1,7,3
LPLC2,MeVPLp1,DNpe001,1,1,5,3
LPLC2,LC22,DNge043,1,1,3,3
LC4,AN01A055,DNge065,1,2,2,3
LPLC2,LC20b,DNpe005,2,2,2,3
LC4,WED187,DNp06,1,2,2,3
LC4,AMMC-A1,DNpe021,1,1,1821,3
LPLC2,LC23,DNa07,2,2,4,3
LPLC2,LoVC18,DNg89,2,2,10,3
LPLC2,LC35a,aSP22,2,3,10,3
LPLC2,LC29,DNp31,1,1,1,3
LPLC2,LoVC18,DNde002,3,3,16,3
LC4,AN07B004,DNa03,2,2,6,3
LC4,WED187,DNg108,1,2,2,3
LC4,AVLP430,DNp35,1,1,219,3
LPLC2,LC29,DNp104,1,1,1,3
LPLC2,LC29,DNp05,2,2,2,3
LPLC2,LoVC18,DNg32,3,3,15,3
LC4,AMMC-A1,DNp55,2,2,3813,3
LC4,WED124,DNp54,2,2,17,3
LPLC2,LC35b,DNb01,1,1,4,3
LPLC2,LPT60,DNge053,2,3,35,3
LC4,WED117,DNd03,2,2,4,3
LC4,WED117,DNc02,2,2,4,3
LPLC2,LPT60,DNge135,2,2,21,3
LPLC2,LPT60,DNge149,1,1,14,3
LC4,,pIP1,2,2,298,3
LPLC2,LPT60,DNp12,2,2,21,3
LPLC2,LT85,DNge083,1,1,1,3
LPLC2,LPT60,DNp68,1,1,14,3
LC4,WED116,DNp69,1,2,328,3
LPLC2,LT85,DNge054,1,1,1,3
LC4,WED116,DNg40,1,2,328,3
LPLC2,LPi3b,DNp27,3,3,4,3
LPLC2,LPi4b,DNp27,2,3,53,3
LPLC2,LT1c,DNp103,2,2,6,3
LPLC2,LT1d,DNp27,2,2,11,3
LPLC2,LT35,DNp27,2,3,8,3
LPLC2,LT82b,DNp34,2,2,41,3
LC4,WED109,DNp11,1,1,23,3
LC4,AVLP476,DNg24,1,2,12,3
LPLC2,LT40,DNa11,2,2,6,3
LPLC2,LT82a,DNpe056,2,2,42,3
LPLC2,LT40,DNpe024,2,2,6,3
LC4,WED109,DNp03,1,1,23,3
LPLC2,LT82a,DNp63,2,2,40,3
LPLC2,LT82a,DNp57,1,1,22,3
LPLC2,LT41,DNg97,1,1,1,3
LC4,,DNpe023,2,2,586,3
LPLC2,LPT60,DNge073,1,1,14,3
LC4,WED117,DNg45,1,1,3,3
LC4,WED109,DNg108,1,2,46,3
LPLC2,LT86,DNg35,1,1,2,3
LPLC2,LPT50,DNpe015,2,2,113,3
LC4,WED119,DNge047,2,2,3,3
LC4,AVLP476,,1,1,6,3
LPLC2,LPT51,DNp27,1,1,2,3
LPLC2,Li14,DNp11,3,3,3,3
LPLC2,Li13,DNp11,2,2,3,3
LC4,WED119,DNg09_a,2,2,3,3
LC4,5-HTPMPV03,DNbe006,1,2,2,3
LPLC2,Li11a,DNp27,2,2,7,3
LPLC2,LPT52,DNp26,1,1,2,3
LPLC2,LPT52,DNp57,2,2,6,3
LC4,5-HTPMPV03,DNb02,2,3,3,3
LPLC2,LT86,DNpe003,1,1,2,3
LPLC2,LPT59,DNa10,2,2,18,3
LPLC2,LPT59,DNbe005,2,2,18,3
LPLC2,Nod4,DNb01,1,1,7,3
LPLC2,Nod4,DNbe005,1,1,2,3
LC4,WED119,DNbe001,1,1,2,3
LC4,5-HTPMPV03,DNae003,2,2,2,3
LPLC2,LPT59,DNge110,2,2,18,3
LPLC2,LT86,DNp08,1,1,2,3
LPLC2,LPT59,"DNp51,DNpe019",1,3,33,3
LPLC2,LPT60,DNb03,2,2,21,3
LPLC2,LPT60,DNg02_b,1,1,7,3
LPLC2,LT86,DNge056,1,1,2,3
LPLC2,LPT60,DNg33,1,1,14,3
LPLC2,LPT60,DNg95,1,1,14,3
LC4,WED109,DNg24,1,1,23,3
LPLC2,LT82a,DNp35,1,1,8,3
LPLC2,Li20,DNp27,3,3,5,3
LPLC2,LT79,DNp27,2,2,12,3
LC4,WED106,DNp06,1,1,2,3
LPLC2,LT61b,DNpe052,1,2,36,3
LC4,WED106,DNge145,2,2,4,3
LPLC2,LT62,DNp27,2,2,13,3
LPLC2,LT78,DNp39,1,1,1,3
LPLC2,LT78,DNp27,2,2,3,3
LPLC2,LT63,DNb05,1,1,1,3
LPLC2,LT63,DNbe007,2,2,6,3
LC4,WED106,DNg74_a,2,2,6,3
LC4,WED106,DNg33,1,1,2,3
LPLC2,LT64,DNg82,2,3,5,3
LPLC2,LT64,DNp26,2,2,3,3
LPLC2,LT64,DNp46,1,1,2,3
LPLC2,LT66,DNp01,2,2,35,3
LPLC2,LT78,DNae002,2,2,3,3
LC4,AVLP476,DNge184,1,1,6,3
LPLC2,LT78,CB0429,1,1,1,3
LPLC2,OA-AL2i1,DNp27,2,3,31,3
LC4,WED106,DNbe001,2,2,4,3
LC4,WED106,DNa10,1,1,2,3
LC4,WED104,pIP1,1,1,4,3
LPLC2,LT69,DNpe022,2,2,2,3
LPLC2,LT73,DNp27,2,2,12,3
LPLC2,LT74,DNp30,3,3,17,3
LPLC2,LT77,DNb05,3,3,6,3
LC4,WED104,DNp06,1,1,4,3
LPLC2,OA-AL2i2,DNg33,3,3,33,3
LC4,,DNg02_d,3,3,1984,3
LPLC2,LT56,DNp27,1,2,1422,3
LPLC2,LT82a,DNp31,1,1,18,3
LPLC2,LT56,DNp11,1,1,711,3
LPLC2,LT82a,DNp26,1,1,18,3
LPLC2,LT82a,DNb01,2,2,26,3
LPLC2,LT42,DNpe009,2,2,4,3
LPLC2,LT42,pIP1,1,1,1,3
LPLC2,LT47,DNae005,1,1,2,3
LPLC2,vCal1,DNp10,1,1,1,3
LPLC2,LT47,DNg39,1,1,2,3
LPLC2,LT47,DNge129,1,2,4,3
LPLC2,Nod5,DNpe023,1,1,2,3
LC4,WED107,DNp27,1,2,2,3
LC4,,DNp30,3,3,54,3
LC4,WED107,DNge140,1,1,1,3
LC4,WED107,DNge056,1,2,16,3
LPLC2,LT81,DNpe003,2,2,2,3
LPLC2,LT51,DNde005,2,2,11,3
LPLC2,LT51,DNg107,2,2,11,3
LPLC2,LT51,DNg43,1,1,9,3
LC4,WED107,DNg81,1,1,8,3
LPLC2,LT51,DNge147,1,1,9,3
LPLC2,LT51,DNp41,1,1,7,3
LPLC2,LT51,DNp54,2,2,16,3
LPLC2,LT51,DNp67,1,1,9,3
LC4,WED107,DNae007,1,1,8,3
LC4,,DNg30,2,2,52,3
LC4,WED106,DNpe025,1,1,4,3
LPLC2,TmY15,DNc01,3,3,4,3
LC4,,DNg24,2,2,490,3
LPLC2,LPT50,DNp22,2,2,113,3
LC4,WED119,DNp02,1,1,2,3
LPLC2,LC35b,DNg02_f,1,1,4,3
LC4,5-HTPMPV03,DNp48,2,2,2,3
LC4,5-HTPMPV03,DNp42,2,3,3,3
LPLC2,LHAD1g1,DNpe021,2,2,2049,3
LPLC2,LHAD1g1,DNpe040,2,2,2049,3
LPLC2,LHAV2b4,DNp09,2,2,4,3
LPLC2,LHAV2b4,DNpe031,1,2,2,3
LC4,5-HTPMPV03,DNp21,2,2,2,3
LPLC2,LLPC1,DNge054,1,1,1,3
LC4,5-HTPMPV03,DNp104,2,2,2,3
LPLC2,LLPC2,DNa07,1,1,4,3
LC4,WED125,DNpe024,2,2,598,3
LC4,WED125,DNpe023,1,1,287,3
LPLC2,WED210,DNpe027,1,1,1,3
LPLC2,LOLP1,DNp31,2,2,6,3
LC4,5-HTPMPV03,DNge115,1,3,3,3
LPLC2,LPC1,DNge030,3,3,8,3
LPLC2,TmY4,DNp27,3,3,4,3
LPLC2,LPC1,DNp03,2,2,6,3
LPLC2,LPC1,DNp31,3,3,12,3
LC4,WED125,DNp35,1,1,287,3
LPLC2,LPC1,DNp55,2,2,4,3
LC4,WED125,DNp26,2,2,580,3
LPLC2,LoVC16,DNp04,3,3,10,3
LPLC2,LPC1,DNpe022,3,3,20,3
LPLC2,LPC_unclear,DNp31,1,1,4,3
LC4,5-HTPMPV03,DNge093,2,3,3,3
LPLC2,LPLC1,DNp55,1,1,2,3
LPLC2,LoVC15,DNpe010,2,2,3,3
LPLC2,LHAD1g1,DNp32,2,2,2049,3
LC4,WED127,DNae005,2,2,201,3
LC4,WED125,DNg71,1,1,269,3
LC4,AVLP452,DNbe004,1,1,487,3
LPLC2,LoVC18,DNb05,2,2,11,3
LPLC2,LoVC18,DNb02,2,3,11,3
LC4,5-HTPMPV03,DNpe054,2,3,3,3
LPLC2,LC35b,DNp47,1,1,6,3
LC4,WED127,DNp54,1,1,26,3
LPLC2,MeVPMe2,DNb03,2,2,2,3
LPLC2,LoVC18,CB0429,1,1,5,3
LPLC2,LC36,DNpe016,2,2,3,3
LC4,WED127,DNp11,2,2,201,3
LPLC2,LC36,DNpe022,1,1,1,3
LC4,WED127,DNp104,2,2,201,3
LPLC2,LC37,DNbe007,3,3,4,3
LPLC2,LoVC17,DNpe016,2,2,2,3
LPLC2,LC39a,CB0429,1,1,5,3
LPLC2,LC39a,DNge141,2,2,6,3
LPLC2,MeVPMe2,DNg75,1,1,1,3
LC4,WED127,DNge041,1,1,78,3
LPLC2,LC39b,DNp57,2,2,10,3
LPLC2,LC39b,DNpe052,2,2,10,3
LPLC2,MeVPMe2,DNge097,1,1,1,3
LPLC2,LC6,DNp27,3,3,4,3
LC4,5-HTPMPV03,DNpe017,2,3,3,3
LC4,5-HTPMPV03,DNpe016,2,2,2,3
LC4,5-HTPMPV03,DNpe014,2,3,3,3
LPLC2,LHAD1g1,,1,1,1075,3
LPLC2,WED210,DNp27,1,1,1,3
LPLC2,WED210,DNp31,1,1,1,3
LPLC2,Y3,DNp11,2,2,3,3
LC4,WED125,DNg40,1,1,287,3
LC4,WED119,DNp06,2,2,3,3
LPLC2,LPT29,DNb05,1,1,8,3
LPLC2,LoVC15,DNa11,2,2,3,3
LPLC2,LPT29,DNg40,1,1,8,3
LC4,WED124,DNg01_d,2,2,17,3
LPLC2,LoVC1,DNbe007,1,1,5,3
LPLC2,LPT31,DNa06,1,1,1,3
LPLC2,LPT31,DNb02,3,3,6,3
LC4,AVLP452,DNp55,2,2,1438,3
LPLC2,LPT31,DNg32,2,2,3,3
LPLC2,Li33,DNp27,2,2,14,3
LPLC2,LPT31,DNge115,1,1,1,3
LPLC2,LPT31,DNge152,2,2,6,3
LC4,5-HTPMPV03,DNg04,2,3,3,3
LPLC2,LPT31,DNp38,1,1,1,3
LC4,WED124,DNae003,2,2,17,3
LPLC2,Li31,DNp11,2,2,16,3
LC4,5-HTPMPV03,DNg02_g,2,3,3,3
LC4,AVLP452,DNpe026,1,1,546,3
LC4,WED124,DNa10,1,1,9,3
LC4,WED124,DNa06,1,1,9,3
LC4,5-HTPMPV03,DNg02_f,1,2,2,3
LPLC2,LPT49,DNp19,2,2,6,3
LPLC2,LPT49,DNpe005,2,3,10,3
LC4,5-HTPMPV03,DNg02_e,2,2,2,3
LPLC2,LPT50,DNb05,2,2,113,3
LPLC2,Li25,DNc01,1,1,1,3
LPLC2,LPT50,DNg92_a,1,1,61,3
LC4,WED119,DNp103,1,1,2,3
LPLC2,LoVC15,DNae002,3,3,6,3
LPLC2,TmY20,DNp27,3,3,3,3
LPLC2,Nod2,DNg97,1,1,15,3
LPLC2,LPT28,DNp54,1,1,4,3
LC4,WED125,DNg01_unclear,1,1,311,3
LC4,5-HTPMPV03,DNg95,2,2,2,3
LPLC2,LPLC4,DNp42,3,3,90,3
LC4,5-HTPMPV03,DNg92_a,2,2,2,3
LC4,AVLP452,DNp08,2,2,1438,3
LPLC2,LPLC4,DNp69,2,2,38,3
LPLC2,LPLC4,DNpe003,2,2,73,3
LPLC2,LoVC15,DNp27,3,3,4,3
LPLC2,LPT114,DNg05_a,2,2,3,3
LPLC2,LoVC15,DNp01,2,2,5,3
LPLC2,LoVC15,DNge054,2,2,5,3
LC4,WED125,DNae005,2,2,598,3
LPLC2,TmY21,DNp11,3,3,5,3
LC4,WED125,DNae001,1,1,311,3
LPLC2,LPT114,DNp27,3,3,7,3
LPLC2,LPT114,DNpe037,3,3,6,3
LPLC2,LPT22,DNa09,2,2,50,3
LC4,AVLP452,DNp42,2,2,1402,3
LPLC2,LoVC15,DNg04,3,3,6,3
LC4,5-HTPMPV03,DNg34,2,3,3,3
LPLC2,LC19,DNa03,2,2,2,3
LPLC2,LPT28,DNg46,2,2,10,3
LPLC2,LoVC15,DNg01_unclear,2,2,3,3
LC4,WED124,DNge107,1,1,9,3
LC4,5-HTPMPV03,DNg26,2,3,3,3
LPLC2,LPT28,DNge115,2,3,14,3
LPLC2,LoVC15,DNbe007,3,3,5,3
LPLC2,LC19,DNa04,2,2,11,3
LPLC2,LoVC7,DNge176,2,2,2,3
LC4,AN07B004,DNa16,1,1,3,3
LPLC2,AVLP705m,DNp54,1,1,1,3
LPLC2,AVLP610,DNpe045,1,2,4,3
LPLC2,LoVP43,DNp59,1,1,1,3
LPLC2,LoVP47,DNbe007,2,2,3,3
LPLC2,AVLP610,DNp69,1,1,2,3
LPLC2,AVLP610,DNp56,2,2,8,3
LPLC2,LoVP47,DNp31,2,2,3,3
LPLC2,WED060,DNg35,1,1,24,3
LC4,AVLP280,DNge053,1,1,1,3
LPLC2,AVLP610,DNge135,2,3,14,3
LPLC2,AVLP610,DNge099,2,2,8,3
LC4,AVLP259,DNpe052,1,1,688,3
LPLC2,AVLP610,DNge073,2,3,14,3
LPLC2,LoVP49,DNpe005,1,1,1,3
LPLC2,AVLP610,DNg98,2,2,8,3
LPLC2,AVLP610,DNd05,2,2,8,3
LPLC2,LoVP43,DNbe002,1,2,2,3
LPLC2,AVLP039,DNpe037,1,1,1,3
LPLC2,CB2940,DNg33,1,2,8,3
LPLC2,AVLP708m,DNa09,1,1,6,3
LPLC2,AVLP746m,DNpe050,1,2,42,3
LPLC2,AVLP746m,DNpe025,2,2,22,3
LPLC2,AVLP746m,DNg13,2,3,23,3
LPLC2,AVLP720m,DNge083,1,1,1,3
LPLC2,AVLP720m,DNc02,2,3,3,3
LPLC2,LoVP27,DNg92_a,2,2,5,3
LPLC2,AVLP711m,DNp70,2,2,327,3
LC4,AVLP280,DNp29,1,2,2,3
LPLC2,AVLP711m,DNp30,3,3,369,3
LPLC2,AVLP037,DNp69,1,1,2,3
LPLC2,AVLP711m,DNge136,2,2,179,3
LPLC2,AVLP039,DNp06,1,1,1,3
LPLC2,AVLP711m,DNg101,2,2,261,3
LPLC2,AVLP708m,DNp68,1,2,12,3
LPLC2,AVLP708m,DNp27,1,1,6,3
LPLC2,AVLP610,DNc01,2,2,8,3
LPLC2,AVLP610,DNbe007,1,1,2,3
LC4,AVLP083,DNp11,1,1,3,3
LC4,AVLP083,DNp29,1,1,3,3
LPLC2,AVLP591,DNp59,2,2,17,3
LPLC2,AVLP577,DNp62,1,1,17,3
LPLC2,AVLP572,DNpe043,1,1,1,3
LPLC2,WED046,DNp64,1,1,6,3
LPLC2,AVLP572,DNp09,2,2,2,3
LPLC2,AVLP552,DNp71,2,2,3,3
LPLC2,LoVP53,DNp03,1,1,42,3
LC4,AVLP093,DNpe026,1,1,2,3
LPLC2,AVLP539,DNpe040,1,1,1,3
LC4,AVLP093,DNpe042,1,1,2,3
LC4,AVLP093,DNpe043,2,2,4,3
LPLC2,AVLP539,DNp101,1,1,1,3
LPLC2,LoVP53,DNp47,2,2,87,3
LPLC2,AVLP538,DNpe021,1,1,29,3
LPLC2,MeLo13,DNp30,2,2,49,3
LPLC2,AVLP076,DNp34,2,2,12,3
LPLC2,AVLP591,DNpe037,1,1,9,3
LPLC2,WED060,DNd03,2,2,53,3
LPLC2,AVLP593,DNge047,1,1,1,3
LPLC2,AVLP040,DNpe042,1,2,6,3
LPLC2,LoVP50,DNge083,2,2,2,3
LPLC2,AVLP593,DNpe053,1,1,1,3
LPLC2,AVLP076,DNde006,2,2,12,3
LPLC2,AVLP076,DNg101,1,1,9,3
LPLC2,LoVP50,DNp56,1,1,1,3
LPLC2,WED060,DNg102,1,1,29,3
LC4,AVLP085,DNg30,1,1,7,3
LPLC2,AVLP593,DNg104,1,1,1,3
LPLC2,AVLP593,DNd02,1,1,1,3
LPLC2,WED060,DNde006,2,2,37,3
LPLC2,AVLP592,DNpe043,2,2,100,3
LC4,AVLP259,DNp69,2,2,1172,3
LPLC2,AVLP592,DNpe021,1,1,19,3
LPLC2,AVLP016,DNpe053,1,1,1,3
LPLC2,AVLP746m,pIP1,1,1,21,3
LPLC2,Am1,DNc01,2,2,23,3
LC4,AVLP016,DNge054,2,2,115,3
LPLC2,AVLP001,DNd03,2,2,2,3
LPLC2,CB1852,DNp71,1,1,367,3
LPLC2,CB1852,DNp30,1,1,134,3
LPLC2,WED060,DNpe030,2,2,53,3
LPLC2,VS,DNpe015,1,2,2,3
LPLC2,CB1852,DNg101,2,2,596,3
LPLC2,AVLP001,DNp04,2,2,2,3
LPLC2,CB1852,DNb01,1,1,134,3
LPLC2,CB1717,DNp29,1,1,2,3
LPLC2,CB1638,pIP1,1,1,52,3
LPLC2,LoVP18,DNpe037,2,2,2,3
LPLC2,LoVP21,DNae009,2,2,4,3
LPLC2,CB1498,DNpe026,2,2,3,3
LPLC2,AVLP001,DNp55,2,2,2,3
LPLC2,CB1498,DNpe020,2,2,3,3
LC4,AVLP016,DNa01,1,1,58,3
LPLC2,LoVP18,DNp49,2,2,2,3
LPLC2,CB1852,pMP2,1,1,95,3
LPLC2,WED061,DNp04,1,1,55,3
LPLC2,MeVCMe1,DNp27,3,3,24,3
LPLC2,AN27X011,DNpe042,1,1,1,3
LPLC2,CB2472,DNp30,2,2,5,3
LPLC2,CB2371,DNg106,1,3,87,3
LPLC2,WED061,DNp06,2,2,102,3
LPLC2,LoVP18,DNc01,2,2,2,3
LC4,AOTU034,DNp63,1,1,32,3
LPLC2,CB1908,DNg74_a,1,1,1,3
LPLC2,LoVP18,DNg82,1,1,1,3
LPLC2,CB1932,DNp42,1,1,1,3
LPLC2,CB1932,DNd03,1,1,2,3
LPLC2,AOTU034,DNp63,1,1,12,3
LPLC2,CB1908,DNp01,1,1,5,3
LC4,AOTU065,DNp10,1,1,1,3
LPLC2,CB1498,DNp66,1,1,2,3
LPLC2,LoVP23,DNde002,2,2,15,3
LPLC2,Am1,DNp30,2,3,34,3
LC4,AVLP016,DNp03,2,2,115,3
LC4,AVLP016,DNp67,2,2,115,3
LPLC2,WED060,DNge131,1,1,29,3
LPLC2,LoVP25,DNge041,1,1,14,3
LPLC2,CB0414,DNg24,1,1,15,3
LPLC2,LoVP25,DNp102,3,3,24,3
LPLC2,LoVP25,DNp104,2,2,10,3
LPLC2,AVLP016,DNp57,1,1,1,3
LPLC2,LoVP25,DNpe013,1,1,9,3
LC4,AVLP280,DNp49,1,1,1,3
LPLC2,CB0128,DNp66,1,1,14,3
LPLC2,WED060,DNge124,1,1,24,3
LPLC2,CB0128,DNg77,1,1,14,3
LPLC2,CB0128,DNg70,1,2,28,3
LPLC2,AVLP016,DNpe001,1,1,1,3
LPLC2,AVLP016,DNpe042,1,2,2,3
LPLC2,CB0431,DNbe003,1,1,16,3
LPLC2,CB0431,DNg75,1,1,16,3
LPLC2,CB0431,DNp07,1,1,16,3
LPLC2,CB0929,DNpe042,2,2,39,3
LPLC2,MeVCMe1,DNc02,1,1,6,3
LC4,AVLP016,DNp05,2,2,115,3
LC4,AVLP016,DNp11,2,2,115,3
LPLC2,CB1088,DNpe052,2,2,2,3
LPLC2,AVLP001,DNpe056,2,2,2,3
LC4,AVLP016,DNp30,2,2,115,3
LC4,AVLP016,DNp34,2,2,115,3
LPLC2,CB0431,DNpe021,1,1,16,3
LPLC2,CB0929,DNpe025,1,1,21,3
LPLC2,CB0929,DNp43,1,1,9,3
LPLC2,CB0929,DNp42,1,1,9,3
LPLC2,LoVP24,DNp19,1,1,1,3
LPLC2,CB0738,DNp103,1,1,3,3
LPLC2,CB0431,DNpe055,1,1,16,3
LPLC2,AVLP538,DNp46,2,2,40,3
LC4,AVLP094,DNp02,2,2,200,3
LPLC2,AVLP538,DNg104,1,1,29,3
LC4,AVLP152,DNp30,1,1,18,3
LC4,AVLP149,DNp42,2,2,42,3
LPLC2,AVLP339,DNpe053,2,2,39,3
LPLC2,AVLP339,DNpe026,1,2,64,3
LC4,AVLP203_c,DNpe056,1,1,2,3
LPLC2,AVLP339,DNp05,1,1,7,3
LPLC2,WED015,DNp06,2,2,18,3
LPLC2,LoVP93,DNpe003,2,2,35,3
LPLC2,VSm,DNb01,2,2,7,3
LC4,AVLP149,DNpe042,2,2,7,3
LPLC2,AVLP316,DNp46,2,2,57,3
LC4,AVLP152,DNp04,1,1,18,3
LPLC2,AVLP316,DNa13,1,1,14,3
LPLC2,AVLP316,DNa03,1,1,14,3
LPLC2,LoVP90c,DNp56,1,1,4,3
LC4,AVLP203_c,DNp02,1,1,18,3
LPLC2,AVLP169,DNp35,1,1,112,3
LPLC2,LoVP89,DNpe040,2,2,2,3
LPLC2,WED015,DNp43,2,2,7,3
LPLC2,AVLP132,DNp103,1,1,24,3
LPLC2,LoVP99,pIP1,2,2,5,3
LPLC2,LoVP99,DNpe056,1,1,3,3
LPLC2,AVLP429,DNpe037,1,1,28,3
LC4,AVLP204,DNp29,1,1,12,3
LPLC2,AVLP429,DNg30,2,2,52,3
LPLC2,AVLP429,DNd03,2,2,52,3
LPLC2,AVLP398,DNge039,1,1,1,3
LPLC2,AVLP370_a,DNa14,2,2,208,3
LPLC2,AVLP396,DNpe050,1,1,497,3
LPLC2,AVLP396,DNpe039,1,1,425,3
LC4,AVLP126,DNp04,1,1,2,3
LPLC2,AVLP396,DNp101,1,1,425,3
LC4,AVLP204,DNp11,2,2,21,3
LPLC2,AVLP396,DNd05,2,2,922,3
LC4,AVLP203_c,DNp01,2,2,20,3
LPLC2,AVLP314,DNd04,1,1,1,3
LPLC2,AVLP430,DNp35,1,1,68,3
LPLC2,LoVP90c,DNxl114,1,1,4,3
LPLC2,AVLP204,DNp29,1,1,26,3
LPLC2,LoVP92,DNpe022,2,2,10,3
LPLC2,AVLP203_c,DNpe056,1,1,13,3
LPLC2,AVLP203_c,DNp02,1,1,5,3
LPLC2,AVLP203_c,DNp01,2,2,18,3
LPLC2,LoVP93,DNae007,3,3,50,3
LPLC2,VSm,DNge107,2,2,10,3
LC4,AVLP202,DNp07,1,2,70,3
LPLC2,AVLP201,DNp34,2,2,15,3
LC4,AVLP202,DNp11,1,2,70,3
LPLC2,LoVP93,DNbe005,2,2,26,3
LPLC2,AVLP202,DNp11,1,2,4,3
LPLC2,AVLP202,DNp07,1,2,4,3
LPLC2,AVLP202,DNp05,1,1,2,3
LPLC2,AVLP201,DNpe025,2,2,15,3
LPLC2,AVLP204,DNp34,2,3,56,3
LC4,AVLP201,DNpe025,2,2,10,3
LPLC2,AVLP204,DNpe052,1,1,26,3
LPLC2,AVLP259,DNp69,2,2,214,3
LPLC2,LoVP92,DNa01,1,1,1,3
LPLC2,AVLP292,DNpe056,1,1,6,3
LC4,AVLP152,DNp55,2,2,24,3
LPLC2,AVLP176_d,DNpe040,3,3,155,3
LPLC2,AVLP285,DNp62,1,2,10,3
LPLC2,AVLP259,DNpe052,1,1,93,3
LPLC2,LoVP92,DNge103,2,2,17,3
LPLC2,AVLP205,DNd02,1,1,9,3
LPLC2,AVLP205,DNp66,1,2,16,3
LPLC2,AVLP205,DNp35,3,3,36,3
LC4,AVLP201,DNp34,2,2,10,3
LPLC2,LoVP92,DNp54,2,2,2,3
LPLC2,AVLP205,DNge032,2,3,37,3
LPLC2,VSm,DNp21,2,2,6,3
LPLC2,AVLP430,DNp30,2,2,145,3
LPLC2,LoVP_unclear,DNge135,1,1,3,3
LPLC2,AVLP077,DNpe042,1,1,1,3
LPLC2,AVLP476,DNpe056,1,1,7,3
LPLC2,LoVP59,DNp27,1,2,4,3
LPLC2,AVLP507,DNpe031,1,2,2,3
LPLC2,AVLP507,DNp23,1,1,1,3
LPLC2,AVLP507,DNp103,1,1,1,3
LPLC2,AVLP500,DNpe056,2,2,2718,3
LPLC2,AVLP079,DNp71,1,1,9,3
LPLC2,AVLP500,DNp23,1,1,1642,3
LPLC2,AVLP500,DNp04,2,2,2718,3
LPLC2,AVLP492,DNpe020,1,1,1,3
LPLC2,AVLP492,DNp64,1,1,1,3
LC4,AVLP205,DNp45,1,1,5,3
LPLC2,AVLP079,pIP1,1,1,9,3
LPLC2,WED046,DNb05,1,1,6,3
LPLC2,AVLP080,DNa02,2,2,31,3
LPLC2,LoVP85,DNg40,1,1,11,3
LPLC2,LoVP55,DNp11,1,1,1,3
LPLC2,MBON33,DNp104,1,1,1,3
LPLC2,AVLP531,DNg101,1,1,1610,3
LPLC2,VST2,DNb03,1,1,2,3
LPLC2,AVLP538,,1,1,11,3
LPLC2,MBON33,DNpe053,1,1,1,3
LPLC2,AVLP537,DNpe040,2,2,11,3
LPLC2,AVLP536,DNpe031,1,2,2,3
LPLC2,AVLP531,DNp45,2,2,4635,3
LPLC2,AVLP531,DNp43,1,1,1610,3
LPLC2,AVLP531,DNp27,1,1,1610,3
LPLC2,AVLP531,DNg111,2,2,4635,3
LC4,AVLP109,DNd03,1,1,3,3
LPLC2,MBON33,DNp62,1,2,2,3
LPLC2,AVLP079,DNg40,1,1,9,3
LPLC2,AVLP531,DNp10,2,2,4635,3
LPLC2,MBON33,DNp27,1,1,1,3
LPLC2,WED046,DNg24,1,1,6,3
LC4,AVLP205,DNp30,1,1,5,3
LPLC2,AVLP476,DNpe052,1,1,7,3
LPLC2,AVLP086,DNp55,1,1,3,3
LPLC2,AVLP476,DNpe050,1,1,7,3
LPLC2,LoVP85,DNpe026,1,2,22,3
LPLC2,AVLP086,DNd03,1,1,3,3
LPLC2,AVLP086,DNg32,1,1,3,3
LPLC2,AVLP452,DNp42,2,2,4,3
LC4,AVLP120,DNge086,1,1,1,3
LC4,AVLP120,DNp12,1,1,1,3
LPLC2,LoVP85,aSP22,2,3,51,3
LPLC2,AVLP452,DNbe004,1,1,2,3
LPLC2,LoVP86,DNb04,1,1,1,3
LPLC2,LoVP86,DNb09,1,1,1,3
LPLC2,LoVP_unclear,DNp26,1,1,1,3
LPLC2,AVLP086,DNp03,1,1,3,3
LPLC2,AVLP437,DNpe052,2,2,5,3
LPLC2,LoVP86,DNge085,1,1,1,3
LPLC2,AVLP437,DNp29,2,2,5,3
LPLC2,LoVP85,DNpe024,2,2,31,3
LC4,AVLP120,DNge073,1,1,1,3
LPLC2,AVLP452,DNpe026,1,1,2,3
LPLC2,LoVP85,DNp27,2,2,31,3
LPLC2,AVLP476,DNpe043,1,1,7,3
LC4,AVLP205,DNd02,1,1,5,3
LC4,AVLP204,pIP1,2,2,21,3
LPLC2,AVLP080,DNp70,2,2,31,3
LPLC2,LoVP85,DNp16_a,1,1,11,3
LC4,AVLP204,DNpe056,3,3,24,3
LPLC2,AVLP476,DNge184,1,1,7,3
LPLC2,AVLP476,,1,1,7,3
LPLC2,LoVP85,DNp30,2,2,31,3
LPLC2,LoVP85,DNp53,1,1,20,3
LPLC2,LoVP85,DNp54,2,2,31,3
LPLC2,AVLP476,DNg24,1,2,14,3
LPLC2,LoVP85,DNp69,2,2,31,3
LPLC2,AVLP080,DNpe050,2,2,31,3
LPLC2,AN27X011,DNp27,1,1,1,3
LPLC2,LoVP108,DNp30,2,2,3,3
LC4,WED196,DNp02,1,2,4,3
LPLC2,CL367,DNg96,1,1,7,3
LPLC2,MeVPLp1,DNb03,1,3,15,3
LPLC2,5-HTPLP01,DNg30,2,2,5,3
LPLC2,CL367,DNbe005,1,1,7,3
LPLC2,VCH,DNp27,1,1,6,3
LPLC2,CL367,DNa09,1,1,7,3
LPLC2,CL365,DNpe021,1,1,2,3
LPLC2,CL365,DNp69,1,2,4,3
LPLC2,LoVC25,DNb01,1,1,1,3
LPLC2,CL365,DNp06,1,2,4,3
LC4,AN09A005,DNc02,1,1,1,3
LPLC2,CL323,DNpe040,1,1,151,3
LPLC2,CL323,DNpe031,3,3,418,3
LPLC2,WED108,DNp11,1,2,14,3
LPLC2,5-HTPLP01,DNp55,2,2,5,3
LPLC2,CL323,DNp05,1,1,51,3
LPLC2,LoVC22,DNpe028,2,2,7,3
LC4,AN08B010,DNpe021,1,2,32,3
LPLC2,AN27X011,DNge152,1,1,1,3
LPLC2,CL367,DNp59,1,1,7,3
LPLC2,,DNp59,2,2,37,3
LPLC2,LoVC22,"DNp51,DNpe019",2,2,7,3
LPLC2,LoVC22,DNp57,2,2,7,3
LPLC2,GNG300,DNge041,2,3,883,3
LPLC2,GNG300,DNge012,1,1,250,3
LC4,AN08B010,DNge046,2,2,22,3
LPLC2,LoVC22,DNp69,2,2,6,3
LPLC2,WED117,DNg45,1,1,1,3
LPLC2,LoVC22,DNpe004,2,3,7,3
LC4,AN08B010,DNp02,1,1,6,3
LPLC2,GNG300,DNg34,2,3,883,3
LC4,AN08B010,DNp06,1,1,16,3
LPLC2,CL367,DNpe039,1,1,7,3
LPLC2,LoVC22,DNpe017,2,2,6,3
LPLC2,WED117,DNg105,1,2,4,3
LPLC2,LoVC25,DNpe003,1,1,1,3
LPLC2,5-HTPLP01,DNp67,2,2,5,3
LC4,AN09B016,DNg40,1,2,2,3
LPLC2,CL323,DNbe001,2,2,339,3
LPLC2,MeVP51,DNpe031,1,2,2,3
LPLC2,WED104,DNp27,1,1,38,3
LPLC2,CL286,DNpe040,2,3,43,3
LPLC2,5-HTPMPV03,DNg02_e,2,2,12,3
LPLC2,5-HTPMPV03,DNg02_f,1,2,18,3
LPLC2,5-HTPMPV03,DNg02_g,2,3,15,3
LPLC2,CL286,DNp45,2,3,43,3
LPLC2,5-HTPMPV03,DNg04,2,3,15,3
LPLC2,CL286,DNp16_a,1,1,18,3
LPLC2,CL286,DNp08,1,1,18,3
LPLC2,WED104,DNp06,1,1,45,3
LC4,AN09B023,DNge132,1,1,3,3
LPLC2,CL286,DNge073,1,1,7,3
LC4,AN09B023,DNp27,1,2,6,3
LPLC2,CL266_a3,DNp23,1,1,4,3
LC4,AN09B023,DNg15,1,1,3,3
LPLC2,CL309,DNg02_c,1,1,2,3
LC4,AN09B023,DNg102,1,2,6,3
LPLC2,CL319,DNp27,1,2,2,3
LPLC2,CL323,DNb07,1,1,216,3
LC4,AN09B016,DNge032,1,1,1,3
LC4,AN09B016,DNge038,1,1,1,3
LPLC2,5-HTPMPV03,DNae003,2,2,12,3
LPLC2,CL319,DNp71,2,2,2,3
LPLC2,CL319,DNp69,2,2,2,3
LPLC2,5-HTPMPV03,DNb02,2,3,15,3
LPLC2,CL309,DNp09,1,1,2,3
LPLC2,CL319,DNp06,1,1,1,3
LC4,AVLP339,DNpe053,2,2,117,3
LPLC2,CL319,DNg55,1,1,1,3
LPLC2,CL319,DNg27,2,2,2,3
LPLC2,CL319,DNg104,2,2,2,3
LPLC2,5-HTPMPV03,DNbe006,1,2,6,3
LC4,AVLP342,DNp71,1,1,1,3
LPLC2,,DNp49,2,2,36,3
LPLC2,GNG300,DNge102,1,1,383,3
LPLC2,IB114,DNpe002,2,2,545,3
LPLC2,,DNb01,1,1,4,3
LPLC2,LAL026_a,DNpe002,1,1,4,3
LPLC2,,DNb05,2,2,8,3
LPLC2,LAL026_a,DNp46,1,1,4,3
LPLC2,,DNbe001,2,2,33,3
LPLC2,LoVC18,DNpe037,2,3,17,3
LPLC2,MeVPLp1,DNge026,1,1,5,3
LPLC2,,DNd04,1,1,13,3
LC4,AVLP429,DNg30,2,2,409,3
LPLC2,LAL026_a,DNge040,1,1,4,3
LC4,AVLP429,DNd03,2,2,409,3
LPLC2,,DNg02_d,3,3,653,3
LPLC2,LoVC19,DNp27,2,3,3,3
LPLC2,LAL016,DNg01_d,1,1,77,3
LPLC2,LoVC22,DNa14,3,3,8,3
LPLC2,,DNae007,1,1,4,3
LPLC2,LAL026_b,DNg111,1,1,2,3
LPLC2,LAL026_b,pIP1,1,1,2,3
LC4,AN07B004,DNbe007,2,2,6,3
LPLC2,LC16,DNp32,3,3,4,3
LC4,AVLP429,DNpe037,1,1,212,3
LPLC2,LC14a-2,DNp13,1,1,2,3
LPLC2,LC14a-2,DNge124,1,1,2,3
LC4,AN07B004,DNb09,2,2,6,3
LPLC2,LoVC18,DNp26,2,2,8,3
LC4,Y12,DNp11,3,3,3,3
LPLC2,LAL136_b,DNa11,1,1,2,3
LPLC2,LoVC18,DNp49,2,2,13,3
LPLC2,LAL301m,DNb09,2,2,58,3
LPLC2,LAL301m,DNa01,2,2,58,3
LC4,AN07B004,DNg79,2,3,9,3
LPLC2,LAL136_b,MDN,1,2,4,3
LPLC2,LoVC18,DNp57,3,3,16,3
LPLC2,LoVC22,DNb04,3,3,7,3
LC4,AN07B004,DNp04,2,2,6,3
LC4,AVLP342,DNpe039,1,1,1,3
LPLC2,IB114,DNp07,2,3,938,3
LPLC2,,DNge130,2,2,5,3
LPLC2,HSE,DNge071,1,1,13,3
LPLC2,HSE,DNge006,2,2,14,3
LPLC2,H2,DNge135,1,1,45,3
LPLC2,H2,DNge116,1,2,108,3
LPLC2,H2,DNge033,1,1,54,3
LPLC2,GNG300,DNp70,2,2,633,3
LC4,AVLP396,DNp101,1,1,3,3
LC4,AVLP396,DNp05,1,1,3,3
LPLC2,GNG300,DNp03,2,2,633,3
LPLC2,MeVPLp1,DNg09_b,2,2,6,3
LPLC2,,DNp32,2,2,309,3
LC4,AVLP396,DNa11,1,1,3,3
LPLC2,WED117,DNge031,1,1,1,3
LPLC2,GNG300,DNge148,1,1,250,3
LPLC2,LoVC22,DNge107,2,2,6,3
LPLC2,HSN,DNbe001,1,1,11,3
LPLC2,HSN,DNg41,2,2,26,3
LPLC2,HST,DNge047,1,1,2,3
LPLC2,IB114,DNg69,1,1,152,3
LPLC2,IB114,DNg101,2,2,545,3
LPLC2,IB114,DNa08,1,1,152,3
LPLC2,HST,DNpe013,1,1,1,3
LC4,AVLP396,DNpe039,1,1,3,3
LPLC2,LoVC22,DNg49,3,3,12,3
LC4,AN07B004,DNp54,1,1,3,3
LPLC2,LoVC22,DNge073,3,3,12,3
LC4,AN07B004,DNp57,2,3,9,3
LPLC2,LoVC22,DNg90,2,2,7,3
LPLC2,HSS,DNge071,2,2,10,3
LPLC2,HSS,DNae006,1,1,6,3
LPLC2,HSS,DNa13,1,1,6,3
LPLC2,,DNge079,1,1,1,3
LPLC2,CL266_a3,DNp11,1,1,4,3
LPLC2,LoVC7,DNge084,2,2,2,3
LPLC2,CL213,DNp71,2,3,68,3
LPLC2,CB4102,DNg01_c,2,2,13,3
LPLC2,5-HTPMPV03,DNpe054,2,3,15,3
LPLC2,VS,DNge047,1,1,20,3
LPLC2,5-HTPMPV03,pIP1,2,2,12,3
LPLC2,LoVP101,DNg86,2,2,5,3
LC4,AN27X011,DNge046,1,1,2,3
LC4,AVLP339,DNp05,1,1,87,3
LPLC2,WED072,DNp34,2,2,9,3
LPLC2,CB4163,DNd03,1,1,28,3
LC4,AN27X011,DNge053,1,1,2,3
LPLC2,WED072,DNp26,2,2,11,3
LPLC2,AMMC-A1,DNp55,2,2,66,3
LPLC2,CB4102,DNp10,1,1,4,3
LC4,AN27X011,DNge152,1,1,2,3
LPLC2,CB4102,DNp04,1,1,9,3
LPLC2,AMMC-A1,DNpe021,1,1,31,3
LPLC2,CB4163,DNpe056,1,1,28,3
LPLC2,LoVP101,DNg35,1,1,1,3
LPLC2,CB4176,DNg30,1,2,2,3
LPLC2,LoVP101,,1,1,4,3
LPLC2,CB4245,DNp11,1,1,4,3
LPLC2,CB4180,DNp103,1,1,2,3
LPLC2,LoVCLo3,DNpe042,1,2,176,3
LPLC2,LoVCLo3,DNpe043,1,1,88,3
LPLC2,MeVP18,DNpe024,1,1,17,3
LPLC2,WED072,DNp70,3,3,5,3
LPLC2,WED072,DNp64,2,2,3,3
LPLC2,LoVP101,DNg111,1,1,1,3
LPLC2,LoVP101,DNb05,2,2,5,3
LPLC2,CB4176,DNp66,1,1,1,3
LPLC2,5-HTPMPV03,DNpe014,2,3,15,3
LPLC2,LoVP101,DNg100,1,2,2,3
LPLC2,5-HTPMPV03,DNpe016,2,2,12,3
LPLC2,5-HTPMPV03,DNpe017,2,3,15,3
LPLC2,LoVP101,DNge119,1,1,1,3
LC4,AN27X011,DNp27,1,1,2,3
LC4,AN27X011,DNg12_h,1,1,2,3
LPLC2,CB4102,DNa16,2,2,13,3
LPLC2,LoVP103,DNae007,1,1,2,3
LPLC2,CB3201,DNp01,1,1,1,3
LPLC2,CB3201,DNg30,1,1,3,3
LPLC2,LoVP103,DNge060,1,1,2,3
LC4,ANXXX109,DNge004,1,1,14,3
LC4,ANXXX109,DNge102,2,2,20,3
LPLC2,WED061,DNpe040,1,1,55,3
LPLC2,MeVP17,DNpe021,1,1,2,3
LPLC2,CB3019,DNpe021,2,2,28,3
LPLC2,AN27X011,DNge046,1,1,1,3
LPLC2,CB3019,DNp64,3,3,59,3
LPLC2,AN27X011,DNge053,1,1,1,3
LC4,ANXXX109,DNp70,2,2,20,3
LC4,ANXXX109,DNpe031,1,2,12,3
LPLC2,LoVP108,DNp06,1,1,2,3
LPLC2,LoVP101,pIP1,1,1,4,3
LC4,AVLP299_d,DNp36,1,1,1,3
LPLC2,LoVP101,DNpe022,1,1,4,3
LPLC2,AN27X011,DNg104,1,1,1,3
LPLC2,CB4102,DNa02,1,1,4,3
LPLC2,AN27X011,DNa16,1,1,1,3
LPLC2,CB4101,DNbe006,1,1,49,3
LPLC2,AN27X011,DNb06,1,1,1,3
LPLC2,AN27X011,DNbe004,1,1,1,3
LC4,AVLP299_d,aSP22,1,1,1,3
LC4,AN27X011,DNpe042,1,1,2,3
LPLC2,CB3513,DNc02,1,1,43,3
LPLC2,AN27X011,DNg12_h,1,1,1,3
LPLC2,CB3513,DNpe040,3,3,112,3
LPLC2,CB3513,DNp34,1,1,36,3
LPLC2,LoVP101,DNpe015,1,1,1,3
LC4,ANXXX109,DNg100,1,1,14,3
LPLC2,LoVP101,DNpe021,2,2,5,3
LPLC2,CL022_a,DNbe002,1,2,2,3
LPLC2,WED072,DNpe024,2,2,8,3
LC4,AN09B023,MDN,1,1,3,3
LPLC2,CL131,DNg110,1,1,1,3
LPLC2,CL203,DNb08,1,1,1,3
LPLC2,CL203,DNae008,1,1,1,3
LC4,AVLP339,DNpe026,1,2,60,3
LPLC2,CL140,DNpe024,2,2,209,3
LPLC2,MeVP51,DNg56,1,1,1,3
LPLC2,CL140,DNg111,1,1,81,3
LC4,AN17B005,DNg12_e,1,2,4,3
LPLC2,5-HTPMPV03,DNge093,2,3,15,3
LPLC2,LoVCLo3,DNg30,2,3,247,3
LPLC2,CL140,DNae001,1,1,81,3
LPLC2,MeVP51,DNbe001,1,1,1,3
LPLC2,LoVCLo3,DNg79,2,3,230,3
LPLC2,MeVP51,DNa07,1,1,12,3
LPLC2,CL131,DNp73,1,1,1,3
LC4,AN17B005,DNge038,1,1,2,3
LC4,AN10B019,DNp35,1,1,7,3
LC4,AN10B019,DNp32,2,2,2,3
LPLC2,5-HTPMPV03,DNg95,2,2,12,3
LPLC2,CL213,DNg100,2,2,45,3
LPLC2,5-HTPMPV03,DNg26,2,3,15,3
LPLC2,5-HTPMPV03,DNg34,2,3,21,3
LPLC2,CL213,DNg98,1,2,44,3
LPLC2,CL213,DNg69,2,2,45,3
LPLC2,WED104,DNg56,1,1,45,3
LPLC2,CL213,DNg102,2,3,68,3
LPLC2,5-HTPMPV03,DNg92_a,2,2,12,3
LPLC2,CL203,DNge037,1,1,1,3
LC4,AN10B019,DNge144,1,1,7,3
LPLC2,CL203,DNp68,1,2,2,3
LPLC2,CL203,DNp23,1,1,1,3
LPLC2,CL203,DNp103,1,1,1,3
LPLC2,LoVC7,DNpe005,1,1,1,3
LC4,AN10B019,DNp04,3,3,9,3
LC4,AN17B005,DNge079,1,1,2,3
LPLC2,CL131,DNg11,1,1,1,3
LPLC2,CL022_a,DNp68,1,1,1,3
LPLC2,5-HTPMPV03,DNge115,1,3,27,3
LPLC2,CL022_c,DNp43,1,1,1,3
LC4,AN27X011,DNb06,1,1,2,3
LC4,AN27X011,DNbe004,1,1,2,3
LPLC2,LoVCLo3,DNpe002,2,2,159,3
LPLC2,WED072,DNpe042,3,3,14,3
LPLC2,5-HTPMPV03,DNp21,2,2,12,3
LPLC2,LoVCLo3,DNpe025,2,3,247,3
LC4,AN27X011,DNg104,1,1,2,3
LPLC2,CL022_b,DNg01_b,1,1,27,3
LPLC2,CL022_b,DNb04,1,1,27,3
LPLC2,CL022_a,DNpe042,1,2,2,3
LPLC2,5-HTPMPV03,DNp42,2,3,21,3
LPLC2,5-HTPMPV03,DNp48,2,2,12,3
LPLC2,CL022_a,DNp70,1,1,1,3
LPLC2,CL022_a,DNp69,1,1,1,3
LPLC2,CL022_c,DNp59,1,1,1,3
LPLC2,5-HTPMPV03,DNp104,2,2,12,3
LPLC2,CL038,DNae008,2,2,5,3
LPLC2,CL053,DNge006,2,2,44,3
LPLC2,CL131,DNa13,1,1,1,3
LC4,AN17B005,DNge138,1,1,2,3
LC4,AN17B005,DNp05,1,1,2,3
LPLC2,LoVCLo3,DNp08,2,2,159,3
LPLC2,CL053,DNp27,2,3,74,3
LC4,AN17B013,DNg24,2,2,5,3
LPLC2,CL053,DNg82,1,2,60,3
LC4,AN27X011,DNa16,1,1,2,3
LPLC2,CL053,DNg02_d,2,2,44,3
LPLC2,MeVP18,pIP1,3,3,23,3
LPLC2,CL053,DNg01_b,1,1,14,3
LPLC2,CL053,DNb04,2,2,44,3
LPLC2,CL038,DNpe045,2,2,5,3
LPLC2,CL038,DNp69,1,1,1,3
LC4,WED104,DNge138,1,2,8,3
LPLC2,PVLP144,DNge103,1,1,7,3
LC4,CB3302,DNp68,2,2,23,3
LC4,PVLP137,DNa11,1,1,290,3
LPLC2,PLP060,DNp26,1,1,11,3
LC4,CB3376,DNb07,1,1,5,3
LC4,PVLP130,DNp01,1,1,943,3
LC4,MeLo2,DNp27,2,2,2,3
LC4,PVLP130,DNp03,2,2,1944,3
LPLC2,PVLP031,DNp70,3,3,15,3
LC4,PS181,DNg42,1,1,2,3
LPLC2,PVLP031,DNp66,2,2,3,3
LC4,LPT31,DNge138,1,1,1,3
LC4,PVLP137,DNg13,1,1,290,3
LC4,CB1557,DNpe031,1,2,14,3
LC4,PS181,DNae002,1,1,2,3
LPLC2,PVLP122,DNge039,1,1,363,3
LC4,PS181,DNa05,1,2,4,3
LC4,AVLP593,DNpe056,1,1,3,3
LPLC2,PVLP031,DNp35,3,3,14,3
LPLC2,PVLP031,DNp30,1,2,4,3
LC4,LPT29,DNg40,1,1,1,3
LC4,MeLo13,DNp30,2,2,84,3
LC4,LPT60,DNb03,2,2,651,3
LC4,LPT60,DNg02_b,1,1,299,3
LC4,CB3376,DNbe004,1,1,1,3
LC4,CB1498,DNpe020,2,2,374,3
LC4,LoVP99,DNpe056,1,1,9,3
LC4,LoVP99,pIP1,2,2,10,3
LPLC2,PVLP120,DNpe021,2,3,1596,3
LC4,CB1498,DNpe026,2,2,374,3
LC4,LPT60,DNge135,2,2,651,3
LPLC2,PVLP120,DNpe042,2,3,1716,3
LC4,PS182,DNae009,1,1,5,3
LC4,LPT60,DNge073,1,1,352,3
LC4,LPT60,DNge053,2,3,1003,3
LC4,LPT60,DNg95,1,1,352,3
LC4,PS181,DNpe024,1,2,4,3
LC4,PS181,DNpe018,1,1,2,3
LPLC2,PVLP121,DNp103,1,1,5,3
LC4,PS181,DNp68,1,2,4,3
LC4,PVLP128,DNg40,2,2,3,3
LC4,LPT60,DNg33,1,1,352,3
LC4,AVLP593,DNpe053,1,2,6,3
LC4,PS180,DNpe016,1,2,4,3
LC4,PS182,DNg79,2,3,7,3
LC4,LLPC1,DNpe037,1,1,1,3
LC4,CB1638,DNp71,2,2,14,3
LC4,AVLP593,DNp45,1,1,3,3
LC4,CB3302,DNpe042,1,1,15,3
LPLC2,PLP060,DNae002,1,1,11,3
LC4,MeVCMe1,DNp27,3,3,7,3
LC4,LLPC2,DNpe037,1,1,2,3
LC4,LLPC2,DNp11,2,2,2,3
LPLC2,PS182,DNpe021,1,1,3,3
LPLC2,PLP060,DNa09,1,1,11,3
LC4,LPT29,DNb05,1,1,1,3
LC4,LLPC1,DNpe022,2,2,2,3
LC4,MeVP17,DNp35,1,1,1,3
LC4,MeVP18,DNd02,1,1,1,3
LPLC2,PS208,DNa02,1,1,1,3
LC4,PS112,DNg110,1,2,4,3
LC4,LLPC1,DNp18,1,1,1,3
LC4,CB1649,DNa15,1,1,1,3
LC4,CB4179,DNg87,2,2,20,3
LC4,PS112,pIP1,1,1,2,3
LC4,PVLP137,DNge032,1,1,290,3
LC4,CB1638,DNp66,2,2,14,3
LPLC2,PVLP031,DNg29,1,1,2,3
LC4,CB4176,DNg29,1,1,7,3
LC4,CB3376,DNa16,2,2,6,3
LC4,PS180,DNp27,1,1,2,3
LC4,LPLC4,DNpe003,2,2,3,3
LC4,LPLC4,DNp08,2,2,2,3
LC4,LPLC4,DNc01,3,3,5,3
LPLC2,PVLP031,DNp09,1,1,5,3
LC4,CB4176,DNge184,3,3,12,3
LC4,CB4176,DNp02,2,2,4,3
LC4,PS180,DNg01_c,1,1,2,3
LC4,MeVCMe1,DNc02,1,1,1,3
LC4,AVLP593,DNpe021,1,1,3,3
LC4,PVLP137,DNg74_a,1,2,1130,3
LC4,LPLC1,DNp55,1,1,1,3
LC4,PVLP137,DNg74_b,1,2,1130,3
LPLC2,PVLP206m,DNde002,1,1,71,3
LC4,PVLP137,DNg88,2,2,855,3
LC4,LPT60,DNge149,1,1,352,3
LC4,LPT60,DNp12,2,2,651,3
LC4,PS112,DNae009,1,2,4,3
LC4,LT51,DNg43,1,1,1,3
LC4,PVLP120,DNp103,2,2,266,3
LC4,LT51,DNge147,1,1,1,3
LC4,LT51,DNge123,2,2,3,3
LC4,PS304,DNge012,1,1,1,3
LC4,LoVP85,DNp53,1,1,302,3
LC4,LoVP85,DNp54,2,2,606,3
LC4,PVLP120,DNpe021,2,3,414,3
LC4,PVLP120,DNpe042,2,3,384,3
LC4,LoVP85,DNp69,2,2,606,3
LC4,LT47,DNp08,2,2,3,3
LC4,LT51,DNde005,2,2,3,3
LC4,LT51,DNbe004,1,1,2,3
LC4,PS304,DNg19,1,2,2,3
LC4,CB1314,DNp02,1,1,1,3
LC4,PS304,DNg111,1,1,1,3
LC4,PVLP122,DNge039,1,1,979,3
LC4,LoVP85,DNpe024,2,2,606,3
LC4,LoVP85,DNpe026,1,2,608,3
LC4,CB4103,DNp41,1,1,44,3
LC4,LT51,DNp41,1,1,2,3
LC4,LT51,DNp54,2,2,3,3
LPLC2,PLP163,DNp42,1,1,3,3
LC4,PVLP111,DNp34,2,2,2,3
LPLC2,PVLP112,pIP1,1,1,76,3
LPLC2,PLP170,DNp03,1,1,1,3
LC4,LT56,DNp27,1,2,32,3
LC4,PVLP111,DNpe045,1,1,1,3
LC4,LT56,DNp11,1,1,16,3
LC4,PVLP111,DNpe056,1,1,2,3
LPLC2,PLP170,DNbe001,1,1,1,3
LC4,LT52,DNp27,3,3,5,3
LC4,LoVP85,DNp16_a,1,1,304,3
LC4,PVLP112,DNpe031,1,2,46,3
LC4,PS304,DNge048,1,1,1,3
LC4,LoVP85,DNp27,2,2,606,3
LC4,LT51,DNpe004,2,2,3,3
LPLC2,PLP163,DNpe031,1,1,156,3
LC4,LoVP85,DNp30,2,2,606,3
LC4,LT51,DNp67,1,1,1,3
LC4,LoVP85,aSP22,2,3,908,3
LC4,LT47,DNg39,1,1,1,3
LPLC2,SAD023,DNp02,3,3,72,3
LC4,PVLP123,DNpe026,2,2,49,3
LC4,LoVP93,DNbe005,2,2,66,3
LPLC2,PLP093,DNg02_f,1,2,20,3
LC4,PS182,DNp63,2,2,6,3
LPLC2,PVLP114,DNpe003,1,1,46,3
LC4,LT35,DNp27,2,3,253,3
LC4,LoVP93,DNg111,2,2,46,3
LC4,PVLP123,DNp71,2,2,49,3
LC4,LT1d,DNp27,2,2,19,3
LC4,CB3376,DNg71,1,1,5,3
LC4,PS304,DNbe007,1,1,1,3
LPLC2,PLP093,DNbe002,1,1,10,3
LC4,LT1c,DNp103,2,2,12,3
LC4,LoVP93,DNpe003,2,2,32,3
LPLC2,PS182,DNae009,1,1,3,3
LC4,LPT60,DNp68,1,1,352,3
LPLC2,PVLP120,DNp103,2,2,1104,3
LC4,PS182,DNp05,1,1,1,3
LC4,CB1498,DNp66,1,1,163,3
LC4,AVLP605,DNge053,1,2,8,3
LPLC2,PVLP114,DNp52,1,1,46,3
LC4,LT37,DNg92_b,2,3,6,3
LC4,PS182,DNpe002,2,2,6,3
LC4,LoVP89,DNg35,1,1,1,3
LPLC2,PVLP114,DNg101,1,1,46,3
LPLC2,PLP093,DNp31,1,1,10,3
LPLC2,PVLP034,DNge099,2,2,13,3
LC4,CB4162,DNp04,1,2,18,3
LC4,LT41,DNg97,1,1,7,3
LC4,CB1314,DNp73,2,2,7,3
LPLC2,PS181,DNpe018,1,1,16,3
LC4,LT40,DNpe024,2,2,34,3
LC4,CB3376,DNpe012_b,1,1,1,3
LC4,PVLP122,DNpe040,3,3,2256,3
LC4,CB3376,DNp57,2,2,4,3
LC4,LoVP92,DNp18,2,2,2,3
LPLC2,PS181,aSP22,1,1,18,3
LPLC2,PVLP216m,pIP1,2,2,8,3
LC4,LT40,DNa11,2,2,34,3
LPLC2,PVLP114,DNge136,1,2,92,3
LC4,CB1649,DNb01,1,1,1,3
LC4,LLPC1,DNa09,2,2,2,3
LC4,OA-VUMa4,DNp11,2,2,4,3
LC4,OA-VUMa4,DNg32,2,2,4,3
LC4,PS001,DNbe007,1,1,12,3
LC4,CL001,DNp29,1,2,2,3
LC4,OA-VUMa4,DNg27,2,2,4,3
LC4,PVLP216m,pMP2,1,1,1,3
LC4,AVLP542,DNg30,2,2,17,3
LC4,SAD011,DNge091,1,2,120,3
LC4,CL001,DNp49,1,1,1,3
LC4,CL001,DNp54,1,1,1,3
LC4,AVLP542,DNg09_a,2,2,17,3
LC4,LC29,DNg82,3,3,5,3
LPLC2,PVLP024,DNp70,2,2,44,3
LC4,PS001,DNae008,1,1,12,3
LPLC2,PVLP203m,DNg44,1,1,2,3
LC4,CL001,DNp64,1,1,1,3
LC4,PS001,DNa11,1,1,12,3
LC4,LC29,DNpe021,2,2,4,3
LC4,SAD011,DNpe024,1,1,1,3
LC4,CB3201,DNg56,3,3,445,3
LPLC2,PS335,DNge045,1,1,1,3
LC4,CL001,DNp13,1,1,1,3
LC4,PVLP216m,DNp36,1,2,2,3
LC4,PVLP216m,DNp34,1,2,2,3
LC4,PS001,DNp64,1,1,12,3
LC4,PVLP201m_d,DNg104,1,1,1,3
LPLC2,PVLP123,DNp55,3,3,275,3
LC4,PS001,DNp63,1,1,12,3
LC4,PVLP201m_d,DNg64,1,1,1,3
LC4,LC33,DNpe022,1,1,1,3
LC4,LC33,DNae002,1,1,1,3
LC4,OA-VUMa4,DNbe005,2,2,4,3
LC4,CL001,DNbe002,1,2,2,3
LC4,PVLP201m_d,DNp103,1,1,1,3
LPLC2,PLP034,DNa11,1,1,3,3
LC4,OA-VUMa4,DNg01_unclear,2,2,4,3
LC4,CL001,DNp03,1,1,1,3
LC4,OA-VUMa4,DNg02_g,2,3,6,3
LPLC2,PS335,DNg05_a,1,1,1,3
LC4,LC31b,DNg82,1,1,71,3
LC4,OA-VUMa4,DNg05_a,2,2,4,3
LC4,LC29,DNp03,3,3,3,3
LC4,OA-VUMa4,DNg49,1,2,4,3
LC4,PS001,DNpe017,1,1,12,3
LC4,CL022_a,DNp70,1,1,1,3
LC4,OA-VUMa4,DNge103,2,2,4,3
LPLC2,PS357,DNp11,1,1,2,3
LC4,CL022_a,DNp68,1,1,1,3
LC4,OA-VUMa4,DNge111,1,2,4,3
LC4,OA-VUMa4,DNge123,2,2,4,3
LC4,CL022_a,DNp69,1,1,1,3
LC4,OA-VUMa4,DNge125,2,2,4,3
LC4,PPM1203,DNp27,1,1,6,3
LC4,SAD013,DNge094,2,2,198,3
LPLC2,PVLP123,DNpe039,2,2,46,3
LC4,SAD013,DNge111,2,2,198,3
LC4,PPM1203,DNp23,1,1,6,3
LPLC2,PVLP010,DNa11,1,1,19,3
LC4,LC19,DNpe004,2,2,2,3
LPLC2,OLVC5,DNp27,1,2,2,3
LC4,AVLP536,DNp04,2,2,5,3
LC4,OA-VUMa4,DNp04,2,3,6,3
LC4,OA-VUMa4,DNp05,2,3,6,3
LC4,LC22,DNge043,1,1,1,3
LC4,SAD013,DNge041,2,2,198,3
LPLC2,PS357,DNge148,1,1,9,3
LPLC2,PS357,DNg110,1,1,4,3
LC4,LC24,DNbe002,1,1,1,3
LC4,PPM1203,DNpe052,1,1,6,3
LC4,CB3201,DNg30,1,1,390,3
LC4,LC23,DNp54,2,2,9,3
LC4,SAD013,DNg01_b,1,1,95,3
LPLC2,PVLP123,DNpe043,2,2,46,3
LC4,CB3201,DNg106,1,2,540,3
LC4,LC23,DNg40,1,1,7,3
LC4,OA-VUMa4,DNge033,2,3,6,3
LC4,AVLP536,DNp35,2,2,5,3
LC4,CL022_a,DNbe002,1,2,2,3
LC4,LC23,DNb09,2,2,22,3
LC4,PPM1203,DNpe031,1,1,6,3
LC4,LC23,DNa04,3,3,67,3
LC4,LC22,DNpe016,3,3,5,3
LC4,SAD013,DNge011,2,2,198,3
LPLC2,PS357,DNg08,1,1,9,3
LC4,AVLP542,DNpe045,2,2,17,3
LPLC2,PS208,DNp18,1,1,1,3
LC4,PVLP137,DNp59,2,2,855,3
LC4,LC39a,DNp59,1,1,6,3
LC4,MeVPLo1,DNg76,1,1,1,3
LC4,MeVPLo1,DNg92_b,1,2,2,3
LC4,PS002,aSP22,2,3,10,3
LC4,PS002,DNpe053,2,2,8,3
LPLC2,SAD073,DNp59,1,2,44,3
LPLC2,PVLP123,DNb09,3,3,152,3
LC4,LC6,DNg104,2,2,2,3
LC4,LC39b,DNp27,1,2,4,3
LC4,PS002,DNpe043,3,3,11,3
LC4,CB4248,DNge141,1,2,2,3
LPLC2,PLP034,DNp69,1,1,3,3
LC4,LC39a,CB0429,1,1,6,3
LPLC2,SAD011,DNp11,1,1,1,3
LC4,OA-AL2i1,DNp27,2,3,5,3
LC4,CB1649,DNg110,1,1,1,3
LC4,PS002,DNpe002,1,1,4,3
LC4,LC36,DNpe016,3,3,6,3
LC4,LC36,DNpe005,2,2,5,3
LC4,PVLP141,DNg64,1,1,726,3
LC4,CB4245,DNp11,1,1,4,3
LC4,PVLP141,DNg101,2,2,1539,3
LPLC2,PVLP028,DNg40,1,2,62,3
LC4,MeVP18,DNge032,1,1,1,3
LC4,PS112,DNae002,1,1,2,3
LC4,LHAD1g1,DNpe040,2,2,555,3
LC4,LHAD1g1,DNpe021,2,2,555,3
LC4,CB1649,DNbe004,1,2,2,3
LC4,LHAD1g1,DNp32,2,2,555,3
LC4,PVLP137,MDN,2,2,855,3
LPLC2,PVLP028,DNp42,1,1,41,3
LC4,AVLP593,DNp27,1,2,6,3
LC4,AVLP593,DNp12,1,1,3,3
LC4,PS038,DNpe026,1,1,1,3
LC4,AVLP593,DNp103,1,1,3,3
LC4,PS038,DNp69,2,2,2,3
LC4,CB4180,DNp103,1,1,27,3
LC4,CB3302,DNp64,2,2,23,3
LPLC2,PVLP122,DNpe040,3,3,371,3
LC4,LHAD1g1,,1,1,233,3
LC4,CB4248,DNge138,1,1,2,3
LC4,PS002,DNp27,3,3,11,3
LPLC2,SAD011,DNpe042,1,1,1,3
LC4,LC35a,aSP22,2,3,6,3
LPLC2,PVLP026,DNp35,2,3,75,3
LPLC2,PS208,DNg71,1,1,1,3
LC4,LC35b,DNg79,1,2,6,3
LC4,OA-AL2i2,DNp27,2,2,4,3
LC4,LC35b,DNg02_a,1,1,3,3
LC4,LC35b,DNg01_b,1,1,3,3
LC4,LC35b,DNb05,1,1,3,3
LC4,AVLP572,DNp23,1,2,2,3
LPLC2,PVLP026,DNp11,2,2,57,3
LC4,PS002,DNp11,2,2,7,3
LPLC2,PLP034,DNp05,1,1,3,3
LC4,LC35a,DNpe009,1,1,4,3
LC4,PVLP201m_a,DNp46,1,1,4,3
LC4,CB3201,DNp70,1,1,14,3
LC4,CL001,DNa06,1,1,1,3
LC4,CB1717,DNp29,1,1,5,3
LC4,PS001,DNpe040,1,1,12,3
LPLC2,PVLP025,DNp35,2,2,20,3
LPLC2,SAD014,DNg24,2,3,40,3
LPLC2,PVLP026,DNp59,1,1,18,3
LC4,PVLP201m_a,DNde003,1,1,4,3
LPLC2,PVLP026,DNp69,1,2,78,3
LPLC2,SAD014,DNg29,2,2,22,3
LC4,AVLP593,DNb05,1,1,3,3
LPLC2,SAD073,DNpe024,1,2,44,3
LC4,LC36,DNg90,3,3,5,3
LPLC2,PVLP123,DNg82,1,1,1,3
LC4,LC36,DNb09,1,1,2,3
LC4,PS002,DNp02,2,2,8,3
LC4,CB4248,DNp69,2,2,8,3
LC4,OA-AL2i2,DNg33,3,3,7,3
LPLC2,PVLP026,DNpe037,2,2,57,3
LPLC2,PVLP026,DNp70,1,1,39,3
LC4,LC35b,DNp59,1,1,3,3
LC4,OA-AL2i2,DNge148,1,1,3,3
LC4,PVLP201m_a,DNae003,1,1,4,3
LPLC2,PLP034,DNp102,1,1,3,3
LC4,LC35b,DNp47,1,1,3,3
LC4,LC35b,DNp07,1,1,3,3
LC4,LoVP85,DNg40,1,1,304,3
LC4,CB3513,DNc02,1,1,673,3
LPLC2,PLP211,DNa08,1,2,170,3
LC4,CB0154,DNge032,1,1,2,3
LC4,PVLP028,DNpe025,2,2,17,3
LPLC2,PS001,DNp64,1,1,1,3
LC4,CB3879,DNpe021,1,1,5,3
LPLC2,PVLP076,DNpe042,1,1,758,3
LC4,PVLP031,DNg29,1,1,22,3
LC4,CB4102,DNa10,3,3,201,3
LC4,LoVC16,DNp04,3,3,1024,3
LC4,CB0115,pIP1,1,1,1,3
LC4,LoVC15,DNpe010,2,2,9,3
LC4,PVLP031,DNp35,3,3,66,3
LC4,PVLP015,DNa11,2,2,833,3
LC4,PVLP031,DNp09,1,1,16,3
LC4,LoVC15,DNp27,3,3,14,3
LPLC2,PLP230,DNge107,1,1,24,3
LC4,LoVC15,DNp26,2,2,14,3
LPLC2,PS001,DNpe017,1,1,1,3
LC4,LoVC15,DNp01,2,2,8,3
LC4,CB3879,DNp71,1,1,5,3
LPLC2,PVLP062,DNpe039,2,2,7,3
LPLC2,PS001,DNp63,1,1,1,3
LC4,PVLP028,DNp42,1,1,9,3
LPLC2,PVLP076,DNp68,1,1,758,3
LC4,PVLP026,DNp70,1,1,192,3
LC4,PVLP026,DNpe037,2,2,326,3
LPLC2,PVLP076,DNp01,2,2,1338,3
LC4,LoVC18,DNge149,1,1,4,3
LC4,LoVC18,DNge141,1,1,4,3
LC4,AVLP711m,DNp45,1,1,24,3
LC4,LoVCLo3,DNg30,2,3,35,3
LC4,LoVCLo3,DNg79,2,3,43,3
LC4,LoVC18,DNg41,1,2,8,3
LC4,CB0115,DNp06,1,1,1,3
LC4,LoVC18,DNb03,1,2,8,3
LC4,LoVCLo3,DNp08,2,2,26,3
LPLC2,PVLP209m,DNp66,1,1,3,3
LPLC2,PLP230,DNp26,1,1,24,3
LC4,PVLP028,DNge054,2,2,12,3
LPLC2,PVLP062,DNpe040,2,2,7,3
LC4,PVLP015,DNge111,1,1,541,3
LC4,PVLP031,DNp30,1,2,44,3
LC4,LoVC15,DNge054,2,2,5,3
LC4,PVLP026,DNp59,1,1,134,3
LC4,LoVP101,DNg100,1,2,6,3
LC4,PVLP034,DNpe031,1,1,4,3
LC4,LoVC15,DNa01,3,3,17,3
LPLC2,PLP230,DNb04,1,1,24,3
LC4,LoVC14,DNde005,1,1,15,3
LC4,LoVC13,DNp12,1,1,8,3
LC4,LoVC13,DNp05,1,1,8,3
LPLC2,PLP230,DNa04,1,1,24,3
LPLC2,PVLP093,DNae001,1,1,386,3
LPLC2,PS001,DNpe040,1,1,1,3
LC4,PVLP031,DNp66,2,2,58,3
LC4,PVLP011,DNpe050,1,1,594,3
LC4,LoVP101,DNg111,1,1,3,3
LC4,LoVC13,DNg35,1,1,8,3
LC4,CB0154,DNpe040,1,1,2,3
LC4,LoVP101,DNg35,1,1,3,3
LC4,CB0154,DNpe053,1,1,2,3
LPLC2,PVLP062,DNp35,1,1,3,3
LC4,LoVC11,DNpe002,1,1,1,3
LC4,LoVC15,DNa11,2,2,11,3
LC4,AVLP610,DNpe045,1,2,140,3
LC4,PVLP011,pIP1,1,1,417,3
LC4,PVLP013,DNp103,1,2,46,3
LC4,PVLP031,DNp70,3,3,52,3
LC4,LoVCLo3,DNpe002,2,2,26,3
LPLC2,PVLP209m,DNpe045,1,1,6,3
LC4,LoVCLo3,DNpe025,2,3,35,3
LC4,CB3879,DNp23,1,1,7,3
LC4,LoVC15,DNg04,3,3,13,3
LC4,LoVC15,DNg01_unclear,2,2,11,3
LPLC2,PVLP062,DNp68,2,2,7,3
LC4,LoVCLo3,DNpe042,1,2,18,3
LPLC2,PVLP080_b,DNpe039,2,2,3,3
LC4,LoVCLo3,DNpe043,1,1,9,3
LC4,PVLP034,DNp03,1,1,4,3
LC4,PVLP013,DNpe021,1,1,23,3
LC4,PVLP013,DNp27,1,2,46,3
LPLC2,SAD049,DNp12,1,1,30,3
LC4,PVLP034,DNp35,2,3,9,3
LC4,LoVC15,DNae002,3,3,8,3
LC4,PVLP026,DNp69,1,2,384,3
LPLC2,PVLP076,DNge128,1,1,758,3
LPLC2,PVLP111,DNpe052,3,3,3739,3
LC4,LoVC22,DNg90,2,2,3,3
LPLC2,PPM1203,DNp27,1,1,3,3
LC4,LoVC22,DNp42,2,2,3,3
LPLC2,PPM1203,DNp23,1,1,3,3
LC4,PVLP022,DNb05,2,2,1611,3
LC4,AVLP746m,DNpe056,1,1,4,3
LPLC2,PVLP068,DNpe052,2,2,25,3
LC4,LoVC6,DNg90,2,2,2,3
LPLC2,PVLP068,DNp06,1,1,37,3
LC4,AVLP762m,DNp05,1,1,1,3
LPLC2,PVLP066,DNp35,1,1,4,3
LPLC2,PS001,DNa11,1,1,1,3
LPLC2,PS001,DNae008,1,1,1,3
LC4,PVLP018,DNpe056,1,1,33,3
LPLC2,PVLP074,DNp30,2,2,290,3
LC4,LoVC22,DNde003,1,2,4,3
LPLC2,PS001,DNbe007,1,1,1,3
LC4,AVLP762m,DNp55,1,1,1,3
LC4,PVLP022,DNp08,1,1,804,3
LPLC2,PVLP071,DNp27,1,1,662,3
LPLC2,PVLP071,DNp11,2,2,1910,3
LPLC2,PVLP069,DNp27,2,2,9053,3
LPLC2,PPM1203,DNpe052,1,1,3,3
LC4,PVLP021,DNg56,2,2,1807,3
LC4,LoVC22,DNpe012_a,3,3,4,3
LC4,LoVC22,DNpe028,2,2,2,3
LC4,PVLP021,DNp12,3,3,2523,3
LPLC2,PVLP070,DNp27,3,3,153,3
LPLC2,PPM1203,DNpe031,1,1,3,3
LC4,LoVC22,DNpe001,3,3,4,3
LC4,LoVC22,DNp70,2,2,3,3
LPLC2,SAD049,DNg56,1,1,10,3
LC4,LoVC25,DNb01,1,1,1,3
LPLC2,PVLP071,DNp04,2,2,1581,3
LC4,PVLP021,DNp47,1,1,1110,3
LC4,LoVC22,DNp57,2,2,3,3
LC4,LoVC25,DNpe003,1,1,1,3
LC4,AVLP746m,DNpe052,1,1,4,3
LPLC2,PVLP069,pIP1,1,1,4857,3
LC4,LoVC22,"DNp51,DNpe019",2,2,2,3
LC4,LoVC22,DNb08,3,3,4,3
LC4,LoVC7,DNge084,2,2,23,3
LC4,LoVC18,DNp103,1,1,4,3
LC4,LoVCLo1,DNp54,1,2,2,3
LC4,PVLP017,DNa11,1,1,42,3
LPLC2,PVLP064,DNpe056,2,2,8,3
LC4,AVLP711m,pIP1,1,1,24,3
LC4,LoVC18,DNp69,1,1,4,3
LC4,PVLP024,DNp70,2,2,4824,3
LPLC2,PVLP064,DNpe031,1,1,1,3
LC4,LoVCLo1,DNae009,1,1,1,3
LC4,LoVCLo1,DNp27,1,1,1,3
LPLC2,PVLP076,DNg40,1,1,758,3
LC4,LoVC22,DNae008,2,3,5,3
LC4,AVLP711m,MDN,1,1,24,3
LC4,LoVC18,DNp31,1,1,4,3
LPLC2,PVLP064,DNp27,2,2,13,3
LC4,LoVC18,DNp23,1,2,8,3
LC4,AVLP711m,DNpe052,1,1,24,3
LC4,PVLP026,DNp11,2,2,326,3
LPLC2,PVLP076,DNge083,1,1,758,3
LC4,PVLP026,DNp35,2,3,460,3
LC4,AVLP746m,DNa03,1,1,4,3
LC4,LoVC18,DNp70,1,2,8,3
LC4,PVLP022,DNpe045,2,2,1974,3
LC4,LoVC7,DNpe005,1,1,12,3
LC4,AVLP762m,DNpe025,1,1,1,3
LC4,LoVC22,DNa14,3,3,4,3
LC4,PVLP022,DNp35,2,2,1974,3
LC4,LoVC7,DNge176,2,2,23,3
LPLC2,PVLP074,DNpe056,2,2,609,3
LC4,LoVC18,pIP1,1,1,4,3
LPLC2,PVLP076,DNbe001,1,1,758,3
LC4,PVLP017,DNp69,1,1,42,3
LC4,PVLP017,DNp66,1,1,20,3
LC4,LoVC18,DNpe040,1,1,4,3
LPLC2,PVLP076,DNbe007,2,2,1338,3
LC4,PVLP022,DNp73,1,1,807,3
LC4,CB4101,DNae001,1,1,3,3
LC4,PVLP022,DNpe024,2,2,1611,3
LPLC2,PVLP076,DNde007,2,2,1338,3
LC4,PVLP017,DNp04,2,2,62,3
LC4,LoVC18,DNp71,1,1,4,3
LC4,LoVC11,DNp63,1,2,2,3
LPLC2,PVLP093,DNp03,2,2,704,3
LC4,CB4102,DNge107,1,1,47,3
LPLC2,SAD044,DNge037,1,1,1,3
LC4,LT78,aSP22,1,1,2,3
LC4,PVLP093,DNpe011,1,1,11,3
LC4,PVLP093,DNpe026,1,1,11,3
LC4,AVLP610,DNd05,2,2,105,3
LC4,LoVP33,DNb06,1,1,1,3
LPLC2,PS181,DNg02_a,1,1,18,3
LC4,CB0738,DNp103,1,1,64,3
LC4,LT78,DNg97,2,2,3,3
LC4,LoVP33,DNp16_b,1,1,1,3
LPLC2,SAD044,DNg35,1,1,1,3
LC4,LT78,DNbe001,2,2,3,3
LPLC2,PVLP108,DNp05,1,1,1,3
LC4,LT78,CB0429,1,1,2,3
LC4,PVLP094,DNg30,2,2,38,3
LC4,LoVP33,DNpe042,1,1,1,3
LC4,AVLP610,DNc01,2,2,105,3
LPLC2,SAD044,DNg81,1,1,1,3
LC4,AVLP610,DNbe007,1,1,70,3
LC4,LT79,DNp27,2,2,2,3
LPLC2,PLP211,DNp13,1,1,70,3
LC4,PVLP093,DNp03,2,2,44,3
LPLC2,PVLP107,DNge032,1,1,1,3
LC4,LT82a,DNp63,2,2,360,3
LC4,LT82a,DNp57,1,1,189,3
LC4,PS306,DNge136,2,2,45,3
LC4,LT82a,DNp35,1,1,198,3
LC4,LT82a,DNp31,1,1,171,3
LC4,LT82a,DNp26,1,1,171,3
LC4,PS306,DNge123,1,2,40,3
LC4,PS306,DNge119,2,2,45,3
LC4,CB4103,DNa02,3,3,153,3
LPLC2,PVLP209m,DNg102,1,1,6,3
LC4,PS306,DNge107,2,2,45,3
LPLC2,SAD064,DNg82,1,1,36,3
LC4,PVLP076,DNpe042,1,1,4,3
LC4,LT82a,DNb01,2,2,369,3
LC4,PS306,DNge052,1,2,40,3
LC4,PVLP093,DNae001,1,1,33,3
LPLC2,PVLP046,DNp66,3,3,7,3
LC4,LT77,DNb05,3,3,7,3
LC4,PVLP094,DNp43,1,1,9,3
LC4,LoVC11,DNp08,1,1,1,3
LC4,PVLP100,DNp57,3,3,260,3
LC4,LT63,DNpe022,1,1,1,3
LC4,AVLP609,DNp70,1,1,2,3
LPLC2,PVLP034,DNp70,3,3,18,3
LC4,LT63,DNp57,1,1,1,3
LPLC2,SAD044,DNde002,1,1,1,3
LC4,CB3513,DNpe040,3,3,1703,3
LPLC2,PLP211,DNb09,2,2,155,3
LC4,CB1314,DNg09_a,2,2,3,3
LC4,PVLP100,DNp59,2,2,196,3
LC4,LT74,DNp30,3,3,11,3
LPLC2,PVLP111,DNpe045,1,1,1968,3
LC4,LT62,DNp27,2,2,17,3
LC4,PS304,DNp05,1,1,1,3
LC4,LT61b,DNpe052,1,2,534,3
LPLC2,PVLP216m,DNg101,3,3,9,3
LC4,CB3513,DNp34,1,1,682,3
LPLC2,PS181,DNp01,2,2,34,3
LC4,PVLP100,DNpe025,3,3,260,3
LPLC2,PVLP034,DNpe024,3,3,30,3
LC4,LT63,DNpe056,1,1,1,3
LC4,LoVP53,DNp47,2,2,37,3
LC4,CB1280,DNp18,1,1,66,3
LC4,PVLP094,DNpe037,1,1,29,3
LPLC2,PLP211,DNge054,2,3,240,3
LC4,PVLP096,DNp02,1,1,7,3
LPLC2,PLP211,DNg95,1,2,170,3
LC4,LT73,DNp27,2,2,12,3
LC4,CB1280,DNg74_a,1,1,89,3
LC4,PVLP096,DNpe052,1,1,7,3
LC4,LoVP50,DNp56,1,1,4,3
LPLC2,PVLP111,DNp06,2,2,3067,3
LC4,LT66,DNp01,2,2,102,3
LC4,CB1280,DNge130,1,1,89,3
LC4,LoVP53,DNp03,1,1,21,3
LPLC2,PLP211,DNg03,2,3,225,3
LC4,LT64,DNp46,1,1,1,3
LC4,LT64,DNp26,2,2,2,3
LC4,LT64,DNg82,2,3,3,3
LC4,CB1280,DNp04,2,2,155,3
LPLC2,PVLP100,DNpe040,1,1,1,3
LPLC2,PS181,DNae002,1,1,16,3
LC4,PVLP076,DNp68,1,1,4,3
LPLC2,PVLP062,DNge039,1,1,4,3
LC4,LoVP101,DNpe015,1,1,3,3
LC4,Li31,DNp11,2,2,4,3
LC4,PVLP062,DNpe039,2,2,11,3
LC4,PVLP062,DNpe040,2,2,11,3
LPLC2,PVLP062,DNge130,2,2,7,3
LC4,CB4102,DNp104,2,2,168,3
LC4,PVLP064,DNp27,2,2,258,3
LPLC2,PLP211,aSP22,1,1,70,3
LC4,PVLP064,DNpe031,1,1,176,3
LPLC2,PVLP061,DNp71,1,1,15,3
LPLC2,PVLP209m,DNp09,3,3,12,3
LC4,PVLP064,DNpe056,2,2,361,3
LC4,LoVP108,DNd04,1,1,2,3
LC4,Li25,DNp30,3,3,3,3
LC4,Li25,DNp11,3,3,14,3
LC4,LoVP108,DNp103,2,2,4,3
LPLC2,SAD049,DNpe037,1,1,10,3
LC4,PVLP066,DNp35,1,1,213,3
LC4,Li33,DNp27,2,2,18,3
LPLC2,PVLP093,DNpe026,1,1,318,3
LC4,LoVC1,DNbe007,1,1,2,3
LC4,PVLP062,DNp68,2,2,11,3
LC4,LoVC11,DNp03,1,1,1,3
LC4,AVLP610,DNp69,1,1,70,3
LC4,LoVC11,DNg90,1,2,2,3
LC4,PVLP062,DNge039,1,1,8,3
LPLC2,PS171,DNde003,1,1,3,3
LC4,LoVP101,DNge119,1,1,3,3
LPLC2,SAD044,DNp103,1,1,1,3
LC4,LoVP101,DNge135,1,2,6,3
LC4,LoVP101,DNge138,1,1,3,3
LC4,PVLP062,DNge130,2,2,11,3
LC4,LoVC11,DNa13,1,2,2,3
LC4,AVLP610,DNp56,2,2,105,3
LC4,PVLP010,DNpe037,1,1,1238,3
LPLC2,PVLP209m,DNpe056,1,2,10,3
LC4,PVLP010,DNpe024,1,1,938,3
LC4,PVLP062,DNp35,1,1,3,3
LPLC2,PVLP093,DNpe011,1,1,318,3
LC4,Li11a,DNp27,2,2,12,3
LC4,PVLP068,DNp06,1,1,114,3
LC4,PVLP069,DNp27,2,2,3,3
LPLC2,PVLP100,DNg30,1,1,1,3
LC4,PVLP076,DNg40,1,1,4,3
LC4,AVLP610,DNge073,2,3,140,3
LC4,PVLP076,DNge083,1,1,4,3
LC4,PVLP076,DNge128,1,1,4,3
LC4,PVLP076,DNp01,2,2,9,3
LC4,AVLP610,DNg98,2,2,105,3
LC4,CB3682,DNge049,1,2,16,3
LC4,LoVP18,DNp26,2,2,9,3
LC4,CB3682,DNg01_b,1,1,8,3
LC4,PS306,DNp14,1,1,20,3
LC4,CB3682,DNb09,1,1,8,3
LC4,CB0414,DNg24,1,1,24,3
LC4,LT82b,DNp34,2,2,139,3
LPLC2,PVLP100,DNp11,1,1,1,3
LC4,PS306,DNp04,1,1,20,3
LC4,LT82a,DNpe056,2,2,347,3
LC4,CB3588,DNp05,1,2,2,3
LPLC2,SAD044,DNge127,1,1,1,3
LC4,PVLP076,DNde007,2,2,9,3
LPLC2,PVLP099,DNpe052,2,2,5,3
LC4,PVLP076,DNbe007,2,2,9,3
LC4,LT85,DNpe022,2,2,2,3
LC4,PVLP069,pIP1,1,1,1,3
LC4,PVLP010,DNg93,2,2,2176,3
LC4,PVLP071,DNp04,2,2,9,3
LC4,PVLP071,DNp11,2,2,8,3
LC4,PVLP071,DNp27,1,1,2,3
LC4,PVLP010,DNg104,1,1,1238,3
LPLC2,PS171,DNge041,1,1,3,3
LC4,AVLP610,DNge135,2,3,140,3
LPLC2,PS171,DNp102,1,1,3,3
LC4,PVLP074,DNpe031,1,1,6,3
LC4,PVLP010,DNa11,1,1,1238,3
LC4,LT85,DNge083,1,1,1,3
LPLC2,PS171,DNp41,1,2,6,3
LC4,LT85,DNge047,1,1,1,3
LC4,PVLP076,DNbe001,1,1,4,3
LC4,AVLP610,DNge099,2,2,105,3
LC4,LC19,DNg90,2,2,2,3
LC4,LoVC22,DNpe024,2,2,3,3
LC4,CL022_a,DNpe042,1,2,2,3
LC4,GNG506,DNp71,1,1,1,3
LC4,WED046,DNp01,2,2,13,3
LC4,OLVC5,DNge035,1,2,2,3
LC4,PLP241,DNpe022,1,2,24,3
LPLC2,PVLP141,DNg101,2,2,46,3
LC4,GNG506,DNge148,1,1,1,3
LPLC2,SAD013,DNg01_b,1,1,150,3
LPLC2,OA-VUMa4,DNbe005,2,2,138,3
LC4,AVLP476,DNpe056,1,1,6,3
LC4,AVLP476,DNpe052,1,1,6,3
LC4,PLP249,DNde003,2,3,25,3
LC4,WED046,DNp30,2,2,13,3
LPLC2,PVLP141,DNg64,1,1,29,3
LPLC2,Tlp14,DNp27,3,3,13,3
LC4,AVLP476,DNpe050,1,1,6,3
LC4,CL128a,DNp104,2,2,71,3
LC4,OLVC5,DNg93,1,2,2,3
LPLC2,PVLP021,DNp12,3,3,35,3
LPLC2,PVLP135,DNp11,1,1,10,3
LPLC2,OA-VUMa4,DNpe021,1,2,158,3
LC4,GNG506,DNpe024,1,1,1,3
LPLC2,PVLP014,DNp55,2,2,30,3
LC4,GNG506,DNpe025,1,1,1,3
LC4,PLP060,DNae002,1,1,11,3
LC4,AVLP502,DNp09,1,1,2,3
LC4,GNG506,pIP10,1,1,1,3
LC4,CB1958,DNp31,2,2,134,3
LC4,CL367,DNg101,2,2,11,3
LC4,PLP060,DNb02,1,3,138,3
LC4,CL367,DNg96,1,1,5,3
LPLC2,PVLP137,DNa11,1,1,188,3
LC4,CB2664,DNg110,2,2,124,3
LC4,CB1958,DNp18,1,1,79,3
LC4,GNG506,DNg16,1,2,2,3
LPLC2,PVLP021,DNg56,2,2,14,3
LC4,CL367,DNpe010,1,1,6,3
LPLC2,PVLP137,DNg13,1,1,188,3
LC4,PLP060,DNa02,2,2,57,3
LC4,PLP060,DNa04,2,2,57,3
LC4,PLP230,DNp26,1,1,1,3
LPLC2,OA-VUMa4,DNpe005,2,2,138,3
LC4,PLP018,DNp102,1,1,9,3
LC4,CL367,DNp59,1,1,5,3
LC4,CB2940,DNg33,1,2,34,3
LC4,CL367,DNp32,2,2,11,3
LPLC2,OA-VUMa4,DNg01_unclear,2,2,138,3
LC4,PLP060,DNa09,1,1,11,3
LC4,OLVC5,DNge072,1,1,1,3
LPLC2,PVLP014,DNp103,2,2,30,3
LPLC2,OA-VUMa4,DNpe012_b,1,3,237,3
LPLC2,Tm16,DNp30,2,2,2,3
LC4,PLP060,DNa11,2,2,57,3
LC4,WED046,DNg40,1,2,18,3
LC4,PLP060,DNa16,2,2,57,3
LC4,OLVC5,DNp27,1,2,2,3
LC4,CL367,DNge099,2,2,11,3
LC4,OLVC5,DNge094,1,3,3,3
LC4,GNG506,DNge086,1,1,1,3
LC4,PLP208,DNp59,1,1,7,3
LC4,WED046,DNge138,2,2,13,3
LC4,GNG506,DNge125,1,1,1,3
LC4,CL367,DNd03,2,2,11,3
LC4,SAD064,DNge039,2,2,451,3
LC4,PLP190,DNp42,1,1,9,3
LPLC2,OA-VUMa4,pIP1,2,3,217,3
LC4,WED060,DNpe030,2,2,17,3
LC4,IB114,DNg69,1,1,208,3
LC4,CL128a,DNp63,2,2,13,3
LPLC2,PVLP130,DNp03,2,2,2601,3
LPLC2,PVLP148,DNp31,2,2,68,3
LC4,PLP256,DNp27,2,2,27,3
LC4,AVLP502,DNpe020,1,1,2,3
LC4,WED061,DNp04,1,1,1,3
LC4,WED061,DNp06,2,2,6,3
LC4,PLP208,DNbe007,1,1,7,3
LC4,SAD055,DNg106,1,2,132,3
LC4,SAD053,DNpe045,1,2,16,3
LPLC2,OA-VUMa4,aSP22,2,2,138,3
LC4,OCG06,DNp59,1,1,7,3
LPLC2,PVLP021,DNp47,1,1,8,3
LPLC2,PVLP130,DNp01,1,1,1401,3
LC4,IB114,DNp07,2,3,624,3
LC4,SAD053,DNp04,2,2,17,3
LC4,CL128a,DNpe005,2,2,71,3
LC4,CL323,DNp05,1,1,206,3
LC4,OCG06,DNp47,2,2,12,3
LPLC2,SAD013,DNp63,2,2,165,3
LC4,OCG06,DNp35,1,1,5,3
LC4,CB1932,DNpe056,3,3,256,3
LPLC2,PVLP144,DNpe053,2,2,10,3
LC4,CL128a,DNpe045,3,3,120,3
LC4,SAD053,DNg24,1,1,8,3
LC4,IB114,DNpe002,2,2,416,3
LC4,CB2664,DNg07,2,2,119,3
LPLC2,OA-VUMa4,DNpe042,2,3,217,3
LC4,AVLP476,DNpe043,1,1,6,3
LC4,SAD064,DNg35,1,1,50,3
LPLC2,PVLP010,DNpe037,1,1,19,3
LC4,SAD064,DNg82,1,1,311,3
LC4,CL053,DNg82,1,2,2,3
LC4,WED060,DNd02,1,1,14,3
LC4,WED060,DNd03,2,2,17,3
LC4,GNG517,DNg70,1,2,6,3
LC4,SAD064,DNg56,2,2,516,3
LC4,CL367,DNae005,2,2,11,3
LPLC2,SAD013,DNge011,2,2,165,3
LC4,WED060,DNg102,1,1,3,3
LC4,WED060,DNg35,1,1,14,3
LC4,CL367,DNa09,1,1,5,3
LC4,CL367,DNa06,1,1,6,3
LC4,PLP249,DNpe037,1,1,7,3
LC4,CL323,DNpe031,3,3,719,3
LC4,GNG517,DNp27,1,2,6,3
LC4,PLP249,DNpe040,1,1,11,3
LC4,GNG517,DNpe031,1,2,6,3
LC4,WED060,DNge101,1,1,14,3
LC4,WED060,DNge124,1,1,14,3
LC4,WED060,DNge131,1,1,3,3
LC4,GNG517,pIP1,1,1,3,3
LPLC2,PVLP010,DNpe024,1,1,13,3
LC4,IB114,DNa08,1,1,208,3
LC4,CB1934,DNp09,1,1,3,3
LC4,CL323,DNpe040,1,1,151,3
LC4,IB114,DNg101,2,2,416,3
LPLC2,PVLP017,DNa11,1,1,288,3
LC4,PLP230,DNge107,1,1,1,3
LPLC2,OA-VUMa4,DNg02_g,2,3,217,3
LPLC2,OA-VUMa4,DNp69,2,3,217,3
LC4,GNG343,DNde001,1,1,5,3
LC4,PLP029,DNp57,1,1,252,3
LPLC2,PVLP137,DNp59,2,2,324,3
LC4,CB1958,DNa03,2,2,226,3
LC4,PLP029,DNpe002,1,1,252,3
LC4,GNG340,DNge105,1,1,9,3
LC4,CL066,DNp69,1,1,3,3
LC4,PLP019,DNp71,1,1,1,3
LC4,GNG300,DNge102,1,1,84,3
LC4,GNG340,DNge148,1,2,18,3
LC4,TmY15,DNp27,2,2,2,3
LC4,SAD106,DNg29,2,2,35,3
LC4,GNG343,DNd02,1,1,6,3
LPLC2,OA-VUMa4,DNp04,2,3,217,3
LC4,TmY19a,DNp30,2,2,4,3
LC4,PLP211,DNg03,2,3,26,3
LPLC2,OA-VUMa4,DNp05,2,3,217,3
LC4,PLP211,aSP22,1,1,9,3
LC4,SAD098,DNp69,1,2,52,3
LPLC2,Tm37,DNp11,2,2,2,3
LC4,SAD098,DNp103,1,2,52,3
LC4,PLP034,DNbe002,1,1,113,3
LC4,CB1948,DNg40,2,2,3,3
LPLC2,PVLP012,DNp45,1,1,2,3
LPLC2,PVLP137,DNge032,1,1,188,3
LC4,SAD098,DNge145,1,2,52,3
LC4,PLP211,DNb09,2,2,17,3
LC4,GNG300,DNge041,2,3,204,3
LPLC2,OA-VUMa4,DNg49,1,2,118,3
LC4,GNG340,DNge056,1,2,18,3
LPLC2,OA-VUMa4,DNge125,2,2,138,3
LPLC2,OA-VUMa4,DNg05_a,2,2,138,3
LC4,AVLP500,DNp04,2,2,8,3
LC4,T2a,DNp11,3,3,3,3
LC4,CL066,DNp47,1,1,3,3
LC4,T2,DNp11,1,1,1,3
LPLC2,OA-VUMa4,DNge033,2,3,197,3
LC4,PLP211,DNp13,1,1,9,3
LC4,PLP029,DNae009,2,2,562,3
LC4,CL066,DNp27,1,1,3,3
LC4,GNG340,DNg105,1,2,18,3
LC4,GNG300,DNp70,2,2,144,3
LPLC2,PVLP011,DNpe050,1,1,4640,3
LC4,Tlp14,DNp27,3,3,3,3
LC4,Tm23,DNc02,3,3,4,3
LC4,GNG340,DNg35,1,2,18,3
LC4,PLP029,DNg75,2,2,562,3
LC4,CB1958,DNbe006,1,1,147,3
LC4,AVLP500,DNp23,1,1,5,3
LC4,CL066,DNp57,1,1,3,3
LC4,SAD106,DNp30,2,2,35,3
LC4,GNG300,DNp03,2,2,144,3
LC4,PLP211,DNge054,2,3,25,3
LC4,GNG300,DNge148,1,1,60,3
LC4,Tm4,DNp27,2,2,2,3
LC4,PLP211,DNg95,1,2,16,3
LPLC2,OA-VUMa4,DNge103,2,2,138,3
LC4,CB1958,DNa05,2,2,134,3
LPLC2,OA-VUMa4,DNge111,1,2,118,3
LPLC2,OA-VUMa4,DNge123,2,2,138,3
LPLC2,PVLP011,pIP1,1,1,6983,3
LPLC2,PVLP137,MDN,2,2,324,3
LC4,UNKNOWN,DNa07,2,2,45,3
LC4,SAD098,DNg74_a,1,1,26,3
LC4,VES023,DNp02,1,1,2,3
LPLC2,OA-VUMa4,DNg27,2,2,138,3
LPLC2,PVLP013,DNp27,1,2,68,3
LC4,GNG300,DNg34,2,3,204,3
LC4,SAD073,DNge138,2,2,9,3
LC4,GNG343,DNp12,2,2,11,3
LC4,SAD073,DNge124,2,2,6,3
LC4,GNG343,DNp29,1,2,10,3
LC4,GNG343,DNp30,2,2,11,3
LPLC2,PVLP017,DNp69,1,1,288,3
LC4,GNG343,DNp69,2,2,11,3
LC4,PLP209,DNge030,1,1,1,3
LPLC2,PVLP017,DNp66,1,1,305,3
LPLC2,PVLP150,DNp27,2,2,199,3
LC4,SAD073,DNge073,1,2,6,3
LC4,AVLP490,DNp62,1,1,1,3
LC4,PLP019,CB0429,1,2,2,3
LC4,GNG343,DNpe031,1,2,10,3
LC4,PLP209,DNg02_f,1,1,1,3
LC4,CL053,DNp39,1,2,2,3
LC4,PLP034,DNpe016,2,2,305,3
LPLC2,OA-VUMa4,DNp66,1,2,118,3
LC4,GNG506,DNb05,1,1,1,3
LC4,PLP018,DNpe040,2,2,33,3
LC4,VES023,DNp55,1,2,4,3
LC4,PLP018,DNpe006,1,1,9,3
LC4,PLP034,DNpe021,2,2,305,3
LPLC2,PVLP013,DNpe025,2,2,52,3
LC4,CL367,DNpe043,2,2,11,3
LPLC2,OA-VUMa4,DNp48,2,2,138,3
LC4,AVLP501,DNp04,1,1,1,3
LC4,PLP019,DNa13,1,2,2,3
LPLC2,OA-VUMa4,DNg32,2,2,138,3
LPLC2,SAD013,DNge041,2,2,165,3
LC4,PLP211,DNa08,1,2,16,3
LC4,GNG300,DNge012,1,1,60,3
LC4,CB2676,DNp38,1,1,10,3
LC4,AVLP500,DNpe056,2,2,8,3
LC4,PLP209,pIP1,1,1,1,3
LPLC2,PVLP137,DNg88,2,2,324,3
LPLC2,OA-VUMa4,DNp11,2,2,138,3
LPLC2,OA-VUMa4,DNp12,1,2,118,3
LC4,CB1948,DNg09_b,2,2,3,3
LC4,PLP230,DNa04,1,1,1,3
LC4,SAD073,DNpe040,2,2,6,3
LC4,PLP019,DNbe005,1,1,1,3
LC4,SAD073,DNpe022,2,2,9,3
LC4,PLP019,DNae010,1,1,1,3
LPLC2,PVLP137,DNg74_b,1,2,272,3
LPLC2,PVLP137,DNg74_a,1,2,272,3
LC4,CL066,DNpe021,1,1,3,3
LC4,CB1948,DNb05,1,1,1,3
LC4,AVLP501,DNge054,1,1,1,3
LC4,SAD073,DNp64,1,1,3,3
LPLC2,OA-VUMa4,DNp31,2,2,138,3
LC4,GNG343,DNge124,2,2,11,3
LC4,PLP209,DNpe056,1,1,1,3
LPLC2,OA-VUMa4,DNp45,2,3,197,3
LC4,SAD073,DNp34,3,3,12,3
LC4,PLP230,DNb04,1,1,1,3
LC4,CL053,DNb05,1,2,2,3
LPLC2,PVLP017,DNp04,2,2,593,3
LC4,T2a,DNp30,3,3,3,3
LPLC2,SAD013,DNpe024,1,1,15,3
LC4,OA-VUMa4,DNp66,1,2,4,3
LC4,CL286,DNge046,1,1,1,3
LC4,OCG02b,pIP1,1,1,1,3
LC4,WED069,DNpe037,1,1,1,3
LC4,SAD044,DNpe021,2,2,7,3
LPLC2,PVLP022,DNpe024,2,2,551,3
LC4,SAD044,DNpe016,2,2,7,3
LC4,LC13,DNpe021,3,3,4,3
LC4,WED072,DNp34,2,2,2,3
LC4,OA-VUMa4,DNpe021,1,2,4,3
LC4,OCG02b,DNpe056,1,2,2,3
LC4,OCG02b,DNpe055,1,1,1,3
LC4,WED069,DNpe056,1,1,1,3
LC4,WED104,DNg106,1,2,8,3
LC4,SAD044,DNg17,1,1,4,3
LC4,LC13,DNp57,2,2,2,3
LC4,CB2153,DNge043,1,1,2,3
LC4,CL303,DNp54,1,1,6,3
LC4,WED069,pIP1,1,1,1,3
LC4,LC14a-2,DNge124,1,1,1,3
LC4,WED104,DNg24,1,2,8,3
LC4,PLP300m,DNge127,2,2,9,3
LC4,LAL026_b,DNg111,1,1,42,3
LC4,WED072,DNpe024,2,2,2,3
LC4,PLP300m,DNge136,2,2,17,3
LC4,WED061,DNpe040,1,1,1,3
LC4,OCG02b,DNp22,1,2,2,3
LPLC2,OLVC3,DNge033,1,1,1,3
LC4,WED069,"DNp51,DNpe019",1,1,1,3
LC4,SAD049,DNg56,1,1,51,3
LC4,OCG06,DNb05,2,2,12,3
LC4,OCG06,DNa11,1,1,5,3
LC4,CB1932,DNp42,1,1,13,3
LC4,PLP093,DNbe002,1,1,99,3
LC4,SAD023,DNp02,3,3,344,3
LPLC2,PVLP128,DNa15,1,1,1,3
LPLC2,SAD013,DNge111,2,2,165,3
LC4,SAD044,pIP1,2,2,7,3
LPLC2,OA-AL2i2,DNp27,2,2,20,3
LC4,PLP093,DNb05,2,2,222,3
LC4,OCG02b,DNp01,2,2,2,3
LC4,PLP074,DNp08,1,1,2,3
LPLC2,OLVC5,DNa05,1,1,3,3
LC4,LC14a-2,DNp13,1,1,1,3
LC4,LAL026_b,pIP1,1,1,42,3
LC4,PLP106,DNge141,1,1,20,3
LPLC2,OLVC5,DNge006,1,1,3,3
LC4,WED072,DNg82,1,1,1,3
LC4,PLP106,pIP1,2,2,28,3
LC4,PLP074,DNpe003,1,1,2,3
LPLC2,PVLP144,DNg22,1,1,3,3
LPLC2,PVLP015,DNge111,1,1,142,3
LC4,WED104,DNde002,1,1,4,3
LC4,CL309,DNb09,1,1,1,3
LPLC2,PVLP144,DNa11,1,1,7,3
LC4,OA-VUMa4,DNpe005,2,2,4,3
LPLC2,OLVC5,DNg93,1,2,2,3
LC4,PLP106,DNp69,1,1,8,3
LC4,OA-VUMa4,DNpe012_b,1,3,6,3
LPLC2,PVLP203m,DNa11,1,2,4,3
LC4,OCG02b,DNp12,1,1,1,3
LC4,LC10c-1,DNa10,1,1,1,3
LPLC2,PVLP022,DNp73,1,1,278,3
LC4,SAD044,DNge038,1,1,4,3
LPLC2,PVLP144,DNpe002,1,1,3,3
LC4,PLP301m,DNp68,1,1,2,3
LC4,PLP074,DNpe006,1,1,2,3
LC4,OA-VUMa4,DNp69,2,3,6,3
LC4,LAL053,DNa06,1,1,55,3
LC4,PLP074,DNp10,1,1,2,3
LC4,PLP074,DNp101,1,2,4,3
LPLC2,PVLP022,DNp08,1,1,273,3
LC4,CL140,DNg111,1,1,226,3
LC4,LC11,DNp30,3,3,4,3
LC4,CL022_c,DNp104,1,1,1,3
LC4,SAD044,DNge124,1,1,4,3
LC4,LAL300m,DNb09,1,1,20,3
LPLC2,PVLP126_b,DNp103,1,1,14,3
LC4,SAD044,DNg32,1,1,3,3
LC4,PLP106,DNge054,1,1,20,3
LC4,OCG02b,DNp68,1,1,1,3
LC4,LAL053,DNg13,1,1,55,3
LC4,CL286,DNge073,1,1,1,3
LC4,CB1932,DNg74_b,1,1,21,3
LC4,PLP300m,DNge047,2,2,17,3
LC4,PLP074,DNp32,1,2,4,3
LC4,PLP099,DNa04,2,2,34,3
LC4,WED069,DNp26,1,1,1,3
LC4,WED104,DNg32,1,1,4,3
LC4,OCG06,DNg62,1,1,5,3
LC4,OA-VUMa4,DNp12,1,2,4,3
LC4,WED072,DNpe039,1,1,2,3
LPLC2,PVLP022,DNpe045,2,2,601,3
LC4,CL022_b,DNg01_b,1,1,11,3
LC4,LAL026_a,DNg04,1,2,248,3
LC4,CB3024,DNg09_b,1,1,1,3
LPLC2,PVLP015,DNa11,2,2,185,3
LPLC2,OLVC3,DNg91,1,1,1,3
LC4,LAL026_a,DNge040,1,1,124,3
LC4,SAD013,DNp63,2,2,198,3
LPLC2,OA-AL2i2,DNge148,1,1,13,3
LC4,CL286,DNpe031,1,2,2,3
LC4,OA-VUMa4,DNp31,2,2,4,3
LPLC2,PVLP010,DNg104,1,1,19,3
LC4,SAD013,DNpe024,1,1,103,3
LC4,LAL026_a,DNae005,1,1,124,3
LC4,SAD049,DNpe037,1,1,51,3
LPLC2,TmY14,DNp12,2,2,2,3
LC4,WED104,DNg56,1,1,4,3
LPLC2,PVLP022,DNb05,2,2,551,3
LC4,CB3024,DNge113,1,2,2,3
LC4,CB1932,DNd03,1,1,1,3
LPLC2,PVLP022,DNp35,2,2,601,3
LC4,OA-VUMa4,pIP1,2,3,6,3
LC4,LC19,DNae010,1,1,1,3
LC4,CL323,DNbe001,2,2,310,3
LC4,CL323,DNb07,1,1,362,3
LC4,CL140,DNpe024,2,2,434,3
LC4,CL022_b,DNb04,1,1,11,3
LC4,OCG06,DNge099,2,3,17,3
LC4,OA-VUMa4,aSP22,2,2,4,3
LC4,PLP074,DNpe024,1,1,2,3
LC4,CL140,DNae001,1,1,226,3
LC4,CB2371,DNg106,1,3,1602,3
LC4,WED072,DNpe052,2,2,3,3
LPLC2,SAD013,DNge094,2,2,165,3
LC4,SAD049,DNp12,1,1,57,3
LC4,CB2371,DNge038,1,1,44,3
LPLC2,OLVC5,DNge035,1,2,2,3
LC4,SAD014,DNg29,2,2,17,3
LC4,CB1932,DNp46,1,1,20,3
LC4,OCG06,DNg01_b,2,2,12,3
LC4,CB2153,DNg40,1,1,2,3
LC4,WED069,DNp07,1,1,1,3
LC4,PLP300m,DNge138,1,1,10,3
LC4,OCG06,DNg02_f,2,3,17,3
LC4,SAD014,DNg24,2,3,47,3
LC4,OA-VUMa4,DNp48,2,2,4,3
LC4,CL309,DNp54,1,1,1,3
LC4,LAL026_a,DNpe031,1,1,124,3
LPLC2,OLVC3,DNg49,1,1,1,3
LC4,LAL026_a,DNpe022,1,1,124,3
LC4,OCG06,DNg06,2,3,19,3
LC4,LAL026_a,DNpe002,1,1,124,3
LC4,OA-VUMa4,DNp45,2,3,6,3
LC4,PLP093,DNg02_f,1,2,198,3
LC4,AVLP531,DNp64,1,1,9,3
LC4,OA-VUMa4,DNpe042,2,3,6,3
LPLC2,PVLP010,DNg93,2,2,32,3
LC4,LAL026_a,DNp46,1,1,124,3
LC4,AN09B016,DNp08,1,1,1,2
LC4,LoVP18,DNb07,1,1,3,2
LC4,CB3682,DNge141,1,1,8,2
LC4,CB3682,DNp35,1,1,8,2
LPLC2,PVLP015,DNp63,2,2,185,2
LC4,CB3682,DNp49,1,1,8,2
LPLC2,PVLP209m,DNp71,2,2,16,2
LC4,LoVC6,DNg01_unclear,1,1,1,2
LC4,CB4101,DNg107,1,1,2,2
LPLC2,WED060,DNxl114,1,1,13,2
LPLC2,PVLP017,DNpe021,2,2,593,2
LPLC2,CL266_a3,DNg34,1,1,4,2
LC4,AN09B016,DNge148,1,2,2,2
LC4,LoVP109,DNp103,1,1,7,2
LC4,LoVC6,DNg92_a,1,1,1,2
LPLC2,CB1932,DNg45,1,1,1,2
LC4,AVLP016,DNg101,2,2,115,2
LPLC2,LoVC5,DNbe004,1,2,2,2
LPLC2,CB1908,DNp55,1,1,1,2
LPLC2,CL213,MDN,1,2,46,2
LPLC2,CL266_a3,DNp101,1,1,4,2
LPLC2,SAD013,DNge049,1,1,15,2
LC4,LoVC6,DNge088,1,1,1,2
LC4,PLP074,DNpe045,1,1,2,2
LPLC2,PVLP015,DNp55,2,2,185,2
LC4,LoVC6,DNp27,1,2,2,2
LPLC2,CL213,DNpe042,2,2,45,2
LC4,AN09B016,DNp12,1,1,1,2
LPLC2,CL266_a3,DNp01,1,1,4,2
LC4,LoVP18,CB0429,2,2,2,2
LC4,CB3682,DNp05,1,1,8,2
LPLC2,LoVP18,DNp102,2,2,2,2
LPLC2,CL319,DNpe026,1,1,1,2
LC4,PLP034,DNp06,2,2,305,2
LC4,LoVP18,DNa05,1,1,1,2
LC4,PLP034,DNp19,1,1,192,2
LC4,CB3682,DNp01,1,1,8,2
LC4,CB2371,DNge148,1,1,44,2
LC4,LoVC6,DNg01_c,1,1,1,2
LPLC2,PVLP062,DNd05,1,2,8,2
LPLC2,PVLP062,DNd03,1,1,3,2
LC4,CB2664,DNp10,2,2,134,2
LPLC2,CB1932,DNge138,2,2,10,2
LPLC2,SAD013,DNge127,1,1,150,2
LC4,LoVP26,DNg01_b,1,1,1,2
LC4,CB3588,DNge175,1,1,1,2
LPLC2,LoVC7,DNp26,1,1,1,2
LPLC2,PVLP061,DNp09,1,1,4,2
LPLC2,WED104,DNge011,1,1,45,2
LC4,CB2664,DNp30,2,2,136,2
LC4,AN09B016,DNg45,1,1,1,2
LC4,LoVP25,DNge043,1,1,1,2
LC4,LoVP26,DNg82,1,1,5,2
LC4,CB2371,DNg56,2,2,578,2
LPLC2,PVLP061,DNp23,1,1,4,2
LPLC2,CL213,DNg80,2,2,45,2
LC4,LoVC25,DNg43,1,1,1,2
LPLC2,CL323,DNg01_unclear,1,1,51,2
LC4,LoVC25,DNg49,1,1,1,2
LPLC2,CB1934,DNpe053,1,1,1,2
LPLC2,LoVC7,DNp27,2,2,2,2
LC4,LoVP26,DNp05,1,1,1,2
LPLC2,PVLP061,DNp27,1,2,30,2
LPLC2,CL203,DNpe031,1,1,1,2
LPLC2,LoVC7,DNpe001,1,1,1,2
LPLC2,CB1498,DNp64,2,2,3,2
LPLC2,CL203,DNpe026,1,1,1,2
LPLC2,CB2254,DNg29,1,1,21,2
LPLC2,PVLP015,DNp27,2,2,185,2
LPLC2,LoVP18,DNde002,2,2,2,2
LC4,AN09B016,DNg20,1,1,1,2
LC4,LoVC22,DNpe026,2,2,3,2
LPLC2,WED104,DNg40,2,2,83,2
LC4,CB3588,DNd03,1,2,2,2
LPLC2,CL323,DNg91,2,2,367,2
LPLC2,PVLP213m,DNp67,2,2,31,2
LPLC2,CL213,DNd03,1,1,23,2
LC4,CB3588,DNg110,1,1,1,2
LC4,LoVP26,DNp18,1,1,8,2
LC4,LoVC22,MDN,2,2,3,2
LPLC2,PVLP018,DNp66,1,1,8,2
LC4,PLP029,DNge103,1,1,252,2
LC4,LoVC6,DNb04,1,1,1,2
LPLC2,PVLP017,DNpe045,1,1,305,2
LPLC2,CL213,DNp101,1,2,44,2
LC4,AOTU065,DNb04,1,1,1,2
LC4,CB3682,DNge089,1,1,8,2
LPLC2,WED060,DNp55,2,2,53,2
LPLC2,LoVC7,DNp16_a,2,2,2,2
LPLC2,PVLP213m,DNg101,1,1,7,2
LPLC2,CL323,DNa07,2,2,202,2
LPLC2,LoVC7,DNp102,2,2,2,2
LPLC2,CL323,DNa16,2,2,239,2
LC4,AN09B023,DNpe042,1,1,3,2
LPLC2,WED061,DNd03,1,1,47,2
LPLC2,CB1932,DNp03,1,1,1,2
LC4,LoVP18,DNde002,2,2,11,2
LC4,PLP093,DNa16,2,2,222,2
LPLC2,PVLP213m,DNa08,2,2,15,2
LPLC2,PVLP017,DNpe026,1,1,305,2
LC4,PLP093,DNb04,1,1,99,2
LPLC2,CL213,DNp02,1,1,22,2
LC4,PLP029,DNp56,1,1,252,2
LPLC2,CL213,DNge049,1,1,23,2
LPLC2,CL213,DNg96,1,1,22,2
LPLC2,WED104,DNpe041,1,1,45,2
LC4,PLP029,DNpe017,2,2,562,2
LPLC2,CL213,DNge035,1,1,22,2
LC4,LoVP18,DNp68,1,1,2,2
LPLC2,CB1934,DNp101,1,1,1,2
LPLC2,CL213,DNge047,1,1,22,2
LPLC2,PVLP213m,DNge141,2,2,15,2
LC4,LoVP18,DNg90,2,2,3,2
LPLC2,CB1932,DNpe056,2,2,2,2
LC4,PLP029,pIP10,2,2,562,2
LC4,PLP034,DNa09,2,2,305,2
LC4,PLP034,DNae002,2,2,305,2
LPLC2,PVLP069,DNpe050,2,2,9053,2
LPLC2,CB1932,DNp70,1,1,1,2
LC4,LoVC6,DNa09,1,1,1,2
LC4,LoVP109,DNp06,1,1,7,2
LPLC2,CL309,DNp27,1,1,2,2
LPLC2,CL266_a3,DNp43,1,1,4,2
LPLC2,CL303,DNa03,1,1,1,2
LPLC2,PVLP064,DNp70,1,1,6,2
LC4,LoVCLo3,DNa07,1,1,17,2
LPLC2,PVLP062,DNpe021,1,1,4,2
LC4,LoVCLo3,DNa14,1,1,9,2
LPLC2,CL303,DNp52,1,2,2,2
LPLC2,LoVC5,DNpe002,1,1,1,2
LPLC2,PVLP017,DNp02,1,1,305,2
LPLC2,PVLP017,DNg40,1,1,305,2
LC4,PLP060,DNge054,2,2,57,2
LPLC2,CB1717,DNp70,1,1,2,2
LPLC2,PVLP209m,DNpe023,2,2,8,2
LC4,PLP060,DNge107,1,1,46,2
LC4,PLP060,DNge123,2,2,57,2
LPLC2,LoVC6,DNc01,1,1,2,2
LPLC2,CB1688,DNp06,1,1,72,2
LPLC2,CB1717,DNp30,1,1,2,2
LC4,LoVCLo3,DNp59,2,2,26,2
LPLC2,LoVC6,DNbe001,1,1,2,2
LC4,PLP060,DNpe012_a,2,2,57,2
LC4,PLP074,CB0429,1,1,2,2
LPLC2,CB1688,DNg35,1,1,114,2
LC4,LoVCLo3,DNp55,2,2,26,2
LC4,CB3879,DNp14,2,2,12,2
LC4,LoVC7,DNpe021,1,1,12,2
LC4,LoVP101,DNbe007,1,1,3,2
LPLC2,CL286,DNpe021,1,1,7,2
LPLC2,LoVC6,DNg92_b,1,2,4,2
LC4,LoVP101,DNb05,1,1,3,2
LPLC2,WED104,DNp12,2,2,83,2
LC4,PLP060,DNae003,2,2,57,2
LC4,PLP060,DNae010,2,2,57,2
LPLC2,SAD013,DNge072,2,2,165,2
LC4,AN09B016,MDN,1,1,1,2
LPLC2,PVLP062,DNp55,1,1,3,2
LC4,PLP060,DNg01_c,1,1,11,2
LPLC2,PVLP064,DNpe040,1,1,1,2
LC4,LoVCLo3,DNpe053,1,1,17,2
LPLC2,CB1852,DNde002,1,1,229,2
LPLC2,CB1688,DNg101,1,1,72,2
LC4,PLP074,DNd05,1,1,2,2
LPLC2,CL319,DNb08,1,1,1,2
LPLC2,CB1852,DNbe007,1,1,134,2
LC4,CB2664,DNd03,1,2,146,2
LPLC2,CB1717,DNp27,1,1,2,2
LPLC2,CB1852,DNp04,1,1,229,2
LPLC2,CB1688,DNpe050,1,1,72,2
LC4,LoVCLo3,DNg100,1,1,9,2
LC4,PLP060,DNp31,2,2,57,2
LPLC2,CL309,DNg01_c,1,1,2,2
LPLC2,CL309,DNp69,1,2,4,2
LPLC2,CB1688,pIP1,1,1,72,2
LC4,CB3879,DNpe024,2,2,12,2
LC4,LoVCLo3,DNp12,2,2,26,2
LC4,LoVCLo3,DNp11,1,1,17,2
LC4,LoVCLo3,DNp09,2,2,26,2
LPLC2,PVLP015,DNpe055,1,1,142,2
LPLC2,LoVP18,DNpe013,1,1,1,2
LPLC2,LoVC6,DNa09,1,1,2,2
LC4,PLP060,DNp34,2,2,57,2
LC4,LoVCLo3,DNge141,1,1,17,2
LC4,LoVCLo3,DNge054,1,1,17,2
LPLC2,CL309,DNp03,1,1,2,2
LPLC2,CB1688,DNpe052,2,2,186,2
LPLC2,PVLP062,aSP22,1,1,4,2
LPLC2,PVLP062,pIP1,1,1,4,2
LC4,LoVCLo3,DNg03,1,1,9,2
LC4,LoVCLo3,DNp32,1,2,18,2
LC4,LoVCLo3,DNp49,1,1,9,2
LC4,AN09B023,DNg20,1,2,6,2
LPLC2,LoVP18,DNp68,1,1,1,2
LC4,LoVCLo3,DNp47,1,1,9,2
LPLC2,SAD013,DNge089,1,1,15,2
LPLC2,PVLP015,DNpe042,1,1,43,2
LC4,LoVCLo3,DNp43,2,2,26,2
LC4,CB2371,DNp38,1,1,44,2
LPLC2,CL309,DNa16,1,1,2,2
LC4,AVLP016,DNb08,1,1,58,2
LC4,PLP060,"DNp51,DNpe019",1,1,11,2
LC4,LoVCLo3,DNp36,1,2,18,2
LC4,AN09B023,DNg57,1,1,3,2
LPLC2,CB1717,DNp04,1,1,2,2
LC4,AN09B023,DNg30,1,1,3,2
LC4,PLP060,DNp18,1,1,46,2
LPLC2,CB1688,DNpe040,1,1,72,2
LC4,PLP060,DNp27,2,2,57,2
LPLC2,CL309,DNpe055,1,1,2,2
LC4,PLP060,DNp35,2,2,57,2
LPLC2,CL309,DNpe021,1,2,4,2
LC4,LoVP101,DNg03,1,2,6,2
LPLC2,CL319,DNg109,2,2,2,2
LPLC2,CL266_a3,DNp64,1,1,4,2
LC4,LoVC7,DNa10,2,2,23,2
LC4,AOTU065,DNp54,1,1,1,2
LC4,LoVC7,DNb05,2,2,23,2
LPLC2,CL286,DNg102,1,1,18,2
LPLC2,LoVC7,DNbe007,2,2,2,2
LPLC2,CB1908,DNg108,1,1,1,2
LC4,AN09B023,DNge141,1,1,3,2
LPLC2,CL286,DNg77,1,1,18,2
LPLC2,LoVC7,DNb05,2,2,2,2
LC4,PLP034,DNpe002,2,2,305,2
LC4,LoVC7,DNbe007,2,2,23,2
LPLC2,PVLP066,DNp55,1,1,7,2
LC4,LoVP101,DNpe021,1,1,3,2
LPLC2,CB1638,DNp27,1,1,52,2
LPLC2,CL286,DNge039,1,1,18,2
LPLC2,PVLP209m,aSP22,1,1,5,2
LPLC2,WED060,DNp70,2,2,42,2
LPLC2,PVLP066,DNp27,1,1,4,2
LPLC2,PVLP062,DNp04,1,1,3,2
LC4,CB2664,DNg84,1,1,73,2
LPLC2,CL286,DNbe002,1,2,14,2
LPLC2,PVLP062,DNge046,1,1,4,2
LPLC2,CB1852,MDN,2,2,363,2
LPLC2,PVLP209m,pIP1,1,1,3,2
LC4,AN09B023,DNpe003,1,1,3,2
LPLC2,CB1638,DNp07,2,2,53,2
LPLC2,CL266_a3,DNp71,1,1,4,2
LPLC2,CL266_a3,DNpe020,1,1,4,2
LC4,LoVC6,DNpe009,2,2,2,2
LC4,LoVC6,DNpe055,2,2,2,2
LC4,LoVP108,DNge032,1,1,2,2
LC4,LoVP108,DNde001,1,1,2,2
LPLC2,CL319,DNp62,1,1,1,2
LPLC2,CL319,DNp56,1,1,1,2
LPLC2,LoVP18,DNp26,1,1,1,2
LC4,PLP034,DNp49,1,1,113,2
LC4,LoVC6,aSP22,2,2,2,2
LPLC2,CB1908,DNg56,2,2,6,2
LC4,LoVP107,DNp27,1,1,1,2
LPLC2,WED104,DNge184,2,2,83,2
LC4,LoVC6,pIP1,1,1,1,2
LPLC2,CB1908,DNg32,1,1,1,2
LPLC2,CB1638,DNp11,2,2,40,2
LC4,PLP074,DNpe020,1,1,2,2
LC4,LoVP101,DNp12,1,1,3,2
LPLC2,PVLP066,DNg30,1,1,7,2
LPLC2,WED104,DNp71,1,1,45,2
LC4,PLP074,DNpe001,1,1,2,2
LC4,LoVC7,DNp26,1,1,11,2
LPLC2,PVLP015,DNp70,1,2,86,2
LC4,LoVC7,DNp27,2,2,23,2
LPLC2,PVLP066,DNp03,2,2,11,2
LPLC2,CB1638,DNp71,1,1,1,2
LC4,AN09B016,DNpe040,1,1,1,2
LPLC2,CB1638,DNpe024,1,1,39,2
LPLC2,LoVC6,DNp27,1,2,4,2
LPLC2,LoVC6,DNge088,1,1,2,2
LPLC2,CB1638,DNpe031,2,2,91,2
LC4,LoVP101,DNg12_h,1,1,3,2
LPLC2,CL286,DNp66,1,1,18,2
LC4,LoVC7,DNpe001,1,1,11,2
LC4,LoVP101,DNg12_a,1,2,6,2
LC4,PLP060,DNae001,1,1,46,2
LPLC2,CL319,DNg52,2,2,2,2
LPLC2,CB1852,DNp13,1,1,95,2
LPLC2,CL286,DNp71,2,2,25,2
LC4,AVLP016,DNa06,1,1,58,2
LC4,LoVP101,DNg70,1,1,3,2
LC4,CB4101,DNb07,1,1,1,2
LPLC2,PVLP017,DNp27,1,1,305,2
LC4,LoVC7,DNp102,2,2,23,2
LPLC2,CL286,DNge120,1,1,18,2
LC4,PLP060,DNa06,2,2,57,2
LPLC2,LoVC7,DNa10,2,2,2,2
LPLC2,PVLP209m,DNpe053,1,1,11,2
LPLC2,CL319,DNge119,1,1,1,2
LC4,PLP060,DNa07,2,2,57,2
LC4,CB3879,DNp06,1,1,7,2
LC4,LoVP101,DNge108,1,1,3,2
LPLC2,CB1638,DNp66,1,1,1,2
LC4,AN09B023,DNge124,1,1,3,2
LPLC2,LoVC6,pIP1,1,1,2,2
LC4,AN09B023,DNge121,1,2,6,2
LC4,AN09B023,DNge083,1,1,3,2
LPLC2,PVLP062,DNp30,1,1,4,2
LPLC2,CB1852,DNpe021,2,2,229,2
LPLC2,CL319,DNge099,1,1,1,2
LC4,LoVC7,DNp16_a,2,2,23,2
LC4,LoVP101,DNg86,1,1,3,2
LPLC2,CB1908,DNd03,1,1,1,2
LPLC2,LoVCLo3,DNg03,1,1,88,2
LC4,LoVP26,DNpe055,2,2,5,2
LC4,OCG06,DNge138,1,1,7,2
LPLC2,CL022_a,DNpe026,1,1,1,2
LC4,OCG06,DNg92_b,2,2,12,2
LPLC2,CB3513,DNpe031,1,1,33,2
LC4,MeVP53,DNg40,1,1,179,2
LC4,MeVP53,DNc02,1,1,179,2
LC4,OCG06,DNge084,1,1,7,2
LC4,LoVC22,DNpe022,2,2,3,2
LPLC2,CL022_b,DNb09,1,1,27,2
LPLC2,PVLP022,DNae001,1,1,273,2
LC4,MeVP18,DNp45,1,1,1,2
LPLC2,WED072,DNg40,1,1,10,2
LPLC2,CL022_b,DNg08,1,1,27,2
LC4,AN27X011,DNg111,1,1,2,2
LC4,OCG06,DNg32,1,1,5,2
LPLC2,PVLP022,DNa02,1,1,273,2
LC4,AN27X011,DNpe055,1,1,2,2
LPLC2,CL022_b,DNge090,1,1,27,2
LC4,MeVP18,DNp09,1,1,1,2
LC4,MeVP18,DNp05,1,1,1,2
LC4,MeVP18,DNp04,1,1,1,2
LPLC2,WED072,DNg32,2,2,3,2
LPLC2,WED072,DNd03,1,1,7,2
LPLC2,SAD013,DNbe007,1,1,150,2
LC4,OCG06,DNp08,1,1,7,2
LPLC2,CL022_b,DNp05,1,1,27,2
LPLC2,PVLP028,DNp55,1,1,31,2
LPLC2,PVLP028,DNg104,2,2,49,2
LPLC2,CL022_a,DNpe020,1,1,1,2
LPLC2,SAD013,DNb02,2,2,165,2
LC4,OA-AL2i1,DNp30,2,2,3,2
LPLC2,PVLP026,DNpe040,1,1,39,2
LPLC2,LoVCLo3,DNpe053,1,1,71,2
LC4,OA-AL2i2,DNc01,2,2,6,2
LPLC2,PVLP026,DNpe045,2,2,57,2
LC4,CB3302,DNp06,1,1,8,2
LPLC2,WED072,DNpe021,2,2,12,2
LPLC2,CB3544,DNpe021,2,2,14,2
LC4,OA-AL2i2,DNa01,1,1,3,2
LC4,AN27X011,DNpe003,1,2,4,2
LC4,AN27X011,DNpe009,1,1,2,2
LC4,CB3302,DNp09,2,2,23,2
LPLC2,CB3544,DNp43,2,2,14,2
LPLC2,CB4245,DNa07,1,1,4,2
LPLC2,CL022_a,DNp71,1,1,1,2
LC4,OCG06,DNbe007,1,1,7,2
LC4,CB3302,DNp29,1,1,15,2
LC4,OA-AL2i1,DNc01,1,1,1,2
LPLC2,PVLP027,DNp11,1,1,26,2
LPLC2,CL022_a,DNbe004,1,1,1,2
LPLC2,PVLP027,DNp66,1,1,26,2
LC4,OCG06,DNg07,1,2,10,2
LC4,MeVPLo1,DNpe021,1,1,1,2
LPLC2,PVLP022,DNg29,1,1,278,2
LC4,MeVPLo1,DNp12,1,2,2,2
LC4,MeVPLo1,DNge003,1,1,1,2
LC4,OCG06,DNg29,1,1,5,2
LC4,CB2940,DNp05,2,2,55,2
LPLC2,CB3513,DNb05,1,1,43,2
LC4,MeVP18,DNd04,1,1,1,2
LC4,MeVCMe1,DNa03,1,1,1,2
LC4,CB3302,DNpe043,1,1,15,2
LPLC2,PVLP031,DNg56,2,2,3,2
LC4,MeVCMe1,DNg40,2,2,5,2
LPLC2,CL022_c,DNp12,1,1,1,2
LPLC2,CB3400,DNp03,2,2,24,2
LPLC2,CL022_c,DNp31,1,1,1,2
LC4,CB3302,DNpe056,2,2,23,2
LC4,OCG06,DNpe021,2,2,12,2
LC4,OCG06,DNpe027,2,2,12,2
LC4,MeVCMe1,DNae010,1,1,1,2
LPLC2,CL022_c,DNp66,1,1,1,2
LC4,OCG06,DNpe028,1,1,5,2
LPLC2,PVLP031,DNp10,2,2,13,2
LC4,AN27X011,DNg100,1,1,2,2
LC4,OCG06,DNpe045,2,2,12,2
LC4,MeVC25,DNpe052,1,1,307,2
LPLC2,CL022_c,DNpe024,1,1,1,2
LC4,MeVC25,DNpe021,1,1,307,2
LC4,MeVC25,DNpe009,1,1,307,2
LC4,MeVC25,DNp70,1,1,242,2
LPLC2,CB3201,DNp55,1,1,1,2
LC4,MeVC25,DNp69,1,1,307,2
LC4,MeVC25,DNp11,1,1,242,2
LC4,OCG06,DNpe055,1,2,14,2
LPLC2,PVLP031,DNp18,1,1,8,2
LPLC2,LoVCLo3,DNp59,2,2,159,2
LC4,MeVCMe1,DNge004,1,1,1,2
LPLC2,PVLP031,DNg30,2,2,3,2
LPLC2,CL022_c,DNg56,1,1,1,2
LC4,MeVCMe1,DNge019,1,1,1,2
LPLC2,CB3411,DNp69,1,1,4,2
LPLC2,LoVP101,DNpe037,2,2,5,2
LC4,MeVP17,DNpe021,1,1,1,2
LC4,MeVP17,DNp55,1,1,1,2
LC4,MeVP17,DNp27,1,2,2,2
LC4,AN27X011,DNg08,1,1,2,2
LPLC2,CL022_b,DNp43,1,2,54,2
LPLC2,PVLP028,DNp66,2,2,50,2
LC4,MeVCMe1,DNpe045,2,2,6,2
LPLC2,CL022_b,DNp68,1,1,26,2
LPLC2,PVLP028,DNpe021,2,2,72,2
LPLC2,PVLP031,DNa03,1,1,8,2
LPLC2,CL022_b,DNp71,1,1,27,2
LPLC2,CB3411,DNc02,1,1,4,2
LC4,MeVCMe1,DNp04,2,2,5,2
LPLC2,CB3400,DNp69,2,2,24,2
LC4,MeVCMe1,DNge048,2,2,3,2
LC4,MeVCMe1,DNge040,1,1,2,2
LPLC2,CL022_b,DNpe053,1,1,27,2
LPLC2,CL022_c,DNa08,1,1,1,2
LPLC2,CB3400,DNp30,2,2,24,2
LPLC2,CL022_c,DNae008,1,1,1,2
LPLC2,CB3400,DNp11,1,1,7,2
LC4,ANXXX109,DNg108,2,2,20,2
LC4,OCG06,DNpe017,1,1,7,2
LPLC2,LoVP101,DNp12,1,1,1,2
LPLC2,CB3598,DNp66,1,1,1,2
LPLC2,CL038,DNp09,1,1,1,2
LC4,OA-VUMa4,DNpe017,2,2,4,2
LC4,OA-VUMa4,DNg89,2,2,4,2
LC4,OA-VUMa4,DNg79,2,2,4,2
LC4,OA-VUMa4,DNg74_a,1,2,4,2
LPLC2,CB4102,DNp05,2,2,13,2
LC4,AN27X011,DNg97,1,1,2,2
LPLC2,PVLP024,DNp42,1,1,16,2
LC4,OA-VUMa4,DNg42,1,1,2,2
LC4,OA-VUMa4,DNg36_a,1,1,2,2
LPLC2,CB4102,DNg91,2,2,13,2
LC4,OA-VUMa4,DNpe016,2,2,4,2
LPLC2,LoVP101,DNge111,2,2,5,2
LC4,AN27X011,DNg93,1,1,2,2
LPLC2,PVLP022,DNp71,2,2,601,2
LC4,OA-VUMa4,DNge015,1,1,2,2
LC4,OA-VUMa4,DNpe025,1,2,4,2
LPLC2,LoVP101,DNg70,1,1,1,2
LPLC2,PVLP022,DNp66,1,1,323,2
LPLC2,CB4168,DNp35,1,2,46,2
LPLC2,CB4102,DNg01_unclear,1,1,4,2
LC4,OA-VUMa4,DNg29,2,2,4,2
LPLC2,PVLP022,DNp57,2,2,551,2
LC4,OA-VUMa4,DNpe045,2,2,4,2
LPLC2,LoVP101,DNg53,2,2,5,2
LC4,OA-VUMa4,DNg13,2,2,4,2
LPLC2,CB4170,DNp27,1,2,14,2
LPLC2,CB4170,DNp30,1,1,1,2
LC4,OA-VUMa4,DNp70,1,1,2,2
LC4,AN27X011,DNge018,1,1,2,2
LC4,AN27X011,DNp71,1,1,2,2
LPLC2,CB4102,DNpe024,1,1,9,2
LC4,OA-VUMa4,DNp101,1,2,4,2
LC4,OA-VUMa4,DNp10,1,1,2,2
LPLC2,CB4162,DNg40,2,2,30,2
LPLC2,CB4162,DNae007,1,1,26,2
LPLC2,CB4162,DNa15,1,1,26,2
LPLC2,LoVP101,DNge011,1,1,4,2
LC4,AN27X011,DNge138,1,1,2,2
LC4,OA-VUMa4,DNp03,2,2,4,2
LC4,OA-VUMa4,DNge145,1,1,2,2
LPLC2,CB4102,DNpe045,1,1,9,2
LPLC2,CB4162,DNp43,2,2,30,2
LPLC2,CB4102,DNpe026,1,1,9,2
LPLC2,CB4102,DNpe021,1,1,9,2
LPLC2,WED072,DNp43,2,2,11,2
LPLC2,CB4162,DNpe040,2,2,117,2
LC4,OA-VUMa4,DNp46,1,1,2,2
LPLC2,CB4162,DNpe045,1,1,113,2
LC4,OA-VUMa4,DNge071,1,2,4,2
LC4,OA-VUMa4,DNge048,1,1,2,2
LPLC2,CB4102,DNp57,1,1,9,2
LPLC2,CB4163,DNg40,1,1,28,2
LC4,CB3201,DNd03,2,2,311,2
LPLC2,CB4163,DNp03,1,1,47,2
LC4,OA-VUMa4,DNp54,2,2,4,2
LC4,OA-VUMa4,DNp59,2,2,4,2
LPLC2,CB4102,DNp104,1,1,9,2
LPLC2,CB4170,DNp55,1,1,1,2
LC4,OA-VUMa4,DNg100,1,2,4,2
LC4,CB3024,DNg99,1,1,1,2
LPLC2,WED072,DNp01,1,1,1,2
LC4,CB2940,DNpe031,1,1,38,2
LPLC2,CB4101,aSP22,1,1,49,2
LC4,OA-AL2i3,DNpe004,1,1,1,2
LPLC2,CB4179,DNg35,2,2,3,2
LPLC2,CB4179,DNg74_a,1,1,2,2
LC4,OA-AL2i3,DNge033,1,1,1,2
LPLC2,CB4101,DNpe016,1,2,98,2
LC4,OCG02b,DNp30,2,2,2,2
LC4,OA-AL2i3,DNg75,1,1,1,2
LC4,OA-AL2i3,DNc02,1,1,1,2
LPLC2,SAD011,DNp69,1,1,1,2
LPLC2,CB4101,DNge107,1,1,49,2
LPLC2,CB4179,DNge053,1,1,2,2
LC4,OCG02b,DNbe005,1,1,1,2
LPLC2,LoVP1,DNp59,1,1,1,2
LC4,AN27X011,DNp56,1,1,2,2
LPLC2,CB4179,DNge119,2,2,6,2
LC4,CB2940,DNpe021,2,2,55,2
LC4,OA-AL2i2,DNp35,2,2,6,2
LPLC2,CB4179,DNge132,1,1,2,2
LC4,AN27X011,DNg49,1,1,2,2
LC4,OCG02b,DNpe012_b,1,2,2,2
LC4,OCG02b,DNpe014,2,2,2,2
LC4,OCG02b,DNpe028,1,1,1,2
LPLC2,CB4179,DNp12,1,1,2,2
LC4,OCG02b,DNpe029,1,2,2,2
LPLC2,CB4179,DNg21,1,2,4,2
LC4,OA-VUMa4,DNa01,1,1,2,2
LC4,OCG02b,DNp104,1,1,1,2
LPLC2,LoVP101,DNge139,1,1,4,2
LPLC2,CB4102,DNae009,2,2,13,2
LPLC2,CB4170,DNpe052,1,1,7,2
LC4,AN27X011,DNg91,1,1,2,2
LC4,OA-VUMa4,DNg02_d,1,1,2,2
LPLC2,LoVP101,DNg29,2,2,5,2
LC4,OCG02b,DNg49,2,2,2,2
LC4,OCG02b,DNg92_b,2,2,2,2
LC4,CB3201,DNge039,2,2,311,2
LPLC2,LoVP101,DNg12_h,1,1,1,2
LC4,OA-VUMa4,DNc02,1,1,2,2
LPLC2,CB4176,DNg99,1,1,1,2
LC4,OCG02b,DNge107,2,2,2,2
LC4,OA-VUMa4,DNbe007,1,2,4,2
LPLC2,CB4176,DNge113,1,1,1,2
LPLC2,CB4176,DNge130,2,2,2,2
LC4,OA-VUMa4,DNb08,2,2,4,2
LPLC2,SAD013,DNa04,1,1,150,2
LC4,CB3201,DNp07,2,2,284,2
LPLC2,PVLP025,DNp18,1,1,8,2
LC4,CB2940,DNpe056,1,1,38,2
LPLC2,SAD013,DNae001,1,1,15,2
LC4,OA-VUMa4,DNa11,1,1,2,2
LPLC2,CB4176,DNp38,1,1,1,2
LC4,OA-VUMa4,DNa08,1,1,2,2
LC4,AN27X011,DNg79,1,1,2,2
LPLC2,PVLP021,DNp31,1,1,6,2
LC4,OLVC5,DNb03,1,1,1,2
LC4,PLP029,DNb02,1,1,310,2
LC4,LoVP85,DNb01,1,2,604,2
LC4,LoVP85,DNge138,2,2,606,2
LPLC2,LoVCLo3,DNg100,1,1,88,2
LC4,LoVP85,DNg90,2,2,606,2
LC4,CB3513,DNb05,1,1,673,2
LC4,OA-VUMa4,DNp102,1,1,2,2
LC4,CB2676,DNp34,2,2,16,2
LPLC2,LoVP12,DNa11,1,1,2,2
LC4,AN17B005,DNg106,1,1,2,2
LC4,PLP019,DNge030,1,1,1,2
LPLC2,CL140,DNg79,1,1,128,2
LC4,LoVP85,DNc01,1,1,304,2
LPLC2,CL140,DNp03,1,1,128,2
LC4,PLP019,DNge037,1,1,1,2
LPLC2,PVLP034,DNp27,2,2,23,2
LC4,LoVP54,pIP1,2,2,19,2
LC4,AN17B005,DNde006,1,1,2,2
LPLC2,LoVP16,CB0429,1,1,1,2
LC4,LoVP54,DNp45,1,1,11,2
LC4,LoVP54,DNp09,2,2,19,2
LPLC2,WED104,DNg102,1,1,45,2
LPLC2,CB2472,DNp70,1,1,3,2
LC4,PLP019,DNp27,1,2,2,2
LC4,CB2676,DNp29,2,2,16,2
LPLC2,CL140,DNp26,1,1,128,2
LC4,CB3513,DNpe031,1,1,348,2
LPLC2,LoVCLo3,DNa14,1,1,88,2
LC4,AN17B005,DNg21,1,1,2,2
LC4,PLP019,DNg96,1,1,1,2
LC4,LoVP85,DNpe022,2,2,606,2
LC4,LoVP85,DNp59,2,2,606,2
LC4,AN17B005,DNge019,1,2,4,2
LC4,PLP019,DNa03,1,1,1,2
LPLC2,LoVP108,DNp103,1,1,2,2
LPLC2,CL131,DNp49,1,1,1,2
LPLC2,PVLP021,DNg01_b,1,1,6,2
LC4,LoVP85,DNpe015,1,1,304,2
LC4,CB3400,DNp11,1,1,773,2
LC4,LoVP85,DNpe006,1,1,302,2
LC4,LoVP85,DNp68,1,1,304,2
LPLC2,LoVP108,DNp55,1,1,1,2
LC4,LoVP85,DNp63,2,2,606,2
LC4,CB3400,DNp30,2,2,1419,2
LPLC2,PVLP034,DNp11,2,2,14,2
LC4,PLP019,DNg75,1,1,1,2
LPLC2,CB2940,DNg82,1,2,8,2
LPLC2,CL131,aSP22,1,1,1,2
LPLC2,PVLP021,DNde006,1,1,8,2
LC4,LoVP85,DNp42,2,2,606,2
LC4,LoVP85,DNp36,1,1,302,2
LPLC2,LoVP109,DNp06,1,1,17,2
LC4,LoVP85,DNp19,2,2,606,2
LPLC2,LoVP109,DNp103,1,1,17,2
LC4,CB3400,DNp69,2,2,1419,2
LPLC2,WED061,DNp35,1,1,55,2
LPLC2,CL140,DNae008,1,1,81,2
LC4,PLP019,DNg13,1,1,1,2
LPLC2,CB2472,DNp35,1,1,3,2
LC4,PLP019,DNp47,1,1,1,2
LC4,PLP019,DNp54,1,1,1,2
LPLC2,SAD013,DNg97,1,1,15,2
LPLC2,CL203,DNg44,1,1,1,2
LPLC2,CL203,DNg45,1,1,1,2
LC4,PLP029,DNa07,1,1,310,2
LC4,LoVP50,DNge054,2,2,15,2
LC4,PLP029,DNa09,1,1,310,2
LC4,LoVP50,DNg56,2,2,8,2
LPLC2,SAD013,DNg95,1,1,150,2
LC4,AN10B019,DNp09,1,1,1,2
LC4,LoVP50,DNg51,2,2,7,2
LPLC2,WED104,DNg34,2,2,83,2
LC4,CB3544,DNpe021,2,2,517,2
LPLC2,PVLP046,DNge026,2,2,7,2
LC4,LoVP50,DNa09,1,1,6,2
LPLC2,PVLP019,DNp09,1,1,57,2
LPLC2,LoVP18,DNb07,1,1,1,2
LPLC2,PVLP046,DNge035,1,1,1,2
LPLC2,CL203,DNge099,1,1,1,2
LC4,LoVP43,DNde002,1,1,1,2
LC4,CB2676,DNd03,1,1,10,2
LPLC2,CL203,DNge151,1,1,1,2
LPLC2,LoVP18,DNbe001,2,2,2,2
LC4,LoVP33,DNpe022,1,1,1,2
LC4,AOTU034,DNp12,1,1,32,2
LC4,CB2664,DNp71,1,1,46,2
LC4,LoVP33,DNd05,1,1,1,2
LPLC2,CL203,DNp54,1,1,1,2
LC4,CB2676,DNp02,2,2,16,2
LC4,LoVP50,DNp08,1,1,4,2
LPLC2,LoVP18,DNae002,1,1,1,2
LC4,LoVP50,DNp16_b,1,1,9,2
LPLC2,LoVCLo3,DNa07,1,1,71,2
LC4,LoVP53,DNp38,2,2,37,2
LC4,LoVP53,DNp35,2,2,37,2
LPLC2,CL140,DNpe003,1,2,162,2
LC4,LoVP53,DNp19,1,1,21,2
LPLC2,CB2472,DNp04,1,1,3,2
LC4,PLP019,DNpe027,1,1,1,2
LPLC2,CL140,DNpe016,2,2,209,2
LPLC2,CL140,DNpe020,1,1,128,2
LPLC2,WED061,DNp27,1,1,24,2
LC4,AN10B019,DNpe006,1,1,1,2
LC4,LoVP53,DNp103,2,2,37,2
LPLC2,LoVC7,DNpe021,1,1,1,2
LPLC2,CL140,DNpe052,2,2,209,2
LC4,LoVP53,DNge132,1,1,21,2
LC4,LoVP53,DNg84,1,1,21,2
LC4,LoVP53,DNg56,1,1,16,2
LPLC2,PVLP034,MDN,1,2,22,2
LC4,LoVP53,DNbe001,1,1,16,2
LC4,AN10B019,DNp42,1,1,1,2
LC4,PLP019,DNpe028,1,1,1,2
LC4,LoVP50,DNpe045,1,1,9,2
LC4,CB3544,DNp43,2,2,517,2
LC4,AOTU034,DNg08,1,2,64,2
LC4,PLP019,DNpe040,1,1,1,2
LC4,CB3400,DNp03,2,2,1419,2
LC4,WED104,DNge041,1,1,4,2
LPLC2,LoVP103,DNg39,1,1,2,2
LPLC2,WED104,DNbe003,1,1,45,2
LC4,M_spPN4t9,DNp29,1,1,12,2
LC4,AN17B013,DNp69,1,1,2,2
LC4,M_spPN4t9,DNp12,1,1,12,2
LPLC2,CB3019,DNpe040,2,2,45,2
LPLC2,PVLP031,DNpe045,1,2,2,2
LPLC2,CL053,DNbe005,1,1,30,2
LPLC2,CL053,DNg01_c,2,2,44,2
LC4,AN17B013,DNp04,1,1,3,2
LC4,OLVC5,DNge152,1,1,1,2
LC4,PLP017,DNp34,1,1,3,2
LPLC2,WED061,DNpe031,2,2,68,2
LC4,ANXXX109,DNp32,1,1,14,2
LPLC2,CL053,DNg02_f,1,1,30,2
LC4,MeLo11,DNp11,2,2,3,2
LPLC2,PVLP021,DNge011,2,2,29,2
LPLC2,LoVP103,DNp56,1,1,2,2
LPLC2,CL053,DNg03,1,1,30,2
LPLC2,CL053,DNg04,2,2,44,2
LC4,AN17B013,DNg40,1,1,3,2
LC4,CB2940,DNg82,1,2,34,2
LPLC2,CL053,DNg08,1,1,30,2
LC4,CB3376,DNg01_b,1,1,1,2
LC4,LoVP99,DNb05,1,1,1,2
LPLC2,SAD013,DNg24,1,1,150,2
LPLC2,SAD013,DNg32,2,2,165,2
LPLC2,CL053,DNg34,1,1,30,2
LPLC2,WED072,DNa11,1,1,1,2
LC4,MeLo11,DNp27,1,1,1,2
LC4,PLP019,DNa02,1,1,1,2
LPLC2,PVLP031,DNp55,1,1,8,2
LPLC2,LoVCLo3,DNp55,2,2,159,2
LC4,MeVC23,DNp11,2,2,15,2
LPLC2,CL038,DNp27,1,2,2,2
LPLC2,LoVCLo3,DNp49,1,1,88,2
LPLC2,LoVCLo3,DNp47,1,1,88,2
LC4,MeVC22,DNp27,1,1,1,2
LPLC2,SAD013,DNde003,2,2,165,2
LPLC2,CL038,DNp47,2,2,5,2
LPLC2,CL038,DNp59,1,2,2,2
LPLC2,LoVCLo3,DNp43,2,2,159,2
LPLC2,CL038,DNp68,1,1,4,2
LPLC2,PVLP021,DNp13,1,1,2,2
LPLC2,CB3201,DNg56,2,2,4,2
LC4,MeLo11,DNp30,2,2,2,2
LPLC2,CL038,DNpe037,1,1,1,2
LPLC2,LoVCLo3,DNp36,1,2,176,2
LPLC2,CB3201,DNg40,2,2,4,2
LPLC2,CL038,DNpe053,2,2,5,2
LPLC2,CL053,DNa05,1,1,30,2
LPLC2,CL053,DNa09,1,2,60,2
LC4,CB3376,DNbe006,1,1,5,2
LPLC2,LoVCLo3,DNp32,1,2,176,2
LC4,MeLo12,DNc02,2,2,7,2
LPLC2,LoVP103,DNge083,1,1,2,2
LPLC2,CL053,DNae002,2,2,44,2
LPLC2,WED104,DNae007,1,1,45,2
LPLC2,SAD011,DNge145,1,1,1,2
LPLC2,LoVCLo3,DNp12,2,2,159,2
LC4,LoVP93,DNpe005,1,1,45,2
LPLC2,LoVP108,DNde001,1,1,2,2
LC4,CB3376,DNp56,1,1,5,2
LC4,CB3376,DNp69,1,1,3,2
LC4,AN17B005,DNge182,1,1,2,2
LC4,LoVP92,DNb09,2,2,5,2
LC4,PLP018,pIP1,2,2,16,2
LC4,AOTU032,DNbe007,1,1,15,2
LC4,LoVP92,DNae005,2,2,2,2
LC4,AN17B005,DNge113,1,1,2,2
LC4,LoVP92,DNae002,2,2,4,2
LPLC2,WED061,DNp43,2,2,102,2
LPLC2,PVLP034,DNge054,1,1,11,2
LPLC2,CB2940,DNp05,2,2,23,2
LPLC2,CL053,aSP22,1,2,28,2
LC4,ANXXX109,DNpe042,1,1,14,2
LPLC2,LoVCLo3,DNge141,1,1,71,2
LPLC2,LoVCLo3,DNge054,1,1,71,2
LPLC2,PVLP034,DNge136,1,1,8,2
LPLC2,CL131,DNae002,1,1,1,2
LC4,LoVP89,DNp57,1,1,1,2
LC4,CB3376,DNpe037,1,1,5,2
LC4,AN17B005,DNge102,1,1,2,2
LPLC2,LoVP108,DNg104,2,2,3,2
LC4,LoVP89,DNb05,1,1,1,2
LC4,LoVP85,pIP1,2,2,606,2
LPLC2,CL131,DNge107,1,1,1,2
LC4,LoVP85,DNpe043,2,2,606,2
LPLC2,PVLP216m,DNpe025,2,2,8,2
LPLC2,PVLP216m,DNpe050,1,1,1,2
LC4,LoVP92,DNge124,1,1,3,2
LC4,CB2676,DNpe052,1,1,10,2
LPLC2,CB3019,DNge032,1,1,14,2
LPLC2,CL053,DNg94,1,1,30,2
LPLC2,CB2940,DNpe056,1,1,19,2
LC4,CB3376,DNg02_f,1,1,5,2
LPLC2,PVLP034,CB0429,1,1,2,2
LPLC2,LoVCLo3,DNp11,1,1,71,2
LC4,CB3376,DNg88,1,1,1,2
LPLC2,CB2940,DNpe031,1,1,19,2
LC4,LoVP93,DNg13,1,1,16,2
LC4,LoVP93,DNg04,2,2,104,2
LPLC2,CB2940,DNpe021,2,2,23,2
LC4,PLP018,DNp34,1,1,7,2
LC4,PLP018,DNp35,2,2,33,2
LPLC2,PVLP216m,pIP10,1,1,5,2
LC4,PLP018,DNp57,1,1,9,2
LC4,CB3376,DNp03,2,2,4,2
LPLC2,CL053,DNge141,1,1,14,2
LPLC2,CL053,DNge152,1,1,14,2
LC4,LoVP93,DNae009,2,2,50,2
LC4,LoVP93,DNae007,2,2,40,2
LPLC2,PVLP034,DNa08,2,2,10,2
LC4,CB2676,DNpe056,2,2,16,2
LPLC2,LoVCLo3,DNp09,2,2,159,2
LC4,LoVP93,DNa04,1,1,16,2
LC4,CB3376,DNp33,2,2,6,2
LC4,WED104,DNge054,1,1,4,2
LPLC2,LoVC22,DNg102,2,2,6,2
LC4,LoVC22,DNpe015,1,2,2,2
LPLC2,LPT28,DNg36_a,1,1,4,2
LC4,LAL301m,DNp63,1,1,13,2
LPLC2,LPT28,DNge108,1,2,12,2
LPLC2,LPT28,DNge097,1,1,6,2
LPLC2,LPT28,DNge006,1,1,6,2
LC4,CL022_b,DNp43,1,2,22,2
LPLC2,PVLP203m,DNde005,1,1,2,2
LC4,LC10c-2,DNp63,2,2,2,2
LPLC2,LoVC15,DNg02_e,1,1,2,2
LC4,5-HTPMPV03,DNb06,2,2,2,2
LPLC2,PVLP203m,DNg100,1,1,2,2
LPLC2,PVLP203m,DNg105,1,1,2,2
LC4,5-HTPMPV03,DNg30,1,1,1,2
LC4,LC14a-1,DNp04,1,1,13,2
LC4,CL022_b,DNp05,1,1,11,2
LC4,LC14a-2,DNg35,1,1,1,2
LPLC2,LPT23,DNae005,1,1,3,2
LC4,LAL301m,DNp101,1,1,13,2
LPLC2,PVLP126_b,DNp69,1,1,14,2
LPLC2,PVLP203m,DNa02,1,1,2,2
LPLC2,LPT28,DNp26,1,1,4,2
LPLC2,LoVC15,DNa01,2,2,2,2
LPLC2,PVLP127,DNg30,1,1,1,2
LC4,CL022_b,DNp71,1,1,11,2
LPLC2,LoVC15,DNae007,1,1,1,2
LPLC2,LPT29,DNde002,1,1,8,2
LPLC2,LPT29,DNd03,1,1,4,2
LC4,LAL301m,DNae005,1,1,13,2
LC4,LAL301m,DNb09,1,1,13,2
LC4,LAL301m,DNbe003,1,1,13,2
LPLC2,LPT28,DNpe015,2,2,10,2
LC4,CL022_b,DNp68,1,1,14,2
LPLC2,aMe8,DNg30,1,1,1,2
LC4,LAL301m,DNge041,2,2,37,2
LPLC2,LPT28,DNp47,1,1,4,2
LC4,5-HTPMPV03,DNg13,2,2,2,2
LPLC2,LPT22,aSP22,1,1,31,2
LPLC2,LPT22,DNbe005,1,1,19,2
LPLC2,LPT22,DNbe001,1,1,31,2
LPLC2,LPT114,DNge097,2,2,3,2
LPLC2,LoVC15,DNge148,1,1,1,2
LC4,LC19,aSP22,1,1,1,2
LC4,LC21,DNpe052,2,2,4,2
LC4,CL022_a,DNpe020,1,1,1,2
LC4,CL022_a,DNp71,1,1,1,2
LPLC2,LPT114,DNb02,2,2,4,2
LPLC2,LPT114,DNae002,2,2,4,2
LPLC2,LoVC15,DNp36,1,1,1,2
LPLC2,LPT111,DNp27,2,2,2,2
LPLC2,LPT111,DNp26,2,2,2,2
LPLC2,LPT100,DNp17,1,1,1,2
LC4,5-HTPMPV03,DNg59,1,2,2,2
LPLC2,LPLC4,aSP22,2,2,92,2
LPLC2,LPLC4,DNpe029,2,2,115,2
LC4,LC22,DNp07,2,2,3,2
LPLC2,LPT114,DNge094,2,2,5,2
LC4,CL022_a,DNpe026,1,1,1,2
LPLC2,LPT22,DNb09,2,2,50,2
LPLC2,PVLP124,DNp09,2,2,28,2
LC4,LC16,DNg104,2,2,3,2
LC4,5-HTPMPV03,DNg42,1,2,2,2
LPLC2,LPT22,DNae003,1,1,19,2
LPLC2,PVLP124,DNpe020,1,1,16,2
LC4,CL022_b,DNge090,1,1,11,2
LC4,5-HTPMPV03,DNg49,2,2,2,2
LC4,CL022_b,DNg08,1,1,11,2
LC4,CL022_b,DNb09,1,1,11,2
LPLC2,PVLP124,DNp64,2,2,28,2
LPLC2,LPT114,DNpe026,1,1,2,2
LPLC2,LPT114,DNp63,2,2,4,2
LPLC2,LoVC15,DNg94,1,1,1,2
LC4,LC19,DNae006,1,1,1,2
LC4,LC19,DNg01_c,1,1,1,2
LPLC2,LPT114,DNp06,2,2,3,2
LPLC2,LPT29,DNge083,1,1,4,2
LC4,LAL300m,DNpe020,2,2,62,2
LC4,LAL300m,DNge138,1,1,35,2
LC4,IB114,DNpe056,1,1,208,2
LC4,IB114,pIP1,1,1,208,2
LC4,IB114,pIP10,2,2,416,2
LC4,5-HTPMPV03,DNg01_unclear,1,1,1,2
LC4,CL053,DNb04,1,1,1,2
LPLC2,PVLP151,DNp59,2,2,3393,2
LC4,CL053,DNa09,1,2,2,2
LC4,CL053,DNa05,1,1,1,2
LPLC2,PVLP128,DNp03,1,1,1,2
LPLC2,PVLP128,DNge152,1,1,1,2
LC4,LAL026_a,DNp09,1,1,124,2
LPLC2,Li25,DNp11,2,2,2,2
LPLC2,LPT50,DNb06,1,1,61,2
LC4,CL022_c,DNpe001,1,1,1,2
LC4,LAL026_b,DNae009,1,1,42,2
LC4,CL022_c,DNp73,2,2,3,2
LPLC2,Li17,DNc01,1,1,3,2
LPLC2,LPT51,DNge141,2,2,3,2
LPLC2,LPT49,DNp27,1,1,2,2
LC4,IB114,DNp69,1,1,208,2
LC4,CL053,DNg02_f,1,1,1,2
LC4,IB114,DNge099,2,2,416,2
LC4,IB114,DNp101,1,2,416,2
LPLC2,LPT52,DNg106,1,1,4,2
LC4,IB114,DNp14,1,1,208,2
LPLC2,Li13,DNp27,2,2,2,2
LPLC2,PVLP128,DNpe057,2,2,6,2
LPLC2,PVLP151,DNp55,2,2,3415,2
LPLC2,LPT52,DNa08,1,1,4,2
LC4,IB114,DNp49,1,1,208,2
LPLC2,LPT52,DNa04,1,1,2,2
LC4,CL053,DNbe005,1,1,1,2
LC4,5-HTPMPV03,DNg01_a,1,1,1,2
LC4,IB114,DNp63,2,2,416,2
LPLC2,LPT51,DNp26,1,1,1,2
LC4,LAL026_b,DNde002,1,1,42,2
LPLC2,PVLP151,DNpe020,2,2,3393,2
LC4,CL022_b,DNpe053,1,1,11,2
LPLC2,LPT31,DNg36_b,2,2,5,2
LPLC2,Li34a,DNp11,2,2,4,2
LC4,LAL053,DNpe022,1,1,55,2
LPLC2,PVLP151,DNpe039,2,2,3393,2
LC4,CL022_c,DNge090,2,2,3,2
LPLC2,Li36,DNp27,1,1,1,2
LC4,CL022_c,DNg56,1,1,2,2
LPLC2,PVLP151,DNpe056,2,2,3356,2
LC4,LAL300m,DNae002,1,1,40,2
LPLC2,LPT30,DNg92_a,1,1,1,2
LC4,CL022_c,DNae008,1,1,2,2
LC4,LAL300m,DNb02,1,1,40,2
LPLC2,LoVC1,DNp59,1,1,2,2
LC4,CL022_c,DNa08,1,1,2,2
LPLC2,LoVC1,pIP1,1,1,2,2
LPLC2,LPT29,DNp03,2,2,12,2
LC4,LAL053,DNp34,1,1,55,2
LC4,5-HTPMPV03,DNg05_c,2,2,2,2
LC4,CL022_c,DNp70,2,2,3,2
LPLC2,PVLP127,DNpe037,1,1,1,2
LC4,LAL026_b,DNg41,1,1,42,2
LPLC2,PVLP128,DNae003,1,2,2,2
LC4,LAL026_b,DNp15,1,1,42,2
LPLC2,Li29,DNp11,2,2,3,2
LPLC2,Li29,DNp30,1,2,2,2
LC4,LAL026_b,DNp59,1,1,42,2
LC4,LAL026_b,DNp63,1,1,42,2
LC4,LAL026_b,DNpe005,1,1,42,2
LC4,LAL026_b,DNpe040,1,1,42,2
LPLC2,Li32,DNp27,1,1,9,2
LC4,CL022_c,DNp66,1,1,2,2
LPLC2,PVLP128,DNa04,1,1,1,2
LPLC2,PVLP151,DNpe025,1,1,2095,2
LC4,CL022_c,DNp31,1,1,2,2
LC4,CL022_c,DNp12,1,1,2,2
LC4,LC22,DNp102,2,2,4,2
LC4,LC22,DNp42,2,2,3,2
LC4,5-HTPMPV03,DNg90,1,1,1,2
LC4,LC35b,DNp54,1,1,3,2
LC4,5-HTPMPV03,DNp16_b,1,2,2,2
LPLC2,WED210,"DNp51,DNpe019",1,1,1,2
LPLC2,LLPC1,DNb09,1,1,1,2
LPLC2,LoVC17,DNa01,1,1,1,2
LC4,LC36,DNae007,1,1,1,2
LPLC2,LLPC1,DNa10,2,2,3,2
LC4,LC36,DNg01_a,1,1,3,2
LPLC2,LHAV2b4,DNp70,1,1,2,2
LC4,CB4248,DNp12,2,2,9,2
LC4,LC36,DNp07,1,1,2,2
LC4,LC36,DNp27,2,2,2,2
LC4,5-HTPMPV03,DNp32,1,1,1,2
LPLC2,PVLP123,DNg29,2,2,174,2
LC4,LC36,DNpe010,2,2,3,2
LC4,LC36,DNpe022,1,1,2,2
LC4,5-HTPMPV03,DNp16_a,1,2,2,2
LC4,5-HTPMPV03,DNp103,1,2,2,2
LC4,LC36,DNpe037,1,1,2,2
LC4,5-HTPMPV03,DNp08,1,1,1,2
LPLC2,WED210,DNpe005,1,1,1,2
LC4,LC35a,DNpe010,1,1,3,2
LPLC2,PVLP203m,DNge023,1,1,2,2
LC4,LC35a,DNpe055,1,1,2,2
LC4,5-HTPMPV03,DNge180,1,1,1,2
LPLC2,LLPC2,DNae005,1,1,1,2
LPLC2,PVLP123,DNp101,1,1,173,2
LPLC2,LLPC1,DNpe022,1,1,2,2
LC4,CB4248,DNpe025,1,1,2,2
LPLC2,LLPC1,DNp57,1,1,1,2
LC4,5-HTPMPV03,DNp03,2,2,2,2
LPLC2,WED210,DNp59,1,2,2,2
LC4,5-HTPMPV03,DNp06,1,1,1,2
LPLC2,LLPC1,DNp11,1,1,1,2
LC4,LC35b,DNge107,1,1,3,2
LPLC2,PVLP123,DNg03,1,1,50,2
LPLC2,PVLP123,DNd05,1,1,1,2
LC4,LC35a,DNp46,1,1,2,2
LPLC2,LHAD1g1,DNd04,1,1,1075,2
LC4,5-HTPMPV03,DNpe004,2,2,2,2
LC4,LHAD1g1,DNd04,1,1,233,2
LPLC2,LC9,DNp69,1,1,2,2
LPLC2,PVLP203m,DNge079,1,1,2,2
LC4,5-HTPMPV03,DNpe009,2,2,2,2
LC4,LHAD1g1,DNge133,1,1,322,2
LC4,LHAD1g1,DNge138,2,2,555,2
LPLC2,PVLP203m,DNge144,1,1,2,2
LC4,LHAD1g1,DNp05,2,2,555,2
LPLC2,PVLP203m,DNge146,1,1,2,2
LPLC2,PVLP203m,DNp09,1,1,2,2
LC4,CB4179,DNp12,1,1,3,2
LC4,LHAD1g1,DNp55,1,1,322,2
LPLC2,PVLP203m,DNp30,1,1,2,2
LPLC2,PVLP203m,DNp35,1,1,2,2
LC4,CB4245,DNa07,1,1,4,2
LPLC2,PVLP122,DNpe043,2,2,8,2
LC4,LC37,DNd05,1,1,1,2
LPLC2,PVLP203m,DNge063,1,2,4,2
LC4,5-HTPMPV03,DNp39,2,2,2,2
LC4,5-HTPMPV03,DNp41,1,2,2,2
LPLC2,LHAD1g1,DNp55,1,1,974,2
LC4,5-HTPMPV03,DNp46,1,1,1,2
LC4,LC39a,DNp57,1,1,1,2
LC4,5-HTPMPV03,DNp47,1,1,1,2
LC4,LC39b,DNpe055,1,1,2,2
LPLC2,PVLP123,DNae008,1,1,101,2
LC4,CB4248,DNge031,2,2,2,2
LPLC2,LHAD1g1,DNp05,2,2,2049,2
LC4,LC6,DNpe024,2,2,2,2
LC4,CB4248,DNg29,1,1,2,2
LPLC2,PVLP203m,DNge053,1,1,2,2
LPLC2,LHAD1g1,DNge138,2,2,2049,2
LPLC2,LHAD1g1,DNge133,1,1,974,2
LPLC2,PVLP123,DNp104,1,1,50,2
LPLC2,PVLP123,DNp27,2,2,146,2
LPLC2,PVLP123,DNpe052,2,2,51,2
LC4,LC29,DNp54,2,2,3,2
LC4,5-HTPMPV03,DNge049,1,1,1,2
LPLC2,Y12,DNp30,1,1,1,2
LC4,5-HTPMPV03,DNge070,1,1,1,2
LC4,LC31a,DNb09,2,2,5,2
LPLC2,LPLC4,DNa05,1,1,55,2
LC4,5-HTPMPV03,DNge071,2,2,2,2
LPLC2,LPLC1,DNpe031,1,1,1,2
LC4,LC31a,DNp04,1,1,1,2
LC4,CL001,DNp34,1,1,1,2
LC4,LC31a,DNp55,1,1,4,2
LPLC2,LoVC15,DNpe013,1,1,1,2
LC4,CL001,DNp23,1,1,1,2
LPLC2,Y11,DNp30,2,2,2,2
LPLC2,LoVC15,DNpe016,2,2,4,2
LC4,CL001,DNp14,1,1,1,2
LPLC2,PVLP123,DNpe020,2,2,56,2
LC4,CL001,DNpe005,1,1,1,2
LC4,5-HTPMPV03,DNge090,2,2,2,2
LPLC2,LPLC4,DNg02_f,1,1,13,2
LC4,5-HTPMPV03,DNg91,1,2,2,2
LC4,LC22,DNpe017,1,1,1,2
LC4,LC22,aSP22,2,2,2,2
LC4,CL022_a,DNbe004,1,1,1,2
LC4,LC23,DNbe007,2,2,6,2
LC4,CL001,DNpe052,1,1,1,2
LC4,CL001,DNpe050,1,1,1,2
LC4,LC23,DNp102,1,1,48,2
LC4,LC23,DNp11,1,1,3,2
LC4,LC23,DNpe056,1,1,3,2
LPLC2,LPLC4,DNge103,1,1,55,2
LC4,5-HTPMPV03,DNge017,1,1,1,2
LC4,LC23,pIP1,2,2,18,2
LPLC2,LoVC15,DNpe005,2,2,4,2
LPLC2,PVLP123,DNpe037,2,2,105,2
LC4,LC31a,DNpe052,2,2,4,2
LC4,LC31b,DNa11,2,2,32,2
LC4,LC35a,DNp104,2,2,6,2
LPLC2,PVLP123,DNp59,2,2,218,2
LPLC2,LoVC16,DNp09,1,1,1,2
LC4,LC35a,DNa16,1,1,2,2
LC4,LC35a,DNae003,1,1,2,2
LC4,LC35a,DNae009,2,2,3,2
LPLC2,LLPC4,DNp03,1,1,1,2
LPLC2,PVLP123,DNp45,2,2,31,2
LPLC2,LLPC4,DNb05,1,1,1,2
LC4,5-HTPMPV03,DNge125,1,2,2,2
LC4,LC35a,DNg01_b,1,1,2,2
LC4,LC35a,DNg02_d,2,2,8,2
LC4,5-HTPMPV03,DNge127,1,1,1,2
LPLC2,PVLP123,DNp30,1,1,30,2
LC4,LC35a,DNge140,1,1,4,2
LC4,5-HTPMPV03,DNge135,1,2,2,2
LC4,LC35a,DNp102,2,2,8,2
LPLC2,PVLP123,DNp56,1,1,173,2
LC4,5-HTPMPV03,DNge116,1,2,2,2
LC4,5-HTPMPV03,DNge092,2,2,2,2
LC4,LC33,DNp63,1,1,1,2
LC4,LC31b,DNp11,1,1,24,2
LC4,5-HTPMPV03,DNge095,1,2,2,2
LC4,CL001,DNge053,1,1,1,2
LC4,LC31b,DNp64,1,1,91,2
LPLC2,LPC_unclear,DNg92_b,1,1,4,2
LC4,LC31b,DNp66,2,2,94,2
LC4,LC31b,DNp69,2,2,279,2
LC4,LC31b,DNpe025,1,1,91,2
LC4,5-HTPMPV03,DNge097,2,2,2,2
LC4,5-HTPMPV03,DNge107,2,2,2,2
LC4,5-HTPMPV03,DNge108,2,2,2,2
LC4,CL001,DNb09,1,1,1,2
LC4,CL001,DNb05,1,1,1,2
LC4,LC33,DNa15,1,1,1,2
LPLC2,PVLP203m,DNg88,1,1,2,2
LC4,IB114,DNge053,1,2,416,2
LC4,CL053,DNg03,1,1,1,2
LC4,AN09B016,DNde001,1,1,1,2
LC4,CL128a,DNge049,1,1,59,2
LC4,CL367,DNg21,1,1,5,2
LPLC2,PVLP141,DNg52,1,2,34,2
LC4,CL367,DNg74_b,1,2,10,2
LC4,CL367,DNge059,1,1,5,2
LPLC2,PVLP141,DNbe003,1,1,17,2
LPLC2,PVLP150,DNg40,1,1,157,2
LC4,CL128a,DNge083,2,2,108,2
LC4,CL367,DNp09,1,2,12,2
LC4,IB114,DNg74_b,1,1,208,2
LPLC2,PVLP141,DNae009,1,1,29,2
LPLC2,LT51,DNge043,1,1,7,2
LC4,,DNge127,1,1,296,2
LC4,CL367,DNp30,2,2,11,2
LC4,CL128a,DNg82,2,2,50,2
LC4,CL128a,DNg29,2,2,108,2
LC4,,DNge130,2,2,428,2
LPLC2,PVLP141,DNg75,1,1,29,2
LC4,CL367,DNg109,1,1,6,2
LPLC2,PVLP148,DNp39,1,1,32,2
LC4,,DNg33,1,1,2,2
LPLC2,LT61a,DNde001,1,1,11,2
LC4,CL323,DNpe020,1,1,362,2
LC4,CL323,DNpe039,2,2,310,2
LC4,CL128a,DNp55,1,1,59,2
LPLC2,LT79,DNp06,1,1,1,2
LC4,CL367,DNa01,1,1,6,2
LPLC2,LT79,DNp71,1,1,11,2
LPLC2,LT79,DNpe040,1,1,1,2
LPLC2,LT52,DNp27,2,2,2,2
LC4,CL367,DNb09,1,1,5,2
LC4,CL367,DNbe002,1,2,10,2
LPLC2,PVLP141,DNg90,1,1,29,2
LC4,CL367,DNbe006,1,1,5,2
LC4,CL367,DNde002,1,1,6,2
LC4,CL128a,DNp46,1,1,1,2
LC4,CL367,DNp71,1,1,6,2
LPLC2,PVLP141,DNa16,1,1,17,2
LPLC2,LT51,DNg35,1,1,9,2
LPLC2,LT81,DNpe021,1,1,1,2
LC4,,DNp32,1,1,35,2
LPLC2,LT51,DNae008,2,2,58,2
LC4,CL066,DNpe020,1,1,3,2
LPLC2,LT51,DNae006,2,2,63,2
LC4,,DNp42,1,1,173,2
LPLC2,PVLP139,DNp103,2,2,43,2
LC4,GNG300,DNge003,1,1,84,2
LC4,,DNp47,1,1,200,2
LC4,,DNp59,1,1,173,2
LC4,,DNp63,2,2,490,2
LPLC2,LT81,DNpe032,1,1,1,2
LC4,,DNp68,1,1,10,2
LPLC2,PVLP137,DNpe045,1,1,136,2
LPLC2,PVLP137,DNpe042,1,2,272,2
LC4,GNG300,DNge047,1,2,168,2
LPLC2,LT51,DNb02,2,2,16,2
LC4,CL066,DNpe037,1,1,3,2
LC4,CL128a,DNd03,1,1,49,2
LC4,,DNp29,1,1,17,2
LC4,CL367,DNpe053,1,1,5,2
LC4,CL367,aSP22,1,2,10,2
LC4,GNG300,DNae007,1,2,168,2
LC4,GNG300,DNbe007,2,2,144,2
LC4,GNG300,DNd03,1,1,84,2
LC4,GNG300,DNg100,2,2,144,2
LPLC2,LT51,DNg100,2,2,11,2
LPLC2,PVLP150,DNp23,2,2,199,2
LPLC2,PVLP139,DNpe056,1,1,39,2
LC4,,DNp14,1,1,228,2
LC4,GNG300,DNg22,1,2,120,2
LPLC2,LT51,DNd02,1,1,2,2
LC4,,DNp23,1,1,290,2
LC4,GNG300,DNg54,1,2,120,2
LC4,GNG300,DNg59,1,1,84,2
LC4,CL323,DNpe011,1,1,362,2
LPLC2,PVLP141,DNge040,2,2,46,2
LC4,CL128a,DNp64,2,2,108,2
LC4,CL140,DNp26,1,1,208,2
LPLC2,LT65,DNp27,1,1,2,2
LC4,CL303,DNp59,1,1,6,2
LPLC2,LT65,DNd03,1,1,2,2
LC4,CL303,DNpe023,1,1,6,2
LPLC2,LT78,DNge041,2,2,3,2
LPLC2,LT64,DNpe037,2,2,3,2
LPLC2,LT64,DNpe026,1,1,1,2
LPLC2,LT64,DNpe005,2,2,3,2
LPLC2,LT78,DNge127,2,2,4,2
LPLC2,LT64,DNp57,1,1,2,2
LPLC2,LT64,DNp47,2,2,3,2
LPLC2,PVLP144,DNp70,1,1,7,2
LC4,CL140,DNp03,1,1,208,2
LPLC2,PVLP144,CB0429,2,2,10,2
LPLC2,LT78,DNp06,2,2,2,2
LPLC2,LT66,DNg40,1,1,17,2
LC4,CL286,DNpe021,1,1,1,2
LPLC2,PVLP141,DNpe024,1,1,29,2
LC4,,DNb04,1,2,346,2
LPLC2,LT77,DNge054,2,2,3,2
LC4,CL140,DNpe052,2,2,434,2
LC4,CL140,DNpe020,1,1,208,2
LC4,CL140,DNpe016,2,2,434,2
LC4,,DNa11,2,2,463,2
LC4,CL286,DNae008,1,1,1,2
LC4,CL286,DNbe002,1,2,2,2
LPLC2,LT77,DNp06,1,1,3,2
LC4,CL140,DNpe003,1,2,452,2
LPLC2,LT73,DNpe056,1,1,10,2
LPLC2,LT73,DNp30,2,2,23,2
LPLC2,LT70,DNpe002,2,2,2,2
LPLC2,LT69,DNpe016,1,1,1,2
LPLC2,LT69,DNp27,2,2,2,2
LPLC2,vCal3,DNp07,1,1,85,2
LC4,CL309,DNg01_c,1,1,1,2
LPLC2,LT64,DNge107,1,1,1,2
LPLC2,LT61a,DNp30,2,2,17,2
LC4,CL323,DNa16,2,2,365,2
LC4,CL140,DNae008,1,1,226,2
LPLC2,LT78,DNp34,2,2,3,2
LPLC2,LT78,DNpe005,2,2,2,2
LPLC2,PVLP141,DNge135,1,1,17,2
LC4,CL323,DNg01_unclear,1,1,206,2
LC4,CL323,DNg91,2,2,513,2
LPLC2,LT61b,DNpe031,1,2,12,2
LPLC2,LT61b,DNp64,1,2,36,2
LC4,,DNg01_unclear,1,1,296,2
LC4,CL128a,DNpe002,2,2,61,2
LPLC2,LT61b,DNp04,1,1,18,2
LC4,CL323,DNp18,1,1,151,2
LC4,CL323,DNp34,1,1,151,2
LPLC2,LT61a,DNpe025,1,1,6,2
LPLC2,LT61a,DNp45,1,1,11,2
LPLC2,LT62,DNpe056,2,2,13,2
LC4,CL323,DNa07,2,2,357,2
LC4,CL140,DNg79,1,1,208,2
LPLC2,PVLP141,DNp05,2,2,46,2
LPLC2,LT64,DNg111,1,1,2,2
LC4,CL309,DNg82,1,1,1,2
LPLC2,vCal3,DNg08,1,1,85,2
LPLC2,PVLP141,DNpe002,1,1,29,2
LPLC2,LT64,DNb01,1,1,2,2
LPLC2,LT64,DNae009,1,1,2,2
LPLC2,LT64,DNa10,2,2,3,2
LPLC2,LT64,DNa09,1,2,2,2
LPLC2,PVLP141,DNp45,1,1,17,2
LC4,CL309,DNp49,1,2,2,2
LPLC2,LT63,DNpe021,1,1,3,2
LPLC2,PVLP144,DNpe027,1,1,7,2
LC4,CL309,DNpe020,1,1,1,2
LPLC2,LT63,DNp27,1,2,6,2
LPLC2,LT63,DNp104,1,1,3,2
LPLC2,PVLP150,DNpe022,1,1,157,2
LC4,CL066,DNpe005,1,1,3,2
LPLC2,PVLP137,DNpe031,1,1,188,2
LC4,CL053,DNp27,1,2,2,2
LC4,GNG506,DNg14,1,1,1,2
LPLC2,LPT60,DNge142,2,2,21,2
LC4,GNG506,DNg29,1,1,1,2
LC4,GNG506,DNg45,1,1,1,2
LC4,GNG506,DNg57,1,1,1,2
LPLC2,vCal1,DNg06,1,1,1,2
LC4,5-HTPMPV03,DNa04,2,2,2,2
LC4,GNG506,DNg72,1,1,1,2
LC4,CL053,DNge175,1,1,1,2
LPLC2,LPT60,DNge050,1,1,7,2
LC4,5-HTPMPV03,DNa05,1,2,2,2
LPLC2,LT86,DNg31,1,1,2,2
LC4,GNG506,DNg96,1,1,1,2
LC4,GNG506,DNge008,1,1,1,2
LPLC2,LPT60,DNg93,2,2,21,2
LPLC2,LPT60,DNge148,2,2,21,2
LPLC2,LT85,DNpe002,1,1,1,2
LPLC2,LPT60,DNg75,1,1,7,2
LC4,GNG506,DNg100,1,1,1,2
LPLC2,LPi2b,DNp27,1,2,8,2
LPLC2,LPi21,DNp27,2,2,56,2
LPLC2,PVLP137,DNg45,1,1,136,2
LC4,GNG343,DNge138,2,2,11,2
LPLC2,LPT60,DNpe053,1,1,7,2
LPLC2,LPT60,DNpe040,1,1,14,2
LPLC2,LT85,DNge062,1,1,1,2
LPLC2,PVLP137,DNg33,1,1,188,2
LPLC2,LT85,DNge068,1,1,1,2
LPLC2,LPT60,DNp49,1,1,7,2
LPLC2,LT85,DNge101,1,1,1,2
LPLC2,LPT60,DNp32,1,2,14,2
LPLC2,LPT60,DNp14,1,1,7,2
LPLC2,LPT60,DNp104,1,1,14,2
LPLC2,LT85,DNp34,1,1,1,2
LC4,5-HTPMPV03,DNa07,1,2,2,2
LPLC2,LPT60,DNg74_b,1,1,7,2
LC4,GNG343,DNge130,1,1,6,2
LPLC2,LT86,DNp32,1,1,2,2
LPLC2,LT86,DNp42,1,1,2,2
LC4,GNG517,DNg87,1,1,3,2
LC4,GNG517,DNge038,1,1,3,2
LC4,5-HTPMPV03,DNae008,2,2,2,2
LPLC2,LPT59,DNb04,1,1,7,2
LC4,GNG517,DNp66,1,1,3,2
LPLC2,PVLP130,DNpe025,1,1,1401,2
LC4,CL053,DNg34,1,1,1,2
LC4,IB114,DNae009,2,2,416,2
LC4,CL053,DNg08,1,1,1,2
LPLC2,LPT54,DNd02,1,1,2,2
LC4,5-HTPMPV03,DNb01,2,2,2,2
LPLC2,LPT53,DNg36_a,1,2,2,2
LC4,IB114,DNg111,1,1,208,2
LPLC2,LPT52,aSP22,1,1,2,2
LC4,CL053,DNg94,1,1,1,2
LPLC2,LPT59,DNg51,1,1,7,2
LPLC2,LT86,DNg86,1,1,2,2
LC4,GNG517,DNd03,1,1,3,2
LC4,5-HTPMPV03,DNa08,2,2,2,2
LPLC2,LT86,DNge037,1,1,2,2
LPLC2,LPT60,DNg105,1,1,7,2
LPLC2,PVLP137,DNa02,1,1,188,2
LC4,GNG506,DNge143,1,1,1,2
LPLC2,LPT60,DNd02,2,2,21,2
LC4,5-HTPMPV03,DNa16,2,2,2,2
LPLC2,LPT59,DNpe027,1,1,11,2
LC4,GNG506,DNp09,1,1,1,2
LC4,CL053,DNge016,1,1,1,2
LPLC2,PVLP135,DNp70,1,1,1,2
LC4,GNG506,DNpe020,1,1,1,2
LC4,5-HTPMPV03,DNae002,1,2,2,2
LC4,GNG506,DNpe050,1,1,1,2
LPLC2,PVLP135,DNp103,2,2,15,2
LC4,CL066,DNa08,1,2,6,2
LPLC2,LPi2e,DNp30,1,1,1,2
LPLC2,PVLP137,DNpe026,1,1,188,2
LPLC2,PVLP137,DNp14,2,2,324,2
LPLC2,PVLP137,DNp09,1,1,188,2
LPLC2,PVLP137,DNp05,1,1,136,2
LPLC2,LT82a,"DNp51,DNpe019",1,2,44,2
LC4,GNG300,DNpe056,1,1,84,2
LPLC2,LT41,DNa01,1,1,1,2
LPLC2,LT40,DNpe050,1,1,5,2
LPLC2,PVLP137,DNge138,1,1,136,2
LPLC2,LT82a,DNpe001,1,1,8,2
LPLC2,LT40,DNp63,1,1,5,2
LPLC2,LT40,DNp45,1,1,5,2
LPLC2,LT40,DNp27,1,1,5,2
LC4,GNG340,DNg33,1,1,9,2
LPLC2,LT40,DNge060,1,1,1,2
LC4,CL066,DNp16_a,1,1,3,2
LC4,,DNpe039,1,1,290,2
LPLC2,LT41,MDN,2,2,2,2
LC4,CL066,DNp54,1,2,6,2
LPLC2,LT82a,DNpe040,1,1,8,2
LC4,CL066,DNp63,1,1,3,2
LC4,GNG300,DNge082,1,1,84,2
LC4,GNG300,DNge099,1,1,60,2
LPLC2,PVLP137,DNp71,1,1,136,2
LPLC2,LT82a,DNae001,1,1,20,2
LC4,GNG300,DNge121,1,2,120,2
LPLC2,PVLP137,DNp64,2,2,324,2
LPLC2,LT42,DNpe013,1,1,1,2
LPLC2,LT42,DNpe011,1,1,1,2
LC4,GNG300,DNge138,1,2,168,2
LPLC2,LT82a,DNb02,2,2,30,2
LC4,GNG300,DNge139,1,1,84,2
LPLC2,PVLP137,DNp52,1,1,136,2
LPLC2,LT82a,DNg01_c,1,1,20,2
LPLC2,LT42,DNge041,1,1,1,2
LPLC2,PVLP137,DNp34,1,2,376,2
LC4,GNG340,DNg87,1,1,9,2
LPLC2,LT40,DNg111,2,2,6,2
LPLC2,PVLP137,DNg60,1,1,188,2
LPLC2,PVLP151,DNbe004,1,1,1320,2
LPLC2,PVLP137,DNge013,2,2,324,2
LC4,CL066,DNb09,1,1,3,2
LC4,GNG343,DNg68,1,2,12,2
LPLC2,LT1c,DNp11,1,1,3,2
LC4,GNG343,DNge010,2,2,11,2
LPLC2,LT84,DNg111,1,1,1,2
LPLC2,LT84,DNp36,1,2,2,2
LPLC2,PVLP137,DNg81,2,2,324,2
LPLC2,PVLP137,DNg77,1,1,188,2
LC4,GNG343,DNge044,2,2,11,2
LPLC2,LT11,DNp35,2,2,10,2
LC4,GNG343,DNge047,1,2,12,2
LPLC2,LT11,DNp29,1,1,6,2
LPLC2,PVLP151,DNc02,1,1,2073,2
LPLC2,LT85,DNbe007,1,1,1,2
LPLC2,LT83,DNp64,2,2,10,2
LC4,CL066,DNbe002,1,2,6,2
LC4,GNG340,DNge010,1,1,9,2
LPLC2,LT34,DNp27,2,2,3,2
LPLC2,LT82a,aSP22,2,2,40,2
LC4,GNG340,DNge046,1,1,9,2
LC4,GNG340,DNge079,1,1,9,2
LPLC2,LT39,DNp71,1,1,6,2
LPLC2,LT82b,DNa16,1,1,17,2
LPLC2,PVLP137,DNge054,2,2,324,2
LC4,GNG340,DNge133,1,2,18,2
LC4,GNG340,DNp12,1,2,18,2
LPLC2,PVLP137,DNge047,2,2,324,2
LC4,GNG340,DNpe052,1,1,9,2
LC4,CL066,DNg03,1,2,6,2
LPLC2,LT34,DNpe053,1,1,2,2
LC4,CL066,DNbe004,1,1,3,2
LPLC2,LT82b,DNpe057,1,1,17,2
LPLC2,LT34,DNp36,1,1,1,2
LC4,CB4179,DNge133,1,1,17,2
LPLC2,LC43,DNp32,1,1,1,2
LPLC2,LC39b,DNpe055,1,1,9,2
LPLC2,IB114,DNae009,2,2,545,2
LPLC2,IB114,DNg74_b,1,1,152,2
LPLC2,IB114,DNg111,1,1,152,2
LPLC2,LoVC22,DNg111,1,1,1,2
LC4,AN07B004,DNp11,1,1,3,2
LC4,Li29,DNp30,1,2,2,2
LC4,Li32,DNp27,1,1,6,2
LC4,AN07B004,DNp19,1,1,3,2
LC4,LoVC11,DNa08,1,1,1,2
LC4,CB4179,DNge119,2,2,18,2
LC4,AN07B004,DNp27,2,2,6,2
LC4,LoVC11,DNa11,1,1,1,2
LPLC2,HST,DNge152,1,1,1,2
LPLC2,HST,DNge138,1,1,2,2
LC4,LoVC11,DNa16,1,1,1,2
LPLC2,HST,DNge072,1,1,2,2
LC4,AN07B004,DNp49,1,1,3,2
LC4,AVLP016,DNg30,2,2,115,2
LPLC2,IB114,DNge053,1,2,786,2
LPLC2,IB114,DNge099,2,2,545,2
LPLC2,PVLP093,DNpe042,1,1,386,2
LC4,Li13,DNp27,1,1,1,2
LPLC2,IB114,DNp49,1,1,152,2
LPLC2,PVLP209m,DNge123,1,1,6,2
LC4,Li15,DNp27,2,2,2,2
LPLC2,PVLP093,pMP2,2,2,704,2
LC4,Li17,DNc01,1,1,4,2
LPLC2,LoVC22,DNc01,2,2,2,2
LC4,CB4102,DNp27,1,1,11,2
LPLC2,IB114,DNp14,1,1,393,2
LC4,Li21,DNp27,2,2,3,2
LPLC2,IB114,DNp101,1,2,304,2
LPLC2,LoVC22,DNde005,1,1,5,2
LC4,Li26,DNp27,2,2,6,2
LPLC2,PVLP093,DNpe043,1,1,318,2
LPLC2,LoVC22,DNg02_g,2,2,2,2
LPLC2,HST,DNb06,1,1,1,2
LPLC2,PVLP093,DNp49,1,1,386,2
LPLC2,PVLP093,DNp45,1,2,636,2
LC4,LoVC11,aSP22,1,1,1,2
LC4,AN07B004,DNpe053,1,2,6,2
LPLC2,HSN,DNa13,1,1,15,2
LPLC2,PVLP093,DNbe007,1,1,386,2
LC4,LoVC13,DNge064,1,1,8,2
LC4,LoVC13,DNge135,1,1,8,2
LPLC2,HSE,DNae002,1,1,1,2
LPLC2,PVLP082,DNp34,1,1,2,2
LPLC2,LoVC22,DNge136,2,2,2,2
LC4,LoVC15,DNa04,1,1,6,2
LPLC2,H2,DNge152,1,1,54,2
LPLC2,PVLP082,DNp103,1,1,2,2
LPLC2,H2,DNge115,1,1,54,2
LC4,AN07B004,aSP22,1,1,3,2
LPLC2,LoVC22,DNp08,2,2,2,2
LPLC2,H2,DNge088,2,2,99,2
LPLC2,HSN,DNb02,2,2,26,2
LC4,LoVC11,DNpe052,1,1,1,2
LC4,AN07B004,DNp70,1,1,3,2
LC4,LoVC11,DNpe049,1,1,1,2
LPLC2,HSS,DNpe017,1,1,6,2
LPLC2,HSS,DNpe013,1,1,6,2
LC4,AN07B004,DNpe002,1,1,3,2
LPLC2,WED117,DNp11,2,2,3,2
LPLC2,HSS,DNge116,1,1,6,2
LPLC2,PVLP093,DNp30,1,1,318,2
LPLC2,LoVC22,DNg92_b,1,1,1,2
LC4,LoVC11,DNg88,1,1,1,2
LPLC2,HSS,DNg12_a,1,1,4,2
LC4,LoVC11,DNp07,1,1,1,2
LPLC2,PVLP093,DNge138,2,2,704,2
LPLC2,PVLP093,DNge026,2,2,704,2
LC4,CB4102,DNg91,2,2,110,2
LC4,LoVC11,DNpe017,1,2,2,2
LC4,LoVC11,DNpe023,1,1,1,2
LPLC2,PVLP097,DNp27,2,2,3,2
LPLC2,IB114,DNp63,2,2,545,2
LPLC2,IB114,DNp69,1,1,393,2
LPLC2,PVLP106,DNp69,1,1,30,2
LC4,LT82a,DNae001,1,1,158,2
LC4,LT82a,DNb02,2,2,387,2
LC4,CB4102,pIP1,1,1,47,2
LPLC2,LoVC18,DNpe025,2,2,8,2
LC4,AN07B004,DNge056,1,1,3,2
LC4,LT82a,DNg01_c,1,1,158,2
LPLC2,LAL026_a,DNge129,1,1,5,2
LC4,LT82a,"DNp51,DNpe019",1,2,378,2
LPLC2,PVLP100,DNpe052,1,1,1,2
LC4,LT82a,DNpe001,1,1,198,2
LPLC2,LAL026_a,DNg111,1,1,5,2
LPLC2,PVLP100,DNp64,1,1,1,2
LPLC2,PVLP209m,DNg75,1,1,3,2
LC4,LT82a,DNpe040,1,1,198,2
LPLC2,LAL026_a,DNae010,2,2,9,2
LPLC2,LoVC18,DNpe018,1,1,6,2
LC4,AN07B004,DNge041,1,1,3,2
LC4,LT82b,DNa16,1,1,71,2
LPLC2,LAL026_a,DNpe052,1,1,5,2
LC4,LT78,DNpe050,2,2,2,2
LPLC2,LAL026_b,DNde002,1,1,2,2
LC4,LT79,DNp06,1,1,1,2
LPLC2,LAL026_b,DNae009,1,1,2,2
LC4,LT79,DNp71,1,1,1,2
LC4,AN07B004,DNge017,2,2,6,2
LC4,LT79,DNpe040,1,1,1,2
LC4,AN07B004,DNge032,2,2,6,2
LC4,AN07B004,DNge038,1,2,6,2
LPLC2,PVLP209m,DNde007,2,2,9,2
LPLC2,PVLP106,DNpe021,1,1,30,2
LPLC2,LAL026_a,pIP1,2,2,9,2
LPLC2,LoVC18,DNpe011,2,2,8,2
LPLC2,LoVC18,DNpe013,2,2,8,2
LC4,LT81,DNpe003,1,1,2,2
LC4,LT82a,aSP22,2,2,360,2
LPLC2,PVLP100,DNp31,1,1,1,2
LPLC2,PVLP097,DNp35,2,2,3,2
LC4,LT85,DNge068,1,1,1,2
LC4,LT85,DNp29,1,1,1,2
LC4,LT85,DNp32,1,1,1,2
LC4,LT85,DNp34,1,1,1,2
LPLC2,PVLP100,DNbe007,1,1,1,2
LC4,LT85,DNpe002,1,1,1,2
LPLC2,LAL016,DNa11,1,1,77,2
LPLC2,WED117,DNpe045,1,1,1,2
LPLC2,LAL016,DNa02,1,1,77,2
LC4,LT85,DNpe003,2,2,2,2
LPLC2,IB114,pIP10,2,2,545,2
LPLC2,IB114,pIP1,1,1,393,2
LC4,LT85,DNpe016,1,1,1,2
LPLC2,IB114,DNpe056,1,1,393,2
LPLC2,LoVC22,DNae009,1,1,1,2
LPLC2,PVLP097,DNp55,2,2,3,2
LC4,LT85,DNge101,1,1,1,2
LC4,LT85,DNge062,1,1,1,2
LPLC2,LoVC18,aSP22,2,2,12,2
LC4,LT85,DNge060,1,1,1,2
LC4,AN07B004,DNge097,1,1,3,2
LC4,LT82b,DNpe057,1,1,71,2
LPLC2,LoVC18,pIP10,2,2,13,2
LPLC2,LAL016,DNpe031,1,2,154,2
LC4,LT83,DNp64,2,2,16,2
LPLC2,PVLP100,DNge054,1,1,1,2
LPLC2,LAL016,DNp54,1,1,77,2
LPLC2,LAL016,DNp06,1,1,77,2
LPLC2,LAL016,DNge136,1,1,77,2
LPLC2,LoVC22,DNa01,2,2,7,2
LPLC2,LAL016,DNge129,1,1,77,2
LC4,AN07B004,DNge115,1,1,3,2
LC4,CB4102,DNpe002,1,1,47,2
LPLC2,LAL016,DNg111,1,1,77,2
LPLC2,LAL016,DNg101,1,1,77,2
LC4,LoVC15,DNae007,1,1,8,2
LPLC2,H2,DNge071,1,1,45,2
LC4,AN08B010,DNa08,1,1,6,2
LC4,LoVC22,DNb04,2,2,3,2
LPLC2,CL367,DNge059,1,1,7,2
LPLC2,PVLP074,DNp66,2,2,609,2
LC4,LoVC22,DNbe003,1,1,1,2
LC4,LoVC22,DNc01,2,2,3,2
LC4,LoVC22,DNde002,2,2,3,2
LPLC2,CL367,DNg74_b,1,2,14,2
LC4,LoVC22,DNg02_g,2,2,3,2
LC4,CB4101,DNge026,1,1,2,2
LPLC2,PVLP074,DNp09,1,1,200,2
LPLC2,CL367,DNg21,1,1,7,2
LC4,AN09A005,DNc01,1,1,1,2
LC4,LoVC22,DNg111,1,1,2,2
LPLC2,PVLP209m,DNp68,1,1,6,2
LPLC2,CL367,DNg101,1,1,7,2
LPLC2,CL367,DNg100,1,1,7,2
LPLC2,CL367,DNge099,1,1,7,2
LC4,LoVC22,DNae009,1,1,2,2
LC4,LoVC22,DNg49,2,2,2,2
LPLC2,LoVC22,DNpe026,2,2,2,2
LPLC2,CL367,DNpe021,1,1,7,2
LC4,CB4101,DNge060,1,1,24,2
LC4,LoVC18,DNpe031,1,2,8,2
LC4,LoVC18,DNpe037,1,2,8,2
LC4,LoVC18,DNpe043,1,1,4,2
LC4,LoVC18,DNpe045,1,2,8,2
LC4,AN08B010,DNp47,1,1,6,2
LPLC2,WED117,DNg104,1,1,2,2
LC4,CB4101,DNge058,1,1,24,2
LPLC2,PVLP076,DNae008,1,1,580,2
LPLC2,CL367,DNp32,1,1,7,2
LPLC2,PVLP074,DNpe052,1,1,409,2
LPLC2,WED117,DNc02,1,1,1,2
LC4,LoVC22,DNa01,2,2,2,2
LC4,AN08B010,DNp73,1,1,6,2
LPLC2,CL367,DNg03,1,1,7,2
LPLC2,CL367,DNd03,1,1,7,2
LPLC2,CL367,DNpe040,1,1,7,2
LPLC2,CL365,DNd05,1,1,2,2
LC4,LoVC22,DNp53,1,2,2,2
LPLC2,CL323,DNpe039,2,2,339,2
LC4,LoVC22,DNp54,2,2,3,2
LC4,LoVC22,DNp56,2,2,3,2
LC4,CB4101,DNge007,2,2,3,2
LPLC2,CL323,DNpe020,1,1,216,2
LPLC2,CL323,DNpe011,1,1,216,2
LPLC2,PVLP071,DNd03,1,1,919,2
LC4,LoVC22,DNpe003,2,2,3,2
LC4,LoVC22,DNpe004,1,2,4,2
LPLC2,PVLP070,DNpe050,1,1,103,2
LPLC2,CL323,DNp34,1,1,151,2
LC4,LoVC22,DNpe011,1,2,4,2
LPLC2,CL323,DNp18,1,1,151,2
LC4,AN09B016,DNd03,1,1,1,2
LC4,LoVC22,DNp49,1,2,2,2
LPLC2,LoVC25,DNg49,1,1,1,2
LPLC2,CL367,DNbe006,1,1,7,2
LC4,LoVC22,DNp47,2,2,3,2
LC4,LoVC22,DNg92_b,1,1,2,2
LPLC2,CL367,DNbe002,1,2,14,2
LPLC2,CL367,DNb09,1,1,7,2
LC4,LoVC22,DNge073,2,2,2,2
LC4,LoVC22,DNge136,2,2,3,2
LC4,LoVC22,DNp08,2,2,3,2
LC4,LoVC22,DNp12,1,1,2,2
LPLC2,CL365,DNpe040,1,1,2,2
LPLC2,CL365,DNpe031,1,2,4,2
LPLC2,CL365,DNpe024,1,2,4,2
LPLC2,PVLP071,pIP1,1,1,891,2
LPLC2,LoVC22,MDN,2,2,2,2
LPLC2,CL365,DNp66,1,2,4,2
LPLC2,CL365,DNp32,1,2,4,2
LPLC2,LoVC25,DNg43,1,1,1,2
LPLC2,LoVC22,DNpe016,2,2,6,2
LC4,AN08B010,DNp19,1,1,16,2
LPLC2,WED117,DNge119,1,1,2,2
LPLC2,GNG300,DNge138,1,2,766,2
LPLC2,GNG300,DNge121,1,2,500,2
LPLC2,PVLP209m,DNp59,1,1,3,2
LC4,CB4101,aSP22,2,2,13,2
LPLC2,LoVC22,DNp47,2,2,2,2
LPLC2,GNG300,DNge099,1,1,250,2
LPLC2,PVLP076,DNpe024,1,1,758,2
LPLC2,GNG300,DNge082,1,1,383,2
LPLC2,LoVC22,DNp49,1,2,12,2
LC4,CB4101,DNpe027,1,1,2,2
LC4,CB4101,DNpe022,2,2,22,2
LPLC2,LoVC22,DNp53,1,2,12,2
LC4,AN08B010,DNg99,1,1,16,2
LPLC2,GNG300,DNge047,1,2,766,2
LPLC2,LoVC22,DNp54,2,2,7,2
LPLC2,LoVC22,DNp56,2,2,7,2
LC4,LoVC16,DNp09,1,1,231,2
LPLC2,GNG300,DNge139,1,1,383,2
LC4,LoVC17,DNpe016,2,2,2,2
LPLC2,LoVC22,DNp34,2,2,11,2
LPLC2,H2,DNg33,1,1,54,2
LC4,LoVC15,DNg02_e,1,1,3,2
LC4,LoVC15,DNg05_a,2,2,9,2
LC4,AN08B010,DNg02_c,1,1,6,2
LPLC2,WED117,DNge047,1,1,1,2
LPLC2,GNG300,DNpe056,1,1,383,2
LC4,LoVC15,DNg41,1,1,6,2
LC4,LoVC15,DNg94,1,1,3,2
LPLC2,LoVC22,DNp12,1,1,1,2
LC4,LoVC15,DNge148,1,1,8,2
LPLC2,LoVC22,DNp23,1,1,5,2
LPLC2,PVLP080_a,DNp43,1,1,1,2
LC4,LoVC15,DNp36,1,1,8,2
LC4,LoVC15,DNpe013,1,1,3,2
LC4,LoVC15,DNpe016,2,2,5,2
LC4,LoVC17,DNpe005,1,1,1,2
LC4,LoVC17,DNpe028,1,1,1,2
LPLC2,CL367,DNpe043,1,1,7,2
LPLC2,PVLP076,DNge011,1,1,580,2
LC4,AN08B010,DNp05,2,2,22,2
LPLC2,GNG300,DNg22,1,2,500,2
LPLC2,LoVC22,DNpe011,1,2,2,2
LC4,AN08B010,DNp10,1,1,16,2
LC4,LoVC18,DNp49,1,1,4,2
LPLC2,PVLP076,DNg35,1,1,580,2
LPLC2,GNG300,DNg100,2,2,633,2
LC4,LoVC18,DNp66,1,2,8,2
LPLC2,GNG300,DNd03,1,1,383,2
LPLC2,GNG300,DNbe007,2,2,633,2
LPLC2,GNG300,DNae007,1,2,766,2
LPLC2,LoVC22,DNpe015,1,2,2,2
LPLC2,DCH,DNb03,2,2,16,2
LPLC2,CL367,aSP22,1,2,14,2
LPLC2,CL367,DNpe053,1,1,7,2
LC4,AN08B010,DNp04,2,2,22,2
LPLC2,PVLP076,DNge054,1,1,758,2
LPLC2,PVLP076,DNp45,2,2,1338,2
LC4,LoVC18,DNp07,1,1,4,2
LPLC2,LoVC22,DNp67,2,2,6,2
LC4,LoVC18,DNbe002,1,2,8,2
LPLC2,GNG300,DNge003,1,1,383,2
LPLC2,PVLP076,DNp30,1,2,1516,2
LC4,LoVC18,DNg104,1,1,4,2
LC4,LoVC18,DNg30,1,2,8,2
LC4,LoVC18,DNg66,1,1,4,2
LPLC2,LoVC22,DNp71,1,1,5,2
LC4,CB4101,DNp08,2,2,3,2
LPLC2,PVLP076,DNp10,1,1,580,2
LC4,AN08B010,DNge152,2,2,22,2
LPLC2,LoVC22,DNpe003,2,2,7,2
LC4,CB4101,DNge103,2,2,3,2
LPLC2,GNG300,DNg59,1,1,383,2
LPLC2,GNG300,DNg54,1,2,500,2
LC4,LT78,DNpe005,2,2,3,2
LPLC2,LAL026_b,DNg41,1,1,2,2
LC4,LT78,DNp26,2,2,3,2
LPLC2,LC31b,DNpe025,1,1,550,2
LPLC2,LC31b,DNp69,2,2,494,2
LPLC2,LC31b,DNp66,2,2,206,2
LPLC2,LC31b,DNp64,1,1,550,2
LPLC2,WED210,DNge144,1,1,1,2
LC4,CB4162,DNpe045,1,1,1,2
LC4,LPT60,DNg74_b,1,1,299,2
LC4,LPT60,DNg75,1,1,299,2
LC4,LPT60,DNg93,2,2,651,2
LPLC2,LC31b,DNp11,1,1,17,2
LPLC2,PVLP120,DNpe056,1,1,492,2
LC4,LPT60,DNge050,1,1,299,2
LPLC2,LoVC18,DNg66,1,1,7,2
LPLC2,LoVC18,DNg75,2,2,11,2
LPLC2,LC31b,DNa11,2,2,38,2
LPLC2,PVLP120,DNpe031,1,1,612,2
LC4,AMMC-A1,DNp30,1,2,4478,2
LPLC2,PVLP121,DNpe056,1,2,10,2
LC4,LPT60,DNge142,2,2,651,2
LPLC2,PVLP121,pIP1,1,2,10,2
LPLC2,LC35a,DNg02_d,2,2,15,2
LPLC2,PVLP122,DNc01,2,2,943,2
LPLC2,LC35a,DNg01_b,1,1,1,2
LC4,CB4163,DNp01,1,1,15,2
LC4,LPT53,DNg36_a,1,2,4,2
LPLC2,LoVC18,DNg27,1,2,6,2
LPLC2,LoVC18,DNg30,1,2,14,2
LPLC2,LC35a,DNae009,2,2,18,2
LPLC2,LC35a,DNae003,1,1,8,2
LPLC2,LC35a,DNa16,1,1,1,2
LPLC2,PVLP122,DNa11,2,2,369,2
LPLC2,LoVC18,DNg36_a,2,2,8,2
LPLC2,LC33,DNbe006,1,1,3,2
LC4,LPT60,DNd02,2,2,651,2
LC4,LPT60,DNg105,1,1,299,2
LPLC2,LC31a,DNpe052,2,2,7,2
LC4,LPT60,DNge148,2,2,651,2
LPLC2,PVLP122,DNd03,2,2,366,2
LC4,CB4162,DNpe040,2,2,10,2
LC4,LT11,DNp35,2,2,12,2
LC4,LT1c,DNp11,1,1,9,2
LC4,CB4162,DNpe031,2,2,10,2
LPLC2,LoVC18,DNge030,2,2,12,2
LPLC2,LoVC18,DNge033,2,2,9,2
LPLC2,PVLP114,DNpe040,1,1,46,2
LPLC2,LC23,DNpe056,1,1,1,2
LPLC2,PVLP114,DNpe027,1,1,46,2
LPLC2,PVLP206m,DNp47,1,1,92,2
LPLC2,LoVC18,DNge099,2,2,13,2
LPLC2,PVLP114,DNp54,1,1,46,2
LC4,AN01A055,DNg74_a,1,1,1,2
LC4,AN01A055,DNg85,1,1,1,2
LPLC2,PVLP114,DNp39,1,1,46,2
LPLC2,LC23,DNp11,1,1,1,2
LC4,LT11,DNp29,1,1,6,2
LC4,LPT60,DNpe053,1,1,299,2
LC4,AN01A055,DNd02,1,1,1,2
LPLC2,LC29,DNpe006,1,1,1,2
LC4,AN01A055,DNd04,1,1,1,2
LPLC2,LC31a,DNp55,1,1,7,2
LC4,AN01A055,DNg102,1,1,1,2
LC4,LPT60,DNp104,1,1,352,2
LC4,AN01A055,DNg108,1,1,1,2
LC4,LPT60,DNp14,1,1,299,2
LC4,LPT60,DNp32,1,2,598,2
LPLC2,LC31a,DNp04,1,1,9,2
LC4,AN01A055,DNg34,1,1,1,2
LPLC2,LoVC18,DNg82,2,2,8,2
LPLC2,LC31a,DNb09,2,2,14,2
LPLC2,LC29,DNpe056,1,1,1,2
LC4,LPT60,DNp49,1,1,299,2
LPLC2,PVLP120,DNp06,1,1,492,2
LC4,LPT60,DNpe040,1,1,352,2
LC4,LPT31,DNge152,2,2,2,2
LC4,LPT31,DNg92_a,1,1,1,2
LPLC2,LC23,DNp102,1,1,6,2
LC4,LLPC2,DNp27,2,2,2,2
LPLC2,LoVC17,DNpe028,1,1,1,2
LC4,LLPC3,DNae002,1,1,1,2
LPLC2,LC36,DNpe003,1,1,2,2
LPLC2,LC36,DNpe002,2,2,2,2
LC4,LLPC3,DNge030,2,2,2,2
LPLC2,LC36,DNp102,1,1,1,2
LC4,LOLP1,DNp27,2,2,5,2
LPLC2,LC36,DNp08,1,1,1,2
LPLC2,LC36,DNg82,1,1,2,2
LC4,LPC1,DNa07,1,1,1,2
LPLC2,LoVC18,DNa02,1,1,5,2
LC4,LPC1,DNpe056,1,1,1,2
LPLC2,LoVC18,DNa08,1,2,10,2
LC4,5-HTPMPV03,DNpe032,2,2,2,2
LPLC2,LoVC18,DNa10,2,2,12,2
LC4,CB4176,DNpe017,2,2,4,2
LPLC2,LC37,DNa11,1,1,1,2
LC4,CB4176,DNp55,2,2,10,2
LC4,CB4179,DNg21,1,2,6,2
LC4,CB4179,DNge053,1,1,3,2
LPLC2,LC39b,DNbe007,1,1,1,2
LC4,CB4179,DNge011,2,2,20,2
LC4,LLPC1,DNg01_b,1,1,1,2
LC4,LLPC1,DNge140,1,1,1,2
LC4,5-HTPMPV03,DNpe022,2,2,2,2
LC4,CB4179,DNg74_a,1,1,3,2
LPLC2,LoVC17,DNpe005,1,1,1,2
LPLC2,LC39a,DNbe004,1,1,1,2
LPLC2,LoVC17,DNpe010,1,1,1,2
LC4,LLPC1,DNp54,2,2,2,2
LPLC2,LC37,DNpe027,2,2,3,2
LC4,CB4179,DNg35,2,2,51,2
LPLC2,LC37,DNde002,2,2,2,2
LPLC2,LC37,DNd05,1,1,2,2
LPLC2,LoVC18,DNa11,2,2,9,2
LC4,CB4176,DNp38,1,1,2,2
LPLC2,LC35a,DNge140,1,1,7,2
LPLC2,PVLP206m,DNge054,1,1,241,2
LPLC2,LC35a,DNpe055,1,1,8,2
LPLC2,WED210,DNge150,1,1,1,2
LPLC2,LC35a,DNpe010,1,1,2,2
LC4,LPT29,DNde002,1,1,1,2
LPLC2,PVLP122,DNp101,2,2,585,2
LC4,LPT29,DNge083,1,1,1,2
LC4,LPT29,DNp03,2,2,2,2
LC4,CB4176,DNc02,1,1,7,2
LPLC2,LC35a,DNp46,1,1,8,2
LC4,LPT30,DNg92_a,1,1,1,2
LPLC2,LC35a,DNp104,2,2,16,2
LPLC2,LC35a,DNp102,2,2,10,2
LC4,LPT31,DNbe001,1,1,1,2
LPLC2,PVLP122,DNg35,1,1,6,2
LPLC2,PVLP122,DNg01_b,1,1,580,2
LC4,LPT29,DNd03,1,1,1,2
LPLC2,LC35b,DNa09,1,1,4,2
LPLC2,LC35b,DNpe028,2,2,10,2
LPLC2,PVLP122,DNp42,2,2,366,2
LPLC2,PVLP206m,DNde006,1,1,92,2
LPLC2,LC35b,DNp54,1,1,6,2
LPLC2,LC35b,DNp49,1,1,4,2
LC4,CB4176,DNp06,2,2,7,2
LC4,CB4176,DNp05,1,1,2,2
LC4,LPLC1,DNpe024,1,1,4,2
LPLC2,PVLP122,DNp55,1,1,363,2
LPLC2,LC35b,DNp18,1,1,4,2
LC4,LPLC1,DNpe031,1,1,4,2
LC4,CB4176,DNge175,2,2,12,2
LPLC2,LC35b,DNge107,1,1,6,2
LC4,LPLC4,DNg02_d,1,1,2,2
LC4,LPLC4,DNge127,1,1,2,2
LC4,LPLC4,DNpe005,2,2,2,2
LPLC2,LoVC18,DNc01,1,2,6,2
LC4,LT37,DNp08,1,1,1,2
LPLC2,PVLP114,DNge147,1,1,46,2
LC4,LT78,DNp06,2,2,3,2
LC4,AN07B004,DNd03,2,2,6,2
LC4,LT63,DNp27,1,2,2,2
LPLC2,LC10a,aSP22,2,2,2,2
LC4,LT63,DNpe021,1,1,1,2
LPLC2,WED210,DNg08,1,1,1,2
LC4,AN07B004,DNg03,1,2,6,2
LC4,LT64,DNa09,1,2,2,2
LC4,LT64,DNa10,2,2,2,2
LC4,AN07B004,DNg05_c,2,2,6,2
LC4,LT64,DNae009,1,1,1,2
LC4,LT64,DNb01,1,1,1,2
LPLC2,LAL301m,DNp63,1,1,46,2
LC4,LT64,DNg111,1,1,1,2
LPLC2,LAL301m,DNp101,1,1,46,2
LC4,LT64,DNge107,1,1,1,2
LC4,LT64,DNp47,2,2,2,2
LC4,LT63,DNp104,1,1,1,2
LC4,LT63,DNbe007,1,1,1,2
LPLC2,LAL301m,DNbe003,1,1,46,2
LC4,LT62,DNpe056,2,2,17,2
LPLC2,LC13,DNpe022,2,2,2,2
LC4,LT61a,DNp30,2,2,19,2
LPLC2,PVLP112,DNp09,1,1,1,2
LC4,LT61a,DNp45,1,1,11,2
LC4,LT61a,DNpe025,1,1,8,2
LC4,CB4103,DNg100,1,1,3,2
LC4,LT61b,DNp04,1,1,267,2
LPLC2,LC11,DNpe021,2,2,2,2
LPLC2,LoVC18,DNp30,2,2,12,2
LPLC2,PVLP209m,DNd05,1,1,6,2
LC4,CB4103,DNg02_f,1,1,63,2
LC4,LT61b,DNp64,1,2,534,2
LC4,LT61b,DNpe031,1,2,80,2
LPLC2,LC10d,aSP22,1,1,1,2
LC4,AN07B004,DNc01,1,1,3,2
LPLC2,LAL301m,DNde002,1,1,12,2
LC4,LT64,DNp57,1,1,1,2
LC4,CB4103,DNg13,2,2,54,2
LPLC2,LAL136_b,DNa13,1,2,4,2
LPLC2,PVLP108,DNpe031,1,1,1,2
LC4,LT77,DNg79,1,1,1,2
LPLC2,PVLP108,DNpe021,1,1,1,2
LC4,CB4103,DNae009,1,1,51,2
LPLC2,LAL047,DNg32,1,1,15,2
LC4,LT77,DNp03,1,1,1,2
LC4,LT77,DNp06,1,1,4,2
LC4,LT77,DNp27,1,1,1,2
LPLC2,LAL026_b,DNpe040,1,1,2,2
LPLC2,LAL026_b,DNpe005,1,1,2,2
LPLC2,LAL026_b,DNp63,1,1,2,2
LPLC2,LAL026_b,DNp59,1,1,2,2
LPLC2,LAL026_b,DNp15,1,1,2,2
LC4,CB4103,DNae005,1,1,3,2
LC4,LT78,DNp03,1,1,1,2
LC4,LT77,DNbe007,2,2,3,2
LPLC2,LAL136_b,DNa15,1,1,2,2
LPLC2,LAL301m,DNb08,1,1,12,2
LC4,AN07B004,DNg94,1,1,3,2
LC4,LT64,DNpe005,2,2,2,2
LC4,LT64,DNpe026,1,1,1,2
LC4,LT64,DNpe037,2,2,2,2
LC4,CB4103,DNg01_a,1,1,12,2
LC4,LT65,DNd03,1,1,2,2
LC4,LT65,DNp27,1,1,2,2
LC4,LT66,DNg40,1,1,63,2
LPLC2,LAL300m,DNge138,1,1,19,2
LC4,CB4103,DNbe003,2,2,90,2
LC4,AN07B004,DNg59,1,1,3,2
LC4,AN07B004,DNg73,1,1,3,2
LC4,LT73,DNpe056,1,1,6,2
LPLC2,LAL136_b,DNp06,1,1,2,2
LPLC2,LAL136_b,DNb01,1,1,2,2
LPLC2,LAL136_b,DNae010,1,1,2,2
LPLC2,LC14a-1,DNp04,1,1,16,2
LC4,LT61a,DNde001,1,1,11,2
LC4,AN01A055,DNge012,1,1,1,2
LC4,AN01A055,DNge124,1,1,1,2
LPLC2,PVLP206m,DNp71,1,1,120,2
LC4,AN01A055,DNge133,1,2,2,2
LPLC2,LC22,DNge041,2,2,9,2
LPLC2,LC22,DNg79,2,2,3,2
LC4,LT41,MDN,2,2,21,2
LC4,CB4118,DNp73,2,2,6,2
LPLC2,LC22,DNb01,2,2,4,2
LPLC2,WED210,DNg82,1,1,1,2
LC4,LT47,DNb05,2,2,3,2
LPLC2,LC20b,DNpe021,2,2,3,2
LC4,LT47,DNd03,1,1,2,2
LPLC2,LC20b,DNp27,2,2,2,2
LPLC2,LC20b,DNp11,1,1,1,2
LPLC2,PVLP114,DNd03,1,1,46,2
LPLC2,LC19,DNpe017,2,2,16,2
LPLC2,LC22,DNp102,2,2,10,2
LC4,LT41,DNa01,1,1,14,2
LC4,CB4118,DNp30,2,2,3,2
LC4,LT40,DNpe050,1,1,17,2
LPLC2,PVLP114,DNge103,1,2,92,2
LC4,LT40,DNg111,2,2,34,2
LPLC2,LC23,DNbe007,2,2,4,2
LC4,AN01A055,DNge060,1,2,2,2
LPLC2,LC23,DNb01,1,1,5,2
LPLC2,PVLP206m,DNp62,2,2,312,2
LC4,LT40,DNge060,1,1,17,2
LPLC2,PVLP114,DNge073,1,1,46,2
LC4,LT40,DNp27,1,1,17,2
LC4,LT40,DNp45,1,1,17,2
LC4,LT40,DNp63,1,1,17,2
LPLC2,PVLP114,DNge048,1,2,92,2
LC4,AN01A055,DNge101,1,1,1,2
LPLC2,LC22,DNpe017,1,1,3,2
LPLC2,LC22,DNpe016,2,2,11,2
LC4,LT47,DNpe002,2,2,3,2
LC4,CB4118,DNp10,2,2,7,2
LPLC2,PVLP112,DNp27,2,2,519,2
LC4,LT51,DNge040,2,2,2,2
LC4,CB4103,DNpe010,2,2,51,2
LC4,AN07B004,DNae002,1,1,3,2
LC4,CB4103,DNp18,2,2,56,2
LPLC2,LC18,DNp27,2,2,2,2
LPLC2,PVLP209m,DNae005,1,1,3,2
LPLC2,PVLP209m,DNae007,1,1,6,2
LC4,CB4103,DNg82,1,1,63,2
LPLC2,LC15,DNpe052,2,2,2,2
LPLC2,PVLP114,CB0429,1,1,46,2
LPLC2,LoVC18,DNp104,2,2,10,2
LPLC2,LoVC18,DNp12,2,2,10,2
LPLC2,LC14a-2,DNg35,1,1,2,2
LPLC2,LoVC18,DNp15,1,1,5,2
LPLC2,PVLP112,DNpe040,1,1,1,2
LPLC2,PVLP112,DNp35,2,2,564,2
LC4,LT51,DNge043,1,1,2,2
LPLC2,LoVC18,DNp08,2,2,8,2
LPLC2,PVLP114,DNb01,1,1,46,2
LPLC2,WED210,DNg36_a,1,1,1,2
LPLC2,PVLP114,DNae009,1,1,46,2
LC4,AN01A055,DNpe016,1,1,1,2
LC4,LT51,DNae006,2,2,6,2
LC4,LT51,DNae008,2,2,5,2
LC4,LT51,DNb02,2,2,3,2
LC4,LT51,DNb05,1,1,2,2
LPLC2,PVLP114,DNae007,1,1,46,2
LPLC2,LC19,DNg82,1,1,11,2
LPLC2,LC19,DNg01_d,2,2,14,2
LPLC2,LC19,DNg01_c,1,1,6,2
LC4,LT51,DNg107,1,1,1,2
LC4,LT51,DNg35,1,1,1,2
LC4,LT51,DNg64,1,1,1,2
LC4,CB4103,aSP22,2,2,102,2
LPLC2,LC19,DNae006,1,1,6,2
LPLC2,SAD013,DNge133,1,1,15,2
LPLC2,LoVP108,DNge032,1,1,2,2
LC4,AVLP610,DNp08,1,2,140,2
LC4,SAD023,DNge184,2,2,262,2
LC4,AVLP342,DNp27,1,1,1,2
LPLC2,PPM1203,DNp103,1,1,3,2
LC4,AVLP149,DNge138,1,1,60,2
LC4,SAD014,DNpe042,2,2,17,2
LC4,PVLP022,DNae001,1,1,804,2
LC4,SAD014,pIP1,1,1,6,2
LPLC2,AVLP370_a,DNde002,1,1,61,2
LPLC2,AVLP370_a,DNg40,1,1,147,2
LC4,PVLP022,DNa02,1,1,804,2
LPLC2,AVLP370_a,DNp34,1,1,147,2
LC4,SAD021_a,DNge130,1,1,5,2
LPLC2,,DNpe010,1,1,29,2
LPLC2,PPM1203,DNp29,1,1,3,2
LPLC2,AVLP370_a,DNp46,1,1,147,2
LPLC2,MeVPLp1,DNb06,1,1,5,2
LC4,AVLP149,DNg03,2,2,20,2
LPLC2,LoVP89,DNge129,1,1,1,2
LC4,AVLP126,DNpe052,1,1,4,2
LPLC2,AVLP370_a,aSP22,1,1,61,2
LC4,SAD021_a,DNp32,1,1,5,2
LC4,PVLP021,DNp31,1,1,697,2
LPLC2,,DNp63,1,1,29,2
LC4,SAD021_a,DNp55,1,1,5,2
LPLC2,OLVC5,DNg75,2,2,4,2
LPLC2,AVLP396,DNbe002,1,1,497,2
LPLC2,PPM1203,DNp64,1,1,3,2
LC4,SAD023,DNge145,1,1,40,2
LC4,AVLP342,DNp11,1,1,1,2
LC4,AVLP149,DNp06,2,2,83,2
LC4,SAD014,DNp69,1,1,11,2
LC4,SAD013,DNpe017,1,1,103,2
LPLC2,SAD049,DNge089,1,1,10,2
LPLC2,AVLP331a,DNp27,1,1,124,2
LPLC2,PPM1203,DNg30,1,2,6,2
LPLC2,LoVP90a,DNp57,1,1,3,2
LPLC2,VS,DNa06,1,1,2,2
LPLC2,AVLP339,DNg24,1,1,7,2
LPLC2,WED015,DNp09,1,1,2,2
LPLC2,5-HTPLP01,DNp30,1,1,3,2
LC4,SAD013,DNp38,1,1,95,2
LPLC2,LoVP90a,DNp08,1,1,3,2
LC4,AVLP746m,DNg29,1,1,4,2
LPLC2,LoVP90a,DNge060,1,1,3,2
LC4,AVLP149,DNp43,1,1,60,2
LPLC2,AVLP340,DNpe052,2,2,1234,2
LC4,SAD013,DNpe021,1,1,103,2
LPLC2,5-HTPLP01,DNg104,1,1,3,2
LPLC2,AVLP339,DNpe043,2,2,39,2
LPLC2,,pIP10,1,1,29,2
LPLC2,AVLP340,DNp101,2,2,1234,2
LC4,PVLP022,DNg29,1,1,807,2
LPLC2,LoVP89,DNpe052,1,1,1,2
LC4,AVLP342,DNp02,1,1,1,2
LPLC2,OLVC5,DNge032,1,1,3,2
LC4,AVLP342,DNp06,1,1,1,2
LC4,SAD014,DNp04,2,2,24,2
LPLC2,PPM1203,DNp09,1,1,3,2
LC4,PVLP021,DNp13,1,1,912,2
LPLC2,T2a,DNp30,1,1,1,2
LC4,PVLP017,DNpe021,2,2,62,2
LPLC2,SAD049,DNg51,1,1,30,2
LPLC2,PPM1203,pIP1,1,1,3,2
LPLC2,AVLP398,DNg70,1,1,1,2
LC4,AVLP396,DNp23,1,1,3,2
LC4,SAD044,DNg31,1,1,4,2
LC4,AVLP746m,pIP1,1,1,4,2
LPLC2,AVLP398,DNge010,1,1,1,2
LC4,PVLP019,DNp09,1,1,197,2
LPLC2,AVLP398,DNge075,1,1,1,2
LPLC2,AVLP398,DNp02,1,1,1,2
LPLC2,AVLP398,DNp103,1,1,1,2
LPLC2,AVLP398,DNp30,1,1,1,2
LC4,PVLP019,DNp01,2,2,472,2
LC4,PVLP018,DNpe052,2,2,57,2
LPLC2,AVLP398,DNpe052,1,1,1,2
LPLC2,PS001,DNb05,1,1,1,2
LC4,PVLP018,DNpe025,2,2,57,2
LPLC2,PS001,DNbe002,1,2,2,2
LC4,SAD044,DNge010,1,1,4,2
LPLC2,T4b,DNp27,2,2,2,2
LC4,PVLP018,DNp02,1,1,33,2
LC4,PVLP017,DNpe045,1,1,20,2
LPLC2,,DNge107,1,1,29,2
LPLC2,WED029,DNp35,1,1,1,2
LPLC2,PS001,DNge099,1,1,1,2
LPLC2,AVLP429,DNp27,2,2,52,2
LC4,PVLP017,DNpe026,1,1,20,2
LPLC2,OLVC5,DNb02,1,2,6,2
LPLC2,LoVP89,DNg34,1,1,1,2
LC4,SAD044,DNde006,2,2,7,2
LC4,SAD044,DNd02,2,2,7,2
LPLC2,,DNp27,2,2,5,2
LC4,AVLP746m,DNp55,1,1,4,2
LC4,AVLP531,DNp68,1,1,9,2
LC4,PVLP021,DNge011,2,2,1826,2
LPLC2,,DNp36,1,1,29,2
LC4,AVLP126,DNp55,2,2,54,2
LC4,AVLP342,DNpe042,1,1,1,2
LC4,PVLP021,DNg01_b,1,1,697,2
LC4,PVLP021,DNde006,1,1,1110,2
LPLC2,OLVC5,DNg32,1,1,3,2
LC4,AVLP531,DNp54,1,1,9,2
LPLC2,WED029,DNg40,2,2,12,2
LPLC2,MeVPLp1,DNg09_a,1,1,1,2
LPLC2,LoVP89,DNge060,1,1,1,2
LPLC2,AVLP398,DNde001,1,1,1,2
LPLC2,AVLP396,DNpe037,1,1,497,2
LPLC2,OLVC5,DNg12_d,1,1,3,2
LC4,SAD044,DNae006,1,1,3,2
LPLC2,PPM1203,DNpe042,1,1,3,2
LC4,SAD044,DNae009,2,2,7,2
LC4,SAD044,DNbe001,1,1,4,2
LC4,AVLP531,DNp47,1,1,9,2
LC4,AVLP396,DNp09,1,1,3,2
LPLC2,AVLP396,pIP10,1,2,994,2
LPLC2,AVLP398,DNd03,1,1,1,2
LPLC2,,DNp101,2,2,10,2
LPLC2,PPM1203,DNpe056,1,1,3,2
LPLC2,LoVP90a,DNpe002,1,1,3,2
LC4,PVLP022,DNp57,2,2,1611,2
LC4,PVLP022,DNp66,1,1,1167,2
LPLC2,AVLP322,DNp27,1,1,3,2
LC4,AVLP536,DNp45,1,1,3,2
LPLC2,AVLP205,DNpe031,2,2,27,2
LPLC2,LoVP92,DNp08,1,1,2,2
LPLC2,AVLP205,DNpe056,2,2,27,2
LC4,PVLP031,DNp10,2,2,30,2
LPLC2,SAD049,DNp05,1,1,10,2
LC4,SAD013,DNg95,1,1,95,2
LPLC2,MeVP53,DNc02,1,1,2,2
LC4,SAD013,DNg97,1,1,103,2
LC4,AVLP711m,DNg101,1,1,24,2
LPLC2,5-HTPMPV03,DNb06,2,2,12,2
LPLC2,PLP017,DNbe001,1,1,7,2
LPLC2,OLVC5,DNpe050,1,1,3,2
LC4,AVLP201,DNp02,1,1,2,2
LPLC2,AVLP258,DNp27,2,2,796,2
LC4,PVLP031,DNg56,2,2,58,2
LC4,AVLP711m,DNg98,1,1,24,2
LPLC2,AVLP258,DNp34,2,2,796,2
LPLC2,5-HTPMPV03,DNb01,2,2,12,2
LC4,PVLP031,DNg30,2,2,58,2
LC4,SAD013,DNge049,1,1,103,2
LC4,AVLP201,DNge032,2,2,10,2
LC4,PVLP031,DNa03,1,1,14,2
LC4,AVLP201,DNg104,1,1,2,2
LPLC2,AVLP258,DNpe052,1,1,448,2
LPLC2,5-HTPMPV03,DNae008,2,2,12,2
LC4,AVLP711m,DNp06,1,1,24,2
LC4,SAD013,DNg32,2,2,198,2
LC4,PVLP031,DNp18,1,1,14,2
LC4,PVLP031,DNp55,1,1,14,2
LC4,PVLP034,DNa11,2,2,5,2
LPLC2,5-HTPMPV03,DNg05_c,2,2,12,2
LPLC2,AVLP204,DNp66,2,2,30,2
LPLC2,PLP230,DNg02_d,1,1,24,2
LPLC2,AVLP204,DNpe056,2,2,30,2
LPLC2,AVLP204,pIP1,2,2,30,2
LC4,SAD013,DNa04,1,1,95,2
LC4,AVLP201,DNp43,1,1,8,2
LC4,PVLP034,DNge099,1,1,1,2
LC4,PVLP034,DNge054,1,1,1,2
LC4,SAD013,DNae001,1,1,103,2
LPLC2,PLP230,DNg03,1,1,24,2
LPLC2,PLP018,DNa02,1,1,1,2
LC4,SAD013,DNb02,2,2,198,2
LC4,SAD013,DNg24,1,1,95,2
LPLC2,PLP230,DNg97,1,1,24,2
LC4,AVLP536,pIP1,1,1,2,2
LC4,AVLP610,MDN,2,2,105,2
LC4,SAD013,DNbe007,1,1,95,2
LC4,SAD013,DNde003,2,2,198,2
LC4,PVLP031,DNpe045,1,2,72,2
LPLC2,AVLP205,DNp34,2,2,17,2
LPLC2,5-HTPMPV03,DNg01_unclear,1,1,9,2
LPLC2,PLP017,DNpe037,1,1,7,2
LPLC2,5-HTPMPV03,DNg01_a,1,1,9,2
LC4,AVLP610,pIP1,1,1,35,2
LC4,AVLP201,DNp32,1,2,4,2
LC4,PVLP028,DNp66,2,2,12,2
LC4,AVLP201,DNd03,2,2,10,2
LPLC2,AVLP259,DNp03,1,1,121,2
LC4,PVLP024,DNp42,1,1,2173,2
LPLC2,5-HTPMPV03,DNa04,2,2,12,2
LPLC2,MeVP53,DNg40,1,1,2,2
LC4,SAD013,DNge127,1,1,95,2
LC4,SAD013,DNge133,1,1,103,2
LC4,PVLP025,DNp18,1,1,4,2
LPLC2,PLP256,DNg90,1,1,2,2
LC4,PVLP025,DNp06,2,2,39,2
LPLC2,LoVP90c,DNge138,1,1,4,2
LC4,PVLP025,DNp01,1,1,17,2
LPLC2,AVLP314,DNpe053,1,1,1,2
LPLC2,AVLP316,CB0429,1,1,68,2
LPLC2,PLP256,DNge141,1,1,2,2
LPLC2,SIP108m,DNp60,1,1,1,2
LC4,PVLP026,DNpe045,2,2,326,2
LPLC2,WED015,DNp04,1,1,5,2
LC4,AVLP536,DNc01,1,1,2,2
LC4,AVLP746m,DNae001,1,1,4,2
LPLC2,AVLP316,DNp67,1,1,14,2
LC4,SAD013,DNp09,1,1,95,2
LPLC2,AVLP316,DNp71,1,1,43,2
LPLC2,LoVP90c,DNb05,1,1,4,2
LPLC2,PPM1203,DNg104,1,1,3,2
LC4,AVLP149,DNpe021,1,1,19,2
LC4,AVLP149,DNpe006,2,2,62,2
LC4,PVLP022,DNp71,2,2,1974,2
LPLC2,AVLP322,DNp103,1,1,3,2
LC4,PVLP026,DNpe040,1,1,192,2
LPLC2,SAD049,DNge119,2,2,40,2
LC4,PVLP028,DNp43,2,2,17,2
LC4,AVLP711m,DNp103,1,1,24,2
LPLC2,PLP230,DNp102,1,1,24,2
LC4,PVLP028,DNp01,1,1,9,2
LPLC2,AVLP259,DNp27,2,2,221,2
LC4,AVLP152,pIP1,1,1,6,2
LC4,PVLP028,DNg104,2,2,17,2
LPLC2,PLP230,DNp45,1,1,24,2
LPLC2,AVLP259,DNpe021,2,2,221,2
LPLC2,LoVP92,DNg01_a,1,1,2,2
LC4,SAD013,DNge072,2,2,198,2
LC4,PVLP027,DNp66,1,1,36,2
LPLC2,5-HTPMPV03,DNae002,1,2,18,2
LPLC2,5-HTPMPV03,DNa16,2,2,12,2
LPLC2,AVLP259,DNpe056,1,1,121,2
LPLC2,SAD049,DNge130,2,2,40,2
LC4,SAD013,DNge089,1,1,103,2
LPLC2,5-HTPMPV03,DNa08,2,2,12,2
LPLC2,5-HTPMPV03,DNa07,1,2,18,2
LC4,AVLP152,DNpe052,2,2,24,2
LPLC2,AVLP285,DNge141,1,1,5,2
LPLC2,PLP256,CB0429,1,1,2,2
LC4,PVLP027,DNp11,1,1,36,2
LPLC2,AVLP285,DNp30,1,1,5,2
LC4,AVLP711m,DNp34,1,1,24,2
LPLC2,5-HTPMPV03,DNa05,1,2,6,2
LPLC2,LoVP92,DNae005,2,2,2,2
LPLC2,AVLP285,DNpe031,1,1,5,2
LPLC2,AVLP429,DNp43,1,1,28,2
LC4,AVLP762m,DNpe052,1,1,1,2
LC4,CB1314,DNd03,2,2,5,2
LPLC2,SAD044,DNge104,1,1,1,2
LC4,WED196,DNp29,1,2,4,2
LC4,SAD055,DNg56,1,1,33,2
LC4,PS306,DNpe023,2,2,45,2
LC4,PS306,DNpe009,1,1,25,2
LPLC2,AVLP476,DNpe025,1,1,7,2
LPLC2,AVLP476,DNpe026,1,1,7,2
LC4,PS306,DNp36,2,2,45,2
LC4,WED196,DNge145,1,2,4,2
LPLC2,LoVP85,DNge138,2,2,31,2
LC4,PS306,DNp31,2,2,45,2
LPLC2,OA-VUMa4,DNpe045,2,2,138,2
LC4,AVLP429,DNpe053,1,1,212,2
LC4,PS306,DNp26,2,2,45,2
LPLC2,AVLP476,DNpe045,1,1,7,2
LC4,PS306,DNp102,1,1,25,2
LPLC2,AVLP479,DNg30,2,2,2881,2
LPLC2,AVLP479,DNp27,2,2,2524,2
LPLC2,LoVP85,DNg90,2,2,31,2
LPLC2,AVLP479,DNp35,2,2,2098,2
LC4,CB0414,DNg29,1,1,24,2
LC4,PS306,DNge175,1,1,20,2
LC4,WED196,DNge090,1,1,2,2
LC4,SAD055,DNp18,1,1,66,2
LPLC2,AVLP490,DNp66,2,2,9,2
LC4,AVLP430,DNge054,2,2,434,2
LPLC2,MeVPLp1,DNge145,1,1,1,2
LC4,CB0440,DNd03,1,1,2,2
LC4,SAD053,DNp12,1,1,9,2
LC4,PS306,DNpe045,2,2,45,2
LC4,AVLP502,DNpe024,1,1,2,2
LPLC2,LoVP85,DNp19,2,2,31,2
LPLC2,AVLP476,DNg93,1,1,7,2
LC4,PVLP010,DNp12,1,1,938,2
LPLC2,LoVP85,DNp42,2,2,31,2
LC4,CB0206,DNge017,1,1,2,2
LPLC2,AVLP476,DNge136,1,2,14,2
LPLC2,LoVP85,DNp36,1,1,20,2
LC4,PVLP010,DNp05,2,2,2176,2
LPLC2,AVLP476,DNge174,1,1,7,2
LC4,SAD053,DNge038,1,1,9,2
LPLC2,AVLP476,DNp01,1,1,7,2
LC4,AVLP429,DNp71,1,1,212,2
LC4,PVLP010,DNge138,1,1,1238,2
LPLC2,OLVC2,DNbe007,1,1,3,2
LPLC2,AVLP476,DNp62,1,2,14,2
LPLC2,SAD044,DNge138,1,1,1,2
LPLC2,PS171,DNg79,1,1,3,2
LC4,PVLP010,DNge054,2,2,2176,2
LPLC2,AVLP476,DNp11,1,1,7,2
LPLC2,PS171,DNg92_b,1,1,3,2
LC4,PVLP010,DNge031,1,1,1238,2
LPLC2,AVLP476,DNp27,1,2,14,2
LC4,PVLP010,DNg74_a,1,1,1238,2
LC4,CB0206,DNpe016,1,1,2,2
LPLC2,AVLP476,DNp34,1,1,7,2
LPLC2,AVLP476,DNp43,1,1,7,2
LC4,CB0206,DNpe037,1,1,2,2
LC4,PS306,DNge046,2,2,45,2
LC4,AVLP109,DNp45,1,1,3,2
LPLC2,AVLP429,DNp71,1,1,28,2
LC4,WED196,DNg29,1,2,4,2
LC4,WED193,DNg30,1,1,21,2
LPLC2,AVLP500,DNp66,1,1,1076,2
LC4,SAD064,DNge031,1,1,111,2
LC4,WED193,DNg105,1,1,21,2
LC4,PS306,DNb07,2,2,45,2
LC4,SAD064,DNge138,1,2,100,2
LC4,CB1280,DNg56,1,1,89,2
LPLC2,AVLP501,DNa02,1,1,2,2
LC4,AVLP430,DNp70,1,1,219,2
LC4,AVLP430,DNp71,1,1,219,2
LC4,PS306,DNae003,1,1,20,2
LPLC2,SAD044,DNg30,1,1,1,2
LPLC2,AVLP501,DNp30,1,1,2,2
LPLC2,AVLP501,DNp34,1,1,2,2
LPLC2,AVLP501,DNp55,1,1,2,2
LC4,AVLP109,DNp09,1,1,3,2
LC4,WED189,DNge133,1,1,5,2
LPLC2,AVLP501,DNpe052,1,1,2,2
LC4,AVLP430,DNpe042,1,1,219,2
LC4,AVLP502,DNp01,1,2,4,2
LPLC2,AVLP501,DNpe056,1,1,2,2
LPLC2,Tm12,DNp27,2,2,2,2
LC4,AVLP502,DNa14,1,1,2,2
LPLC2,LoVP62,DNp27,1,1,2,2
LPLC2,PS181,DNge017,2,2,34,2
LPLC2,PS181,DNge119,1,1,16,2
LC4,AVLP451,DNp11,1,1,1,2
LPLC2,PS181,DNg04,1,1,16,2
LPLC2,LoVP85,DNb01,1,2,40,2
LC4,CB1280,DNg24,2,2,155,2
LPLC2,PS181,DNg01_a,2,2,34,2
LC4,SAD055,DNp30,2,2,99,2
LPLC2,SAD044,DNge090,1,1,1,2
LC4,PS306,DNge014,2,2,45,2
LPLC2,LoVP85,DNc01,1,1,11,2
LC4,CB0440,DNp06,1,1,2,2
LPLC2,AVLP492,DNp27,2,2,2,2
LC4,AVLP502,DNp27,1,1,2,2
LPLC2,AVLP492,DNp35,1,1,1,2
LPLC2,AVLP492,DNp45,1,1,1,2
LPLC2,AVLP492,DNp49,1,1,1,2
LPLC2,AVLP492,DNp59,1,1,1,2
LPLC2,AVLP492,DNp66,1,1,1,2
LC4,CB0738,DNp55,1,1,64,2
LC4,PS306,DNg107,2,2,45,2
LC4,PS306,DNg41,1,2,40,2
LC4,PS306,DNg40,2,2,45,2
LC4,AVLP109,DNp42,1,1,3,2
LPLC2,MeVPLp1,DNge176,1,1,5,2
LC4,AVLP430,DNp27,2,2,434,2
LPLC2,AVLP500,DNd03,1,1,1642,2
LC4,AVLP430,DNp29,1,1,219,2
LC4,CB0738,DNp69,1,1,64,2
LC4,SAD064,DNg01_b,1,1,340,2
LPLC2,OA-VUMa4,DNpe025,1,2,158,2
LC4,AVLP109,DNp32,1,1,3,2
LC4,SAD064,DNg81,1,1,340,2
LC4,SAD053,DNg35,1,1,8,2
LPLC2,AVLP476,DNg88,1,1,7,2
LPLC2,AVLP476,DNg74_b,1,2,14,2
LC4,SAD053,DNg29,2,2,17,2
LPLC2,LoVP86,DNp16_a,1,1,1,2
LC4,PVLP015,DNp63,2,2,833,2
LC4,SAD044,DNpe025,1,2,6,2
LC4,PVLP015,DNp55,2,2,833,2
LC4,SAD044,DNpe052,1,1,4,2
LC4,AVLP531,DNp03,1,1,9,2
LC4,SAD049,DNg51,1,1,57,2
LC4,PVLP015,DNp27,2,2,833,2
LPLC2,AVLP437,DNp27,2,2,5,2
LPLC2,,DNg01_unclear,1,1,4,2
LC4,SAD049,DNge089,1,1,51,2
LPLC2,PS001,DNp54,1,1,1,2
LPLC2,UNKNOWN,DNpe052,1,1,2,2
LPLC2,PS001,DNp57,1,1,1,2
LC4,PVLP015,DNge119,1,1,541,2
LC4,AVLP120,DNp64,1,1,1,2
LPLC2,AVLP437,DNp70,2,2,5,2
LPLC2,AVLP437,DNp71,2,2,5,2
LPLC2,PS001,DNp59,1,1,1,2
LC4,PVLP015,DNge103,1,1,541,2
LPLC2,AVLP437,DNpe039,1,1,3,2
LC4,PVLP015,DNge054,1,1,541,2
LPLC2,AVLP437,DNpe043,1,1,3,2
LC4,PVLP015,DNge032,1,1,541,2
LPLC2,OLVC3,DNg95,1,1,1,2
LC4,PVLP015,DNg02_f,1,1,292,2
LC4,PVLP015,DNg01_unclear,1,1,292,2
LPLC2,,DNg106,2,2,2,2
LPLC2,PS001,DNp31,1,1,1,2
LC4,PVLP015,DNp70,1,2,584,2
LPLC2,AVLP430,DNp29,1,1,68,2
LPLC2,PS001,DNp03,1,1,1,2
LC4,PVLP017,DNp27,1,1,20,2
LC4,PVLP017,DNp02,1,1,20,2
LPLC2,AVLP429,DNpe053,1,1,28,2
LC4,SAD044,DNge104,1,1,4,2
LC4,PVLP017,DNg40,1,1,20,2
LC4,SAD044,DNge119,1,1,4,2
LPLC2,OLVC5,DNae002,1,1,3,2
LPLC2,OLVC5,DNae001,1,1,3,2
LPLC2,AVLP430,DNge054,2,2,145,2
LPLC2,LoVP86,DNp72,1,1,1,2
LPLC2,AVLP430,DNp27,2,2,145,2
LC4,PVLP015,DNpe055,1,1,541,2
LC4,SAD044,DNpe003,1,1,3,2
LC4,PVLP015,DNpe042,1,1,292,2
LC4,SAD044,DNge147,1,1,4,2
LC4,SAD044,DNge149,1,1,4,2
LPLC2,AVLP430,DNp70,1,1,68,2
LPLC2,AVLP430,DNp71,1,1,68,2
LPLC2,,DNg33,1,1,1,2
LPLC2,AVLP430,DNpe042,1,1,68,2
LC4,CB0115,DNg104,2,2,2,2
LPLC2,PS001,DNp11,1,1,1,2
LPLC2,AVLP437,DNd03,1,1,2,2
LPLC2,AVLP437,DNd04,1,1,2,2
LC4,SAD044,DNp34,1,1,4,2
LC4,SAD049,DNge119,2,2,108,2
LPLC2,AVLP449,DNp09,1,1,1,2
LC4,CB0115,DNpe025,2,2,2,2
LPLC2,MeVPLp1,DNge046,1,1,5,2
LC4,SAD049,DNpe021,2,2,108,2
LC4,AVLP429,DNp27,2,2,409,2
LPLC2,LoVP85,DNpe022,2,2,31,2
LC4,AVLP120,DNge018,1,1,1,2
LC4,PVLP011,DNa02,2,2,1011,2
LC4,PVLP128,DNpe057,2,2,6,2
LPLC2,AVLP452,DNpe037,1,1,2,2
LPLC2,LoVP85,DNpe015,1,1,11,2
LPLC2,,DNa14,2,2,5,2
LC4,PVLP010,DNpe050,1,1,1238,2
LC4,SAD049,DNpe056,1,1,57,2
LC4,PVLP010,DNpe045,1,1,938,2
LC4,PVLP010,DNpe040,2,2,2176,2
LC4,CB0206,DNa02,1,2,4,2
LPLC2,LoVP85,DNpe006,1,1,20,2
LPLC2,LoVP85,DNp68,1,1,11,2
LPLC2,AVLP476,DNg09_a,1,1,7,2
LPLC2,LoVP85,DNp63,2,2,31,2
LPLC2,LoVP85,DNp59,2,2,31,2
LPLC2,PS171,DNg109,1,1,3,2
LPLC2,PS171,DNg13,1,1,3,2
LPLC2,PS171,DNg44,1,1,3,2
LPLC2,OLVC2,DNge083,1,1,4,2
LC4,AVLP429,DNp43,1,1,212,2
LC4,CB0206,DNg82,1,1,2,2
LC4,SAD053,DNg105,1,1,8,2
LC4,PVLP011,DNge054,1,1,417,2
LC4,SAD049,DNp73,1,1,51,2
LC4,AVLP120,DNp38,1,1,1,2
LC4,AVLP531,DNd02,1,1,9,2
LC4,PVLP015,DNae009,1,1,292,2
LPLC2,AVLP449,DNpe026,1,1,1,2
LC4,SAD049,DNge130,2,2,108,2
LPLC2,,DNd03,2,2,14,2
LPLC2,AVLP449,DNpe045,1,1,1,2
LC4,AVLP531,DNg111,1,1,9,2
LPLC2,AVLP452,DNb08,1,2,4,2
LC4,PVLP014,DNp04,1,1,2,2
LC4,PVLP014,,1,1,2,2
LC4,PVLP013,DNpe025,1,1,23,2
LPLC2,LoVP85,pIP1,2,2,31,2
LC4,SAD049,DNp05,1,1,51,2
LPLC2,AVLP452,DNge049,1,1,2,2
LPLC2,AVLP452,DNp55,1,1,2,2
LPLC2,AVLP452,DNge053,1,1,2,2
LPLC2,LoVP85,DNpe043,2,2,31,2
LPLC2,T5c,DNp27,2,2,2,2
LC4,AVLP120,DNp103,1,1,1,2
LC4,AVLP120,DNp05,1,1,1,2
LPLC2,AVLP452,DNp08,1,1,2,2
LPLC2,AVLP452,DNp102,1,1,2,2
LC4,AVLP120,DNge135,1,1,1,2
LC4,CB0154,DNpe037,1,1,2,2
LC4,SAD049,DNp55,1,1,51,2
LPLC2,OLVC3,DNb01,1,1,1,2
LPLC2,PS001,aSP22,1,2,2,2
LC4,SAD011,DNpe040,1,1,1,2
LC4,PVLP034,DNp55,2,2,5,2
LC4,SAD011,DNpe039,1,1,1,2
LPLC2,MeLo12,DNp27,2,2,2,2
LPLC2,AVLP076,DNp45,1,1,9,2
LC4,PVLP137,DNp34,1,2,580,2
LC4,PVLP111,DNpe052,2,2,5,2
LPLC2,AN27X011,DNg100,1,1,1,2
LC4,AVLP259,DNp03,1,1,484,2
LPLC2,AN27X011,DNg08,1,1,1,2
LPLC2,PLP170,DNp07,1,1,1,2
LPLC2,MeVP18,DNge141,2,2,21,2
LC4,PVLP137,DNp52,1,1,565,2
LPLC2,PLP211,CB0429,2,2,155,2
LC4,AVLP258,DNpe052,1,1,12,2
LPLC2,VST1,DNp72,1,1,1,2
LC4,PVLP137,DNp64,2,2,855,2
LC4,AVLP258,DNp34,2,2,15,2
LPLC2,AVLP076,DNpe045,2,2,12,2
LPLC2,PLP059,DNpe050,1,1,2,2
LC4,PVLP137,DNp71,1,1,565,2
LC4,PVLP100,DNpe056,2,2,236,2
LC4,PVLP100,DNpe052,1,1,24,2
LPLC2,AVLP076,pMP2,1,1,3,2
LC4,PVLP100,DNpe045,1,1,64,2
LC4,PVLP137,DNpe026,1,1,290,2
LC4,PVLP137,DNpe031,1,1,290,2
LPLC2,AVLP077,DNp103,1,1,1,2
LC4,AVLP258,DNp27,2,2,15,2
LC4,PVLP100,DNp64,1,1,24,2
LC4,PVLP100,DNp63,1,1,172,2
LPLC2,PLP059,pIP1,1,1,2,2
LC4,PVLP112,DNp27,1,1,17,2
LPLC2,AN27X011,DNg111,1,1,1,2
LPLC2,AVLP040,DNpe053,1,1,6,2
LC4,AVLP593,DNp38,1,1,3,2
LPLC2,SAD064,DNp42,2,2,36,2
LPLC2,AVLP040,DNp71,1,1,6,2
LC4,AVLP593,DNp35,1,1,3,2
LC4,PVLP122,DNa11,2,2,1021,2
LPLC2,MeVP18,DNb05,1,1,17,2
LC4,PVLP120,DNpe056,1,1,148,2
LPLC2,PLP093,DNpe024,1,1,10,2
LC4,PVLP137,DNge138,1,1,565,2
LPLC2,AVLP040,DNpe040,2,2,9,2
LPLC2,AN27X011,DNg49,1,1,1,2
LC4,PVLP120,DNpe031,1,1,118,2
LPLC2,PLP060,DNa11,1,1,11,2
LPLC2,AVLP076,DNp23,2,2,12,2
LPLC2,MeLo9,DNp30,2,2,5,2
LC4,AVLP299_d,DNpe056,1,1,1,2
LC4,PVLP137,DNp05,1,1,565,2
LC4,PVLP137,DNp09,1,1,290,2
LPLC2,MeLo8,DNp30,2,2,2,2
LPLC2,AVLP076,DNge032,1,1,3,2
LC4,PVLP120,DNp06,1,1,148,2
LC4,AVLP259,DNpe021,2,2,1285,2
LC4,PVLP137,DNp14,2,2,855,2
LC4,AVLP609,DNge141,1,1,2,2
LC4,PVLP113,DNp35,2,2,20,2
LC4,AVLP259,DNp27,2,2,1285,2
LPLC2,AVLP077,DNp64,1,1,1,2
LC4,PVLP137,DNpe042,1,2,1130,2
LPLC2,AVLP204,DNp11,1,1,26,2
LPLC2,MeLo12,DNp11,2,2,4,2
LC4,PVLP100,DNbe002,2,2,236,2
LC4,AVLP205,DNpe052,1,1,5,2
LPLC2,MBON33,DNp103,1,1,1,2
LC4,AVLP205,DNpe025,1,1,5,2
LC4,AVLP610,DNae007,2,2,105,2
LPLC2,AVLP079,DNp45,1,1,9,2
LC4,AVLP593,DNge075,1,1,3,2
LC4,PVLP141,DNg52,1,2,1626,2
LC4,PVLP100,DNa10,2,2,196,2
LC4,PVLP096,DNpe040,1,1,7,2
LC4,PVLP141,DNg75,1,1,726,2
LC4,AVLP593,DNge053,1,1,3,2
LC4,PVLP141,DNg90,1,1,726,2
LC4,AVLP610,DNbe002,1,2,140,2
LC4,AVLP593,DNge047,1,2,6,2
LPLC2,PLP034,DNpe016,1,1,3,2
LC4,PVLP096,DNp03,1,1,7,2
LC4,PVLP094,DNpe050,1,1,29,2
LC4,PVLP094,DNpe025,1,1,9,2
LPLC2,5-HTPMPV03,DNpe032,2,2,12,2
LPLC2,AVLP080,DNa11,1,1,11,2
LPLC2,PLP211,DNge119,2,2,155,2
LPLC2,MBON33,DNge135,1,1,1,2
LC4,PVLP141,DNge040,2,2,1539,2
LPLC2,5-HTPMPV03,DNpe022,2,2,12,2
LPLC2,MBON33,DNg66,1,1,1,2
LPLC2,AVLP080,DNge032,1,1,11,2
LC4,PVLP100,DNbe007,1,1,24,2
LC4,PVLP100,DNg24,2,2,88,2
LC4,PVLP100,DNg84,1,1,64,2
LC4,AVLP610,DNa02,2,2,105,2
LC4,PVLP137,DNpe045,1,1,565,2
LC4,PVLP100,DNp55,1,1,172,2
LC4,AVLP593,DNp29,1,1,3,2
LPLC2,AVLP077,DNpe050,1,1,1,2
LPLC2,AVLP078,DNg30,1,1,108,2
LPLC2,PLP211,DNbe002,1,1,70,2
LC4,PVLP141,DNa16,1,1,813,2
LPLC2,AVLP078,DNp103,1,1,108,2
LC4,PVLP141,DNae009,1,1,726,2
LPLC2,MBON33,DNpe020,1,1,1,2
LC4,AVLP610,CB0429,2,2,105,2
LC4,AVLP610,DNa01,1,1,35,2
LC4,AVLP610,DNa08,1,1,70,2
LPLC2,SAD073,DNp42,1,1,22,2
LC4,PVLP100,DNge138,2,2,236,2
LPLC2,MBON33,DNp54,1,1,1,2
LPLC2,AVLP078,pIP1,1,1,108,2
LPLC2,MBON33,DNp48,1,1,1,2
LC4,AVLP339,DNg24,1,1,87,2
LPLC2,MBON33,DNp45,1,1,1,2
LPLC2,AVLP079,DNg30,1,1,9,2
LPLC2,AMMC-A1,DNp30,1,2,170,2
LC4,AVLP593,DNge148,1,1,3,2
LC4,PVLP100,DNge130,1,1,172,2
LC4,PVLP100,DNge121,1,1,172,2
LC4,PVLP141,DNbe003,1,1,813,2
LC4,PVLP122,DNc01,2,2,1902,2
LC4,PVLP122,DNd03,2,2,2227,2
LPLC2,PLP060,DNa13,1,2,22,2
LC4,PVLP122,DNg01_b,1,1,923,2
LPLC2,MeVC25,DNpe021,1,1,329,2
LPLC2,AVLP016,DNp11,1,1,1,2
LC4,PVLP124,DNp09,2,2,70,2
LPLC2,MeVC25,DNpe009,1,1,329,2
LPLC2,MeVCMe1,DNge019,1,1,10,2
LC4,AVLP605,DNg32,1,1,4,2
LPLC2,AVLP016,DNp30,1,1,1,2
LPLC2,MeVC25,DNp70,1,1,256,2
LPLC2,AVLP016,DNp34,1,1,1,2
LPLC2,SAD073,DNge138,1,1,22,2
LPLC2,PLP093,DNb04,1,1,10,2
LPLC2,AVLP016,DNp45,1,1,1,2
LC4,AVLP594,DNa14,1,1,1,2
LPLC2,MeVCMe1,DNge040,1,1,11,2
LPLC2,MeVCMe1,DNge048,2,2,21,2
LPLC2,MeVC25,DNp69,1,1,329,2
LPLC2,AVLP016,DNp56,1,1,1,2
LPLC2,AOTU032,DNbe007,1,1,17,2
LPLC2,PLP060,DNg01_c,1,1,11,2
LC4,PVLP123,DNpe039,1,1,147,2
LC4,PVLP123,DNpe037,2,2,163,2
LPLC2,AVLP016,DNp67,1,1,1,2
LPLC2,MeVCMe1,DNp04,2,2,9,2
LPLC2,AN27X011,DNpe055,1,1,1,2
LPLC2,SAD073,DNg102,1,1,22,2
LC4,PVLP123,DNp59,2,2,163,2
LPLC2,MeVC25,DNp11,1,1,256,2
LPLC2,SAD073,DNg74_b,1,1,22,2
LPLC2,VS,DNp73,1,1,20,2
LC4,PVLP124,DNp64,2,2,70,2
LPLC2,PLP060,DNpe021,1,1,11,2
LC4,AVLP280,DNpe039,1,1,1,2
LPLC2,SAD073,DNge050,1,1,22,2
LPLC2,MeVCMe1,DNg40,2,2,9,2
LPLC2,AVLP001,DNde001,1,1,1,2
LC4,PVLP128,DNae003,1,1,2,2
LPLC2,PLP060,"DNp51,DNpe019",1,1,11,2
LPLC2,AVLP001,DNpe042,1,1,1,2
LPLC2,PLP060,DNp69,1,1,11,2
LC4,PVLP126_b,DNp69,1,1,1,2
LC4,PVLP130,DNpe025,1,1,943,2
LC4,PVLP137,DNa02,1,1,290,2
LC4,AVLP601,DNpe056,1,1,1,2
LPLC2,MeVCMe1,DNae010,1,1,10,2
LC4,AVLP605,DNde006,1,1,4,2
LC4,AVLP594,DNp11,1,1,1,2
LPLC2,PLP060,aSP22,1,1,11,2
LPLC2,MeVCMe1,DNa03,1,1,10,2
LPLC2,PLP060,pIP1,1,1,11,2
LPLC2,AVLP016,DNge054,1,1,1,2
LPLC2,MeVCMe1,DNge004,1,1,10,2
LPLC2,AVLP016,DNge138,1,1,1,2
LPLC2,AVLP016,DNp03,1,1,1,2
LPLC2,AOTU034,DNg08,1,2,24,2
LPLC2,MeVC25,DNpe052,1,1,329,2
LC4,PVLP124,DNpe020,1,1,23,2
LC4,AVLP605,DNd03,1,2,8,2
LC4,PVLP123,DNp56,1,1,16,2
LC4,PVLP123,DNp55,2,2,76,2
LC4,PVLP123,DNp30,1,1,33,2
LPLC2,AN27X011,DNg93,1,1,1,2
LC4,PVLP137,DNge013,2,2,855,2
LPLC2,MeVC23,DNp11,2,2,11,2
LC4,AVLP605,DNpe043,1,1,4,2
LPLC2,MeVP17,DNp43,1,1,2,2
LC4,PVLP137,DNge047,2,2,855,2
LC4,AVLP593,DNp55,1,1,3,2
LPLC2,AN27X011,DNge018,1,1,1,2
LPLC2,MeVC22,DNp27,1,1,1,2
LC4,PVLP137,DNge054,2,2,855,2
LC4,PVLP122,DNp55,1,1,979,2
LC4,PVLP122,DNp42,2,2,2227,2
LPLC2,AN27X011,DNg97,1,1,1,2
LPLC2,PLP093,DNp47,1,1,10,2
LPLC2,AVLP037,DNpe053,1,1,2,2
LPLC2,AVLP040,DNg03,1,1,6,2
LPLC2,AVLP040,DNg40,2,2,9,2
LPLC2,AN27X011,DNg91,1,1,1,2
LPLC2,MeVC21,DNpe053,2,2,3,2
LC4,AVLP609,DNg09_b,1,1,2,2
LPLC2,SAD064,DNpe024,2,2,76,2
LC4,PVLP122,DNp101,2,2,952,2
LPLC2,AN27X011,DNg79,1,1,1,2
LPLC2,AVLP040,DNp27,1,2,6,2
LPLC2,PLP093,DNp63,1,1,10,2
LC4,AVLP259,DNpe056,1,1,484,2
LC4,PVLP122,DNg35,1,1,42,2
LPLC2,MeVP17,DNp06,1,1,2,2
LPLC2,AN27X011,DNge138,1,1,1,2
LC4,AVLP280,DNp36,1,1,1,2
LC4,PVLP123,DNb09,2,2,120,2
LC4,PVLP137,DNg33,1,1,290,2
LC4,PVLP123,DNp27,2,2,207,2
LPLC2,AN27X011,DNpe009,1,1,1,2
LC4,PVLP123,DNp104,1,1,60,2
LPLC2,AN27X011,DNpe003,1,2,2,2
LC4,PVLP123,DNp101,1,1,16,2
LPLC2,AN27X011,DNp71,1,1,1,2
LC4,AVLP605,DNge131,1,2,8,2
LPLC2,AN27X011,DNp56,1,1,1,2
LC4,PVLP137,DNg45,1,1,565,2
LC4,PVLP123,DNg03,1,1,60,2
LC4,PVLP137,DNg60,1,1,290,2
LPLC2,AVLP037,DNp09,1,1,2,2
LC4,AVLP605,DNp43,1,1,4,2
LC4,PVLP123,DNae008,1,1,60,2
LPLC2,MeVCMe1,DNpe045,2,2,14,2
LC4,AVLP280,DNp34,1,1,1,2
LC4,AVLP299_d,DNp13,1,1,1,2
LC4,PVLP137,DNg77,1,1,290,2
LC4,PVLP122,DNpe043,2,2,1277,2
LC4,PVLP137,DNg81,2,2,855,2
LC4,AVLP605,DNp42,1,1,4,2
LPLC2,AVLP037,DNpe006,1,1,2,2
LPLC2,AVLP037,DNpe026,1,1,2,2
LC4,AVLP280,DNp26,1,1,1,2
LPLC2,AVLP037,DNpe042,1,1,2,2
LC4,PVLP094,DNp34,2,2,38,2
LC4,PVLP094,DNp31,2,2,38,2
LPLC2,VST2,DNge043,1,1,1,2
LC4,AVLP203_c,DNg24,1,1,18,2
LPLC2,AVLP201,DNp32,1,2,12,2
LPLC2,PLP211,pIP10,1,1,85,2
LC4,PVLP064,DNc02,1,1,209,2
LPLC2,5-HTPMPV03,DNge097,2,2,12,2
LPLC2,AVLP201,DNp43,1,1,9,2
LPLC2,LoVP93,DNg13,1,1,23,2
LPLC2,PLP034,DNbe007,1,1,3,2
LC4,PVLP062,pIP1,1,1,8,2
LPLC2,5-HTPMPV03,DNge095,1,2,6,2
LC4,PVLP201m_d,DNb09,1,1,1,2
LPLC2,5-HTPMPV03,DNge092,2,2,12,2
LC4,PVLP062,aSP22,1,1,8,2
LPLC2,SAD049,DNpe021,2,2,40,2
LPLC2,5-HTPMPV03,DNge090,2,2,12,2
LC4,AVLP542,DNpe042,1,1,11,2
LC4,AVLP542,DNpe021,2,2,17,2
LPLC2,PLP219,DNa09,2,2,504,2
LC4,AVLP610,DNp29,1,1,70,2
LC4,PVLP062,DNpe021,1,1,8,2
LPLC2,LoVP93,DNg04,2,2,25,2
LPLC2,AVLP202,DNa11,1,1,2,2
LC4,AVLP542,DNp70,1,1,11,2
LPLC2,5-HTPMPV03,DNge071,2,2,12,2
LC4,AVLP610,DNp38,2,2,105,2
LPLC2,5-HTPMPV03,DNge070,1,1,3,2
LC4,AVLP202,DNp64,2,2,45,2
LPLC2,MeVP51,DNge138,1,1,1,2
LPLC2,5-HTPMPV03,DNge107,2,2,12,2
LC4,AVLP202,DNpe039,2,2,45,2
LC4,PVLP064,DNp70,1,1,207,2
LPLC2,AVLP200,DNp34,1,1,6,2
LC4,PVLP071,DNd03,1,1,7,2
LC4,PVLP201m_a,DNge124,1,1,4,2
LPLC2,PLP034,DNge054,1,1,3,2
LC4,PVLP069,DNpe050,2,2,3,2
LC4,AVLP610,DNge141,1,1,70,2
LPLC2,5-HTPMPV03,DNge135,1,2,18,2
LPLC2,5-HTPMPV03,DNge127,1,1,3,2
LC4,AVLP203_b,DNp06,1,1,5,2
LPLC2,AVLP200,DNc02,1,1,6,2
LPLC2,5-HTPMPV03,DNge125,1,2,6,2
LPLC2,LoVP93,DNp27,2,2,11,2
LC4,PVLP066,DNp55,1,1,134,2
LC4,PVLP066,DNp27,1,1,213,2
LC4,PVLP064,DNpe040,1,1,299,2
LC4,PVLP066,DNp03,2,2,428,2
LPLC2,5-HTPMPV03,DNge116,1,2,18,2
LC4,PVLP201m_d,DNa03,1,1,1,2
LC4,PVLP201m_d,DNa04,1,1,1,2
LPLC2,LoVP93,DNp08,1,1,1,2
LPLC2,AVLP201,DNd03,2,2,15,2
LPLC2,AVLP201,DNg104,1,1,6,2
LC4,PVLP066,DNg30,1,1,215,2
LPLC2,AVLP201,DNge032,2,2,15,2
LPLC2,PLP211,DNpe055,2,2,155,2
LPLC2,AVLP201,DNp02,1,1,6,2
LPLC2,5-HTPMPV03,DNge108,2,2,12,2
LC4,AVLP610,DNp39,1,2,140,2
LC4,PVLP062,DNp55,1,1,3,2
LC4,PVLP062,DNp30,1,1,8,2
LC4,SAD011,DNge111,2,2,71,2
LC4,AVLP202,DNa11,1,1,35,2
LPLC2,5-HTPMPV03,DNg49,2,2,12,2
LPLC2,SAD049,DNp55,1,1,10,2
LPLC2,PLP219,DNp04,2,2,504,2
LPLC2,SIP108m,DNae001,1,1,1,2
LC4,PVLP216m,DNpe050,1,1,1,2
LPLC2,5-HTPMPV03,DNg42,1,2,6,2
LPLC2,MeVP51,DNp38,1,1,1,2
LC4,PVLP046,DNge035,1,1,36,2
LC4,SAD011,DNge049,1,1,1,2
LPLC2,5-HTPMPV03,DNg30,1,1,3,2
LPLC2,LoVP93,DNa04,1,1,23,2
LC4,PVLP046,DNge026,2,2,181,2
LPLC2,5-HTPMPV03,DNg59,1,2,18,2
LC4,SAD011,DNge138,1,1,60,2
LC4,SAD011,DNge145,1,1,70,2
LPLC2,PLP230,DNae010,1,1,24,2
LPLC2,5-HTPMPV03,DNg13,2,2,12,2
LPLC2,PLP018,DNge054,1,1,1,2
LPLC2,PLP230,DNb09,1,1,24,2
LC4,SAD011,DNp35,2,2,71,2
LC4,PVLP034,MDN,1,2,2,2
LC4,PVLP034,DNpe056,1,2,2,2
LPLC2,LoVP92,DNpe005,1,1,1,2
LC4,SAD011,DNpe032,1,1,60,2
LC4,AVLP339,DNpe043,2,2,117,2
LPLC2,PLP018,DNp34,1,1,7,2
LC4,AVLP610,DNp71,2,2,105,2
LC4,AVLP610,DNp42,1,1,35,2
LPLC2,PLP219,DNg04,1,1,104,2
LPLC2,SAD049,DNp73,1,1,10,2
LC4,PVLP062,DNp04,1,1,3,2
LPLC2,5-HTPMPV03,DNge049,1,1,9,2
LPLC2,AVLP202,DNpe037,1,1,2,2
LPLC2,5-HTPMPV03,DNge017,1,1,9,2
LPLC2,AVLP202,DNpe042,1,1,2,2
LC4,PVLP201m_d,DNp11,1,1,1,2
LPLC2,MeVP51,DNp11,2,2,13,2
LPLC2,VSm,DNge115,1,1,8,2
LC4,PVLP062,DNge046,1,1,8,2
LC4,AVLP202,DNp35,1,1,10,2
LC4,PVLP201m_d,DNpe037,1,1,1,2
LC4,PVLP062,DNd05,1,2,16,2
LPLC2,AVLP203_c,DNg24,1,1,5,2
LC4,PVLP062,DNd03,1,1,3,2
LPLC2,LoVP93,DNae009,2,2,48,2
LPLC2,PLP018,DNpe040,1,1,1,2
LPLC2,5-HTPMPV03,DNg91,1,2,18,2
LPLC2,AVLP203_b,DNp06,1,1,3,2
LPLC2,5-HTPMPV03,DNg90,1,1,3,2
LPLC2,PLP219,DNg82,1,1,11,2
LC4,PVLP061,DNp23,1,1,5,2
LPLC2,MeVP51,DNp12,1,1,1,2
LPLC2,VSm,DNge138,2,2,7,2
LC4,PVLP061,DNp09,1,1,5,2
LC4,PVLP216m,DNp101,1,1,1,2
LC4,AVLP572,DNd05,1,1,1,2
LC4,AVLP572,DNp09,1,1,1,2
LC4,AVLP593,DNg30,1,2,6,2
LC4,PVLP201m_a,DNge026,1,1,4,2
LC4,PVLP151,DNbe004,1,1,394,2
LPLC2,AVLP086,DNg30,1,2,6,2
LC4,PVLP093,DNge138,2,2,44,2
LC4,PVLP093,DNge026,2,2,44,2
LC4,PVLP093,DNbe007,1,1,33,2
LPLC2,LoVP_unclear,DNp31,1,1,1,2
LPLC2,PLP211,DNp34,1,1,70,2
LC4,PVLP151,DNc02,1,1,347,2
LC4,AVLP610,DNg111,1,2,140,2
LPLC2,SAD064,DNge039,1,1,40,2
LC4,AVLP593,DNd02,1,2,6,2
LPLC2,SAD073,DNpe022,1,1,22,2
LPLC2,PLP211,DNp42,2,2,155,2
LPLC2,LoVP_unclear,DNge143,1,1,3,2
LPLC2,AVLP086,DNp27,1,1,3,2
LPLC2,LoVP_unclear,DNge141,1,1,1,2
LC4,AVLP610,DNg30,1,2,70,2
LPLC2,SAD064,DNg81,1,1,40,2
LPLC2,AVLP086,DNp66,1,1,3,2
LC4,AVLP610,DNg40,1,1,35,2
LC4,AVLP593,DNbe003,1,1,3,2
LC4,PVLP076,DNpe024,1,1,4,2
LPLC2,LoVP_unclear,DNge047,1,1,3,2
LC4,AVLP593,DNbe002,1,2,6,2
LC4,PVLP151,DNp55,2,2,829,2
LC4,PVLP151,DNp59,2,2,741,2
LC4,PVLP151,DNpe020,2,2,741,2
LPLC2,PLP211,DNp26,1,2,140,2
LPLC2,5-HTPMPV03,DNpe004,2,2,12,2
LC4,AVLP593,DNd05,1,1,3,2
LPLC2,AVLP080,DNp45,2,2,31,2
LC4,PVLP094,DNp10,1,1,29,2
LPLC2,VST2,DNge097,1,1,1,2
LC4,PVLP141,DNge135,1,1,813,2
LC4,PVLP141,DNp05,2,2,1539,2
LC4,PVLP094,DNge138,1,1,29,2
LPLC2,MBON33,DNg27,1,1,1,2
LC4,PVLP141,DNp45,1,1,813,2
LC4,PVLP141,DNpe002,1,1,726,2
LC4,AVLP593,DNg102,1,2,6,2
LPLC2,AVLP080,DNp32,2,2,31,2
LC4,AVLP205,DNge032,1,2,10,2
LC4,PVLP094,DNd03,2,2,38,2
LC4,PVLP093,pMP2,2,2,44,2
LPLC2,PLP211,DNp14,1,2,140,2
LC4,PVLP141,DNpe024,1,1,726,2
LC4,AVLP610,DNd02,2,2,105,2
LC4,PVLP093,DNpe043,1,1,11,2
LC4,PVLP093,DNpe042,1,1,33,2
LC4,AVLP610,DNd04,1,1,35,2
LPLC2,5-HTPMPV03,DNpe009,2,2,12,2
LPLC2,SAD073,DNpe021,1,1,22,2
LPLC2,MeVP18,DNp71,2,2,21,2
LC4,PVLP093,DNp49,1,1,33,2
LC4,PVLP093,DNp45,1,2,22,2
LC4,AVLP610,DNde003,2,2,105,2
LC4,PVLP093,DNp30,1,1,11,2
LPLC2,5-HTPMPV03,DNp47,1,1,9,2
LPLC2,AVLP111,,1,1,1,2
LPLC2,AVLP111,DNg30,1,1,1,2
LPLC2,VS,DNg94,1,1,1,2
LPLC2,5-HTPMPV03,DNp103,1,2,6,2
LC4,PVLP201m_a,DNg107,1,1,4,2
LC4,PVLP076,DNge054,1,1,4,2
LC4,PVLP076,DNge011,1,1,5,2
LC4,PVLP201m_a,DNg13,1,1,4,2
LPLC2,5-HTPMPV03,DNp08,1,1,9,2
LC4,PVLP201m_a,DNg44,1,1,4,2
LC4,PVLP076,DNg35,1,1,5,2
LPLC2,PLP211,DNp63,1,1,70,2
LPLC2,LoVP93,DNpe005,1,1,10,2
LPLC2,5-HTPMPV03,DNp06,1,1,9,2
LPLC2,SAD064,DNg01_b,1,1,40,2
LPLC2,VSm,DNae003,1,1,2,2
LC4,PVLP201m_a,DNb09,1,1,4,2
LC4,PVLP076,DNae008,1,1,5,2
LPLC2,AVLP169,DNpe056,2,2,178,2
LC4,AVLP610,DNge105,1,1,70,2
LPLC2,SAD049,DNpe056,1,1,30,2
LPLC2,5-HTPMPV03,DNp03,2,2,12,2
LC4,PVLP201m_a,DNg64,1,1,4,2
LC4,PVLP201m_a,DNg90,1,1,4,2
LC4,PVLP074,DNp71,1,1,6,2
LC4,AVLP610,DNge129,1,2,70,2
LC4,PVLP074,DNp09,1,1,6,2
LC4,PVLP071,pIP1,1,1,5,2
LPLC2,5-HTPMPV03,DNge180,1,1,3,2
LC4,AVLP610,DNge063,1,2,70,2
LPLC2,5-HTPMPV03,DNp16_a,1,2,6,2
LPLC2,LoVP_unclear,DNg49,1,1,3,2
LC4,AVLP572,DNpe031,1,1,1,2
LPLC2,5-HTPMPV03,DNp46,1,1,9,2
LPLC2,LoVP_unclear,DNb05,1,1,1,2
LPLC2,AVLP111,DNp35,1,1,1,2
LC4,AVLP610,DNg55,2,2,105,2
LC4,AVLP610,DNg66,1,1,35,2
LC4,PVLP076,DNp45,2,2,9,2
LC4,PVLP151,DNpe025,1,1,435,2
LPLC2,5-HTPMPV03,DNp41,1,2,6,2
LPLC2,5-HTPMPV03,DNp39,2,2,12,2
LPLC2,LoVP99,DNb05,1,1,2,2
LC4,AVLP610,DNg96,1,1,70,2
LC4,PVLP151,DNpe039,2,2,741,2
LPLC2,AVLP126,DNpe025,1,1,5,2
LPLC2,5-HTPMPV03,DNp16_b,1,2,6,2
LPLC2,AVLP126,DNpe052,2,2,7,2
LPLC2,5-HTPMPV03,DNp32,1,1,9,2
LC4,PVLP076,DNp30,1,2,8,2
LPLC2,PLP034,DNp19,1,1,3,2
LC4,AVLP572,DNp71,1,1,1,2
LC4,PVLP151,DNpe056,2,2,697,2
LPLC2,AVLP132,DNp34,1,1,24,2
LC4,AVLP610,DNg97,2,2,105,2
LC4,PVLP076,DNp10,1,1,5,2
LC4,PVLP201m_a,DNa03,1,1,4,2
LPLC2,AVLP132,DNpe056,1,1,24,2
LC4,PVLP201m_a,DNb08,1,2,8,2
LC4,PS304,DNpe002,1,1,1,2
LPLC2,PS171,DNd02,1,1,3,2
LPLC2,AVLP001,DNp27,2,2,2,2
LPLC2,AVLP609,DNge038,1,2,18,2
LC4,CB1717,DNp70,1,1,5,2
LPLC2,AVLP593,DNpe056,1,1,1,2
LC4,PS001,DNge099,1,1,12,2
LC4,PLP211,DNp14,1,2,18,2
LC4,WED107,DNb05,2,2,9,2
LC4,AVLP476,DNg88,1,1,6,2
LC4,AVLP476,DNg74_b,1,2,12,2
LPLC2,OA-VUMa4,DNge015,1,1,79,2
LC4,PLP211,DNp26,1,2,18,2
LPLC2,LoVP50,DNge054,2,2,7,2
LPLC2,AVLP609,DNge040,1,1,9,2
LPLC2,AVLP593,DNpe039,1,1,1,2
LC4,PS001,DNbe002,1,2,24,2
LPLC2,AVLP609,DNge124,1,1,9,2
LC4,PLP211,DNp34,1,1,9,2
LC4,PLP211,DNp42,2,2,17,2
LPLC2,LoVP26,DNb07,2,2,23,2
LC4,PS001,DNb05,1,1,12,2
LC4,WED069,DNge141,1,1,1,2
LPLC2,LoVP26,DNg01_b,1,1,10,2
LC4,Tm3,DNp27,1,1,1,2
LC4,PPM1203,pIP1,1,1,6,2
LC4,PS001,DNp03,1,1,12,2
LC4,CB1958,DNb02,2,2,226,2
LPLC2,PVLP013,DNpe052,1,1,18,2
LC4,Tlp11,DNp27,1,1,2,2
LPLC2,PVLP012,DNp06,1,1,2,2
LC4,WED106,DNp35,1,1,2,2
LC4,PS001,DNp59,1,1,12,2
LPLC2,AVLP593,DNp23,1,1,1,2
LPLC2,AVLP593,DNp27,1,1,1,2
LPLC2,CB0128,DNge148,1,2,28,2
LC4,PS001,DNp57,1,1,12,2
LC4,PS001,DNp54,1,1,12,2
LPLC2,AVLP593,DNp32,1,2,2,2
LPLC2,WED060,DNg17,1,1,13,2
LC4,PLP211,DNge119,2,2,17,2
LC4,PS001,DNp11,1,1,12,2
LC4,WED069,DNp63,1,2,2,2
LPLC2,LoVP50,DNp16_b,1,1,4,2
LPLC2,PS208,DNpe057,1,1,1,2
LC4,AVLP476,DNg93,1,1,6,2
LPLC2,CB0128,DNge046,1,1,14,2
LC4,PS001,DNp31,1,1,12,2
LC4,AVLP452,DNp102,1,1,487,2
LC4,AVLP083,DNp32,1,1,3,2
LPLC2,LoVP50,DNp08,1,1,1,2
LC4,CB1958,DNbe001,2,2,158,2
LPLC2,LoVP50,DNg56,2,2,2,2
LPLC2,OA-ASM1,aSP22,2,2,7,2
LC4,PPM1203,DNpe056,1,1,6,2
LC4,PPM1203,DNp09,1,1,6,2
LPLC2,OA-VUMa4,DNa01,1,1,79,2
LPLC2,AVLP610,DNde003,2,2,8,2
LC4,WED125,DNa06,2,2,556,2
LC4,AVLP476,DNp43,1,1,6,2
LPLC2,TmY15,DNp30,1,1,2,2
LC4,Tm6,DNp27,2,2,2,2
LC4,PPM1203,DNp29,1,1,6,2
LC4,TmY10,DNp11,1,1,1,2
LPLC2,AVLP610,DNg111,1,2,4,2
LC4,PPM1203,DNp103,1,1,6,2
LC4,PLP211,DNpe055,2,2,17,2
LPLC2,LoVP50,DNg51,2,2,2,2
LPLC2,AVLP610,DNg30,1,2,12,2
LC4,TmY13,DNp11,2,2,2,2
LC4,TmY13,DNp27,2,2,2,2
LPLC2,AVLP610,DNg40,1,1,6,2
LPLC2,AVLP610,DNg55,2,2,8,2
LPLC2,AVLP610,DNg66,1,1,6,2
LC4,AVLP476,DNp62,1,2,12,2
LC4,PLP211,pIP10,1,1,8,2
LC4,TmY14,DNa06,1,1,1,2
LC4,TmY14,DNp15,1,1,1,2
LC4,Tm6,DNp11,1,1,1,2
LPLC2,OA-VUMa4,DNg89,2,2,138,2
LC4,AVLP476,DNp34,1,1,6,2
LC4,PPM1203,DNp64,1,1,6,2
LC4,WED069,DNg79,1,1,1,2
LPLC2,AVLP610,CB0429,2,2,8,2
LPLC2,LoVP26,DNg82,1,1,30,2
LPLC2,AVLP610,DNa01,1,1,6,2
LPLC2,AVLP610,DNa02,2,2,8,2
LPLC2,AVLP610,DNa08,1,1,2,2
LC4,PPM1203,DNpe042,1,1,6,2
LC4,WED107,DNg39,1,1,8,2
LC4,PLP211,DNp63,1,1,9,2
LPLC2,AVLP610,DNae007,2,2,8,2
LPLC2,LoVP26,DNg90,2,2,19,2
LPLC2,AVLP610,DNbe002,1,2,4,2
LC4,AVLP452,DNp32,2,2,1438,2
LPLC2,PS357,DNg05_a,2,2,6,2
LPLC2,CB0115,DNpe052,2,2,20,2
LC4,WED107,DNg40,1,1,8,2
LPLC2,AVLP610,DNd02,2,2,8,2
LPLC2,CB0115,DNp71,1,2,88,2
LPLC2,CB0115,DNp70,2,2,59,2
LPLC2,OA-AL2i1,DNc01,1,1,7,2
LPLC2,AVLP610,DNd04,1,1,6,2
LPLC2,AVLP593,DNp103,1,1,1,2
LC4,AVLP083,DNp43,1,1,3,2
LPLC2,TmY3,DNc01,2,2,2,2
LPLC2,AVLP592,DNp68,1,1,81,2
LPLC2,CB0414,DNg29,1,1,15,2
LC4,AVLP085,DNp09,1,1,7,2
LC4,PS002,DNp68,1,1,4,2
LC4,PS002,DNp63,2,2,7,2
LC4,PLP209,DNg92_a,1,1,1,2
LC4,SAD106,DNp27,2,2,35,2
LC4,AVLP452,DNge049,1,1,856,2
LPLC2,AVLP592,DNp43,1,1,19,2
LPLC2,AVLP592,DNp66,1,1,19,2
LPLC2,Tm4,DNc02,2,2,5,2
LPLC2,Nod1,DNge114,2,2,3,2
LC4,AVLP452,DNge054,2,2,1438,2
LPLC2,TmY14,DNg75,2,2,2,2
LC4,PLP209,DNp104,1,2,2,2
LC4,CB1958,DNge017,2,2,202,2
LC4,PS002,DNp07,1,1,4,2
LC4,CB1649,DNp06,1,1,1,2
LPLC2,CB0280,DNp07,1,1,1,2
LC4,PS002,DNge054,2,2,7,2
LC4,PLP209,DNpe017,1,1,1,2
LC4,CB1958,DNg04,2,2,134,2
LC4,WED046,DNp69,1,1,9,2
LC4,SAD106,DNge138,1,2,50,2
LC4,PS002,DNpe010,2,2,7,2
LC4,PS002,DNpe013,1,1,3,2
LPLC2,LoVP50,DNpe045,1,1,4,2
LPLC2,CB0431,DNa04,1,1,16,2
LPLC2,PVLP013,DNpe040,1,1,18,2
LPLC2,AVLP591,DNpe018,1,1,9,2
LPLC2,CB0431,DNa01,1,1,16,2
LPLC2,PS208,DNb09,1,2,2,2
LC4,PS038,DNa05,1,1,1,2
LC4,PS038,DNa04,2,2,6,2
LPLC2,PS208,DNbe004,1,1,1,2
LPLC2,OA-VUMa4,DNge145,1,1,59,2
LC4,CB1958,DNp103,1,1,79,2
LC4,PS002,DNpe055,1,1,4,2
LC4,PLP209,DNae002,1,1,1,2
LC4,PLP209,DNbe007,1,1,1,2
LC4,PS002,DNpe045,2,2,7,2
LC4,PLP209,DNd03,1,1,1,2
LPLC2,OA-AL2i2,DNp35,2,2,25,2
LC4,PLP209,DNg04,1,2,2,2
LC4,WED125,DNp31,1,1,311,2
LC4,PLP209,DNg26,1,1,1,2
LC4,CB1649,DNg04,1,2,2,2
LC4,AVLP016,DNpe025,1,1,58,2
LC4,WED106,DNg92_a,1,1,2,2
LPLC2,PVLP012,pIP1,1,1,2,2
LPLC2,AVLP593,DNp06,1,1,1,2
LPLC2,CB0128,DNp35,1,1,14,2
LC4,AVLP016,DNpe043,2,2,115,2
LPLC2,AVLP593,DNg102,1,2,2,2
LC4,WED072,DNg40,1,1,2,2
LC4,WED072,DNd03,1,1,1,2
LC4,CB1717,DNp27,1,1,5,2
LPLC2,CB0128,DNp64,1,1,14,2
LPLC2,AVLP593,DNg24,1,1,1,2
LPLC2,PVLP012,DNp23,1,1,14,2
LPLC2,CB0128,DNp48,1,2,28,2
LPLC2,CB0128,DNp45,1,2,28,2
LC4,AVLP476,DNp27,1,2,12,2
LPLC2,AVLP592,DNpe039,1,1,19,2
LC4,WED072,DNa07,1,1,1,2
LC4,WED125,DNg05_a,1,1,311,2
LPLC2,CB0128,DNp23,1,1,14,2
LC4,CB1717,DNp30,1,1,5,2
LPLC2,AVLP593,DNge053,1,1,1,2
LC4,WED125,DNg04,1,1,311,2
LPLC2,AVLP593,DNge138,1,1,1,2
LC4,AVLP083,DNp69,1,1,3,2
LPLC2,LoVP26,DNa02,1,1,27,2
LPLC2,AVLP593,DNge142,1,1,1,2
LC4,PLP211,DNbe002,1,1,9,2
LPLC2,CB0128,DNpe034,1,1,14,2
LC4,WED106,DNge138,2,2,4,2
LPLC2,AVLP593,DNg03,1,2,2,2
LPLC2,PS208,DNg05_c,1,1,1,2
LPLC2,CB0280,DNa10,1,1,1,2
LC4,PLP211,CB0429,2,2,17,2
LC4,AVLP476,DNp11,1,1,6,2
LPLC2,AVLP592,DNpe052,2,2,100,2
LPLC2,OA-VUMa4,DNge071,1,2,118,2
LC4,AVLP452,DNge130,2,2,1128,2
LC4,PS002,DNbe004,2,2,8,2
LC4,CB1717,DNp04,1,1,5,2
LPLC2,AVLP593,DNbe002,1,1,1,2
LPLC2,LoVP25,DNp16_b,1,1,9,2
LPLC2,OA-VUMa4,DNge048,1,1,59,2
LC4,WED106,DNge072,2,2,6,2
LC4,PS002,DNae004,2,2,8,2
LC4,PS002,DNae002,2,2,7,2
LPLC2,PVLP012,DNpe024,2,2,16,2
LC4,PS001,aSP22,1,2,24,2
LPLC2,AVLP593,DNde001,1,2,2,2
LPLC2,PS208,DNp06,1,1,1,2
LC4,WED106,DNge111,1,1,4,2
LC4,AVLP476,DNge136,1,2,12,2
LPLC2,OA-VUMa4,DNg79,2,2,138,2
LPLC2,AVLP610,DNg96,1,1,2,2
LPLC2,AVLP610,DNg97,2,2,8,2
LC4,PLP300m,DNae010,1,1,7,2
LC4,AVLP476,DNpe026,1,1,6,2
LC4,VES023,DNpe020,1,1,2,2
LC4,PLP230,DNg02_d,1,1,1,2
LPLC2,AVLP711m,DNa02,1,1,137,2
LPLC2,AVLP746m,DNb08,1,1,21,2
LC4,CB1932,DNpe037,2,2,174,2
LC4,PLP300m,DNde003,1,1,10,2
LPLC2,OA-VUMa4,DNg02_d,1,1,59,2
LC4,PLP300m,DNbe007,1,1,10,2
LC4,PLP230,DNg03,1,1,1,2
LC4,WED029,DNge138,2,2,14,2
LC4,PLP230,DNp102,1,1,1,2
LPLC2,AVLP711m,DNde002,1,1,42,2
LC4,PLP230,DNg97,1,1,1,2
LC4,WED117,DNpe056,1,1,1,2
LC4,WED117,DNpe045,1,1,3,2
LPLC2,PVLP011,DNa02,2,2,11623,2
LPLC2,AVLP720m,DNp69,1,1,1,2
LC4,WED060,DNde006,1,1,14,2
LPLC2,AVLP711m,DNg104,2,2,208,2
LC4,WED029,DNp05,1,1,9,2
LPLC2,Nod5,DNg09_a,2,2,10,2
LC4,AVLP476,DNpe025,1,1,6,2
LC4,VES023,DNp64,1,1,2,2
LPLC2,AVLP708m,aSP22,1,1,6,2
LC4,WED119,DNge039,1,1,1,2
LPLC2,OA-VUMa4,DNa11,1,1,59,2
LPLC2,OA-VUMa4,DNg13,2,2,138,2
LPLC2,Nod5,DNge115,2,2,10,2
LC4,WED119,DNp32,1,1,2,2
LC4,WED060,DNp55,2,2,17,2
LPLC2,LoVP32,DNp54,2,2,2,2
LC4,WED119,DNp30,1,1,1,2
LC4,WED119,DNp26,1,1,2,2
LPLC2,AVLP708m,DNp59,1,1,6,2
LC4,VES023,DNge038,1,1,2,2
LPLC2,PVLP010,DNp12,1,1,13,2
LC4,PLP300m,DNg34,2,2,17,2
LC4,PLP230,DNb09,1,1,1,2
LPLC2,AVLP746m,DNp30,1,1,21,2
LC4,WED119,DNge184,2,2,3,2
LC4,VES023,DNp101,1,1,2,2
LPLC2,AVLP746m,DNp13,1,1,21,2
LC4,PLP300m,DNg101,1,1,10,2
LPLC2,OA-VUMa4,DNg100,1,2,118,2
LPLC2,Nod4,DNa03,1,1,7,2
LC4,WED109,DNge130,1,1,23,2
LPLC2,LoVP27,DNpe022,1,1,4,2
LC4,PLP256,DNpe037,1,1,15,2
LC4,VES023,DNg03,1,1,2,2
LPLC2,AVLP711m,DNpe045,2,2,91,2
LC4,PLP249,DNp31,2,2,18,2
LC4,PLP249,DNp12,1,1,7,2
LC4,CB1934,DNp35,1,1,3,2
LC4,CB1934,DNp43,1,1,3,2
LPLC2,LoVP27,DNg90,2,2,5,2
LPLC2,SAD013,DNp38,1,1,150,2
LC4,AVLP479,DNg30,2,2,4,2
LC4,WED116,DNp34,1,1,164,2
LC4,WED117,DNg30,2,2,4,2
LPLC2,PVLP010,DNpe040,2,2,32,2
LC4,PLP249,DNb09,1,1,11,2
LC4,AVLP479,DNp23,1,1,2,2
LC4,PLP249,DNb05,1,1,7,2
LC4,AVLP476,DNpe045,1,1,6,2
LC4,PLP249,DNae005,1,1,11,2
LPLC2,PVLP010,DNpe045,1,1,13,2
LC4,CB1934,DNp71,1,1,3,2
LPLC2,AVLP720m,DNg30,1,1,1,2
LPLC2,OA-VUMa4,DNb08,2,2,138,2
LC4,WED046,DNp70,1,1,4,2
LPLC2,PVLP010,DNpe050,1,1,19,2
LC4,PLP241,DNg90,1,1,12,2
LPLC2,OA-VUMa4,DNbe007,1,2,118,2
LC4,PLP249,DNpe002,1,1,7,2
LPLC2,OA-VUMa4,DNc02,1,1,59,2
LPLC2,AVLP711m,DNp42,1,1,71,2
LPLC2,Nod5,DNa02,1,2,4,2
LPLC2,AVLP711m,DNge073,1,1,20,2
LPLC2,Nod4,DNge091,1,1,2,2
LC4,PLP230,DNp45,1,1,1,2
LPLC2,AVLP711m,DNge103,1,1,137,2
LC4,PLP256,DNpe005,2,2,27,2
LC4,AVLP076,DNp12,1,1,1,2
LC4,WED046,DNpe045,2,2,13,2
LPLC2,AVLP711m,DNge151,1,1,71,2
LC4,CB1934,DNpe042,1,2,6,2
LC4,WED046,DNg30,2,2,13,2
LC4,AVLP476,DNg09_a,1,1,6,2
LPLC2,TmY19a,DNc02,2,2,3,2
LPLC2,TmY19a,DNc01,2,2,4,2
LPLC2,AVLP711m,DNp06,1,1,190,2
LC4,PLP241,DNa04,1,1,12,2
LPLC2,AVLP711m,DNp103,1,1,190,2
LC4,WED117,DNge079,1,1,1,2
LPLC2,LoVP27,DNpe013,2,2,5,2
LC4,PLP256,DNg56,2,2,27,2
LC4,WED117,DNge047,1,1,3,2
LPLC2,LoVP26,DNp19,2,2,15,2
LC4,VES023,DNbe002,1,1,2,2
LPLC2,Nod2,DNge140,1,2,10,2
LC4,PLP301m,DNg34,1,1,2,2
LPLC2,LoVP48,DNbe002,1,1,1,2
LC4,PLP301m,DNp27,1,1,2,2
LPLC2,LoVP48,CB0429,1,1,1,2
LPLC2,PVLP010,DNg74_a,1,1,19,2
LC4,PLP301m,DNge138,1,2,4,2
LC4,WED107,DNge148,1,1,8,2
LC4,WED124,DNg01_unclear,1,1,9,2
LC4,TmY5a,DNp27,2,2,3,2
LPLC2,AVLP610,DNp29,1,1,2,2
LC4,WED107,DNp03,1,1,1,2
LC4,AVLP076,DNge032,1,1,1,2
LPLC2,SAD013,DNpe017,1,1,15,2
LC4,PLP301m,DNbe004,1,1,2,2
LPLC2,PVLP010,DNge031,1,1,19,2
LC4,PLP219,DNg04,1,1,270,2
LPLC2,AVLP610,DNp38,2,2,8,2
LPLC2,AVLP610,DNp39,1,2,4,2
LPLC2,AVLP610,DNp42,1,1,6,2
LPLC2,OA-VUMa4,DNg42,1,1,79,2
LC4,WED124,DNbe006,2,2,17,2
LPLC2,PVLP010,DNge054,2,2,32,2
LPLC2,WED060,DNg40,1,1,13,2
LC4,WED124,DNg02_b,2,2,17,2
LPLC2,AVLP610,DNp08,1,2,4,2
LC4,WED124,DNg02_e,1,2,18,2
LPLC2,SAD013,DNpe021,1,1,15,2
LC4,WED107,DNge135,1,1,8,2
LC4,PLP219,DNa09,2,2,735,2
LC4,AVLP500,DNd03,1,1,5,2
LC4,WED107,DNge136,1,2,16,2
LPLC2,OA-VUMa4,DNg74_a,1,2,118,2
LPLC2,AVLP610,DNge063,1,2,12,2
LC4,AVLP083,DNge138,1,2,6,2
LC4,PPM1203,DNg30,1,2,12,2
LC4,TmY18,DNp11,2,2,2,2
LPLC2,AVLP610,DNge105,1,1,2,2
LPLC2,LoVP48,DNpe022,1,1,1,2
LPLC2,AVLP610,DNge129,1,2,12,2
LPLC2,AVLP509,DNg30,1,2,4,2
LC4,PPM1203,DNg104,1,1,6,2
LC4,CB1948,DNg105,1,2,2,2
LC4,PLP301m,DNpe020,1,1,2,2
LC4,TmY19b,DNp30,1,1,3,2
LPLC2,AVLP610,DNge141,1,1,2,2
LC4,WED124,DNg13,1,1,9,2
LC4,TmY21,DNp27,2,2,3,2
LPLC2,LoVP48,DNp27,1,1,1,2
LC4,PLP219,DNg82,1,1,71,2
LPLC2,PVLP010,DNge138,1,1,19,2
LC4,CB1932,DNp43,1,1,188,2
LPLC2,OA-VUMa4,DNa08,1,1,59,2
LPLC2,Nod3,DNge138,1,1,5,2
LC4,WED124,DNae004,1,1,9,2
LC4,PLP300m,DNge042,1,1,10,2
LC4,CB1932,DNp02,2,2,76,2
LC4,UNKNOWN,DNp55,1,1,1,2
LC4,UNKNOWN,DNpe025,2,2,7,2
LPLC2,LoVP35,DNp27,2,2,4,2
LC4,AVLP076,pMP2,1,1,1,2
LC4,WED107,DNpe006,1,1,1,2
LC4,CB1948,DNg09_a,2,2,3,2
LC4,WED061,DNd03,1,1,5,2
LC4,PLP300m,DNp56,2,2,17,2
LC4,CB1932,DNp04,2,2,21,2
LC4,PLP300m,DNge007,2,2,12,2
LC4,PLP230,DNae010,1,1,1,2
LC4,PLP300m,DNg90,2,2,9,2
LPLC2,AVLP705m,DNpe031,1,1,1,2
LC4,AVLP452,DNpe037,1,1,487,2
LPLC2,LoVP26,DNp18,1,1,17,2
LC4,PLP300m,DNg63,1,1,10,2
LPLC2,OA-VUMa4,DNg29,2,2,138,2
LC4,WED060,pIP1,1,1,14,2
LPLC2,AVLP610,pIP1,1,1,6,2
LPLC2,PVLP011,DNge054,1,1,6983,2
LC4,WED061,DNp35,1,1,1,2
LPLC2,OA-VUMa4,DNg36_a,1,1,79,2
LC4,PLP300m,DNp34,1,1,7,2
LPLC2,AVLP610,DNp71,2,2,8,2
LC4,CB1932,DNg45,1,1,13,2
LC4,PLP300m,DNge098,1,1,7,2
LPLC2,Nod5,aSP22,1,1,8,2
LPLC2,CB0115,DNg35,1,1,25,2
LC4,PLP300m,DNge073,1,1,7,2
LPLC2,CB0115,DNg104,2,2,35,2
LPLC2,PVLP010,DNp05,2,2,32,2
LC4,WED107,DNp103,1,1,1,2
LC4,AVLP490,DNp29,1,1,1,2
LC4,UNKNOWN,DNp27,2,2,2,2
LPLC2,LoVP26,DNp104,1,2,4,2
LPLC2,TmY19b,DNp30,1,1,3,2
LC4,CB1932,DNge138,2,2,60,2
LC4,PLP300m,DNge048,2,2,9,2
LC4,AVLP083,DNc02,1,1,3,2
LC4,WED061,DNp55,1,1,5,2
LPLC2,AVLP610,MDN,2,2,8,2
LC4,WED061,DNp43,2,2,6,2
LC4,PLP219,DNp04,2,2,735,2
LC4,PLP208,DNpe056,2,2,8,2
LC4,PS002,DNge053,1,1,4,2
LC4,PS304,DNge054,1,1,1,2
LC4,PS304,DNde005,1,1,1,2
LC4,PS182,DNpe013,1,1,5,2
LC4,PS181,DNp01,1,1,2,2
LPLC2,CB0738,DNp69,1,1,3,2
LC4,PS304,DNge037,1,1,1,2
LPLC2,PVLP015,DNge119,1,1,142,2
LPLC2,CB0738,DNp55,1,1,3,2
LC4,SAD073,DNb05,2,2,6,2
LC4,AVLP476,DNp01,1,1,6,2
LC4,PS181,DNge119,1,1,2,2
LC4,SAD073,DNpe026,1,1,3,2
LC4,PS304,DNge041,1,1,1,2
LC4,PS304,DNge050,1,1,1,2
LC4,WED127,DNpe004,1,1,123,2
LC4,PS181,DNg04,1,1,2,2
LPLC2,MeVPOL1,DNp32,2,2,7,2
LPLC2,AVLP539,DNp12,1,1,1,2
LC4,CB1314,DNge039,1,1,2,2
LPLC2,LoVP24,DNp47,1,1,2,2
LC4,CB1314,DNge094,1,1,4,2
LC4,SAD073,DNbe004,1,2,6,2
LPLC2,MeVPMe1,DNc02,1,1,1,2
LC4,WED104,DNp71,1,1,4,2
LC4,CB1557,DNg56,1,1,7,2
LC4,PS304,DNg81,1,1,1,2
LC4,CB1314,DNge138,2,2,5,2
LPLC2,AVLP539,,1,1,1,2
LPLC2,LoVP53,DNp38,2,2,87,2
LPLC2,AVLP531,DNp47,1,1,3025,2
LPLC2,LoVP53,DNp35,2,2,87,2
LPLC2,CB1044,DNp12,1,1,1,2
LC4,PS182,DNpe010,1,1,5,2
LPLC2,AVLP539,DNp09,1,1,1,2
LC4,CB1557,DNge011,1,1,7,2
LPLC2,WED046,DNp30,1,1,6,2
LPLC2,SAD014,pIP1,1,1,8,2
LPLC2,WED046,DNp01,1,1,6,2
LC4,PS180,DNpe010,1,2,4,2
LPLC2,AVLP531,DNp03,1,1,3025,2
LC4,PS304,DNge083,1,1,1,2
LPLC2,OA-VUMa4,DNp102,1,1,79,2
LC4,SAD098,DNg29,1,1,26,2
LC4,WED104,DNae007,1,1,4,2
LC4,SAD098,DNg32,1,2,52,2
LC4,SAD098,DNg40,1,1,26,2
LPLC2,LoVP54,DNp09,2,2,201,2
LPLC2,AVLP537,DNp64,1,1,3,2
LPLC2,PVLP014,DNpe040,1,1,3,2
LC4,PLP093,pIP1,2,2,222,2
LC4,WED127,DNae001,1,1,123,2
LPLC2,OA-AL2i2,DNc01,2,2,25,2
LPLC2,AVLP537,DNp35,2,2,11,2
LC4,PLP208,DNg02_f,2,2,8,2
LC4,CB2153,DNge016,1,1,2,2
LPLC2,LoVP53,DNp103,2,2,87,2
LC4,PLP208,DNbe005,1,1,7,2
LPLC2,SAD013,DNp09,1,1,150,2
LC4,CB1958,pIP1,1,1,79,2
LPLC2,OA-VUMa4,DNp59,2,2,138,2
LPLC2,AVLP539,DNp69,1,1,1,2
LC4,PLP099,DNb05,1,1,11,2
LPLC2,SAD014,DNpe042,2,2,22,2
LPLC2,AVLP539,DNp71,1,1,1,2
LPLC2,AVLP539,DNpe020,1,2,2,2
LPLC2,SAD014,DNp69,1,1,14,2
LC4,SAD073,DNa14,1,1,3,2
LPLC2,LoVP53,DNp19,1,1,42,2
LPLC2,CB1108,DNp68,1,1,8,2
LC4,PS181,DNg02_b,1,2,4,2
LC4,PS304,DNge060,1,1,1,2
LPLC2,AVLP539,DNpe039,1,1,1,2
LPLC2,AVLP537,DNpe031,1,1,8,2
LC4,SAD073,DNpe056,1,1,3,2
LC4,AVLP094,,1,1,46,2
LPLC2,MeVPMe1,DNge026,1,1,1,2
LPLC2,AVLP538,MDN,1,1,29,2
LPLC2,OA-VUMa4,DNp54,2,2,138,2
LC4,SAD073,DNg111,2,2,9,2
LPLC2,CB0929,DNp70,2,2,48,2
LPLC2,AVLP538,DNp13,1,1,11,2
LC4,WED104,DNbe003,1,1,4,2
LPLC2,AVLP538,DNp14,1,1,29,2
LC4,PS182,DNp27,1,1,1,2
LC4,PS182,DNp70,2,2,6,2
LC4,PS304,DNg107,1,1,1,2
LC4,PS304,DNg109,1,1,1,2
LPLC2,AVLP538,DNp30,1,1,11,2
LC4,AVLP501,DNp103,1,1,1,2
LPLC2,PVLP015,DNg01_unclear,1,1,43,2
LC4,CB2153,DNp69,1,1,2,2
LC4,PS182,DNp103,2,2,6,2
LC4,CB2153,DNg30,1,1,2,2
LC4,CB2153,DNg51,1,1,2,2
LC4,PLP099,DNp54,2,2,34,2
LPLC2,AVLP531,DNp62,1,1,1610,2
LC4,WED104,DNpe041,1,1,4,2
LPLC2,OA-VUMa4,DNp70,1,1,79,2
LPLC2,AVLP538,DNg30,1,1,29,2
LC4,AVLP501,DNp32,1,2,2,2
LPLC2,PS182,DNa09,1,1,3,2
LC4,CB2153,DNp55,1,2,4,2
LC4,PLP150,DNp12,2,2,152,2
LC4,WED104,DNg102,1,1,4,2
LC4,WED127,DNp33,1,1,26,2
LC4,CB2153,DNg94,1,1,2,2
LC4,WED127,DNp26,1,1,123,2
LC4,SAD073,DNg52,2,2,9,2
LC4,AVLP016,DNp31,2,2,115,2
LC4,PLP150,DNg79,2,2,95,2
LPLC2,PVLP015,DNge103,1,1,142,2
LPLC2,CB1108,DNpe021,1,1,8,2
LC4,AVLP094,DNg24,1,1,154,2
LPLC2,OA-VUMa4,DNp46,1,1,59,2
LC4,PS038,DNbe004,2,2,2,2
LPLC2,AVLP538,DNp42,1,1,11,2
LC4,PS182,DNg01_b,1,1,1,2
LPLC2,MeVPMe1,DNa16,1,1,1,2
LPLC2,SAD023,DNge145,1,1,16,2
LPLC2,AVLP538,DNpe026,2,2,40,2
LPLC2,AVLP531,DNpe039,2,2,4635,2
LPLC2,PVLP015,DNg02_f,1,1,43,2
LC4,WED166_d,DNge147,1,1,1,2
LC4,AVLP094,DNp06,1,1,154,2
LPLC2,AVLP538,DNa02,1,1,29,2
LPLC2,PS182,DNg02_g,1,2,6,2
LPLC2,PS182,DNg26,1,2,6,2
LPLC2,LoVP24,DNge043,1,1,1,2
LC4,SAD073,DNge079,2,2,6,2
LC4,WED127,DNg41,1,1,26,2
LC4,CB1557,DNg104,1,1,7,2
LPLC2,AVLP531,DNp68,1,1,3025,2
LC4,WED127,DNp56,2,2,149,2
LPLC2,CB0929,DNp27,2,2,27,2
LC4,WED127,DNp02,1,1,123,2
LPLC2,PS182,DNb09,1,1,3,2
LPLC2,MeVPMe2,DNg46,1,1,1,2
LC4,CB1498,DNp64,2,2,374,2
LC4,SAD073,DNp30,1,1,3,2
LC4,SAD073,DNp32,2,2,9,2
LPLC2,AVLP538,DNp62,2,2,40,2
LC4,PS182,DNg26,1,2,10,2
LPLC2,CB1108,DNpe040,1,1,8,2
LC4,AVLP094,DNpe031,1,1,46,2
LC4,PS182,DNg03,1,1,1,2
LPLC2,SAD023,DNge184,2,2,98,2
LC4,CB2153,DNg24,1,2,4,2
LPLC2,PVLP015,DNae009,1,1,43,2
LPLC2,MeVPMe2,DNg95,1,1,1,2
LC4,CB2254,DNg29,1,1,8,2
LC4,CB1638,DNge130,2,2,18,2
LC4,SAD073,DNge048,1,1,3,2
LC4,AVLP451,DNp34,1,1,1,2
LC4,WED125,DNpe025,1,1,311,2
LC4,PLP106,DNpe021,2,2,61,2
LC4,SAD073,DNg74_b,1,1,6,2
LC4,SAD106,DNg106,1,2,50,2
LPLC2,AVLP536,DNp45,1,1,1,2
LC4,WED187,DNpe052,1,2,2,2
LPLC2,AVLP536,DNp35,1,1,1,2
LPLC2,LoVP54,DNp45,1,1,96,2
LPLC2,MeVPLp1,DNpe055,1,1,1,2
LPLC2,PS182,DNpe037,1,1,3,2
LPLC2,CB0431,DNd05,1,1,16,2
LPLC2,AVLP577,DNp64,1,1,17,2
LC4,PLP208,DNp47,1,1,1,2
LC4,AVLP094,DNpe020,1,1,154,2
LC4,PLP208,"DNp51,DNpe019",2,2,8,2
LC4,SAD073,DNg75,1,1,3,2
LPLC2,PVLP014,DNpe020,1,1,3,2
LPLC2,PS181,DNpe020,2,2,34,2
LPLC2,AVLP509,DNpe042,1,1,9,2
LC4,CB1958,DNp69,2,2,158,2
LC4,AVLP094,DNp66,1,1,154,2
LPLC2,LT77,DNg79,1,1,1,2
LPLC2,LoVP53,DNg84,1,1,42,2
LPLC2,PVLP015,DNge054,1,1,142,2
LC4,PS304,DNa06,1,1,1,2
LC4,WED106,DNb05,1,1,2,2
LPLC2,AVLP577,DNp09,1,1,17,2
LPLC2,LoVP53,DNg56,1,1,45,2
LC4,PLP093,DNp63,1,1,99,2
LC4,CB1314,DNp69,1,1,3,2
LC4,PS304,DNge114,1,1,1,2
LPLC2,AVLP517,DNc02,1,1,34,2
LC4,WED125,DNpe026,1,1,287,2
LC4,AVLP093,DNp11,1,1,2,2
LC4,SAD106,DNg108,2,2,35,2
LC4,PLP208,DNp57,1,1,7,2
LPLC2,PS208,DNa07,1,1,1,2
LPLC2,OA-VUMa4,DNp03,2,2,138,2
LPLC2,OA-AL2i1,DNp30,2,2,19,2
LPLC2,AVLP509,DNp04,1,1,2,2
LPLC2,AVLP591,DNp43,1,1,8,2
LC4,AVLP016,DNp23,1,1,58,2
LC4,PS038,DNp11,2,2,2,2
LPLC2,AVLP509,DNg40,1,1,2,2
LC4,WED072,DNpe042,2,2,3,2
LC4,PS304,DNbe005,1,1,1,2
LC4,SAD064,DNp32,2,2,422,2
LC4,WED125,DNpe012_a,2,2,556,2
LC4,PLP208,DNpe045,2,2,8,2
LC4,AVLP476,DNge174,1,1,6,2
LC4,PS038,DNp06,2,2,2,2
LC4,WED127,DNpe040,1,1,123,2
LC4,AVLP085,DNpe052,1,1,7,2
LC4,CB1314,DNp29,1,1,4,2
LPLC2,OA-VUMa4,DNpe017,2,2,138,2
LC4,CB1649,DNg01_a,1,1,1,2
LPLC2,AVLP536,DNp04,1,1,1,2
LC4,PLP208,DNpe003,2,2,8,2
LPLC2,LoVP53,DNbe001,1,1,45,2
LC4,PS112,DNae006,1,1,2,2
LC4,SAD064,DNp42,2,2,920,2
LC4,AVLP016,DNp62,1,1,58,2
LPLC2,AVLP509,DNp34,2,2,11,2
LPLC2,AVLP591,DNd05,2,2,17,2
LC4,AVLP016,DNp64,1,1,58,2
LPLC2,AVLP509,DNp11,1,1,9,2
LPLC2,PVLP015,DNge032,1,1,142,2
LC4,CB2153,DNp10,1,2,4,2
LC4,SAD106,DNg45,1,1,25,2
LC4,PS112,DNa04,1,2,4,2
LPLC2,PVLP014,DNp27,2,2,30,2
LC4,AVLP016,DNp54,1,1,58,2
LC4,SAD098,DNp73,1,1,26,2
LC4,PS112,DNp31,1,1,2,2
LPLC2,AVLP572,DNd05,1,1,1,2
LPLC2,CB0431,DNp63,1,1,16,2
LC4,PLP208,DNg110,1,1,1,2
LPLC2,AVLP537,DNp11,1,1,8,2
LC4,PS304,DNge094,1,2,2,2
LC4,AVLP451,DNp45,1,1,1,2
LC4,CB1958,DNpe002,1,1,79,2
LPLC2,LoVP54,pIP1,2,2,201,2
LC4,AVLP016,DNp56,1,1,57,2
LC4,AVLP093,DNp63,1,1,2,2
LC4,PS304,DNde001,1,1,1,2
LC4,PS180,DNb04,1,2,4,2
LC4,PS180,DNb01,1,1,2,2
LPLC2,LoVP24,DNpe016,1,1,2,2
LPLC2,LoVP53,DNge132,1,1,42,2
LC4,WED104,DNge011,1,1,4,2
LPLC2,OA-VUMa4,DNp10,1,1,79,2
LC4,PS180,DNg01_a,1,2,4,2
LC4,WED127,DNa06,2,2,201,2
LPLC2,OA-AL2i2,DNa01,1,1,15,2
LPLC2,AVLP552,DNp34,1,1,1,2
LC4,AVLP016,DNge138,1,1,57,2
LPLC2,OA-VUMa4,DNp101,1,2,118,2
LC4,PS180,DNpe005,1,1,2,2
LPLC2,WED046,DNp32,1,1,6,2
LC4,SAD098,DNge039,1,1,26,2
LPLC2,CB0431,DNpe016,1,1,16,2
LC4,PS180,DNg71,1,1,2,2
LC4,SAD073,DNge007,2,2,6,2
LPLC2,AVLP537,DNp29,2,2,11,2
LC4,PLP208,DNg04,1,1,7,2
LPLC2,SAD014,DNp04,2,2,21,2
LPLC2,PS181,DNp09,2,2,34,2
LC4,AVLP093,DNpe021,2,2,4,2
LC4,AVLP093,DNpe005,1,1,2,2
LPLC2,WED060,DNp42,2,2,37,2
LPLC2,AVLP531,DNd02,1,1,3025,2
LPLC2,LoVP23,DNpe021,2,2,3,2
LC4,PLP208,DNg41,1,1,1,2
LPLC2,TmY5a,DNp30,2,2,2,2
LC4,WED104,DNg39,1,1,4,2
LC4,PS112,DNp59,1,1,2,2
LC4,AVLP500,DNp66,1,1,3,2
LC4,WED127,DNpe024,1,1,123,2
LC4,PS112,DNp57,1,1,2,2
LPLC2,WED046,DNge138,1,1,6,2
LPLC2,OA-VUMa4,DNpe016,2,2,138,2
LC4,PLP106,DNpe037,1,1,20,2
LPLC2,AVLP517,DNp55,1,1,67,2
LC4,AVLP501,DNpe052,1,1,1,2
LC4,WED125,pIP1,1,1,311,2
LPLC2,WED046,DNp70,1,1,6,2
LC4,CB1638,DNpe024,1,1,13,2
LC4,PS180,DNae009,1,1,2,2
LC4,PS304,DNge103,1,1,1,2
LC4,SAD064,DNpe024,2,2,651,2
LC4,CB1638,DNpe021,2,2,14,2
LPLC2,PS182,DNpe010,1,1,3,2
LC4,WED187,DNge111,1,1,1,2
LC4,PS180,DNa16,1,1,2,2
LC4,WED187,DNge113,1,1,1,2
LC4,PLP106,DNg02_a,1,1,2,2
LC4,PS182,DNp59,2,2,6,2
LC4,WED072,aSP22,2,2,2,2
LC4,SAD064,DNp73,2,2,565,2
LPLC2,PS182,DNpe013,1,1,3,2
LPLC2,AVLP572,DNp71,1,1,1,2
LPLC2,Nod5,DNp15,1,1,8,1
LPLC2,LT78,DNpe056,1,1,2,1
LPLC2,SAD073,DNpe020,1,1,22,1
LPLC2,PVLP123,DNc02,1,1,101,1
LPLC2,PLP060,DNg75,1,1,11,1
LPLC2,Nod5,DNp12,1,1,2,1
LPLC2,LT77,DNp26,1,1,3,1
LPLC2,TmY13,DNp30,1,1,3,1
LPLC2,PVLP123,DNd03,1,1,50,1
LPLC2,TmY16,DNp27,1,1,1,1
LPLC2,PVLP203m,DNpe025,1,1,2,1
LPLC2,PVLP122,DNg91,1,1,363,1
LPLC2,MeVCMe1,DNg45,1,1,11,1
LPLC2,LoVC17,DNa02,1,1,1,1
LPLC2,SAD073,DNge083,1,1,22,1
LPLC2,LoVC17,DNae009,1,1,1,1
LPLC2,LoVC17,DNb01,1,1,1,1
LPLC2,PVLP123,DNge073,1,1,1,1
LPLC2,OA-AL2i2,DNg75,1,1,5,1
LPLC2,PLP060,DNp102,1,1,11,1
LPLC2,OA-AL2i2,DNb03,1,1,13,1
LPLC2,TmY18,DNc01,1,1,1,1
LPLC2,TmY17,DNp30,1,1,1,1
LPLC2,OA-AL2i2,DNc02,1,1,15,1
LPLC2,PVLP123,DNg56,1,1,50,1
LPLC2,SAD073,DNge099,1,1,22,1
LPLC2,Nod5,DNa06,1,1,2,1
LPLC2,OA-AL2i2,DNge047,1,1,12,1
LPLC2,PVLP122,DNa06,1,1,363,1
LPLC2,WED210,DNp42,1,1,1,1
LPLC2,Nod4,DNpe027,1,1,7,1
LPLC2,LoVC18,DNg34,1,1,3,1
LPLC2,PVLP148,DNp35,1,1,36,1
LPLC2,PLP060,DNp15,1,1,11,1
LPLC2,LoVC18,DNg40,1,1,6,1
LPLC2,OA-AL2i2,DNge141,1,1,13,1
LPLC2,PLP060,DNp27,1,1,11,1
LPLC2,PVLP206m,DNp34,1,1,120,1
LPLC2,PVLP203m,DNge037,1,1,2,1
LPLC2,PLP060,DNp31,1,1,11,1
LPLC2,PVLP144,DNge119,1,1,7,1
LPLC2,MeVCMe1,DNg12_d,1,1,11,1
LPLC2,LT81,DNbe004,1,1,1,1
LPLC2,PVLP122,DNa04,1,1,363,1
LPLC2,SAD073,DNpe037,1,1,22,1
LPLC2,TmY10,DNp11,1,1,1,1
LPLC2,LT79,pIP1,1,1,11,1
LPLC2,PLP060,DNge123,1,1,11,1
LPLC2,WED210,DNp33,1,1,1,1
LPLC2,PLP060,DNg82,1,1,11,1
LPLC2,OA-AL2i2,DNbe001,1,1,13,1
LPLC2,MeVCMe1,DNge008,1,1,11,1
LPLC2,PLP060,DNge054,1,1,11,1
LPLC2,Nod5,DNge006,1,1,8,1
LPLC2,Nod5,DNg64,1,1,8,1
LPLC2,TmY13,DNc01,1,1,1,1
LPLC2,OA-AL2i2,DNbe005,1,1,13,1
LPLC2,TmY10,DNp27,1,1,1,1
LPLC2,PLP034,DNp56,1,1,3,1
LPLC2,LoVC18,DNg09_b,1,1,3,1
LPLC2,PVLP144,DNge030,1,1,3,1
LPLC2,MeVCMe1,DNg91,1,1,6,1
LPLC2,OA-VUMa4,DNae005,1,1,79,1
LPLC2,PVLP122,DNa16,1,1,580,1
LPLC2,LoVC18,DNg111,1,1,6,1
LPLC2,OA-VUMa4,DNae007,1,1,59,1
LPLC2,LT79,DNpe031,1,1,1,1
LPLC2,LoVC18,DNg22,1,1,3,1
LPLC2,Nod5,DNg36_a,1,1,8,1
LPLC2,PVLP123,DNc01,1,1,101,1
LPLC2,PVLP141,DNge026,1,1,29,1
LPLC2,PVLP141,DNge007,1,1,29,1
LPLC2,MeVCMe1,DNg81,1,1,3,1
LPLC2,PVLP144,DNge047,1,1,7,1
LPLC2,MeVCMe1,DNg49,1,1,3,1
LPLC2,LT79,DNpe052,1,1,11,1
LPLC2,PVLP141,DNg97,1,1,29,1
LPLC2,OA-AL2i2,DNge149,1,1,5,1
LPLC2,LoVC17,DNb04,1,1,1,1
LPLC2,VS,DNge070,1,1,1,1
LPLC2,LoVC18,DNg08,1,1,5,1
LPLC2,PLP059,DNpe056,1,1,2,1
LPLC2,PVLP144,DNpe003,1,1,3,1
LPLC2,LoVC17,DNp27,1,1,1,1
LPLC2,OA-ASM1,DNp10,1,1,5,1
LPLC2,PVLP144,DNp27,1,1,3,1
LPLC2,OA-ASM1,DNc02,1,1,2,1
LPLC2,PVLP203m,DNp46,1,1,2,1
LPLC2,OA-AL2i2,DNpe037,1,1,15,1
LPLC2,OA-AL2i2,DNpe025,1,1,13,1
LPLC2,MeVP14,DNp27,1,1,1,1
LPLC2,MeVP18,DNge138,1,1,12,1
LPLC2,MeVP17,DNp27,1,1,2,1
LPLC2,TmY14,DNc02,1,1,1,1
LPLC2,PVLP144,DNd05,1,1,3,1
LPLC2,PLP060,DNae010,1,1,11,1
LPLC2,LoVC17,DNp49,1,1,1,1
LPLC2,MeVP17,DNp35,1,1,2,1
LPLC2,PLP059,DNge141,1,1,2,1
LPLC2,OA-AL2i1,DNp103,1,1,12,1
LPLC2,LoVC17,DNp57,1,1,1,1
LPLC2,PVLP141,DNp59,1,1,17,1
LPLC2,PVLP203m,DNge119,1,1,2,1
LPLC2,OA-ASM1,DNp32,1,1,6,1
LPLC2,VS,DNge115,1,1,8,1
LPLC2,MeVCMe1,pIP1,1,1,11,1
LPLC2,TmY15,DNc02,1,1,1,1
LPLC2,LT78,DNp11,1,1,2,1
LPLC2,PLP059,DNbe001,1,1,5,1
LPLC2,PVLP203m,DNp13,1,1,2,1
LPLC2,LoVC18,DNa16,1,1,5,1
LPLC2,VS,DNge179,1,1,20,1
LPLC2,PVLP141,DNpe020,1,1,29,1
LPLC2,LT78,DNp07,1,1,1,1
LPLC2,LoVC18,DNae009,1,1,5,1
LPLC2,PVLP203m,pMP2,1,1,2,1
LPLC2,OA-AL2i1,DNp101,1,1,7,1
LPLC2,VS,DNp102,1,1,8,1
LPLC2,PVLP144,DNp29,1,1,3,1
LPLC2,PLP060,DNa02,1,1,11,1
LPLC2,PVLP144,DNg02_e,1,1,3,1
LPLC2,PLP060,DNa15,1,1,11,1
LPLC2,LT78,DNbe003,1,1,2,1
LPLC2,PVLP144,DNp68,1,1,3,1
LPLC2,PVLP144,DNae007,1,1,7,1
LPLC2,OA-AL2i1,DNpe009,1,1,12,1
LPLC2,LoVC17,DNpe017,1,1,1,1
LPLC2,PLP060,DNa16,1,1,11,1
LPLC2,OA-AL2i2,DNpe020,1,1,5,1
LPLC2,PVLP203m,DNpe003,1,1,2,1
LPLC2,PVLP203m,DNpe050,1,1,2,1
LPLC2,LoVC17,DNpe021,1,1,1,1
LPLC2,PVLP203m,DNpe043,1,1,2,1
LPLC2,OA-AL2i2,DNp34,1,1,13,1
LPLC2,MeVP18,DNa11,1,1,1,1
LPLC2,PVLP203m,DNpe022,1,1,2,1
LPLC2,OA-AL2i2,DNp12,1,1,13,1
LPLC2,PVLP203m,DNpe024,1,1,2,1
LPLC2,OA-AL2i1,DNpe031,1,1,12,1
LPLC2,PVLP203m,aSP22,1,1,2,1
LPLC2,LoVC17,DNp59,1,1,1,1
LPLC2,OA-AL2i1,DNpe053,1,1,7,1
LPLC2,LoVC17,DNpe002,1,1,1,1
LPLC2,LT78,DNp05,1,1,1,1
LPLC2,PLP060,DNae003,1,1,11,1
LPLC2,PLP060,DNa04,1,1,11,1
LPLC2,MeVP18,DNg40,1,1,17,1
LPLC2,SAD073,DNp09,1,1,22,1
LPLC2,LT78,DNa07,1,1,2,1
LPLC2,OA-AL2i1,DNpe050,1,1,7,1
LPLC2,OA-AL2i1,DNp15,1,1,12,1
LPLC2,PVLP144,DNp53,1,1,3,1
LPLC2,LoVC18,DNa01,1,1,7,1
LPLC2,PLP060,DNa06,1,1,11,1
LPLC2,PVLP203m,DNp66,1,1,2,1
LPLC2,PLP060,DNa07,1,1,11,1
LPLC2,PVLP122,DNpe018,1,1,363,1
LPLC2,PVLP122,DNp63,1,1,5,1
LPLC2,SAD073,DNp102,1,1,22,1
LPLC2,SAD073,DNp32,1,1,22,1
LPLC2,LT78,DNpe050,1,1,1,1
LPLC2,PVLP123,DNa07,1,1,50,1
LPLC2,OA-AL2i1,DNb03,1,1,12,1
LPLC2,MeVCMe1,DNp01,1,1,6,1
LPLC2,OA-AL2i1,DNb04,1,1,12,1
LPLC2,SAD073,DNge142,1,1,22,1
LPLC2,PVLP141,DNge134,1,1,17,1
LPLC2,LT78,DNpe016,1,1,1,1
LPLC2,MeVCMe1,DNp06,1,1,3,1
LPLC2,LT77,DNp42,1,1,1,1
LPLC2,PVLP122,DNp27,1,1,363,1
LPLC2,PLP060,DNg01_b,1,1,11,1
LPLC2,MeVCMe1,DNp09,1,1,11,1
LPLC2,OA-VUMa4,DNa07,1,1,59,1
LPLC2,PLP034,DNpe021,1,1,3,1
LPLC2,LoVC18,DNd02,1,1,6,1
LPLC2,PVLP206m,DNg39,1,1,92,1
LPLC2,PVLP122,DNpe056,1,1,15,1
LPLC2,MeVCMe1,DNge137,1,1,10,1
LPLC2,PVLP141,DNge053,1,1,17,1
LPLC2,MeVCMe1,DNp103,1,1,6,1
LPLC2,PVLP123,DNbe002,1,1,50,1
LPLC2,LoVC17,DNb07,1,1,1,1
LPLC2,LoVC18,DNg04,1,1,3,1
LPLC2,MeVCMe1,DNge026,1,1,10,1
LPLC2,PVLP122,DNge054,1,1,15,1
LPLC2,PVLP122,DNge130,1,1,6,1
LPLC2,PLP034,DNpe002,1,1,3,1
LPLC2,PVLP148,DNp103,1,1,9,1
LPLC2,OA-AL2i1,DNa02,1,1,12,1
LPLC2,SAD073,DNpe001,1,1,22,1
LPLC2,PVLP144,DNg13,1,1,3,1
LPLC2,PLP060,DNg04,1,1,11,1
LPLC2,LT77,DNp34,1,1,3,1
LPLC2,OA-AL2i2,DNp03,1,1,13,1
LPLC2,MeVCMe1,DNge106,1,1,10,1
LPLC2,OA-AL2i1,DNae002,1,1,7,1
LPLC2,PVLP144,DNg104,1,1,3,1
LPLC2,WED210,DNge152,1,1,1,1
LPLC2,PVLP144,DNg06,1,1,7,1
LPLC2,PVLP203m,DNge082,1,1,2,1
LPLC2,LoVC17,DNge054,1,1,1,1
LPLC2,WED210,DNp19,1,1,1,1
LPLC2,PVLP144,DNp13,1,1,3,1
LPLC2,MeVCMe1,DNpe005,1,1,3,1
LPLC2,OA-AL2i1,DNge115,1,1,12,1
LPLC2,SAD073,DNge144,1,1,22,1
LPLC2,PVLP144,DNg02_f,1,1,3,1
LPLC2,MeVCMe1,DNpe024,1,1,3,1
LPLC2,VS,DNp47,1,1,7,1
LPLC2,PVLP141,DNp06,1,1,29,1
LPLC2,MeVCMe1,DNpe037,1,1,6,1
LPLC2,MeVCMe1,DNpe043,1,1,3,1
LPLC2,OA-ASM1,DNp49,1,1,6,1
LPLC2,SAD073,DNp34,1,1,22,1
LPLC2,PLP034,aSP22,1,1,3,1
LPLC2,LT78,DNp26,1,1,1,1
LPLC2,LoVC17,DNge094,1,1,1,1
LPLC2,PLP060,DNde003,1,1,11,1
LPLC2,MeVCMe1,DNp70,1,1,3,1
LPLC2,LoVC17,DNbe004,1,1,1,1
LPLC2,PVLP144,DNp07,1,1,7,1
LPLC2,MeVCMe1,DNp23,1,1,11,1
LPLC2,LT77,DNp55,1,1,2,1
LPLC2,OA-AL2i1,DNbe001,1,1,7,1
LPLC2,VS,DNge093,1,1,3,1
LPLC2,PVLP122,DNp47,1,1,6,1
LPLC2,LT77,DNpe002,1,1,2,1
LPLC2,PVLP206m,DNg30,1,1,120,1
LPLC2,LoVC18,DNbe004,1,1,3,1
LPLC2,PVLP144,DNg03,1,1,3,1
LPLC2,WED210,DNp26,1,1,1,1
LPLC2,SAD073,DNp57,1,1,22,1
LPLC2,LoVC17,DNg02_b,1,1,1,1
LPLC2,LT77,DNpe005,1,1,3,1
LPLC2,LoVC17,DNge041,1,1,1,1
LPLC2,PLP060,DNg01_a,1,1,11,1
LPLC2,SAD073,DNp55,1,1,22,1
LPLC2,PVLP203m,DNge036,1,1,2,1
LPLC2,PVLP151,DNp05,1,1,2073,1
LPLC2,SAD073,DNpe043,1,1,22,1
LPLC2,T5a,DNp27,1,1,1,1
LPLC2,Li32,DNp11,1,1,7,1
LPLC2,OLVC4,DNp11,1,1,1,1
LPLC2,LT83,DNp04,1,1,7,1
LPLC2,MeVPOL1,DNpe026,1,1,4,1
LPLC2,OLVC5,DNa03,1,1,1,1
LPLC2,MeVPLp1,DNg93,1,1,1,1
LPLC2,V1,DNge107,1,1,3,1
LPLC2,OLVC5,DNa16,1,1,3,1
LPLC2,Nod1,DNa03,1,1,4,1
LPLC2,PVLP127,DNpe021,1,1,1,1
LPLC2,OLVC5,DNae006,1,1,1,1
LPLC2,LT82b,DNpe050,1,1,24,1
LPLC2,PVLP127,DNp64,1,1,1,1
LPLC2,OLVC5,DNae010,1,1,3,1
LPLC2,OLVC5,DNb01,1,1,3,1
LPLC2,Li34a,DNp27,1,1,3,1
LPLC2,Li34b,DNp27,1,1,1,1
LPLC2,LT82b,DNpe015,1,1,24,1
LPLC2,LT82b,DNpe005,1,1,17,1
LPLC2,MeVPLp1,DNg46,1,1,1,1
LPLC2,LT82b,DNp53,1,1,24,1
LPLC2,MeVPLp1,DNg29,1,1,1,1
LPLC2,OLVC5,DNbe005,1,1,3,1
LPLC2,PVLP151,DNpe043,1,1,1320,1
LPLC2,PVLP151,DNpe052,1,1,1283,1
LPLC2,OLVC3,DNpe004,1,1,1,1
LPLC2,PVLP137,DNge026,1,1,188,1
LPLC2,Li38,DNp27,1,1,8,1
LPLC2,LT83,DNp35,1,1,3,1
LPLC2,T5d,DNc02,1,1,2,1
LPLC2,Li22,DNp27,1,1,1,1
LPLC2,PVLP128,DNg42,1,1,3,1
LPLC2,MeVPMe2,DNp15,1,1,1,1
LPLC2,MeVPMe2,DNp53,1,1,1,1
LPLC2,Li23,DNp27,1,1,1,1
LPLC2,T5b,DNp30,1,1,1,1
LPLC2,MeVPOL1,DNb07,1,1,4,1
LPLC2,PVLP128,DNg40,1,1,4,1
LPLC2,MeVPLp1,DNge018,1,1,5,1
LPLC2,PVLP128,DNg27,1,1,1,1
LPLC2,MeVPOL1,DNp27,1,1,4,1
LPLC2,UNKNOWN,DNge054,1,1,1,1
LPLC2,Li25,DNp30,1,1,2,1
LPLC2,Tm29,DNp27,1,1,1,1
LPLC2,MeVPOL1,DNp49,1,1,4,1
LPLC2,Li26,DNp27,1,1,5,1
LPLC2,MeVPOL1,DNp69,1,1,4,1
LPLC2,LT84,DNge103,1,1,1,1
LPLC2,Li26,DNp30,1,1,3,1
LPLC2,PVLP137,DNg90,1,1,188,1
LPLC2,PVLP151,DNc01,1,1,1320,1
LPLC2,V1,DNae008,1,1,3,1
LPLC2,PVLP137,DNge007,1,1,136,1
LPLC2,OLVC3,DNp66,1,1,1,1
LPLC2,MeVPLp1,DNg12_a,1,1,5,1
LPLC2,PVLP137,DNge041,1,1,188,1
LPLC2,OLVC5,DNge004,1,1,1,1
LPLC2,LoVC15,DNb01,1,1,2,1
LPLC2,OLVC5,DNg16,1,1,3,1
LPLC2,PVLP137,DNge063,1,1,188,1
LPLC2,LoVC15,DNbe001,1,1,1,1
LPLC2,OA-VUMa4,DNge136,1,1,59,1
LPLC2,LoVC15,DNbe004,1,1,2,1
LPLC2,LT82a,pIP10,1,1,18,1
LPLC2,PVLP137,DNge065,1,1,136,1
LPLC2,PVLP126_b,DNpe031,1,1,14,1
LPLC2,OA-VUMa4,DNge127,1,1,79,1
LPLC2,TmY3,DNp30,1,1,1,1
LPLC2,OLVC5,DNg60,1,1,3,1
LPLC2,OA-VUMa4,DNge110,1,1,59,1
LPLC2,PVLP137,DNge082,1,1,188,1
LPLC2,aMe30,DNpe006,1,1,1,1
LPLC2,OA-VUMa4,DNge099,1,1,59,1
LPLC2,OLVC5,DNg89,1,1,3,1
LPLC2,PVLP126_b,DNp09,1,1,14,1
LPLC2,LoVC15,DNg01_a,1,1,1,1
LPLC2,OLVC5,DNg90,1,1,1,1
LPLC2,V1,DNpe027,1,1,3,1
LPLC2,OLVC5,DNg91,1,1,3,1
LPLC2,Nod1,DNp12,1,1,2,1
LPLC2,PVLP203m,DNae001,1,1,2,1
LPLC2,LoVC15,DNg02_c,1,1,3,1
LPLC2,PVLP137,DNge124,1,1,136,1
LPLC2,LoVC15,DNb04,1,1,3,1
LPLC2,LoVC15,DNae009,1,1,1,1
LPLC2,Li38,DNp30,1,1,8,1
LPLC2,OA-VUMa4,DNge148,1,1,59,1
LPLC2,LT82b,DNp35,1,1,17,1
LPLC2,OLVC5,DNc02,1,1,1,1
LPLC2,aMe8,DNpe021,1,1,1,1
LPLC2,LoVC1,DNbe003,1,1,2,1
LPLC2,OLVC5,DNg01_d,1,1,1,1
LPLC2,PVLP127,DNp11,1,1,1,1
LPLC2,LoVC1,DNp27,1,1,2,1
LPLC2,LT82b,DNge127,1,1,17,1
LPLC2,LT82b,DNge086,1,1,17,1
LPLC2,LoVC1,DNp56,1,1,5,1
LPLC2,OLVC5,DNg03,1,1,3,1
LPLC2,PVLP151,DNa08,1,1,2073,1
LPLC2,LT82b,DNg82,1,1,17,1
LPLC2,OLVC5,DNg09_a,1,1,3,1
LPLC2,LT82b,DNg75,1,1,17,1
LPLC2,OLVC5,DNg12_c,1,1,3,1
LPLC2,LT82b,DNg01_b,1,1,17,1
LPLC2,LT82b,DNb09,1,1,24,1
LPLC2,OA-VUMa4,DNge175,1,1,59,1
LPLC2,LT82b,DNb03,1,1,17,1
LPLC2,V1,DNpe004,1,1,3,1
LPLC2,LoVC15,DNa10,1,1,2,1
LPLC2,PVLP151,pIP10,1,1,2073,1
LPLC2,TmY4,DNp30,1,1,1,1
LPLC2,PVLP203m,DNa01,1,1,2,1
LPLC2,PVLP137,DNg69,1,1,188,1
LPLC2,PVLP137,DNg66,1,1,188,1
LPLC2,OLVC3,DNg02_b,1,1,1,1
LPLC2,PVLP130,DNpe052,1,1,1200,1
LPLC2,PVLP130,DNpe050,1,1,1200,1
LPLC2,PVLP130,DNpe037,1,1,1200,1
LPLC2,OA-VUMa4,DNpe032,1,1,79,1
LPLC2,MeVPLp1,DNp102,1,1,5,1
LPLC2,PVLP137,DNg101,1,1,188,1
LPLC2,OA-VUMa4,DNpe009,1,1,79,1
LPLC2,OA-VUMa4,DNpe039,1,1,79,1
LPLC2,UNKNOWN,DNp69,1,1,1,1
LPLC2,LT86,DNpe022,1,1,2,1
LPLC2,LT86,DNpe032,1,1,2,1
LPLC2,Tm20,DNc01,1,1,1,1
LPLC2,MeVPLp2,DNp30,1,1,1,1
LPLC2,PVLP137,DNg105,1,1,188,1
LPLC2,OA-VUMa4,DNpe004,1,1,79,1
LPLC2,LT87,DNg104,1,1,4,1
LPLC2,PVLP130,DNp45,1,1,1401,1
LPLC2,LT87,DNp06,1,1,4,1
LPLC2,Tm23,DNc02,1,1,1,1
LPLC2,OA-VUMa4,DNp73,1,1,59,1
LPLC2,LT87,DNp27,1,1,4,1
LPLC2,MeVPMe1,DNb02,1,1,1,1
LPLC2,LT87,DNp35,1,1,4,1
LPLC2,LT87,DNp42,1,1,2,1
LPLC2,LT87,DNp43,1,1,2,1
LPLC2,LT85,DNpe022,1,1,1,1
LPLC2,vCal1,DNc02,1,1,1,1
LPLC2,MeVPLp1,DNp16_a,1,1,5,1
LPLC2,OA-VUMa4,DNp30,1,1,79,1
LPLC2,PVLP137,DNde003,1,1,136,1
LPLC2,MeVPLp1,DNpe020,1,1,5,1
LPLC2,LT86,DNge103,1,1,2,1
LPLC2,UNKNOWN,DNp27,1,1,5,1
LPLC2,LT86,DNge124,1,1,2,1
LPLC2,PVLP135,DNpe056,1,1,10,1
LPLC2,LT86,DNge128,1,1,2,1
LPLC2,PVLP135,DNpe025,1,1,1,1
LPLC2,PVLP135,DNpe021,1,1,1,1
LPLC2,MeVPLp2,DNbe005,1,1,1,1
LPLC2,PVLP137,DNae008,1,1,188,1
LPLC2,PVLP137,DNb07,1,1,136,1
LPLC2,LT86,DNp24,1,1,2,1
LPLC2,PVLP135,DNp27,1,1,5,1
LPLC2,PVLP137,DNbe005,1,1,136,1
LPLC2,UNKNOWN,DNp32,1,1,1,1
LPLC2,UNKNOWN,DNp55,1,1,4,1
LPLC2,Tlp14,DNp11,1,1,1,1
LPLC2,LT86,DNg90,1,1,2,1
LPLC2,OA-VUMa4,DNpe022,1,1,79,1
LPLC2,MeVPLp1,DNpe008,1,1,5,1
LPLC2,OA-VUMa4,DNpe014,1,1,79,1
LPLC2,OA-VUMa4,DNpe024,1,1,59,1
LPLC2,PVLP137,DNde001,1,1,136,1
LPLC2,MeVPLp1,DNp17,1,1,1,1
LPLC2,PVLP130,DNpe056,1,1,1401,1
LPLC2,Tlp12,DNc02,1,1,1,1
LPLC2,LT87,DNp71,1,1,4,1
LPLC2,PVLP130,DNp103,1,1,1401,1
LPLC2,Tlp12,DNc01,1,1,1,1
LPLC2,OLVC2,DNge047,1,1,4,1
LPLC2,Tm24,DNp30,1,1,1,1
LPLC2,OLVC2,DNge060,1,1,3,1
LPLC2,PVLP137,DNg39,1,1,188,1
LPLC2,PVLP128,DNpe020,1,1,3,1
LPLC2,LT85,DNg86,1,1,1,1
LPLC2,PVLP128,DNpe018,1,1,4,1
LPLC2,PVLP128,DNpe010,1,1,3,1
LPLC2,PVLP128,DNp66,1,1,3,1
LPLC2,OLVC2,DNge124,1,1,3,1
LPLC2,Li15,DNp30,1,1,1,1
LPLC2,PVLP128,DNp56,1,1,3,1
LPLC2,Li16,DNp27,1,1,10,1
LPLC2,OA-VUMa4,DNp49,1,1,59,1
LPLC2,OLVC2,DNge129,1,1,3,1
LPLC2,aMe8,DNpe053,1,1,1,1
LPLC2,aMe8,DNpe035,1,1,3,1
LPLC2,OLVC2,DNp32,1,1,4,1
LPLC2,OLVC2,DNp44,1,1,3,1
LPLC2,OLVC2,DNpe006,1,1,3,1
LPLC2,PVLP128,DNp09,1,1,3,1
LPLC2,PVLP151,DNp66,1,1,1320,1
LPLC2,Li17,DNp30,1,1,11,1
LPLC2,OA-VUMa4,DNp38,1,1,59,1
LPLC2,OLVC3,DNa06,1,1,1,1
LPLC2,MeVPMe2,DNa06,1,1,1,1
LPLC2,OLVC2,DNge041,1,1,3,1
LPLC2,OLVC2,DNge037,1,1,3,1
LPLC2,PVLP130,DNbe007,1,1,1200,1
LPLC2,OA-VUMa4,DNpe043,1,1,59,1
LPLC2,PVLP130,DNp08,1,1,1401,1
LPLC2,LT87,pMP2,1,1,4,1
LPLC2,LT88,DNp27,1,1,3,1
LPLC2,LT85,DNpe003,1,1,1,1
LPLC2,PVLP130,DNp05,1,1,1401,1
LPLC2,LT85,DNp71,1,1,1,1
LPLC2,OA-VUMa4,DNp68,1,1,79,1
LPLC2,MeVPLp1,DNge126,1,1,5,1
LPLC2,MeVPLp1,DNge111,1,1,1,1
LPLC2,PVLP137,DNg14,1,1,136,1
LPLC2,PVLP151,DNp43,1,1,2095,1
LPLC2,OLVC2,DNge032,1,1,3,1
LPLC2,OLVC2,DNae005,1,1,3,1
LPLC2,OA-VUMa4,DNp64,1,1,79,1
LPLC2,PVLP130,DNae007,1,1,1200,1
LPLC2,Li12,DNp27,1,1,3,1
LPLC2,PVLP137,DNg27,1,1,188,1
LPLC2,OLVC2,DNg39,1,1,3,1
LPLC2,PVLP130,DNa04,1,1,1200,1
LPLC2,PVLP130,DNa01,1,1,1200,1
LPLC2,MeVPLp1,DNge086,1,1,1,1
LPLC2,OA-VUMa4,DNp56,1,1,79,1
LPLC2,PVLP137,DNg38,1,1,136,1
LPLC2,LT82a,DNpe031,1,1,8,1
LPLC2,LoVC15,DNg02_d,1,1,1,1
LPLC2,PVLP123,DNp03,1,1,45,1
LPLC2,PVLP139,DNge138,1,1,39,1
LPLC2,PVLP203m,DNg68,1,1,2,1
LPLC2,PLP018,pIP1,1,1,7,1
LPLC2,LT81,DNpe022,1,1,1,1
LPLC2,LoVC15,pIP1,1,1,1,1
LPLC2,LoVC16,DNde007,1,1,1,1
LPLC2,OA-VUMa4,DNg35,1,1,59,1
LPLC2,PLP034,DNa07,1,1,3,1
LPLC2,PLP034,DNa09,1,1,3,1
LPLC2,TmY19b,DNc02,1,1,1,1
LPLC2,OA-VUMa4,DNg33,1,1,59,1
LPLC2,PVLP123,DNp63,1,1,50,1
LPLC2,PLP034,DNae002,1,1,3,1
LPLC2,MeVP51,DNp10,1,1,1,1
LPLC2,MeVP51,DNp09,1,1,12,1
LPLC2,SIP108m,CB0429,1,1,1,1
LPLC2,PLP034,DNae009,1,1,3,1
LPLC2,PVLP203m,DNg86,1,1,2,1
LPLC2,PVLP139,DNp35,1,1,39,1
LPLC2,PLP034,DNae010,1,1,3,1
LPLC2,WED210,aSP22,1,1,1,1
LPLC2,Nod3,DNge141,1,1,5,1
LPLC2,LoVC16,DNp06,1,1,1,1
LPLC2,PVLP150,DNp69,1,1,42,1
LPLC2,OA-VUMa4,DNg16,1,1,79,1
LPLC2,WED210,DNpe053,1,1,1,1
LPLC2,PLP018,DNpe005,1,1,7,1
LPLC2,PVLP123,DNp67,1,1,1,1
LPLC2,MeVP51,DNd02,1,1,1,1
LPLC2,PVLP203m,DNg60,1,1,2,1
LPLC2,Nod2,DNp54,1,1,15,1
LPLC2,SIP108m,DNge053,1,1,1,1
LPLC2,Nod3,DNb01,1,1,5,1
LPLC2,LT82a,DNa09,1,1,8,1
LPLC2,PVLP137,DNpe021,1,1,136,1
LPLC2,OA-VUMa4,DNg64,1,1,79,1
LPLC2,OA-VUMa4,DNg51,1,1,59,1
LPLC2,PLP018,DNa15,1,1,1,1
LPLC2,Y3,DNc01,1,1,2,1
LPLC2,PLP018,DNa16,1,1,1,1
LPLC2,MeVP51,DNpe024,1,1,1,1
LPLC2,PLP018,DNae005,1,1,7,1
LPLC2,PLP018,DNbe001,1,1,1,1
LPLC2,PLP018,DNg40,1,1,1,1
LPLC2,SIP108m,DNg101,1,1,1,1
LPLC2,PVLP137,DNpe050,1,1,188,1
LPLC2,PVLP137,DNpe052,1,1,136,1
LPLC2,Tm5Y,DNp30,1,1,1,1
LPLC2,vCal1,DNpe037,1,1,1,1
LPLC2,PLP018,DNp35,1,1,1,1
LPLC2,VS,DNg49,1,1,8,1
LPLC2,Tm5b,DNp11,1,1,1,1
LPLC2,MeVP51,DNp32,1,1,12,1
LPLC2,MeVP51,DNp29,1,1,12,1
LPLC2,LT81,DNpe029,1,1,1,1
LPLC2,PVLP123,DNp60,1,1,1,1
LPLC2,PVLP150,DNp38,1,1,157,1
LPLC2,OA-VUMa4,DNge072,1,1,79,1
LPLC2,PLP034,DNg97,1,1,3,1
LPLC2,PLP034,DNp02,1,1,3,1
LPLC2,WED210,DNpe002,1,1,1,1
LPLC2,WED210,DNp73,1,1,1,1
LPLC2,PLP034,DNp06,1,1,3,1
LPLC2,PVLP150,DNge032,1,1,157,1
LPLC2,OA-VUMa4,DNde002,1,1,79,1
LPLC2,WED210,DNp63,1,1,1,1
LPLC2,SAD073,DNpe053,1,1,22,1
LPLC2,vCal2,DNp27,1,1,2,1
LPLC2,PVLP141,DNb02,1,1,17,1
LPLC2,LoVC16,DNp71,1,1,4,1
LPLC2,LoVC16,DNpe025,1,1,4,1
LPLC2,PVLP141,DNde002,1,1,17,1
LPLC2,PVLP150,DNde007,1,1,157,1
LPLC2,vCal2,DNpe012_a,1,1,2,1
LPLC2,LoVC16,DNpe031,1,1,1,1
LPLC2,PVLP148,DNpe052,1,1,32,1
LPLC2,Nod4,DNp12,1,1,2,1
LPLC2,PVLP141,DNg107,1,1,17,1
LPLC2,LoVC16,DNpe045,1,1,5,1
LPLC2,PLP034,DNp14,1,1,3,1
LPLC2,LT81,DNbe007,1,1,1,1
LPLC2,Tm6,DNp30,1,1,1,1
LPLC2,LoVC16,DNpe056,1,1,1,1
LPLC2,TmY18,DNc02,1,1,1,1
LPLC2,PLP034,DNge140,1,1,3,1
LPLC2,OA-VUMa4,DNg01_d,1,1,59,1
LPLC2,PVLP150,DNp34,1,1,157,1
LPLC2,PVLP203m,DNge008,1,1,2,1
LPLC2,OA-VUMa4,DNg12_a,1,1,79,1
LPLC2,LoVC16,DNp35,1,1,1,1
LPLC2,OA-VUMa4,DNg108,1,1,59,1
LPLC2,PVLP123,DNp49,1,1,101,1
LPLC2,TmY19a,DNp30,1,1,2,1
LPLC2,OA-VUMa4,DNg107,1,1,79,1
LPLC2,PLP034,DNg02_d,1,1,3,1
LPLC2,LoVC16,DNp42,1,1,1,1
LPLC2,Tm5c,DNp27,1,1,1,1
LPLC2,Tm6,DNp27,1,1,1,1
LPLC2,PLP034,DNg111,1,1,3,1
LPLC2,LT81,DNp27,1,1,1,1
LPLC2,PVLP123,DNp42,1,1,50,1
LPLC2,vCal2,DNge030,1,1,2,1
LPLC2,PVLP123,DNp34,1,1,1,1
LPLC2,MeVP51,CB0429,1,1,12,1
LPLC2,PLP034,DNg49,1,1,3,1
LPLC2,vCal2,DNp12,1,1,2,1
LPLC2,OA-VUMa4,DNg02_a,1,1,79,1
LPLC2,Nod4,DNg32,1,1,7,1
LPLC2,Nod4,DNg36_b,1,1,2,1
LPLC2,PLP034,DNg56,1,1,3,1
LPLC2,PVLP203m,DNge007,1,1,2,1
LPLC2,PLP034,DNg79,1,1,3,1
LPLC2,WED210,DNpe022,1,1,1,1
LPLC2,PVLP137,DNp70,1,1,136,1
LPLC2,PVLP123,DNpe050,1,1,45,1
LPLC2,SIP108m,DNp56,1,1,1,1
LPLC2,LoVC15,DNg110,1,1,1,1
LPLC2,OLVC5,DNge046,1,1,1,1
LPLC2,LoVC15,DNg42,1,1,2,1
LPLC2,PVLP203m,DNg16,1,1,2,1
LPLC2,LoVC15,DNg51,1,1,2,1
LPLC2,LoVC15,DNg75,1,1,2,1
LPLC2,Nod2,DNbe006,1,1,5,1
LPLC2,OLVC5,DNge048,1,1,1,1
LPLC2,MeVPLp1,DNa02,1,1,1,1
LPLC2,PVLP137,DNge139,1,1,136,1
LPLC2,LT82a,DNp70,1,1,8,1
LPLC2,OLVC5,DNge101,1,1,3,1
LPLC2,LT82a,DNp68,1,1,8,1
LPLC2,LT82a,DNp64,1,1,8,1
LPLC2,OLVC5,DNge143,1,1,1,1
LPLC2,PVLP137,DNge147,1,1,188,1
LPLC2,OA-VUMa4,DNge030,1,1,79,1
LPLC2,OLVC5,DNge148,1,1,3,1
LPLC2,LT82a,DNp54,1,1,18,1
LPLC2,OLVC5,DNge149,1,1,3,1
LPLC2,OLVC5,DNp101,1,1,3,1
LPLC2,LoVC15,DNg97,1,1,1,1
LPLC2,SIP108m,pIP10,1,1,1,1
LPLC2,SIP108m,pIP1,1,1,1,1
LPLC2,OA-VUMa4,DNge029,1,1,79,1
LPLC2,Nod2,DNge114,1,1,15,1
LPLC2,LoVC15,DNg111,1,1,2,1
LPLC2,aMe17e,DNp44,1,1,1,1
LPLC2,PLP017,DNp01,1,1,7,1
LPLC2,OA-VUMa4,DNge041,1,1,59,1
LPLC2,VCH,DNae007,1,1,6,1
LPLC2,aMe30,DNp27,1,1,1,1
LPLC2,Nod1,DNp31,1,1,2,1
LPLC2,PVLP126_a,DNpe052,1,1,13,1
LPLC2,OLVC5,DNge007,1,1,3,1
LPLC2,LT82a,DNpe023,1,1,20,1
LPLC2,PVLP203m,DNg111,1,1,2,1
LPLC2,PVLP126_a,DNp32,1,1,13,1
LPLC2,OLVC5,DNge009,1,1,3,1
LPLC2,OLVC5,DNge026,1,1,3,1
LPLC2,PVLP126_a,DNg30,1,1,11,1
LPLC2,PVLP126_a,DNa07,1,1,11,1
LPLC2,OA-VUMa4,DNge047,1,1,79,1
LPLC2,LoVC15,DNg05_a,1,1,2,1
LPLC2,LoVC15,DNg05_b,1,1,2,1
LPLC2,OLVC5,DNge033,1,1,3,1
LPLC2,aMe17e,DNpe025,1,1,1,1
LPLC2,PVLP124,DNpe031,1,1,16,1
LPLC2,LT82a,DNpe005,1,1,18,1
LPLC2,LoVC15,DNg100,1,1,2,1
LPLC2,VCH,DNge006,1,1,5,1
LPLC2,LT82a,DNpe003,1,1,18,1
LPLC2,OLVC5,DNge037,1,1,1,1
LPLC2,OLVC5,DNge040,1,1,3,1
LPLC2,MeVPLp1,DNb02,1,1,5,1
LPLC2,SIP108m,DNpe025,1,1,1,1
LPLC2,LoVC15,DNge050,1,1,2,1
LPLC2,MeVP53,DNp11,1,1,2,1
LPLC2,SIP108m,DNp67,1,1,1,1
LPLC2,OA-VUMa4,DNg96,1,1,59,1
LPLC2,LT82a,DNp103,1,1,8,1
LPLC2,aMe17e,DNp27,1,1,1,1
LPLC2,aMe17e,DNc02,1,1,1,1
LPLC2,OA-VUMa4,DNg94,1,1,59,1
LPLC2,OLVC5,DNpe010,1,1,3,1
LPLC2,LT82a,DNp08,1,1,22,1
LPLC2,Tm4,DNp27,1,1,1,1
LPLC2,PVLP137,DNp30,1,1,188,1
LPLC2,MeVP53,DNd03,1,1,2,1
LPLC2,PVLP203m,DNg33,1,1,2,1
LPLC2,PVLP124,DNa05,1,1,16,1
LPLC2,OA-VUMa4,DNg92_b,1,1,59,1
LPLC2,LT82a,DNg75,1,1,8,1
LPLC2,PVLP137,DNp45,1,1,188,1
LPLC2,LT82a,DNg111,1,1,20,1
LPLC2,LT82a,DNg04,1,1,8,1
LPLC2,PVLP123,pMP2,1,1,1,1
LPLC2,PVLP123,DNpe056,1,1,1,1
LPLC2,LT82a,DNg01_a,1,1,20,1
LPLC2,OLVC5,DNpe037,1,1,3,1
LPLC2,PVLP203m,DNg43,1,1,2,1
LPLC2,vCal1,DNge140,1,1,1,1
LPLC2,PVLP137,DNp56,1,1,188,1
LPLC2,PLP017,DNge032,1,1,7,1
LPLC2,LT82a,DNp14,1,1,18,1
LPLC2,OLVC5,DNpe008,1,1,3,1
LPLC2,LoVC15,"DNp51,DNpe019",1,1,2,1
LPLC2,PVLP137,DNp11,1,1,188,1
LPLC2,LoVC15,DNge103,1,1,2,1
LPLC2,OLVC5,DNp45,1,1,1,1
LPLC2,LoVC15,DNge124,1,1,1,1
LPLC2,OLVC5,DNp54,1,1,1,1
LPLC2,LoVC15,DNge183,1,1,1,1
LPLC2,LoVC15,DNge184,1,1,1,1
LPLC2,PVLP124,DNp05,1,1,12,1
LPLC2,OLVC5,DNp63,1,1,3,1
LPLC2,PVLP124,DNp04,1,1,16,1
LPLC2,PVLP124,DNp03,1,1,12,1
LPLC2,OLVC5,DNp73,1,1,3,1
LPLC2,LoVC15,DNp18,1,1,2,1
LPLC2,LoVC15,DNp42,1,1,3,1
LPLC2,LoVC15,DNp21,1,1,2,1
LPLC2,PVLP137,DNp13,1,1,136,1
LPLC2,LoVC15,DNp26,1,1,1,1
LPLC2,PVLP124,DNg02_d,1,1,16,1
LPLC2,OA-VUMa4,DNge027,1,1,59,1
LPLC2,PVLP137,DNp23,1,1,136,1
LPLC2,LoVC15,DNp34,1,1,1,1
LPLC2,MeVP53,DNg29,1,1,2,1
LPLC2,PVLP137,DNp27,1,1,136,1
LPLC2,PVLP137,DNp29,1,1,136,1
LPLC2,OA-VUMa4,DNg97,1,1,79,1
LPLC2,PLP018,DNa09,1,1,7,1
LPLC2,WED060,DNp45,1,1,24,1
LPLC2,PLP060,DNp32,1,1,11,1
LPLC2,PS182,DNae007,1,1,3,1
LPLC2,LoVP53,DNpe005,1,1,45,1
LPLC2,LoVP53,DNpe021,1,1,42,1
LPLC2,LoVCLo3,DNp26,1,1,71,1
LPLC2,LoVCLo3,DNp13,1,1,88,1
LPLC2,SAD011,DNge111,1,1,1,1
LPLC2,LoVP53,DNpe039,1,1,45,1
LPLC2,SAD023,DNp10,1,1,44,1
LPLC2,PVLP034,DNa01,1,1,12,1
LPLC2,LoVCLo3,DNp29,1,1,71,1
LPLC2,PS182,DNa10,1,1,3,1
LPLC2,LoVP53,DNpe045,1,1,42,1
LPLC2,LoVP54,DNd03,1,1,96,1
LPLC2,PVLP034,DNa06,1,1,2,1
LPLC2,WED104,DNd05,1,1,45,1
LPLC2,LoVP54,DNge121,1,1,105,1
LPLC2,LoVP54,DNge141,1,1,105,1
LPLC2,WED104,DNd03,1,1,38,1
LPLC2,PVLP031,DNpe052,1,1,5,1
LPLC2,PVLP034,DNa07,1,1,9,1
LPLC2,PS182,DNp09,1,1,3,1
LPLC2,PVLP031,DNp34,1,1,5,1
LPLC2,SAD014,DNp55,1,1,11,1
LPLC2,PS182,DNp10,1,1,3,1
LPLC2,WED072,aSP22,1,1,7,1
LPLC2,SAD014,DNpe056,1,1,11,1
LPLC2,WED104,DNae005,1,1,38,1
LPLC2,LoVP53,DNp29,1,1,45,1
LPLC2,LoVCLo3,DNp42,1,1,88,1
LPLC2,LoVP53,DNp71,1,1,45,1
LPLC2,SAD011,DNge184,1,1,1,1
LPLC2,LoVP53,DNp30,1,1,42,1
LPLC2,LoVCLo3,DNp34,1,1,88,1
LPLC2,SAD023,DNg40,1,1,16,1
LPLC2,SAD023,DNge130,1,1,54,1
LPLC2,PS182,DNg79,1,1,3,1
LPLC2,PS182,DNg27,1,1,3,1
LPLC2,WED104,DNde001,1,1,38,1
LPLC2,PS181,pIP1,1,1,16,1
LPLC2,LoVCLo3,DNde002,1,1,71,1
LPLC2,SAD044,DNbe002,1,1,1,1
LPLC2,PS181,DNp45,1,1,16,1
LPLC2,PS181,DNp36,1,1,18,1
LPLC2,PS181,DNp35,1,1,18,1
LPLC2,SAD044,DNbe001,1,1,1,1
LPLC2,PVLP216m,DNp46,1,1,1,1
LPLC2,PS181,DNp27,1,1,16,1
LPLC2,WED046,DNg30,1,1,6,1
LPLC2,WED104,DNg09_a,1,1,38,1
LPLC2,PVLP216m,DNp67,1,1,1,1
LPLC2,LoVP54,DNpe040,1,1,96,1
LPLC2,SAD044,DNd02,1,1,1,1
LPLC2,PVLP034,DNp23,1,1,9,1
LPLC2,LoVCLo3,DNg33,1,1,88,1
LPLC2,PVLP216m,DNp43,1,1,3,1
LPLC2,LoVP54,DNpe052,1,1,96,1
LPLC2,LoVP55,DNp103,1,1,1,1
LPLC2,PS181,DNp55,1,1,16,1
LPLC2,LoVP54,DNp71,1,1,105,1
LPLC2,PVLP034,DNa16,1,1,11,1
LPLC2,LoVCLo3,DNge184,1,1,88,1
LPLC2,PVLP216m,MDN,1,1,1,1
LPLC2,WED046,DNge184,1,1,6,1
LPLC2,PVLP034,DNg104,1,1,12,1
LPLC2,PS181,DNpe055,1,1,16,1
LPLC2,SAD023,DNp35,1,1,44,1
LPLC2,LoVCLo3,DNp01,1,1,88,1
LPLC2,SAD023,DNp71,1,1,2,1
LPLC2,PVLP216m,DNpe024,1,1,1,1
LPLC2,LoVCLo3,DNg82,1,1,71,1
LPLC2,LoVP54,DNp55,1,1,105,1
LPLC2,SAD044,DNa10,1,1,1,1
LPLC2,PVLP216m,DNpe023,1,1,1,1
LPLC2,PS181,DNp64,1,1,16,1
LPLC2,PVLP216m,DNp71,1,1,3,1
LPLC2,LoVCLo3,DNge032,1,1,88,1
LPLC2,PS181,DNp63,1,1,16,1
LPLC2,PVLP031,DNp32,1,1,1,1
LPLC2,PS182,DNp103,1,1,3,1
LPLC2,SAD014,DNp13,1,1,8,1
LPLC2,PVLP027,DNp30,1,1,26,1
LPLC2,WED072,DNpe010,1,1,2,1
LPLC2,SAD014,DNg35,1,1,8,1
LPLC2,SAD011,DNp18,1,1,1,1
LPLC2,PVLP027,DNp03,1,1,26,1
LPLC2,SAD011,DNp12,1,1,1,1
LPLC2,LoVCLo3,DNpe035,1,1,71,1
LPLC2,PS208,DNbe006,1,1,1,1
LPLC2,PVLP027,DNp32,1,1,13,1
LPLC2,PS208,DNg04,1,1,1,1
LPLC2,PVLP027,DNp35,1,1,26,1
LPLC2,PVLP027,DNp43,1,1,13,1
LPLC2,PVLP027,DNp59,1,1,13,1
LPLC2,LoVCLo3,DNpe032,1,1,88,1
LPLC2,PVLP027,DNpe024,1,1,13,1
LPLC2,PVLP027,DNpe031,1,1,13,1
LPLC2,PVLP028,DNc02,1,1,31,1
LPLC2,WED072,DNpe007,1,1,7,1
LPLC2,LoVP50,DNpe026,1,1,3,1
LPLC2,LoVCLo3,DNp66,1,1,88,1
LPLC2,SAD011,DNp70,1,1,1,1
LPLC2,PS208,DNp07,1,1,1,1
LPLC2,PVLP026,DNc02,1,1,39,1
LPLC2,PVLP026,DNge138,1,1,39,1
LPLC2,LoVP101,DNae006,1,1,4,1
LPLC2,LoVP50,DNp63,1,1,4,1
LPLC2,LoVP101,DNae005,1,1,4,1
LPLC2,LoVP50,DNp70,1,1,4,1
LPLC2,SAD011,DNp35,1,1,1,1
LPLC2,LoVCLo3,DNpe055,1,1,71,1
LPLC2,PS208,DNge175,1,1,1,1
LPLC2,PVLP026,DNp30,1,1,39,1
LPLC2,SAD014,DNde005,1,1,8,1
LPLC2,SAD014,DNde006,1,1,8,1
LPLC2,PS208,DNg07,1,1,1,1
LPLC2,PS208,DNg05_a,1,1,1,1
LPLC2,WED060,DNd04,1,1,1,1
LPLC2,PVLP028,DNde006,1,1,41,1
LPLC2,SAD014,DNg81,1,1,8,1
LPLC2,LoVCLo3,DNpe028,1,1,88,1
LPLC2,LoVP53,DNge149,1,1,42,1
LPLC2,LoVP53,DNge054,1,1,42,1
LPLC2,PVLP031,DNd03,1,1,2,1
LPLC2,PVLP031,DNg09_b,1,1,8,1
LPLC2,LoVP53,DNge083,1,1,45,1
LPLC2,LoVCLo3,DNpe003,1,1,71,1
LPLC2,LoVCLo3,DNpe001,1,1,88,1
LPLC2,PVLP031,DNge138,1,1,5,1
LPLC2,PS182,DNpe002,1,1,3,1
LPLC2,LoVP50,DNpe053,1,1,4,1
LPLC2,PS182,DNp70,1,1,3,1
LPLC2,PS182,DNp63,1,1,3,1
LPLC2,PS182,DNp59,1,1,3,1
LPLC2,LoVP53,DNp04,1,1,45,1
LPLC2,PS182,DNp47,1,1,3,1
LPLC2,PVLP031,DNp12,1,1,8,1
LPLC2,PS182,DNp42,1,1,3,1
LPLC2,WED046,DNp71,1,1,6,1
LPLC2,LoVCLo3,DNpe011,1,1,88,1
LPLC2,LoVCLo3,DNpe013,1,1,88,1
LPLC2,LoVP53,DNg40,1,1,42,1
LPLC2,WED060,,1,1,13,1
LPLC2,PVLP028,DNp03,1,1,41,1
LPLC2,WED046,DNpe045,1,1,6,1
LPLC2,WED046,DNpe037,1,1,6,1
LPLC2,LoVP50,DNpe055,1,1,1,1
LPLC2,LoVP50,DNpe056,1,1,4,1
LPLC2,PS208,DNa16,1,1,1,1
LPLC2,SAD014,DNge132,1,1,8,1
LPLC2,LoVP53,DNbe007,1,1,45,1
LPLC2,LoVP53,DNd04,1,1,42,1
LPLC2,PS182,DNpe031,1,1,3,1
LPLC2,PS182,DNpe028,1,1,3,1
LPLC2,PS182,DNpe024,1,1,3,1
LPLC2,LoVCLo3,DNpe018,1,1,88,1
LPLC2,LoVCLo3,DNpe016,1,1,88,1
LPLC2,SAD044,DNd03,1,1,1,1
LPLC2,LoVP55,DNp43,1,1,1,1
LPLC2,PVLP025,DNp27,1,1,8,1
LPLC2,PVLP062,DNge032,1,1,3,1
LPLC2,SAD044,DNge141,1,1,1,1
LPLC2,LoVC7,DNg90,1,1,1,1
LPLC2,LoVC7,DNg79,1,1,1,1
LPLC2,SAD044,DNge181,1,1,1,1
LPLC2,PVLP062,DNg15,1,1,4,1
LPLC2,WED104,DNge145,1,1,45,1
LPLC2,WED104,DNp01,1,1,45,1
LPLC2,LoVC7,DNg02_g,1,1,1,1
LPLC2,WED104,DNge141,1,1,38,1
LPLC2,LoVC7,DNg02_f,1,1,1,1
LPLC2,LoVP85,DNp49,1,1,20,1
LPLC2,PS171,DNg64,1,1,3,1
LPLC2,PVLP062,DNge047,1,1,3,1
LPLC2,WED104,DNp02,1,1,45,1
LPLC2,PVLP062,DNge073,1,1,3,1
LPLC2,PVLP062,DNge075,1,1,3,1
LPLC2,PVLP062,DNg102,1,1,4,1
LPLC2,LoVC7,DNge015,1,1,1,1
LPLC2,PVLP062,DNge111,1,1,4,1
LPLC2,WED104,DNge124,1,1,38,1
LPLC2,LoVC7,DNp16_b,1,1,1,1
LPLC2,LoVP85,DNge136,1,1,20,1
LPLC2,PVLP061,DNpe045,1,1,15,1
LPLC2,PVLP213m,DNge103,1,1,24,1
LPLC2,PVLP213m,DNg97,1,1,8,1
LPLC2,PVLP061,DNpe050,1,1,4,1
LPLC2,PVLP213m,DNg82,1,1,7,1
LPLC2,PVLP062,DNb05,1,1,4,1
LPLC2,SAD044,DNge129,1,1,1,1
LPLC2,PS181,CB0429,1,1,16,1
LPLC2,LoVC7,DNp08,1,1,1,1
LPLC2,LoVC7,DNp07,1,1,1,1
LPLC2,PS171,DNpe003,1,1,3,1
LPLC2,PVLP062,DNc02,1,1,3,1
LPLC2,LoVP85,DNp09,1,1,11,1
LPLC2,LoVP85,DNp13,1,1,20,1
LPLC2,LoVC7,DNg01_b,1,1,1,1
LPLC2,LoVC7,DNbe001,1,1,1,1
LPLC2,LoVCLo3,DNde001,1,1,88,1
LPLC2,LoVC6,DNg49,1,1,2,1
LPLC2,LoVC6,DNp07,1,1,2,1
LPLC2,LoVC6,DNp03,1,1,2,1
LPLC2,PS001,DNpe053,1,1,1,1
LPLC2,LoVP85,DNpe028,1,1,11,1
LPLC2,LoVP85,DNpe037,1,1,11,1
LPLC2,LoVP85,DNpe040,1,1,11,1
LPLC2,LoVC6,DNg90,1,1,2,1
LPLC2,SAD044,DNp31,1,1,1,1
LPLC2,LoVC6,DNp48,1,1,2,1
LPLC2,PVLP062,DNp66,1,1,4,1
LPLC2,LoVP86,DNae005,1,1,1,1
LPLC2,PS001,DNpe037,1,1,1,1
LPLC2,WED045,DNg108,1,1,4,1
LPLC2,SAD044,DNp42,1,1,1,1
LPLC2,PS001,DNpe024,1,1,1,1
LPLC2,PS001,DNpe022,1,1,1,1
LPLC2,PS171,DNa11,1,1,3,1
LPLC2,LoVC6,DNpe009,1,1,2,1
LPLC2,SAD044,DNp08,1,1,1,1
LPLC2,WED045,DNp10,1,1,4,1
LPLC2,WED104,DNp05,1,1,38,1
LPLC2,PS171,DNg34,1,1,3,1
LPLC2,PVLP062,DNge133,1,1,4,1
LPLC2,LoVP85,DNp62,1,1,11,1
LPLC2,LoVP85,DNpe003,1,1,20,1
LPLC2,LoVP85,DNpe010,1,1,11,1
LPLC2,PVLP062,DNp05,1,1,3,1
LPLC2,LoVC7,DNa07,1,1,1,1
LPLC2,LoVC6,DNpe017,1,1,2,1
LPLC2,LoVC6,aSP22,1,1,2,1
LPLC2,WED045,DNge138,1,1,4,1
LPLC2,LoVC6,DNpe055,1,1,2,1
LPLC2,PVLP062,DNp27,1,1,3,1
LPLC2,PVLP062,DNp29,1,1,4,1
LPLC2,PS171,DNbe005,1,1,3,1
LPLC2,PVLP062,DNp34,1,1,4,1
LPLC2,PS181,DNa16,1,1,18,1
LPLC2,PVLP061,DNpe040,1,1,15,1
LPLC2,WED045,DNp103,1,1,4,1
LPLC2,SAD044,DNg102,1,1,1,1
LPLC2,LoVP7,DNpe006,1,1,1,1
LPLC2,LoVP75,DNp27,1,1,1,1
LPLC2,LoVP78,DNa10,1,1,3,1
LPLC2,PVLP216m,DNae001,1,1,1,1
LPLC2,LoVC7,DNpe037,1,1,1,1
LPLC2,LoVC7,DNpe032,1,1,1,1
LPLC2,PVLP216m,DNa01,1,1,1,1
LPLC2,LoVP85,DNa09,1,1,20,1
LPLC2,LoVC7,aSP22,1,1,1,1
LPLC2,SAD044,DNg24,1,1,1,1
LPLC2,PVLP034,pIP10,1,1,11,1
LPLC2,PVLP046,DNb02,1,1,3,1
LPLC2,PVLP046,DNc01,1,1,2,1
LPLC2,LoVC7,DNpe013,1,1,1,1
LPLC2,PVLP046,DNc02,1,1,1,1
LPLC2,PVLP046,DNg100,1,1,1,1
LPLC2,LoVP69,DNp27,1,1,3,1
LPLC2,LoVP59,DNp42,1,1,2,1
LPLC2,LoVP85,DNg34,1,1,11,1
LPLC2,LoVP57,DNp42,1,1,1,1
LPLC2,LoVP55,DNp71,1,1,1,1
LPLC2,LoVCLo3,DNc02,1,1,88,1
LPLC2,PVLP034,DNp46,1,1,8,1
LPLC2,SAD044,DNde001,1,1,1,1
LPLC2,LoVP57,DNp29,1,1,1,1
LPLC2,LoVCLo3,DNbe001,1,1,88,1
LPLC2,WED104,DNg09_b,1,1,38,1
LPLC2,PVLP216m,DNg111,1,1,3,1
LPLC2,SAD044,DNg07,1,1,1,1
LPLC2,LoVCLo3,DNb09,1,1,88,1
LPLC2,WED046,DNde006,1,1,6,1
LPLC2,LoVCLo3,DNae009,1,1,88,1
LPLC2,LoVCLo3,DNae008,1,1,88,1
LPLC2,LoVP58,DNg30,1,1,1,1
LPLC2,LoVCLo3,DNa10,1,1,88,1
LPLC2,LoVCLo3,DNa08,1,1,88,1
LPLC2,PVLP213m,MDN,1,1,7,1
LPLC2,SAD044,DNg32,1,1,1,1
LPLC2,PVLP046,DNg12_a,1,1,1,1
LPLC2,LoVC7,DNp33,1,1,1,1
LPLC2,PVLP213m,DNpe052,1,1,7,1
LPLC2,LoVC7,DNp69,1,1,1,1
LPLC2,PVLP213m,DNpe050,1,1,7,1
LPLC2,PVLP046,DNp69,1,1,1,1
LPLC2,PVLP213m,DNp45,1,1,7,1
LPLC2,LoVP85,DNc02,1,1,11,1
LPLC2,PVLP046,DNpe020,1,1,4,1
LPLC2,PVLP061,DNp04,1,1,15,1
LPLC2,WED046,DNc01,1,1,6,1
LPLC2,PVLP213m,DNp34,1,1,7,1
LPLC2,LoVP85,DNde002,1,1,11,1
LPLC2,SAD044,DNge105,1,1,1,1
LPLC2,SAD044,DNge119,1,1,1,1
LPLC2,PVLP061,DNp103,1,1,15,1
LPLC2,LoVP85,DNg03,1,1,11,1
LPLC2,SAD044,DNge120,1,1,1,1
LPLC2,PS181,DNd05,1,1,18,1
LPLC2,SAD044,DNge084,1,1,1,1
LPLC2,LoVC7,DNpe003,1,1,1,1
LPLC2,PVLP046,DNge079,1,1,1,1
LPLC2,PVLP046,DNg43,1,1,1,1
LPLC2,PS181,DNg40,1,1,18,1
LPLC2,PVLP046,DNg75,1,1,1,1
LPLC2,PVLP046,DNge003,1,1,4,1
LPLC2,PVLP046,DNge022,1,1,1,1
LPLC2,LoVP85,DNb04,1,1,20,1
LPLC2,PVLP046,DNge029,1,1,1,1
LPLC2,SAD044,DNg99,1,1,1,1
LPLC2,PVLP046,DNge033,1,1,2,1
LPLC2,LoVP85,DNb09,1,1,20,1
LPLC2,PVLP046,DNge050,1,1,1,1
LPLC2,PVLP046,DNge072,1,1,4,1
LPLC2,LoVC7,DNpe012_a,1,1,1,1
LPLC2,LoVC7,DNpe009,1,1,1,1
LPLC2,PVLP046,DNge073,1,1,2,1
LPLC2,PS208,DNp63,1,1,1,1
LPLC2,LoVP101,DNde002,1,1,4,1
LPLC2,PLP060,DNp34,1,1,11,1
LPLC2,SAD013,DNp32,1,1,15,1
LPLC2,PVLP011,DNp31,1,1,6983,1
LPLC2,PVLP018,DNpe052,1,1,8,1
LPLC2,PVLP019,DNp01,1,1,57,1
LPLC2,SAD013,DNp31,1,1,15,1
LPLC2,LoVP26,DNge127,1,1,13,1
LPLC2,PVLP011,DNp27,1,1,4640,1
LPLC2,PVLP011,DNp26,1,1,6983,1
LPLC2,PVLP019,DNpe025,1,1,57,1
LPLC2,SAD013,DNg84,1,1,150,1
LPLC2,LoVP16,DNp54,1,1,1,1
LPLC2,PVLP019,DNpe029,1,1,57,1
LPLC2,LoVP16,DNp42,1,1,1,1
LPLC2,PVLP011,DNp05,1,1,6983,1
LPLC2,LoVP14,DNp27,1,1,1,1
LPLC2,LoVP12,DNpe045,1,1,2,1
LPLC2,WED061,DNp34,1,1,24,1
LPLC2,PVLP011,DNp43,1,1,6983,1
LPLC2,SAD013,DNg92_a,1,1,15,1
LPLC2,LoVP12,DNp09,1,1,1,1
LPLC2,SAD013,DNge013,1,1,150,1
LPLC2,PVLP018,DNp45,1,1,8,1
LPLC2,SAD013,DNge026,1,1,150,1
LPLC2,PVLP012,DNc02,1,1,14,1
LPLC2,LoVP18,DNg110,1,1,1,1
LPLC2,PVLP011,DNpe052,1,1,4640,1
LPLC2,PVLP018,DNp69,1,1,8,1
LPLC2,PVLP011,DNpe040,1,1,6983,1
LPLC2,SAD013,DNp30,1,1,15,1
LPLC2,SAD013,DNg92_b,1,1,150,1
LPLC2,PVLP018,DNpe025,1,1,8,1
LPLC2,PVLP018,DNpe040,1,1,8,1
LPLC2,LoVP18,DNbe006,1,1,1,1
LPLC2,SAD013,DNge006,1,1,150,1
LPLC2,PVLP011,DNpe021,1,1,6983,1
LPLC2,WED060,DNge048,1,1,13,1
LPLC2,PVLP011,DNp64,1,1,6983,1
LPLC2,LoVP12,DNpe042,1,1,1,1
LPLC2,WED060,DNge044,1,1,24,1
LPLC2,LoVP103,DNpe005,1,1,2,1
LPLC2,LoVP107,DNpe006,1,1,2,1
LPLC2,LoVP26,DNp31,1,1,10,1
LPLC2,SAD013,DNg51,1,1,150,1
LPLC2,LoVP26,DNp41,1,1,27,1
LPLC2,LoVP26,DNp47,1,1,27,1
LPLC2,LoVP26,DNp49,1,1,10,1
LPLC2,PVLP011,DNae002,1,1,4640,1
LPLC2,PVLP011,DNa04,1,1,4640,1
LPLC2,LoVP106,DNpe052,1,1,2,1
LPLC2,PVLP011,DNae007,1,1,6983,1
LPLC2,LoVP106,DNp27,1,1,2,1
LPLC2,LoVP26,DNp63,1,1,2,1
LPLC2,LoVP103,pIP1,1,1,2,1
LPLC2,LoVP26,DNpe001,1,1,2,1
LPLC2,PVLP010,pMP2,1,1,19,1
LPLC2,PVLP010,pIP10,1,1,13,1
LPLC2,SAD013,DNg36_a,1,1,150,1
LPLC2,LoVP108,DNge142,1,1,2,1
LPLC2,PVLP021,DNg35,1,1,2,1
LPLC2,PVLP019,DNpe049,1,1,57,1
LPLC2,LoVP26,DNp14,1,1,10,1
LPLC2,LoVP109,DNpe031,1,1,17,1
LPLC2,PVLP019,pIP1,1,1,57,1
LPLC2,PVLP021,DNbe007,1,1,6,1
LPLC2,PVLP021,DNc01,1,1,8,1
LPLC2,LoVP109,DNp30,1,1,17,1
LPLC2,PVLP021,DNc02,1,1,2,1
LPLC2,PVLP011,DNg97,1,1,6983,1
LPLC2,PVLP021,DNd03,1,1,8,1
LPLC2,LoVP108,DNp32,1,1,1,1
LPLC2,PVLP021,DNde001,1,1,8,1
LPLC2,LoVP109,DNg104,1,1,17,1
LPLC2,LoVP26,DNp16_a,1,1,13,1
LPLC2,LoVP108,DNpe052,1,1,1,1
LPLC2,SAD013,DNp33,1,1,15,1
LPLC2,PVLP021,DNg101,1,1,8,1
LPLC2,LoVP108,DNp42,1,1,1,1
LPLC2,LoVP26,DNa04,1,1,27,1
LPLC2,WED061,DNge011,1,1,55,1
LPLC2,PVLP018,DNp27,1,1,8,1
LPLC2,PVLP015,DNa16,1,1,142,1
LPLC2,PVLP015,DNpe001,1,1,43,1
LPLC2,PVLP015,DNg110,1,1,43,1
LPLC2,PVLP015,DNpe002,1,1,43,1
LPLC2,LoVP18,DNpe027,1,1,1,1
LPLC2,LoVP18,DNpe017,1,1,1,1
LPLC2,PVLP015,DNpe039,1,1,43,1
LPLC2,LoVP24,DNg92_b,1,1,2,1
LPLC2,WED060,DNpe002,1,1,24,1
LPLC2,PVLP015,DNge099,1,1,142,1
LPLC2,PVLP015,DNa07,1,1,43,1
LPLC2,PVLP015,DNa04,1,1,43,1
LPLC2,PVLP015,DNa03,1,1,142,1
LPLC2,LoVP24,DNp27,1,1,1,1
LPLC2,PVLP014,pIP1,1,1,27,1
LPLC2,LoVP24,DNp49,1,1,1,1
LPLC2,SAD013,DNge091,1,1,150,1
LPLC2,LoVP23,DNpe028,1,1,2,1
LPLC2,PVLP015,DNp66,1,1,43,1
LPLC2,LoVP25,DNpe055,1,1,1,1
LPLC2,LoVP23,DNae007,1,1,6,1
LPLC2,SAD013,DNge138,1,1,15,1
LPLC2,LoVP23,DNb09,1,1,6,1
LPLC2,SAD013,DNge147,1,1,15,1
LPLC2,PVLP015,DNp12,1,1,142,1
LPLC2,SAD013,DNge181,1,1,150,1
LPLC2,PVLP015,DNp13,1,1,142,1
LPLC2,PVLP015,DNp23,1,1,142,1
LPLC2,PVLP015,DNp04,1,1,43,1
LPLC2,PVLP015,DNp64,1,1,43,1
LPLC2,LoVP23,DNp27,1,1,6,1
LPLC2,LoVP23,DNpe012_b,1,1,2,1
LPLC2,PVLP015,DNge113,1,1,142,1
LPLC2,SAD013,DNge115,1,1,15,1
LPLC2,WED060,DNp29,1,1,29,1
LPLC2,LoVP21,CB0429,1,1,2,1
LPLC2,LoVP2,DNg30,1,1,2,1
LPLC2,PVLP014,DNpe031,1,1,27,1
LPLC2,PVLP017,DNc02,1,1,288,1
LPLC2,LoVP24,DNpe021,1,1,2,1
LPLC2,SAD013,DNge033,1,1,150,1
LPLC2,PVLP017,DNpe020,1,1,288,1
LPLC2,PVLP017,DNpe024,1,1,305,1
LPLC2,PVLP012,DNpe042,1,1,14,1
LPLC2,LoVP25,DNpe001,1,1,14,1
LPLC2,LoVP18,DNg92_b,1,1,1,1
LPLC2,SAD013,DNge038,1,1,15,1
LPLC2,PVLP017,DNpe040,1,1,288,1
LPLC2,PVLP012,DNp69,1,1,14,1
LPLC2,PVLP014,DNpe024,1,1,3,1
LPLC2,LoVP18,DNg91,1,1,1,1
LPLC2,SAD013,DNp27,1,1,150,1
LPLC2,LoVP18,DNg90,1,1,1,1
LPLC2,PVLP017,DNpe050,1,1,288,1
LPLC2,PVLP012,DNp30,1,1,2,1
LPLC2,PVLP017,DNpe052,1,1,288,1
LPLC2,PVLP018,DNp11,1,1,8,1
LPLC2,LoVP18,DNp19,1,1,1,1
LPLC2,PVLP013,DNp30,1,1,18,1
LPLC2,WED060,DNpe045,1,1,29,1
LPLC2,WED060,DNpe042,1,1,24,1
LPLC2,PVLP014,DNpe021,1,1,27,1
LPLC2,PVLP017,DNp05,1,1,288,1
LPLC2,LoVP24,DNpe027,1,1,1,1
LPLC2,LoVP24,pIP1,1,1,2,1
LPLC2,PVLP014,DNp71,1,1,3,1
LPLC2,PVLP014,DNp68,1,1,3,1
LPLC2,PVLP014,DNp66,1,1,3,1
LPLC2,LoVP18,"DNp51,DNpe019",1,1,1,1
LPLC2,PVLP014,DNp29,1,1,27,1
LPLC2,PVLP017,DNp34,1,1,305,1
LPLC2,PVLP014,DNde007,1,1,3,1
LPLC2,PVLP013,pIP1,1,1,34,1
LPLC2,WED060,DNpe039,1,1,1,1
LPLC2,WED060,DNge141,1,1,29,1
LPLC2,SAD013,DNge070,1,1,150,1
LPLC2,LoVP26,DNpe004,1,1,13,1
LPLC2,LoVP26,DNpe010,1,1,17,1
LPLC2,LoVP101,DNde005,1,1,4,1
LPLC2,WED060,DNg29,1,1,24,1
LPLC2,PVLP022,DNpe020,1,1,323,1
LPLC2,PVLP022,DNpe022,1,1,278,1
LPLC2,LoVP48,DNpe006,1,1,1,1
LPLC2,LoVP48,DNpe021,1,1,1,1
LPLC2,PVLP022,DNpe037,1,1,323,1
LPLC2,LoVP101,DNge095,1,1,1,1
LPLC2,LoVP48,DNpe025,1,1,1,1
LPLC2,PVLP010,DNg105,1,1,19,1
LPLC2,LoVP47,DNpe005,1,1,1,1
LPLC2,PVLP022,DNpe042,1,1,323,1
LPLC2,PVLP010,DNg101,1,1,19,1
LPLC2,PVLP010,DNg09_b,1,1,19,1
LPLC2,LoVP101,DNge060,1,1,1,1
LPLC2,LoVP101,DNge054,1,1,4,1
LPLC2,PVLP010,DNd04,1,1,13,1
LPLC2,LoVP49,DNpe021,1,1,1,1
LPLC2,LoVP48,DNbe007,1,1,1,1
LPLC2,PVLP010,DNg86,1,1,19,1
LPLC2,WED072,DNp12,1,1,10,1
LPLC2,LoVP43,DNp101,1,1,1,1
LPLC2,LoVP35,DNp32,1,1,3,1
LPLC2,PVLP022,DNp09,1,1,278,1
LPLC2,LoVP101,DNp02,1,1,1,1
LPLC2,PVLP022,DNp102,1,1,273,1
LPLC2,LoVP101,DNge149,1,1,4,1
LPLC2,LoVP39,DNp101,1,1,2,1
LPLC2,LoVP101,DNge141,1,1,1,1
LPLC2,SAD013,DNpe005,1,1,15,1
LPLC2,LoVP101,DNge133,1,1,1,1
LPLC2,SAD013,DNpe008,1,1,150,1
LPLC2,LoVP43,DNp27,1,1,1,1
LPLC2,PVLP010,DNge148,1,1,13,1
LPLC2,PVLP010,DNge082,1,1,13,1
LPLC2,PVLP010,DNge049,1,1,13,1
LPLC2,PVLP022,DNp46,1,1,278,1
LPLC2,PVLP010,DNge039,1,1,19,1
LPLC2,LoVP49,pIP1,1,1,1,1
LPLC2,LoVP50,CB0429,1,1,1,1
LPLC2,PVLP021,DNg86,1,1,2,1
LPLC2,LoVP50,DNge107,1,1,4,1
LPLC2,WED072,DNp55,1,1,1,1
LPLC2,PS357,DNae010,1,1,9,1
LPLC2,PVLP024,DNp69,1,1,16,1
LPLC2,LoVP101,DNg84,1,1,4,1
LPLC2,PS335,DNpe020,1,1,1,1
LPLC2,PVLP024,DNpe020,1,1,8,1
LPLC2,PS335,DNg74_b,1,1,1,1
LPLC2,PVLP024,DNpe037,1,1,8,1
LPLC2,LoVP50,DNg02_c,1,1,3,1
LPLC2,LoVP50,DNge141,1,1,1,1
LPLC2,PVLP025,DNbe001,1,1,8,1
LPLC2,SAD013,DNa05,1,1,15,1
LPLC2,PVLP025,DNp06,1,1,10,1
LPLC2,SAD013,aSP22,1,1,15,1
LPLC2,LoVP101,DNg104,1,1,1,1
LPLC2,PVLP025,DNp103,1,1,10,1
LPLC2,LoVP50,DNg02_d,1,1,4,1
LPLC2,PS357,DNbe001,1,1,2,1
LPLC2,PVLP010,DNc02,1,1,19,1
LPLC2,PVLP024,DNg40,1,1,28,1
LPLC2,PVLP010,DNc01,1,1,19,1
LPLC2,SAD013,DNa11,1,1,15,1
LPLC2,PVLP022,pIP10,1,1,278,1
LPLC2,PS357,DNp63,1,1,9,1
LPLC2,PS357,DNp49,1,1,2,1
LPLC2,PVLP024,DNb09,1,1,16,1
LPLC2,LoVP50,DNbe004,1,1,4,1
LPLC2,WED072,DNp32,1,1,7,1
LPLC2,SAD013,DNa07,1,1,15,1
LPLC2,LoVP101,DNge004,1,1,1,1
LPLC2,PVLP024,DNge054,1,1,8,1
LPLC2,LoVP50,DNbe006,1,1,3,1
LPLC2,LoVP101,DNg95,1,1,1,1
LPLC2,SAD013,DNa10,1,1,150,1
LPLC2,PS357,DNg01_d,1,1,4,1
LPLC2,PS357,DNbe004,1,1,4,1
LPLC2,SAD013,DNb01,1,1,150,1
LPLC2,WED072,DNge138,1,1,10,1
LPLC2,PVLP010,DNp10,1,1,19,1
LPLC2,LoVP102,DNp42,1,1,2,1
LPLC2,SAD013,DNp53,1,1,150,1
LPLC2,PVLP021,DNp32,1,1,21,1
LPLC2,LoVP102,DNpe040,1,1,2,1
LPLC2,SAD013,DNp57,1,1,15,1
LPLC2,LoVP102,DNp43,1,1,2,1
LPLC2,PVLP010,DNp68,1,1,19,1
LPLC2,PVLP010,DNp67,1,1,19,1
LPLC2,PVLP010,DNp60,1,1,19,1
LPLC2,PVLP021,DNp26,1,1,21,1
LPLC2,PVLP021,DNp62,1,1,8,1
LPLC2,LoVP102,DNp35,1,1,2,1
LPLC2,PVLP021,DNpe005,1,1,8,1
LPLC2,LoVP101,DNpe056,1,1,1,1
LPLC2,LoVP101,DNpe055,1,1,1,1
LPLC2,PVLP021,DNpe021,1,1,8,1
LPLC2,WED060,DNg87,1,1,24,1
LPLC2,LoVP103,DNg35,1,1,2,1
LPLC2,PVLP021,DNp18,1,1,2,1
LPLC2,LoVP101,DNp08,1,1,1,1
LPLC2,SAD013,DNp35,1,1,150,1
LPLC2,SAD013,DNp34,1,1,150,1
LPLC2,LoVP26,DNpe014,1,1,13,1
LPLC2,WED060,DNge037,1,1,13,1
LPLC2,WED061,DNp69,1,1,55,1
LPLC2,PVLP010,DNpe053,1,1,19,1
LPLC2,PVLP021,DNge124,1,1,2,1
LPLC2,SAD013,DNg15,1,1,15,1
LPLC2,PVLP021,DNge138,1,1,8,1
LPLC2,LoVP103,DNge054,1,1,2,1
LPLC2,LoVP26,DNpe027,1,1,13,1
LPLC2,SAD013,DNg02_d,1,1,15,1
LPLC2,LoVP103,DNge135,1,1,2,1
LPLC2,LoVP26,DNpe032,1,1,27,1
LPLC2,WED060,DNge031,1,1,24,1
LPLC2,LoVP27,DNae009,1,1,1,1
LPLC2,LoVP27,DNg02_g,1,1,4,1
LPLC2,LoVP27,DNpe053,1,1,4,1
LPLC2,PVLP021,DNpe031,1,1,8,1
LPLC2,PVLP021,DNpe042,1,1,21,1
LPLC2,PVLP022,DNge138,1,1,273,1
LPLC2,SAD013,DNp71,1,1,15,1
LPLC2,LoVP101,DNp68,1,1,1,1
LPLC2,LoVP101,DNp59,1,1,1,1
LPLC2,LoVP32,DNp42,1,1,1,1
LPLC2,PVLP022,DNg30,1,1,323,1
LPLC2,SAD013,DNpe002,1,1,15,1
LPLC2,PVLP022,DNge054,1,1,273,1
LPLC2,LoVP101,DNp42,1,1,4,1
LPLC2,PVLP021,DNpe052,1,1,21,1
LPLC2,LoVP32,DNp57,1,1,1,1
LPLC2,WED072,DNge032,1,1,1,1
LPLC2,LoVP32,DNp63,1,1,1,1
LPLC2,LoVP32,DNpe016,1,1,1,1
LPLC2,LoVP32,DNpe022,1,1,1,1
LPLC2,LoVP32,DNpe055,1,1,1,1
LPLC2,LoVP32,DNpe056,1,1,1,1
LPLC2,PVLP010,DNp27,1,1,13,1
LPLC2,LoVP32,DNg90,1,1,1,1
LPLC2,PVLP022,DNg111,1,1,323,1
LPLC2,LoVP32,DNbe007,1,1,1,1
LPLC2,SAD013,DNd02,1,1,15,1
LPLC2,LoVP101,DNpe020,1,1,4,1
LPLC2,PVLP010,DNp38,1,1,19,1
LPLC2,WED060,DNg83,1,1,24,1
LPLC2,PVLP021,pIP10,1,1,2,1
LPLC2,LoVP27,DNpe055,1,1,4,1
LPLC2,PVLP022,DNa04,1,1,323,1
LPLC2,LoVP32,CB0429,1,1,1,1
LPLC2,LoVP32,DNae009,1,1,1,1
LPLC2,PVLP022,DNb09,1,1,278,1
LPLC2,PVLP022,DNd04,1,1,273,1
LPLC2,LoVP101,DNpe006,1,1,1,1
LPLC2,PVLP022,DNde002,1,1,323,1
LPLC2,PVLP022,DNde006,1,1,278,1
LPLC2,PVLP022,DNde007,1,1,278,1
LPLC2,LoVP86,DNb08,1,1,1,1
LPLC2,PS001,DNp68,1,1,1,1
LPLC2,LoVP86,DNg92_b,1,1,1,1
LPLC2,PLP211,DNge130,1,1,70,1
LPLC2,MBON33,DNg13,1,1,1,1
LPLC2,PVLP108,DNp29,1,1,1,1
LPLC2,PLP211,DNge135,1,1,85,1
LPLC2,PVLP108,DNp42,1,1,1,1
LPLC2,SAD064,DNp05,1,1,40,1
LPLC2,LoVC18,DNp63,1,1,5,1
LPLC2,LoVC18,DNp62,1,1,3,1
LPLC2,PVLP108,DNp71,1,1,1,1
LPLC2,PLP211,DNge145,1,1,70,1
LPLC2,PVLP108,DNpe042,1,1,1,1
LPLC2,PVLP108,DNpe052,1,1,1,1
LPLC2,PVLP108,DNpe056,1,1,1,1
LPLC2,PLP211,DNge103,1,1,70,1
LPLC2,PLP211,DNge032,1,1,85,1
LPLC2,LoVC18,DNp58,1,1,3,1
LPLC2,PVLP110,DNp55,1,1,80,1
LPLC2,LoVC18,DNp67,1,1,3,1
LPLC2,PLP211,DNge152,1,1,85,1
LPLC2,PVLP110,DNpe052,1,1,38,1
LPLC2,LoVP_unclear,DNp57,1,1,1,1
LPLC2,LoVC18,DNpe027,1,1,7,1
LPLC2,LoVP_unclear,DNge038,1,1,3,1
LPLC2,LoVP_unclear,DNge127,1,1,3,1
LPLC2,PVLP209m,DNg100,1,1,6,1
LPLC2,LoVC18,DNpe016,1,1,7,1
LPLC2,LoVP_unclear,DNge152,1,1,3,1
LPLC2,PVLP106,DNpe056,1,1,30,1
LPLC2,PLP211,DNp16_a,1,1,85,1
LPLC2,MBON33,DNbe006,1,1,1,1
LPLC2,WED210,DNb04,1,1,1,1
LPLC2,LoVC18,DNpe001,1,1,6,1
LPLC2,VST2,DNge116,1,1,4,1
LPLC2,WED210,DNb05,1,1,1,1
LPLC2,PLP211,DNp10,1,1,85,1
LPLC2,PVLP209m,DNde005,1,1,11,1
LPLC2,PVLP107,DNpe031,1,1,1,1
LPLC2,LoVC18,DNp56,1,1,3,1
LPLC2,PVLP111,DNg30,1,1,1296,1
LPLC2,WED210,DNg102,1,1,1,1
LPLC2,ME_unclear,DNp35,1,1,7,1
LPLC2,PLP211,DNg01_b,1,1,85,1
LPLC2,MBON33,DNpe002,1,1,1,1
LPLC2,PVLP111,DNpe024,1,1,1436,1
LPLC2,MBON33,DNpe040,1,1,1,1
LPLC2,MBON33,DNpe048,1,1,1,1
LPLC2,PLP211,DNde007,1,1,70,1
LPLC2,PLP211,DNd03,1,1,70,1
LPLC2,PLP211,DNb04,1,1,85,1
LPLC2,PVLP111,DNpe005,1,1,779,1
LPLC2,PVLP111,DNpe040,1,1,1430,1
LPLC2,PVLP111,DNpe042,1,1,1430,1
LPLC2,MeLo11,DNp27,1,1,1,1
LPLC2,WED210,DNg09_a,1,1,1,1
LPLC2,PVLP111,DNpe050,1,1,779,1
LPLC2,PLP211,DNae009,1,1,70,1
LPLC2,SAD064,DNp32,1,1,36,1
LPLC2,LoVC18,DNp46,1,1,3,1
LPLC2,MBON33,DNp52,1,1,1,1
LPLC2,PLP211,DNg91,1,1,70,1
LPLC2,PVLP111,DNp45,1,1,1296,1
LPLC2,WED210,DNd02,1,1,1,1
LPLC2,PVLP111,DNge138,1,1,1968,1
LPLC2,PVLP111,DNp01,1,1,1296,1
LPLC2,LoVC18,DNp55,1,1,7,1
LPLC2,WED210,DNde001,1,1,1,1
LPLC2,PVLP111,DNp11,1,1,1535,1
LPLC2,WED210,DNg03,1,1,1,1
LPLC2,WED210,DNg05_b,1,1,1,1
LPLC2,LoVC18,DNp48,1,1,3,1
LPLC2,PLP211,DNg24,1,1,85,1
LPLC2,LoVC18,DNp54,1,1,6,1
LPLC2,PVLP111,DNp55,1,1,1296,1
LPLC2,PLP211,DNg09_a,1,1,85,1
LPLC2,PLP211,DNg02_a,1,1,70,1
LPLC2,PVLP111,DNp69,1,1,1664,1
LPLC2,PVLP111,DNp70,1,1,1403,1
LPLC2,PVLP106,DNp35,1,1,30,1
LPLC2,PVLP106,DNp32,1,1,30,1
LPLC2,PVLP106,DNp04,1,1,34,1
LPLC2,VSm,DNg51,1,1,2,1
LPLC2,PVLP100,DNa10,1,1,1,1
LPLC2,LoVC22,DNae005,1,1,5,1
LPLC2,PLP211,DNpe008,1,1,85,1
LPLC2,WED117,DNp66,1,1,1,1
LPLC2,LoVC22,DNae001,1,1,1,1
LPLC2,PLP211,DNpe005,1,1,85,1
LPLC2,PLP211,DNpe004,1,1,85,1
LPLC2,VSm,DNg11,1,1,8,1
LPLC2,LoVC22,DNb03,1,1,1,1
LPLC2,WED117,DNp73,1,1,2,1
LPLC2,LoVP93,DNp54,1,1,20,1
LPLC2,PLP211,DNpe003,1,1,70,1
LPLC2,WED118,DNc01,1,1,6,1
LPLC2,SAD049,DNpe042,1,1,30,1
LPLC2,WED118,DNg29,1,1,6,1
LPLC2,WED118,DNge130,1,1,6,1
LPLC2,PVLP099,DNpe040,1,1,2,1
LPLC2,PVLP099,DNp103,1,1,3,1
LPLC2,LoVC18,DNpe032,1,1,5,1
LPLC2,WED117,DNp35,1,1,2,1
LPLC2,SAD049,DNpe026,1,1,30,1
LPLC2,LoVC22,DNg02_a,1,1,1,1
LPLC2,PLP211,MDN,1,1,70,1
LPLC2,WED117,DNp32,1,1,2,1
LPLC2,LoVP93,DNp03,1,1,10,1
LPLC2,SAD013,DNge145,1,1,150,1
LPLC2,PVLP097,DNp04,1,1,1,1
LPLC2,LoVP93,DNp101,1,1,1,1
LPLC2,PVLP099,DNp04,1,1,3,1
LPLC2,LoVC22,DNbe001,1,1,1,1
LPLC2,PLP211,DNpe043,1,1,70,1
LPLC2,PVLP097,DNp06,1,1,1,1
LPLC2,LoVC22,DNb09,1,1,5,1
LPLC2,LoVP93,DNp31,1,1,1,1
LPLC2,LoVC22,DNb05,1,1,1,1
LPLC2,PVLP097,DNpe025,1,1,7,1
LPLC2,PVLP209m,DNge063,1,1,11,1
LPLC2,PVLP100,DNg24,1,1,1,1
LPLC2,WED118,DNge138,1,1,6,1
LPLC2,SAD064,DNg51,1,1,36,1
LPLC2,LoVC18,DNpe057,1,1,6,1
LPLC2,PVLP100,DNp42,1,1,1,1
LPLC2,PVLP100,DNp54,1,1,1,1
LPLC2,LoVP95,DNp34,1,1,2,1
LPLC2,LoVP95,DNp59,1,1,2,1
LPLC2,PVLP100,DNp57,1,1,1,1
LPLC2,PVLP100,DNp59,1,1,1,1
LPLC2,PLP211,DNp46,1,1,85,1
LPLC2,SAD064,DNb09,1,1,36,1
LPLC2,LoVP99,DNp07,1,1,2,1
LPLC2,PVLP100,DNpe025,1,1,1,1
LPLC2,WED118,DNp69,1,1,6,1
LPLC2,WED210,DNae009,1,1,1,1
LPLC2,SAD064,DNg56,1,1,14,1
LPLC2,LoVP_unclear,DNbe001,1,1,1,1
LPLC2,PVLP106,DNg40,1,1,34,1
LPLC2,PVLP100,DNp30,1,1,1,1
LPLC2,PVLP100,DNp27,1,1,1,1
LPLC2,LoVP95,DNp08,1,1,2,1
LPLC2,PLP211,DNp48,1,1,85,1
LPLC2,PVLP100,DNg29,1,1,1,1
LPLC2,LoVC22,DNa08,1,1,1,1
LPLC2,PVLP100,DNg56,1,1,1,1
LPLC2,LoVC22,DNa02,1,1,5,1
LPLC2,PLP211,DNp56,1,1,85,1
LPLC2,PLP211,DNp52,1,1,85,1
LPLC2,PVLP100,DNge032,1,1,1,1
LPLC2,LoVP93,DNpe030,1,1,1,1
LPLC2,LoVC22,CB0429,1,1,5,1
LPLC2,LoVC19,DNpe021,1,1,1,1
LPLC2,LoVP93,DNpe056,1,1,1,1
LPLC2,PVLP100,DNp03,1,1,1,1
LPLC2,PVLP209m,DNge041,1,1,3,1
LPLC2,LoVC19,DNp08,1,1,1,1
LPLC2,LoVP95,DNg104,1,1,2,1
LPLC2,PLP211,DNae005,1,1,85,1
LPLC2,MeLo2,DNc01,1,1,1,1
LPLC2,WED104,DNp29,1,1,38,1
LPLC2,SAD073,DNg111,1,1,22,1
LPLC2,PLP093,DNbe007,1,1,10,1
LPLC2,MeVC25,DNp35,1,1,256,1
LPLC2,LoVC18,DNge073,1,1,3,1
LPLC2,LoVC18,DNge070,1,1,3,1
LPLC2,LoVC18,DNge064,1,1,5,1
LPLC2,LoVC18,DNge053,1,1,7,1
LPLC2,LoVC18,DNge046,1,1,5,1
LPLC2,LoVC18,DNge026,1,1,5,1
LPLC2,LoVC18,DNge082,1,1,7,1
LPLC2,LoVC18,DNge006,1,1,5,1
LPLC2,PVLP114,pIP1,1,1,46,1
LPLC2,PVLP114,pMP2,1,1,46,1
LPLC2,PVLP120,DNg56,1,1,612,1
LPLC2,PVLP120,DNge054,1,1,612,1
LPLC2,SAD073,DNg52,1,1,22,1
LPLC2,PLP093,DNb05,1,1,10,1
LPLC2,PVLP114,DNpe025,1,1,46,1
LPLC2,PVLP114,DNp64,1,1,46,1
LPLC2,LoVC18,DNg90,1,1,5,1
LPLC2,PVLP114,DNp13,1,1,46,1
LPLC2,MeVC25,DNp04,1,1,256,1
LPLC2,PVLP114,DNge119,1,1,46,1
LPLC2,LoVC18,DNge125,1,1,6,1
LPLC2,PLP093,DNge054,1,1,10,1
LPLC2,PLP093,DNg91,1,1,10,1
LPLC2,PLP093,DNg84,1,1,10,1
LPLC2,PVLP114,DNge149,1,1,46,1
LPLC2,PVLP114,DNp32,1,1,46,1
LPLC2,LoVC18,DNge086,1,1,6,1
LPLC2,PVLP114,DNp35,1,1,46,1
LPLC2,SAD073,DNd03,1,1,22,1
LPLC2,PVLP114,DNp36,1,1,46,1
LPLC2,MeVC25,DNp06,1,1,256,1
LPLC2,SAD073,DNde006,1,1,22,1
LPLC2,PVLP114,DNp46,1,1,46,1
LPLC2,PLP093,DNg79,1,1,10,1
LPLC2,LoVC18,DNg92_a,1,1,7,1
LPLC2,PVLP120,DNp05,1,1,492,1
LPLC2,PLP211,DNa09,1,1,70,1
LPLC2,MeVCMe1,DNg12_b,1,1,10,1
LPLC2,PLP060,DNpe012_a,1,1,11,1
LPLC2,PVLP120,DNpe052,1,1,492,1
LPLC2,SAD073,DNg97,1,1,22,1
LPLC2,PVLP121,DNge032,1,1,5,1
LPLC2,MeVCMe1,DNd05,1,1,11,1
LPLC2,MeVCMe1,DNde007,1,1,11,1
LPLC2,SAD073,DNg98,1,1,22,1
LPLC2,SAD073,DNge032,1,1,22,1
LPLC2,MeVCMe1,DNc01,1,1,3,1
LPLC2,PLP060,DNp35,1,1,11,1
LPLC2,PVLP121,DNp27,1,1,5,1
LPLC2,LoVC18,DNg56,1,1,7,1
LPLC2,LoVC18,DNg50,1,1,3,1
LPLC2,PVLP121,DNpe031,1,1,5,1
LPLC2,VS,DNpe025,1,1,2,1
LPLC2,PVLP121,DNpe052,1,1,5,1
LPLC2,PLP060,DNpe012_b,1,1,11,1
LPLC2,SAD073,DNg95,1,1,22,1
LPLC2,PLP093,DNa16,1,1,10,1
LPLC2,PVLP120,DNp67,1,1,612,1
LPLC2,LoVC18,DNg88,1,1,7,1
LPLC2,PVLP120,DNp30,1,1,612,1
LPLC2,PVLP120,DNp32,1,1,492,1
LPLC2,PVLP120,DNp34,1,1,612,1
LPLC2,LoVC18,DNg79,1,1,7,1
LPLC2,WED210,DNge097,1,1,1,1
LPLC2,SAD073,DNg79,1,1,22,1
LPLC2,PVLP120,DNp70,1,1,492,1
LPLC2,MeVCMe1,DNa15,1,1,10,1
LPLC2,PVLP120,DNp71,1,1,612,1
LPLC2,WED210,DNge136,1,1,1,1
LPLC2,MeVCMe1,,1,1,10,1
LPLC2,PLP093,DNa04,1,1,10,1
LPLC2,MeVCMe1,DNa01,1,1,6,1
LPLC2,PVLP120,DNpe024,1,1,612,1
LPLC2,MeVCMe1,DNa05,1,1,10,1
LPLC2,PVLP114,DNge099,1,1,46,1
LPLC2,MeVC25,DNge125,1,1,329,1
LPLC2,PVLP206m,DNp60,1,1,241,1
LPLC2,PVLP209m,DNa08,1,1,5,1
LPLC2,PLP163,DNp06,1,1,3,1
LPLC2,PLP163,DNp01,1,1,3,1
LPLC2,PLP163,DNg40,1,1,3,1
LPLC2,PLP163,DNg104,1,1,3,1
LPLC2,PLP093,pIP1,1,1,10,1
LPLC2,MeLo9,DNp11,1,1,1,1
LPLC2,PVLP114,DNa06,1,1,46,1
LPLC2,PVLP114,DNa08,1,1,46,1
LPLC2,PLP163,DNp30,1,1,3,1
LPLC2,PVLP114,DNa11,1,1,46,1
LPLC2,LoVC18,DNp05,1,1,7,1
LPLC2,LoVC18,DNp03,1,1,5,1
LPLC2,LoVC18,DNge152,1,1,6,1
LPLC2,MeVC20,DNp27,1,1,1,1
LPLC2,PLP093,DNpe005,1,1,10,1
LPLC2,PVLP114,DNae003,1,1,46,1
LPLC2,LoVC18,DNp10,1,1,7,1
LPLC2,PLP163,DNpe005,1,1,3,1
LPLC2,LoVC18,DNge136,1,1,5,1
LPLC2,LoVC18,DNp13,1,1,6,1
LPLC2,PLP211,DNa07,1,1,85,1
LPLC2,PVLP112,DNp11,1,1,76,1
LPLC2,PLP170,DNpe005,1,1,1,1
LPLC2,VST1,DNp22,1,1,1,1
LPLC2,LoVC18,DNp16_b,1,1,7,1
LPLC2,SAD064,DNp33,1,1,40,1
LPLC2,LoVC18,DNp14,1,1,7,1
LPLC2,PLP170,DNge140,1,1,1,1
LPLC2,PLP163,DNpe042,1,1,3,1
LPLC2,LoVC18,DNp11,1,1,6,1
LPLC2,PLP170,DNg36_a,1,1,1,1
LPLC2,PVLP113,DNpe052,1,1,2,1
LPLC2,MeLo6,DNp27,1,1,1,1
LPLC2,PLP170,DNb01,1,1,1,1
LPLC2,PVLP209m,DNb09,1,1,6,1
LPLC2,PVLP209m,DNb01,1,1,3,1
LPLC2,WED210,DNg52,1,1,1,1
LPLC2,WED210,DNg59,1,1,1,1
LPLC2,PVLP206m,pMP2,1,1,120,1
LPLC2,MeVC23,DNpe021,1,1,5,1
LPLC2,WED210,DNg95,1,1,1,1
LPLC2,PVLP114,DNg88,1,1,46,1
LPLC2,SAD064,DNpe056,1,1,40,1
LPLC2,MeVC23,DNp27,1,1,6,1
LPLC2,PVLP114,DNg90,1,1,46,1
LPLC2,SAD064,pIP1,1,1,40,1
LPLC2,PVLP114,DNge010,1,1,46,1
LPLC2,PVLP114,DNge041,1,1,46,1
LPLC2,MeVC20,DNpe021,1,1,1,1
LPLC2,PVLP114,DNge047,1,1,46,1
LPLC2,MeVC23,DNpe053,1,1,6,1
LPLC2,MeVC25,DNa16,1,1,329,1
LPLC2,PLP093,DNp14,1,1,10,1
LPLC2,SAD073,DNae008,1,1,22,1
LPLC2,PVLP114,DNge098,1,1,46,1
LPLC2,SAD073,DNb08,1,1,22,1
LPLC2,PVLP114,DNg86,1,1,46,1
LPLC2,SAD064,DNpe037,1,1,36,1
LPLC2,PVLP114,DNg43,1,1,46,1
LPLC2,PVLP114,DNg22,1,1,46,1
LPLC2,SAD064,DNp71,1,1,40,1
LPLC2,PVLP206m,MDN,1,1,92,1
LPLC2,SAD064,DNp73,1,1,22,1
LPLC2,PVLP114,DNb09,1,1,46,1
LPLC2,MeVC21,DNc01,1,1,2,1
LPLC2,PVLP114,DNde003,1,1,46,1
LPLC2,MeVC22,DNc01,1,1,1,1
LPLC2,MeVC22,DNg30,1,1,1,1
LPLC2,PVLP114,DNg104,1,1,46,1
LPLC2,PVLP114,DNg105,1,1,46,1
LPLC2,SAD064,DNpe031,1,1,36,1
LPLC2,LoVC18,DNge145,1,1,3,1
LPLC2,PVLP114,DNg107,1,1,46,1
LPLC2,MeVC22,DNpe053,1,1,1,1
LPLC2,PVLP206m,DNpe034,1,1,92,1
LPLC2,LoVC22,DNg101,1,1,6,1
LPLC2,LoVC22,DNg104,1,1,1,1
LPLC2,LoVC22,DNg106,1,1,1,1
LPLC2,LoVP89,DNp42,1,1,1,1
LPLC2,LoVP89,DNp02,1,1,1,1
LPLC2,PPM1203,DNp34,1,1,3,1
LPLC2,PPM1203,DNp32,1,1,3,1
LPLC2,PVLP071,DNp103,1,1,991,1
LPLC2,LoVC25,DNge149,1,1,1,1
LPLC2,LoVC25,DNge119,1,1,1,1
LPLC2,LoVP89,DNp27,1,1,1,1
LPLC2,SAD049,DNg99,1,1,10,1
LPLC2,LoVP89,DNge147,1,1,1,1
LPLC2,PVLP071,DNp47,1,1,919,1
LPLC2,PVLP071,DNp69,1,1,919,1
LPLC2,PVLP071,DNpe024,1,1,919,1
LPLC2,LoVC22,aSP22,1,1,5,1
LPLC2,LoVC22,DNpe057,1,1,6,1
LPLC2,LoVP89,DNp70,1,1,1,1
LPLC2,LoVP89,DNpe003,1,1,1,1
LPLC2,PPM1203,DNp42,1,1,3,1
LPLC2,WED015,DNp70,1,1,5,1
LPLC2,PVLP072,DNp04,1,1,40,1
LPLC2,PPM1203,DNp69,1,1,3,1
LPLC2,PVLP070,DNp34,1,1,27,1
LPLC2,WED029,DNg32,1,1,11,1
LPLC2,PPM1203,DNpe020,1,1,3,1
LPLC2,WED104,DNpe045,1,1,45,1
LPLC2,PPM1203,DNpe010,1,1,3,1
LPLC2,PVLP070,DNp66,1,1,27,1
LPLC2,PVLP070,DNp71,1,1,103,1
LPLC2,PPM1203,DNp68,1,1,3,1
LPLC2,PPM1203,DNp45,1,1,3,1
LPLC2,LoVP89,DNge105,1,1,1,1
LPLC2,PVLP070,DNpe042,1,1,30,1
LPLC2,WED015,DNpe043,1,1,13,1
LPLC2,WED015,DNpe042,1,1,2,1
LPLC2,WED108,DNp30,1,1,7,1
LPLC2,WED108,DNp35,1,1,7,1
LPLC2,LoVC25,DNp16_b,1,1,1,1
LPLC2,LoVP89,DNpe028,1,1,1,1
LPLC2,PVLP072,DNp103,1,1,22,1
LPLC2,LoVC22,DNg109,1,1,6,1
LPLC2,LoVP90a,DNg90,1,1,3,1
LPLC2,LoVP90a,DNg15,1,1,3,1
LPLC2,LoVP90a,DNg34,1,1,3,1
LPLC2,PVLP074,DNp45,1,1,409,1
LPLC2,PPM1203,DNge099,1,1,3,1
LPLC2,SAD049,DNge039,1,1,30,1
LPLC2,LoVP90a,DNg39,1,1,3,1
LPLC2,LoVP90a,DNg86,1,1,3,1
LPLC2,SAD049,DNge084,1,1,30,1
LPLC2,LoVC22,DNpe039,1,1,5,1
LPLC2,PPM1203,DNg40,1,1,3,1
LPLC2,WED015,DNp103,1,1,13,1
LPLC2,PPM1203,DNg34,1,1,3,1
LPLC2,LoVP90a,DNge054,1,1,3,1
LPLC2,LoVP90a,DNge132,1,1,3,1
LPLC2,LoVP90a,DNp31,1,1,3,1
LPLC2,LoVC22,DNpe023,1,1,6,1
LPLC2,LoVP90a,DNde002,1,1,3,1
LPLC2,PPM1203,DNge135,1,1,3,1
LPLC2,LoVC22,DNpe054,1,1,1,1
LPLC2,WED015,DNp12,1,1,2,1
LPLC2,PVLP072,DNp27,1,1,22,1
LPLC2,PPM1203,DNp101,1,1,3,1
LPLC2,PVLP073,DNp09,1,1,124,1
LPLC2,PVLP073,DNp103,1,1,124,1
LPLC2,WED015,DNp32,1,1,2,1
LPLC2,WED015,DNp30,1,1,5,1
LPLC2,PPM1203,DNp06,1,1,3,1
LPLC2,PVLP074,DNg104,1,1,90,1
LPLC2,LoVC22,DNpe040,1,1,1,1
LPLC2,PVLP074,DNg40,1,1,200,1
LPLC2,PPM1203,DNp04,1,1,3,1
LPLC2,PPM1203,DNge149,1,1,3,1
LPLC2,LoVP90a,DNae007,1,1,3,1
LPLC2,PPM1203,DNge138,1,1,3,1
LPLC2,LoVP90a,DNbe003,1,1,3,1
LPLC2,LoVP90a,DNbe007,1,1,3,1
LPLC2,PPM1203,DNpe025,1,1,3,1
LPLC2,PPM1203,DNpe026,1,1,3,1
LPLC2,WED029,DNge138,1,1,11,1
LPLC2,LoVC5,DNp27,1,1,1,1
LPLC2,LoVP86,DNp57,1,1,1,1
LPLC2,SAD044,DNpe003,1,1,1,1
LPLC2,LoVC5,DNp54,1,1,1,1
LPLC2,PVLP064,DNpe025,1,1,7,1
LPLC2,LoVC5,DNp49,1,1,1,1
LPLC2,LoVC5,DNp31,1,1,1,1
LPLC2,PVLP066,DNc02,1,1,7,1
LPLC2,PS001,DNp10,1,1,1,1
LPLC2,LoVP86,DNp20,1,1,1,1
LPLC2,LoVC5,DNp16_b,1,1,1,1
LPLC2,PVLP066,DNge054,1,1,7,1
LPLC2,PVLP066,DNp02,1,1,4,1
LPLC2,SAD049,DNb05,1,1,30,1
LPLC2,WED029,DNpe021,1,1,11,1
LPLC2,LoVP86,DNpe011,1,1,1,1
LPLC2,WED029,DNp70,1,1,11,1
LPLC2,LoVP86,DNp39,1,1,1,1
LPLC2,PVLP064,DNp29,1,1,7,1
LPLC2,PPM1203,DNpe037,1,1,3,1
LPLC2,SAD044,DNpe002,1,1,1,1
LPLC2,SAD044,DNp56,1,1,1,1
LPLC2,PVLP062,DNpe043,1,1,4,1
LPLC2,SAD044,DNp59,1,1,1,1
LPLC2,LoVC5,pIP1,1,1,1,1
LPLC2,PS001,DNp35,1,1,1,1
LPLC2,LoVC5,DNpe037,1,1,1,1
LPLC2,SAD044,DNp63,1,1,1,1
LPLC2,WED104,DNp34,1,1,45,1
LPLC2,LoVC5,DNpe001,1,1,1,1
LPLC2,LoVP86,DNp104,1,1,1,1
LPLC2,PVLP064,DNg30,1,1,6,1
LPLC2,LoVP86,DNp17,1,1,1,1
LPLC2,PVLP064,DNge138,1,1,7,1
LPLC2,PVLP064,DNp01,1,1,1,1
LPLC2,LoVC5,DNpe016,1,1,1,1
LPLC2,PVLP209m,DNpe025,1,1,5,1
LPLC2,WED104,DNp73,1,1,45,1
LPLC2,PVLP066,DNp11,1,1,1,1
LPLC2,PVLP066,DNp30,1,1,7,1
LPLC2,WED104,DNpe039,1,1,38,1
LPLC2,LoVP89,DNg35,1,1,1,1
LPLC2,LoVP89,DNg39,1,1,1,1
LPLC2,PVLP069,DNp23,1,1,4196,1
LPLC2,PVLP069,DNp34,1,1,4196,1
LPLC2,PVLP069,DNp64,1,1,4857,1
LPLC2,WED104,DNpe031,1,1,38,1
LPLC2,LoVC5,DNae009,1,1,1,1
LPLC2,PVLP069,DNpe040,1,1,4196,1
LPLC2,PVLP066,DNp42,1,1,4,1
LPLC2,PPM1203,DNpe050,1,1,3,1
LPLC2,PVLP069,DNpe052,1,1,4857,1
LPLC2,PVLP069,DNpe056,1,1,4196,1
LPLC2,WED029,DNge184,1,1,11,1
LPLC2,LoVP89,DNge047,1,1,1,1
LPLC2,PPM1203,DNpe039,1,1,3,1
LPLC2,LoVC5,DNa09,1,1,1,1
LPLC2,PS001,CB0429,1,1,1,1
LPLC2,LoVP89,DNde002,1,1,1,1
LPLC2,LoVC5,DNbe001,1,1,1,1
LPLC2,PVLP068,DNpe025,1,1,37,1
LPLC2,LoVC5,DNp07,1,1,1,1
LPLC2,LoVC5,DNp03,1,1,1,1
LPLC2,PVLP209m,DNpe003,1,1,5,1
LPLC2,PS001,DNg40,1,1,1,1
LPLC2,PVLP066,DNp70,1,1,4,1
LPLC2,PS001,DNg03,1,1,1,1
LPLC2,WED029,DNp103,1,1,11,1
LPLC2,PVLP066,DNp71,1,1,7,1
LPLC2,PS001,DNbe001,1,1,1,1
LPLC2,WED104,DNpe021,1,1,45,1
LPLC2,LoVC5,DNge053,1,1,1,1
LPLC2,LoVC5,DNg40,1,1,1,1
LPLC2,PVLP066,DNpe040,1,1,1,1
LPLC2,LoVC5,DNde002,1,1,1,1
LPLC2,LoVP89,DNde001,1,1,1,1
LPLC2,PVLP075,DNpe039,1,1,56,1
LPLC2,WED117,DNd03,1,1,1,1
LPLC2,PVLP076,DNbe003,1,1,758,1
LPLC2,PVLP093,DNg95,1,1,386,1
LPLC2,PVLP093,DNae006,1,1,386,1
LPLC2,PLP219,DNpe021,1,1,104,1
LPLC2,VSm,DNp16_b,1,1,8,1
LPLC2,PVLP093,DNd03,1,1,386,1
LPLC2,LoVP93,DNa08,1,1,1,1
LPLC2,PLP219,DNp06,1,1,15,1
LPLC2,LoVC22,DNge103,1,1,5,1
LPLC2,SAD049,DNp64,1,1,30,1
LPLC2,LoVC22,DNge117,1,1,1,1
LPLC2,LoVC22,DNge063,1,1,6,1
LPLC2,LoVC22,DNge054,1,1,1,1
LPLC2,PVLP209m,DNp14,1,1,5,1
LPLC2,WED117,DNp02,1,1,2,1
LPLC2,LoVP93,DNa15,1,1,15,1
LPLC2,LoVP93,DNa16,1,1,15,1
LPLC2,LoVP93,DNae005,1,1,16,1
LPLC2,PLP219,DNpe042,1,1,104,1
LPLC2,SAD049,DNp27,1,1,10,1
LPLC2,LoVC22,DNp10,1,1,1,1
LPLC2,LoVC22,DNge141,1,1,6,1
LPLC2,LoVP92,DNp57,1,1,2,1
LPLC2,PVLP209m,DNp30,1,1,5,1
LPLC2,PVLP080_b,DNpe045,1,1,2,1
LPLC2,PLP230,DNg02_g,1,1,24,1
LPLC2,VSm,DNp17,1,1,4,1
LPLC2,LoVC22,DNge150,1,1,5,1
LPLC2,PLP230,DNg02_b,1,1,24,1
LPLC2,LoVC22,DNge140,1,1,5,1
LPLC2,LoVC22,DNge135,1,1,1,1
LPLC2,PLP230,DNbe006,1,1,24,1
LPLC2,WED117,DNge140,1,1,2,1
LPLC2,PVLP082,DNp27,1,1,2,1
LPLC2,PLP230,DNbe004,1,1,24,1
LPLC2,PVLP082,DNpe031,1,1,2,1
LPLC2,PVLP082,DNpe052,1,1,2,1
LPLC2,PLP230,DNb02,1,1,24,1
LPLC2,PVLP093,DNp06,1,1,318,1
LPLC2,LoVP93,DNae008,1,1,23,1
LPLC2,PLP219,DNg71,1,1,400,1
LPLC2,LoVC22,DNg43,1,1,5,1
LPLC2,SAD049,DNp70,1,1,10,1
LPLC2,WED117,DNp29,1,1,2,1
LPLC2,PVLP093,DNpe020,1,1,318,1
LPLC2,LoVC22,DNg45,1,1,5,1
LPLC2,PVLP093,DNpe024,1,1,318,1
LPLC2,LoVP93,DNg01_d,1,1,29,1
LPLC2,SAD049,DNpe005,1,1,10,1
LPLC2,PVLP093,DNpe031,1,1,386,1
LPLC2,PVLP093,DNp09,1,1,318,1
LPLC2,LoVC22,DNg40,1,1,5,1
LPLC2,LoVC22,DNg27,1,1,5,1
LPLC2,LoVC22,DNg13,1,1,1,1
LPLC2,PVLP093,DNpe037,1,1,318,1
LPLC2,PVLP093,DNpe039,1,1,318,1
LPLC2,LoVC22,DNg11,1,1,1,1
LPLC2,PVLP093,DNpe040,1,1,386,1
LPLC2,PLP219,DNae010,1,1,104,1
LPLC2,PLP219,DNg01_a,1,1,11,1
LPLC2,PVLP093,DNp66,1,1,386,1
LPLC2,PVLP093,DNp64,1,1,386,1
LPLC2,LoVC22,DNge040,1,1,1,1
LPLC2,LoVC22,DNge010,1,1,6,1
LPLC2,PVLP093,DNp11,1,1,386,1
LPLC2,PLP219,DNg40,1,1,104,1
LPLC2,PVLP093,DNp27,1,1,318,1
LPLC2,PLP219,DNg02_f,1,1,400,1
LPLC2,LoVC22,DNg79,1,1,6,1
LPLC2,PLP219,DNg02_d,1,1,11,1
LPLC2,PVLP093,DNp34,1,1,318,1
LPLC2,PVLP093,DNp43,1,1,386,1
LPLC2,PLP219,DNg02_c,1,1,400,1
LPLC2,LoVP93,DNbe003,1,1,11,1
LPLC2,PVLP093,DNp59,1,1,318,1
LPLC2,LoVC22,DNg75,1,1,1,1
LPLC2,LoVC22,DNg51,1,1,1,1
LPLC2,PVLP080_b,DNp66,1,1,2,1
LPLC2,PVLP080_b,DNp55,1,1,2,1
LPLC2,LoVP90a,DNpe022,1,1,3,1
LPLC2,WED015,DNg32,1,1,2,1
LPLC2,WED015,DNge138,1,1,13,1
LPLC2,PVLP076,DNge039,1,1,758,1
LPLC2,PLP256,DNg56,1,1,2,1
LPLC2,PLP256,DNc01,1,1,2,1
LPLC2,PLP256,DNbe001,1,1,2,1
LPLC2,PVLP076,DNge124,1,1,758,1
LPLC2,LoVP92,DNa11,1,1,1,1
LPLC2,LoVC22,DNpe006,1,1,1,1
LPLC2,LoVP90c,DNp41,1,1,4,1
LPLC2,LoVP92,DNa16,1,1,1,1
LPLC2,PLP256,DNa10,1,1,2,1
LPLC2,PVLP076,DNp08,1,1,758,1
LPLC2,LoVP92,DNae008,1,1,2,1
LPLC2,PVLP076,DNp18,1,1,758,1
LPLC2,PLP230,DNpe056,1,1,24,1
LPLC2,PLP230,DNpe016,1,1,24,1
LPLC2,LoVC22,DNpe008,1,1,1,1
LPLC2,LoVC22,DNpe009,1,1,1,1
LPLC2,LoVP92,DNp30,1,1,2,1
LPLC2,SAD049,DNge094,1,1,30,1
LPLC2,PPM1203,DNg29,1,1,3,1
LPLC2,PPM1203,DNd04,1,1,3,1
LPLC2,PVLP076,DNg108,1,1,580,1
LPLC2,LoVP90c,DNbe003,1,1,4,1
LPLC2,PLP256,pIP1,1,1,2,1
LPLC2,PLP256,DNpe005,1,1,2,1
LPLC2,LoVP90c,DNde003,1,1,4,1
LPLC2,SAD049,DNge113,1,1,10,1
LPLC2,PVLP076,DNg81,1,1,758,1
LPLC2,LoVP90c,DNge034,1,1,4,1
LPLC2,LoVP90c,DNge053,1,1,4,1
LPLC2,PLP256,DNp27,1,1,2,1
LPLC2,LoVC22,DNpe014,1,1,1,1
LPLC2,PVLP076,DNg34,1,1,758,1
LPLC2,PLP256,DNge031,1,1,2,1
LPLC2,LoVC22,DNpe012_b,1,1,1,1
LPLC2,PVLP076,DNp32,1,1,580,1
LPLC2,PLP230,DNp54,1,1,24,1
LPLC2,LoVC22,DNp68,1,1,1,1
LPLC2,PVLP080_a,DNpe040,1,1,5,1
LPLC2,SAD049,DNp04,1,1,30,1
LPLC2,PVLP080_a,DNp27,1,1,1,1
LPLC2,PVLP080_a,DNp66,1,1,1,1
LPLC2,PVLP209m,DNp52,1,1,3,1
LPLC2,LoVP92,DNp102,1,1,2,1
LPLC2,LoVC22,DNp16_b,1,1,1,1
LPLC2,PVLP080_a,DNpe025,1,1,1,1
LPLC2,PVLP080_b,DNg32,1,1,2,1
LPLC2,LoVP92,DNbe006,1,1,1,1
LPLC2,PVLP080_b,DNge032,1,1,1,1
LPLC2,PVLP080_b,DNge054,1,1,2,1
LPLC2,LoVC22,DNp104,1,1,1,1
LPLC2,LoVC22,DNp103,1,1,5,1
LPLC2,PLP230,DNge040,1,1,24,1
LPLC2,PVLP080_b,DNp12,1,1,1,1
LPLC2,PVLP080_b,DNp38,1,1,3,1
LPLC2,LoVP92,DNge054,1,1,1,1
LPLC2,LoVC22,DNp31,1,1,6,1
LPLC2,PLP230,DNge111,1,1,24,1
LPLC2,LoVC22,DNp38,1,1,1,1
LPLC2,LoVC22,DNp64,1,1,6,1
LPLC2,LoVC22,DNp60,1,1,1,1
LPLC2,PVLP076,DNp42,1,1,580,1
LPLC2,PVLP076,DNp64,1,1,758,1
LPLC2,LoVP92,DNg01_d,1,1,9,1
LPLC2,PVLP209m,DNp62,1,1,3,1
LPLC2,LoVP92,DNg04,1,1,3,1
LPLC2,PVLP076,DNpe022,1,1,758,1
LPLC2,LoVC22,DNp48,1,1,1,1
LPLC2,LoVC22,DNp46,1,1,1,1
LPLC2,PLP230,DNge141,1,1,24,1
LPLC2,LoVC22,DNp45,1,1,6,1
LPLC2,LoVC22,DNp43,1,1,1,1
LPLC2,PVLP076,DNpe052,1,1,580,1
LPLC2,PVLP209m,DNp54,1,1,3,1
LPLC2,LT77,DNge032,1,1,1,1
LC4,WED119,DNge141,1,1,2,1
LPLC2,LT77,DNde005,1,1,2,1
LC4,Li38,DNp30,1,1,17,1
LC4,Li17,DNp30,1,1,2,1
LC4,Li23,DNge030,1,1,1,1
LC4,Li26,DNp30,1,1,3,1
LC4,Li27,DNp11,1,1,1,1
LC4,Li28,DNp30,1,1,3,1
LC4,Li29,DNc01,1,1,1,1
LC4,Li29,DNp11,1,1,9,1
LC4,Li32,DNp11,1,1,15,1
LC4,Li38,DNp27,1,1,17,1
LC4,LoVC1,DNp56,1,1,2,1
LC4,Li15,DNp30,1,1,1,1
LC4,LoVC11,DNa02,1,1,1,1
LC4,LoVC11,DNa03,1,1,1,1
LC4,LoVC11,DNa15,1,1,1,1
LC4,LoVC11,DNae001,1,1,1,1
LC4,LoVC11,DNae005,1,1,1,1
LC4,LoVC11,DNb01,1,1,1,1
LC4,LoVC11,DNb05,1,1,1,1
LC4,LoVC11,DNbe007,1,1,1,1
LC4,LoVC11,DNde002,1,1,1,1
LC4,Li16,DNp27,1,1,3,1
LC4,Li14,DNp27,1,1,1,1
LC4,LoVCLo1,DNa07,1,1,1,1
LC4,LT85,DNge132,1,1,1,1
LC4,LT82b,DNpe050,1,1,68,1
LC4,LT83,DNp04,1,1,7,1
LC4,LT83,DNp35,1,1,9,1
LC4,LT85,CB0429,1,1,1,1
LC4,LT85,DNae005,1,1,1,1
LC4,LT85,DNae007,1,1,1,1
LC4,LT85,DNb05,1,1,1,1
LC4,LT85,DNg35,1,1,1,1
LC4,LT85,DNg86,1,1,1,1
LC4,LT85,DNp71,1,1,1,1
LC4,LT87,pMP2,1,1,18,1
LC4,LT85,DNpe006,1,1,1,1
LC4,LT85,DNpe056,1,1,1,1
LC4,LT87,DNg104,1,1,18,1
LC4,LT87,DNp06,1,1,18,1
LC4,LT87,DNp27,1,1,18,1
LC4,LT87,DNp35,1,1,18,1
LC4,LT87,DNp42,1,1,8,1
LC4,LT87,DNp43,1,1,8,1
LC4,LT87,DNp71,1,1,18,1
LC4,LoVC11,DNde003,1,1,1,1
LC4,LoVC11,DNg101,1,1,1,1
LC4,LoVC11,DNg102,1,1,1,1
LC4,LoVC15,DNa10,1,1,6,1
LC4,LoVC13,DNge110,1,1,2,1
LC4,LoVC13,DNge121,1,1,2,1
LC4,LoVC13,DNge141,1,1,8,1
LC4,LoVC14,DNde006,1,1,15,1
LC4,LoVC14,DNg39,1,1,15,1
LC4,LoVC14,DNg83,1,1,15,1
LC4,LoVC14,DNg84,1,1,15,1
LC4,LoVC14,DNge008,1,1,15,1
LC4,LoVC14,DNpe056,1,1,11,1
LC4,LoVC15,DNae001,1,1,6,1
LC4,LoVC11,DNg13,1,1,1,1
LC4,LoVC15,DNae005,1,1,6,1
LC4,LoVC15,DNae009,1,1,8,1
LC4,LoVC15,DNb01,1,1,6,1
LC4,LoVC15,DNb03,1,1,6,1
LC4,LoVC15,DNb04,1,1,2,1
LC4,LoVC15,DNbe001,1,1,3,1
LC4,LoVC15,DNbe004,1,1,3,1
LC4,LoVC15,DNbe006,1,1,6,1
LC4,LoVC15,DNg01_a,1,1,3,1
LC4,LoVC13,DNge108,1,1,2,1
LC4,LoVC13,DNge095,1,1,8,1
LC4,LoVC13,DNge038,1,1,8,1
LC4,LoVC13,DNge027,1,1,8,1
LC4,LoVC11,DNg19,1,1,1,1
LC4,LoVC11,DNg49,1,1,1,1
LC4,LoVC11,DNg75,1,1,1,1
LC4,LoVC11,DNg97,1,1,1,1
LC4,LoVC11,DNge045,1,1,1,1
LC4,LoVC11,DNge103,1,1,1,1
LC4,LoVC11,DNge123,1,1,1,1
LC4,LoVC11,DNp16_b,1,1,1,1
LC4,LoVC11,DNp18,1,1,1,1
LC4,LoVC11,DNp31,1,1,1,1
LC4,LoVC11,DNpe003,1,1,1,1
LC4,LoVC11,DNpe004,1,1,1,1
LC4,LoVC11,DNpe012_a,1,1,1,1
LC4,LoVC11,DNpe029,1,1,1,1
LC4,LoVC11,pIP1,1,1,1,1
LC4,LoVC13,,1,1,8,1
LC4,LoVC13,DNg24,1,1,8,1
LC4,LoVC13,DNg40,1,1,8,1
LC4,LoVC13,DNge003,1,1,8,1
LC4,LT82b,DNpe015,1,1,68,1
LC4,LT82b,DNpe005,1,1,71,1
LC4,LT82b,DNp53,1,1,68,1
LC4,LT66,DNp59,1,1,63,1
LC4,LT64,DNpe045,1,1,1,1
LC4,LT65,DNge032,1,1,1,1
LC4,LT65,DNpe021,1,1,2,1
LC4,LT66,DNc02,1,1,63,1
LC4,LT66,DNge135,1,1,39,1
LC4,LT66,DNp103,1,1,39,1
LC4,LT66,DNp11,1,1,63,1
LC4,LT66,DNp27,1,1,39,1
LC4,LT66,DNp35,1,1,39,1
LC4,LT66,DNpe042,1,1,39,1
LC4,LT77,DNge054,1,1,1,1
LC4,LT66,DNpe045,1,1,63,1
LC4,LT66,DNpe053,1,1,39,1
LC4,LT66,DNpe056,1,1,39,1
LC4,LT73,DNp30,1,1,6,1
LC4,LT74,DNp42,1,1,12,1
LC4,LT74,DNpe005,1,1,8,1
LC4,LT74,DNpe021,1,1,1,1
LC4,LT77,DNbe001,1,1,1,1
LC4,LT77,DNde005,1,1,1,1
LC4,LT64,DNp63,1,1,1,1
LC4,LT64,DNp54,1,1,1,1
LC4,LT64,DNp49,1,1,1,1
LC4,LT64,DNp19,1,1,1,1
LC4,LT56,DNp35,1,1,14,1
LC4,LT60,DNp01,1,1,293,1
LC4,LT60,DNp27,1,1,293,1
LC4,LT60,DNp29,1,1,181,1
LC4,LT60,DNp30,1,1,293,1
LC4,LT60,DNp66,1,1,293,1
LC4,LT60,DNpe045,1,1,181,1
LC4,LT61a,DNp04,1,1,11,1
LC4,LT61a,DNp35,1,1,11,1
LC4,LT61b,DNae004,1,1,40,1
LC4,LT61b,DNge138,1,1,40,1
LC4,LT62,DNp103,1,1,11,1
LC4,LT62,DNp66,1,1,11,1
LC4,LT62,DNp68,1,1,6,1
LC4,LT62,DNpe020,1,1,6,1
LC4,LT63,DNae007,1,1,1,1
LC4,LT64,DNa05,1,1,1,1
LC4,LT64,DNb04,1,1,1,1
LC4,LT64,DNbe006,1,1,1,1
LC4,LT77,DNge032,1,1,1,1
LC4,LT77,DNp26,1,1,4,1
LC4,LT82b,DNp35,1,1,71,1
LC4,LT82a,DNpe005,1,1,171,1
LC4,LT82a,DNg75,1,1,198,1
LC4,LT82a,DNp08,1,1,189,1
LC4,LT82a,DNp103,1,1,198,1
LC4,LT82a,DNp14,1,1,171,1
LC4,LT82a,DNp54,1,1,171,1
LC4,LT82a,DNp64,1,1,198,1
LC4,LT82a,DNp68,1,1,198,1
LC4,LT82a,DNp70,1,1,198,1
LC4,LT82a,DNpe003,1,1,171,1
LC4,LT82a,DNpe023,1,1,158,1
LC4,LT77,DNp34,1,1,4,1
LC4,LT82a,DNpe031,1,1,198,1
LC4,LT82a,pIP10,1,1,171,1
LC4,LT82b,DNb03,1,1,71,1
LC4,LT82b,DNb09,1,1,68,1
LC4,LT82b,DNg01_b,1,1,71,1
LC4,LT82b,DNg75,1,1,71,1
LC4,LT82b,DNg82,1,1,71,1
LC4,LT82b,DNge086,1,1,71,1
LC4,LT82b,DNge127,1,1,71,1
LC4,LT82a,DNg111,1,1,158,1
LC4,LT82a,DNg04,1,1,198,1
LC4,LT82a,DNg01_a,1,1,158,1
LC4,LT82a,DNa09,1,1,198,1
LC4,LT77,DNp42,1,1,1,1
LC4,LT77,DNp55,1,1,1,1
LC4,LT77,DNpe002,1,1,1,1
LC4,LT77,DNpe005,1,1,4,1
LC4,LT78,DNa07,1,1,1,1
LC4,LT78,DNae002,1,1,1,1
LC4,LT78,DNae005,1,1,1,1
LC4,LT78,DNge041,1,1,2,1
LC4,LT78,DNp05,1,1,2,1
LC4,LT78,DNp07,1,1,1,1
LC4,LT78,DNp34,1,1,2,1
LC4,LT78,DNpe025,1,1,1,1
LC4,LT78,DNpe037,1,1,1,1
LC4,LT79,DNpe031,1,1,1,1
LC4,LT79,DNpe052,1,1,1,1
LC4,LT79,pIP1,1,1,1,1
LC4,LT81,DNbe004,1,1,2,1
LC4,LT81,DNp27,1,1,2,1
LC4,LT81,DNpe022,1,1,1,1
LC4,LoVC15,DNg02_c,1,1,2,1
LC4,LoVC15,DNg02_d,1,1,3,1
LC4,LoVC15,DNg05_b,1,1,3,1
LC4,LoVC22,DNp64,1,1,1,1
LC4,LoVC22,DNp16_b,1,1,2,1
LC4,LoVC22,DNp31,1,1,1,1
LC4,LoVC22,DNp34,1,1,1,1
LC4,LoVC22,DNp38,1,1,2,1
LC4,LoVC22,DNp43,1,1,2,1
LC4,LoVC22,DNp45,1,1,1,1
LC4,LoVC22,DNp46,1,1,1,1
LC4,LoVC22,DNp48,1,1,2,1
LC4,LoVC22,DNp60,1,1,2,1
LC4,LoVC22,DNp67,1,1,2,1
LC4,LoVC22,DNpe040,1,1,1,1
LC4,LoVC22,DNp68,1,1,2,1
LC4,LoVC22,DNp69,1,1,1,1
LC4,LoVC22,DNpe006,1,1,2,1
LC4,LoVC22,DNpe008,1,1,1,1
LC4,LoVC22,DNpe009,1,1,1,1
LC4,LoVC22,DNpe012_b,1,1,1,1
LC4,LoVC22,DNpe014,1,1,2,1
LC4,LoVC22,DNpe016,1,1,1,1
LC4,LoVC22,DNpe017,1,1,2,1
LC4,LoVC22,DNp104,1,1,1,1
LC4,LoVC22,DNp10,1,1,2,1
LC4,LoVC22,DNge141,1,1,1,1
LC4,LoVC22,DNge135,1,1,1,1
LC4,LoVC22,DNb05,1,1,1,1
LC4,LoVC22,DNbe001,1,1,2,1
LC4,LoVC22,DNg02_a,1,1,2,1
LC4,LoVC22,DNg101,1,1,1,1
LC4,LoVC22,DNg102,1,1,2,1
LC4,LoVC22,DNg104,1,1,1,1
LC4,LoVC22,DNg106,1,1,1,1
LC4,LoVC22,DNg109,1,1,1,1
LC4,LoVC22,DNg11,1,1,1,1
LC4,LoVC22,DNg13,1,1,1,1
LC4,LoVC22,DNg51,1,1,1,1
LC4,LoVC22,DNg75,1,1,2,1
LC4,LoVC22,DNg79,1,1,1,1
LC4,LoVC22,DNge010,1,1,1,1
LC4,LoVC22,DNge040,1,1,2,1
LC4,LoVC22,DNge054,1,1,1,1
LC4,LoVC22,DNge063,1,1,1,1
LC4,LoVC22,DNge107,1,1,1,1
LC4,LoVC22,DNge117,1,1,1,1
LC4,LoVC22,DNpe023,1,1,1,1
LC4,LoVC22,DNpe053,1,1,1,1
LC4,LoVC22,DNae001,1,1,2,1
LC4,LoVC7,DNp07,1,1,11,1
LC4,LoVC6,DNpe037,1,1,1,1
LC4,LoVC7,DNa07,1,1,12,1
LC4,LoVC7,DNbe001,1,1,12,1
LC4,LoVC7,DNg01_b,1,1,12,1
LC4,LoVC7,DNg02_f,1,1,12,1
LC4,LoVC7,DNg02_g,1,1,11,1
LC4,LoVC7,DNg79,1,1,12,1
LC4,LoVC7,DNg90,1,1,11,1
LC4,LoVC7,DNge015,1,1,12,1
LC4,LoVC7,DNp08,1,1,12,1
LC4,LoVC22,DNpe054,1,1,2,1
LC4,LoVC7,DNp16_b,1,1,11,1
LC4,LoVC7,DNp33,1,1,12,1
LC4,LoVC7,DNp69,1,1,12,1
LC4,LoVC7,DNpe003,1,1,11,1
LC4,LoVC7,DNpe009,1,1,11,1
LC4,LoVC7,DNpe012_a,1,1,11,1
LC4,LoVC7,DNpe013,1,1,11,1
LC4,LoVC7,DNpe032,1,1,11,1
LC4,LoVC7,DNpe037,1,1,11,1
LC4,LoVC6,DNpe017,1,1,1,1
LC4,LoVC6,DNp48,1,1,1,1
LC4,LoVC6,DNp07,1,1,1,1
LC4,LoVC6,DNp03,1,1,1,1
LC4,LoVC22,DNpe057,1,1,1,1
LC4,LoVC25,DNge119,1,1,1,1
LC4,LoVC25,DNge149,1,1,1,1
LC4,LoVC25,DNp16_b,1,1,1,1
LC4,LoVC3,DNae009,1,1,1,1
LC4,LoVC3,DNp18,1,1,1,1
LC4,LoVC3,DNpe001,1,1,1,1
LC4,LoVC3,DNpe022,1,1,1,1
LC4,LoVC3,DNpe053,1,1,1,1
LC4,LoVC3,DNpe055,1,1,1,1
LC4,LoVC6,DNa04,1,1,1,1
LC4,LoVC6,DNa05,1,1,1,1
LC4,LoVC6,DNae003,1,1,1,1
LC4,LoVC6,DNae006,1,1,1,1
LC4,LoVC6,DNae009,1,1,1,1
LC4,LoVC6,DNg01_d,1,1,1,1
LC4,LoVC6,DNg49,1,1,1,1
LC4,LoVC6,DNg79,1,1,1,1
LC4,LoVC6,DNge016,1,1,1,1
LC4,LoVC22,DNb03,1,1,1,1
LC4,LoVC22,DNa08,1,1,1,1
LC4,LoVC15,DNg100,1,1,6,1
LC4,LoVC17,DNb07,1,1,1,1
LC4,LoVC16,DNp42,1,1,231,1
LC4,LoVC16,DNp71,1,1,426,1
LC4,LoVC16,DNpe025,1,1,426,1
LC4,LoVC16,DNpe031,1,1,231,1
LC4,LoVC16,DNpe045,1,1,367,1
LC4,LoVC16,DNpe056,1,1,231,1
LC4,LoVC17,DNa02,1,1,1,1
LC4,LoVC17,DNb01,1,1,1,1
LC4,LoVC17,DNb04,1,1,1,1
LC4,LoVC17,DNbe004,1,1,1,1
LC4,LoVC18,DNae008,1,1,4,1
LC4,LoVC17,DNp49,1,1,1,1
LC4,LoVC17,DNp54,1,1,1,1
LC4,LoVC17,DNp57,1,1,1,1
LC4,LoVC17,DNp59,1,1,1,1
LC4,LoVC17,DNpe002,1,1,1,1
LC4,LoVC17,DNpe017,1,1,1,1
LC4,LoVC17,DNpe021,1,1,1,1
LC4,LoVC18,DNa01,1,1,4,1
LC4,LoVC18,DNa10,1,1,4,1
LC4,LoVC16,DNp35,1,1,231,1
LC4,LoVC16,DNp06,1,1,231,1
LC4,LoVC16,DNde007,1,1,231,1
LC4,LoVC15,pIP1,1,1,8,1
LC4,LoVC15,DNg110,1,1,3,1
LC4,LoVC15,DNg111,1,1,3,1
LC4,LoVC15,DNg42,1,1,3,1
LC4,LoVC15,DNg49,1,1,6,1
LC4,LoVC15,DNg51,1,1,6,1
LC4,LoVC15,DNg53,1,1,6,1
LC4,LoVC15,DNg71,1,1,6,1
LC4,LoVC15,DNg97,1,1,8,1
LC4,LoVC15,DNge050,1,1,3,1
LC4,LoVC15,DNge103,1,1,3,1
LC4,LoVC15,DNge124,1,1,8,1
LC4,LoVC15,DNge183,1,1,3,1
LC4,LoVC15,DNp08,1,1,6,1
LC4,LoVC15,DNp18,1,1,3,1
LC4,LoVC15,DNp21,1,1,3,1
LC4,LoVC15,DNp34,1,1,3,1
LC4,LoVC15,DNp42,1,1,2,1
LC4,LoVC15,"DNp51,DNpe019",1,1,3,1
LC4,LoVC15,DNpe024,1,1,6,1
LC4,LoVC18,DNa14,1,1,4,1
LC4,LoVC18,DNbe007,1,1,4,1
LC4,LoVC21,DNpe025,1,1,2,1
LC4,LoVC18,DNpe028,1,1,4,1
LC4,LoVC18,DNp30,1,1,4,1
LC4,LoVC18,DNp43,1,1,4,1
LC4,LoVC18,DNp45,1,1,4,1
LC4,LoVC18,DNp55,1,1,4,1
LC4,LoVC18,DNp57,1,1,4,1
LC4,LoVC18,DNp59,1,1,4,1
LC4,LoVC18,DNpe016,1,1,4,1
LC4,LoVC18,DNpe024,1,1,4,1
LC4,LoVC18,DNpe027,1,1,4,1
LC4,LoVC18,DNpe050,1,1,4,1
LC4,LoVC18,DNd05,1,1,4,1
LC4,LoVC18,DNpe052,1,1,4,1
LC4,LoVC18,DNpe056,1,1,4,1
LC4,LoVC18,aSP22,1,1,4,1
LC4,LoVC18,pIP10,1,1,4,1
LC4,LoVC21,DNd04,1,1,2,1
LC4,LoVC21,DNde001,1,1,2,1
LC4,LoVC21,DNge032,1,1,2,1
LC4,LoVC21,DNge121,1,1,2,1
LC4,LoVC21,DNp27,1,1,2,1
LC4,LoVC18,DNp29,1,1,4,1
LC4,LoVC18,DNp16_b,1,1,4,1
LC4,LoVC18,DNp14,1,1,4,1
LC4,LoVC18,DNp12,1,1,4,1
LC4,LoVC18,DNde002,1,1,4,1
LC4,LoVC18,DNg03,1,1,4,1
LC4,LoVC18,DNg100,1,1,4,1
LC4,LoVC18,DNg32,1,1,4,1
LC4,LoVC18,DNg56,1,1,4,1
LC4,LoVC18,DNg79,1,1,4,1
LC4,LoVC18,DNg88,1,1,4,1
LC4,LoVC18,DNg89,1,1,4,1
LC4,LoVC18,DNg92_a,1,1,4,1
LC4,LoVC18,DNge030,1,1,4,1
LC4,LoVC18,DNge053,1,1,4,1
LC4,LoVC18,DNge082,1,1,4,1
LC4,LoVC18,DNge099,1,1,4,1
LC4,LoVC18,DNge138,1,1,4,1
LC4,LoVC18,DNp05,1,1,4,1
LC4,LoVC18,DNp06,1,1,4,1
LC4,LoVC18,DNp09,1,1,4,1
LC4,LoVC18,DNp10,1,1,4,1
LC4,LoVC18,DNp104,1,1,4,1
LC4,LT56,DNp103,1,1,14,1
LC4,LT56,DNp06,1,1,14,1
LC4,LT52,DNp11,1,1,1,1
LC4,LC22,DNg79,1,1,3,1
LC4,LC19,DNg13,1,1,1,1
LC4,LC19,DNp39,1,1,1,1
LC4,LC19,DNp54,1,1,1,1
LC4,LC19,DNpe013,1,1,1,1
LC4,LC20b,DNp54,1,1,1,1
LC4,LC21,DNp11,1,1,1,1
LC4,LC22,DNa08,1,1,1,1
LC4,LC22,DNbe004,1,1,1,1
LC4,LC22,DNg02_c,1,1,1,1
LC4,LC22,DNge041,1,1,2,1
LC4,LC28,DNp27,1,1,1,1
LC4,LC22,DNge141,1,1,1,1
LC4,LC22,DNp08,1,1,1,1
LC4,LC22,DNp104,1,1,1,1
LC4,LC22,DNp63,1,1,5,1
LC4,LC22,DNpe010,1,1,1,1
LC4,LC23,DNg79,1,1,8,1
LC4,LC23,DNge041,1,1,48,1
LC4,LC23,DNp49,1,1,15,1
LC4,LC23,DNp69,1,1,3,1
LC4,LC19,DNb07,1,1,1,1
LC4,LC18,DNp30,1,1,2,1
LC4,LC18,DNg30,1,1,2,1
LC4,LC17,DNc02,1,1,1,1
LC4,LAL301m,DNpe040,1,1,13,1
LC4,LC10c-1,DNd05,1,1,1,1
LC4,LC10c-2,aSP22,1,1,1,1
LC4,LC10d,DNp27,1,1,4,1
LC4,LC10d,aSP22,1,1,1,1
LC4,LC11,DNpe021,1,1,1,1
LC4,LC12,DNp11,1,1,1,1
LC4,LC13,DNbe007,1,1,1,1
LC4,LC14a-1,DNpe045,1,1,62,1
LC4,LC14a-2,DNae007,1,1,1,1
LC4,LC14a-2,DNg111,1,1,1,1
LC4,LC14a-2,DNge054,1,1,1,1
LC4,LC14a-2,DNp102,1,1,1,1
LC4,LC14a-2,DNp18,1,1,1,1
LC4,LC14a-2,DNp30,1,1,1,1
LC4,LC14a-2,DNpe005,1,1,1,1
LC4,LC15,DNp11,1,1,1,1
LC4,LC16,DNp103,1,1,1,1
LC4,LC16,DNp11,1,1,1,1
LC4,LC25,DNge032,1,1,1,1
LC4,LC29,DNa10,1,1,1,1
LC4,LAL301m,DNpe017,1,1,24,1
LC4,LC35b,DNg49,1,1,3,1
LC4,LC35a,DNg95,1,1,4,1
LC4,LC35a,DNp11,1,1,2,1
LC4,LC35a,DNp12,1,1,2,1
LC4,LC35a,DNp57,1,1,3,1
LC4,LC35a,DNp63,1,1,2,1
LC4,LC35b,DNa10,1,1,3,1
LC4,LC35b,DNb04,1,1,3,1
LC4,LC35b,DNbe004,1,1,3,1
LC4,LC35b,DNg111,1,1,3,1
LC4,LC35b,DNp63,1,1,3,1
LC4,LC29,DNbe001,1,1,1,1
LC4,LC35b,DNpe028,1,1,3,1
LC4,LC35b,aSP22,1,1,3,1
LC4,LC36,DNa16,1,1,2,1
LC4,LC36,DNb01,1,1,1,1
LC4,LC36,DNg02_d,1,1,1,1
LC4,LC36,DNg02_f,1,1,3,1
LC4,LC36,DNg02_g,1,1,3,1
LC4,LC36,DNp05,1,1,1,1
LC4,LC36,DNp49,1,1,3,1
LC4,LC35a,DNg92_a,1,1,4,1
LC4,LC35a,DNg79,1,1,5,1
LC4,LC35a,DNg111,1,1,4,1
LC4,LC35a,DNg02_e,1,1,2,1
LC4,LC29,DNp26,1,1,1,1
LC4,LC29,DNp47,1,1,2,1
LC4,LC29,DNpe002,1,1,1,1
LC4,LC29,DNpe003,1,1,1,1
LC4,LC29,DNpe022,1,1,1,1
LC4,LC29,DNpe025,1,1,3,1
LC4,LC31a,DNg104,1,1,1,1
LC4,LC31a,DNp02,1,1,3,1
LC4,LC31b,DNb01,1,1,91,1
LC4,LC31b,DNg40,1,1,71,1
LC4,LC31b,DNpe005,1,1,91,1
LC4,LC31b,DNpe021,1,1,24,1
LC4,LC31b,DNpe039,1,1,57,1
LC4,LC33,aSP22,1,1,1,1
LC4,LC35a,DNa04,1,1,3,1
LC4,LC35a,DNa05,1,1,5,1
LC4,LC35a,DNa07,1,1,1,1
LC4,LC35a,DNb01,1,1,4,1
LC4,LC35a,DNb04,1,1,4,1
LC4,LAL301m,DNpe024,1,1,24,1
LC4,LAL301m,DNp55,1,1,24,1
LC4,LC36,DNpe027,1,1,1,1
LC4,IB114,DNg74_a,1,1,208,1
LC4,GNG517,DNpe042,1,1,3,1
LC4,IB114,,1,1,208,1
LC4,IB114,DNb08,1,1,208,1
LC4,IB114,DNc01,1,1,208,1
LC4,IB114,DNd05,1,1,208,1
LC4,IB114,DNde003,1,1,208,1
LC4,IB114,DNg03,1,1,208,1
LC4,IB114,DNg105,1,1,208,1
LC4,IB114,DNg40,1,1,208,1
LC4,IB114,DNg82,1,1,208,1
LC4,IB114,DNp26,1,1,208,1
LC4,IB114,DNg93,1,1,208,1
LC4,IB114,DNg97,1,1,208,1
LC4,IB114,DNge073,1,1,208,1
LC4,IB114,DNge119,1,1,208,1
LC4,IB114,DNge142,1,1,208,1
LC4,IB114,DNge149,1,1,208,1
LC4,IB114,DNp05,1,1,208,1
LC4,IB114,DNp104,1,1,208,1
LC4,IB114,DNp13,1,1,208,1
LC4,GNG517,DNpe007,1,1,3,1
LC4,GNG517,DNge079,1,1,3,1
LC4,GNG517,DNge047,1,1,3,1
LC4,GNG517,DNge032,1,1,3,1
LC4,GNG506,DNge073,1,1,1,1
LC4,GNG506,DNge101,1,1,1,1
LC4,GNG506,DNge119,1,1,1,1
LC4,GNG506,DNge127,1,1,1,1
LC4,GNG506,DNge131,1,1,1,1
LC4,GNG506,DNge132,1,1,1,1
LC4,GNG506,DNge133,1,1,1,1
LC4,GNG506,DNge141,1,1,1,1
LC4,GNG506,DNge149,1,1,1,1
LC4,GNG506,DNp30,1,1,1,1
LC4,GNG506,DNp38,1,1,1,1
LC4,GNG506,DNp69,1,1,1,1
LC4,GNG506,DNpe002,1,1,1,1
LC4,GNG506,DNpe021,1,1,1,1
LC4,GNG506,DNpe022,1,1,1,1
LC4,GNG517,,1,1,3,1
LC4,GNG517,DNd02,1,1,3,1
LC4,GNG517,DNg83,1,1,3,1
LC4,GNG517,DNge010,1,1,3,1
LC4,IB114,DNp23,1,1,208,1
LC4,IB114,DNp34,1,1,208,1
LC4,LAL301m,DNge119,1,1,24,1
LC4,LAL026_b,aSP22,1,1,42,1
LC4,LAL026_b,DNb03,1,1,42,1
LC4,LAL026_b,DNb09,1,1,42,1
LC4,LAL026_b,DNg82,1,1,42,1
LC4,LAL026_b,DNge041,1,1,42,1
LC4,LAL026_b,DNge123,1,1,42,1
LC4,LAL026_b,DNp03,1,1,42,1
LC4,LAL026_b,DNp36,1,1,42,1
LC4,LAL026_b,DNp54,1,1,42,1
LC4,LAL026_b,DNpe052,1,1,42,1
LC4,LAL053,DNbe006,1,1,55,1
LC4,IB114,DNp42,1,1,208,1
LC4,LAL053,DNg111,1,1,55,1
LC4,LAL053,DNge041,1,1,55,1
LC4,LAL053,DNge124,1,1,55,1
LC4,LAL300m,DNb08,1,1,35,1
LC4,LAL300m,DNde003,1,1,20,1
LC4,LAL300m,DNge135,1,1,40,1
LC4,LAL300m,DNpe021,1,1,22,1
LC4,LAL301m,DNae007,1,1,13,1
LC4,LAL301m,DNg97,1,1,13,1
LC4,LAL026_a,pIP1,1,1,124,1
LC4,LAL026_a,aSP22,1,1,124,1
LC4,LAL026_a,DNpe040,1,1,124,1
LC4,LAL026_a,DNp66,1,1,124,1
LC4,IB114,DNp45,1,1,208,1
LC4,IB114,DNp68,1,1,208,1
LC4,IB114,DNp71,1,1,208,1
LC4,IB114,DNp73,1,1,208,1
LC4,IB114,DNpe005,1,1,208,1
LC4,IB114,DNpe010,1,1,208,1
LC4,IB114,DNpe021,1,1,208,1
LC4,IB114,DNpe024,1,1,208,1
LC4,IB114,DNpe026,1,1,208,1
LC4,IB114,DNpe037,1,1,208,1
LC4,IB114,DNpe053,1,1,208,1
LC4,IB114,aSP22,1,1,208,1
LC4,LAL026_a,DNa10,1,1,124,1
LC4,LAL026_a,DNae002,1,1,124,1
LC4,LAL026_a,DNae007,1,1,124,1
LC4,LAL026_a,DNae010,1,1,124,1
LC4,LAL026_a,DNge033,1,1,124,1
LC4,LAL026_a,DNp07,1,1,124,1
LC4,LAL026_a,DNp54,1,1,124,1
LC4,LC36,DNpe021,1,1,2,1
LC4,LC37,DNbe007,1,1,1,1
LC4,LT52,DNp10,1,1,2,1
LC4,LT39,DNa07,1,1,7,1
LC4,LT37,DNb07,1,1,4,1
LC4,LT37,DNg90,1,1,4,1
LC4,LT37,DNge043,1,1,1,1
LC4,LT37,DNp05,1,1,4,1
LC4,LT37,DNp31,1,1,1,1
LC4,LT37,DNp47,1,1,1,1
LC4,LT37,DNp57,1,1,1,1
LC4,LT37,DNpe053,1,1,4,1
LC4,LT39,DNa06,1,1,7,1
LC4,LT39,DNa09,1,1,7,1
LC4,LT40,DNpe003,1,1,17,1
LC4,LT40,DNa06,1,1,17,1
LC4,LT40,DNa07,1,1,17,1
LC4,LT40,DNbe001,1,1,17,1
LC4,LT40,DNbe007,1,1,17,1
LC4,LT40,DNg40,1,1,17,1
LC4,LT40,DNge138,1,1,17,1
LC4,LT40,DNp01,1,1,17,1
LC4,LT40,DNp103,1,1,17,1
LC4,LT40,DNp39,1,1,17,1
LC4,LT36,DNpe016,1,1,1,1
LC4,LT36,DNpe005,1,1,1,1
LC4,LT36,DNp27,1,1,1,1
LC4,LT35,DNpe026,1,1,95,1
LC4,LPT60,DNp45,1,1,299,1
LC4,LPT60,DNp46,1,1,299,1
LC4,LPT60,DNp52,1,1,299,1
LC4,LPT60,DNp57,1,1,352,1
LC4,LPT60,DNpe021,1,1,299,1
LC4,LPT60,DNpe042,1,1,299,1
LC4,LPT60,DNpe056,1,1,352,1
LC4,LT11,DNp30,1,1,6,1
LC4,LT11,DNp66,1,1,6,1
LC4,LT11,DNpe056,1,1,6,1
LC4,LT11,pIP1,1,1,6,1
LC4,LT1b,DNp06,1,1,7,1
LC4,LT1b,DNp27,1,1,7,1
LC4,LT1c,DNp27,1,1,9,1
LC4,LT1d,DNpe021,1,1,6,1
LC4,LT33,DNc01,1,1,1,1
LC4,LT33,DNd05,1,1,1,1
LC4,LT35,DNp08,1,1,79,1
LC4,LT35,DNp10,1,1,95,1
LC4,LT40,DNp64,1,1,17,1
LC4,LT40,DNpe013,1,1,17,1
LC4,LPT60,DNp103,1,1,352,1
LC4,LT51,DNa08,1,1,1,1
LC4,LT47,DNbe003,1,1,2,1
LC4,LT47,DNd02,1,1,1,1
LC4,LT47,DNge047,1,1,1,1
LC4,LT47,DNge049,1,1,2,1
LC4,LT47,DNp39,1,1,2,1
LC4,LT47,DNp56,1,1,2,1
LC4,LT47,DNpe003,1,1,1,1
LC4,LT47,DNpe022,1,1,1,1
LC4,LT51,DNa04,1,1,3,1
LC4,LT51,DNae004,1,1,2,1
LC4,LT40,DNpe023,1,1,17,1
LC4,LT51,DNbe001,1,1,2,1
LC4,LT51,DNde002,1,1,1,1
LC4,LT51,DNg100,1,1,1,1
LC4,LT51,DNg102,1,1,1,1
LC4,LT51,DNg71,1,1,2,1
LC4,LT51,DNg75,1,1,1,1
LC4,LT51,DNge010,1,1,1,1
LC4,LT51,DNp08,1,1,2,1
LC4,LT51,DNp63,1,1,4,1
LC4,LT47,DNbe002,1,1,1,1
LC4,LT42,aSP22,1,1,4,1
LC4,LT42,DNpe037,1,1,4,1
LC4,LT42,DNpe009,1,1,4,1
LC4,LT40,DNpe040,1,1,17,1
LC4,LT40,pIP1,1,1,17,1
LC4,LT41,DNb02,1,1,14,1
LC4,LT41,DNde003,1,1,14,1
LC4,LT41,DNg111,1,1,7,1
LC4,LT41,DNp03,1,1,14,1
LC4,LT41,DNp10,1,1,7,1
LC4,LT41,DNpe042,1,1,14,1
LC4,LT41,DNpe052,1,1,7,1
LC4,LT41,aSP22,1,1,14,1
LC4,LT41,pMP2,1,1,7,1
LC4,LT42,DNa06,1,1,4,1
LC4,LT42,DNbe007,1,1,4,1
LC4,LT42,DNg95,1,1,4,1
LC4,LT42,DNp34,1,1,4,1
LC4,LT42,DNp35,1,1,4,1
LC4,LT42,DNp55,1,1,4,1
LC4,LT42,DNpe002,1,1,4,1
LC4,LT42,DNpe005,1,1,4,1
LC4,LPT60,DNp35,1,1,352,1
LC4,LPT60,DNp09,1,1,352,1
LC4,LC37,DNp27,1,1,1,1
LC4,LPLC4,DNp69,1,1,1,1
LC4,LLPC3,DNp11,1,1,1,1
LC4,LLPC3,DNp27,1,1,2,1
LC4,LLPC3,pIP1,1,1,2,1
LC4,LLPC_unclear,DNa04,1,1,4,1
LC4,LOLP1,DNge030,1,1,1,1
LC4,LOLP1,DNp11,1,1,1,1
LC4,LPLC1,DNp42,1,1,1,1
LC4,LPLC1,DNpe025,1,1,2,1
LC4,LPLC4,DNp18,1,1,3,1
LC4,LPLC4,DNpe029,1,1,1,1
LC4,LPT29,DNp04,1,1,1,1
LC4,LPLC4,aSP22,1,1,1,1
LC4,LPT29,DNd02,1,1,1,1
LC4,LPT29,DNd04,1,1,1,1
LC4,LPT29,DNde001,1,1,1,1
LC4,LPT29,DNg104,1,1,1,1
LC4,LPT29,DNg106,1,1,1,1
LC4,LPT29,DNg30,1,1,1,1
LC4,LPT29,DNge041,1,1,1,1
LC4,LPT29,DNge047,1,1,1,1
LC4,LLPC2,DNa10,1,1,1,1
LC4,LLPC1,DNp63,1,1,1,1
LC4,LLPC1,DNp31,1,1,1,1
LC4,LLPC1,DNae007,1,1,1,1
LC4,LC37,DNpe027,1,1,1,1
LC4,LC37,DNpe032,1,1,1,1
LC4,LC39b,DNp57,1,1,2,1
LC4,LC39b,DNpe052,1,1,2,1
LC4,LC6,DNg30,1,1,1,1
LC4,LC6,DNp11,1,1,1,1
LC4,LC6,DNp27,1,1,1,1
LC4,LC6,DNp43,1,1,1,1
LC4,LC6,DNpe025,1,1,1,1
LC4,LC9,DNp23,1,1,1,1
LC4,LC9,DNp64,1,1,3,1
LC4,LC9,DNpe025,1,1,2,1
LC4,LC9,DNpe040,1,1,1,1
LC4,LHAD1g1,DNa11,1,1,233,1
LC4,LHAD1g1,DNae007,1,1,322,1
LC4,LHAD1g1,DNge130,1,1,233,1
LC4,LHAD1g1,DNp12,1,1,322,1
LC4,LHAD1g1,DNp44,1,1,233,1
LC4,LHAD1g1,DNp66,1,1,322,1
LC4,LPT29,DNge054,1,1,1,1
LC4,LPT29,DNp26,1,1,1,1
LC4,LPT60,DNp06,1,1,299,1
LC4,LPT60,DNge038,1,1,352,1
LC4,LPT60,DNg108,1,1,352,1
LC4,LPT60,DNg109,1,1,352,1
LC4,LPT60,DNg29,1,1,299,1
LC4,LPT60,DNg42,1,1,352,1
LC4,LPT60,DNg43,1,1,352,1
LC4,LPT60,DNg45,1,1,352,1
LC4,LPT60,DNg56,1,1,299,1
LC4,LPT60,DNg92_a,1,1,299,1
LC4,LPT60,DNg96,1,1,352,1
LC4,LPT60,DNge047,1,1,299,1
LC4,LPT29,DNp27,1,1,1,1
LC4,LPT60,DNge049,1,1,299,1
LC4,LPT60,DNge089,1,1,299,1
LC4,LPT60,DNge094,1,1,352,1
LC4,LPT60,DNge120,1,1,299,1
LC4,LPT60,DNge141,1,1,299,1
LC4,LPT60,DNge144,1,1,352,1
LC4,LPT60,DNge184,1,1,299,1
LC4,LPT60,DNp03,1,1,352,1
LC4,LPT60,DNp04,1,1,299,1
LC4,LPT60,DNg102,1,1,299,1
LC4,LPT53,DNp54,1,1,2,1
LC4,LPT53,DNge141,1,1,2,1
LC4,LPT53,DNge140,1,1,2,1
LC4,LPT29,DNp29,1,1,1,1
LC4,LPT29,DNp55,1,1,1,1
LC4,LPT29,DNpe042,1,1,1,1
LC4,LPT29,DNpe052,1,1,1,1
LC4,LPT30,DNa10,1,1,1,1
LC4,LPT30,DNg92_b,1,1,1,1
LC4,LPT30,DNp54,1,1,1,1
LC4,LPT31,DNb02,1,1,1,1
LC4,LPT31,DNbe006,1,1,1,1
LC4,LPT31,DNg09_a,1,1,1,1
LC4,LPT31,DNg09_b,1,1,1,1
LC4,LPT31,DNg36_b,1,1,1,1
LC4,LPT31,DNge084,1,1,1,1
LC4,LPT31,DNpe008,1,1,1,1
LC4,LPT53,DNa07,1,1,2,1
LC4,LPT53,DNae005,1,1,2,1
LC4,LPT53,DNb09,1,1,2,1
LC4,LPT53,DNge127,1,1,2,1
LC4,LPT53,DNge138,1,1,2,1
LC4,LoVC7,aSP22,1,1,11,1
LC4,LoVCLo1,DNpe010,1,1,1,1
LC4,GNG506,DNge068,1,1,1,1
LC4,PLP093,"DNp51,DNpe019",1,1,123,1
LC4,PLP093,DNg79,1,1,99,1
LC4,PLP093,DNg84,1,1,99,1
LC4,PLP093,DNge113,1,1,123,1
LC4,PLP093,DNge132,1,1,123,1
LC4,PLP093,DNge142,1,1,123,1
LC4,PLP093,DNp07,1,1,123,1
LC4,PLP093,DNp103,1,1,123,1
LC4,PLP093,DNp14,1,1,99,1
LC4,PLP093,DNp27,1,1,123,1
LC4,PLP093,DNpe005,1,1,99,1
LC4,PLP093,DNg04,1,1,123,1
LC4,PLP093,DNpe026,1,1,123,1
LC4,PLP093,DNpe028,1,1,123,1
LC4,PLP093,DNpe043,1,1,123,1
LC4,PLP093,DNpe056,1,1,123,1
LC4,PLP099,DNg92_a,1,1,11,1
LC4,PLP099,DNge054,1,1,23,1
LC4,PLP099,DNge141,1,1,23,1
LC4,PLP099,DNp104,1,1,11,1
LC4,PLP099,DNp42,1,1,23,1
LC4,PLP093,DNg111,1,1,123,1
LC4,PLP093,DNbe007,1,1,99,1
LC4,LoVCLo3,DNa08,1,1,9,1
LC4,PLP074,DNa04,1,1,2,1
LC4,PLP060,DNge119,1,1,46,1
LC4,PLP060,DNp102,1,1,11,1
LC4,PLP060,DNp15,1,1,11,1
LC4,PLP060,DNp32,1,1,11,1
LC4,PLP060,DNpe005,1,1,46,1
LC4,PLP060,DNpe012_b,1,1,11,1
LC4,PLP060,DNpe017,1,1,46,1
LC4,PLP060,DNpe023,1,1,46,1
LC4,PLP060,DNpe024,1,1,46,1
LC4,PLP074,DNa07,1,1,2,1
LC4,PLP093,DNa08,1,1,123,1
LC4,PLP074,DNg111,1,1,2,1
LC4,PLP074,DNp42,1,1,2,1
LC4,PLP074,DNp54,1,1,2,1
LC4,PLP074,DNp68,1,1,2,1
LC4,PLP074,DNpe027,1,1,2,1
LC4,PLP074,DNpe028,1,1,2,1
LC4,PLP074,DNpe042,1,1,2,1
LC4,PLP093,DNa02,1,1,123,1
LC4,PLP093,DNa04,1,1,99,1
LC4,PLP099,DNp56,1,1,23,1
LC4,PLP106,DNae009,1,1,20,1
LC4,PLP106,DNg56,1,1,20,1
LC4,PLP208,DNp102,1,1,7,1
LC4,PLP208,DNb07,1,1,7,1
LC4,PLP208,DNg02_c,1,1,7,1
LC4,PLP208,DNg13,1,1,7,1
LC4,PLP208,DNg31,1,1,1,1
LC4,PLP208,DNg79,1,1,7,1
LC4,PLP208,DNge041,1,1,1,1
LC4,PLP208,DNge094,1,1,7,1
LC4,PLP208,DNge123,1,1,1,1
LC4,PLP208,DNp03,1,1,1,1
LC4,PLP208,DNp18,1,1,7,1
LC4,PLP106,DNp102,1,1,59,1
LC4,PLP208,DNp42,1,1,1,1
LC4,PLP208,DNp56,1,1,1,1
LC4,PLP208,DNpe006,1,1,7,1
LC4,PLP208,DNpe016,1,1,7,1
LC4,PLP208,DNpe017,1,1,7,1
LC4,PLP208,DNpe021,1,1,7,1
LC4,PLP208,DNpe023,1,1,1,1
LC4,PLP208,DNpe024,1,1,7,1
LC4,PLP208,DNpe026,1,1,1,1
LC4,PLP208,DNb02,1,1,1,1
LC4,PLP208,DNa16,1,1,1,1
LC4,PLP190,DNpe037,1,1,9,1
LC4,PLP190,DNp12,1,1,9,1
LC4,PLP106,DNp104,1,1,2,1
LC4,PLP106,DNp57,1,1,8,1
LC4,PLP106,DNpe025,1,1,8,1
LC4,PLP150,CB0429,1,1,17,1
LC4,PLP150,DNa10,1,1,7,1
LC4,PLP150,DNae009,1,1,174,1
LC4,PLP150,DNp04,1,1,151,1
LC4,PLP150,DNp103,1,1,88,1
LC4,PLP150,DNp35,1,1,7,1
LC4,PLP150,DNp59,1,1,17,1
LC4,PLP150,DNpe037,1,1,7,1
LC4,PLP150,DNpe039,1,1,151,1
LC4,PLP150,DNpe049,1,1,88,1
LC4,PLP150,DNpe053,1,1,26,1
LC4,PLP150,aSP22,1,1,151,1
LC4,PLP190,DNbe001,1,1,9,1
LC4,PLP190,DNg09_a,1,1,9,1
LC4,PLP190,DNge054,1,1,9,1
LC4,PLP190,DNp05,1,1,9,1
LC4,PLP060,DNge103,1,1,46,1
LC4,PLP060,DNg91,1,1,46,1
LC4,PLP060,DNg88,1,1,46,1
LC4,PLP019,DNde002,1,1,1,1
LC4,PLP018,DNp27,1,1,9,1
LC4,PLP018,DNpe005,1,1,7,1
LC4,PLP019,DNa04,1,1,1,1
LC4,PLP019,DNa09,1,1,1,1
LC4,PLP019,DNae001,1,1,1,1
LC4,PLP019,DNae003,1,1,1,1
LC4,PLP019,DNae007,1,1,1,1
LC4,PLP019,DNb01,1,1,1,1
LC4,PLP019,DNbe001,1,1,1,1
LC4,PLP019,DNde003,1,1,1,1
LC4,PLP019,DNp46,1,1,1,1
LC4,PLP019,DNg04,1,1,1,1
LC4,PLP019,DNg109,1,1,1,1
LC4,PLP019,DNg111,1,1,1,1
LC4,PLP019,DNg40,1,1,1,1
LC4,PLP019,DNg82,1,1,1,1
LC4,PLP019,DNg90,1,1,1,1
LC4,PLP019,DNp03,1,1,1,1
LC4,PLP019,DNp16_a,1,1,1,1
LC4,PLP019,DNp26,1,1,1,1
LC4,PLP018,DNp04,1,1,9,1
LC4,PLP018,DNg82,1,1,9,1
LC4,PLP018,DNg40,1,1,24,1
LC4,PLP018,DNae005,1,1,7,1
LC4,OCG06,DNpe037,1,1,7,1
LC4,OCG06,DNpe039,1,1,7,1
LC4,OLVC5,DNa03,1,1,1,1
LC4,OLVC5,DNae006,1,1,1,1
LC4,OLVC5,DNc02,1,1,1,1
LC4,OLVC5,DNg01_d,1,1,1,1
LC4,OLVC5,DNg75,1,1,1,1
LC4,OLVC5,DNg90,1,1,1,1
LC4,OLVC5,DNge004,1,1,1,1
LC4,OLVC5,DNge037,1,1,1,1
LC4,OLVC5,DNge046,1,1,1,1
LC4,OLVC5,DNge048,1,1,1,1
LC4,OLVC5,DNge143,1,1,1,1
LC4,OLVC5,DNp45,1,1,1,1
LC4,OLVC5,DNp54,1,1,1,1
LC4,PLP017,DNp01,1,1,3,1
LC4,PLP017,DNpe037,1,1,3,1
LC4,PLP018,DNa09,1,1,7,1
LC4,PLP018,DNa15,1,1,24,1
LC4,PLP019,DNp42,1,1,1,1
LC4,PLP019,DNp63,1,1,1,1
LC4,PLP060,DNg75,1,1,11,1
LC4,PLP034,DNpe006,1,1,113,1
LC4,PLP034,DNg97,1,1,192,1
LC4,PLP034,DNge103,1,1,113,1
LC4,PLP034,DNge140,1,1,192,1
LC4,PLP034,DNp01,1,1,113,1
LC4,PLP034,DNp02,1,1,192,1
LC4,PLP034,DNp14,1,1,192,1
LC4,PLP034,DNp46,1,1,113,1
LC4,PLP034,DNp47,1,1,113,1
LC4,PLP034,DNp56,1,1,192,1
LC4,PLP034,DNpe045,1,1,113,1
LC4,PLP019,DNpe003,1,1,1,1
LC4,PLP060,DNa10,1,1,46,1
LC4,PLP060,DNa15,1,1,11,1
LC4,PLP060,DNc01,1,1,46,1
LC4,PLP060,DNde003,1,1,11,1
LC4,PLP060,DNg01_a,1,1,11,1
LC4,PLP060,DNg01_b,1,1,11,1
LC4,PLP060,DNg04,1,1,11,1
LC4,PLP060,DNg31,1,1,46,1
LC4,PLP060,DNg71,1,1,46,1
LC4,PLP034,DNg56,1,1,192,1
LC4,PLP034,DNg49,1,1,192,1
LC4,PLP034,DNg111,1,1,192,1
LC4,PLP034,DNg02_d,1,1,192,1
LC4,PLP019,DNpe015,1,1,1,1
LC4,PLP019,DNpe022,1,1,1,1
LC4,PLP029,DNae004,1,1,252,1
LC4,PLP029,DNae005,1,1,310,1
LC4,PLP029,DNg02_c,1,1,252,1
LC4,PLP029,DNg111,1,1,310,1
LC4,PLP029,DNg79,1,1,310,1
LC4,PLP029,DNp06,1,1,252,1
LC4,PLP029,DNp102,1,1,310,1
LC4,PLP029,DNp103,1,1,252,1
LC4,PLP029,DNpe016,1,1,252,1
LC4,PLP029,DNpe025,1,1,310,1
LC4,PLP029,DNpe030,1,1,310,1
LC4,PLP029,DNpe055,1,1,310,1
LC4,PLP029,DNpe056,1,1,252,1
LC4,PLP029,MDN,1,1,252,1
LC4,PLP034,DNa02,1,1,113,1
LC4,PLP034,DNa07,1,1,192,1
LC4,PLP034,DNae009,1,1,192,1
LC4,PLP208,DNpe042,1,1,7,1
LC4,PLP208,DNpe053,1,1,7,1
LC4,PLP208,DNpe055,1,1,1,1
LC4,PPM1203,DNge135,1,1,6,1
LC4,PLP301m,DNp06,1,1,2,1
LC4,PLP301m,DNp54,1,1,2,1
LC4,PLP301m,DNp69,1,1,2,1
LC4,PLP301m,DNpe005,1,1,2,1
LC4,PPM1203,DNd04,1,1,6,1
LC4,PPM1203,DNg29,1,1,6,1
LC4,PPM1203,DNg34,1,1,6,1
LC4,PPM1203,DNg40,1,1,6,1
LC4,PPM1203,DNge099,1,1,6,1
LC4,PPM1203,DNge138,1,1,6,1
LC4,PPM1203,DNpe010,1,1,6,1
LC4,PPM1203,DNge149,1,1,6,1
LC4,PPM1203,DNp04,1,1,6,1
LC4,PPM1203,DNp06,1,1,6,1
LC4,PPM1203,DNp101,1,1,6,1
LC4,PPM1203,DNp32,1,1,6,1
LC4,PPM1203,DNp34,1,1,6,1
LC4,PPM1203,DNp42,1,1,6,1
LC4,PPM1203,DNp45,1,1,6,1
LC4,PPM1203,DNp68,1,1,6,1
LC4,PLP301m,DNge094,1,1,2,1
LC4,PLP301m,DNg101,1,1,2,1
LC4,PLP301m,DNbe003,1,1,2,1
LC4,PLP301m,DNb08,1,1,2,1
LC4,PLP300m,DNg88,1,1,10,1
LC4,PLP300m,DNg98,1,1,7,1
LC4,PLP300m,DNge018,1,1,7,1
LC4,PLP300m,DNge037,1,1,7,1
LC4,PLP300m,DNge052,1,1,2,1
LC4,PLP300m,DNge058,1,1,7,1
LC4,PLP300m,DNge062,1,1,10,1
LC4,PLP300m,DNge067,1,1,2,1
LC4,PLP300m,DNge103,1,1,10,1
LC4,PLP300m,DNge119,1,1,10,1
LC4,PLP300m,DNge123,1,1,10,1
LC4,PLP300m,DNge124,1,1,7,1
LC4,PLP300m,DNp12,1,1,2,1
LC4,PLP300m,DNpe022,1,1,2,1
LC4,PLP300m,DNpe025,1,1,7,1
LC4,PLP300m,MDN,1,1,10,1
LC4,PLP300m,aSP22,1,1,2,1
LC4,PLP301m,DNa06,1,1,2,1
LC4,PLP301m,DNa11,1,1,2,1
LC4,PPM1203,DNp69,1,1,6,1
LC4,PPM1203,DNpe020,1,1,6,1
LC4,PLP300m,DNg42,1,1,2,1
LC4,PS002,DNpe024,1,1,4,1
LC4,PS002,DNg40,1,1,4,1
LC4,PS002,DNg79,1,1,3,1
LC4,PS002,DNg90,1,1,3,1
LC4,PS002,DNg91,1,1,3,1
LC4,PS002,DNp09,1,1,4,1
LC4,PS002,DNp10,1,1,3,1
LC4,PS002,DNp59,1,1,4,1
LC4,PS002,DNp69,1,1,4,1
LC4,PS002,DNpe005,1,1,3,1
LC4,PS038,DNa02,1,1,5,1
LC4,PPM1203,DNpe025,1,1,6,1
LC4,PS038,DNae002,1,1,5,1
LC4,PS038,DNb09,1,1,1,1
LC4,PS038,DNg12_a,1,1,1,1
LC4,PS038,DNge033,1,1,5,1
LC4,PS038,DNp04,1,1,1,1
LC4,PS112,DNa06,1,1,2,1
LC4,PS112,DNa08,1,1,2,1
LC4,PS112,DNb05,1,1,2,1
LC4,PS112,DNbe004,1,1,2,1
LC4,PS002,DNg02_c,1,1,3,1
LC4,PS002,DNg02_b,1,1,4,1
LC4,PS002,DNbe007,1,1,4,1
LC4,PS002,DNbe006,1,1,4,1
LC4,PPM1203,DNpe026,1,1,6,1
LC4,PPM1203,DNpe037,1,1,6,1
LC4,PPM1203,DNpe039,1,1,6,1
LC4,PPM1203,DNpe050,1,1,6,1
LC4,PS001,CB0429,1,1,12,1
LC4,PS001,DNbe001,1,1,12,1
LC4,PS001,DNg03,1,1,12,1
LC4,PS001,DNg40,1,1,12,1
LC4,PS001,DNp10,1,1,12,1
LC4,PS001,DNp35,1,1,12,1
LC4,PS001,DNp68,1,1,12,1
LC4,PS001,DNpe022,1,1,12,1
LC4,PS001,DNpe024,1,1,12,1
LC4,PS001,DNpe037,1,1,12,1
LC4,PS001,DNpe053,1,1,12,1
LC4,PS002,DNa10,1,1,4,1
LC4,PS002,DNae010,1,1,4,1
LC4,PS002,DNb05,1,1,4,1
LC4,PS002,DNbe001,1,1,4,1
LC4,PLP300m,DNg60,1,1,2,1
LC4,PLP300m,DNg39,1,1,7,1
LC4,PLP208,pIP1,1,1,1,1
LC4,PLP211,DNp48,1,1,8,1
LC4,PLP211,DNge032,1,1,8,1
LC4,PLP211,DNge103,1,1,9,1
LC4,PLP211,DNge130,1,1,9,1
LC4,PLP211,DNge135,1,1,8,1
LC4,PLP211,DNge145,1,1,9,1
LC4,PLP211,DNge152,1,1,8,1
LC4,PLP211,DNp10,1,1,8,1
LC4,PLP211,DNp16_a,1,1,8,1
LC4,PLP211,DNp46,1,1,8,1
LC4,PLP211,DNp52,1,1,8,1
LC4,PLP219,DNg02_d,1,1,71,1
LC4,PLP211,DNp56,1,1,8,1
LC4,PLP211,DNpe003,1,1,9,1
LC4,PLP211,DNpe004,1,1,8,1
LC4,PLP211,DNpe005,1,1,8,1
LC4,PLP211,DNpe008,1,1,8,1
LC4,PLP211,DNpe043,1,1,9,1
LC4,PLP211,MDN,1,1,9,1
LC4,PLP219,DNae010,1,1,270,1
LC4,PLP219,DNg01_a,1,1,71,1
LC4,PLP211,DNg91,1,1,9,1
LC4,PLP211,DNg24,1,1,8,1
LC4,PLP211,DNg09_a,1,1,8,1
LC4,PLP211,DNg02_a,1,1,9,1
LC4,PLP209,CB0429,1,1,1,1
LC4,PLP209,DNb07,1,1,1,1
LC4,PLP209,DNg01_a,1,1,1,1
LC4,PLP209,DNge012,1,1,1,1
LC4,PLP209,DNge054,1,1,1,1
LC4,PLP209,DNp03,1,1,1,1
LC4,PLP209,DNp08,1,1,1,1
LC4,PLP209,DNp102,1,1,1,1
LC4,PLP209,DNp27,1,1,1,1
LC4,PLP209,DNpe057,1,1,1,1
LC4,PLP209,aSP22,1,1,1,1
LC4,PLP211,DNa07,1,1,8,1
LC4,PLP211,DNa09,1,1,9,1
LC4,PLP211,DNae005,1,1,8,1
LC4,PLP211,DNae009,1,1,9,1
LC4,PLP211,DNb04,1,1,8,1
LC4,PLP211,DNd03,1,1,9,1
LC4,PLP211,DNde007,1,1,9,1
LC4,PLP211,DNg01_b,1,1,8,1
LC4,PLP219,DNg02_c,1,1,465,1
LC4,PLP219,DNg02_f,1,1,465,1
LC4,PLP300m,DNg107,1,1,2,1
LC4,PLP256,DNp09,1,1,15,1
LC4,PLP249,DNp54,1,1,11,1
LC4,PLP249,DNpe052,1,1,11,1
LC4,PLP256,DNa06,1,1,15,1
LC4,PLP256,DNa10,1,1,12,1
LC4,PLP256,DNbe001,1,1,12,1
LC4,PLP256,DNc01,1,1,12,1
LC4,PLP256,DNg52,1,1,15,1
LC4,PLP256,DNge031,1,1,12,1
LC4,PLP256,DNge052,1,1,15,1
LC4,PLP256,DNp12,1,1,15,1
LC4,PLP219,DNg40,1,1,270,1
LC4,PLP256,DNp34,1,1,15,1
LC4,PLP256,pIP1,1,1,12,1
LC4,PLP300m,DNa11,1,1,7,1
LC4,PLP300m,DNae001,1,1,7,1
LC4,PLP300m,DNae003,1,1,7,1
LC4,PLP300m,DNb01,1,1,2,1
LC4,PLP300m,DNbe006,1,1,7,1
LC4,PLP300m,DNd02,1,1,10,1
LC4,PLP300m,DNg02_e,1,1,2,1
LC4,PLP249,DNp27,1,1,11,1
LC4,PLP249,DNge115,1,1,11,1
LC4,PLP249,DNg82,1,1,11,1
LC4,PLP249,DNa05,1,1,7,1
LC4,PLP219,DNg71,1,1,465,1
LC4,PLP219,DNp06,1,1,269,1
LC4,PLP219,DNpe021,1,1,270,1
LC4,PLP219,DNpe042,1,1,270,1
LC4,PLP230,DNb02,1,1,1,1
LC4,PLP230,DNbe004,1,1,1,1
LC4,PLP230,DNbe006,1,1,1,1
LC4,PLP230,DNg02_b,1,1,1,1
LC4,PLP230,DNg02_g,1,1,1,1
LC4,PLP230,DNge040,1,1,1,1
LC4,PLP230,DNge111,1,1,1,1
LC4,PLP230,DNge141,1,1,1,1
LC4,PLP230,DNp54,1,1,1,1
LC4,PLP230,DNpe016,1,1,1,1
LC4,PLP230,DNpe056,1,1,1,1
LC4,PLP241,DNae003,1,1,12,1
LC4,PLP241,DNg79,1,1,12,1
LC4,PLP241,DNg92_a,1,1,12,1
LC4,PLP241,DNge054,1,1,12,1
LC4,OCG06,DNpe032,1,1,7,1
LC4,OCG06,DNpe024,1,1,7,1
LC4,OCG06,DNpe020,1,1,7,1
LC4,LoVP54,DNge141,1,1,8,1
LC4,LoVP53,DNp29,1,1,16,1
LC4,LoVP53,DNp30,1,1,21,1
LC4,LoVP53,DNp71,1,1,16,1
LC4,LoVP53,DNpe005,1,1,16,1
LC4,LoVP53,DNpe021,1,1,21,1
LC4,LoVP53,DNpe039,1,1,16,1
LC4,LoVP53,DNpe045,1,1,21,1
LC4,LoVP54,DNd03,1,1,11,1
LC4,LoVP54,DNge121,1,1,8,1
LC4,LoVP54,DNp55,1,1,8,1
LC4,LoVP85,DNge136,1,1,302,1
LC4,LoVP54,DNp71,1,1,8,1
LC4,LoVP54,DNpe040,1,1,11,1
LC4,LoVP54,DNpe052,1,1,11,1
LC4,LoVP85,DNa09,1,1,302,1
LC4,LoVP85,DNb04,1,1,302,1
LC4,LoVP85,DNb09,1,1,302,1
LC4,LoVP85,DNc02,1,1,304,1
LC4,LoVP85,DNde002,1,1,304,1
LC4,LoVP85,DNg03,1,1,304,1
LC4,LoVP53,DNp04,1,1,16,1
LC4,LoVP53,DNge149,1,1,21,1
LC4,LoVP53,DNge083,1,1,16,1
LC4,LoVP53,DNge054,1,1,21,1
LC4,LoVP43,DNp101,1,1,1,1
LC4,LoVP50,CB0429,1,1,3,1
LC4,LoVP50,DNa07,1,1,6,1
LC4,LoVP50,DNbe004,1,1,9,1
LC4,LoVP50,DNbe006,1,1,6,1
LC4,LoVP50,DNd03,1,1,6,1
LC4,LoVP50,DNg02_c,1,1,6,1
LC4,LoVP50,DNg02_d,1,1,9,1
LC4,LoVP50,DNge107,1,1,9,1
LC4,LoVP50,DNge141,1,1,4,1
LC4,LoVP50,DNp63,1,1,9,1
LC4,LoVP50,DNp70,1,1,9,1
LC4,LoVP50,DNpe026,1,1,6,1
LC4,LoVP50,DNpe053,1,1,9,1
LC4,LoVP50,DNpe055,1,1,5,1
LC4,LoVP50,DNpe056,1,1,9,1
LC4,LoVP53,DNbe007,1,1,16,1
LC4,LoVP53,DNd04,1,1,21,1
LC4,LoVP53,DNg40,1,1,21,1
LC4,LoVP85,DNg34,1,1,304,1
LC4,LoVP85,DNp09,1,1,304,1
LC4,LoVP39,DNbe002,1,1,1,1
LC4,MeLo14,DNp30,1,1,3,1
LC4,LoVP93,DNp03,1,1,45,1
LC4,LoVP93,DNp27,1,1,45,1
LC4,LoVP93,DNp54,1,1,27,1
LC4,LoVP99,DNp07,1,1,1,1
LC4,ME_unclear,DNp35,1,1,1,1
LC4,M_spPN4t9,DNg86,1,1,12,1
LC4,M_spPN4t9,DNpe030,1,1,12,1
LC4,MeLo12,DNc01,1,1,3,1
LC4,MeLo14,DNc02,1,1,3,1
LC4,MeLo9,DNc01,1,1,2,1
LC4,LoVP85,DNp13,1,1,302,1
LC4,MeLo9,DNc02,1,1,1,1
LC4,MeTu4c,DNd05,1,1,1,1
LC4,MeVC21,DNc01,1,1,1,1
LC4,MeVC21,DNpe053,1,1,1,1
LC4,MeVC22,DNc01,1,1,1,1
LC4,MeVC22,DNg30,1,1,1,1
LC4,MeVC22,DNpe053,1,1,1,1
LC4,MeVC23,DNp27,1,1,9,1
LC4,MeVC23,DNpe021,1,1,6,1
LC4,LoVP93,DNg01_d,1,1,34,1
LC4,LoVP93,DNbe003,1,1,7,1
LC4,LoVP93,DNae008,1,1,16,1
LC4,LoVP93,DNae005,1,1,1,1
LC4,LoVP85,DNp49,1,1,302,1
LC4,LoVP85,DNp62,1,1,304,1
LC4,LoVP85,DNpe003,1,1,302,1
LC4,LoVP85,DNpe010,1,1,304,1
LC4,LoVP85,DNpe028,1,1,304,1
LC4,LoVP85,DNpe037,1,1,304,1
LC4,LoVP85,DNpe040,1,1,304,1
LC4,LoVP89,DNpe005,1,1,1,1
LC4,LoVP89,DNpe042,1,1,1,1
LC4,LoVP92,DNa02,1,1,1,1
LC4,LoVP92,DNa11,1,1,1,1
LC4,LoVP92,DNae007,1,1,3,1
LC4,LoVP92,DNbe006,1,1,1,1
LC4,LoVP92,DNg04,1,1,3,1
LC4,LoVP92,DNg90,1,1,3,1
LC4,LoVP92,DNge103,1,1,1,1
LC4,LoVP92,DNp27,1,1,1,1
LC4,LoVP93,DNa15,1,1,59,1
LC4,LoVP93,DNa16,1,1,5,1
LC4,LoVP43,DNg104,1,1,1,1
LC4,LoVP35,DNp27,1,1,1,1
LC4,MeVC25,DNa16,1,1,307,1
LC4,LoVP101,DNg104,1,1,3,1
LC4,LoVCLo3,DNpe016,1,1,9,1
LC4,LoVCLo3,DNpe018,1,1,9,1
LC4,LoVCLo3,DNpe028,1,1,9,1
LC4,LoVCLo3,DNpe032,1,1,9,1
LC4,LoVCLo3,DNpe035,1,1,17,1
LC4,LoVCLo3,DNpe055,1,1,17,1
LC4,LoVP1,DNp42,1,1,1,1
LC4,LoVP101,CB0429,1,1,3,1
LC4,LoVP101,DNa08,1,1,3,1
LC4,LoVP101,DNg29,1,1,3,1
LC4,LoVP101,DNp02,1,1,3,1
LC4,LoVP101,DNg37,1,1,3,1
LC4,LoVP101,DNg53,1,1,3,1
LC4,LoVP101,DNg95,1,1,3,1
LC4,LoVP101,DNge004,1,1,3,1
LC4,LoVP101,DNge060,1,1,3,1
LC4,LoVP101,DNge095,1,1,3,1
LC4,LoVP101,DNge111,1,1,3,1
LC4,LoVP101,DNge133,1,1,3,1
LC4,LoVP101,DNge141,1,1,3,1
LC4,LoVCLo3,DNpe013,1,1,9,1
LC4,LoVCLo3,DNpe011,1,1,9,1
LC4,LoVCLo3,DNpe003,1,1,17,1
LC4,LoVCLo3,DNpe001,1,1,9,1
LC4,LoVCLo3,DNa10,1,1,9,1
LC4,LoVCLo3,DNae008,1,1,9,1
LC4,LoVCLo3,DNae009,1,1,9,1
LC4,LoVCLo3,DNb09,1,1,9,1
LC4,LoVCLo3,DNbe001,1,1,9,1
LC4,LoVCLo3,DNc02,1,1,9,1
LC4,LoVCLo3,DNde001,1,1,9,1
LC4,LoVCLo3,DNde002,1,1,17,1
LC4,LoVCLo3,DNg33,1,1,9,1
LC4,LoVCLo3,DNg82,1,1,17,1
LC4,LoVCLo3,DNge032,1,1,9,1
LC4,LoVCLo3,DNge184,1,1,9,1
LC4,LoVCLo3,DNp01,1,1,9,1
LC4,LoVCLo3,DNp13,1,1,9,1
LC4,LoVCLo3,DNp26,1,1,17,1
LC4,LoVCLo3,DNp29,1,1,17,1
LC4,LoVCLo3,DNp34,1,1,9,1
LC4,LoVCLo3,DNp42,1,1,9,1
LC4,LoVCLo3,DNp66,1,1,9,1
LC4,LoVP101,DNge152,1,1,3,1
LC4,LoVP101,DNp08,1,1,3,1
LC4,LoVP26,DNpe014,1,1,1,1
LC4,LoVP25,DNpe017,1,1,1,1
LC4,LoVP18,DNge140,1,1,9,1
LC4,LoVP18,"DNp51,DNpe019",1,1,3,1
LC4,LoVP18,DNp69,1,1,3,1
LC4,LoVP18,DNpe022,1,1,1,1
LC4,LoVP18,DNpe027,1,1,3,1
LC4,LoVP18,DNpe029,1,1,1,1
LC4,LoVP18,pIP1,1,1,3,1
LC4,LoVP25,DNg90,1,1,1,1
LC4,LoVP25,DNp14,1,1,1,1
LC4,LoVP26,DNb07,1,1,4,1
LC4,LoVP101,DNp59,1,1,3,1
LC4,LoVP26,DNg90,1,1,8,1
LC4,LoVP26,DNge127,1,1,1,1
LC4,LoVP26,DNp14,1,1,1,1
LC4,LoVP26,DNp16_a,1,1,1,1
LC4,LoVP26,DNp19,1,1,1,1
LC4,LoVP26,DNp31,1,1,1,1
LC4,LoVP26,DNp49,1,1,1,1
LC4,LoVP26,DNpe004,1,1,1,1
LC4,LoVP26,DNpe010,1,1,8,1
LC4,LoVP18,DNg91,1,1,8,1
LC4,LoVP18,DNg26,1,1,1,1
LC4,LoVP18,DNg110,1,1,3,1
LC4,LoVP18,DNg02_e,1,1,9,1
LC4,LoVP101,DNp68,1,1,3,1
LC4,LoVP101,DNpe006,1,1,3,1
LC4,LoVP101,DNpe037,1,1,3,1
LC4,LoVP101,DNpe055,1,1,3,1
LC4,LoVP101,DNpe056,1,1,3,1
LC4,LoVP102,DNp35,1,1,2,1
LC4,LoVP102,DNp42,1,1,2,1
LC4,LoVP102,DNp43,1,1,2,1
LC4,LoVP102,DNpe040,1,1,2,1
LC4,LoVP106,DNp27,1,1,2,1
LC4,LoVP106,DNpe006,1,1,2,1
LC4,LoVP106,DNpe052,1,1,2,1
LC4,LoVP108,DNg104,1,1,2,1
LC4,LoVP108,DNge142,1,1,2,1
LC4,LoVP108,DNp30,1,1,2,1
LC4,LoVP109,DNg104,1,1,7,1
LC4,LoVP109,DNp30,1,1,7,1
LC4,LoVP109,DNpe031,1,1,7,1
LC4,LoVP18,DNbe006,1,1,2,1
LC4,MeVC23,DNpe053,1,1,9,1
LC4,MeVC25,DNge125,1,1,307,1
LC4,OCG06,DNpe004,1,1,7,1
LC4,OA-VUMa4,DNp64,1,1,2,1
LC4,OA-VUMa4,DNge110,1,1,2,1
LC4,OA-VUMa4,DNge127,1,1,2,1
LC4,OA-VUMa4,DNge136,1,1,2,1
LC4,OA-VUMa4,DNge148,1,1,2,1
LC4,OA-VUMa4,DNge175,1,1,2,1
LC4,OA-VUMa4,DNp30,1,1,2,1
LC4,OA-VUMa4,DNp38,1,1,2,1
LC4,OA-VUMa4,DNp49,1,1,2,1
LC4,OA-VUMa4,DNp56,1,1,2,1
LC4,OA-VUMa4,DNp68,1,1,2,1
LC4,OCG02b,DNae008,1,1,1,1
LC4,OA-VUMa4,DNp73,1,1,2,1
LC4,OA-VUMa4,DNpe004,1,1,2,1
LC4,OA-VUMa4,DNpe009,1,1,2,1
LC4,OA-VUMa4,DNpe014,1,1,2,1
LC4,OA-VUMa4,DNpe022,1,1,2,1
LC4,OA-VUMa4,DNpe024,1,1,2,1
LC4,OA-VUMa4,DNpe032,1,1,2,1
LC4,OA-VUMa4,DNpe039,1,1,2,1
LC4,OA-VUMa4,DNpe043,1,1,2,1
LC4,OA-VUMa4,DNge099,1,1,2,1
LC4,OA-VUMa4,DNge072,1,1,2,1
LC4,OA-VUMa4,DNge047,1,1,2,1
LC4,OA-VUMa4,DNge041,1,1,2,1
LC4,OA-VUMa4,DNae007,1,1,2,1
LC4,OA-VUMa4,DNde002,1,1,2,1
LC4,OA-VUMa4,DNg01_d,1,1,2,1
LC4,OA-VUMa4,DNg02_a,1,1,2,1
LC4,OA-VUMa4,DNg107,1,1,2,1
LC4,OA-VUMa4,DNg108,1,1,2,1
LC4,OA-VUMa4,DNg12_a,1,1,2,1
LC4,OA-VUMa4,DNg16,1,1,2,1
LC4,OA-VUMa4,DNg33,1,1,2,1
LC4,OA-VUMa4,DNg35,1,1,2,1
LC4,OA-VUMa4,DNg51,1,1,2,1
LC4,OA-VUMa4,DNg64,1,1,2,1
LC4,OA-VUMa4,DNg92_b,1,1,2,1
LC4,OA-VUMa4,DNg94,1,1,2,1
LC4,OA-VUMa4,DNg96,1,1,2,1
LC4,OA-VUMa4,DNg97,1,1,2,1
LC4,OA-VUMa4,DNge027,1,1,2,1
LC4,OA-VUMa4,DNge029,1,1,2,1
LC4,OA-VUMa4,DNge030,1,1,2,1
LC4,OCG02b,DNa14,1,1,1,1
LC4,OCG02b,DNb04,1,1,1,1
LC4,OA-VUMa4,DNa07,1,1,2,1
LC4,OCG06,DNge144,1,1,7,1
LC4,OCG06,DNg98,1,1,7,1
LC4,OCG06,DNge043,1,1,7,1
LC4,OCG06,DNge073,1,1,7,1
LC4,OCG06,DNge089,1,1,7,1
LC4,OCG06,DNge091,1,1,5,1
LC4,OCG06,DNge107,1,1,5,1
LC4,OCG06,DNge113,1,1,5,1
LC4,OCG06,DNge120,1,1,7,1
LC4,OCG06,DNge140,1,1,7,1
LC4,OCG06,DNp04,1,1,5,1
LC4,OCG02b,DNbe002,1,1,1,1
LC4,OCG06,DNp07,1,1,5,1
LC4,OCG06,DNp104,1,1,5,1
LC4,OCG06,DNp12,1,1,5,1
LC4,OCG06,DNp13,1,1,7,1
LC4,OCG06,DNp21,1,1,7,1
LC4,OCG06,DNp49,1,1,5,1
LC4,OCG06,DNp69,1,1,5,1
LC4,OCG06,DNpe001,1,1,5,1
LC4,OCG06,DNpe002,1,1,5,1
LC4,OCG06,DNg92_a,1,1,5,1
LC4,OCG06,DNg100,1,1,7,1
LC4,OCG06,DNg02_a,1,1,7,1
LC4,OCG06,DNbe004,1,1,5,1
LC4,OCG02b,DNc02,1,1,1,1
LC4,OCG02b,DNd05,1,1,1,1
LC4,OCG02b,DNde002,1,1,1,1
LC4,OCG02b,DNg30,1,1,1,1
LC4,OCG02b,DNg34,1,1,1,1
LC4,OCG02b,DNp39,1,1,1,1
LC4,OCG02b,DNp41,1,1,1,1
LC4,OCG02b,DNp63,1,1,1,1
LC4,OCG02b,DNp69,1,1,1,1
LC4,OCG02b,DNpe001,1,1,1,1
LC4,OCG02b,DNpe027,1,1,1,1
LC4,OCG02b,DNpe053,1,1,1,1
LC4,OCG02b,aSP22,1,1,1,1
LC4,OCG06,CB0429,1,1,7,1
LC4,OCG06,DNa03,1,1,7,1
LC4,OCG06,DNa06,1,1,7,1
LC4,OCG06,DNa16,1,1,7,1
LC4,OCG06,DNb07,1,1,7,1
LC4,OCG06,DNbe002,1,1,7,1
LC4,OA-VUMa4,DNae005,1,1,2,1
LC4,OA-ASM1,aSP22,1,1,1,1
LC4,MeVC25,DNp04,1,1,242,1
LC4,MeVP18,DNge138,1,1,1,1
LC4,MeVCMe1,DNp23,1,1,2,1
LC4,MeVCMe1,DNp70,1,1,4,1
LC4,MeVCMe1,DNpe005,1,1,4,1
LC4,MeVCMe1,DNpe024,1,1,4,1
LC4,MeVCMe1,DNpe037,1,1,1,1
LC4,MeVCMe1,DNpe043,1,1,4,1
LC4,MeVCMe1,pIP1,1,1,2,1
LC4,MeVP17,DNp06,1,1,1,1
LC4,MeVP18,DNg56,1,1,1,1
LC4,MeVP18,DNp42,1,1,1,1
LC4,MeVPLo1,DNg12_a,1,1,1,1
LC4,MeVP18,DNpe031,1,1,1,1
LC4,MeVP18,DNpe040,1,1,1,1
LC4,MeVP18,DNpe043,1,1,1,1
LC4,MeVP53,DNd03,1,1,179,1
LC4,MeVP53,DNg29,1,1,179,1
LC4,MeVP53,DNp06,1,1,125,1
LC4,MeVP53,DNp11,1,1,179,1
LC4,MeVP53,DNpe042,1,1,125,1
LC4,MeVP53,DNpe045,1,1,125,1
LC4,MeVCMe1,DNp103,1,1,1,1
LC4,MeVCMe1,DNp09,1,1,2,1
LC4,MeVCMe1,DNp06,1,1,4,1
LC4,MeVCMe1,DNp01,1,1,1,1
LC4,MeVC25,DNp06,1,1,242,1
LC4,MeVC25,DNp35,1,1,242,1
LC4,MeVCMe1,,1,1,1,1
LC4,MeVCMe1,DNa01,1,1,1,1
LC4,MeVCMe1,DNa05,1,1,1,1
LC4,MeVCMe1,DNa15,1,1,1,1
LC4,MeVCMe1,DNc01,1,1,4,1
LC4,MeVCMe1,DNd05,1,1,2,1
LC4,MeVCMe1,DNde007,1,1,2,1
LC4,MeVCMe1,DNg12_b,1,1,1,1
LC4,MeVCMe1,DNg12_d,1,1,2,1
LC4,MeVCMe1,DNg45,1,1,2,1
LC4,MeVCMe1,DNg49,1,1,4,1
LC4,MeVCMe1,DNg81,1,1,4,1
LC4,MeVCMe1,DNg91,1,1,1,1
LC4,MeVCMe1,DNge008,1,1,2,1
LC4,MeVCMe1,DNge026,1,1,1,1
LC4,MeVCMe1,DNge106,1,1,1,1
LC4,MeVCMe1,DNge137,1,1,1,1
LC4,MeVPLo1,DNd03,1,1,1,1
LC4,MeVPLo1,DNge006,1,1,1,1
LC4,OA-ASM1,DNp49,1,1,1,1
LC4,OA-AL2i2,DNpe025,1,1,3,1
LC4,OA-AL2i2,DNc02,1,1,3,1
LC4,OA-AL2i2,DNg75,1,1,1,1
LC4,OA-AL2i2,DNge047,1,1,3,1
LC4,OA-AL2i2,DNge141,1,1,3,1
LC4,OA-AL2i2,DNge149,1,1,1,1
LC4,OA-AL2i2,DNp03,1,1,3,1
LC4,OA-AL2i2,DNp12,1,1,3,1
LC4,OA-AL2i2,DNp34,1,1,3,1
LC4,OA-AL2i2,DNpe020,1,1,1,1
LC4,OA-AL2i2,DNpe037,1,1,3,1
LC4,MeVPLo1,DNge050,1,1,1,1
LC4,OA-AL2i3,DNc01,1,1,1,1
LC4,OA-AL2i3,DNge125,1,1,1,1
LC4,OA-AL2i3,DNp101,1,1,1,1
LC4,OA-AL2i3,DNp27,1,1,1,1
LC4,OA-AL2i3,DNpe009,1,1,1,1
LC4,OA-AL2i3,DNpe057,1,1,1,1
LC4,OA-ASM1,DNc02,1,1,1,1
LC4,OA-ASM1,DNp11,1,1,1,1
LC4,OA-ASM1,DNp32,1,1,1,1
LC4,OA-AL2i2,DNbe005,1,1,3,1
LC4,OA-AL2i2,DNbe001,1,1,3,1
LC4,OA-AL2i2,DNb03,1,1,3,1
LC4,OA-AL2i1,DNpe053,1,1,1,1
LC4,MeVPLo1,DNp27,1,1,1,1
LC4,MeVPOL1,DNb07,1,1,1,1
LC4,MeVPOL1,DNp27,1,1,1,1
LC4,MeVPOL1,DNp32,1,1,1,1
LC4,MeVPOL1,DNp49,1,1,1,1
LC4,MeVPOL1,DNp69,1,1,1,1
LC4,MeVPOL1,DNpe026,1,1,1,1
LC4,OA-AL2i1,DNa02,1,1,2,1
LC4,OA-AL2i1,DNae002,1,1,1,1
LC4,OA-AL2i1,DNb03,1,1,2,1
LC4,OA-AL2i1,DNb04,1,1,2,1
LC4,OA-AL2i1,DNbe001,1,1,1,1
LC4,OA-AL2i1,DNge115,1,1,2,1
LC4,OA-AL2i1,DNp101,1,1,1,1
LC4,OA-AL2i1,DNp103,1,1,2,1
LC4,OA-AL2i1,DNp15,1,1,2,1
LC4,OA-AL2i1,DNpe009,1,1,2,1
LC4,OA-AL2i1,DNpe031,1,1,2,1
LC4,OA-AL2i1,DNpe050,1,1,1,1
LC4,GNG506,DNge069,1,1,1,1
LC4,GNG506,DNge060,1,1,1,1
LC4,PS112,DNg02_f,1,1,2,1
LC4,AVLP340,DNp32,1,1,1,1
LC4,AVLP339,DNp49,1,1,87,1
LC4,AVLP339,DNp64,1,1,30,1
LC4,AVLP339,DNpe001,1,1,30,1
LC4,AVLP339,DNpe025,1,1,87,1
LC4,AVLP339,DNpe039,1,1,30,1
LC4,AVLP339,DNpe042,1,1,30,1
LC4,AVLP339,DNpe045,1,1,30,1
LC4,AVLP340,DNp101,1,1,1,1
LC4,AVLP340,DNp27,1,1,1,1
LC4,AVLP340,DNp42,1,1,1,1
LC4,AVLP339,DNp27,1,1,30,1
LC4,AVLP340,DNpe052,1,1,1,1
LC4,AVLP342,DNde001,1,1,1,1
LC4,AVLP342,DNp29,1,1,1,1
LC4,AVLP342,DNp30,1,1,1,1
LC4,AVLP342,DNp55,1,1,1,1
LC4,AVLP342,DNpe030,1,1,1,1
LC4,AVLP396,DNd05,1,1,3,1
LC4,AVLP396,DNpe026,1,1,3,1
LC4,AVLP410,DNg104,1,1,1,1
LC4,AVLP339,DNp29,1,1,87,1
LC4,AVLP339,DNp103,1,1,30,1
LC4,AVLP610,DNp52,1,1,35,1
LC4,AVLP299_d,DNge133,1,1,1,1
LC4,AVLP280,DNp08,1,1,1,1
LC4,AVLP280,DNp63,1,1,1,1
LC4,AVLP280,DNpe024,1,1,1,1
LC4,AVLP280,DNpe042,1,1,1,1
LC4,AVLP280,aSP22,1,1,1,1
LC4,AVLP280,pIP10,1,1,1,1
LC4,AVLP280,pMP2,1,1,1,1
LC4,AVLP299_d,DNd04,1,1,1,1
LC4,AVLP299_d,DNge032,1,1,1,1
LC4,AVLP299_d,DNge141,1,1,1,1
LC4,AVLP339,DNp06,1,1,87,1
LC4,AVLP299_d,DNp07,1,1,1,1
LC4,AVLP299_d,DNp67,1,1,1,1
LC4,AVLP299_d,DNpe052,1,1,1,1
LC4,AVLP299_d,pIP10,1,1,1,1
LC4,AVLP320_b,DNp06,1,1,25,1
LC4,AVLP339,DNg03,1,1,30,1
LC4,AVLP339,DNg30,1,1,30,1
LC4,AVLP339,DNg40,1,1,30,1
LC4,AVLP339,DNge047,1,1,87,1
LC4,AVLP429,DNb09,1,1,197,1
LC4,AVLP429,DNg106,1,1,212,1
LC4,AVLP429,DNp03,1,1,212,1
LC4,AVLP452,DNpe039,1,1,856,1
LC4,AVLP452,DNge133,1,1,856,1
LC4,AVLP452,DNge141,1,1,487,1
LC4,AVLP452,DNp03,1,1,582,1
LC4,AVLP452,DNp30,1,1,582,1
LC4,AVLP452,DNp43,1,1,487,1
LC4,AVLP452,DNp68,1,1,487,1
LC4,AVLP452,DNp71,1,1,856,1
LC4,AVLP452,DNpe020,1,1,487,1
LC4,AVLP452,DNpe031,1,1,546,1
LC4,AVLP452,DNpe053,1,1,856,1
LC4,AVLP429,DNp05,1,1,212,1
LC4,AVLP476,DNa11,1,1,6,1
LC4,AVLP476,DNb05,1,1,6,1
LC4,AVLP476,DNc02,1,1,6,1
LC4,AVLP476,DNd03,1,1,6,1
LC4,AVLP476,DNd05,1,1,6,1
LC4,AVLP476,DNg100,1,1,6,1
LC4,AVLP476,DNg101,1,1,6,1
LC4,AVLP476,DNg102,1,1,6,1
LC4,AVLP476,DNg30,1,1,6,1
LC4,AVLP452,DNge018,1,1,856,1
LC4,AVLP452,DNg30,1,1,487,1
LC4,AVLP452,DNg29,1,1,546,1
LC4,AVLP452,DNg24,1,1,856,1
LC4,AVLP429,DNp45,1,1,197,1
LC4,AVLP429,DNpe024,1,1,197,1
LC4,AVLP430,DNb05,1,1,215,1
LC4,AVLP430,DNp103,1,1,219,1
LC4,AVLP430,DNpe021,1,1,219,1
LC4,AVLP430,DNpe031,1,1,219,1
LC4,AVLP430,DNpe040,1,1,219,1
LC4,AVLP451,DNp01,1,1,1,1
LC4,AVLP451,DNp35,1,1,1,1
LC4,AVLP451,DNp43,1,1,1,1
LC4,AVLP451,DNp68,1,1,1,1
LC4,AVLP451,DNpe026,1,1,1,1
LC4,AVLP451,DNpe040,1,1,1,1
LC4,AVLP451,DNpe056,1,1,1,1
LC4,AVLP452,DNa11,1,1,546,1
LC4,AVLP452,DNb05,1,1,546,1
LC4,AVLP452,DNbe002,1,1,856,1
LC4,AVLP452,DNbe006,1,1,856,1
LC4,AVLP452,DNd03,1,1,546,1
LC4,AVLP280,DNg03,1,1,1,1
LC4,AVLP280,DNa11,1,1,1,1
LC4,AVLP280,DNa08,1,1,1,1
LC4,AVLP152,DNp103,1,1,18,1
LC4,AVLP149,DNp01,1,1,60,1
LC4,AVLP149,DNp08,1,1,23,1
LC4,AVLP149,DNp10,1,1,1,1
LC4,AVLP149,DNp11,1,1,2,1
LC4,AVLP149,DNp27,1,1,2,1
LC4,AVLP149,DNp44,1,1,19,1
LC4,AVLP149,DNp49,1,1,1,1
LC4,AVLP149,DNpe039,1,1,23,1
LC4,AVLP152,DNg30,1,1,18,1
LC4,AVLP152,DNp35,1,1,18,1
LC4,AVLP202,DNd03,1,1,10,1
LC4,AVLP201,DNc02,1,1,8,1
LC4,AVLP201,DNd02,1,1,8,1
LC4,AVLP201,DNd04,1,1,2,1
LC4,AVLP201,DNp01,1,1,8,1
LC4,AVLP201,DNp03,1,1,2,1
LC4,AVLP201,DNp04,1,1,8,1
LC4,AVLP201,DNp27,1,1,8,1
LC4,AVLP201,DNp45,1,1,8,1
LC4,AVLP201,DNpe040,1,1,8,1
LC4,AVLP149,DNb05,1,1,19,1
LC4,AVLP149,CB0429,1,1,19,1
LC4,AVLP126,DNpe056,1,1,4,1
LC4,AVLP126,DNpe021,1,1,52,1
LC4,AVLP120,DNp42,1,1,1,1
LC4,AVLP120,DNp69,1,1,1,1
LC4,AVLP120,DNpe026,1,1,1,1
LC4,AVLP120,DNpe045,1,1,1,1
LC4,AVLP126,DNc02,1,1,25,1
LC4,AVLP126,DNg09_a,1,1,2,1
LC4,AVLP126,DNg29,1,1,2,1
LC4,AVLP126,DNg30,1,1,2,1
LC4,AVLP126,DNg40,1,1,2,1
LC4,AVLP126,DNge047,1,1,25,1
LC4,AVLP126,DNge138,1,1,23,1
LC4,AVLP126,DNge141,1,1,25,1
LC4,AVLP126,DNp12,1,1,15,1
LC4,AVLP126,DNp34,1,1,4,1
LC4,AVLP126,DNp35,1,1,52,1
LC4,AVLP126,DNp38,1,1,2,1
LC4,AVLP126,DNp45,1,1,25,1
LC4,AVLP126,DNp64,1,1,52,1
LC4,AVLP126,DNp73,1,1,25,1
LC4,AVLP201,pIP1,1,1,2,1
LC4,AVLP202,DNd05,1,1,35,1
LC4,AVLP259,DNpe043,1,1,526,1
LC4,AVLP258,DNge032,1,1,12,1
LC4,AVLP204,DNp04,1,1,9,1
LC4,AVLP204,DNp62,1,1,9,1
LC4,AVLP204,DNpe039,1,1,12,1
LC4,AVLP205,DNp27,1,1,5,1
LC4,AVLP205,DNp32,1,1,5,1
LC4,AVLP205,DNp34,1,1,5,1
LC4,AVLP205,DNp35,1,1,5,1
LC4,AVLP258,DNd03,1,1,12,1
LC4,AVLP258,DNde006,1,1,12,1
LC4,AVLP258,DNge138,1,1,3,1
LC4,AVLP202,DNp42,1,1,35,1
LC4,AVLP258,DNp09,1,1,3,1
LC4,AVLP258,DNp29,1,1,12,1
LC4,AVLP258,DNp42,1,1,12,1
LC4,AVLP258,DNp43,1,1,3,1
LC4,AVLP259,DNd03,1,1,484,1
LC4,AVLP259,DNp09,1,1,484,1
LC4,AVLP259,DNp43,1,1,526,1
LC4,AVLP259,DNp70,1,1,688,1
LC4,AVLP259,DNpe025,1,1,688,1
LC4,AVLP204,DNp01,1,1,12,1
LC4,AVLP204,DNge032,1,1,12,1
LC4,AVLP204,DNg104,1,1,3,1
LC4,AVLP204,DNc02,1,1,3,1
LC4,AVLP202,DNp43,1,1,10,1
LC4,AVLP202,DNp62,1,1,35,1
LC4,AVLP202,DNpe040,1,1,35,1
LC4,AVLP203_b,DNge138,1,1,2,1
LC4,AVLP203_b,DNp103,1,1,5,1
LC4,AVLP203_b,DNp12,1,1,2,1
LC4,AVLP203_b,DNp34,1,1,5,1
LC4,AVLP203_b,DNp35,1,1,2,1
LC4,AVLP203_b,DNp38,1,1,2,1
LC4,AVLP203_b,DNp70,1,1,2,1
LC4,AVLP203_b,DNpe025,1,1,2,1
LC4,AVLP203_c,DNg40,1,1,18,1
LC4,AVLP203_c,DNge047,1,1,2,1
LC4,AVLP203_c,DNp05,1,1,18,1
LC4,AVLP203_c,DNp29,1,1,18,1
LC4,AVLP203_c,DNp30,1,1,18,1
LC4,AVLP203_c,DNp70,1,1,2,1
LC4,AVLP203_c,DNpe052,1,1,18,1
LC4,AVLP203_c,pIP1,1,1,18,1
LC4,AVLP476,DNg55,1,1,6,1
LC4,AVLP476,DNg74_a,1,1,6,1
LC4,AVLP476,DNg86,1,1,6,1
LC4,AVLP605,DNae007,1,1,4,1
LC4,AVLP594,DNp49,1,1,1,1
LC4,AVLP601,DNc01,1,1,1,1
LC4,AVLP601,DNd04,1,1,1,1
LC4,AVLP601,DNg40,1,1,1,1
LC4,AVLP601,DNp04,1,1,1,1
LC4,AVLP601,DNp11,1,1,1,1
LC4,AVLP601,DNp29,1,1,1,1
LC4,AVLP601,DNp70,1,1,1,1
LC4,AVLP601,pIP1,1,1,1,1
LC4,AVLP605,DNg24,1,1,4,1
LC4,AVLP605,DNp30,1,1,4,1
LC4,AVLP605,DNg56,1,1,4,1
LC4,AVLP605,DNg68,1,1,4,1
LC4,AVLP605,DNg86,1,1,4,1
LC4,AVLP605,DNg93,1,1,4,1
LC4,AVLP605,DNge037,1,1,4,1
LC4,AVLP605,DNge048,1,1,4,1
LC4,AVLP605,DNge056,1,1,4,1
LC4,AVLP605,DNge063,1,1,4,1
LC4,AVLP605,DNp12,1,1,4,1
LC4,AVLP594,DNp48,1,1,1,1
LC4,AVLP594,DNge047,1,1,1,1
LC4,AVLP594,DNc01,1,1,1,1
LC4,AVLP593,DNpe052,1,1,3,1
LC4,AVLP593,DNge010,1,1,3,1
LC4,AVLP593,DNge103,1,1,3,1
LC4,AVLP593,DNge135,1,1,3,1
LC4,AVLP593,DNge142,1,1,3,1
LC4,AVLP593,DNge150,1,1,3,1
LC4,AVLP593,DNp04,1,1,3,1
LC4,AVLP593,DNp07,1,1,3,1
LC4,AVLP593,DNp08,1,1,3,1
LC4,AVLP593,DNp104,1,1,3,1
LC4,AVLP593,DNp26,1,1,3,1
LC4,AVLP593,DNp56,1,1,3,1
LC4,AVLP593,DNp59,1,1,3,1
LC4,AVLP593,DNp68,1,1,3,1
LC4,AVLP593,DNp71,1,1,3,1
LC4,AVLP593,DNpe001,1,1,3,1
LC4,AVLP593,DNpe003,1,1,3,1
LC4,AVLP593,DNpe020,1,1,3,1
LC4,AVLP593,DNpe026,1,1,3,1
LC4,AVLP593,DNpe040,1,1,3,1
LC4,AVLP605,DNp27,1,1,4,1
LC4,AVLP605,DNp55,1,1,4,1
LC4,AVLP593,DNg56,1,1,3,1
LC4,AVLP610,DNge083,1,1,70,1
LC4,AVLP610,DNg22,1,1,35,1
LC4,AVLP610,DNg26,1,1,70,1
LC4,AVLP610,DNg29,1,1,35,1
LC4,AVLP610,DNg34,1,1,35,1
LC4,AVLP610,DNg35,1,1,70,1
LC4,AVLP610,DNg68,1,1,70,1
LC4,AVLP610,DNg75,1,1,70,1
LC4,AVLP610,DNge010,1,1,70,1
LC4,AVLP610,DNge046,1,1,35,1
LC4,AVLP610,DNge103,1,1,70,1
LC4,AVLP605,DNpe021,1,1,4,1
LC4,AVLP610,DNge119,1,1,35,1
LC4,AVLP610,DNge123,1,1,35,1
LC4,AVLP610,DNge137,1,1,70,1
LC4,AVLP610,DNge143,1,1,70,1
LC4,AVLP610,DNp05,1,1,70,1
LC4,AVLP610,DNp09,1,1,70,1
LC4,AVLP610,DNp101,1,1,70,1
LC4,AVLP610,DNp104,1,1,70,1
LC4,AVLP610,DNp14,1,1,35,1
LC4,AVLP610,DNg102,1,1,70,1
LC4,AVLP610,DNg101,1,1,35,1
LC4,AVLP610,DNde007,1,1,35,1
LC4,AVLP610,DNde001,1,1,70,1
LC4,AVLP605,DNpe030,1,1,4,1
LC4,AVLP609,DNb05,1,1,2,1
LC4,AVLP609,DNc02,1,1,2,1
LC4,AVLP609,DNd03,1,1,2,1
LC4,AVLP609,DNg29,1,1,2,1
LC4,AVLP609,DNg43,1,1,2,1
LC4,AVLP609,DNg56,1,1,2,1
LC4,AVLP609,DNg81,1,1,2,1
LC4,AVLP609,DNge031,1,1,2,1
LC4,AVLP609,DNge032,1,1,2,1
LC4,AVLP609,DNge049,1,1,2,1
LC4,AVLP609,DNge104,1,1,2,1
LC4,AVLP609,DNp12,1,1,2,1
LC4,AVLP609,DNp27,1,1,2,1
LC4,AVLP609,DNp30,1,1,2,1
LC4,AVLP609,DNp34,1,1,2,1
LC4,AVLP610,DNb05,1,1,35,1
LC4,AVLP610,DNc02,1,1,70,1
LC4,AVLP610,DNd03,1,1,70,1
LC4,AVLP593,DNg98,1,1,3,1
LC4,AVLP593,DNg34,1,1,3,1
LC4,AVLP476,DNge046,1,1,6,1
LC4,AVLP501,DNp29,1,1,1,1
LC4,AVLP500,,1,1,3,1
LC4,AVLP500,DNg104,1,1,5,1
LC4,AVLP500,DNp01,1,1,3,1
LC4,AVLP500,DNp09,1,1,3,1
LC4,AVLP500,DNp34,1,1,5,1
LC4,AVLP500,DNp35,1,1,5,1
LC4,AVLP500,DNp43,1,1,5,1
LC4,AVLP501,DNg104,1,1,1,1
LC4,AVLP501,DNp27,1,1,1,1
LC4,AVLP501,DNp30,1,1,1,1
LC4,AVLP502,DNp29,1,1,2,1
LC4,AVLP501,DNp42,1,1,1,1
LC4,AVLP501,DNp55,1,1,1,1
LC4,AVLP501,DNp64,1,1,1,1
LC4,AVLP501,DNp70,1,1,1,1
LC4,AVLP501,DNpe031,1,1,1,1
LC4,AVLP501,pIP1,1,1,1,1
LC4,AVLP502,DNg108,1,1,2,1
LC4,AVLP502,DNge138,1,1,2,1
LC4,AVLP502,DNp02,1,1,2,1
LC4,AVLP490,DNpe031,1,1,1,1
LC4,AVLP490,DNp70,1,1,1,1
LC4,AVLP490,DNp55,1,1,1,1
LC4,AVLP479,DNpe040,1,1,2,1
LC4,AVLP476,DNge047,1,1,6,1
LC4,AVLP476,DNge059,1,1,6,1
LC4,AVLP476,DNge139,1,1,6,1
LC4,AVLP476,DNge141,1,1,6,1
LC4,AVLP476,DNp02,1,1,6,1
LC4,AVLP476,DNp04,1,1,6,1
LC4,AVLP476,DNp101,1,1,6,1
LC4,AVLP476,DNp18,1,1,6,1
LC4,AVLP476,DNp46,1,1,6,1
LC4,AVLP476,DNp59,1,1,6,1
LC4,AVLP476,DNp67,1,1,6,1
LC4,AVLP476,DNp73,1,1,6,1
LC4,AVLP476,DNpe020,1,1,6,1
LC4,AVLP476,DNpe021,1,1,6,1
LC4,AVLP476,DNpe024,1,1,6,1
LC4,AVLP476,DNpe039,1,1,6,1
LC4,AVLP479,DNd03,1,1,2,1
LC4,AVLP479,DNp27,1,1,2,1
LC4,AVLP479,DNp69,1,1,2,1
LC4,AVLP502,DNp12,1,1,2,1
LC4,AVLP502,DNp32,1,1,2,1
LC4,AVLP593,DNg100,1,1,3,1
LC4,AVLP542,DNp30,1,1,6,1
LC4,AVLP536,DNp30,1,1,2,1
LC4,AVLP536,DNp66,1,1,3,1
LC4,AVLP536,DNpe021,1,1,3,1
LC4,AVLP536,DNpe025,1,1,2,1
LC4,AVLP536,DNpe056,1,1,3,1
LC4,AVLP542,DNc02,1,1,11,1
LC4,AVLP542,DNd03,1,1,11,1
LC4,AVLP542,DNg56,1,1,11,1
LC4,AVLP542,DNge113,1,1,11,1
LC4,AVLP542,DNp32,1,1,6,1
LC4,AVLP502,DNp45,1,1,2,1
LC4,AVLP543,DNg29,1,1,1,1
LC4,AVLP572,DNp32,1,1,1,1
LC4,AVLP572,DNp59,1,1,1,1
LC4,AVLP572,DNpe026,1,1,1,1
LC4,AVLP572,DNpe040,1,1,1,1
LC4,AVLP572,DNpe056,1,1,1,1
LC4,AVLP593,DNa11,1,1,3,1
LC4,AVLP593,DNbe004,1,1,3,1
LC4,AVLP593,DNde001,1,1,3,1
LC4,AVLP536,DNge032,1,1,2,1
LC4,AVLP536,DNg104,1,1,3,1
LC4,AVLP536,DNd03,1,1,2,1
LC4,AVLP536,DNc02,1,1,2,1
LC4,AVLP502,DNp69,1,1,2,1
LC4,AVLP502,DNp70,1,1,2,1
LC4,AVLP502,DNpe021,1,1,2,1
LC4,AVLP531,CB0429,1,1,9,1
LC4,AVLP531,DNa14,1,1,9,1
LC4,AVLP531,DNae008,1,1,9,1
LC4,AVLP531,DNbe002,1,1,9,1
LC4,AVLP531,DNd03,1,1,9,1
LC4,AVLP531,DNp10,1,1,9,1
LC4,AVLP531,DNp24,1,1,9,1
LC4,AVLP531,DNp30,1,1,9,1
LC4,AVLP531,DNp45,1,1,9,1
LC4,AVLP531,DNp69,1,1,9,1
LC4,AVLP531,DNpe006,1,1,9,1
LC4,AVLP531,DNpe031,1,1,9,1
LC4,AVLP531,DNpe039,1,1,9,1
LC4,AVLP531,DNpe045,1,1,9,1
LC4,AVLP531,DNpe053,1,1,9,1
LC4,AVLP531,pIP10,1,1,9,1
LC4,AVLP120,DNp23,1,1,1,1
LC4,AVLP120,DNge049,1,1,1,1
LC4,AVLP120,DNg56,1,1,1,1
LC4,AN07B004,DNge133,1,1,3,1
LC4,AN07B004,DNg71,1,1,3,1
LC4,AN07B004,DNge006,1,1,3,1
LC4,AN07B004,DNge014,1,1,3,1
LC4,AN07B004,DNge071,1,1,3,1
LC4,AN07B004,DNge084,1,1,3,1
LC4,AN07B004,DNge085,1,1,3,1
LC4,AN07B004,DNge111,1,1,3,1
LC4,AN07B004,DNge116,1,1,3,1
LC4,AN07B004,DNge130,1,1,3,1
LC4,AN07B004,DNge136,1,1,3,1
LC4,AN07B004,DNpe009,1,1,3,1
LC4,AN07B004,DNge140,1,1,3,1
LC4,AN07B004,DNge149,1,1,3,1
LC4,AN07B004,DNge175,1,1,3,1
LC4,AN07B004,DNp07,1,1,3,1
LC4,AN07B004,DNp09,1,1,3,1
LC4,AN07B004,DNp102,1,1,3,1
LC4,AN07B004,DNp23,1,1,3,1
LC4,AN07B004,DNp41,1,1,3,1
LC4,AN07B004,DNp42,1,1,3,1
LC4,AN07B004,DNg31,1,1,3,1
LC4,AN07B004,DNg24,1,1,3,1
LC4,AN07B004,DNg15,1,1,3,1
LC4,AN07B004,DNg111,1,1,3,1
LC4,AN01A055,DNg31,1,1,1,1
LC4,AN01A055,DNg57,1,1,1,1
LC4,AN01A055,DNg72,1,1,1,1
LC4,AN01A055,DNge011,1,1,1,1
LC4,AN01A055,DNge128,1,1,1,1
LC4,AN01A055,DNge141,1,1,1,1
LC4,AN01A055,DNp36,1,1,1,1
LC4,AN01A055,DNpe022,1,1,1,1
LC4,AN01A055,DNpe025,1,1,1,1
LC4,AN01A055,DNpe042,1,1,1,1
LC4,AN01A055,DNpe056,1,1,1,1
LC4,AN07B004,,1,1,3,1
LC4,AN07B004,DNa10,1,1,3,1
LC4,AN07B004,DNae006,1,1,3,1
LC4,AN07B004,DNbe004,1,1,3,1
LC4,AN07B004,DNbe005,1,1,3,1
LC4,AN07B004,DNd02,1,1,3,1
LC4,AN07B004,DNg01_unclear,1,1,3,1
LC4,AN07B004,DNg104,1,1,3,1
LC4,AN07B004,DNpe006,1,1,3,1
LC4,AN07B004,DNpe020,1,1,3,1
LC4,AN01A055,DNg29,1,1,1,1
LC4,AN09B016,DNg85,1,1,1,1
LC4,AN09A005,DNp06,1,1,1,1
LC4,AN09A005,DNp35,1,1,1,1
LC4,AN09A005,DNpe021,1,1,1,1
LC4,AN09B016,DNd02,1,1,1,1
LC4,AN09B016,DNde002,1,1,1,1
LC4,AN09B016,DNde006,1,1,1,1
LC4,AN09B016,DNg30,1,1,1,1
LC4,AN09B016,DNg57,1,1,1,1
LC4,AN09B016,DNg84,1,1,1,1
LC4,AN09B016,DNge102,1,1,1,1
LC4,AN07B004,DNpe022,1,1,3,1
LC4,AN09B016,DNge138,1,1,1,1
LC4,AN09B016,DNp32,1,1,1,1
LC4,AN09B016,DNp42,1,1,1,1
LC4,AN09B016,DNp70,1,1,1,1
LC4,AN09B016,DNpe022,1,1,1,1
LC4,AN09B016,DNpe030,1,1,1,1
LC4,AN09B023,DNde001,1,1,3,1
LC4,AN09B023,DNg08,1,1,3,1
LC4,AN09B023,DNg59,1,1,3,1
LC4,AN09A005,DNge047,1,1,1,1
LC4,AN09A005,DNg91,1,1,1,1
LC4,AN08B010,DNpe006,1,1,16,1
LC4,AN08B010,DNp67,1,1,16,1
LC4,AN07B004,DNpe028,1,1,3,1
LC4,AN07B004,DNpe052,1,1,3,1
LC4,AN07B004,DNpe056,1,1,3,1
LC4,AN08B010,DNae006,1,1,6,1
LC4,AN08B010,DNbe001,1,1,6,1
LC4,AN08B010,DNg05_a,1,1,6,1
LC4,AN08B010,DNg07,1,1,6,1
LC4,AN08B010,DNg29,1,1,16,1
LC4,AN08B010,DNg40,1,1,6,1
LC4,AN08B010,DNg79,1,1,16,1
LC4,AN08B010,DNge076,1,1,6,1
LC4,AN08B010,DNge107,1,1,16,1
LC4,AN08B010,DNp01,1,1,6,1
LC4,AN08B010,DNp11,1,1,16,1
LC4,AN08B010,DNp26,1,1,6,1
LC4,AN08B010,DNp27,1,1,6,1
LC4,AN08B010,DNp33,1,1,6,1
LC4,AN08B010,DNp49,1,1,6,1
LC4,AN08B010,DNp54,1,1,16,1
LC4,AN01A055,DNg30,1,1,1,1
LC4,AN01A055,DNg24,1,1,1,1
LC4,AN09B023,DNg70,1,1,3,1
LC4,5-HTPMPV03,DNg01_b,1,1,1,1
LC4,,DNpe012_b,1,1,200,1
LC4,,aSP22,1,1,200,1
LC4,5-HTPMPV03,DNa03,1,1,1,1
LC4,5-HTPMPV03,DNa06,1,1,1,1
LC4,5-HTPMPV03,DNae007,1,1,1,1
LC4,5-HTPMPV03,DNb08,1,1,1,1
LC4,5-HTPMPV03,DNd02,1,1,1,1
LC4,5-HTPMPV03,DNde001,1,1,1,1
LC4,5-HTPMPV03,DNde002,1,1,1,1
LC4,5-HTPMPV03,DNg01_d,1,1,1,1
LC4,5-HTPMPV03,DNg89,1,1,1,1
LC4,5-HTPMPV03,DNg10,1,1,1,1
LC4,5-HTPMPV03,DNg104,1,1,1,1
LC4,5-HTPMPV03,DNg111,1,1,1,1
LC4,5-HTPMPV03,DNg18_b,1,1,1,1
LC4,5-HTPMPV03,DNg27,1,1,1,1
LC4,5-HTPMPV03,DNg36_b,1,1,1,1
LC4,5-HTPMPV03,DNg43,1,1,1,1
LC4,5-HTPMPV03,DNg75,1,1,1,1
LC4,5-HTPMPV03,DNg76,1,1,1,1
LC4,,DNpe012_a,1,1,290,1
LC4,,DNpe010,1,1,22,1
LC4,,DNp67,1,1,290,1
LC4,,DNp60,1,1,10,1
LC4,,DNae005,1,1,296,1
LC4,,DNae008,1,1,290,1
LC4,,DNae009,1,1,200,1
LC4,,DNbe001,1,1,228,1
LC4,,DNc01,1,1,2,1
LC4,,DNd03,1,1,5,1
LC4,,DNde003,1,1,296,1
LC4,,DNg102,1,1,290,1
LC4,,DNge011,1,1,296,1
LC4,,DNge026,1,1,296,1
LC4,,DNge031,1,1,200,1
LC4,,DNge054,1,1,228,1
LC4,,DNge079,1,1,5,1
LC4,,DNge099,1,1,296,1
LC4,,DNge138,1,1,2,1
LC4,,DNge141,1,1,5,1
LC4,,DNge148,1,1,5,1
LC4,,DNge152,1,1,744,1
LC4,,DNp26,1,1,296,1
LC4,5-HTPMPV03,DNg81,1,1,1,1
LC4,5-HTPMPV03,DNge007,1,1,1,1
LC4,AN01A055,DNg106,1,1,1,1
LC4,5-HTPMPV03,DNpe020,1,1,1,1
LC4,5-HTPMPV03,DNp22,1,1,1,1
LC4,5-HTPMPV03,DNp35,1,1,1,1
LC4,5-HTPMPV03,DNp55,1,1,1,1
LC4,5-HTPMPV03,DNp59,1,1,1,1
LC4,5-HTPMPV03,DNp69,1,1,1,1
LC4,5-HTPMPV03,DNp70,1,1,1,1
LC4,5-HTPMPV03,DNpe002,1,1,1,1
LC4,5-HTPMPV03,DNpe006,1,1,1,1
LC4,5-HTPMPV03,DNpe015,1,1,1,1
LC4,5-HTPMPV03,DNpe043,1,1,1,1
LC4,5-HTPMPV03,DNge026,1,1,1,1
LC4,5-HTPMPV03,DNpe056,1,1,1,1
LC4,5-HTPMPV03,DNpe057,1,1,1,1
LC4,AMMC-A1,DNp10,1,1,2114,1
LC4,AMMC-A1,DNp32,1,1,1341,1
LC4,AMMC-A1,DNp71,1,1,1260,1
LC4,AMMC-A1,DNpe045,1,1,1821,1
LC4,AN01A055,DNde001,1,1,1,1
LC4,AN01A055,DNde003,1,1,1,1
LC4,AN01A055,DNg104,1,1,1,1
LC4,5-HTPMPV03,DNp17,1,1,1,1
LC4,5-HTPMPV03,DNp102,1,1,1,1
LC4,5-HTPMPV03,DNp05,1,1,1,1
LC4,5-HTPMPV03,DNge183,1,1,1,1
LC4,5-HTPMPV03,DNge031,1,1,1,1
LC4,5-HTPMPV03,DNge033,1,1,1,1
LC4,5-HTPMPV03,DNge039,1,1,1,1
LC4,5-HTPMPV03,DNge040,1,1,1,1
LC4,5-HTPMPV03,DNge052,1,1,1,1
LC4,5-HTPMPV03,DNge054,1,1,1,1
LC4,5-HTPMPV03,DNge072,1,1,1,1
LC4,5-HTPMPV03,DNge085,1,1,1,1
LC4,5-HTPMPV03,DNge096,1,1,1,1
LC4,5-HTPMPV03,DNge099,1,1,1,1
LC4,5-HTPMPV03,DNge114,1,1,1,1
LC4,5-HTPMPV03,DNge119,1,1,1,1
LC4,5-HTPMPV03,DNge126,1,1,1,1
LC4,5-HTPMPV03,DNge132,1,1,1,1
LC4,5-HTPMPV03,DNge148,1,1,1,1
LC4,5-HTPMPV03,DNge149,1,1,1,1
LC4,5-HTPMPV03,DNge154,1,1,1,1
LC4,5-HTPMPV03,DNge176,1,1,1,1
LC4,5-HTPMPV03,DNge179,1,1,1,1
LC4,AN09B023,DNg62,1,1,3,1
LC4,AN09B023,DNg85,1,1,3,1
LC4,AVLP120,DNg52,1,1,1,1
LC4,AVLP016,DNp08,1,1,58,1
LC4,AVLP016,DNa13,1,1,58,1
LC4,AVLP016,DNbe002,1,1,58,1
LC4,AVLP016,DNc01,1,1,58,1
LC4,AVLP016,DNde007,1,1,57,1
LC4,AVLP016,DNg13,1,1,57,1
LC4,AVLP016,DNge049,1,1,57,1
LC4,AVLP016,DNge099,1,1,58,1
LC4,AVLP016,DNge136,1,1,58,1
LC4,AVLP016,DNp04,1,1,57,1
LC4,AVLP016,DNp104,1,1,57,1
LC4,AVLP076,DNge054,1,1,1,1
LC4,AVLP016,DNp13,1,1,57,1
LC4,AVLP016,DNp49,1,1,57,1
LC4,AVLP016,DNpe003,1,1,57,1
LC4,AVLP016,DNpe010,1,1,58,1
LC4,AVLP016,DNpe020,1,1,58,1
LC4,AVLP016,DNpe055,1,1,58,1
LC4,AVLP016,pMP2,1,1,57,1
LC4,AVLP076,,1,1,1,1
LC4,AVLP076,DNd03,1,1,1,1
LC4,AVLP016,DNa09,1,1,58,1
LC4,AVLP016,DNa07,1,1,57,1
LC4,AOTU065,aSP22,1,1,1,1
LC4,AOTU065,DNpe005,1,1,1,1
LC4,AOTU032,DNg43,1,1,15,1
LC4,AOTU032,DNg56,1,1,20,1
LC4,AOTU032,DNg92_a,1,1,20,1
LC4,AOTU032,DNp56,1,1,15,1
LC4,AOTU032,DNp63,1,1,15,1
LC4,AOTU034,DNd02,1,1,32,1
LC4,AOTU034,DNp07,1,1,32,1
LC4,AOTU034,DNp26,1,1,32,1
LC4,AOTU034,DNp32,1,1,32,1
LC4,AOTU034,DNp54,1,1,32,1
LC4,AOTU065,DNb05,1,1,1,1
LC4,AOTU065,DNg79,1,1,1,1
LC4,AOTU065,DNge140,1,1,1,1
LC4,AOTU065,DNp09,1,1,1,1
LC4,AOTU065,DNp19,1,1,1,1
LC4,AOTU065,DNp26,1,1,1,1
LC4,AOTU065,DNp27,1,1,1,1
LC4,AOTU065,DNp47,1,1,1,1
LC4,AOTU065,DNp49,1,1,1,1
LC4,AVLP076,DNde006,1,1,1,1
LC4,AVLP076,DNp23,1,1,1,1
LC4,ANXXX109,DNp55,1,1,6,1
LC4,AVLP094,DNp35,1,1,46,1
LC4,AVLP093,DNp27,1,1,2,1
LC4,AVLP093,DNp30,1,1,2,1
LC4,AVLP093,DNp55,1,1,2,1
LC4,AVLP093,DNp64,1,1,2,1
LC4,AVLP093,DNpe025,1,1,2,1
LC4,AVLP093,DNpe050,1,1,2,1
LC4,AVLP094,DNde001,1,1,154,1
LC4,AVLP094,DNp07,1,1,154,1
LC4,AVLP094,DNp14,1,1,154,1
LC4,AVLP094,DNp43,1,1,154,1
LC4,AVLP076,DNp27,1,1,1,1
LC4,AVLP094,DNp59,1,1,154,1
LC4,AVLP094,DNp64,1,1,154,1
LC4,AVLP094,DNpe037,1,1,46,1
LC4,AVLP109,DNd04,1,1,3,1
LC4,AVLP109,DNde001,1,1,3,1
LC4,AVLP109,DNp27,1,1,3,1
LC4,AVLP109,DNp71,1,1,3,1
LC4,AVLP109,DNpe045,1,1,3,1
LC4,AVLP109,DNpe052,1,1,3,1
LC4,AVLP093,DNp04,1,1,2,1
LC4,AVLP093,DNa11,1,1,2,1
LC4,AVLP093,CB0429,1,1,2,1
LC4,AVLP085,DNpe056,1,1,7,1
LC4,AVLP076,DNp34,1,1,1,1
LC4,AVLP076,DNpe040,1,1,1,1
LC4,AVLP076,DNpe045,1,1,1,1
LC4,AVLP076,DNpe050,1,1,1,1
LC4,AVLP076,DNpe053,1,1,1,1
LC4,AVLP076,DNpe056,1,1,1,1
LC4,AVLP083,DNd03,1,1,3,1
LC4,AVLP083,DNg09_b,1,1,3,1
LC4,AVLP083,DNg29,1,1,3,1
LC4,AVLP083,DNp34,1,1,3,1
LC4,AVLP083,DNpe021,1,1,3,1
LC4,AVLP083,DNpe040,1,1,3,1
LC4,AVLP083,DNpe042,1,1,3,1
LC4,AVLP083,pIP1,1,1,3,1
LC4,AVLP085,DNge032,1,1,7,1
LC4,AVLP085,DNp29,1,1,7,1
LC4,AVLP085,DNp55,1,1,7,1
LC4,AVLP085,DNp66,1,1,7,1
LC4,AVLP085,DNpe042,1,1,7,1
LC4,ANXXX109,DNpe045,1,1,6,1
LC4,ANXXX109,DNp36,1,1,14,1
LC4,AN09B023,DNge011,1,1,3,1
LC4,AN17B013,DNg23,1,1,2,1
LC4,AN10B019,DNp38,1,1,7,1
LC4,AN10B019,DNp67,1,1,1,1
LC4,AN10B019,DNpe021,1,1,7,1
LC4,AN10B019,DNpe045,1,1,1,1
LC4,AN17B005,DNb05,1,1,2,1
LC4,AN17B005,DNg48,1,1,2,1
LC4,AN17B005,DNp60,1,1,2,1
LC4,AN17B013,DNg105,1,1,2,1
LC4,AN17B013,DNg108,1,1,2,1
LC4,AN17B013,DNge138,1,1,3,1
LC4,AN27X011,DNg02_b,1,1,2,1
LC4,AN17B013,DNge182,1,1,2,1
LC4,AN17B013,DNp30,1,1,3,1
LC4,AN27X011,DNa05,1,1,2,1
LC4,AN27X011,DNa09,1,1,2,1
LC4,AN27X011,DNa11,1,1,2,1
LC4,AN27X011,DNa15,1,1,2,1
LC4,AN27X011,DNae001,1,1,2,1
LC4,AN27X011,DNb02,1,1,2,1
LC4,AN27X011,DNd03,1,1,2,1
LC4,AN10B019,DNp30,1,1,7,1
LC4,AN10B019,DNp29,1,1,1,1
LC4,AN10B019,DNp12,1,1,1,1
LC4,AN10B019,DNp08,1,1,1,1
LC4,AN09B023,DNge044,1,1,3,1
LC4,AN09B023,DNge128,1,1,3,1
LC4,AN09B023,DNge148,1,1,3,1
LC4,AN09B023,DNge151,1,1,3,1
LC4,AN09B023,DNp06,1,1,3,1
LC4,AN09B023,DNp11,1,1,3,1
LC4,AN09B023,DNp12,1,1,3,1
LC4,AN09B023,DNp34,1,1,3,1
LC4,AN09B023,DNpe005,1,1,3,1
LC4,AN09B023,DNpe030,1,1,3,1
LC4,AN10B019,DNbe002,1,1,7,1
LC4,AN10B019,DNd03,1,1,1,1
LC4,AN10B019,DNg14,1,1,7,1
LC4,AN10B019,DNg56,1,1,7,1
LC4,AN10B019,DNg69,1,1,1,1
LC4,AN10B019,DNge047,1,1,1,1
LC4,AN10B019,DNge048,1,1,7,1
LC4,AN10B019,DNge073,1,1,7,1
LC4,AN10B019,DNge138,1,1,7,1
LC4,AN27X011,DNde007,1,1,2,1
LC4,AN27X011,DNg101,1,1,2,1
LC4,ANXXX109,DNp09,1,1,6,1
LC4,AN27X011,DNpe057,1,1,2,1
LC4,AN27X011,DNp30,1,1,2,1
LC4,AN27X011,DNp38,1,1,2,1
LC4,AN27X011,"DNp51,DNpe019",1,1,2,1
LC4,AN27X011,DNp66,1,1,2,1
LC4,AN27X011,DNp68,1,1,2,1
LC4,AN27X011,DNpe011,1,1,2,1
LC4,AN27X011,DNpe026,1,1,2,1
LC4,AN27X011,DNpe031,1,1,2,1
LC4,AN27X011,DNpe045,1,1,2,1
LC4,AN27X011,aSP22,1,1,2,1
LC4,AN27X011,DNg102,1,1,2,1
LC4,AN27X011,pIP1,1,1,2,1
LC4,ANXXX109,DNg102,1,1,14,1
LC4,ANXXX109,DNg40,1,1,6,1
LC4,ANXXX109,DNg81,1,1,14,1
LC4,ANXXX109,DNg84,1,1,6,1
LC4,ANXXX109,DNge104,1,1,14,1
LC4,ANXXX109,DNge121,1,1,6,1
LC4,ANXXX109,DNge144,1,1,14,1
LC4,ANXXX109,DNge145,1,1,14,1
LC4,AN27X011,DNp17,1,1,2,1
LC4,AN27X011,DNp13,1,1,2,1
LC4,AN27X011,DNp102,1,1,2,1
LC4,AN27X011,DNge172,1,1,2,1
LC4,AN27X011,DNg12_a,1,1,2,1
LC4,AN27X011,DNg12_f,1,1,2,1
LC4,AN27X011,DNg19,1,1,2,1
LC4,AN27X011,DNg22,1,1,2,1
LC4,AN27X011,DNg27,1,1,2,1
LC4,AN27X011,DNg43,1,1,2,1
LC4,AN27X011,DNg44,1,1,2,1
LC4,AN27X011,DNg66,1,1,2,1
LC4,AN27X011,DNg78,1,1,2,1
LC4,AN27X011,DNg96,1,1,2,1
LC4,AN27X011,DNge019,1,1,2,1
LC4,AN27X011,DNge031,1,1,2,1
LC4,AN27X011,DNge037,1,1,2,1
LC4,AN27X011,DNge048,1,1,2,1
LC4,AN27X011,DNge049,1,1,2,1
LC4,AN27X011,DNge052,1,1,2,1
LC4,AN27X011,DNge099,1,1,2,1
LC4,AN27X011,DNge125,1,1,2,1
LC4,AN27X011,DNge139,1,1,2,1
LC4,AVLP610,DNp36,1,1,70,1
LC4,AVLP610,DNp60,1,1,35,1
LC4,GNG506,DNge031,1,1,1,1
LC4,CL066,DNpe024,1,1,3,1
LC4,CL066,DNg104,1,1,3,1
LC4,CL066,DNp03,1,1,3,1
LC4,CL066,DNp08,1,1,3,1
LC4,CL066,DNp101,1,1,3,1
LC4,CL066,DNp19,1,1,3,1
LC4,CL066,DNp62,1,1,3,1
LC4,CL066,DNp68,1,1,3,1
LC4,CL066,DNpe012_b,1,1,3,1
LC4,CL066,DNpe016,1,1,3,1
LC4,CL066,DNpe040,1,1,3,1
LC4,CL066,DNae008,1,1,3,1
LC4,CL066,DNpe043,1,1,3,1
LC4,CL066,aSP22,1,1,3,1
LC4,CL128a,CB0429,1,1,49,1
LC4,CL128a,DNa10,1,1,49,1
LC4,CL128a,DNae004,1,1,1,1
LC4,CL128a,DNae009,1,1,1,1
LC4,CL128a,DNbe002,1,1,1,1
LC4,CL128a,DNbe005,1,1,1,1
LC4,CL128a,DNg35,1,1,59,1
LC4,CL066,DNbe001,1,1,3,1
LC4,CL066,DNae007,1,1,3,1
LC4,AVLP610,DNp64,1,1,35,1
LC4,CL053,DNg104,1,1,1,1
LC4,CL053,DNa02,1,1,1,1
LC4,CL053,DNa03,1,1,1,1
LC4,CL053,DNa08,1,1,1,1
LC4,CL053,DNa14,1,1,1,1
LC4,CL053,DNae002,1,1,1,1
LC4,CL053,DNg01_c,1,1,1,1
LC4,CL053,DNg02_d,1,1,1,1
LC4,CL053,DNg02_e,1,1,1,1
LC4,CL053,DNg04,1,1,1,1
LC4,CL053,DNg106,1,1,1,1
LC4,CL066,DNa07,1,1,3,1
LC4,CL053,DNg59,1,1,1,1
LC4,CL053,DNge006,1,1,1,1
LC4,CL053,DNge043,1,1,1,1
LC4,CL053,DNp15,1,1,1,1
LC4,CL053,DNp36,1,1,1,1
LC4,CL053,DNp48,1,1,1,1
LC4,CL053,DNpe003,1,1,1,1
LC4,CL053,DNpe011,1,1,1,1
LC4,CL066,CB0429,1,1,3,1
LC4,CL128a,DNg86,1,1,59,1
LC4,CL128a,DNge011,1,1,59,1
LC4,CL128a,DNge138,1,1,59,1
LC4,CL140,DNpe010,1,1,226,1
LC4,CL140,DNp11,1,1,226,1
LC4,CL140,DNp16_a,1,1,226,1
LC4,CL140,DNp30,1,1,208,1
LC4,CL140,DNp34,1,1,208,1
LC4,CL140,DNp43,1,1,226,1
LC4,CL140,DNp49,1,1,208,1
LC4,CL140,DNp60,1,1,208,1
LC4,CL140,DNp68,1,1,226,1
LC4,CL140,DNp70,1,1,208,1
LC4,CL140,DNpe039,1,1,208,1
LC4,CL128a,DNp08,1,1,1,1
LC4,CL140,DNpe043,1,1,226,1
LC4,CL140,DNpe050,1,1,208,1
LC4,CL286,DNa08,1,1,1,1
LC4,CL286,DNg19,1,1,1,1
LC4,CL286,DNge038,1,1,1,1
LC4,CL286,DNge133,1,1,1,1
LC4,CL286,DNge144,1,1,1,1
LC4,CL286,DNp04,1,1,1,1
LC4,CL286,DNp10,1,1,1,1
LC4,CL140,DNp104,1,1,208,1
LC4,CL140,DNp10,1,1,226,1
LC4,CL140,DNp09,1,1,226,1
LC4,CL140,DNp08,1,1,226,1
LC4,CL128a,DNp102,1,1,49,1
LC4,CL128a,DNp12,1,1,1,1
LC4,CL128a,DNp38,1,1,59,1
LC4,CL128a,DNp42,1,1,49,1
LC4,CL128a,DNp68,1,1,49,1
LC4,CL128a,DNpe006,1,1,12,1
LC4,CL128a,DNpe022,1,1,12,1
LC4,CL128a,DNpe024,1,1,12,1
LC4,CL128a,DNpe025,1,1,1,1
LC4,CL128a,DNpe040,1,1,59,1
LC4,CL128a,DNpe042,1,1,59,1
LC4,CL128a,DNpe056,1,1,49,1
LC4,CL140,DNb04,1,1,208,1
LC4,CL140,DNb05,1,1,226,1
LC4,CL140,DNbe006,1,1,226,1
LC4,CL140,DNg01_b,1,1,208,1
LC4,CL140,DNg101,1,1,208,1
LC4,CL140,DNg13,1,1,208,1
LC4,CL140,DNg82,1,1,208,1
LC4,CL022_c,DNpe039,1,1,2,1
LC4,CL022_c,DNpe021,1,1,1,1
LC4,CL022_c,DNp71,1,1,1,1
LC4,CB4179,DNp05,1,1,34,1
LC4,CB4176,DNpe042,1,1,5,1
LC4,CB4176,DNpe052,1,1,2,1
LC4,CB4179,DNb05,1,1,3,1
LC4,CB4179,DNd03,1,1,17,1
LC4,CB4179,DNg15,1,1,17,1
LC4,CB4179,DNg40,1,1,15,1
LC4,CB4179,DNge027,1,1,3,1
LC4,CB4179,DNge054,1,1,17,1
LC4,CB4179,DNge138,1,1,17,1
LC4,CB4179,DNp30,1,1,15,1
LC4,CB4248,DNg106,1,1,2,1
LC4,CB4179,DNp32,1,1,3,1
LC4,CB4179,DNp71,1,1,34,1
LC4,CB4179,DNpe045,1,1,3,1
LC4,CB4179,pIP1,1,1,3,1
LC4,CB4180,DNp03,1,1,27,1
LC4,CB4180,DNp04,1,1,27,1
LC4,CB4180,DNp06,1,1,27,1
LC4,CB4245,DNp66,1,1,4,1
LC4,CB4245,DNpe031,1,1,4,1
LC4,CB4176,DNpe025,1,1,2,1
LC4,CB4176,DNpe002,1,1,7,1
LC4,CB4176,DNp69,1,1,1,1
LC4,CB4176,DNp34,1,1,1,1
LC4,CB4162,DNp35,1,1,9,1
LC4,CB4162,DNp43,1,1,9,1
LC4,CB4162,DNp71,1,1,1,1
LC4,CB4162,pIP1,1,1,9,1
LC4,CB4163,DNg104,1,1,15,1
LC4,CB4163,DNge032,1,1,15,1
LC4,CB4163,DNp35,1,1,15,1
LC4,CB4163,DNpe025,1,1,15,1
LC4,CB4163,DNpe040,1,1,15,1
LC4,CB4176,DNg09_b,1,1,7,1
LC4,CB4176,DNg105,1,1,2,1
LC4,CB4176,DNg24,1,1,1,1
LC4,CB4176,DNg79,1,1,7,1
LC4,CB4176,DNge014,1,1,5,1
LC4,CB4176,DNge145,1,1,7,1
LC4,CB4176,DNp11,1,1,2,1
LC4,CB4176,DNp15,1,1,7,1
LC4,CB4176,DNp19,1,1,7,1
LC4,CB4176,DNp30,1,1,2,1
LC4,CB4248,DNg09_b,1,1,2,1
LC4,CB4248,DNg24,1,1,7,1
LC4,CL022_c,DNp55,1,1,1,1
LC4,CL022_c,DNbe002,1,1,2,1
LC4,CL022_b,DNp104,1,1,14,1
LC4,CL022_b,DNp14,1,1,11,1
LC4,CL022_b,DNp16_a,1,1,14,1
LC4,CL022_b,DNp27,1,1,11,1
LC4,CL022_b,DNp42,1,1,14,1
LC4,CL022_b,DNp46,1,1,11,1
LC4,CL022_b,DNp64,1,1,14,1
LC4,CL022_b,DNp70,1,1,11,1
LC4,CL022_b,DNpe039,1,1,11,1
LC4,CL022_c,DNc02,1,1,1,1
LC4,CB4248,DNge047,1,1,2,1
LC4,CL022_c,DNg09_b,1,1,1,1
LC4,CL022_c,DNg106,1,1,2,1
LC4,CL022_c,DNg29,1,1,1,1
LC4,CL022_c,DNge091,1,1,1,1
LC4,CL022_c,DNge140,1,1,2,1
LC4,CL022_c,DNge148,1,1,1,1
LC4,CL022_c,DNp07,1,1,1,1
LC4,CL022_c,DNp42,1,1,1,1
LC4,CL022_c,DNp46,1,1,1,1
LC4,CL022_b,DNp07,1,1,11,1
LC4,CL022_b,DNg82,1,1,11,1
LC4,CL022_a,DNpe039,1,1,1,1
LC4,CL022_a,DNp66,1,1,1,1
LC4,CB4248,DNge113,1,1,1,1
LC4,CB4248,DNp35,1,1,2,1
LC4,CB4248,DNp66,1,1,2,1
LC4,CB4248,DNpe052,1,1,2,1
LC4,CB4248,DNpe056,1,1,1,1
LC4,CB4248,aSP22,1,1,7,1
LC4,CL001,CB0429,1,1,1,1
LC4,CL001,DNa05,1,1,1,1
LC4,CL001,DNa09,1,1,1,1
LC4,CL001,DNae004,1,1,1,1
LC4,CL001,DNae009,1,1,1,1
LC4,CL001,DNbe004,1,1,1,1
LC4,CL001,DNg101,1,1,1,1
LC4,CL001,DNp04,1,1,1,1
LC4,CL001,DNp07,1,1,1,1
LC4,CL001,DNp27,1,1,1,1
LC4,CL001,DNp31,1,1,1,1
LC4,CL001,DNp57,1,1,1,1
LC4,CL022_a,DNp23,1,1,1,1
LC4,CL286,DNp101,1,1,1,1
LC4,CL286,DNp31,1,1,1,1
LC4,CL286,DNp36,1,1,1,1
LC4,GNG340,DNg70,1,1,9,1
LC4,GNG340,DNb05,1,1,9,1
LC4,GNG340,DNd02,1,1,9,1
LC4,GNG340,DNd03,1,1,9,1
LC4,GNG340,DNg102,1,1,9,1
LC4,GNG340,DNg104,1,1,9,1
LC4,GNG340,DNg106,1,1,9,1
LC4,GNG340,DNg24,1,1,9,1
LC4,GNG340,DNg47,1,1,9,1
LC4,GNG340,DNg68,1,1,9,1
LC4,GNG340,DNge011,1,1,9,1
LC4,GNG340,DNp55,1,1,9,1
LC4,GNG340,DNge012,1,1,9,1
LC4,GNG340,DNge049,1,1,9,1
LC4,GNG340,DNge067,1,1,9,1
LC4,GNG340,DNge081,1,1,9,1
LC4,GNG340,DNge122,1,1,9,1
LC4,GNG340,DNge128,1,1,9,1
LC4,GNG340,DNge131,1,1,9,1
LC4,GNG340,DNge136,1,1,9,1
LC4,GNG340,DNp03,1,1,9,1
LC4,GNG340,DNae007,1,1,9,1
LC4,GNG300,DNpe042,1,1,60,1
LC4,GNG300,DNpe025,1,1,60,1
LC4,GNG300,DNpe021,1,1,84,1
LC4,GNG300,DNge065,1,1,60,1
LC4,GNG300,DNge077,1,1,84,1
LC4,GNG300,DNge096,1,1,84,1
LC4,GNG300,DNge100,1,1,60,1
LC4,GNG300,DNge113,1,1,60,1
LC4,GNG300,DNge120,1,1,84,1
LC4,GNG300,DNge122,1,1,84,1
LC4,GNG300,DNge125,1,1,60,1
LC4,GNG300,DNge136,1,1,84,1
LC4,GNG300,DNge142,1,1,84,1
LC4,GNG300,DNge144,1,1,84,1
LC4,GNG300,DNge146,1,1,84,1
LC4,GNG300,DNge147,1,1,60,1
LC4,GNG300,DNp07,1,1,84,1
LC4,GNG300,DNp101,1,1,84,1
LC4,GNG300,DNp23,1,1,84,1
LC4,GNG300,DNp35,1,1,60,1
LC4,GNG300,DNp46,1,1,84,1
LC4,GNG300,DNp69,1,1,84,1
LC4,GNG340,DNp04,1,1,9,1
LC4,GNG340,DNpe021,1,1,9,1
LC4,GNG300,DNge046,1,1,60,1
LC4,GNG506,DNd02,1,1,1,1
LC4,GNG343,DNge133,1,1,6,1
LC4,GNG343,DNge139,1,1,5,1
LC4,GNG343,DNge142,1,1,5,1
LC4,GNG343,DNp08,1,1,5,1
LC4,GNG343,DNpe021,1,1,5,1
LC4,GNG343,DNpe029,1,1,5,1
LC4,GNG343,DNpe040,1,1,5,1
LC4,GNG343,DNxl114,1,1,6,1
LC4,GNG506,DNae001,1,1,1,1
LC4,GNG506,DNd05,1,1,1,1
LC4,GNG340,DNpe049,1,1,9,1
LC4,GNG506,DNg34,1,1,1,1
LC4,GNG506,DNg35,1,1,1,1
LC4,GNG506,DNg38,1,1,1,1
LC4,GNG506,DNg61,1,1,1,1
LC4,GNG506,DNg77,1,1,1,1
LC4,GNG506,DNg86,1,1,1,1
LC4,GNG506,DNg90,1,1,1,1
LC4,GNG506,DNge003,1,1,1,1
LC4,GNG506,DNge007,1,1,1,1
LC4,GNG343,DNge131,1,1,5,1
LC4,GNG343,DNge105,1,1,5,1
LC4,GNG343,DNge099,1,1,6,1
LC4,GNG343,DNge079,1,1,6,1
LC4,GNG343,,1,1,6,1
LC4,GNG343,DNd04,1,1,5,1
LC4,GNG343,DNde006,1,1,5,1
LC4,GNG343,DNg101,1,1,5,1
LC4,GNG343,DNg106,1,1,5,1
LC4,GNG343,DNg17,1,1,6,1
LC4,GNG343,DNg21,1,1,6,1
LC4,GNG343,DNg32,1,1,6,1
LC4,GNG343,DNg39,1,1,5,1
LC4,GNG343,DNg62,1,1,5,1
LC4,GNG343,DNg74_b,1,1,5,1
LC4,GNG343,DNg98,1,1,5,1
LC4,GNG343,DNge011,1,1,5,1
LC4,GNG343,DNge032,1,1,5,1
LC4,GNG343,DNge039,1,1,5,1
LC4,GNG343,DNge046,1,1,6,1
LC4,GNG343,DNge048,1,1,5,1
LC4,GNG343,DNge053,1,1,5,1
LC4,GNG343,DNge056,1,1,6,1
LC4,GNG300,DNge062,1,1,60,1
LC4,GNG300,DNge044,1,1,84,1
LC4,CL286,DNp42,1,1,1,1
LC4,CL323,DNp36,1,1,159,1
LC4,CL309,DNpe024,1,1,1,1
LC4,CL323,DNa06,1,1,206,1
LC4,CL323,DNae009,1,1,159,1
LC4,CL323,DNg01_d,1,1,151,1
LC4,CL323,DNg02_f,1,1,206,1
LC4,CL323,DNg27,1,1,151,1
LC4,CL323,DNge054,1,1,159,1
LC4,CL323,DNge107,1,1,151,1
LC4,CL323,DNge130,1,1,159,1
LC4,CL323,DNp59,1,1,159,1
LC4,CL367,DNg27,1,1,6,1
LC4,CL323,DNp71,1,1,362,1
LC4,CL323,DNpe010,1,1,362,1
LC4,CL367,DNa11,1,1,6,1
LC4,CL367,DNa16,1,1,6,1
LC4,CL367,DNae007,1,1,6,1
LC4,CL367,DNb05,1,1,5,1
LC4,CL367,DNbe004,1,1,6,1
LC4,CL367,DNde005,1,1,5,1
LC4,CL367,DNg102,1,1,5,1
LC4,CL309,DNpe021,1,1,1,1
LC4,CL309,DNp69,1,1,1,1
LC4,CL309,DNp35,1,1,1,1
LC4,CL309,DNp31,1,1,1,1
LC4,CL286,DNp43,1,1,1,1
LC4,CL286,DNp45,1,1,1,1
LC4,CL286,DNp71,1,1,1,1
LC4,CL286,DNpe040,1,1,1,1
LC4,CL303,DNde003,1,1,6,1
LC4,CL303,DNp101,1,1,6,1
LC4,CL303,DNp52,1,1,6,1
LC4,CL303,DNpe043,1,1,6,1
LC4,CL309,DNa16,1,1,1,1
LC4,CL309,DNae002,1,1,1,1
LC4,CL309,DNg01_a,1,1,1,1
LC4,CL309,DNg01_d,1,1,1,1
LC4,CL309,DNg02_a,1,1,1,1
LC4,CL309,DNg02_b,1,1,1,1
LC4,CL309,DNg91,1,1,1,1
LC4,CL309,DNg95,1,1,1,1
LC4,CL309,DNp06,1,1,1,1
LC4,CL309,DNp103,1,1,1,1
LC4,CL309,DNp27,1,1,1,1
LC4,CL367,DNg111,1,1,6,1
LC4,CL367,DNg34,1,1,5,1
LC4,GNG300,DNge043,1,1,60,1
LC4,GNG300,DNg70,1,1,60,1
LC4,GNG300,DNde006,1,1,84,1
LC4,GNG300,DNg09_b,1,1,84,1
LC4,GNG300,DNg104,1,1,60,1
LC4,GNG300,DNg111,1,1,84,1
LC4,GNG300,DNg19,1,1,84,1
LC4,GNG300,DNg20,1,1,60,1
LC4,GNG300,DNg23,1,1,60,1
LC4,GNG300,DNg49,1,1,84,1
LC4,GNG300,DNg52,1,1,60,1
LC4,GNG300,DNg77,1,1,84,1
LC4,CL367,DNg59,1,1,5,1
LC4,GNG300,DNg83,1,1,84,1
LC4,GNG300,DNg97,1,1,84,1
LC4,GNG300,DNg98,1,1,60,1
LC4,GNG300,DNge008,1,1,60,1
LC4,GNG300,DNge018,1,1,60,1
LC4,GNG300,DNge021,1,1,84,1
LC4,GNG300,DNge026,1,1,84,1
LC4,GNG300,DNge027,1,1,60,1
LC4,GNG300,DNge038,1,1,60,1
LC4,CL367,pMP2,1,1,6,1
LC4,CL367,pIP1,1,1,6,1
LC4,CL367,DNpe031,1,1,5,1
LC4,CL367,DNpe020,1,1,5,1
LC4,CL367,DNg69,1,1,5,1
LC4,CL367,DNg77,1,1,6,1
LC4,CL367,DNg95,1,1,5,1
LC4,CL367,DNg98,1,1,6,1
LC4,CL367,DNge032,1,1,6,1
LC4,CL367,DNge079,1,1,6,1
LC4,CL367,DNge129,1,1,6,1
LC4,CL367,DNge132,1,1,6,1
LC4,CL367,DNge136,1,1,6,1
LC4,CL367,DNge141,1,1,5,1
LC4,CL367,DNge147,1,1,5,1
LC4,CL367,DNge148,1,1,5,1
LC4,CL367,DNge149,1,1,6,1
LC4,CL367,DNp05,1,1,6,1
LC4,CL367,DNp08,1,1,5,1
LC4,CL367,DNp23,1,1,6,1
LC4,CL367,DNp38,1,1,5,1
LC4,CL367,DNp43,1,1,5,1
LC4,CL367,DNp68,1,1,5,1
LC4,CB4162,DNp32,1,1,9,1
LC4,CB4162,DNg40,1,1,9,1
LC4,CB4162,DNg104,1,1,9,1
LC4,CB1717,DNp45,1,1,9,1
LC4,CB1649,DNg01_unclear,1,1,1,1
LC4,CB1649,DNg02_f,1,1,1,1
LC4,CB1649,DNg82,1,1,1,1
LC4,CB1649,DNge017,1,1,1,1
LC4,CB1649,DNp05,1,1,1,1
LC4,CB1649,DNp27,1,1,1,1
LC4,CB1649,DNpe021,1,1,1,1
LC4,CB1717,DNa07,1,1,9,1
LC4,CB1717,DNp11,1,1,9,1
LC4,CB1717,DNp55,1,1,5,1
LC4,CB1932,DNpe043,1,1,21,1
LC4,CB1932,DNa07,1,1,21,1
LC4,CB1932,DNae004,1,1,57,1
LC4,CB1932,DNg24,1,1,13,1
LC4,CB1932,DNg40,1,1,55,1
LC4,CB1932,DNge047,1,1,153,1
LC4,CB1932,DNge130,1,1,55,1
LC4,CB1932,DNp45,1,1,153,1
LC4,CB1932,DNp55,1,1,21,1
LC4,CB1932,DNp59,1,1,153,1
LC4,CB1649,DNb09,1,1,1,1
LC4,CB1649,DNa09,1,1,1,1
LC4,CB1638,DNpe031,1,1,13,1
LC4,CB1638,DNp34,1,1,13,1
LC4,CB1498,DNp27,1,1,163,1
LC4,CB1498,DNp32,1,1,211,1
LC4,CB1498,DNpe018,1,1,211,1
LC4,CB1498,DNpe024,1,1,211,1
LC4,CB1498,DNpe025,1,1,211,1
LC4,CB1498,DNpe039,1,1,163,1
LC4,CB1498,DNpe056,1,1,211,1
LC4,CB1557,DNg30,1,1,7,1
LC4,CB1557,DNg81,1,1,7,1
LC4,CB1557,DNge039,1,1,7,1
LC4,CB1557,DNge141,1,1,7,1
LC4,CB1557,DNp06,1,1,7,1
LC4,CB1557,DNp103,1,1,7,1
LC4,CB1557,DNp12,1,1,7,1
LC4,CB1557,DNp30,1,1,7,1
LC4,CB1638,DNg106,1,1,5,1
LC4,CB1638,DNg30,1,1,1,1
LC4,CB1638,DNg56,1,1,5,1
LC4,CB1638,DNp05,1,1,5,1
LC4,CB1932,DNp71,1,1,21,1
LC4,CB1932,DNpe045,1,1,153,1
LC4,CB1498,DNp04,1,1,211,1
LC4,CB2371,DNg32,1,1,44,1
LC4,CB2153,DNge184,1,1,2,1
LC4,CB2153,DNp19,1,1,2,1
LC4,CB2254,DNc01,1,1,8,1
LC4,CB2254,DNp04,1,1,8,1
LC4,CB2254,DNp06,1,1,8,1
LC4,CB2254,DNp27,1,1,8,1
LC4,CB2254,DNp66,1,1,8,1
LC4,CB2254,DNpe031,1,1,8,1
LC4,CB2371,DNd03,1,1,534,1
LC4,CB2371,DNge111,1,1,534,1
LC4,CB1934,,1,1,3,1
LC4,CB2371,DNp12,1,1,44,1
LC4,CB2371,DNp19,1,1,534,1
LC4,CB2371,DNp30,1,1,44,1
LC4,CB2664,,1,1,61,1
LC4,CB2664,DNa07,1,1,61,1
LC4,CB2664,DNb04,1,1,63,1
LC4,CB2664,DNg02_a,1,1,73,1
LC4,CB2664,DNg59,1,1,46,1
LC4,CB2664,DNge039,1,1,63,1
LC4,CB2153,DNge141,1,1,2,1
LC4,CB2153,DNg108,1,1,2,1
LC4,CB2153,DNg106,1,1,2,1
LC4,CB2153,DNg07,1,1,2,1
LC4,CB1934,DNp04,1,1,3,1
LC4,CB1934,DNp27,1,1,3,1
LC4,CB1934,DNp66,1,1,3,1
LC4,CB1934,DNpe020,1,1,3,1
LC4,CB1934,DNpe031,1,1,3,1
LC4,CB1934,DNpe050,1,1,3,1
LC4,CB1948,DNge138,1,1,1,1
LC4,CB1948,DNp06,1,1,2,1
LC4,CB1958,DNae005,1,1,147,1
LC4,CB1958,DNd02,1,1,79,1
LC4,CB1958,DNg79,1,1,55,1
LC4,CB1958,DNge054,1,1,55,1
LC4,CB1958,DNp08,1,1,79,1
LC4,CB1958,DNpe003,1,1,147,1
LC4,CB1958,DNpe005,1,1,79,1
LC4,CB1958,DNpe024,1,1,79,1
LC4,CB2153,,1,1,2,1
LC4,CB2153,DNb05,1,1,2,1
LC4,CB2153,DNg06,1,1,2,1
LC4,CB1498,DNp09,1,1,163,1
LC4,CB1498,DNp02,1,1,211,1
LC4,CB2664,DNge138,1,1,73,1
LC4,Am1,DNp30,1,1,2,1
LC4,AVLP746m,DNp36,1,1,4,1
LC4,AVLP746m,DNp46,1,1,4,1
LC4,AVLP746m,DNpe005,1,1,4,1
LC4,AVLP746m,DNpe040,1,1,4,1
LC4,AVLP762m,DNp13,1,1,1,1
LC4,AVLP762m,DNpe034,1,1,1,1
LC4,AVLP762m,DNpe056,1,1,1,1
LC4,AVLP762m,aSP22,1,1,1,1
LC4,Am1,DNc01,1,1,2,1
LC4,CB0115,DNg40,1,1,1,1
LC4,CB0206,DNa16,1,1,2,1
LC4,CB0115,DNp03,1,1,1,1
LC4,CB0115,DNp103,1,1,1,1
LC4,CB0115,DNp29,1,1,1,1
LC4,CB0115,DNp43,1,1,1,1
LC4,CB0115,DNp70,1,1,1,1
LC4,CB0154,DNp07,1,1,2,1
LC4,CB0154,DNp26,1,1,2,1
LC4,CB0154,DNp43,1,1,2,1
LC4,CB0154,DNpe052,1,1,2,1
LC4,AVLP746m,DNp32,1,1,4,1
LC4,AVLP746m,DNp13,1,1,4,1
LC4,AVLP746m,DNp04,1,1,4,1
LC4,AVLP746m,DNge141,1,1,4,1
LC4,AVLP610,DNpe003,1,1,70,1
LC4,AVLP610,DNpe007,1,1,35,1
LC4,AVLP610,DNpe022,1,1,70,1
LC4,AVLP610,DNpe023,1,1,35,1
LC4,AVLP610,DNpe050,1,1,70,1
LC4,AVLP610,DNpe053,1,1,70,1
LC4,AVLP610,DNxl114,1,1,35,1
LC4,AVLP610,aSP22,1,1,70,1
LC4,AVLP711m,DNa01,1,1,24,1
LC4,AVLP711m,DNa08,1,1,24,1
LC4,AVLP711m,DNp04,1,1,24,1
LC4,AVLP711m,DNp30,1,1,24,1
LC4,AVLP711m,DNp52,1,1,24,1
LC4,AVLP711m,DNp60,1,1,24,1
LC4,AVLP711m,DNp70,1,1,24,1
LC4,AVLP711m,pMP2,1,1,24,1
LC4,AVLP746m,CB0429,1,1,4,1
LC4,AVLP746m,DNg13,1,1,4,1
LC4,AVLP746m,DNge138,1,1,4,1
LC4,CB0206,DNa10,1,1,2,1
LC4,CB0206,DNb04,1,1,2,1
LC4,CB1498,DNb08,1,1,211,1
LC4,CB1314,DNg51,1,1,3,1
LC4,CB1280,DNge113,1,1,66,1
LC4,CB1280,DNge133,1,1,66,1
LC4,CB1280,DNp70,1,1,89,1
LC4,CB1280,DNpe002,1,1,89,1
LC4,CB1314,DNc01,1,1,1,1
LC4,CB1314,DNc02,1,1,3,1
LC4,CB1314,DNg05_a,1,1,4,1
LC4,CB1314,DNg32,1,1,4,1
LC4,CB1314,DNg40,1,1,4,1
LC4,CB1314,DNge011,1,1,4,1
LC4,CB0206,DNge140,1,1,2,1
LC4,CB1314,DNge145,1,1,2,1
LC4,CB1314,DNge148,1,1,2,1
LC4,CB1314,DNge175,1,1,4,1
LC4,CB1314,DNp11,1,1,3,1
LC4,CB1314,DNp12,1,1,4,1
LC4,CB1314,DNp18,1,1,2,1
LC4,CB1314,DNp32,1,1,2,1
LC4,CB1314,DNpe045,1,1,3,1
LC4,CB1498,,1,1,211,1
LC4,CB1280,DNge039,1,1,89,1
LC4,CB1280,DNg30,1,1,66,1
LC4,CB1280,DNg29,1,1,89,1
LC4,CB1280,DNd03,1,1,89,1
LC4,CB0206,DNp06,1,1,2,1
LC4,CB0206,DNp102,1,1,2,1
LC4,CB0206,DNp19,1,1,2,1
LC4,CB0206,DNp46,1,1,2,1
LC4,CB0206,DNpe010,1,1,2,1
LC4,CB0206,DNpe021,1,1,2,1
LC4,CB0206,DNpe053,1,1,2,1
LC4,CB0414,DNge138,1,1,24,1
LC4,CB0414,DNp103,1,1,24,1
LC4,CB0414,pIP1,1,1,24,1
LC4,CB0440,DNg30,1,1,2,1
LC4,CB0440,DNg40,1,1,2,1
LC4,CB0440,DNp04,1,1,2,1
LC4,CB0440,DNp43,1,1,2,1
LC4,CB0440,DNp70,1,1,2,1
LC4,CB0440,DNpe021,1,1,2,1
LC4,CB0738,DNp29,1,1,64,1
LC4,CB0738,DNpe025,1,1,64,1
LC4,CB0738,DNpe031,1,1,64,1
LC4,CB2664,DNge043,1,1,61,1
LC4,CB2664,DNge140,1,1,61,1
LC4,CB4118,DNp69,1,1,5,1
LC4,CB3879,DNp67,1,1,5,1
LC4,CB3682,DNp03,1,1,8,1
LC4,CB3682,DNp54,1,1,8,1
LC4,CB3682,DNp59,1,1,8,1
LC4,CB3879,,1,1,7,1
LC4,CB3879,DNc01,1,1,7,1
LC4,CB3879,DNd04,1,1,7,1
LC4,CB3879,DNp04,1,1,7,1
LC4,CB3879,DNp59,1,1,5,1
LC4,CB3879,DNp64,1,1,5,1
LC4,CB4101,DNa02,1,1,3,1
LC4,CB4101,pIP1,1,1,24,1
LC4,CB4101,DNa04,1,1,3,1
LC4,CB4101,DNa11,1,1,1,1
LC4,CB4101,DNde002,1,1,12,1
LC4,CB4101,DNg102,1,1,12,1
LC4,CB4101,DNg104,1,1,3,1
LC4,CB4101,DNg22,1,1,24,1
LC4,CB4101,DNge018,1,1,12,1
LC4,CB4101,DNge123,1,1,2,1
LC4,CB4101,DNp66,1,1,24,1
LC4,CB3682,DNge180,1,1,8,1
LC4,CB3682,DNge138,1,1,8,1
LC4,CB3682,DNge136,1,1,8,1
LC4,CB3682,DNge127,1,1,8,1
LC4,CB3544,DNp05,1,1,250,1
LC4,CB3544,DNp35,1,1,250,1
LC4,CB3544,DNp55,1,1,267,1
LC4,CB3544,DNp67,1,1,267,1
LC4,CB3588,DNb04,1,1,1,1
LC4,CB3588,DNb05,1,1,1,1
LC4,CB3588,DNg100,1,1,1,1
LC4,CB3588,DNg108,1,1,1,1
LC4,CB3588,DNg24,1,1,1,1
LC4,CB3588,DNg40,1,1,1,1
LC4,CB3588,DNge093,1,1,1,1
LC4,CB3588,DNge138,1,1,1,1
LC4,CB3588,DNp01,1,1,1,1
LC4,CB3682,DNa10,1,1,8,1
LC4,CB3682,DNa13,1,1,8,1
LC4,CB3682,DNg09_a,1,1,8,1
LC4,CB3682,DNg56,1,1,8,1
LC4,CB3682,DNg82,1,1,8,1
LC4,CB3682,DNge094,1,1,8,1
LC4,CB4101,DNpe005,1,1,24,1
LC4,CB4102,DNa07,1,1,48,1
LC4,CB3544,DNg82,1,1,250,1
LC4,CB4103,DNp39,1,1,3,1
LC4,CB4103,DNae010,1,1,12,1
LC4,CB4103,DNg01_b,1,1,12,1
LC4,CB4103,DNg04,1,1,12,1
LC4,CB4103,DNg42,1,1,12,1
LC4,CB4103,DNg44,1,1,3,1
LC4,CB4103,DNg75,1,1,3,1
LC4,CB4103,DNge041,1,1,3,1
LC4,CB4103,DNge054,1,1,3,1
LC4,CB4103,DNp03,1,1,39,1
LC4,CB4103,DNp57,1,1,12,1
LC4,CB4102,DNae007,1,1,47,1
LC4,CB4103,DNpe023,1,1,44,1
LC4,CB4103,DNpe037,1,1,12,1
LC4,CB4118,DNc02,1,1,2,1
LC4,CB4118,DNd02,1,1,2,1
LC4,CB4118,DNg74_a,1,1,1,1
LC4,CB4118,DNge130,1,1,1,1
LC4,CB4118,DNge138,1,1,2,1
LC4,CB4118,DNp05,1,1,8,1
LC4,CB4118,DNp27,1,1,2,1
LC4,CB4103,DNa16,1,1,39,1
LC4,CB4103,DNa13,1,1,3,1
LC4,CB4103,DNa10,1,1,44,1
LC4,CB4103,DNa08,1,1,12,1
LC4,CB4102,DNb04,1,1,48,1
LC4,CB4102,DNg02_c,1,1,61,1
LC4,CB4102,DNg02_d,1,1,47,1
LC4,CB4102,DNg02_e,1,1,62,1
LC4,CB4102,DNg02_f,1,1,11,1
LC4,CB4102,DNg03,1,1,62,1
LC4,CB4102,DNg79,1,1,62,1
LC4,CB4102,DNg97,1,1,62,1
LC4,CB4102,DNge054,1,1,47,1
LC4,CB4102,DNp102,1,1,27,1
LC4,CB4102,DNp14,1,1,61,1
LC4,CB4102,DNp46,1,1,62,1
LC4,CB4102,DNp47,1,1,62,1
LC4,CB4102,DNp64,1,1,62,1
LC4,CB4102,DNp70,1,1,47,1
LC4,CB4102,DNpe005,1,1,47,1
LC4,CB4102,DNpe031,1,1,62,1
LC4,CB4102,DNpe056,1,1,47,1
LC4,CB4103,DNa04,1,1,63,1
LC4,CB3544,DNge073,1,1,267,1
LC4,CB3513,DNpe025,1,1,348,1
LC4,CB2664,DNge145,1,1,46,1
LC4,CB2940,DNp03,1,1,38,1
LC4,CB2940,DNg95,1,1,17,1
LC4,CB2940,DNg99,1,1,17,1
LC4,CB2940,DNge091,1,1,17,1
LC4,CB2940,DNge094,1,1,17,1
LC4,CB2940,DNge130,1,1,17,1
LC4,CB2940,DNge136,1,1,17,1
LC4,CB2940,DNge138,1,1,17,1
LC4,CB2940,DNge141,1,1,17,1
LC4,CB2940,DNge184,1,1,17,1
LC4,CB2940,DNp04,1,1,38,1
LC4,CB3024,DNg09_a,1,1,1,1
LC4,CB2940,DNp19,1,1,38,1
LC4,CB2940,DNp23,1,1,17,1
LC4,CB2940,DNp30,1,1,17,1
LC4,CB2940,DNp33,1,1,38,1
LC4,CB2940,DNp34,1,1,17,1
LC4,CB2940,DNp63,1,1,38,1
LC4,CB2940,DNp69,1,1,38,1
LC4,CB2940,DNp70,1,1,38,1
LC4,CB2940,DNpe042,1,1,38,1
LC4,CB2940,DNg74_a,1,1,17,1
LC4,CB2940,DNg51,1,1,17,1
LC4,CB2940,DNg40,1,1,17,1
LC4,CB2940,DNg111,1,1,17,1
LC4,CB2664,DNge175,1,1,46,1
LC4,CB2664,DNge184,1,1,46,1
LC4,CB2664,DNp27,1,1,73,1
LC4,CB2664,DNp38,1,1,46,1
LC4,CB2664,"DNp51,DNpe019",1,1,63,1
LC4,CB2664,DNpe002,1,1,61,1
LC4,CB2676,DNc02,1,1,6,1
LC4,CB2676,DNde001,1,1,10,1
LC4,CB2676,DNge132,1,1,6,1
LC4,CB2676,DNge138,1,1,6,1
LC4,CB2676,DNp01,1,1,6,1
LC4,CB2676,DNp04,1,1,6,1
LC4,CB2676,DNp11,1,1,10,1
LC4,CB2676,DNp32,1,1,6,1
LC4,CB2676,DNp35,1,1,10,1
LC4,CB2676,DNp43,1,1,6,1
LC4,CB2676,pIP1,1,1,10,1
LC4,CB2940,DNg100,1,1,38,1
LC4,CB2940,DNg106,1,1,17,1
LC4,CB2940,DNpe045,1,1,17,1
LC4,CB3024,DNg24,1,1,1,1
LC4,CB3513,DNp70,1,1,589,1
LC4,CB3400,DNg32,1,1,646,1
LC4,CB3376,DNg02_d,1,1,5,1
LC4,CB3376,DNg95,1,1,3,1
LC4,CB3376,DNge041,1,1,1,1
LC4,CB3376,DNp10,1,1,1,1
LC4,CB3376,DNp18,1,1,3,1
LC4,CB3376,DNp26,1,1,5,1
LC4,CB3376,DNp48,1,1,3,1
LC4,CB3376,DNp54,1,1,3,1
LC4,CB3376,DNpe026,1,1,3,1
LC4,CB3400,DNg56,1,1,646,1
LC4,CB3024,DNge184,1,1,1,1
LC4,CB3400,DNge138,1,1,773,1
LC4,CB3400,DNge145,1,1,646,1
LC4,CB3400,DNp12,1,1,646,1
LC4,CB3400,DNp66,1,1,646,1
LC4,CB3400,DNpe021,1,1,646,1
LC4,CB3400,DNpe031,1,1,646,1
LC4,CB3513,DNg30,1,1,589,1
LC4,CB3513,DNge047,1,1,673,1
LC4,CB3513,DNp27,1,1,682,1
LC4,CB3376,DNg02_c,1,1,5,1
LC4,CB3376,DNg02_b,1,1,3,1
LC4,CB3376,DNae005,1,1,1,1
LC4,CB3376,DNa10,1,1,3,1
LC4,CB3024,DNp05,1,1,1,1
LC4,CB3024,DNp32,1,1,1,1
LC4,CB3201,DNg09_a,1,1,390,1
LC4,CB3201,DNg29,1,1,14,1
LC4,CB3201,DNge138,1,1,270,1
LC4,CB3201,DNp05,1,1,41,1
LC4,CB3201,DNp12,1,1,270,1
LC4,CB3201,DNp42,1,1,390,1
LC4,CB3201,DNp66,1,1,14,1
LC4,CB3201,DNpe052,1,1,390,1
LC4,CB3302,DNa08,1,1,15,1
LC4,CB3302,DNg40,1,1,8,1
LC4,CB3302,DNp103,1,1,8,1
LC4,CB3302,DNp11,1,1,15,1
LC4,CB3302,DNp27,1,1,15,1
LC4,CB3302,DNp34,1,1,8,1
LC4,CB3302,DNp69,1,1,15,1
LC4,CB3302,DNp70,1,1,8,1
LC4,CB3302,DNpe031,1,1,15,1
LC4,PS112,DNg01_a,1,1,2,1
LC4,PS112,DNg91,1,1,2,1
LPLC2,LT77,DNde001,1,1,1,1
LPLC2,CB2940,DNg51,1,1,4,1
LPLC2,CB2676,DNp32,1,1,2,1
LPLC2,CB2676,DNp34,1,1,2,1
LPLC2,CB2676,DNp42,1,1,2,1
LPLC2,CB2676,DNp43,1,1,2,1
LPLC2,CB2676,DNpe056,1,1,2,1
LPLC2,CB2940,DNg100,1,1,19,1
LPLC2,CB2940,DNg106,1,1,4,1
LPLC2,CB2940,DNg111,1,1,4,1
LPLC2,CB2940,DNg40,1,1,4,1
LPLC2,CB2940,DNg74_a,1,1,4,1
LPLC2,CB2676,DNp04,1,1,2,1
LPLC2,CB2940,DNg95,1,1,4,1
LPLC2,CB2940,DNg99,1,1,4,1
LPLC2,CB2940,DNge091,1,1,4,1
LPLC2,CB2940,DNge094,1,1,4,1
LPLC2,CB2940,DNge130,1,1,4,1
LPLC2,CB2940,DNge136,1,1,4,1
LPLC2,CB2940,DNge138,1,1,4,1
LPLC2,CB2940,DNge141,1,1,4,1
LPLC2,CB2940,DNge184,1,1,4,1
LPLC2,CB2676,DNp29,1,1,2,1
LPLC2,CB2676,DNp02,1,1,2,1
LPLC2,CL286,DNa14,1,1,18,1
LPLC2,CB2472,DNge111,1,1,3,1
LPLC2,CB2254,DNp66,1,1,21,1
LPLC2,CB2254,DNpe031,1,1,21,1
LPLC2,CB2371,DNd03,1,1,29,1
LPLC2,CB2371,DNg56,1,1,29,1
LPLC2,CB2371,DNge111,1,1,29,1
LPLC2,CB2371,DNp19,1,1,29,1
LPLC2,CB2472,DNg09_a,1,1,2,1
LPLC2,CB2472,DNg104,1,1,3,1
LPLC2,CB2472,DNg30,1,1,3,1
LPLC2,CB2472,DNge132,1,1,3,1
LPLC2,CB2676,DNp01,1,1,2,1
LPLC2,CB2472,DNp05,1,1,3,1
LPLC2,CB2472,DNp29,1,1,3,1
LPLC2,CB2472,DNpe021,1,1,3,1
LPLC2,CB2472,DNpe031,1,1,3,1
LPLC2,CB2472,DNpe042,1,1,3,1
LPLC2,CB2472,DNpe052,1,1,3,1
LPLC2,CB2676,DNc02,1,1,2,1
LPLC2,CB2676,DNge132,1,1,2,1
LPLC2,CB2676,DNge138,1,1,2,1
LPLC2,CB2940,DNp03,1,1,19,1
LPLC2,CB2940,DNp04,1,1,19,1
LPLC2,CB2940,DNp19,1,1,19,1
LPLC2,CB3513,DNpe025,1,1,33,1
LPLC2,CB3400,DNpe021,1,1,17,1
LPLC2,CB3400,DNpe031,1,1,17,1
LPLC2,CB3411,DNge138,1,1,4,1
LPLC2,CB3411,DNp04,1,1,4,1
LPLC2,CB3411,DNpe052,1,1,4,1
LPLC2,CB3513,DNg30,1,1,22,1
LPLC2,CB3513,DNge047,1,1,43,1
LPLC2,CB3513,DNp27,1,1,36,1
LPLC2,CB3513,DNp70,1,1,22,1
LPLC2,CB3544,DNg82,1,1,8,1
LPLC2,CB2940,DNp23,1,1,4,1
LPLC2,CB3544,DNge073,1,1,6,1
LPLC2,CB3544,DNp05,1,1,8,1
LPLC2,CB3544,DNp35,1,1,8,1
LPLC2,CB3544,DNp55,1,1,6,1
LPLC2,CB3544,DNp67,1,1,6,1
LPLC2,CB3598,DNp27,1,1,1,1
LPLC2,CB4101,DNa02,1,1,49,1
LPLC2,CB4101,DNa04,1,1,49,1
LPLC2,CB4101,DNg100,1,1,49,1
LPLC2,CB3400,DNp66,1,1,17,1
LPLC2,CB3400,DNp12,1,1,17,1
LPLC2,CB3400,DNge145,1,1,17,1
LPLC2,CB3400,DNge138,1,1,7,1
LPLC2,CB2940,DNp30,1,1,4,1
LPLC2,CB2940,DNp33,1,1,19,1
LPLC2,CB2940,DNp34,1,1,4,1
LPLC2,CB2940,DNp63,1,1,19,1
LPLC2,CB2940,DNp69,1,1,19,1
LPLC2,CB2940,DNp70,1,1,19,1
LPLC2,CB2940,DNpe042,1,1,19,1
LPLC2,CB2940,DNpe045,1,1,4,1
LPLC2,CB3019,DNp35,1,1,31,1
LPLC2,CB3019,DNp42,1,1,14,1
LPLC2,CB3019,DNpe026,1,1,14,1
LPLC2,CB3201,DNd03,1,1,1,1
LPLC2,CB3201,DNg09_a,1,1,3,1
LPLC2,CB3201,DNge039,1,1,1,1
LPLC2,CB3201,DNp05,1,1,1,1
LPLC2,CB3201,DNp42,1,1,3,1
LPLC2,CB3201,DNpe052,1,1,3,1
LPLC2,CB3400,DNg32,1,1,17,1
LPLC2,CB3400,DNg56,1,1,17,1
LPLC2,CB2254,DNp27,1,1,21,1
LPLC2,CB2254,DNp06,1,1,21,1
LPLC2,CB2254,DNp04,1,1,21,1
LPLC2,CB1139,DNp30,1,1,5,1
LPLC2,CB0929,DNpe031,1,1,21,1
LPLC2,CB0929,DNpe040,1,1,9,1
LPLC2,CB0929,DNpe052,1,1,27,1
LPLC2,CB0929,DNpe056,1,1,18,1
LPLC2,CB1044,DNpe026,1,1,1,1
LPLC2,CB1088,DNpe040,1,1,1,1
LPLC2,CB1108,DNp64,1,1,8,1
LPLC2,CB1108,DNpe052,1,1,8,1
LPLC2,CB1139,DNge138,1,1,5,1
LPLC2,CB1139,DNp55,1,1,5,1
LPLC2,CB1498,DNpe025,1,1,1,1
LPLC2,CB1340,DNp34,1,1,1,1
LPLC2,CB1498,,1,1,1,1
LPLC2,CB1498,DNb08,1,1,1,1
LPLC2,CB1498,DNp02,1,1,1,1
LPLC2,CB1498,DNp04,1,1,1,1
LPLC2,CB1498,DNp09,1,1,2,1
LPLC2,CB1498,DNp27,1,1,2,1
LPLC2,CB1498,DNp32,1,1,1,1
LPLC2,CB1498,DNpe018,1,1,1,1
LPLC2,CB0929,DNpe021,1,1,27,1
LPLC2,CB0929,DNp30,1,1,1,1
LPLC2,CB0929,DNp06,1,1,18,1
LPLC2,CB0929,DNg104,1,1,27,1
LPLC2,CB0414,DNp103,1,1,15,1
LPLC2,CB0414,pIP1,1,1,15,1
LPLC2,CB0431,DNa10,1,1,16,1
LPLC2,CB0431,DNg01_c,1,1,16,1
LPLC2,CB0431,DNg01_d,1,1,16,1
LPLC2,CB0431,DNg64,1,1,16,1
LPLC2,CB0431,DNg88,1,1,16,1
LPLC2,CB0431,DNg90,1,1,16,1
LPLC2,CB0431,DNge054,1,1,16,1
LPLC2,CB0431,DNp08,1,1,16,1
LPLC2,CB0431,DNp10,1,1,16,1
LPLC2,CB0431,DNp102,1,1,16,1
LPLC2,CB0431,DNp26,1,1,16,1
LPLC2,CB0431,DNpe005,1,1,16,1
LPLC2,CB0431,pIP1,1,1,16,1
LPLC2,CB0738,DNp29,1,1,3,1
LPLC2,CB0738,DNpe025,1,1,3,1
LPLC2,CB0738,DNpe031,1,1,3,1
LPLC2,CB0785,DNp34,1,1,1,1
LPLC2,CB1498,DNpe024,1,1,1,1
LPLC2,CB1498,DNpe039,1,1,2,1
LPLC2,CB2254,DNc01,1,1,21,1
LPLC2,CB1932,DNp04,1,1,2,1
LPLC2,CB1908,DNp06,1,1,1,1
LPLC2,CB1908,DNp103,1,1,5,1
LPLC2,CB1908,DNp11,1,1,5,1
LPLC2,CB1908,DNp32,1,1,5,1
LPLC2,CB1908,DNpe024,1,1,5,1
LPLC2,CB1932,DNg24,1,1,1,1
LPLC2,CB1932,DNg40,1,1,1,1
LPLC2,CB1932,DNge130,1,1,1,1
LPLC2,CB1932,DNp02,1,1,1,1
LPLC2,CB1932,DNp27,1,1,1,1
LPLC2,CB1498,DNpe056,1,1,1,1
LPLC2,CB1932,DNp30,1,1,2,1
LPLC2,CB1932,DNp66,1,1,2,1
LPLC2,CB1932,DNpe039,1,1,2,1
LPLC2,CB1934,DNp30,1,1,1,1
LPLC2,CB1934,DNp35,1,1,1,1
LPLC2,CB1934,DNp43,1,1,1,1
LPLC2,CB1973,DNp103,1,1,1,1
LPLC2,CB1973,DNp66,1,1,1,1
LPLC2,CB1973,DNpe040,1,1,1,1
LPLC2,CB1908,DNge149,1,1,1,1
LPLC2,CB1908,DNge141,1,1,5,1
LPLC2,CB1908,DNg24,1,1,1,1
LPLC2,CB1908,DNg105,1,1,5,1
LPLC2,CB1638,DNg24,1,1,39,1
LPLC2,CB1638,DNg30,1,1,52,1
LPLC2,CB1638,DNge130,1,1,39,1
LPLC2,CB1638,DNp34,1,1,39,1
LPLC2,CB1638,DNp43,1,1,52,1
LPLC2,CB1638,DNpe021,1,1,39,1
LPLC2,CB1638,DNpe042,1,1,52,1
LPLC2,CB1688,DNd04,1,1,114,1
LPLC2,CB1688,DNg30,1,1,114,1
LPLC2,CB1688,MDN,1,1,72,1
LPLC2,CB1717,DNa07,1,1,2,1
LPLC2,CB1717,DNp11,1,1,2,1
LPLC2,CB1717,DNp45,1,1,2,1
LPLC2,CB1717,DNp55,1,1,2,1
LPLC2,CB1852,DNa13,1,1,367,1
LPLC2,CB1852,DNae001,1,1,134,1
LPLC2,CB1852,DNp05,1,1,367,1
LPLC2,CB1852,DNpe052,1,1,134,1
LPLC2,CB1908,DNc02,1,1,1,1
LPLC2,CB4101,DNg13,1,1,49,1
LPLC2,CB4101,DNg88,1,1,49,1
LPLC2,CB4101,DNp27,1,1,49,1
LPLC2,CL140,DNbe006,1,1,81,1
LPLC2,CL053,pIP1,1,1,14,1
LPLC2,CL053,pMP2,1,1,14,1
LPLC2,CL131,DNge030,1,1,1,1
LPLC2,CL131,DNp10,1,1,1,1
LPLC2,CL131,DNpe010,1,1,1,1
LPLC2,CL131,DNpe026,1,1,1,1
LPLC2,CL131,DNpe053,1,1,1,1
LPLC2,CL140,DNb04,1,1,128,1
LPLC2,CL140,DNb05,1,1,81,1
LPLC2,CL140,DNg01_b,1,1,128,1
LPLC2,CL140,DNp34,1,1,128,1
LPLC2,CL140,DNg101,1,1,128,1
LPLC2,CL140,DNg13,1,1,128,1
LPLC2,CL140,DNg82,1,1,128,1
LPLC2,CL140,DNp08,1,1,81,1
LPLC2,CL140,DNp09,1,1,81,1
LPLC2,CL140,DNp10,1,1,81,1
LPLC2,CL140,DNp104,1,1,128,1
LPLC2,CL140,DNp11,1,1,81,1
LPLC2,CL140,DNp16_a,1,1,81,1
LPLC2,CL053,DNpe037,1,1,14,1
LPLC2,CL053,DNpe018,1,1,14,1
LPLC2,CL053,DNpe011,1,1,30,1
LPLC2,CL053,DNpe003,1,1,30,1
LPLC2,CL053,DNa02,1,1,30,1
LPLC2,CL053,DNa03,1,1,30,1
LPLC2,CL053,DNa14,1,1,30,1
LPLC2,CL053,DNb01,1,1,14,1
LPLC2,CL053,DNg02_c,1,1,14,1
LPLC2,CL053,DNg02_e,1,1,30,1
LPLC2,CL053,DNg104,1,1,30,1
LPLC2,CL053,DNg110,1,1,14,1
LPLC2,CL053,DNg26,1,1,14,1
LPLC2,CL053,DNg59,1,1,30,1
LPLC2,CL053,DNge043,1,1,30,1
LPLC2,CL053,DNge053,1,1,14,1
LPLC2,CL053,DNp03,1,1,14,1
LPLC2,CL053,DNp104,1,1,14,1
LPLC2,CL053,DNp15,1,1,30,1
LPLC2,CL053,DNp36,1,1,30,1
LPLC2,CL053,DNp48,1,1,30,1
LPLC2,CL053,DNp49,1,1,14,1
LPLC2,CL053,DNp62,1,1,14,1
LPLC2,CL140,DNp30,1,1,128,1
LPLC2,CL140,DNp43,1,1,81,1
LPLC2,CL038,DNpe039,1,1,1,1
LPLC2,CL213,DNp66,1,1,22,1
LPLC2,CL213,DNg43,1,1,22,1
LPLC2,CL213,DNg70,1,1,23,1
LPLC2,CL213,DNg78,1,1,22,1
LPLC2,CL213,DNge048,1,1,22,1
LPLC2,CL213,DNp36,1,1,23,1
LPLC2,CL213,DNp42,1,1,23,1
LPLC2,CL213,DNp45,1,1,23,1
LPLC2,CL213,DNp59,1,1,23,1
LPLC2,CL213,DNp60,1,1,23,1
LPLC2,CL213,DNp67,1,1,23,1
LPLC2,CL140,DNp49,1,1,128,1
LPLC2,CL213,DNpe024,1,1,23,1
LPLC2,CL213,DNpe025,1,1,23,1
LPLC2,CL213,DNpe031,1,1,23,1
LPLC2,CL266_a3,DNb09,1,1,4,1
LPLC2,CL266_a3,DNp26,1,1,4,1
LPLC2,CL266_a3,DNp30,1,1,4,1
LPLC2,CL266_a3,DNp45,1,1,4,1
LPLC2,CL266_a3,DNp62,1,1,4,1
LPLC2,CL266_a3,DNpe040,1,1,4,1
LPLC2,CL213,DNg39,1,1,23,1
LPLC2,CL213,DNg24,1,1,22,1
LPLC2,CL213,DNg22,1,1,22,1
LPLC2,CL213,DNg12_h,1,1,23,1
LPLC2,CL140,DNp60,1,1,128,1
LPLC2,CL140,DNp68,1,1,81,1
LPLC2,CL140,DNp70,1,1,128,1
LPLC2,CL140,DNpe010,1,1,81,1
LPLC2,CL140,DNpe039,1,1,128,1
LPLC2,CL140,DNpe043,1,1,81,1
LPLC2,CL140,DNpe050,1,1,128,1
LPLC2,CL203,DNd03,1,1,1,1
LPLC2,CL203,DNd05,1,1,1,1
LPLC2,CL203,DNge048,1,1,1,1
LPLC2,CL203,DNge103,1,1,1,1
LPLC2,CL203,DNge124,1,1,1,1
LPLC2,CL203,DNge139,1,1,1,1
LPLC2,CL203,DNge142,1,1,1,1
LPLC2,CL203,DNp13,1,1,1,1
LPLC2,CL203,DNpe024,1,1,1,1
LPLC2,CL203,DNpe039,1,1,1,1
LPLC2,CL203,DNpe045,1,1,1,1
LPLC2,CL213,DNg104,1,1,22,1
LPLC2,CL038,DNpe040,1,1,4,1
LPLC2,CL038,DNp66,1,1,4,1
LPLC2,CB4102,DNa07,1,1,4,1
LPLC2,CB4170,DNpe040,1,1,7,1
LPLC2,CB4163,DNp29,1,1,47,1
LPLC2,CB4163,DNpe052,1,1,28,1
LPLC2,CB4168,DNg104,1,1,1,1
LPLC2,CB4168,DNp32,1,1,1,1
LPLC2,CB4168,DNp55,1,1,1,1
LPLC2,CB4168,DNp66,1,1,23,1
LPLC2,CB4168,DNpe040,1,1,23,1
LPLC2,CB4170,DNp04,1,1,7,1
LPLC2,CB4170,DNp70,1,1,1,1
LPLC2,CB4176,DNg08,1,1,1,1
LPLC2,CB4179,DNb05,1,1,2,1
LPLC2,CB4176,DNg40,1,1,1,1
LPLC2,CB4176,DNg51,1,1,1,1
LPLC2,CB4176,DNge039,1,1,1,1
LPLC2,CB4176,DNge181,1,1,1,1
LPLC2,CB4176,DNge184,1,1,1,1
LPLC2,CB4176,DNp02,1,1,1,1
LPLC2,CB4176,DNp06,1,1,1,1
LPLC2,CB4176,DNp30,1,1,1,1
LPLC2,CB4176,DNp55,1,1,1,1
LPLC2,CB4163,DNg104,1,1,30,1
LPLC2,CB4162,pIP1,1,1,4,1
LPLC2,CB4162,DNp55,1,1,31,1
LPLC2,CB4162,DNp42,1,1,31,1
LPLC2,CB4102,DNa10,1,1,4,1
LPLC2,CB4102,DNb04,1,1,4,1
LPLC2,CB4102,DNb05,1,1,9,1
LPLC2,CB4102,DNg01_d,1,1,4,1
LPLC2,CB4102,DNg02_e,1,1,9,1
LPLC2,CB4102,DNg03,1,1,9,1
LPLC2,CB4102,DNg110,1,1,4,1
LPLC2,CB4102,DNg79,1,1,9,1
LPLC2,CB4102,DNg97,1,1,9,1
LPLC2,CB4102,DNp46,1,1,9,1
LPLC2,CB4102,DNp47,1,1,9,1
LPLC2,CB4102,DNp64,1,1,9,1
LPLC2,CB4102,DNpe031,1,1,9,1
LPLC2,CB4102,aSP22,1,1,9,1
LPLC2,CB4116,DNa14,1,1,12,1
LPLC2,CB4116,pMP2,1,1,12,1
LPLC2,CB4162,DNa06,1,1,26,1
LPLC2,CB4162,DNg104,1,1,4,1
LPLC2,CB4162,DNp32,1,1,4,1
LPLC2,CB4176,DNpe052,1,1,1,1
LPLC2,CB4179,DNg15,1,1,1,1
LPLC2,CL038,DNp43,1,1,4,1
LPLC2,CL022_c,DNge090,1,1,1,1
LPLC2,CL022_b,DNp16_a,1,1,26,1
LPLC2,CL022_b,DNp27,1,1,27,1
LPLC2,CL022_b,DNp42,1,1,26,1
LPLC2,CL022_b,DNp46,1,1,27,1
LPLC2,CL022_b,DNp64,1,1,26,1
LPLC2,CL022_b,DNp70,1,1,27,1
LPLC2,CL022_b,DNpe039,1,1,27,1
LPLC2,CL022_c,DNbe002,1,1,1,1
LPLC2,CL022_c,DNg106,1,1,1,1
LPLC2,CL022_c,DNge140,1,1,1,1
LPLC2,CB4179,DNg40,1,1,4,1
LPLC2,CL022_c,DNp70,1,1,1,1
LPLC2,CL022_c,DNp73,1,1,1,1
LPLC2,CL022_c,DNpe039,1,1,1,1
LPLC2,CL038,DNb09,1,1,1,1
LPLC2,CL038,DNg03,1,1,1,1
LPLC2,CL038,DNp02,1,1,4,1
LPLC2,CL038,DNp101,1,1,1,1
LPLC2,CL038,DNp32,1,1,1,1
LPLC2,CL038,DNp35,1,1,4,1
LPLC2,CL022_b,DNp14,1,1,27,1
LPLC2,CL022_b,DNp104,1,1,26,1
LPLC2,CL022_b,DNp07,1,1,27,1
LPLC2,CL022_b,DNg82,1,1,27,1
LPLC2,CB4179,DNg87,1,1,2,1
LPLC2,CB4179,DNge011,1,1,2,1
LPLC2,CB4179,DNge027,1,1,2,1
LPLC2,CB4179,DNge054,1,1,1,1
LPLC2,CB4179,DNp05,1,1,2,1
LPLC2,CB4179,DNp30,1,1,4,1
LPLC2,CB4179,DNp32,1,1,2,1
LPLC2,CB4179,DNp55,1,1,4,1
LPLC2,CB4179,DNp71,1,1,2,1
LPLC2,CB4179,DNpe045,1,1,2,1
LPLC2,CB4179,pIP1,1,1,2,1
LPLC2,CB4180,DNp03,1,1,2,1
LPLC2,CB4180,DNp04,1,1,2,1
LPLC2,CB4180,DNp06,1,1,2,1
LPLC2,CB4245,DNp66,1,1,4,1
LPLC2,CB4245,DNpe031,1,1,4,1
LPLC2,CL022_a,DNp23,1,1,1,1
LPLC2,CL022_a,DNp66,1,1,1,1
LPLC2,CL022_a,DNpe039,1,1,1,1
LPLC2,CB0414,DNge138,1,1,15,1
LPLC2,CB0280,DNp42,1,1,1,1
LPLC2,CB0280,DNp103,1,1,1,1
LPLC2,AVLP507,DNp09,1,1,1,1
LPLC2,AVLP500,DNp43,1,1,1642,1
LPLC2,AVLP501,DNg29,1,1,2,1
LPLC2,AVLP501,DNp35,1,1,2,1
LPLC2,AVLP501,DNp70,1,1,2,1
LPLC2,AVLP501,DNpe031,1,1,2,1
LPLC2,AVLP504,DNde001,1,1,1,1
LPLC2,AVLP504,DNg40,1,1,1,1
LPLC2,AVLP504,DNp30,1,1,1,1
LPLC2,AVLP504,DNp46,1,1,1,1
LPLC2,AVLP507,DNp35,1,1,1,1
LPLC2,AVLP531,DNbe002,1,1,3025,1
LPLC2,AVLP507,DNp64,1,1,1,1
LPLC2,AVLP509,DNc01,1,1,2,1
LPLC2,AVLP509,DNc02,1,1,9,1
LPLC2,AVLP509,DNp42,1,1,9,1
LPLC2,AVLP509,DNp66,1,1,9,1
LPLC2,AVLP509,DNp70,1,1,2,1
LPLC2,AVLP517,DNp38,1,1,67,1
LPLC2,AVLP531,DNa14,1,1,3025,1
LPLC2,AVLP531,DNae008,1,1,3025,1
LPLC2,AVLP500,DNp35,1,1,1642,1
LPLC2,AVLP500,DNp34,1,1,1642,1
LPLC2,AVLP500,DNp09,1,1,1076,1
LPLC2,AVLP500,DNp01,1,1,1076,1
LPLC2,AVLP476,DNp73,1,1,7,1
LPLC2,AVLP476,DNpe020,1,1,7,1
LPLC2,AVLP476,DNpe021,1,1,7,1
LPLC2,AVLP476,DNpe024,1,1,7,1
LPLC2,AVLP476,DNpe039,1,1,7,1
LPLC2,AVLP479,DNd03,1,1,1427,1
LPLC2,AVLP479,DNp101,1,1,1001,1
LPLC2,AVLP479,DNp29,1,1,1097,1
LPLC2,AVLP479,DNp69,1,1,1454,1
LPLC2,AVLP479,DNp71,1,1,1097,1
LPLC2,AVLP479,DNpe040,1,1,1427,1
LPLC2,AVLP490,DNg104,1,1,4,1
LPLC2,AVLP490,DNp32,1,1,5,1
LPLC2,AVLP490,DNp70,1,1,2,1
LPLC2,AVLP490,DNpe031,1,1,2,1
LPLC2,AVLP490,pIP1,1,1,4,1
LPLC2,AVLP492,DNp09,1,1,1,1
LPLC2,AVLP500,,1,1,1076,1
LPLC2,AVLP500,DNg104,1,1,1642,1
LPLC2,AVLP531,DNb05,1,1,1610,1
LPLC2,AVLP531,DNd03,1,1,3025,1
LPLC2,AVLP476,DNp59,1,1,7,1
LPLC2,AVLP538,DNp59,1,1,11,1
LPLC2,AVLP538,DNa01,1,1,29,1
LPLC2,AVLP538,DNa06,1,1,29,1
LPLC2,AVLP538,DNa08,1,1,29,1
LPLC2,AVLP538,DNa11,1,1,29,1
LPLC2,AVLP538,DNae002,1,1,29,1
LPLC2,AVLP538,DNc02,1,1,29,1
LPLC2,AVLP538,DNge032,1,1,11,1
LPLC2,AVLP538,DNp06,1,1,29,1
LPLC2,AVLP538,DNp29,1,1,11,1
LPLC2,AVLP538,DNp60,1,1,29,1
LPLC2,AVLP531,DNg03,1,1,1610,1
LPLC2,AVLP538,DNpe037,1,1,29,1
LPLC2,AVLP538,DNpe043,1,1,11,1
LPLC2,AVLP538,DNpe053,1,1,29,1
LPLC2,AVLP539,CB0429,1,1,1,1
LPLC2,AVLP539,DNge032,1,1,1,1
LPLC2,AVLP539,DNp27,1,1,1,1
LPLC2,AVLP539,DNp43,1,1,1,1
LPLC2,AVLP539,DNpe024,1,1,1,1
LPLC2,AVLP539,DNpe026,1,1,1,1
LPLC2,AVLP537,DNpe042,1,1,3,1
LPLC2,AVLP537,DNpe039,1,1,8,1
LPLC2,AVLP537,DNpe025,1,1,3,1
LPLC2,AVLP537,DNp32,1,1,3,1
LPLC2,AVLP531,DNg30,1,1,1610,1
LPLC2,AVLP531,DNp11,1,1,1610,1
LPLC2,AVLP531,DNp24,1,1,3025,1
LPLC2,AVLP531,DNp30,1,1,3025,1
LPLC2,AVLP531,DNp55,1,1,1610,1
LPLC2,AVLP531,DNp57,1,1,1610,1
LPLC2,AVLP531,DNpe006,1,1,3025,1
LPLC2,AVLP531,DNpe024,1,1,1610,1
LPLC2,AVLP531,DNpe031,1,1,3025,1
LPLC2,AVLP531,DNpe045,1,1,3025,1
LPLC2,AVLP531,DNpe053,1,1,3025,1
LPLC2,AVLP531,DNpe056,1,1,1610,1
LPLC2,AVLP531,pIP10,1,1,3025,1
LPLC2,AVLP536,DNg104,1,1,1,1
LPLC2,AVLP536,DNp27,1,1,1,1
LPLC2,AVLP536,DNp66,1,1,1,1
LPLC2,AVLP536,DNpe021,1,1,1,1
LPLC2,AVLP536,DNpe056,1,1,1,1
LPLC2,AVLP537,DNp06,1,1,8,1
LPLC2,AVLP476,DNp67,1,1,7,1
LPLC2,AVLP476,DNp46,1,1,7,1
LPLC2,AVLP539,DNpe056,1,1,1,1
LPLC2,AVLP430,DNpe031,1,1,68,1
LPLC2,AVLP429,DNb09,1,1,24,1
LPLC2,AVLP429,DNg106,1,1,28,1
LPLC2,AVLP429,DNp03,1,1,28,1
LPLC2,AVLP429,DNp05,1,1,28,1
LPLC2,AVLP429,DNp45,1,1,24,1
LPLC2,AVLP429,DNpe024,1,1,24,1
LPLC2,AVLP430,DNb05,1,1,77,1
LPLC2,AVLP430,DNp103,1,1,68,1
LPLC2,AVLP430,DNpe021,1,1,68,1
LPLC2,AVLP430,DNpe040,1,1,68,1
LPLC2,AVLP449,DNpe024,1,1,1,1
LPLC2,AVLP437,DNg104,1,1,3,1
LPLC2,AVLP437,DNg30,1,1,2,1
LPLC2,AVLP437,DNge054,1,1,3,1
LPLC2,AVLP437,DNp34,1,1,3,1
LPLC2,AVLP437,DNpe021,1,1,2,1
LPLC2,AVLP437,DNpe025,1,1,2,1
LPLC2,AVLP437,DNpe040,1,1,2,1
LPLC2,AVLP449,DNp04,1,1,1,1
LPLC2,AVLP449,DNp23,1,1,1,1
LPLC2,AVLP398,DNpe042,1,1,1,1
LPLC2,AVLP398,DNp42,1,1,1,1
LPLC2,AVLP398,DNge032,1,1,1,1
LPLC2,AVLP398,DNg81,1,1,1,1
LPLC2,AVLP370_a,DNa11,1,1,61,1
LPLC2,AVLP370_a,DNae001,1,1,147,1
LPLC2,AVLP370_a,DNbe006,1,1,61,1
LPLC2,AVLP370_a,DNp35,1,1,147,1
LPLC2,AVLP370_a,DNp42,1,1,61,1
LPLC2,AVLP370_a,DNp62,1,1,147,1
LPLC2,AVLP370_a,DNpe024,1,1,61,1
LPLC2,AVLP370_a,DNpe040,1,1,61,1
LPLC2,AVLP370_a,DNpe052,1,1,147,1
LPLC2,AVLP396,DNp04,1,1,497,1
LPLC2,AVLP396,DNpe026,1,1,425,1
LPLC2,AVLP396,DNpe031,1,1,497,1
LPLC2,AVLP396,DNpe040,1,1,497,1
LPLC2,AVLP396,DNpe052,1,1,497,1
LPLC2,AVLP398,DNg09_b,1,1,1,1
LPLC2,AVLP398,DNg12_e,1,1,1,1
LPLC2,AVLP398,DNg29,1,1,1,1
LPLC2,AVLP398,DNg40,1,1,1,1
LPLC2,AVLP398,DNg57,1,1,1,1
LPLC2,AVLP449,DNp67,1,1,1,1
LPLC2,AVLP449,DNpe031,1,1,1,1
LPLC2,AVLP476,DNp18,1,1,7,1
LPLC2,AVLP476,DNg55,1,1,7,1
LPLC2,AVLP476,DNa11,1,1,7,1
LPLC2,AVLP476,DNb05,1,1,7,1
LPLC2,AVLP476,DNc02,1,1,7,1
LPLC2,AVLP476,DNd03,1,1,7,1
LPLC2,AVLP476,DNd05,1,1,7,1
LPLC2,AVLP476,DNg100,1,1,7,1
LPLC2,AVLP476,DNg101,1,1,7,1
LPLC2,AVLP476,DNg102,1,1,7,1
LPLC2,AVLP476,DNg30,1,1,7,1
LPLC2,AVLP476,DNg74_a,1,1,7,1
LPLC2,AVLP449,DNpe037,1,1,1,1
LPLC2,AVLP476,DNg86,1,1,7,1
LPLC2,AVLP476,DNge046,1,1,7,1
LPLC2,AVLP476,DNge047,1,1,7,1
LPLC2,AVLP476,DNge059,1,1,7,1
LPLC2,AVLP476,DNge139,1,1,7,1
LPLC2,AVLP476,DNge141,1,1,7,1
LPLC2,AVLP476,DNp02,1,1,7,1
LPLC2,AVLP476,DNp04,1,1,7,1
LPLC2,AVLP476,DNp101,1,1,7,1
LPLC2,AVLP452,DNpe053,1,1,2,1
LPLC2,AVLP452,DNpe039,1,1,2,1
LPLC2,AVLP452,DNpe031,1,1,2,1
LPLC2,AVLP452,DNpe020,1,1,2,1
LPLC2,AVLP449,DNpe050,1,1,1,1
LPLC2,AVLP449,DNpe053,1,1,1,1
LPLC2,AVLP452,DNa11,1,1,2,1
LPLC2,AVLP452,DNb05,1,1,2,1
LPLC2,AVLP452,DNbe002,1,1,2,1
LPLC2,AVLP452,DNbe006,1,1,2,1
LPLC2,AVLP452,DNd03,1,1,2,1
LPLC2,AVLP452,DNg24,1,1,2,1
LPLC2,AVLP452,DNg29,1,1,2,1
LPLC2,AVLP452,DNg30,1,1,2,1
LPLC2,AVLP452,DNge018,1,1,2,1
LPLC2,AVLP452,DNge054,1,1,2,1
LPLC2,AVLP452,DNge130,1,1,2,1
LPLC2,AVLP452,DNge133,1,1,2,1
LPLC2,AVLP452,DNge141,1,1,2,1
LPLC2,AVLP452,DNp32,1,1,2,1
LPLC2,AVLP452,DNp43,1,1,2,1
LPLC2,AVLP452,DNp68,1,1,2,1
LPLC2,AVLP452,DNp71,1,1,2,1
LPLC2,AVLP539,DNpe050,1,1,1,1
LPLC2,AVLP543,DNg29,1,1,5,1
LPLC2,CB0280,DNp06,1,1,1,1
LPLC2,AVLP711m,DNpe034,1,1,42,1
LPLC2,AVLP711m,DNa13,1,1,42,1
LPLC2,AVLP711m,DNg111,1,1,42,1
LPLC2,AVLP711m,DNg30,1,1,42,1
LPLC2,AVLP711m,DNp04,1,1,190,1
LPLC2,AVLP711m,DNp27,1,1,137,1
LPLC2,AVLP711m,DNp60,1,1,190,1
LPLC2,AVLP711m,DNp71,1,1,42,1
LPLC2,AVLP711m,DNpe021,1,1,42,1
LPLC2,AVLP711m,DNpe031,1,1,137,1
LPLC2,AVLP711m,DNpe040,1,1,137,1
LPLC2,AVLP720m,DNp32,1,1,1,1
LPLC2,AVLP720m,DNae001,1,1,1,1
LPLC2,AVLP720m,DNg13,1,1,1,1
LPLC2,AVLP720m,DNg29,1,1,1,1
LPLC2,AVLP720m,DNg35,1,1,1,1
LPLC2,AVLP720m,DNg40,1,1,1,1
LPLC2,AVLP720m,DNge032,1,1,1,1
LPLC2,AVLP720m,DNge047,1,1,1,1
LPLC2,AVLP720m,DNp02,1,1,1,1
LPLC2,AVLP720m,DNp29,1,1,1,1
LPLC2,AVLP711m,DNa01,1,1,190,1
LPLC2,AVLP711m,,1,1,42,1
LPLC2,AVLP708m,DNpe048,1,1,6,1
LPLC2,AVLP708m,DNpe042,1,1,6,1
LPLC2,AVLP610,DNpe007,1,1,6,1
LPLC2,AVLP610,DNpe022,1,1,2,1
LPLC2,AVLP610,DNpe023,1,1,6,1
LPLC2,AVLP610,DNpe050,1,1,2,1
LPLC2,AVLP610,DNpe053,1,1,2,1
LPLC2,AVLP610,DNxl114,1,1,6,1
LPLC2,AVLP610,aSP22,1,1,2,1
LPLC2,AVLP705m,DNp05,1,1,1,1
LPLC2,AVLP705m,DNp11,1,1,1,1
LPLC2,AVLP705m,DNp45,1,1,1,1
LPLC2,AVLP705m,DNpe053,1,1,1,1
LPLC2,AVLP708m,DNa04,1,1,6,1
LPLC2,AVLP708m,DNg13,1,1,6,1
LPLC2,AVLP708m,DNge083,1,1,6,1
LPLC2,AVLP708m,DNp10,1,1,6,1
LPLC2,AVLP708m,DNp104,1,1,6,1
LPLC2,AVLP708m,DNp13,1,1,6,1
LPLC2,AVLP708m,DNp63,1,1,6,1
LPLC2,AVLP708m,DNpe001,1,1,6,1
LPLC2,AVLP720m,DNp30,1,1,1,1
LPLC2,AVLP720m,DNp60,1,1,1,1
LPLC2,AVLP610,DNp64,1,1,6,1
LPLC2,CB0128,DNp29,1,1,14,1
LPLC2,CB0128,DNg104,1,1,14,1
LPLC2,CB0128,DNg34,1,1,14,1
LPLC2,CB0128,DNg69,1,1,14,1
LPLC2,CB0128,DNg74_b,1,1,14,1
LPLC2,CB0128,DNge082,1,1,14,1
LPLC2,CB0128,DNge129,1,1,14,1
LPLC2,CB0128,DNge139,1,1,14,1
LPLC2,CB0128,DNp101,1,1,14,1
LPLC2,CB0128,DNp103,1,1,14,1
LPLC2,CB0128,DNp52,1,1,14,1
LPLC2,AVLP720m,DNp66,1,1,1,1
LPLC2,CB0128,DNp67,1,1,14,1
LPLC2,CB0128,DNp70,1,1,14,1
LPLC2,CB0128,DNpe026,1,1,14,1
LPLC2,CB0128,DNpe040,1,1,14,1
LPLC2,CB0128,DNpe043,1,1,14,1
LPLC2,CB0128,DNpe045,1,1,14,1
LPLC2,CB0128,DNpe048,1,1,14,1
LPLC2,CB0128,MDN,1,1,14,1
LPLC2,CB0280,DNbe001,1,1,1,1
LPLC2,CB0128,DNg102,1,1,14,1
LPLC2,CB0128,DNg100,1,1,14,1
LPLC2,CB0128,DNa13,1,1,14,1
LPLC2,CB0115,DNpe056,1,1,12,1
LPLC2,AVLP720m,DNpe052,1,1,1,1
LPLC2,AVLP746m,DNg111,1,1,21,1
LPLC2,AVLP746m,DNg75,1,1,21,1
LPLC2,AVLP746m,DNge032,1,1,21,1
LPLC2,AVLP746m,DNge138,1,1,21,1
LPLC2,AVLP746m,DNp27,1,1,1,1
LPLC2,AVLP746m,DNp46,1,1,1,1
LPLC2,AVLP746m,DNp55,1,1,1,1
LPLC2,AVLP746m,DNpe031,1,1,21,1
LPLC2,AVLP746m,DNpe042,1,1,21,1
LPLC2,AVLP746m,DNpe056,1,1,21,1
LPLC2,CB0115,DNde006,1,1,8,1
LPLC2,CB0115,DNg40,1,1,20,1
LPLC2,CB0115,DNge032,1,1,44,1
LPLC2,CB0115,DNge124,1,1,25,1
LPLC2,CB0115,DNp09,1,1,8,1
LPLC2,CB0115,DNp29,1,1,20,1
LPLC2,CB0115,DNp43,1,1,15,1
LPLC2,CB0115,DNpe031,1,1,8,1
LPLC2,AVLP610,DNpe003,1,1,2,1
LPLC2,AVLP610,DNp60,1,1,6,1
LPLC2,AVLP552,DNp06,1,1,1,1
LPLC2,AVLP593,DNg30,1,1,1,1
LPLC2,AVLP592,DNp27,1,1,81,1
LPLC2,AVLP592,DNp32,1,1,81,1
LPLC2,AVLP592,DNpe025,1,1,81,1
LPLC2,AVLP592,DNpe050,1,1,81,1
LPLC2,AVLP593,DNb05,1,1,1,1
LPLC2,AVLP593,DNb08,1,1,1,1
LPLC2,AVLP593,DNbe007,1,1,1,1
LPLC2,AVLP593,DNg100,1,1,1,1
LPLC2,AVLP593,DNg29,1,1,1,1
LPLC2,AVLP593,DNg34,1,1,1,1
LPLC2,AVLP593,DNp71,1,1,1,1
LPLC2,AVLP593,DNge103,1,1,1,1
LPLC2,AVLP593,DNge136,1,1,1,1
LPLC2,AVLP593,DNge145,1,1,1,1
LPLC2,AVLP593,DNge148,1,1,1,1
LPLC2,AVLP593,DNp04,1,1,1,1
LPLC2,AVLP593,DNp08,1,1,1,1
LPLC2,AVLP593,DNp30,1,1,1,1
LPLC2,AVLP593,DNp43,1,1,1,1
LPLC2,AVLP593,DNp56,1,1,1,1
LPLC2,AVLP592,DNc02,1,1,81,1
LPLC2,AVLP591,DNp66,1,1,9,1
LPLC2,AVLP591,DNp101,1,1,9,1
LPLC2,AVLP591,DNge103,1,1,9,1
LPLC2,AVLP552,DNp101,1,1,2,1
LPLC2,AVLP552,DNp35,1,1,2,1
LPLC2,AVLP552,DNp43,1,1,1,1
LPLC2,AVLP572,DNp101,1,1,1,1
LPLC2,AVLP572,DNp32,1,1,1,1
LPLC2,AVLP572,DNp34,1,1,1,1
LPLC2,AVLP572,DNp43,1,1,1,1
LPLC2,AVLP572,DNp59,1,1,1,1
LPLC2,AVLP572,DNpe026,1,1,1,1
LPLC2,AVLP572,DNpe040,1,1,1,1
LPLC2,AVLP572,DNpe056,1,1,1,1
LPLC2,AVLP577,DNp13,1,1,17,1
LPLC2,AVLP577,DNp27,1,1,7,1
LPLC2,AVLP577,DNp42,1,1,7,1
LPLC2,AVLP577,DNpe042,1,1,17,1
LPLC2,AVLP591,DNa07,1,1,9,1
LPLC2,AVLP591,DNa09,1,1,8,1
LPLC2,AVLP591,DNa11,1,1,9,1
LPLC2,AVLP591,DNae009,1,1,9,1
LPLC2,AVLP593,DNp68,1,1,1,1
LPLC2,AVLP593,DNpe001,1,1,1,1
LPLC2,AVLP610,DNp52,1,1,6,1
LPLC2,AVLP610,DNge103,1,1,2,1
LPLC2,AVLP610,DNg26,1,1,2,1
LPLC2,AVLP610,DNg29,1,1,6,1
LPLC2,AVLP610,DNg34,1,1,6,1
LPLC2,AVLP610,DNg35,1,1,2,1
LPLC2,AVLP610,DNg68,1,1,2,1
LPLC2,AVLP610,DNg75,1,1,2,1
LPLC2,AVLP610,DNge010,1,1,2,1
LPLC2,AVLP610,DNge046,1,1,6,1
LPLC2,AVLP610,DNge083,1,1,2,1
LPLC2,AVLP610,DNge119,1,1,6,1
LPLC2,AVLP593,DNpe003,1,1,1,1
LPLC2,AVLP610,DNge123,1,1,6,1
LPLC2,AVLP610,DNge137,1,1,2,1
LPLC2,AVLP610,DNge143,1,1,2,1
LPLC2,AVLP610,DNp05,1,1,2,1
LPLC2,AVLP610,DNp09,1,1,2,1
LPLC2,AVLP610,DNp101,1,1,2,1
LPLC2,AVLP610,DNp104,1,1,2,1
LPLC2,AVLP610,DNp14,1,1,6,1
LPLC2,AVLP610,DNp36,1,1,2,1
LPLC2,AVLP610,DNg22,1,1,6,1
LPLC2,AVLP610,DNg102,1,1,2,1
LPLC2,AVLP610,DNg101,1,1,6,1
LPLC2,AVLP610,DNde007,1,1,6,1
LPLC2,AVLP593,DNpe031,1,1,1,1
LPLC2,AVLP593,DNpe040,1,1,1,1
LPLC2,AVLP593,DNpe042,1,1,1,1
LPLC2,AVLP609,DNg09_b,1,1,9,1
LPLC2,AVLP609,DNg106,1,1,9,1
LPLC2,AVLP609,DNg29,1,1,9,1
LPLC2,AVLP609,DNg56,1,1,9,1
LPLC2,AVLP609,DNge049,1,1,9,1
LPLC2,AVLP609,DNp103,1,1,9,1
LPLC2,AVLP609,DNp12,1,1,9,1
LPLC2,AVLP609,DNp38,1,1,9,1
LPLC2,AVLP609,DNp66,1,1,9,1
LPLC2,AVLP609,DNp69,1,1,9,1
LPLC2,AVLP609,DNp71,1,1,9,1
LPLC2,AVLP609,DNpe052,1,1,9,1
LPLC2,AVLP610,DNb05,1,1,6,1
LPLC2,AVLP610,DNc02,1,1,2,1
LPLC2,AVLP610,DNd03,1,1,2,1
LPLC2,AVLP610,DNde001,1,1,2,1
LPLC2,CL286,DNa08,1,1,7,1
LPLC2,CL286,DNbe001,1,1,18,1
LPLC2,AVLP370_a,DNa05,1,1,61,1
LPLC2,LPT50,DNge095,1,1,61,1
LPLC2,LPT49,DNpe012_b,1,1,2,1
LPLC2,LPT49,DNpe013,1,1,2,1
LPLC2,LPT49,DNpe055,1,1,4,1
LPLC2,LPT50,DNae009,1,1,61,1
LPLC2,LPT50,DNbe005,1,1,52,1
LPLC2,LPT50,DNg18_b,1,1,52,1
LPLC2,LPT50,DNg49,1,1,61,1
LPLC2,LPT50,DNg99,1,1,61,1
LPLC2,LPT50,DNge072,1,1,52,1
LPLC2,LPT50,DNge108,1,1,61,1
LPLC2,LPT49,DNg06,1,1,4,1
LPLC2,LPT50,DNge117,1,1,61,1
LPLC2,LPT50,DNge183,1,1,61,1
LPLC2,LPT50,DNp21,1,1,52,1
LPLC2,LPT50,DNp27,1,1,61,1
LPLC2,LPT50,DNp54,1,1,61,1
LPLC2,LPT50,DNpe009,1,1,61,1
LPLC2,LPT50,DNpe012_b,1,1,61,1
LPLC2,LPT50,DNpe013,1,1,52,1
LPLC2,LPT51,DNbe001,1,1,1,1
LPLC2,LPT49,DNp47,1,1,4,1
LPLC2,LPT49,DNg02_a,1,1,4,1
LPLC2,CL286,DNde007,1,1,18,1
LPLC2,LPT30,DNg92_b,1,1,1,1
LPLC2,LPT29,DNp04,1,1,4,1
LPLC2,LPT29,DNp26,1,1,8,1
LPLC2,LPT29,DNp27,1,1,8,1
LPLC2,LPT29,DNp29,1,1,8,1
LPLC2,LPT29,DNp55,1,1,4,1
LPLC2,LPT29,DNpe042,1,1,4,1
LPLC2,LPT29,DNpe052,1,1,8,1
LPLC2,LPT30,DNa10,1,1,1,1
LPLC2,LPT30,DNg32,1,1,4,1
LPLC2,LPT30,DNp54,1,1,1,1
LPLC2,LPT49,DNb04,1,1,4,1
LPLC2,LPT30,DNpe010,1,1,4,1
LPLC2,LPT31,DNbe001,1,1,1,1
LPLC2,LPT31,DNbe006,1,1,4,1
LPLC2,LPT31,DNg09_a,1,1,2,1
LPLC2,LPT31,DNg36_a,1,1,2,1
LPLC2,LPT31,DNpe013,1,1,1,1
LPLC2,LPT31,DNpe015,1,1,1,1
LPLC2,LPT49,DNae002,1,1,4,1
LPLC2,LPT49,DNae009,1,1,4,1
LPLC2,LPT51,DNg92_b,1,1,1,1
LPLC2,LPT52,DNa07,1,1,2,1
LPLC2,LPT52,DNbe005,1,1,4,1
LPLC2,LPT59,DNpe037,1,1,7,1
LPLC2,LPT59,DNg09_a,1,1,11,1
LPLC2,LPT59,DNg11,1,1,11,1
LPLC2,LPT59,DNg49,1,1,11,1
LPLC2,LPT59,DNge138,1,1,11,1
LPLC2,LPT59,DNge176,1,1,7,1
LPLC2,LPT59,DNge183,1,1,11,1
LPLC2,LPT59,DNp27,1,1,7,1
LPLC2,LPT59,DNp38,1,1,7,1
LPLC2,LPT59,DNpe012_b,1,1,11,1
LPLC2,LPT60,DNg102,1,1,7,1
LPLC2,LPT52,DNde001,1,1,4,1
LPLC2,LPT60,DNg108,1,1,14,1
LPLC2,LPT60,DNg109,1,1,14,1
LPLC2,LPT60,DNg29,1,1,7,1
LPLC2,LPT60,DNg42,1,1,14,1
LPLC2,LPT60,DNg43,1,1,14,1
LPLC2,LPT60,DNg45,1,1,14,1
LPLC2,LPT60,DNg56,1,1,7,1
LPLC2,LPT60,DNg92_a,1,1,7,1
LPLC2,LPT60,DNg96,1,1,14,1
LPLC2,LPT59,DNg01_a,1,1,11,1
LPLC2,LPT59,DNae009,1,1,11,1
LPLC2,LPT57,DNg01_unclear,1,1,1,1
LPLC2,LPT57,DNae009,1,1,1,1
LPLC2,LPT52,DNg79,1,1,2,1
LPLC2,LPT52,DNp03,1,1,4,1
LPLC2,LPT52,DNp49,1,1,4,1
LPLC2,LPT52,DNpe021,1,1,4,1
LPLC2,LPT52,DNpe037,1,1,2,1
LPLC2,LPT52,pIP1,1,1,2,1
LPLC2,LPT53,DNa07,1,1,1,1
LPLC2,LPT53,DNae005,1,1,1,1
LPLC2,LPT53,DNb09,1,1,1,1
LPLC2,LPT53,DNge127,1,1,1,1
LPLC2,LPT53,DNge138,1,1,1,1
LPLC2,LPT53,DNge140,1,1,1,1
LPLC2,LPT53,DNge141,1,1,1,1
LPLC2,LPT53,DNp54,1,1,1,1
LPLC2,LPT54,DNg12_a,1,1,2,1
LPLC2,LPT54,DNge141,1,1,2,1
LPLC2,LPT54,DNpe005,1,1,2,1
LPLC2,LPT54,DNpe021,1,1,2,1
LPLC2,LPT57,DNae002,1,1,1,1
LPLC2,LPT29,DNge054,1,1,4,1
LPLC2,LPT29,DNge047,1,1,8,1
LPLC2,LPT29,DNge041,1,1,8,1
LPLC2,LPT111,DNb05,1,1,1,1
LPLC2,LPC_unclear,DNp54,1,1,4,1
LPLC2,LPLC1,DNp01,1,1,3,1
LPLC2,LPLC1,DNp30,1,1,1,1
LPLC2,LPLC1,DNp42,1,1,1,1
LPLC2,LPLC1,DNpe025,1,1,4,1
LPLC2,LPLC4,DNg97,1,1,22,1
LPLC2,LPLC4,DNp55,1,1,55,1
LPLC2,LPLC4,DNp63,1,1,31,1
LPLC2,LPLC4,DNpe013,1,1,11,1
LPLC2,LPT111,DNp47,1,1,1,1
LPLC2,LPT114,DNbe004,1,1,2,1
LPLC2,LPT113,DNg03,1,1,1,1
LPLC2,LPT114,DNa06,1,1,2,1
LPLC2,LPT114,DNa07,1,1,2,1
LPLC2,LPT114,DNa11,1,1,2,1
LPLC2,LPT114,DNae006,1,1,2,1
LPLC2,LPT114,DNae010,1,1,2,1
LPLC2,LPT114,DNb03,1,1,1,1
LPLC2,LPT114,DNb04,1,1,1,1
LPLC2,LPT114,DNb08,1,1,3,1
LPLC2,LPC_unclear,DNp27,1,1,4,1
LPLC2,LPC_unclear,DNp102,1,1,4,1
LPLC2,LPC_unclear,DNp10,1,1,4,1
LPLC2,LPC1,DNpe010,1,1,2,1
LPLC2,LHAD1g1,DNge130,1,1,1075,1
LPLC2,LHAD1g1,DNp12,1,1,974,1
LPLC2,LHAD1g1,DNp44,1,1,1075,1
LPLC2,LHAD1g1,DNp66,1,1,974,1
LPLC2,LHAV2b4,DNpe045,1,1,4,1
LPLC2,LHAV2b4,DNpe052,1,1,2,1
LPLC2,LHAV2b4,DNpe056,1,1,2,1
LPLC2,LLPC1,DNb01,1,1,2,1
LPLC2,LLPC1,DNg111,1,1,1,1
LPLC2,LLPC1,DNge140,1,1,1,1
LPLC2,LLPC1,DNp18,1,1,1,1
LPLC2,LLPC1,DNp63,1,1,2,1
LPLC2,LLPC1,DNpe016,1,1,2,1
LPLC2,LLPC3,DNpe056,1,1,1,1
LPLC2,LLPC4,DNp10,1,1,1,1
LPLC2,LLPC4,DNpe037,1,1,1,1
LPLC2,LOLP1,DNc02,1,1,2,1
LPLC2,LOLP1,DNge030,1,1,3,1
LPLC2,LPC1,DNge141,1,1,4,1
LPLC2,LPT114,DNb09,1,1,2,1
LPLC2,LPT114,DNg01_unclear,1,1,2,1
LPLC2,LPT29,DNg30,1,1,8,1
LPLC2,LPT28,DNge094,1,1,4,1
LPLC2,LPT22,DNpe056,1,1,31,1
LPLC2,LPT23,DNpe037,1,1,3,1
LPLC2,LPT26,DNb05,1,1,44,1
LPLC2,LPT28,DNg11,1,1,6,1
LPLC2,LPT28,DNg18_b,1,1,4,1
LPLC2,LPT28,DNg90,1,1,4,1
LPLC2,LPT28,DNg92_a,1,1,4,1
LPLC2,LPT28,DNg92_b,1,1,4,1
LPLC2,LPT28,DNge018,1,1,6,1
LPLC2,LPT28,DNge140,1,1,4,1
LPLC2,LPT114,DNg05_b,1,1,2,1
LPLC2,LPT28,DNpe003,1,1,4,1
LPLC2,LPT28,DNpe013,1,1,6,1
LPLC2,LPT28,DNpe027,1,1,6,1
LPLC2,LPT28,DNpe055,1,1,4,1
LPLC2,LPT29,DNd02,1,1,8,1
LPLC2,LPT29,DNd04,1,1,4,1
LPLC2,LPT29,DNde001,1,1,8,1
LPLC2,LPT29,DNg104,1,1,8,1
LPLC2,LPT29,DNg106,1,1,8,1
LPLC2,LPT22,DNpe005,1,1,31,1
LPLC2,LPT22,DNg01_d,1,1,19,1
LPLC2,LPT22,DNa16,1,1,31,1
LPLC2,LPT22,DNa15,1,1,31,1
LPLC2,LPT114,DNg36_a,1,1,1,1
LPLC2,LPT114,DNg46,1,1,1,1
LPLC2,LPT114,DNg97,1,1,2,1
LPLC2,LPT114,DNge013,1,1,1,1
LPLC2,LPT114,DNge030,1,1,2,1
LPLC2,LPT114,DNge085,1,1,1,1
LPLC2,LPT114,DNge088,1,1,1,1
LPLC2,LPT114,DNge108,1,1,2,1
LPLC2,LPT114,DNge127,1,1,1,1
LPLC2,LPT114,DNge141,1,1,1,1
LPLC2,LPT114,DNp12,1,1,1,1
LPLC2,LPT114,DNp15,1,1,4,1
LPLC2,LPT114,DNp20,1,1,2,1
LPLC2,LPT114,DNp31,1,1,2,1
LPLC2,LPT114,DNpe013,1,1,1,1
LPLC2,LPT21,DNge152,1,1,5,1
LPLC2,LPT21,DNp27,1,1,5,1
LPLC2,LPT22,DNa01,1,1,19,1
LPLC2,LPT22,DNa03,1,1,31,1
LPLC2,LPT60,DNge038,1,1,14,1
LPLC2,LPT60,DNge047,1,1,7,1
LPLC2,LPT60,DNge049,1,1,7,1
LPLC2,LT51,DNge010,1,1,9,1
LPLC2,LT51,DNa08,1,1,4,1
LPLC2,LT51,DNa14,1,1,3,1
LPLC2,LT51,DNae004,1,1,14,1
LPLC2,LT51,DNb07,1,1,3,1
LPLC2,LT51,DNde002,1,1,4,1
LPLC2,LT51,DNg102,1,1,9,1
LPLC2,LT51,DNg31,1,1,2,1
LPLC2,LT51,DNg71,1,1,7,1
LPLC2,LT51,DNg75,1,1,9,1
LPLC2,LT51,DNp08,1,1,7,1
LPLC2,LT60,DNp29,1,1,2,1
LPLC2,LT51,DNp63,1,1,49,1
LPLC2,LT51,DNpe012_a,1,1,22,1
LPLC2,LT51,DNpe024,1,1,2,1
LPLC2,LT51,DNpe027,1,1,2,1
LPLC2,LT52,DNp10,1,1,2,1
LPLC2,LT56,DNp06,1,1,990,1
LPLC2,LT56,DNp103,1,1,990,1
LPLC2,LT56,DNp35,1,1,990,1
LPLC2,LT60,DNp01,1,1,8,1
LPLC2,LT47,DNpe022,1,1,2,1
LPLC2,LT47,DNpe003,1,1,2,1
LPLC2,LT47,DNpe002,1,1,2,1
LPLC2,LT47,DNp08,1,1,2,1
LPLC2,LT42,DNge062,1,1,1,1
LPLC2,LT42,DNp10,1,1,1,1
LPLC2,LT42,DNp31,1,1,1,1
LPLC2,LT42,DNp34,1,1,3,1
LPLC2,LT42,DNp35,1,1,3,1
LPLC2,LT42,DNp46,1,1,1,1
LPLC2,LT42,"DNp51,DNpe019",1,1,1,1
LPLC2,LT42,DNp55,1,1,3,1
LPLC2,LT42,DNp57,1,1,1,1
LPLC2,LT42,DNpe002,1,1,3,1
LPLC2,LT42,DNpe005,1,1,3,1
LPLC2,LT42,DNpe016,1,1,1,1
LPLC2,LT42,DNpe027,1,1,1,1
LPLC2,LT42,DNpe037,1,1,3,1
LPLC2,LT42,aSP22,1,1,3,1
LPLC2,LT47,DNb05,1,1,2,1
LPLC2,LT47,DNbe002,1,1,2,1
LPLC2,LT47,DNd02,1,1,2,1
LPLC2,LT47,DNge047,1,1,2,1
LPLC2,LT60,DNp27,1,1,8,1
LPLC2,LT60,DNp30,1,1,8,1
LPLC2,LT42,DNg95,1,1,3,1
LPLC2,LT69,DNbe007,1,1,1,1
LPLC2,LT66,DNp11,1,1,17,1
LPLC2,LT66,DNp27,1,1,18,1
LPLC2,LT66,DNp35,1,1,18,1
LPLC2,LT66,DNp59,1,1,17,1
LPLC2,LT66,DNpe042,1,1,18,1
LPLC2,LT66,DNpe045,1,1,17,1
LPLC2,LT66,DNpe053,1,1,18,1
LPLC2,LT66,DNpe056,1,1,18,1
LPLC2,LT67,DNp32,1,1,1,1
LPLC2,LT69,DNp08,1,1,1,1
LPLC2,LT60,DNp66,1,1,8,1
LPLC2,LT69,DNp31,1,1,1,1
LPLC2,LT69,DNpe021,1,1,1,1
LPLC2,LT70,DNbe007,1,1,1,1
LPLC2,LT70,DNp102,1,1,1,1
LPLC2,LT74,DNp42,1,1,9,1
LPLC2,LT74,DNpe005,1,1,10,1
LPLC2,LT74,DNpe021,1,1,3,1
LPLC2,LT75,DNg30,1,1,3,1
LPLC2,LT77,DNbe001,1,1,1,1
LPLC2,LT66,DNp103,1,1,18,1
LPLC2,LT66,DNge135,1,1,18,1
LPLC2,LT66,DNc02,1,1,17,1
LPLC2,LT65,DNpe021,1,1,2,1
LPLC2,LT60,DNpe045,1,1,2,1
LPLC2,LT61a,DNp04,1,1,11,1
LPLC2,LT61a,DNp35,1,1,11,1
LPLC2,LT61b,DNae004,1,1,6,1
LPLC2,LT61b,DNge138,1,1,6,1
LPLC2,LT62,DNp103,1,1,10,1
LPLC2,LT62,DNp66,1,1,10,1
LPLC2,LT62,DNp68,1,1,3,1
LPLC2,LT62,DNpe020,1,1,3,1
LPLC2,LT63,DNae007,1,1,3,1
LPLC2,LT64,DNa05,1,1,1,1
LPLC2,LT64,DNb04,1,1,2,1
LPLC2,LT64,DNbe006,1,1,1,1
LPLC2,LT64,DNp19,1,1,2,1
LPLC2,LT64,DNp49,1,1,1,1
LPLC2,LT64,DNp54,1,1,1,1
LPLC2,LT64,DNp63,1,1,2,1
LPLC2,LT64,DNpe045,1,1,1,1
LPLC2,LT65,DNge032,1,1,2,1
LPLC2,LT42,DNge006,1,1,1,1
LPLC2,LT42,DNg86,1,1,1,1
LPLC2,LPT60,DNge089,1,1,7,1
LPLC2,LT34,DNp05,1,1,1,1
LPLC2,LT11,DNpe056,1,1,6,1
LPLC2,LT11,pIP1,1,1,6,1
LPLC2,LT1b,DNp06,1,1,1,1
LPLC2,LT1b,DNp27,1,1,1,1
LPLC2,LT1c,DNp27,1,1,3,1
LPLC2,LT1d,DNpe021,1,1,9,1
LPLC2,LT34,CB0429,1,1,2,1
LPLC2,LT34,DNg111,1,1,2,1
LPLC2,LT34,DNg79,1,1,2,1
LPLC2,LT34,DNp08,1,1,1,1
LPLC2,LT36,DNd02,1,1,7,1
LPLC2,LT34,DNp103,1,1,2,1
LPLC2,LT34,DNp12,1,1,1,1
LPLC2,LT34,DNp68,1,1,1,1
LPLC2,LT34,DNpe005,1,1,1,1
LPLC2,LT34,DNpe037,1,1,2,1
LPLC2,LT34,DNpe056,1,1,1,1
LPLC2,LT35,DNp08,1,1,2,1
LPLC2,LT35,DNp10,1,1,4,1
LPLC2,LT35,DNpe026,1,1,4,1
LPLC2,LT11,DNp66,1,1,4,1
LPLC2,LT11,DNp30,1,1,6,1
LPLC2,LPi43,DNp27,1,1,5,1
LPLC2,LPi3c,DNp27,1,1,1,1
LPLC2,LPT60,DNge094,1,1,14,1
LPLC2,LPT60,DNge120,1,1,7,1
LPLC2,LPT60,DNge141,1,1,7,1
LPLC2,LPT60,DNge144,1,1,14,1
LPLC2,LPT60,DNge184,1,1,7,1
LPLC2,LPT60,DNp03,1,1,14,1
LPLC2,LPT60,DNp04,1,1,7,1
LPLC2,LPT60,DNp06,1,1,7,1
LPLC2,LPT60,DNp09,1,1,14,1
LPLC2,LPT60,DNp103,1,1,14,1
LPLC2,LPT60,DNp35,1,1,14,1
LPLC2,LPT60,DNp45,1,1,7,1
LPLC2,LPT60,DNp46,1,1,7,1
LPLC2,LPT60,DNp52,1,1,7,1
LPLC2,LPT60,DNp57,1,1,14,1
LPLC2,LPT60,DNpe021,1,1,7,1
LPLC2,LPT60,DNpe042,1,1,7,1
LPLC2,LPT60,DNpe056,1,1,14,1
LPLC2,LPi3a,DNp27,1,1,1,1
LPLC2,LT36,DNbe007,1,1,7,1
LPLC2,LT36,DNp57,1,1,7,1
LPLC2,LT42,DNg52,1,1,1,1
LPLC2,LT41,DNpe052,1,1,1,1
LPLC2,LT40,DNpe023,1,1,1,1
LPLC2,LT40,DNpe040,1,1,1,1
LPLC2,LT40,pIP1,1,1,1,1
LPLC2,LT41,DNb02,1,1,1,1
LPLC2,LT41,DNde003,1,1,1,1
LPLC2,LT41,DNg111,1,1,1,1
LPLC2,LT41,DNp03,1,1,1,1
LPLC2,LT41,DNp10,1,1,1,1
LPLC2,LT41,DNpe042,1,1,1,1
LPLC2,LT41,aSP22,1,1,1,1
LPLC2,LT37,DNb07,1,1,2,1
LPLC2,LT41,pMP2,1,1,1,1
LPLC2,LT42,DNa02,1,1,1,1
LPLC2,LT42,DNa06,1,1,3,1
LPLC2,LT42,DNae010,1,1,1,1
LPLC2,LT42,DNb05,1,1,1,1
LPLC2,LT42,DNbe001,1,1,1,1
LPLC2,LT42,DNbe005,1,1,1,1
LPLC2,LT42,DNbe007,1,1,3,1
LPLC2,LT42,DNg49,1,1,1,1
LPLC2,LT40,DNpe013,1,1,5,1
LPLC2,LT40,DNpe003,1,1,5,1
LPLC2,LT40,DNp64,1,1,5,1
LPLC2,LT40,DNp39,1,1,5,1
LPLC2,LT37,DNg90,1,1,2,1
LPLC2,LT37,DNg92_b,1,1,2,1
LPLC2,LT37,DNp05,1,1,2,1
LPLC2,LT37,DNpe053,1,1,2,1
LPLC2,LT39,CB0429,1,1,6,1
LPLC2,LT39,DNa06,1,1,2,1
LPLC2,LT39,DNa07,1,1,2,1
LPLC2,LT39,DNa09,1,1,2,1
LPLC2,LT39,DNg50,1,1,6,1
LPLC2,LT39,DNp27,1,1,6,1
LPLC2,LT39,DNpe040,1,1,6,1
LPLC2,LT40,DNa06,1,1,1,1
LPLC2,LT40,DNa07,1,1,1,1
LPLC2,LT40,DNbe001,1,1,1,1
LPLC2,LT40,DNbe007,1,1,1,1
LPLC2,LT40,DNg40,1,1,1,1
LPLC2,LT40,DNge138,1,1,1,1
LPLC2,LT40,DNp01,1,1,1,1
LPLC2,LT40,DNp103,1,1,5,1
LPLC2,LHAD1g1,DNae007,1,1,974,1
LPLC2,LHAD1g1,DNa11,1,1,1075,1
LPLC2,LC9,DNp64,1,1,2,1
LPLC2,GNG300,DNge077,1,1,383,1
LPLC2,GNG300,DNge021,1,1,383,1
LPLC2,GNG300,DNge026,1,1,383,1
LPLC2,GNG300,DNge027,1,1,250,1
LPLC2,GNG300,DNge038,1,1,250,1
LPLC2,GNG300,DNge043,1,1,250,1
LPLC2,GNG300,DNge044,1,1,383,1
LPLC2,GNG300,DNge046,1,1,250,1
LPLC2,GNG300,DNge062,1,1,250,1
LPLC2,GNG300,DNge065,1,1,250,1
LPLC2,GNG300,DNge096,1,1,383,1
LPLC2,GNG300,DNp07,1,1,383,1
LPLC2,GNG300,DNge100,1,1,250,1
LPLC2,GNG300,DNge113,1,1,250,1
LPLC2,GNG300,DNge120,1,1,383,1
LPLC2,GNG300,DNge122,1,1,383,1
LPLC2,GNG300,DNge125,1,1,250,1
LPLC2,GNG300,DNge136,1,1,383,1
LPLC2,GNG300,DNge142,1,1,383,1
LPLC2,GNG300,DNge144,1,1,383,1
LPLC2,GNG300,DNge146,1,1,383,1
LPLC2,GNG300,DNge018,1,1,250,1
LPLC2,GNG300,DNge008,1,1,250,1
LPLC2,GNG300,DNg98,1,1,250,1
LPLC2,GNG300,DNg97,1,1,383,1
LPLC2,CL367,DNp30,1,1,7,1
LPLC2,CL367,DNp38,1,1,7,1
LPLC2,CL367,DNp43,1,1,7,1
LPLC2,CL367,DNp68,1,1,7,1
LPLC2,CL367,DNpe020,1,1,7,1
LPLC2,CL367,DNpe031,1,1,7,1
LPLC2,DCH,DNge141,1,1,7,1
LPLC2,GNG300,DNde006,1,1,383,1
LPLC2,GNG300,DNg09_b,1,1,383,1
LPLC2,GNG300,DNg104,1,1,250,1
LPLC2,GNG300,DNg111,1,1,383,1
LPLC2,GNG300,DNg19,1,1,383,1
LPLC2,GNG300,DNg20,1,1,250,1
LPLC2,GNG300,DNg23,1,1,250,1
LPLC2,GNG300,DNg49,1,1,383,1
LPLC2,GNG300,DNg52,1,1,250,1
LPLC2,GNG300,DNg70,1,1,250,1
LPLC2,GNG300,DNg77,1,1,383,1
LPLC2,GNG300,DNg83,1,1,383,1
LPLC2,GNG300,DNge147,1,1,250,1
LPLC2,GNG300,DNp101,1,1,383,1
LPLC2,CL367,DNge148,1,1,7,1
LPLC2,IB114,DNd05,1,1,393,1
LPLC2,HSS,DNge092,1,1,6,1
LPLC2,HSS,DNge113,1,1,6,1
LPLC2,HST,DNa02,1,1,2,1
LPLC2,HST,DNge015,1,1,2,1
LPLC2,HST,DNge026,1,1,2,1
LPLC2,HST,DNge097,1,1,1,1
LPLC2,IB114,,1,1,152,1
LPLC2,IB114,DNb08,1,1,152,1
LPLC2,IB114,DNc01,1,1,152,1
LPLC2,IB114,DNde003,1,1,393,1
LPLC2,GNG300,DNp23,1,1,383,1
LPLC2,IB114,DNg03,1,1,393,1
LPLC2,IB114,DNg105,1,1,152,1
LPLC2,IB114,DNg40,1,1,393,1
LPLC2,IB114,DNg74_a,1,1,152,1
LPLC2,IB114,DNg82,1,1,393,1
LPLC2,IB114,DNg93,1,1,152,1
LPLC2,IB114,DNg97,1,1,393,1
LPLC2,IB114,DNge073,1,1,152,1
LPLC2,IB114,DNge119,1,1,393,1
LPLC2,HSS,DNg86,1,1,4,1
LPLC2,HSS,DNg82,1,1,6,1
LPLC2,HSS,DNb02,1,1,4,1
LPLC2,HSN,DNge072,1,1,11,1
LPLC2,GNG300,DNp35,1,1,250,1
LPLC2,GNG300,DNp46,1,1,383,1
LPLC2,GNG300,DNp69,1,1,383,1
LPLC2,GNG300,DNpe021,1,1,383,1
LPLC2,GNG300,DNpe025,1,1,250,1
LPLC2,GNG300,DNpe042,1,1,250,1
LPLC2,H1,DNp27,1,1,9,1
LPLC2,H2,DNg09_b,1,1,45,1
LPLC2,H2,DNge092,1,1,54,1
LPLC2,H2,DNge113,1,1,45,1
LPLC2,H2,DNge141,1,1,54,1
LPLC2,H2,DNge145,1,1,54,1
LPLC2,H2,DNp17,1,1,54,1
LPLC2,HSE,DNbe001,1,1,13,1
LPLC2,HSE,DNge026,1,1,13,1
LPLC2,HSN,DNb03,1,1,11,1
LPLC2,HSN,DNg49,1,1,15,1
LPLC2,HSN,DNge006,1,1,11,1
LPLC2,HSN,DNge029,1,1,11,1
LPLC2,CL367,DNp08,1,1,7,1
LPLC2,CL367,DNge147,1,1,7,1
LPLC2,IB114,DNge149,1,1,152,1
LPLC2,CL309,DNge138,1,1,2,1
LPLC2,CL286,DNpe028,1,1,18,1
LPLC2,CL303,DNp68,1,1,1,1
LPLC2,CL303,DNpe053,1,1,1,1
LPLC2,CL303,MDN,1,1,1,1
LPLC2,CL309,DNa05,1,1,2,1
LPLC2,CL309,DNae003,1,1,2,1
LPLC2,CL309,DNg03,1,1,2,1
LPLC2,CL309,DNg79,1,1,2,1
LPLC2,CL309,DNg91,1,1,2,1
LPLC2,CL309,DNp103,1,1,2,1
LPLC2,CL319,DNg16,1,1,1,1
LPLC2,CL309,DNp11,1,1,2,1
LPLC2,CL309,DNpe020,1,1,2,1
LPLC2,CL309,DNpe042,1,1,2,1
LPLC2,CL319,,1,1,1,1
LPLC2,CL319,DNa03,1,1,1,1
LPLC2,CL319,DNa06,1,1,1,1
LPLC2,CL319,DNb09,1,1,1,1
LPLC2,CL319,DNbe002,1,1,1,1
LPLC2,CL319,DNd05,1,1,1,1
LPLC2,CL286,DNpe027,1,1,18,1
LPLC2,CL286,DNpe025,1,1,18,1
LPLC2,CL286,DNpe023,1,1,18,1
LPLC2,CL286,DNp63,1,1,18,1
LPLC2,CL286,DNg111,1,1,18,1
LPLC2,CL286,DNg19,1,1,7,1
LPLC2,CL286,DNg30,1,1,18,1
LPLC2,CL286,DNge027,1,1,18,1
LPLC2,CL286,DNge038,1,1,7,1
LPLC2,CL286,DNge133,1,1,7,1
LPLC2,CL286,DNge144,1,1,7,1
LPLC2,CL286,DNp04,1,1,7,1
LPLC2,CL286,DNp10,1,1,7,1
LPLC2,CL286,DNp101,1,1,7,1
LPLC2,CL286,DNp14,1,1,18,1
LPLC2,CL286,DNp32,1,1,18,1
LPLC2,CL286,DNp36,1,1,7,1
LPLC2,CL286,DNp42,1,1,7,1
LPLC2,CL286,DNp43,1,1,7,1
LPLC2,CL286,DNp49,1,1,18,1
LPLC2,CL286,DNp55,1,1,18,1
LPLC2,CL286,DNp56,1,1,18,1
LPLC2,CL286,DNp59,1,1,18,1
LPLC2,CL319,DNg111,1,1,1,1
LPLC2,CL319,DNg22,1,1,1,1
LPLC2,CL367,DNge141,1,1,7,1
LPLC2,CL365,DNpe020,1,1,2,1
LPLC2,CL365,DNd04,1,1,2,1
LPLC2,CL365,DNp01,1,1,2,1
LPLC2,CL365,DNp05,1,1,2,1
LPLC2,CL365,DNp08,1,1,2,1
LPLC2,CL365,DNp27,1,1,2,1
LPLC2,CL365,DNp34,1,1,2,1
LPLC2,CL365,DNp35,1,1,2,1
LPLC2,CL365,DNp71,1,1,2,1
LPLC2,CL365,DNpe010,1,1,2,1
LPLC2,CL365,DNpe045,1,1,2,1
LPLC2,CL319,DNg34,1,1,1,1
LPLC2,CL365,aSP22,1,1,2,1
LPLC2,CL367,DNae005,1,1,7,1
LPLC2,CL367,DNb05,1,1,7,1
LPLC2,CL367,DNde005,1,1,7,1
LPLC2,CL367,DNg102,1,1,7,1
LPLC2,CL367,DNg34,1,1,7,1
LPLC2,CL367,DNg59,1,1,7,1
LPLC2,CL367,DNg69,1,1,7,1
LPLC2,CL367,DNg95,1,1,7,1
LPLC2,CL365,,1,1,2,1
LPLC2,CL323,DNpe010,1,1,216,1
LPLC2,CL323,DNp71,1,1,216,1
LPLC2,CL323,DNp59,1,1,188,1
LPLC2,CL319,DNge048,1,1,1,1
LPLC2,CL319,DNp05,1,1,1,1
LPLC2,CL319,DNp104,1,1,1,1
LPLC2,CL319,DNp14,1,1,1,1
LPLC2,CL319,DNp35,1,1,1,1
LPLC2,CL319,DNp66,1,1,1,1
LPLC2,CL319,DNp67,1,1,1,1
LPLC2,CL319,DNpe003,1,1,1,1
LPLC2,CL319,DNpe018,1,1,1,1
LPLC2,CL319,DNpe045,1,1,1,1
LPLC2,CL323,DNa06,1,1,51,1
LPLC2,CL323,DNae009,1,1,188,1
LPLC2,CL323,DNg01_d,1,1,151,1
LPLC2,CL323,DNg02_f,1,1,51,1
LPLC2,CL323,DNg27,1,1,151,1
LPLC2,CL323,DNge054,1,1,188,1
LPLC2,CL323,DNge107,1,1,151,1
LPLC2,CL323,DNge130,1,1,188,1
LPLC2,CL323,DNp36,1,1,188,1
LPLC2,IB114,DNge142,1,1,152,1
LPLC2,IB114,DNp05,1,1,152,1
LPLC2,LC9,DNp34,1,1,1,1
LPLC2,LC29,DNpe025,1,1,2,1
LPLC2,LC27,DNp27,1,1,1,1
LPLC2,LC28,DNp27,1,1,1,1
LPLC2,LC29,DNbe001,1,1,1,1
LPLC2,LC29,DNbe004,1,1,1,1
LPLC2,LC29,DNg82,1,1,1,1
LPLC2,LC29,DNge083,1,1,1,1
LPLC2,LC29,DNp69,1,1,4,1
LPLC2,LC29,DNpe003,1,1,1,1
LPLC2,LC29,DNpe022,1,1,4,1
LPLC2,LC31a,DNg104,1,1,9,1
LPLC2,LC35a,DNa07,1,1,10,1
LPLC2,LC31a,DNp02,1,1,3,1
LPLC2,LC31b,DNb01,1,1,550,1
LPLC2,LC31b,DNg40,1,1,399,1
LPLC2,LC31b,DNpe005,1,1,550,1
LPLC2,LC31b,DNpe021,1,1,17,1
LPLC2,LC31b,DNpe039,1,1,150,1
LPLC2,LC33,DNa10,1,1,3,1
LPLC2,LC33,DNp63,1,1,3,1
LPLC2,LC35a,DNa04,1,1,2,1
LPLC2,LC27,DNp101,1,1,1,1
LPLC2,LC24,DNpe006,1,1,1,1
LPLC2,LC23,pIP1,1,1,5,1
LPLC2,LC23,DNp69,1,1,1,1
LPLC2,LC18,DNp11,1,1,1,1
LPLC2,LC18,DNpe025,1,1,1,1
LPLC2,LC19,DNa11,1,1,3,1
LPLC2,LC19,DNae003,1,1,6,1
LPLC2,LC19,DNae008,1,1,1,1
LPLC2,LC19,DNb07,1,1,6,1
LPLC2,LC19,DNbe005,1,1,6,1
LPLC2,LC19,DNg01_a,1,1,3,1
LPLC2,LC19,DNge040,1,1,2,1
LPLC2,LC19,DNpe003,1,1,8,1
LPLC2,LC22,DNa08,1,1,6,1
LPLC2,LC22,DNbe004,1,1,3,1
LPLC2,LC22,DNp09,1,1,4,1
LPLC2,LC23,DNb09,1,1,2,1
LPLC2,LC23,DNg02_d,1,1,2,1
LPLC2,LC23,DNge041,1,1,6,1
LPLC2,LC23,DNp12,1,1,3,1
LPLC2,LC23,DNp49,1,1,2,1
LPLC2,LC23,DNp54,1,1,3,1
LPLC2,LC35a,DNa05,1,1,7,1
LPLC2,LC35a,DNb01,1,1,7,1
LPLC2,LC17,DNc02,1,1,1,1
LPLC2,LC37,DNp27,1,1,2,1
LPLC2,LC36,DNb01,1,1,2,1
LPLC2,LC36,DNbe002,1,1,1,1
LPLC2,LC36,DNbe004,1,1,1,1
LPLC2,LC36,DNd05,1,1,2,1
LPLC2,LC36,DNp27,1,1,2,1
LPLC2,LC36,DNp63,1,1,1,1
LPLC2,LC36,DNpe005,1,1,1,1
LPLC2,LC36,DNpe010,1,1,2,1
LPLC2,LC37,DNae008,1,1,1,1
LPLC2,LC37,DNp32,1,1,1,1
LPLC2,LC35a,DNb04,1,1,3,1
LPLC2,LC39a,DNb01,1,1,5,1
LPLC2,LC39a,DNbe007,1,1,1,1
LPLC2,LC39a,DNp09,1,1,5,1
LPLC2,LC39a,DNp11,1,1,5,1
LPLC2,LC39a,DNp47,1,1,1,1
LPLC2,LC39a,DNp57,1,1,1,1
LPLC2,LC40,DNp27,1,1,1,1
LPLC2,LC6,DNp11,1,1,1,1
LPLC2,LC6,DNp43,1,1,1,1
LPLC2,LC36,DNae008,1,1,1,1
LPLC2,LC35b,aSP22,1,1,6,1
LPLC2,LC35b,DNpe017,1,1,4,1
LPLC2,LC35b,DNpe005,1,1,4,1
LPLC2,LC35a,DNg02_e,1,1,1,1
LPLC2,LC35a,DNg111,1,1,7,1
LPLC2,LC35a,DNg79,1,1,7,1
LPLC2,LC35a,DNg92_a,1,1,7,1
LPLC2,LC35a,DNg95,1,1,7,1
LPLC2,LC35a,DNp11,1,1,8,1
LPLC2,LC35a,DNp12,1,1,8,1
LPLC2,LC35a,DNp57,1,1,2,1
LPLC2,LC35a,DNp63,1,1,8,1
LPLC2,LC35b,DNa04,1,1,4,1
LPLC2,LC35b,DNb04,1,1,6,1
LPLC2,LC35b,DNbe004,1,1,6,1
LPLC2,LC35b,DNc01,1,1,4,1
LPLC2,LC35b,DNg111,1,1,6,1
LPLC2,LC35b,DNg49,1,1,6,1
LPLC2,LC35b,DNp08,1,1,4,1
LPLC2,LC35b,DNp104,1,1,4,1
LPLC2,LC35b,DNp27,1,1,4,1
LPLC2,LC35b,DNp63,1,1,6,1
LPLC2,LC18,DNp04,1,1,1,1
LPLC2,LC14a-2,DNpe005,1,1,2,1
LPLC2,IB114,DNp104,1,1,152,1
LPLC2,LAL026_a,DNbe001,1,1,5,1
LPLC2,LAL016,DNp70,1,1,77,1
LPLC2,LAL016,DNpe021,1,1,77,1
LPLC2,LAL016,aSP22,1,1,77,1
LPLC2,LAL026_a,DNa01,1,1,5,1
LPLC2,LAL026_a,DNa08,1,1,5,1
LPLC2,LAL026_a,DNa10,1,1,4,1
LPLC2,LAL026_a,DNa15,1,1,5,1
LPLC2,LAL026_a,DNae002,1,1,4,1
LPLC2,LAL026_a,DNae007,1,1,4,1
LPLC2,LAL026_a,DNg82,1,1,5,1
LPLC2,LAL026_a,DNp27,1,1,5,1
LPLC2,LAL026_a,DNg88,1,1,5,1
LPLC2,LAL026_a,DNg89,1,1,5,1
LPLC2,LAL026_a,DNge026,1,1,5,1
LPLC2,LAL026_a,DNge033,1,1,4,1
LPLC2,LAL026_a,DNge119,1,1,5,1
LPLC2,LAL026_a,DNge124,1,1,5,1
LPLC2,LAL026_a,DNp04,1,1,5,1
LPLC2,LAL026_a,DNp07,1,1,4,1
LPLC2,LAL026_a,DNp11,1,1,5,1
LPLC2,LAL016,DNp69,1,1,77,1
LPLC2,LAL016,DNge135,1,1,77,1
LPLC2,LAL016,DNge103,1,1,77,1
LPLC2,LAL016,DNg82,1,1,77,1
LPLC2,IB114,DNp13,1,1,152,1
LPLC2,IB114,DNp23,1,1,152,1
LPLC2,IB114,DNp26,1,1,393,1
LPLC2,IB114,DNp34,1,1,393,1
LPLC2,IB114,DNp42,1,1,152,1
LPLC2,IB114,DNp45,1,1,152,1
LPLC2,IB114,DNp68,1,1,393,1
LPLC2,IB114,DNp71,1,1,152,1
LPLC2,IB114,DNp73,1,1,152,1
LPLC2,IB114,DNpe005,1,1,393,1
LPLC2,IB114,DNpe010,1,1,393,1
LPLC2,IB114,DNpe021,1,1,152,1
LPLC2,IB114,DNpe024,1,1,393,1
LPLC2,IB114,DNpe026,1,1,393,1
LPLC2,IB114,DNpe037,1,1,393,1
LPLC2,IB114,DNpe053,1,1,393,1
LPLC2,IB114,aSP22,1,1,152,1
LPLC2,LAL016,DNg109,1,1,77,1
LPLC2,LAL016,DNg71,1,1,77,1
LPLC2,LAL026_a,DNp18,1,1,5,1
LPLC2,LAL026_a,DNp35,1,1,5,1
LPLC2,LC14a-2,DNp30,1,1,2,1
LPLC2,LC11,DNp30,1,1,1,1
LPLC2,LAL301m,DNg97,1,1,46,1
LPLC2,LAL301m,DNge041,1,1,46,1
LPLC2,LAL301m,DNpe025,1,1,12,1
LPLC2,LAL301m,DNpe040,1,1,46,1
LPLC2,LAL301m,pIP10,1,1,12,1
LPLC2,LC10_unclear,DNp27,1,1,2,1
LPLC2,LC10b,DNp27,1,1,1,1
LPLC2,LC10c-2,DNae005,1,1,1,1
LPLC2,LC10d,DNd05,1,1,1,1
LPLC2,LC11,DNp55,1,1,2,1
LPLC2,LAL026_a,DNp54,1,1,4,1
LPLC2,LC11,DNpe031,1,1,1,1
LPLC2,LC11,DNpe050,1,1,1,1
LPLC2,LC12,DNp11,1,1,2,1
LPLC2,LC14a-1,DNpe045,1,1,5,1
LPLC2,LC14a-2,DNae007,1,1,2,1
LPLC2,LC14a-2,DNg111,1,1,2,1
LPLC2,LC14a-2,DNge054,1,1,2,1
LPLC2,LC14a-2,DNp102,1,1,2,1
LPLC2,LC14a-2,DNp18,1,1,2,1
LPLC2,LAL301m,DNae007,1,1,46,1
LPLC2,LAL300m,DNb08,1,1,19,1
LPLC2,LAL136_b,DNpe023,1,1,2,1
LPLC2,LAL136_b,DNp70,1,1,2,1
LPLC2,LAL026_a,DNp66,1,1,4,1
LPLC2,LAL026_a,DNpe005,1,1,5,1
LPLC2,LAL026_a,DNpe021,1,1,5,1
LPLC2,LAL026_a,DNpe040,1,1,4,1
LPLC2,LAL026_a,MDN,1,1,5,1
LPLC2,LAL026_a,aSP22,1,1,4,1
LPLC2,LAL026_b,DNb03,1,1,2,1
LPLC2,LAL026_b,DNb09,1,1,2,1
LPLC2,LAL026_b,DNg82,1,1,2,1
LPLC2,LAL026_b,DNge041,1,1,2,1
LPLC2,LAL026_b,DNge123,1,1,2,1
LPLC2,LAL026_b,DNp03,1,1,2,1
LPLC2,LAL026_b,DNp36,1,1,2,1
LPLC2,LAL026_b,DNp54,1,1,2,1
LPLC2,LAL026_b,DNpe052,1,1,2,1
LPLC2,LAL026_b,aSP22,1,1,2,1
LPLC2,LAL047,DNg40,1,1,15,1
LPLC2,LAL047,DNp38,1,1,15,1
LPLC2,LAL136_b,DNp11,1,1,2,1
LPLC2,AVLP370_a,DNa07,1,1,61,1
LPLC2,AVLP370_a,DNa04,1,1,61,1
LC4,PS112,DNge014,1,1,2,1
LC4,PVLP127,DNp66,1,1,15,1
LC4,PVLP126_b,DNg09_a,1,1,3,1
LC4,PVLP126_b,DNge138,1,1,3,1
LC4,PVLP126_b,DNp03,1,1,3,1
LC4,PVLP126_b,DNp09,1,1,1,1
LC4,PVLP126_b,DNp12,1,1,3,1
LC4,PVLP126_b,DNp27,1,1,3,1
LC4,PVLP126_b,DNpe031,1,1,1,1
LC4,PVLP127,DNp02,1,1,15,1
LC4,PVLP127,DNp43,1,1,15,1
LC4,PVLP127,DNp69,1,1,15,1
LC4,PVLP126_a,DNp32,1,1,1,1
LC4,PVLP128,DNa04,1,1,2,1
LC4,PVLP128,DNg02_f,1,1,1,1
LC4,PVLP128,DNpe010,1,1,2,1
LC4,PVLP128,DNpe018,1,1,1,1
LC4,PVLP130,DNa01,1,1,1001,1
LC4,PVLP130,DNa04,1,1,1001,1
LC4,PVLP130,DNae007,1,1,1001,1
LC4,PVLP130,DNbe007,1,1,1001,1
LC4,PVLP130,DNp05,1,1,943,1
LC4,PVLP126_a,DNpe052,1,1,1,1
LC4,PVLP124,DNpe031,1,1,23,1
LC4,SAD055,DNp73,1,1,33,1
LC4,PVLP123,DNp45,1,1,33,1
LC4,PVLP123,DNbe002,1,1,60,1
LC4,PVLP123,DNc01,1,1,60,1
LC4,PVLP123,DNc02,1,1,60,1
LC4,PVLP123,DNd03,1,1,60,1
LC4,PVLP123,DNg24,1,1,60,1
LC4,PVLP123,DNg29,1,1,16,1
LC4,PVLP123,DNg56,1,1,60,1
LC4,PVLP123,DNp03,1,1,147,1
LC4,PVLP123,DNp42,1,1,60,1
LC4,PVLP123,DNp49,1,1,60,1
LC4,PVLP124,DNp05,1,1,47,1
LC4,PVLP123,DNp63,1,1,60,1
LC4,PVLP123,DNpe020,1,1,103,1
LC4,PVLP123,DNpe043,1,1,147,1
LC4,PVLP123,DNpe050,1,1,147,1
LC4,PVLP123,DNpe052,1,1,60,1
LC4,PVLP124,DNa05,1,1,23,1
LC4,PVLP124,DNg02_d,1,1,23,1
LC4,PVLP124,DNp03,1,1,47,1
LC4,PVLP124,DNp04,1,1,23,1
LC4,PVLP130,DNp08,1,1,943,1
LC4,PVLP130,DNp103,1,1,943,1
LC4,PVLP130,DNp45,1,1,943,1
LC4,PVLP137,DNp45,1,1,290,1
LC4,PVLP137,DNge124,1,1,565,1
LC4,PVLP137,DNge139,1,1,565,1
LC4,PVLP137,DNge147,1,1,290,1
LC4,PVLP137,DNp11,1,1,290,1
LC4,PVLP137,DNp13,1,1,565,1
LC4,PVLP137,DNp23,1,1,565,1
LC4,PVLP137,DNp27,1,1,565,1
LC4,PVLP137,DNp29,1,1,565,1
LC4,PVLP137,DNp30,1,1,290,1
LC4,PVLP137,DNp56,1,1,290,1
LC4,PVLP130,DNpe037,1,1,1001,1
LC4,PVLP137,DNp70,1,1,565,1
LC4,PVLP137,DNpe021,1,1,565,1
LC4,PVLP137,DNpe050,1,1,290,1
LC4,PVLP137,DNpe052,1,1,565,1
LC4,PVLP141,DNb02,1,1,813,1
LC4,PVLP141,DNde002,1,1,813,1
LC4,PVLP141,DNg107,1,1,813,1
LC4,PVLP141,DNg97,1,1,726,1
LC4,PVLP141,DNge007,1,1,726,1
LC4,PVLP137,DNge082,1,1,290,1
LC4,PVLP137,DNge065,1,1,565,1
LC4,PVLP137,DNge063,1,1,290,1
LC4,PVLP137,DNge041,1,1,290,1
LC4,PVLP130,DNpe050,1,1,1001,1
LC4,PVLP130,DNpe052,1,1,1001,1
LC4,PVLP130,DNpe056,1,1,943,1
LC4,PVLP137,DNae008,1,1,290,1
LC4,PVLP137,DNb07,1,1,565,1
LC4,PVLP137,DNbe005,1,1,565,1
LC4,PVLP137,DNde001,1,1,565,1
LC4,PVLP137,DNde003,1,1,565,1
LC4,PVLP137,DNg101,1,1,290,1
LC4,PVLP137,DNg105,1,1,290,1
LC4,PVLP137,DNg14,1,1,565,1
LC4,PVLP137,DNg27,1,1,290,1
LC4,PVLP137,DNg38,1,1,565,1
LC4,PVLP137,DNg39,1,1,290,1
LC4,PVLP137,DNg66,1,1,290,1
LC4,PVLP137,DNg69,1,1,290,1
LC4,PVLP137,DNg90,1,1,290,1
LC4,PVLP137,DNge007,1,1,565,1
LC4,PVLP137,DNge026,1,1,290,1
LC4,PVLP123,DNa07,1,1,60,1
LC4,PVLP122,DNpe056,1,1,1313,1
LC4,PVLP122,DNpe018,1,1,979,1
LC4,PVLP100,DNbe001,1,1,64,1
LC4,PVLP094,DNp38,1,1,29,1
LC4,PVLP094,DNp54,1,1,9,1
LC4,PVLP094,DNp55,1,1,29,1
LC4,PVLP094,DNpe056,1,1,9,1
LC4,PVLP094,pIP1,1,1,29,1
LC4,PVLP096,DNb05,1,1,7,1
LC4,PVLP096,DNp29,1,1,7,1
LC4,PVLP096,DNpe031,1,1,7,1
LC4,PVLP096,DNpe037,1,1,7,1
LC4,PVLP100,DNg02_d,1,1,64,1
LC4,PVLP100,DNp36,1,1,64,1
LC4,PVLP100,DNg40,1,1,172,1
LC4,PVLP100,DNg56,1,1,24,1
LC4,PVLP100,DNge032,1,1,24,1
LC4,PVLP100,DNge132,1,1,172,1
LC4,PVLP100,DNge133,1,1,172,1
LC4,PVLP100,DNp09,1,1,64,1
LC4,PVLP100,DNp104,1,1,64,1
LC4,PVLP100,DNp12,1,1,172,1
LC4,PVLP100,DNp30,1,1,24,1
LC4,PVLP094,DNp29,1,1,9,1
LC4,PVLP094,DNge054,1,1,29,1
LC4,PVLP094,DNge049,1,1,29,1
LC4,PVLP094,DNg40,1,1,9,1
LC4,PVLP093,DNd03,1,1,33,1
LC4,PVLP093,DNg95,1,1,33,1
LC4,PVLP093,DNp06,1,1,11,1
LC4,PVLP093,DNp09,1,1,11,1
LC4,PVLP093,DNp11,1,1,33,1
LC4,PVLP093,DNp27,1,1,11,1
LC4,PVLP093,DNp34,1,1,11,1
LC4,PVLP093,DNp43,1,1,33,1
LC4,PVLP093,DNp59,1,1,11,1
LC4,PVLP093,DNp64,1,1,33,1
LC4,PVLP093,DNp66,1,1,33,1
LC4,PVLP093,DNpe020,1,1,11,1
LC4,PVLP093,DNpe024,1,1,11,1
LC4,PVLP093,DNpe031,1,1,33,1
LC4,PVLP093,DNpe037,1,1,11,1
LC4,PVLP093,DNpe039,1,1,11,1
LC4,PVLP093,DNpe040,1,1,33,1
LC4,PVLP094,DNb05,1,1,29,1
LC4,PVLP094,DNg104,1,1,9,1
LC4,PVLP100,DNp34,1,1,172,1
LC4,PVLP100,DNp42,1,1,24,1
LC4,PVLP122,DNp63,1,1,29,1
LC4,PVLP120,DNp71,1,1,118,1
LC4,PVLP113,DNp27,1,1,2,1
LC4,PVLP120,DNg56,1,1,118,1
LC4,PVLP120,DNge054,1,1,118,1
LC4,PVLP120,DNp05,1,1,148,1
LC4,PVLP120,DNp30,1,1,118,1
LC4,PVLP120,DNp32,1,1,148,1
LC4,PVLP120,DNp34,1,1,118,1
LC4,PVLP120,DNp67,1,1,118,1
LC4,PVLP120,DNp70,1,1,148,1
LC4,PVLP120,DNpe024,1,1,118,1
LC4,PVLP100,DNp47,1,1,172,1
LC4,PVLP120,DNpe052,1,1,148,1
LC4,PVLP122,DNa04,1,1,979,1
LC4,PVLP122,DNa06,1,1,979,1
LC4,PVLP122,DNa16,1,1,923,1
LC4,PVLP122,DNg91,1,1,979,1
LC4,PVLP122,DNge054,1,1,1313,1
LC4,PVLP122,DNge130,1,1,42,1
LC4,PVLP122,DNp27,1,1,979,1
LC4,PVLP122,DNp47,1,1,42,1
LC4,PVLP113,DNp12,1,1,9,1
LC4,PVLP113,DNp03,1,1,9,1
LC4,PVLP113,DNg09_b,1,1,9,1
LC4,PVLP113,DNg09_a,1,1,9,1
LC4,PVLP100,"DNp51,DNpe019",1,1,64,1
LC4,PVLP100,DNp68,1,1,64,1
LC4,PVLP100,DNp69,1,1,172,1
LC4,PVLP100,DNpe042,1,1,172,1
LC4,PVLP111,DNg30,1,1,3,1
LC4,PVLP111,DNge138,1,1,1,1
LC4,PVLP111,DNp01,1,1,3,1
LC4,PVLP111,DNp06,1,1,2,1
LC4,PVLP111,DNp45,1,1,3,1
LC4,PVLP111,DNp55,1,1,3,1
LC4,PVLP111,DNp70,1,1,2,1
LC4,PVLP111,DNpe005,1,1,2,1
LC4,PVLP111,DNpe024,1,1,1,1
LC4,PVLP111,DNpe040,1,1,1,1
LC4,PVLP111,DNpe042,1,1,1,1
LC4,PVLP111,DNpe050,1,1,2,1
LC4,PVLP112,DNp103,1,1,9,1
LC4,PVLP112,DNp11,1,1,9,1
LC4,PVLP112,DNp35,1,1,23,1
LC4,PVLP141,DNge026,1,1,726,1
LC4,PVLP141,DNge053,1,1,813,1
LC4,PVLP141,DNge134,1,1,813,1
LC4,SAD023,DNp10,1,1,144,1
LC4,SAD021_a,DNg24,1,1,5,1
LC4,SAD021_a,DNg30,1,1,5,1
LC4,SAD021_a,DNge138,1,1,5,1
LC4,SAD021_a,DNge141,1,1,5,1
LC4,SAD021_a,DNp11,1,1,5,1
LC4,SAD021_a,DNp30,1,1,5,1
LC4,SAD021_a,DNp71,1,1,5,1
LC4,SAD023,DNg40,1,1,40,1
LC4,SAD023,DNge130,1,1,118,1
LC4,SAD023,DNp35,1,1,144,1
LC4,SAD044,DNge073,1,1,4,1
LC4,SAD023,DNp71,1,1,186,1
LC4,SAD044,DNa14,1,1,4,1
LC4,SAD044,DNae005,1,1,3,1
LC4,SAD044,DNde001,1,1,3,1
LC4,SAD044,DNde003,1,1,3,1
LC4,SAD044,DNg105,1,1,3,1
LC4,SAD044,DNg33,1,1,3,1
LC4,SAD044,DNg34,1,1,3,1
LC4,SAD044,DNg74_b,1,1,4,1
LC4,SAD014,DNpe056,1,1,7,1
LC4,SAD014,DNp55,1,1,7,1
LC4,SAD014,DNp13,1,1,6,1
LC4,SAD014,DNge132,1,1,6,1
LC4,SAD013,DNge181,1,1,95,1
LC4,SAD013,DNp27,1,1,95,1
LC4,SAD013,DNp30,1,1,103,1
LC4,SAD013,DNp31,1,1,103,1
LC4,SAD013,DNp32,1,1,103,1
LC4,SAD013,DNp33,1,1,103,1
LC4,SAD013,DNp34,1,1,95,1
LC4,SAD013,DNp35,1,1,95,1
LC4,SAD013,DNp53,1,1,95,1
LC4,SAD013,DNp57,1,1,103,1
LC4,SAD013,DNp71,1,1,103,1
LC4,SAD013,DNpe002,1,1,103,1
LC4,SAD013,DNpe005,1,1,103,1
LC4,SAD013,DNpe008,1,1,95,1
LC4,SAD013,aSP22,1,1,103,1
LC4,SAD014,DNde005,1,1,6,1
LC4,SAD014,DNde006,1,1,6,1
LC4,SAD014,DNg35,1,1,6,1
LC4,SAD014,DNg81,1,1,6,1
LC4,SAD044,DNge054,1,1,3,1
LC4,SAD044,DNge083,1,1,3,1
LC4,SAD013,DNge145,1,1,95,1
LC4,SAD053,DNge119,1,1,8,1
LC4,SAD053,DNc02,1,1,8,1
LC4,SAD053,DNd03,1,1,9,1
LC4,SAD053,DNg09_a,1,1,8,1
LC4,SAD053,DNg09_b,1,1,8,1
LC4,SAD053,DNg33,1,1,8,1
LC4,SAD053,DNg74_b,1,1,8,1
LC4,SAD053,DNg84,1,1,9,1
LC4,SAD053,DNge031,1,1,9,1
LC4,SAD053,DNge039,1,1,9,1
LC4,SAD053,DNge138,1,1,8,1
LC4,SAD044,DNge096,1,1,4,1
LC4,SAD053,DNp27,1,1,9,1
LC4,SAD053,DNp30,1,1,8,1
LC4,SAD053,DNp70,1,1,9,1
LC4,SAD053,pIP1,1,1,9,1
LC4,SAD055,DNg09_a,1,1,33,1
LC4,SAD055,DNge039,1,1,33,1
LC4,SAD055,DNge138,1,1,66,1
LC4,SAD055,DNge145,1,1,33,1
LC4,SAD055,DNge184,1,1,33,1
LC4,SAD049,DNpe042,1,1,57,1
LC4,SAD049,DNpe026,1,1,57,1
LC4,SAD049,DNpe005,1,1,51,1
LC4,SAD049,DNp70,1,1,51,1
LC4,SAD044,DNge098,1,1,3,1
LC4,SAD044,DNge111,1,1,4,1
LC4,SAD044,DNge120,1,1,4,1
LC4,SAD044,DNge141,1,1,4,1
LC4,SAD044,DNge142,1,1,4,1
LC4,SAD044,DNp07,1,1,4,1
LC4,SAD044,DNp08,1,1,3,1
LC4,SAD044,DNp12,1,1,3,1
LC4,SAD044,DNp32,1,1,4,1
LC4,SAD044,DNp42,1,1,3,1
LC4,SAD049,DNb05,1,1,57,1
LC4,SAD049,DNg99,1,1,51,1
LC4,SAD049,DNge039,1,1,57,1
LC4,SAD049,DNge084,1,1,57,1
LC4,SAD049,DNge094,1,1,57,1
LC4,SAD049,DNge113,1,1,51,1
LC4,SAD049,DNp04,1,1,57,1
LC4,SAD049,DNp27,1,1,51,1
LC4,SAD049,DNp64,1,1,57,1
LC4,SAD013,DNge147,1,1,103,1
LC4,SAD013,DNge138,1,1,103,1
LC4,PVLP141,DNp06,1,1,726,1
LC4,PVLP201m_d,DNg16,1,1,1,1
LC4,PVLP201m_a,DNpe022,1,1,4,1
LC4,PVLP201m_a,DNpe042,1,1,4,1
LC4,PVLP201m_d,CB0429,1,1,1,1
LC4,PVLP201m_d,DNa05,1,1,1,1
LC4,PVLP201m_d,DNa06,1,1,1,1
LC4,PVLP201m_d,DNae010,1,1,1,1
LC4,PVLP201m_d,DNb02,1,1,1,1
LC4,PVLP201m_d,DNb08,1,1,1,1
LC4,PVLP201m_d,DNde002,1,1,1,1
LC4,PVLP201m_d,DNg44,1,1,1,1
LC4,PVLP207m,DNge041,1,1,1,1
LC4,PVLP201m_d,DNge007,1,1,1,1
LC4,PVLP201m_d,DNge013,1,1,1,1
LC4,PVLP201m_d,DNge136,1,1,1,1
LC4,PVLP201m_d,DNp35,1,1,1,1
LC4,PVLP201m_d,DNp36,1,1,1,1
LC4,PVLP201m_d,DNp45,1,1,1,1
LC4,PVLP201m_d,DNpe020,1,1,1,1
LC4,PVLP201m_d,DNpe024,1,1,1,1
LC4,PVLP201m_d,DNpe027,1,1,1,1
LC4,PVLP201m_a,DNpe020,1,1,4,1
LC4,PVLP201m_a,DNp45,1,1,4,1
LC4,PVLP201m_a,DNp36,1,1,4,1
LC4,PVLP201m_a,DNp30,1,1,4,1
LC4,PVLP141,DNp59,1,1,813,1
LC4,PVLP141,DNpe020,1,1,726,1
LC4,PVLP151,DNa08,1,1,347,1
LC4,PVLP151,DNc01,1,1,394,1
LC4,PVLP151,DNp05,1,1,347,1
LC4,PVLP151,DNp43,1,1,435,1
LC4,PVLP151,DNp66,1,1,394,1
LC4,PVLP151,DNpe043,1,1,394,1
LC4,PVLP151,DNpe052,1,1,350,1
LC4,PVLP151,pIP10,1,1,347,1
LC4,PVLP201m_a,DNae005,1,1,4,1
LC4,PVLP201m_a,DNg04,1,1,4,1
LC4,PVLP201m_a,DNg34,1,1,4,1
LC4,PVLP201m_a,DNg52,1,1,4,1
LC4,PVLP201m_a,DNge103,1,1,4,1
LC4,PVLP201m_a,DNge135,1,1,4,1
LC4,PVLP201m_a,DNge136,1,1,4,1
LC4,PVLP201m_a,DNp01,1,1,4,1
LC4,PVLP201m_a,DNp06,1,1,4,1
LC4,PVLP201m_d,aSP22,1,1,1,1
LC4,PVLP207m,DNp05,1,1,1,1
LC4,SAD013,DNge115,1,1,103,1
LC4,SAD013,DNg51,1,1,95,1
LC4,SAD013,DNa05,1,1,103,1
LC4,SAD013,DNa07,1,1,103,1
LC4,SAD013,DNa10,1,1,95,1
LC4,SAD013,DNa11,1,1,103,1
LC4,SAD013,DNb01,1,1,95,1
LC4,SAD013,DNd02,1,1,103,1
LC4,SAD013,DNg02_d,1,1,103,1
LC4,SAD013,DNg15,1,1,103,1
LC4,SAD013,DNg36_a,1,1,95,1
LC4,SAD013,DNg84,1,1,95,1
LC4,PVLP207m,DNpe052,1,1,1,1
LC4,SAD013,DNg92_a,1,1,103,1
LC4,SAD013,DNg92_b,1,1,95,1
LC4,SAD013,DNge006,1,1,95,1
LC4,SAD013,DNge013,1,1,95,1
LC4,SAD013,DNge026,1,1,95,1
LC4,SAD013,DNge033,1,1,95,1
LC4,SAD013,DNge038,1,1,103,1
LC4,SAD013,DNge070,1,1,95,1
LC4,SAD013,DNge091,1,1,95,1
LC4,SAD011,pIP1,1,1,1,1
LC4,SAD011,DNpe012_b,1,1,1,1
LC4,SAD011,DNpe005,1,1,1,1
LC4,SAD011,DNpe002,1,1,1,1
LC4,PVLP216m,DNa01,1,1,1,1
LC4,PVLP216m,DNae001,1,1,1,1
LC4,PVLP216m,DNg101,1,1,1,1
LC4,PVLP216m,DNp13,1,1,1,1
LC4,PVLP216m,DNp46,1,1,1,1
LC4,PVLP216m,DNp67,1,1,1,1
LC4,PVLP216m,DNpe023,1,1,1,1
LC4,PVLP216m,DNpe024,1,1,1,1
LC4,PVLP216m,MDN,1,1,1,1
LC4,SAD011,DNg07,1,1,1,1
LC4,SAD011,DNg08,1,1,1,1
LC4,SAD011,DNg29,1,1,1,1
LC4,SAD011,DNg94,1,1,60,1
LC4,SAD011,DNge184,1,1,70,1
LC4,SAD011,DNp12,1,1,70,1
LC4,SAD011,DNp16_b,1,1,60,1
LC4,SAD011,DNp19,1,1,1,1
LC4,SAD011,DNp21,1,1,60,1
LC4,SAD011,DNp73,1,1,60,1
LC4,PVLP093,DNae006,1,1,33,1
LC4,PVLP085,DNp35,1,1,4,1
LC4,PVLP076,DNpe052,1,1,5,1
LC4,PS306,DNpe050,1,1,20,1
LC4,PS306,DNp43,1,1,20,1
LC4,PS306,DNp57,1,1,20,1
LC4,PS306,DNp66,1,1,20,1
LC4,PS306,DNp68,1,1,20,1
LC4,PS306,DNp69,1,1,25,1
LC4,PS306,DNpe022,1,1,25,1
LC4,PS306,DNpe024,1,1,20,1
LC4,PS306,DNpe026,1,1,20,1
LC4,PS306,DNpe042,1,1,25,1
LC4,PS306,pIP10,1,1,20,1
LC4,PVLP010,DNge148,1,1,938,1
LC4,PVLP010,DNc01,1,1,1238,1
LC4,PVLP010,DNc02,1,1,1238,1
LC4,PVLP010,DNd04,1,1,938,1
LC4,PVLP010,DNg09_b,1,1,1238,1
LC4,PVLP010,DNg101,1,1,1238,1
LC4,PVLP010,DNg105,1,1,1238,1
LC4,PVLP010,DNg86,1,1,1238,1
LC4,PVLP010,DNge039,1,1,1238,1
LC4,PVLP010,DNge049,1,1,938,1
LC4,PS306,DNp15,1,1,25,1
LC4,PS306,DNp10,1,1,20,1
LC4,PS306,DNp09,1,1,20,1
LC4,PS306,DNge150,1,1,20,1
LC4,PS306,DNg05_a,1,1,25,1
LC4,PS306,DNg101,1,1,20,1
LC4,PS306,DNg102,1,1,20,1
LC4,PS306,DNg111,1,1,25,1
LC4,PS306,DNg13,1,1,25,1
LC4,PS306,DNg17,1,1,25,1
LC4,PS306,DNg42,1,1,20,1
LC4,PS306,DNg44,1,1,20,1
LC4,PS306,DNg79,1,1,25,1
LC4,PS306,DNg82,1,1,20,1
LC4,PS306,DNg95,1,1,20,1
LC4,PS306,DNg98,1,1,25,1
LC4,PS306,DNge037,1,1,20,1
LC4,PS306,DNge063,1,1,20,1
LC4,PS306,DNge064,1,1,25,1
LC4,PS306,DNge124,1,1,25,1
LC4,PS306,DNge125,1,1,25,1
LC4,PS306,DNge135,1,1,20,1
LC4,PS306,DNge138,1,1,25,1
LC4,PVLP010,DNge082,1,1,938,1
LC4,PVLP010,DNp10,1,1,1238,1
LC4,PS306,DNg02_a,1,1,25,1
LC4,PVLP015,DNg110,1,1,292,1
LC4,PVLP014,DNp29,1,1,2,1
LC4,PVLP014,DNp55,1,1,2,1
LC4,PVLP014,DNpe021,1,1,2,1
LC4,PVLP014,DNpe031,1,1,2,1
LC4,PVLP014,pIP1,1,1,2,1
LC4,PVLP015,DNa03,1,1,541,1
LC4,PVLP015,DNa04,1,1,292,1
LC4,PVLP015,DNa07,1,1,292,1
LC4,PVLP015,DNa16,1,1,541,1
LC4,PVLP015,DNge099,1,1,541,1
LC4,PVLP010,DNp27,1,1,938,1
LC4,PVLP015,DNge113,1,1,541,1
LC4,PVLP015,DNp04,1,1,292,1
LC4,PVLP015,DNp12,1,1,541,1
LC4,PVLP015,DNp13,1,1,541,1
LC4,PVLP015,DNp23,1,1,541,1
LC4,PVLP015,DNp64,1,1,292,1
LC4,PVLP015,DNp66,1,1,292,1
LC4,PVLP015,DNpe001,1,1,292,1
LC4,PVLP015,DNpe002,1,1,292,1
LC4,PVLP014,DNp27,1,1,2,1
LC4,PVLP014,DNp103,1,1,2,1
LC4,PVLP013,pIP1,1,1,23,1
LC4,PVLP011,DNpe052,1,1,594,1
LC4,PVLP010,DNp38,1,1,1238,1
LC4,PVLP010,DNp60,1,1,1238,1
LC4,PVLP010,DNp67,1,1,1238,1
LC4,PVLP010,DNp68,1,1,1238,1
LC4,PVLP010,DNpe053,1,1,1238,1
LC4,PVLP010,pIP10,1,1,938,1
LC4,PVLP010,pMP2,1,1,1238,1
LC4,PVLP011,DNa04,1,1,594,1
LC4,PVLP011,DNae002,1,1,594,1
LC4,PVLP011,DNae007,1,1,417,1
LC4,PVLP011,DNg97,1,1,417,1
LC4,PVLP011,DNp05,1,1,417,1
LC4,PVLP011,DNp26,1,1,417,1
LC4,PVLP011,DNp27,1,1,594,1
LC4,PVLP011,DNp31,1,1,417,1
LC4,PVLP011,DNp43,1,1,417,1
LC4,PVLP011,DNp64,1,1,417,1
LC4,PVLP011,DNpe021,1,1,417,1
LC4,PVLP011,DNpe040,1,1,417,1
LC4,PS306,DNg02_c,1,1,25,1
LC4,PS306,DNae010,1,1,20,1
LC4,PVLP017,DNc02,1,1,42,1
LC4,PS181,DNp55,1,1,2,1
LC4,PS180,pIP10,1,1,2,1
LC4,PS181,CB0429,1,1,2,1
LC4,PS181,DNa04,1,1,2,1
LC4,PS181,DNg01_a,1,1,2,1
LC4,PS181,DNge017,1,1,2,1
LC4,PS181,DNp09,1,1,2,1
LC4,PS181,DNp27,1,1,2,1
LC4,PS181,DNp31,1,1,2,1
LC4,PS181,DNp45,1,1,2,1
LC4,PS181,DNp63,1,1,2,1
LC4,PS182,DNg02_b,1,1,1,1
LC4,PS181,DNp64,1,1,2,1
LC4,PS181,DNpe020,1,1,2,1
LC4,PS181,DNpe042,1,1,2,1
LC4,PS181,DNpe055,1,1,2,1
LC4,PS181,pIP1,1,1,2,1
LC4,PS182,CB0429,1,1,1,1
LC4,PS182,DNa10,1,1,5,1
LC4,PS182,DNae003,1,1,1,1
LC4,PS182,DNae007,1,1,5,1
LC4,PS180,aSP22,1,1,2,1
LC4,PS180,DNpe042,1,1,2,1
LC4,PS180,DNpe037,1,1,2,1
LC4,PS180,DNpe021,1,1,2,1
LC4,PS112,DNge033,1,1,2,1
LC4,PS112,DNge054,1,1,2,1
LC4,PS112,DNge086,1,1,2,1
LC4,PS112,DNge107,1,1,2,1
LC4,PS112,DNp05,1,1,2,1
LC4,PS112,DNp09,1,1,2,1
LC4,PS112,DNp104,1,1,2,1
LC4,PS112,DNp15,1,1,2,1
LC4,PS180,CB0429,1,1,2,1
LC4,PS180,DNa04,1,1,2,1
LC4,PS180,DNae004,1,1,2,1
LC4,PS180,DNae010,1,1,2,1
LC4,PS180,DNb08,1,1,2,1
LC4,PS180,DNg01_d,1,1,2,1
LC4,PS180,DNg50,1,1,2,1
LC4,PS180,DNp08,1,1,2,1
LC4,PS180,DNp18,1,1,2,1
LC4,PS180,DNp31,1,1,2,1
LC4,PS180,DNp67,1,1,2,1
LC4,PS182,DNb05,1,1,1,1
LC4,PS182,DNg27,1,1,5,1
LC4,PS304,MDN,1,1,1,1
LC4,PS304,DNge010,1,1,1,1
LC4,PS304,DNg02_c,1,1,1,1
LC4,PS304,DNg09_a,1,1,1,1
LC4,PS304,DNg102,1,1,1,1
LC4,PS304,DNg104,1,1,1,1
LC4,PS304,DNg37,1,1,1,1
LC4,PS304,DNg39,1,1,1,1
LC4,PS304,DNg49,1,1,1,1
LC4,PS304,DNg64,1,1,1,1
LC4,PS304,DNg84,1,1,1,1
LC4,PS304,DNge056,1,1,1,1
LC4,PS182,DNp06,1,1,1,1
LC4,PS304,DNge086,1,1,1,1
LC4,PS304,DNge099,1,1,1,1
LC4,PS304,DNge124,1,1,1,1
LC4,PS304,DNge127,1,1,1,1
LC4,PS304,DNge128,1,1,1,1
LC4,PS304,DNp08,1,1,1,1
LC4,PS304,DNpe021,1,1,1,1
LC4,PS304,DNpe022,1,1,1,1
LC4,PS304,DNpe027,1,1,1,1
LC4,PS304,DNde002,1,1,1,1
LC4,PS304,DNd03,1,1,1,1
LC4,PS304,DNae009,1,1,1,1
LC4,PS304,DNae008,1,1,1,1
LC4,PS182,DNp08,1,1,1,1
LC4,PS182,DNp09,1,1,5,1
LC4,PS182,DNp10,1,1,5,1
LC4,PS182,DNp14,1,1,1,1
LC4,PS182,DNp42,1,1,5,1
LC4,PS182,DNp46,1,1,1,1
LC4,PS182,DNp47,1,1,5,1
LC4,PS182,DNp66,1,1,1,1
LC4,PS182,DNpe016,1,1,1,1
LC4,PS182,DNpe020,1,1,1,1
LC4,PS182,DNpe022,1,1,1,1
LC4,PS182,DNpe024,1,1,5,1
LC4,PS182,DNpe028,1,1,5,1
LC4,PS182,DNpe031,1,1,5,1
LC4,PS182,DNpe040,1,1,1,1
LC4,PS182,DNpe043,1,1,1,1
LC4,PS182,DNpe045,1,1,1,1
LC4,PS182,DNpe056,1,1,1,1
LC4,PS182,pIP10,1,1,1,1
LC4,PVLP015,DNpe039,1,1,292,1
LC4,PVLP017,DNp05,1,1,42,1
LC4,PVLP076,DNpe022,1,1,4,1
LC4,PVLP062,DNge047,1,1,3,1
LC4,PVLP046,DNpe020,1,1,176,1
LC4,PVLP046_unclear,DNp68,1,1,7,1
LC4,PVLP061,DNp35,1,1,5,1
LC4,PVLP061,DNpe050,1,1,5,1
LC4,PVLP062,DNb05,1,1,8,1
LC4,PVLP062,DNc02,1,1,3,1
LC4,PVLP062,DNg102,1,1,8,1
LC4,PVLP062,DNg15,1,1,8,1
LC4,PVLP062,DNge032,1,1,3,1
LC4,PVLP062,DNge073,1,1,3,1
LC4,PVLP064,DNg40,1,1,209,1
LC4,PVLP062,DNge075,1,1,3,1
LC4,PVLP062,DNge111,1,1,8,1
LC4,PVLP062,DNge133,1,1,8,1
LC4,PVLP062,DNp05,1,1,3,1
LC4,PVLP062,DNp27,1,1,3,1
LC4,PVLP062,DNp29,1,1,8,1
LC4,PVLP062,DNp34,1,1,8,1
LC4,PVLP062,DNp66,1,1,8,1
LC4,PVLP062,DNpe043,1,1,8,1
LC4,PVLP046,DNp69,1,1,36,1
LC4,PVLP046,DNge079,1,1,50,1
LC4,PVLP046,DNge072,1,1,176,1
LC4,PVLP046,DNge050,1,1,4,1
LC4,PVLP034,DNp27,1,1,1,1
LC4,PVLP034,DNpe002,1,1,1,1
LC4,PVLP034,DNpe021,1,1,1,1
LC4,PVLP034,DNpe040,1,1,1,1
LC4,PVLP034,pIP1,1,1,1,1
LC4,PVLP034,pIP10,1,1,1,1
LC4,PVLP034,pMP2,1,1,1,1
LC4,PVLP046,DNb02,1,1,5,1
LC4,PVLP046,DNc01,1,1,12,1
LC4,PVLP046,DNc02,1,1,50,1
LC4,PVLP046,DNg100,1,1,4,1
LC4,PVLP046,DNg12_a,1,1,154,1
LC4,PVLP046,DNg43,1,1,4,1
LC4,PVLP046,DNg75,1,1,4,1
LC4,PVLP046,DNg89,1,1,133,1
LC4,PVLP046,DNge003,1,1,176,1
LC4,PVLP046,DNge022,1,1,4,1
LC4,PVLP046,DNge029,1,1,50,1
LC4,PVLP046,DNge033,1,1,34,1
LC4,PVLP064,DNg30,1,1,207,1
LC4,PVLP064,DNge138,1,1,51,1
LC4,PVLP034,DNp11,1,1,4,1
LC4,PVLP076,DNbe003,1,1,4,1
LC4,PVLP071,DNp103,1,1,1,1
LC4,PVLP071,DNp47,1,1,7,1
LC4,PVLP071,DNp69,1,1,7,1
LC4,PVLP071,DNpe024,1,1,7,1
LC4,PVLP074,DNg40,1,1,6,1
LC4,PVLP074,DNp30,1,1,6,1
LC4,PVLP074,DNp66,1,1,6,1
LC4,PVLP074,DNpe021,1,1,6,1
LC4,PVLP074,DNpe056,1,1,6,1
LC4,PVLP076,DNg108,1,1,5,1
LC4,PVLP064,DNp01,1,1,299,1
LC4,PVLP076,DNg34,1,1,4,1
LC4,PVLP076,DNg81,1,1,4,1
LC4,PVLP076,DNge039,1,1,4,1
LC4,PVLP076,DNge124,1,1,4,1
LC4,PVLP076,DNp08,1,1,4,1
LC4,PVLP076,DNp18,1,1,4,1
LC4,PVLP076,DNp32,1,1,5,1
LC4,PVLP076,DNp42,1,1,5,1
LC4,PVLP076,DNp64,1,1,4,1
LC4,PVLP069,DNpe056,1,1,2,1
LC4,PVLP069,DNpe052,1,1,1,1
LC4,PVLP069,DNpe040,1,1,2,1
LC4,PVLP069,DNp64,1,1,1,1
LC4,PVLP064,DNp29,1,1,51,1
LC4,PVLP064,DNp35,1,1,209,1
LC4,PVLP064,DNpe025,1,1,51,1
LC4,PVLP065,DNg91,1,1,14,1
LC4,PVLP065,DNp103,1,1,14,1
LC4,PVLP065,DNp27,1,1,14,1
LC4,PVLP065,DNpe037,1,1,14,1
LC4,PVLP066,DNc02,1,1,215,1
LC4,PVLP066,DNge054,1,1,215,1
LC4,PVLP066,DNp02,1,1,213,1
LC4,PVLP066,DNp11,1,1,88,1
LC4,PVLP066,DNp30,1,1,215,1
LC4,PVLP066,DNp42,1,1,213,1
LC4,PVLP066,DNp70,1,1,213,1
LC4,PVLP066,DNp71,1,1,215,1
LC4,PVLP066,DNpe040,1,1,88,1
LC4,PVLP068,DNpe025,1,1,114,1
LC4,PVLP069,DNp23,1,1,2,1
LC4,PVLP069,DNp34,1,1,2,1
LC4,PVLP034,DNp23,1,1,4,1
LC4,PVLP034,DNde002,1,1,1,1
LC4,PVLP017,DNp34,1,1,20,1
LC4,PVLP021,DNp26,1,1,716,1
LC4,PVLP021,DNc02,1,1,912,1
LC4,PVLP021,DNd03,1,1,1110,1
LC4,PVLP021,DNde001,1,1,1110,1
LC4,PVLP021,DNg101,1,1,1110,1
LC4,PVLP021,DNg35,1,1,912,1
LC4,PVLP021,DNg86,1,1,912,1
LC4,PVLP021,DNge124,1,1,912,1
LC4,PVLP021,DNge138,1,1,1110,1
LC4,PVLP021,DNp18,1,1,912,1
LC4,PVLP021,DNp32,1,1,716,1
LC4,PVLP022,DNde002,1,1,1167,1
LC4,PVLP021,DNp62,1,1,1110,1
LC4,PVLP021,DNpe005,1,1,1110,1
LC4,PVLP021,DNpe021,1,1,1110,1
LC4,PVLP021,DNpe031,1,1,1110,1
LC4,PVLP021,DNpe042,1,1,716,1
LC4,PVLP021,DNpe052,1,1,716,1
LC4,PVLP021,pIP10,1,1,912,1
LC4,PVLP022,DNa04,1,1,1167,1
LC4,PVLP022,DNb09,1,1,807,1
LC4,PVLP021,DNc01,1,1,1110,1
LC4,PVLP021,DNbe007,1,1,697,1
LC4,PVLP019,pIP1,1,1,197,1
LC4,PVLP019,DNpe049,1,1,197,1
LC4,PVLP017,DNpe020,1,1,42,1
LC4,PVLP017,DNpe024,1,1,20,1
LC4,PVLP017,DNpe040,1,1,42,1
LC4,PVLP017,DNpe050,1,1,42,1
LC4,PVLP017,DNpe052,1,1,42,1
LC4,PVLP018,DNp11,1,1,24,1
LC4,PVLP018,DNp27,1,1,24,1
LC4,PVLP018,DNp69,1,1,24,1
LC4,PVLP018,DNp71,1,1,33,1
LC4,PVLP018,DNpe031,1,1,33,1
LC4,PVLP018,DNpe040,1,1,24,1
LC4,PVLP019,DNa02,1,1,275,1
LC4,PVLP019,DNae001,1,1,275,1
LC4,PVLP019,DNp07,1,1,275,1
LC4,PVLP019,DNp34,1,1,275,1
LC4,PVLP019,DNp35,1,1,275,1
LC4,PVLP019,DNp70,1,1,275,1
LC4,PVLP019,DNpe025,1,1,197,1
LC4,PVLP019,DNpe029,1,1,197,1
LC4,PVLP022,DNd04,1,1,804,1
LC4,PVLP022,DNde006,1,1,807,1
LC4,PVLP034,DNa16,1,1,1,1
LC4,PVLP028,DNde006,1,1,9,1
LC4,PVLP026,DNp30,1,1,192,1
LC4,PVLP027,DNp03,1,1,36,1
LC4,PVLP027,DNp30,1,1,36,1
LC4,PVLP027,DNp32,1,1,4,1
LC4,PVLP027,DNp35,1,1,36,1
LC4,PVLP027,DNp43,1,1,4,1
LC4,PVLP027,DNp59,1,1,4,1
LC4,PVLP027,DNpe024,1,1,4,1
LC4,PVLP027,DNpe031,1,1,4,1
LC4,PVLP028,DNp03,1,1,9,1
LC4,PVLP022,DNde007,1,1,807,1
LC4,PVLP028,DNpe021,1,1,9,1
LC4,PVLP031,DNd03,1,1,22,1
LC4,PVLP031,DNg09_b,1,1,14,1
LC4,PVLP031,DNge138,1,1,16,1
LC4,PVLP031,DNp12,1,1,14,1
LC4,PVLP031,DNp32,1,1,36,1
LC4,PVLP031,DNp34,1,1,16,1
LC4,PVLP031,DNpe052,1,1,16,1
LC4,PVLP034,DNa07,1,1,4,1
LC4,PVLP026,DNge138,1,1,192,1
LC4,PVLP026,DNc02,1,1,192,1
LC4,PVLP025,DNp27,1,1,4,1
LC4,PVLP025,DNp103,1,1,22,1
LC4,PVLP022,DNg111,1,1,1167,1
LC4,PVLP022,DNg30,1,1,1167,1
LC4,PVLP022,DNge054,1,1,804,1
LC4,PVLP022,DNge138,1,1,804,1
LC4,PVLP022,DNp09,1,1,807,1
LC4,PVLP022,DNp102,1,1,804,1
LC4,PVLP022,DNp46,1,1,807,1
LC4,PVLP022,DNpe020,1,1,1167,1
LC4,PVLP022,DNpe022,1,1,807,1
LC4,PVLP022,DNpe037,1,1,1167,1
LC4,PVLP022,DNpe042,1,1,1167,1
LC4,PVLP022,pIP10,1,1,807,1
LC4,PVLP024,DNb09,1,1,2173,1
LC4,PVLP024,DNg40,1,1,2651,1
LC4,PVLP024,DNge054,1,1,2026,1
LC4,PVLP024,DNp69,1,1,2173,1
LC4,PVLP024,DNpe020,1,1,2026,1
LC4,PVLP024,DNpe037,1,1,2026,1
LC4,PVLP025,DNbe001,1,1,4,1
LC4,SAD055,DNp12,1,1,66,1
LC4,SAD055,DNpe022,1,1,66,1
LPLC2,AVLP340,DNp62,1,1,810,1
LPLC2,AVLP016,DNp04,1,1,1,1
LPLC2,AVLP001,DNpe025,1,1,1,1
LPLC2,AVLP001,DNpe039,1,1,1,1
LPLC2,AVLP016,DNa07,1,1,1,1
LPLC2,AVLP016,DNbe001,1,1,1,1
LPLC2,AVLP016,DNde007,1,1,1,1
LPLC2,AVLP016,DNg101,1,1,1,1
LPLC2,AVLP016,DNg13,1,1,1,1
LPLC2,AVLP016,DNg30,1,1,1,1
LPLC2,AVLP016,DNge049,1,1,1,1
LPLC2,AVLP016,DNp05,1,1,1,1
LPLC2,AVLP001,DNp71,1,1,1,1
LPLC2,AVLP016,DNp104,1,1,1,1
LPLC2,AVLP016,DNp13,1,1,1,1
LPLC2,AVLP016,DNp27,1,1,1,1
LPLC2,AVLP016,DNp31,1,1,1,1
LPLC2,AVLP016,DNp49,1,1,1,1
LPLC2,AVLP016,DNp68,1,1,1,1
LPLC2,AVLP016,DNp71,1,1,1,1
LPLC2,AVLP016,DNpe003,1,1,1,1
LPLC2,AVLP016,DNpe040,1,1,1,1
LPLC2,AVLP001,DNpe021,1,1,1,1
LPLC2,AVLP001,DNp70,1,1,1,1
LC4,SAD055,DNpe030,1,1,66,1
LPLC2,AOTU032,DNg92_a,1,1,2,1
LPLC2,AN27X011,DNpe011,1,1,1,1
LPLC2,AN27X011,DNpe026,1,1,1,1
LPLC2,AN27X011,DNpe031,1,1,1,1
LPLC2,AN27X011,DNpe045,1,1,1,1
LPLC2,AN27X011,DNpe057,1,1,1,1
LPLC2,AN27X011,aSP22,1,1,1,1
LPLC2,AN27X011,pIP1,1,1,1,1
LPLC2,AOTU032,DNg43,1,1,17,1
LPLC2,AOTU032,DNg56,1,1,2,1
LPLC2,AOTU032,DNp56,1,1,17,1
LPLC2,AVLP001,DNp34,1,1,1,1
LPLC2,AOTU032,DNp63,1,1,17,1
LPLC2,AOTU034,DNd02,1,1,12,1
LPLC2,AOTU034,DNp07,1,1,12,1
LPLC2,AOTU034,DNp10,1,1,12,1
LPLC2,AOTU034,DNp26,1,1,12,1
LPLC2,AOTU034,DNp32,1,1,12,1
LPLC2,AVLP001,DNc01,1,1,1,1
LPLC2,AVLP001,DNde006,1,1,1,1
LPLC2,AVLP001,DNp11,1,1,1,1
LPLC2,AVLP016,DNpe043,1,1,1,1
LPLC2,AVLP016,pMP2,1,1,1,1
LPLC2,AVLP037,DNg30,1,1,2,1
LPLC2,AVLP077,DNp70,1,1,1,1
LPLC2,AVLP076,DNpe053,1,1,3,1
LPLC2,AVLP077,DNb09,1,1,1,1
LPLC2,AVLP077,DNge053,1,1,1,1
LPLC2,AVLP077,DNp09,1,1,1,1
LPLC2,AVLP077,DNp23,1,1,1,1
LPLC2,AVLP077,DNp27,1,1,1,1
LPLC2,AVLP077,DNp43,1,1,1,1
LPLC2,AVLP077,DNp66,1,1,1,1
LPLC2,AVLP077,DNp69,1,1,1,1
LPLC2,AVLP077,DNpe024,1,1,1,1
LPLC2,AVLP037,DNge053,1,1,2,1
LPLC2,AVLP077,DNpe031,1,1,1,1
LPLC2,AVLP077,DNpe045,1,1,1,1
LPLC2,AVLP078,DNb05,1,1,62,1
LPLC2,AVLP078,DNg40,1,1,108,1
LPLC2,AVLP078,DNp34,1,1,108,1
LPLC2,AVLP078,DNp35,1,1,108,1
LPLC2,AVLP078,DNp45,1,1,62,1
LPLC2,AVLP078,DNp64,1,1,108,1
LPLC2,AVLP078,DNp67,1,1,62,1
LPLC2,AVLP076,DNpe024,1,1,9,1
LPLC2,AVLP076,DNp62,1,1,9,1
LPLC2,AVLP076,DNp32,1,1,9,1
LPLC2,AVLP076,DNp27,1,1,3,1
LPLC2,AVLP037,DNp45,1,1,2,1
LPLC2,AVLP037,DNp66,1,1,2,1
LPLC2,AVLP037,DNpe040,1,1,2,1
LPLC2,AVLP039,DNg40,1,1,1,1
LPLC2,AVLP039,DNp09,1,1,1,1
LPLC2,AVLP039,DNp42,1,1,1,1
LPLC2,AVLP039,DNp60,1,1,1,1
LPLC2,AVLP039,DNpe045,1,1,1,1
LPLC2,AVLP040,DNbe002,1,1,6,1
LPLC2,AVLP040,DNge073,1,1,6,1
LPLC2,AVLP040,DNp09,1,1,6,1
LPLC2,AVLP040,DNp49,1,1,3,1
LPLC2,AVLP040,DNpe021,1,1,3,1
LPLC2,AVLP040,DNpe024,1,1,3,1
LPLC2,AVLP076,,1,1,3,1
LPLC2,AVLP076,DNa11,1,1,9,1
LPLC2,AVLP076,DNd05,1,1,9,1
LPLC2,AVLP076,DNge054,1,1,3,1
LPLC2,AVLP076,DNp13,1,1,9,1
LPLC2,AN27X011,DNp68,1,1,1,1
LPLC2,AN27X011,DNp66,1,1,1,1
LPLC2,AN27X011,"DNp51,DNpe019",1,1,1,1
LPLC2,5-HTPMPV03,DNge176,1,1,3,1
LPLC2,5-HTPMPV03,DNge096,1,1,3,1
LPLC2,5-HTPMPV03,DNge099,1,1,3,1
LPLC2,5-HTPMPV03,DNge114,1,1,3,1
LPLC2,5-HTPMPV03,DNge119,1,1,9,1
LPLC2,5-HTPMPV03,DNge126,1,1,3,1
LPLC2,5-HTPMPV03,DNge132,1,1,9,1
LPLC2,5-HTPMPV03,DNge148,1,1,9,1
LPLC2,5-HTPMPV03,DNge149,1,1,3,1
LPLC2,5-HTPMPV03,DNge154,1,1,3,1
LPLC2,5-HTPMPV03,DNge179,1,1,9,1
LPLC2,5-HTPMPV03,DNpe002,1,1,9,1
LPLC2,5-HTPMPV03,DNge183,1,1,9,1
LPLC2,5-HTPMPV03,DNp05,1,1,3,1
LPLC2,5-HTPMPV03,DNp102,1,1,3,1
LPLC2,5-HTPMPV03,DNp17,1,1,9,1
LPLC2,5-HTPMPV03,DNp22,1,1,9,1
LPLC2,5-HTPMPV03,DNp35,1,1,9,1
LPLC2,5-HTPMPV03,DNp55,1,1,3,1
LPLC2,5-HTPMPV03,DNp59,1,1,3,1
LPLC2,5-HTPMPV03,DNp69,1,1,3,1
LPLC2,5-HTPMPV03,DNge085,1,1,9,1
LPLC2,5-HTPMPV03,DNge072,1,1,9,1
LPLC2,5-HTPMPV03,DNge054,1,1,3,1
LPLC2,5-HTPMPV03,DNge052,1,1,3,1
LPLC2,5-HTPMPV03,DNg01_b,1,1,3,1
LPLC2,5-HTPMPV03,DNg01_d,1,1,3,1
LPLC2,5-HTPMPV03,DNg10,1,1,3,1
LPLC2,5-HTPMPV03,DNg104,1,1,3,1
LPLC2,5-HTPMPV03,DNg111,1,1,3,1
LPLC2,5-HTPMPV03,DNg18_b,1,1,9,1
LPLC2,5-HTPMPV03,DNg27,1,1,9,1
LPLC2,5-HTPMPV03,DNg36_b,1,1,9,1
LPLC2,5-HTPMPV03,DNg43,1,1,9,1
LPLC2,5-HTPMPV03,DNg75,1,1,9,1
LPLC2,5-HTPMPV03,DNg76,1,1,3,1
LPLC2,5-HTPMPV03,DNg81,1,1,3,1
LPLC2,5-HTPMPV03,DNg89,1,1,3,1
LPLC2,5-HTPMPV03,DNge007,1,1,9,1
LPLC2,5-HTPMPV03,DNge026,1,1,9,1
LPLC2,5-HTPMPV03,DNge031,1,1,9,1
LPLC2,5-HTPMPV03,DNge033,1,1,3,1
LPLC2,5-HTPMPV03,DNge039,1,1,9,1
LPLC2,5-HTPMPV03,DNge040,1,1,3,1
LPLC2,5-HTPMPV03,DNp70,1,1,3,1
LPLC2,5-HTPMPV03,DNpe006,1,1,9,1
LPLC2,AN27X011,DNp38,1,1,1,1
LPLC2,AN27X011,DNge048,1,1,1,1
LPLC2,AN27X011,DNg27,1,1,1,1
LPLC2,AN27X011,DNg43,1,1,1,1
LPLC2,AN27X011,DNg44,1,1,1,1
LPLC2,AN27X011,DNg66,1,1,1,1
LPLC2,AN27X011,DNg78,1,1,1,1
LPLC2,AN27X011,DNg96,1,1,1,1
LPLC2,AN27X011,DNge019,1,1,1,1
LPLC2,AN27X011,DNge031,1,1,1,1
LPLC2,AN27X011,DNge037,1,1,1,1
LPLC2,AN27X011,DNge049,1,1,1,1
LPLC2,5-HTPMPV03,DNpe015,1,1,9,1
LPLC2,AN27X011,DNge052,1,1,1,1
LPLC2,AN27X011,DNge099,1,1,1,1
LPLC2,AN27X011,DNge125,1,1,1,1
LPLC2,AN27X011,DNge139,1,1,1,1
LPLC2,AN27X011,DNge172,1,1,1,1
LPLC2,AN27X011,DNp102,1,1,1,1
LPLC2,AN27X011,DNp13,1,1,1,1
LPLC2,AN27X011,DNp17,1,1,1,1
LPLC2,AN27X011,DNp30,1,1,1,1
LPLC2,AN27X011,DNg22,1,1,1,1
LPLC2,AN27X011,DNg19,1,1,1,1
LPLC2,AN27X011,DNg12_f,1,1,1,1
LPLC2,AN27X011,DNg12_a,1,1,1,1
LPLC2,5-HTPMPV03,DNpe020,1,1,3,1
LPLC2,5-HTPMPV03,DNpe043,1,1,9,1
LPLC2,5-HTPMPV03,DNpe056,1,1,9,1
LPLC2,5-HTPMPV03,DNpe057,1,1,3,1
LPLC2,AMMC-A1,DNp10,1,1,121,1
LPLC2,AMMC-A1,DNp32,1,1,57,1
LPLC2,AMMC-A1,DNp71,1,1,49,1
LPLC2,AMMC-A1,DNpe045,1,1,31,1
LPLC2,AN27X011,DNa05,1,1,1,1
LPLC2,AN27X011,DNa09,1,1,1,1
LPLC2,AN27X011,DNa11,1,1,1,1
LPLC2,AN27X011,DNa15,1,1,1,1
LPLC2,AN27X011,DNae001,1,1,1,1
LPLC2,AN27X011,DNb02,1,1,1,1
LPLC2,AN27X011,DNd03,1,1,1,1
LPLC2,AN27X011,DNde007,1,1,1,1
LPLC2,AN27X011,DNg02_b,1,1,1,1
LPLC2,AN27X011,DNg101,1,1,1,1
LPLC2,AN27X011,DNg102,1,1,1,1
LPLC2,AVLP078,DNpe050,1,1,62,1
LPLC2,AVLP078,DNpe056,1,1,62,1
LPLC2,AVLP079,DNc02,1,1,9,1
LPLC2,AVLP259,DNp09,1,1,121,1
LPLC2,AVLP258,DNd03,1,1,448,1
LPLC2,AVLP258,DNde006,1,1,448,1
LPLC2,AVLP258,DNge032,1,1,448,1
LPLC2,AVLP258,DNge138,1,1,348,1
LPLC2,AVLP258,DNp09,1,1,348,1
LPLC2,AVLP258,DNp29,1,1,448,1
LPLC2,AVLP258,DNp42,1,1,448,1
LPLC2,AVLP258,DNp43,1,1,348,1
LPLC2,AVLP259,DNd03,1,1,121,1
LPLC2,AVLP259,DNp43,1,1,135,1
LPLC2,AVLP292,DNp45,1,1,6,1
LPLC2,AVLP259,DNp70,1,1,93,1
LPLC2,AVLP259,DNpe025,1,1,93,1
LPLC2,AVLP259,DNpe043,1,1,135,1
LPLC2,AVLP285,DNp103,1,1,5,1
LPLC2,AVLP285,DNp13,1,1,5,1
LPLC2,AVLP285,DNp32,1,1,5,1
LPLC2,AVLP285,DNp64,1,1,5,1
LPLC2,AVLP285,DNpe025,1,1,5,1
LPLC2,AVLP285,DNpe050,1,1,5,1
LPLC2,AVLP205,DNpe050,1,1,19,1
LPLC2,AVLP205,DNpe030,1,1,19,1
LPLC2,AVLP205,DNp32,1,1,9,1
LPLC2,AVLP205,DNp27,1,1,9,1
LPLC2,AVLP203_b,DNp70,1,1,7,1
LPLC2,AVLP203_b,DNpe025,1,1,7,1
LPLC2,AVLP203_c,DNg40,1,1,5,1
LPLC2,AVLP203_c,DNge047,1,1,13,1
LPLC2,AVLP203_c,DNp05,1,1,5,1
LPLC2,AVLP203_c,DNp29,1,1,5,1
LPLC2,AVLP203_c,DNp30,1,1,5,1
LPLC2,AVLP203_c,DNp70,1,1,13,1
LPLC2,AVLP203_c,DNpe052,1,1,5,1
LPLC2,AVLP203_c,pIP1,1,1,5,1
LPLC2,AVLP204,DNd04,1,1,4,1
LPLC2,AVLP204,DNde006,1,1,4,1
LPLC2,AVLP204,DNge032,1,1,26,1
LPLC2,AVLP204,DNp01,1,1,26,1
LPLC2,AVLP204,DNpe039,1,1,26,1
LPLC2,AVLP205,DNg104,1,1,19,1
LPLC2,AVLP205,DNge132,1,1,19,1
LPLC2,AVLP205,DNge138,1,1,19,1
LPLC2,AVLP205,DNp04,1,1,8,1
LPLC2,AVLP285,pIP10,1,1,5,1
LPLC2,AVLP300_b,DNp13,1,1,1,1
LPLC2,AVLP203_b,DNp35,1,1,7,1
LPLC2,AVLP339,DNp64,1,1,32,1
LPLC2,AVLP339,DNg03,1,1,32,1
LPLC2,AVLP339,DNg30,1,1,32,1
LPLC2,AVLP339,DNg40,1,1,32,1
LPLC2,AVLP339,DNge047,1,1,7,1
LPLC2,AVLP339,DNp06,1,1,7,1
LPLC2,AVLP339,DNp103,1,1,32,1
LPLC2,AVLP339,DNp27,1,1,32,1
LPLC2,AVLP339,DNp29,1,1,7,1
LPLC2,AVLP339,DNp49,1,1,7,1
LPLC2,AVLP339,DNpe001,1,1,32,1
LPLC2,AVLP300_b,DNp66,1,1,1,1
LPLC2,AVLP339,DNpe025,1,1,7,1
LPLC2,AVLP339,DNpe039,1,1,32,1
LPLC2,AVLP339,DNpe042,1,1,32,1
LPLC2,AVLP339,DNpe045,1,1,32,1
LPLC2,AVLP340,DNg104,1,1,810,1
LPLC2,AVLP340,DNge141,1,1,810,1
LPLC2,AVLP340,DNp27,1,1,424,1
LPLC2,AVLP340,DNp32,1,1,424,1
LPLC2,AVLP340,DNp42,1,1,424,1
LPLC2,AVLP331a,DNp23,1,1,124,1
LPLC2,AVLP322,DNp38,1,1,3,1
LPLC2,AVLP322,DNp30,1,1,3,1
LPLC2,AVLP320_b,DNp06,1,1,6,1
LPLC2,AVLP300_b,DNpe052,1,1,1,1
LPLC2,AVLP300_b,DNpe056,1,1,1,1
LPLC2,AVLP314,DNa14,1,1,1,1
LPLC2,AVLP314,DNp09,1,1,1,1
LPLC2,AVLP314,DNp11,1,1,1,1
LPLC2,AVLP314,DNp27,1,1,1,1
LPLC2,AVLP314,DNp45,1,1,1,1
LPLC2,AVLP314,DNp62,1,1,1,1
LPLC2,AVLP314,DNp64,1,1,1,1
LPLC2,AVLP314,DNpe042,1,1,1,1
LPLC2,AVLP314,DNpe052,1,1,1,1
LPLC2,AVLP316,DNae001,1,1,14,1
LPLC2,AVLP316,DNb09,1,1,43,1
LPLC2,AVLP316,DNbe003,1,1,43,1
LPLC2,AVLP316,DNp27,1,1,43,1
LPLC2,AVLP316,DNp69,1,1,43,1
LPLC2,AVLP316,DNpe020,1,1,14,1
LPLC2,AVLP316,DNpe024,1,1,43,1
LPLC2,AVLP316,DNpe040,1,1,43,1
LPLC2,AVLP203_b,DNp38,1,1,7,1
LPLC2,AVLP203_b,DNp34,1,1,3,1
LPLC2,AVLP079,DNd03,1,1,9,1
LPLC2,AVLP126,DNc02,1,1,2,1
LPLC2,AVLP086,DNp11,1,1,3,1
LPLC2,AVLP086,DNp29,1,1,3,1
LPLC2,AVLP086,DNp69,1,1,3,1
LPLC2,AVLP086,DNpe031,1,1,3,1
LPLC2,AVLP086,DNpe052,1,1,3,1
LPLC2,AVLP086,DNpe056,1,1,3,1
LPLC2,AVLP111,DNge047,1,1,1,1
LPLC2,AVLP111,DNp23,1,1,1,1
LPLC2,AVLP111,DNp29,1,1,1,1
LPLC2,AVLP126,DNg24,1,1,2,1
LPLC2,AVLP132,DNpe042,1,1,24,1
LPLC2,AVLP126,DNge047,1,1,2,1
LPLC2,AVLP126,DNge141,1,1,2,1
LPLC2,AVLP126,DNp35,1,1,2,1
LPLC2,AVLP126,DNp45,1,1,2,1
LPLC2,AVLP126,DNp55,1,1,2,1
LPLC2,AVLP126,DNp64,1,1,2,1
LPLC2,AVLP126,DNp73,1,1,2,1
LPLC2,AVLP126,DNpe021,1,1,2,1
LPLC2,AVLP132,DNp06,1,1,24,1
LPLC2,AVLP086,DNp01,1,1,3,1
LPLC2,AVLP086,DNge184,1,1,3,1
LPLC2,AVLP086,DNge138,1,1,3,1
LPLC2,AVLP086,DNg09_b,1,1,3,1
LPLC2,AVLP079,DNde001,1,1,9,1
LPLC2,AVLP079,DNp09,1,1,9,1
LPLC2,AVLP079,DNp27,1,1,9,1
LPLC2,AVLP079,DNp38,1,1,9,1
LPLC2,AVLP079,DNp42,1,1,9,1
LPLC2,AVLP079,DNp70,1,1,9,1
LPLC2,AVLP079,DNpe042,1,1,9,1
LPLC2,AVLP080,,1,1,20,1
LPLC2,AVLP080,DNd04,1,1,11,1
LPLC2,AVLP080,DNde001,1,1,11,1
LPLC2,AVLP080,DNg101,1,1,20,1
LPLC2,AVLP080,DNge054,1,1,20,1
LPLC2,AVLP080,DNp23,1,1,20,1
LPLC2,AVLP080,DNp29,1,1,20,1
LPLC2,AVLP080,DNp34,1,1,11,1
LPLC2,AVLP080,DNp42,1,1,11,1
LPLC2,AVLP080,DNp64,1,1,20,1
LPLC2,AVLP080,DNpe037,1,1,11,1
LPLC2,AVLP080,DNpe043,1,1,11,1
LPLC2,AVLP132,DNp30,1,1,24,1
LPLC2,AVLP153,DNp27,1,1,106,1
LPLC2,AVLP203_b,DNp12,1,1,7,1
LPLC2,AVLP202,DNp42,1,1,2,1
LPLC2,AVLP201,DNd04,1,1,6,1
LPLC2,AVLP201,DNp01,1,1,9,1
LPLC2,AVLP201,DNp03,1,1,6,1
LPLC2,AVLP201,DNp04,1,1,9,1
LPLC2,AVLP201,DNp27,1,1,9,1
LPLC2,AVLP201,DNp45,1,1,9,1
LPLC2,AVLP201,DNpe040,1,1,9,1
LPLC2,AVLP201,pIP1,1,1,6,1
LPLC2,AVLP202,DNd05,1,1,2,1
LPLC2,AVLP202,DNp62,1,1,2,1
LPLC2,AVLP153,DNp34,1,1,106,1
LPLC2,AVLP202,DNp64,1,1,2,1
LPLC2,AVLP202,DNp71,1,1,2,1
LPLC2,AVLP202,DNpe039,1,1,2,1
LPLC2,AVLP202,DNpe040,1,1,2,1
LPLC2,AVLP203_a,DNge138,1,1,10,1
LPLC2,AVLP203_a,DNp04,1,1,9,1
LPLC2,AVLP203_a,DNp06,1,1,9,1
LPLC2,AVLP203_b,DNge138,1,1,7,1
LPLC2,AVLP203_b,DNp103,1,1,3,1
LPLC2,AVLP201,DNd02,1,1,9,1
LPLC2,AVLP201,DNc02,1,1,9,1
LPLC2,AVLP200,DNpe040,1,1,6,1
LPLC2,AVLP200,DNp45,1,1,6,1
LPLC2,AVLP153,DNp71,1,1,18,1
LPLC2,AVLP153,DNpe052,1,1,18,1
LPLC2,AVLP169,DNa11,1,1,66,1
LPLC2,AVLP169,DNp11,1,1,66,1
LPLC2,AVLP169,DNp34,1,1,112,1
LPLC2,AVLP169,DNp43,1,1,66,1
LPLC2,AVLP169,DNp64,1,1,66,1
LPLC2,AVLP169,DNp70,1,1,112,1
LPLC2,AVLP169,DNpe052,1,1,112,1
LPLC2,AVLP176_d,DNc02,1,1,46,1
LPLC2,AVLP176_d,DNp30,1,1,46,1
LPLC2,AVLP176_d,DNp43,1,1,46,1
LPLC2,AVLP176_d,DNp66,1,1,69,1
LPLC2,AVLP176_d,DNpe052,1,1,69,1
LPLC2,AVLP176_d,DNpe053,1,1,43,1
LPLC2,AVLP200,DNc01,1,1,6,1
LPLC2,AVLP200,DNg104,1,1,6,1
LPLC2,AVLP200,DNp13,1,1,6,1
LPLC2,AVLP200,DNp35,1,1,6,1
LPLC2,5-HTPMPV03,DNde002,1,1,3,1
LPLC2,5-HTPMPV03,DNde001,1,1,9,1
LPLC2,5-HTPMPV03,DNd02,1,1,3,1
LC4,VES023,DNpe010,1,1,2,1
LC4,VES023,DNg02_e,1,1,2,1
LC4,VES023,DNg100,1,1,2,1
LC4,VES023,DNg74_a,1,1,2,1
LC4,VES023,DNge053,1,1,2,1
LC4,VES023,DNge082,1,1,2,1
LC4,VES023,DNge139,1,1,2,1
LC4,VES023,DNp104,1,1,2,1
LC4,VES023,DNp45,1,1,2,1
LC4,VES023,DNp70,1,1,2,1
LC4,VES023,DNpe031,1,1,2,1
LC4,WED029,DNp35,1,1,9,1
LC4,VES023,DNpe040,1,1,2,1
LC4,VES023,pIP1,1,1,2,1
LC4,WED015,DNb05,1,1,5,1
LC4,WED015,DNp09,1,1,7,1
LC4,WED029,DNg09_b,1,1,9,1
LC4,WED029,DNg32,1,1,5,1
LC4,WED029,DNg40,1,1,5,1
LC4,WED029,DNge140,1,1,9,1
LC4,WED029,DNge184,1,1,5,1
LC4,UNKNOWN,pIP1,1,1,1,1
LC4,UNKNOWN,DNpe056,1,1,1,1
LC4,UNKNOWN,DNpe042,1,1,2,1
LC4,UNKNOWN,DNp71,1,1,9,1
LC4,Tm3,DNp30,1,1,3,1
LC4,Tm37,DNp27,1,1,1,1
LC4,Tm4,DNc02,1,1,2,1
LC4,Tm4,DNp30,1,1,1,1
LC4,Tm5Y,DNp11,1,1,1,1
LC4,Tm5Y,DNp30,1,1,1,1
LC4,Tm5c,DNp11,1,1,1,1
LC4,TmY14,DNp27,1,1,1,1
LC4,TmY14,DNp30,1,1,1,1
LC4,TmY15,DNc02,1,1,1,1
LC4,TmY18,DNc01,1,1,1,1
LC4,TmY18,DNc02,1,1,1,1
LC4,TmY18,DNp30,1,1,1,1
LC4,TmY19a,DNp27,1,1,1,1
LC4,TmY19b,DNc02,1,1,3,1
LC4,TmY3,DNp30,1,1,1,1
LC4,TmY9a,DNp27,1,1,1,1
LC4,UNKNOWN,DNc02,1,1,1,1
LC4,UNKNOWN,DNp42,1,1,4,1
LC4,WED029,DNp01,1,1,9,1
LC4,WED029,DNp70,1,1,5,1
LC4,Tm3,DNc01,1,1,1,1
LC4,WED069,DNa05,1,1,1,1
LC4,WED060,DNp42,1,1,14,1
LC4,WED060,DNp45,1,1,14,1
LC4,WED060,DNp70,1,1,3,1
LC4,WED060,DNpe002,1,1,14,1
LC4,WED060,DNpe042,1,1,14,1
LC4,WED060,DNpe045,1,1,3,1
LC4,WED061,DNge011,1,1,1,1
LC4,WED061,DNp69,1,1,1,1
LC4,WED061,DNpe031,1,1,1,1
LC4,WED069,DNa11,1,1,1,1
LC4,WED029,DNpe021,1,1,5,1
LC4,WED069,DNa15,1,1,1,1
LC4,WED069,DNb02,1,1,1,1
LC4,WED069,DNb09,1,1,1,1
LC4,WED069,DNg75,1,1,1,1
LC4,WED069,DNge132,1,1,1,1
LC4,WED069,DNp15,1,1,1,1
LC4,WED069,DNp18,1,1,1,1
LC4,WED069,MDN,1,1,1,1
LC4,WED072,DNbe001,1,1,1,1
LC4,WED060,DNp29,1,1,3,1
LC4,WED060,DNge141,1,1,3,1
LC4,WED060,DNge044,1,1,14,1
LC4,WED060,DNge031,1,1,14,1
LC4,WED046,DNb09,1,1,9,1
LC4,WED046,DNc01,1,1,4,1
LC4,WED046,DNde006,1,1,4,1
LC4,WED046,DNge047,1,1,9,1
LC4,WED046,DNge148,1,1,9,1
LC4,WED046,DNp04,1,1,9,1
LC4,WED046,DNp05,1,1,9,1
LC4,WED046,DNp34,1,1,9,1
LC4,WED046,DNp43,1,1,9,1
LC4,WED046,DNp71,1,1,4,1
LC4,WED046,DNpe037,1,1,4,1
LC4,WED046,DNpe042,1,1,9,1
LC4,WED047,DNb05,1,1,6,1
LC4,WED047,DNg32,1,1,6,1
LC4,WED047,DNp06,1,1,6,1
LC4,WED047,DNp30,1,1,6,1
LC4,WED060,DNg29,1,1,14,1
LC4,WED060,DNg83,1,1,14,1
LC4,WED060,DNg87,1,1,14,1
LC4,Tm3,DNc02,1,1,1,1
LC4,Tm26,DNp27,1,1,1,1
LC4,WED072,DNge038,1,1,1,1
LC4,SAD073,DNge083,1,1,6,1
LC4,SAD073,DNg43,1,1,3,1
LC4,SAD073,DNg45,1,1,3,1
LC4,SAD073,DNg57,1,1,3,1
LC4,SAD073,DNg59,1,1,3,1
LC4,SAD073,DNg79,1,1,6,1
LC4,SAD073,DNg95,1,1,6,1
LC4,SAD073,DNg98,1,1,6,1
LC4,SAD073,DNge054,1,1,3,1
LC4,SAD073,DNge068,1,1,3,1
LC4,SAD073,DNge099,1,1,6,1
LC4,SAD073,DNpe020,1,1,6,1
LC4,SAD073,DNge142,1,1,6,1
LC4,SAD073,DNge144,1,1,6,1
LC4,SAD073,DNp04,1,1,3,1
LC4,SAD073,DNp09,1,1,6,1
LC4,SAD073,DNp38,1,1,3,1
LC4,SAD073,DNp45,1,1,3,1
LC4,SAD073,DNp47,1,1,3,1
LC4,SAD073,DNp55,1,1,6,1
LC4,SAD073,DNp57,1,1,6,1
LC4,SAD073,DNg30,1,1,3,1
LC4,SAD073,DNg22,1,1,3,1
LC4,SAD073,DNg16,1,1,3,1
LC4,SAD073,DNg105,1,1,3,1
LC4,SAD064,DNb09,1,1,311,1
LC4,SAD064,DNg29,1,1,111,1
LC4,SAD064,DNg51,1,1,311,1
LC4,SAD064,DNg84,1,1,111,1
LC4,SAD064,DNge079,1,1,50,1
LC4,SAD064,DNge184,1,1,111,1
LC4,SAD064,DNp05,1,1,340,1
LC4,SAD064,DNp10,1,1,50,1
LC4,SAD064,DNp33,1,1,340,1
LC4,SAD064,DNp71,1,1,340,1
LC4,SAD064,DNpe031,1,1,311,1
LC4,SAD064,DNpe037,1,1,311,1
LC4,SAD064,DNpe056,1,1,340,1
LC4,SAD064,pIP1,1,1,340,1
LC4,SAD073,DNae008,1,1,6,1
LC4,SAD073,DNb08,1,1,6,1
LC4,SAD073,DNd02,1,1,3,1
LC4,SAD073,DNd03,1,1,6,1
LC4,SAD073,DNde006,1,1,6,1
LC4,SAD073,DNpe001,1,1,6,1
LC4,SAD073,DNpe030,1,1,3,1
LC4,Tm24,DNp30,1,1,2,1
LC4,SAD106,DNp71,1,1,25,1
LC4,SAD106,DNge090,1,1,10,1
LC4,SAD106,DNge119,1,1,10,1
LC4,SAD106,DNge130,1,1,25,1
LC4,SAD106,DNge131,1,1,10,1
LC4,SAD106,DNge133,1,1,10,1
LC4,SAD106,DNp01,1,1,10,1
LC4,SAD106,DNp07,1,1,10,1
LC4,SAD106,DNp32,1,1,25,1
LC4,SAD106,DNp69,1,1,25,1
LC4,SAD106,DNpe021,1,1,25,1
LC4,SAD073,DNpe039,1,1,3,1
LC4,SAD106,DNpe025,1,1,25,1
LC4,SAD106,DNpe031,1,1,10,1
LC4,SAD106,DNpe052,1,1,25,1
LC4,T2,DNc01,1,1,1,1
LC4,T2,DNp27,1,1,2,1
LC4,T3,DNp30,1,1,1,1
LC4,Tlp12,DNp27,1,1,2,1
LC4,Tm20,DNp27,1,1,1,1
LC4,Tm23,DNc01,1,1,1,1
LC4,SAD106,DNge073,1,1,25,1
LC4,SAD106,DNge054,1,1,10,1
LC4,SAD106,DNge038,1,1,25,1
LC4,SAD106,DNge031,1,1,10,1
LC4,SAD073,DNpe043,1,1,6,1
LC4,SAD073,DNpe053,1,1,6,1
LC4,SAD098,DNg09_a,1,1,26,1
LC4,SAD098,DNg105,1,1,26,1
LC4,SAD098,DNg24,1,1,26,1
LC4,SAD098,DNge031,1,1,26,1
LC4,SAD098,DNge111,1,1,26,1
LC4,SAD098,DNp30,1,1,26,1
LC4,SAD098,DNp55,1,1,26,1
LC4,SAD106,DNb05,1,1,10,1
LC4,SAD106,DNc01,1,1,25,1
LC4,SAD106,DNd03,1,1,10,1
LC4,SAD106,DNg13,1,1,10,1
LC4,SAD106,DNg51,1,1,10,1
LC4,SAD106,DNg57,1,1,10,1
LC4,SAD106,DNg64,1,1,25,1
LC4,SAD106,DNg74_a,1,1,25,1
LC4,SAD106,DNg81,1,1,25,1
LC4,SAD106,DNge027,1,1,10,1
LC4,WED072,DNg74_a,1,1,1,1
LC4,WED072,DNge138,1,1,2,1
LPLC2,5-HTPMPV03,DNb08,1,1,3,1
LC4,WED189,DNg30,1,1,5,1
LC4,WED127,DNpe027,1,1,78,1
LC4,WED127,DNpe055,1,1,123,1
LC4,WED166_d,DNg09_a,1,1,1,1
LC4,WED166_d,DNge141,1,1,1,1
LC4,WED166_d,DNp05,1,1,1,1
LC4,WED187,DNd03,1,1,1,1
LC4,WED187,DNg09_a,1,1,1,1
LC4,WED189,DNd03,1,1,5,1
LC4,WED189,DNg09_b,1,1,5,1
LC4,WED189,DNg62,1,1,5,1
LC4,WED196,DNg09_a,1,1,2,1
LC4,WED189,DNg74_a,1,1,5,1
LC4,WED189,DNge138,1,1,5,1
LC4,WED189,DNp42,1,1,5,1
LC4,WED193,DNg40,1,1,21,1
LC4,WED193,DNg74_b,1,1,21,1
LC4,WED193,DNge130,1,1,21,1
LC4,WED193,DNge136,1,1,21,1
LC4,WED193,DNge148,1,1,21,1
LC4,WED193,DNp30,1,1,21,1
LC4,WED127,DNp66,1,1,26,1
LC4,WED127,DNp49,1,1,78,1
LC4,WED127,DNp47,1,1,26,1
LC4,WED127,DNp42,1,1,123,1
LC4,WED125,DNp70,1,1,287,1
LC4,WED127,DNa01,1,1,123,1
LC4,WED127,DNa04,1,1,78,1
LC4,WED127,DNa09,1,1,123,1
LC4,WED127,DNb05,1,1,123,1
LC4,WED127,DNbe001,1,1,26,1
LC4,WED127,DNbe002,1,1,78,1
LC4,WED127,DNde003,1,1,123,1
LC4,WED127,DNg01_unclear,1,1,123,1
LC4,WED127,DNg03,1,1,78,1
LC4,WED127,DNg100,1,1,78,1
LC4,WED127,DNg40,1,1,78,1
LC4,WED127,DNg71,1,1,78,1
LC4,WED127,DNg79,1,1,123,1
LC4,WED127,DNge089,1,1,78,1
LC4,WED127,DNge124,1,1,123,1
LC4,WED127,DNp05,1,1,123,1
LC4,WED127,DNp07,1,1,123,1
LC4,WED127,DNp12,1,1,78,1
LC4,WED193,DNp66,1,1,21,1
LC4,WED196,DNg30,1,1,2,1
LC4,WED125,DNge140,1,1,311,1
LPLC2,5-HTPLP01,DNd04,1,1,3,1
LPLC2,,DNge152,1,1,527,1
LPLC2,,DNp26,1,1,4,1
LPLC2,,DNp31,1,1,3,1
LPLC2,,DNp46,1,1,308,1
LPLC2,,DNp47,1,1,3,1
LPLC2,,DNp62,1,1,1,1
LPLC2,,DNpe005,1,1,29,1
LPLC2,,DNpe023,1,1,4,1
LPLC2,5-HTPLP01,DNa11,1,1,2,1
LPLC2,5-HTPLP01,DNp11,1,1,3,1
LC4,WED196,DNg32,1,1,2,1
LPLC2,5-HTPLP01,DNp12,1,1,2,1
LPLC2,5-HTPLP01,DNp43,1,1,3,1
LPLC2,5-HTPLP01,DNp69,1,1,3,1
LPLC2,5-HTPLP01,DNpe024,1,1,3,1
LPLC2,5-HTPLP01,DNpe050,1,1,2,1
LPLC2,5-HTPLP01,DNpe053,1,1,3,1
LPLC2,5-HTPMPV03,DNa03,1,1,3,1
LPLC2,5-HTPMPV03,DNa06,1,1,3,1
LPLC2,5-HTPMPV03,DNae007,1,1,3,1
LPLC2,,DNge135,1,1,29,1
LPLC2,,DNge123,1,1,4,1
LPLC2,,DNge103,1,1,308,1
LPLC2,,DNge099,1,1,4,1
LC4,WED196,DNge049,1,1,2,1
LC4,WED196,DNge054,1,1,2,1
LC4,WED196,DNge184,1,1,2,1
LC4,WED196,DNp01,1,1,2,1
LC4,Y11,DNp27,1,1,1,1
LC4,Y13,DNp27,1,1,1,1
LC4,Y3,DNp27,1,1,1,1
LPLC2,,DNa11,1,1,34,1
LPLC2,,DNae001,1,1,29,1
LPLC2,,DNae005,1,1,4,1
LPLC2,,DNbe007,1,1,3,1
LPLC2,,DNd02,1,1,13,1
LPLC2,,DNde003,1,1,4,1
LPLC2,,DNg02_b,1,1,29,1
LPLC2,,DNg13,1,1,308,1
LPLC2,,DNg45,1,1,1,1
LPLC2,,DNge011,1,1,4,1
LPLC2,,DNge026,1,1,4,1
LPLC2,,DNge054,1,1,4,1
LC4,WED125,DNp64,1,1,269,1
LC4,WED125,DNge103,1,1,287,1
LC4,WED072,DNp12,1,1,2,1
LC4,WED107,DNg70,1,1,8,1
LC4,WED106,DNg07,1,1,2,1
LC4,WED106,DNg08,1,1,2,1
LC4,WED106,DNg74_b,1,1,2,1
LC4,WED106,DNge086,1,1,2,1
LC4,WED106,DNp12,1,1,2,1
LC4,WED106,DNp30,1,1,2,1
LC4,WED107,DNd04,1,1,8,1
LC4,WED107,DNg106,1,1,8,1
LC4,WED107,DNg57,1,1,1,1
LC4,WED107,DNge141,1,1,8,1
LC4,WED107,DNpe053,1,1,1,1
LC4,WED107,DNge142,1,1,8,1
LC4,WED107,DNp04,1,1,1,1
LC4,WED107,DNp05,1,1,1,1
LC4,WED107,DNp102,1,1,8,1
LC4,WED107,DNp59,1,1,8,1
LC4,WED107,DNpe002,1,1,1,1
LC4,WED107,DNpe007,1,1,1,1
LC4,WED107,DNpe016,1,1,1,1
LC4,WED107,DNpe028,1,1,8,1
LC4,WED106,DNg05_b,1,1,2,1
LC4,WED106,DNg05_a,1,1,2,1
LC4,WED106,DNd03,1,1,2,1
LC4,WED106,DNbe007,1,1,2,1
LC4,WED072,DNp32,1,1,1,1
LC4,WED072,DNp43,1,1,2,1
LC4,WED072,DNp57,1,1,1,1
LC4,WED072,DNp64,1,1,1,1
LC4,WED072,DNpe007,1,1,1,1
LC4,WED072,DNpe021,1,1,2,1
LC4,WED104,DNd05,1,1,4,1
LC4,WED104,DNg34,1,1,4,1
LC4,WED104,DNg40,1,1,4,1
LC4,WED104,DNge145,1,1,4,1
LC4,WED104,DNge184,1,1,4,1
LC4,WED104,DNp01,1,1,4,1
LC4,WED104,DNp02,1,1,4,1
LC4,WED104,DNp12,1,1,4,1
LC4,WED104,DNp34,1,1,4,1
LC4,WED104,DNp73,1,1,4,1
LC4,WED104,DNpe021,1,1,4,1
LC4,WED104,DNpe045,1,1,4,1
LC4,WED104,DNpe056,1,1,4,1
LC4,WED107,DNpe052,1,1,1,1
LC4,WED109,DNa07,1,1,23,1
LC4,WED125,DNge054,1,1,311,1
LC4,WED124,DNp11,1,1,9,1
LC4,WED124,DNae001,1,1,8,1
LC4,WED124,DNae009,1,1,9,1
LC4,WED124,DNb02,1,1,8,1
LC4,WED124,DNbe001,1,1,9,1
LC4,WED124,DNg01_b,1,1,8,1
LC4,WED124,DNg42,1,1,8,1
LC4,WED124,DNg82,1,1,9,1
LC4,WED124,DNp10,1,1,9,1
LC4,WED124,DNp103,1,1,9,1
LC4,WED124,DNp33,1,1,8,1
LC4,WED109,DNb09,1,1,23,1
LC4,WED124,DNp47,1,1,8,1
LC4,WED125,DNa09,1,1,311,1
LC4,WED125,DNc02,1,1,287,1
LC4,WED125,DNde003,1,1,287,1
LC4,WED125,DNg02_b,1,1,269,1
LC4,WED125,DNg08,1,1,269,1
LC4,WED125,DNg56,1,1,287,1
LC4,WED125,DNge039,1,1,311,1
LC4,WED125,DNge049,1,1,269,1
LC4,WED124,DNa08,1,1,8,1
LC4,WED124,DNa01,1,1,8,1
LC4,WED119,pIP1,1,1,2,1
LC4,WED119,DNge054,1,1,2,1
LC4,WED109,DNp12,1,1,23,1
LC4,WED109,DNp64,1,1,23,1
LC4,WED109,DNpe043,1,1,23,1
LC4,WED109,DNpe056,1,1,23,1
LC4,WED116,DNc01,1,1,164,1
LC4,WED116,DNg09_a,1,1,164,1
LC4,WED116,DNg108,1,1,164,1
LC4,WED116,DNg30,1,1,164,1
LC4,WED116,DNp11,1,1,164,1
LC4,WED116,DNpe037,1,1,164,1
LC4,WED117,DNg56,1,1,1,1
LC4,WED117,DNp04,1,1,3,1
LC4,WED117,DNp11,1,1,3,1
LC4,WED117,DNp66,1,1,3,1
LC4,WED117,DNp71,1,1,1,1
LC4,WED117,DNpe021,1,1,1,1
LC4,WED119,DNc01,1,1,1,1
LC4,WED119,DNc02,1,1,1,1
LC4,WED119,DNd02,1,1,2,1
LPLC2,vCal3,DNpe015,1,1,46,1
