pre_bodyId,pre_type,pre_side,post_bodyId,post_type,post_side,weight,source_population,target_population,is_ipsilateral,survives_w3,survives_w10
81112,LC4,L,531898,DNp04,L,172,LC4,DNp04,True,True,True
12349,LC4,L,531898,DNp04,L,160,LC4,DNp04,True,True,True
515900,LC4,L,531898,DNp04,L,158,LC4,DNp04,True,True,True
17054,LC4,R,11137,DNp04,R,154,LC4,DNp04,True,True,True
512366,LC4,L,531898,DNp04,L,154,LC4,DNp04,True,True,True
27624,LC4,L,531898,DNp04,L,148,LC4,DNp04,True,True,True
17653,LC4,L,531898,DNp04,L,147,LC4,DNp04,True,True,True
24523,LC4,L,531898,DNp04,L,141,LC4,DNp04,True,True,True
17548,LC4,R,11137,DNp04,R,132,LC4,DNp04,True,True,True
14888,LC4,L,531898,DNp04,L,132,LC4,DNp04,True,True,True
37587,LC4,L,531898,DNp04,L,132,LC4,DNp04,True,True,True
520449,LC4,L,531898,DNp04,L,132,LC4,DNp04,True,True,True
17340,LC4,L,531898,DNp04,L,131,LC4,DNp04,True,True,True
518439,LC4,L,531898,DNp04,L,129,LC4,DNp04,True,True,True
16128,LC4,R,11137,DNp04,R,128,LC4,DNp04,True,True,True
77614,LC4,L,531898,DNp04,L,128,LC4,DNp04,True,True,True
530029,LC4,L,531898,DNp04,L,128,LC4,DNp04,True,True,True
21804,LC4,R,11137,DNp04,R,126,LC4,DNp04,True,True,True
17478,LC4,L,531898,DNp04,L,125,LC4,DNp04,True,True,True
31262,LC4,R,11137,DNp04,R,123,LC4,DNp04,True,True,True
23929,LC4,R,11137,DNp04,R,122,LC4,DNp04,True,True,True
16809,LC4,L,531898,DNp04,L,120,LC4,DNp04,True,True,True
17987,LC4,R,11137,DNp04,R,119,LC4,DNp04,True,True,True
16628,LC4,R,11137,DNp04,R,118,LC4,DNp04,True,True,True
20859,LC4,L,531898,DNp04,L,111,LC4,DNp04,True,True,True
518983,LC4,L,531898,DNp04,L,111,LC4,DNp04,True,True,True
511914,LC4,L,531898,DNp04,L,110,LC4,DNp04,True,True,True
20282,LC4,R,11137,DNp04,R,109,LC4,DNp04,True,True,True
12824,LC4,L,531898,DNp04,L,108,LC4,DNp04,True,True,True
518730,LC4,L,531898,DNp04,L,108,LC4,DNp04,True,True,True
27750,LC4,L,531898,DNp04,L,107,LC4,DNp04,True,True,True
19543,LC4,R,11137,DNp04,R,106,LC4,DNp04,True,True,True
19550,LC4,R,11137,DNp04,R,106,LC4,DNp04,True,True,True
17608,LC4,L,531898,DNp04,L,106,LC4,DNp04,True,True,True
27829,LC4,L,531898,DNp04,L,106,LC4,DNp04,True,True,True
34845,LC4,L,531898,DNp04,L,106,LC4,DNp04,True,True,True
20917,LC4,R,11137,DNp04,R,104,LC4,DNp04,True,True,True
15018,LC4,L,531898,DNp04,L,104,LC4,DNp04,True,True,True
19954,LC4,R,11137,DNp04,R,101,LC4,DNp04,True,True,True
17364,LC4,R,11137,DNp04,R,100,LC4,DNp04,True,True,True
17608,LC4,L,10259,DNp11,L,99,LC4,DNp11,True,True,True
20588,LC4,R,11137,DNp04,R,99,LC4,DNp04,True,True,True
20967,LC4,L,531898,DNp04,L,99,LC4,DNp04,True,True,True
514956,LC4,L,531898,DNp04,L,99,LC4,DNp04,True,True,True
526286,LC4,L,531898,DNp04,L,99,LC4,DNp04,True,True,True
111787,LC4,L,531898,DNp04,L,97,LC4,DNp04,True,True,True
19794,LC4,R,11137,DNp04,R,96,LC4,DNp04,True,True,True
20542,LC4,R,11137,DNp04,R,94,LC4,DNp04,True,True,True
22847,LC4,R,11137,DNp04,R,94,LC4,DNp04,True,True,True
30087,LC4,L,531898,DNp04,L,93,LC4,DNp04,True,True,True
17926,LC4,R,11137,DNp04,R,92,LC4,DNp04,True,True,True
18432,LC4,L,531898,DNp04,L,92,LC4,DNp04,True,True,True
32597,LC4,L,531898,DNp04,L,92,LC4,DNp04,True,True,True
29469,LC4,L,531898,DNp04,L,91,LC4,DNp04,True,True,True
527408,LC4,R,11137,DNp04,R,90,LC4,DNp04,True,True,True
33137,LC4,L,531898,DNp04,L,90,LC4,DNp04,True,True,True
18127,LC4,R,11137,DNp04,R,89,LC4,DNp04,True,True,True
25584,LC4,R,11137,DNp04,R,89,LC4,DNp04,True,True,True
18478,LC4,L,531898,DNp04,L,89,LC4,DNp04,True,True,True
26112,LC4,R,11137,DNp04,R,88,LC4,DNp04,True,True,True
21313,LC4,R,11137,DNp04,R,87,LC4,DNp04,True,True,True
22034,LC4,R,11137,DNp04,R,87,LC4,DNp04,True,True,True
17270,LC4,L,531898,DNp04,L,87,LC4,DNp04,True,True,True
17478,LC4,L,10010,DNp01,L,86,LC4,DNp01,True,True,True
22975,LC4,R,11137,DNp04,R,86,LC4,DNp04,True,True,True
30803,LC4,R,11137,DNp04,R,86,LC4,DNp04,True,True,True
18396,LC4,L,531898,DNp04,L,86,LC4,DNp04,True,True,True
23202,LC4,L,531898,DNp04,L,86,LC4,DNp04,True,True,True
512705,LC4,L,531898,DNp04,L,86,LC4,DNp04,True,True,True
21225,LC4,R,11137,DNp04,R,85,LC4,DNp04,True,True,True
22194,LC4,R,11137,DNp04,R,85,LC4,DNp04,True,True,True
20440,LC4,L,531898,DNp04,L,85,LC4,DNp04,True,True,True
515476,LC4,L,531898,DNp04,L,85,LC4,DNp04,True,True,True
18189,LC4,R,11137,DNp04,R,84,LC4,DNp04,True,True,True
30480,LC4,R,11137,DNp04,R,84,LC4,DNp04,True,True,True
12032,LC4,L,531898,DNp04,L,84,LC4,DNp04,True,True,True
17653,LC4,L,10010,DNp01,L,83,LC4,DNp01,True,True,True
21721,LC4,L,531898,DNp04,L,83,LC4,DNp04,True,True,True
22772,LC4,L,531898,DNp04,L,83,LC4,DNp04,True,True,True
35262,LC4,L,531898,DNp04,L,83,LC4,DNp04,True,True,True
518016,LC4,L,531898,DNp04,L,83,LC4,DNp04,True,True,True
518439,LC4,L,10010,DNp01,L,82,LC4,DNp01,True,True,True
21287,LC4,R,11137,DNp04,R,82,LC4,DNp04,True,True,True
20859,LC4,L,10010,DNp01,L,81,LC4,DNp01,True,True,True
31429,LC4,L,531898,DNp04,L,81,LC4,DNp04,True,True,True
30803,LC4,R,10106,DNp11,R,80,LC4,DNp11,True,True,True
518439,LC4,L,10259,DNp11,L,80,LC4,DNp11,True,True,True
31301,LC4,L,531898,DNp04,L,80,LC4,DNp04,True,True,True
20808,LC4,R,11137,DNp04,R,79,LC4,DNp04,True,True,True
30480,LC4,R,10106,DNp11,R,78,LC4,DNp11,True,True,True
29563,LC4,R,11137,DNp04,R,78,LC4,DNp04,True,True,True
107513,LC4,L,531898,DNp04,L,78,LC4,DNp04,True,True,True
22966,LC4,R,10106,DNp11,R,77,LC4,DNp11,True,True,True
23098,LC4,R,11137,DNp04,R,77,LC4,DNp04,True,True,True
516909,LC4,L,531898,DNp04,L,77,LC4,DNp04,True,True,True
524899,LC4,L,531898,DNp04,L,77,LC4,DNp04,True,True,True
17860,LC4,R,11137,DNp04,R,76,LC4,DNp04,True,True,True
21336,LC4,R,11137,DNp04,R,76,LC4,DNp04,True,True,True
29417,LC4,L,531898,DNp04,L,76,LC4,DNp04,True,True,True
15018,LC4,L,10259,DNp11,L,75,LC4,DNp11,True,True,True
24338,LC4,R,11137,DNp04,R,74,LC4,DNp04,True,True,True
29514,LC4,L,531898,DNp04,L,74,LC4,DNp04,True,True,True
100485,LC4,L,531898,DNp04,L,74,LC4,DNp04,True,True,True
29469,LC4,L,10010,DNp01,L,73,LC4,DNp01,True,True,True
514956,LC4,L,10259,DNp11,L,73,LC4,DNp11,True,True,True
19260,LC4,R,11137,DNp04,R,73,LC4,DNp04,True,True,True
514508,LC4,L,531898,DNp04,L,73,LC4,DNp04,True,True,True
16628,LC4,R,10117,DNp02,R,72,LC4,DNp02,True,True,True
17926,LC4,R,10117,DNp02,R,72,LC4,DNp02,True,True,True
20572,LC4,L,531898,DNp04,L,72,LC4,DNp04,True,True,True
532254,LC4,L,531898,DNp04,L,72,LC4,DNp04,True,True,True
535341,LC4,L,531898,DNp04,L,72,LC4,DNp04,True,True,True
22847,LC4,R,10106,DNp11,R,71,LC4,DNp11,True,True,True
20399,LC4,R,11137,DNp04,R,71,LC4,DNp04,True,True,True
22966,LC4,R,11137,DNp04,R,71,LC4,DNp04,True,True,True
17668,LC4,R,10117,DNp02,R,70,LC4,DNp02,True,True,True
18396,LC4,L,10259,DNp11,L,70,LC4,DNp11,True,True,True
32597,LC4,L,10010,DNp01,L,69,LC4,DNp01,True,True,True
533129,LC4,L,10010,DNp01,L,69,LC4,DNp01,True,True,True
533129,LC4,L,531898,DNp04,L,69,LC4,DNp04,True,True,True
22922,LC4,L,531898,DNp04,L,68,LC4,DNp04,True,True,True
22847,LC4,R,10001,DNp01,R,67,LC4,DNp01,True,True,True
28945,LC4,R,10106,DNp11,R,67,LC4,DNp11,True,True,True
20967,LC4,L,10197,DNp02,L,67,LC4,DNp02,True,True,True
27624,LC4,L,10259,DNp11,L,67,LC4,DNp11,True,True,True
16138,LC4,R,11137,DNp04,R,67,LC4,DNp04,True,True,True
17266,LC4,R,11137,DNp04,R,67,LC4,DNp04,True,True,True
21151,LC4,R,11137,DNp04,R,67,LC4,DNp04,True,True,True
20976,LC4,L,531898,DNp04,L,67,LC4,DNp04,True,True,True
16917,LC4,L,531898,DNp04,L,66,LC4,DNp04,True,True,True
31308,LC4,L,531898,DNp04,L,66,LC4,DNp04,True,True,True
16128,LC4,R,10001,DNp01,R,65,LC4,DNp01,True,True,True
512366,LC4,L,10010,DNp01,L,65,LC4,DNp01,True,True,True
27829,LC4,L,10010,DNp01,L,64,LC4,DNp01,True,True,True
31563,LPLC2,L,10010,DNp01,L,64,LPLC2,DNp01,True,True,True
515476,LC4,L,10010,DNp01,L,64,LC4,DNp01,True,True,True
524899,LC4,L,10010,DNp01,L,64,LC4,DNp01,True,True,True
22328,LC4,R,11137,DNp04,R,64,LC4,DNp04,True,True,True
28945,LC4,R,11137,DNp04,R,64,LC4,DNp04,True,True,True
17668,LC4,R,10001,DNp01,R,63,LC4,DNp01,True,True,True
24338,LC4,R,10001,DNp01,R,63,LC4,DNp01,True,True,True
17270,LC4,L,10010,DNp01,L,63,LC4,DNp01,True,True,True
17548,LC4,R,10117,DNp02,R,63,LC4,DNp02,True,True,True
29514,LC4,L,10259,DNp11,L,63,LC4,DNp11,True,True,True
20016,LC4,R,11137,DNp04,R,63,LC4,DNp04,True,True,True
23392,LC4,R,11137,DNp04,R,63,LC4,DNp04,True,True,True
35616,LC4,L,531898,DNp04,L,63,LC4,DNp04,True,True,True
20399,LC4,R,10001,DNp01,R,62,LC4,DNp01,True,True,True
12032,LC4,L,10010,DNp01,L,62,LC4,DNp01,True,True,True
12349,LC4,L,10010,DNp01,L,62,LC4,DNp01,True,True,True
16917,LC4,L,10010,DNp01,L,62,LC4,DNp01,True,True,True
22772,LC4,L,10010,DNp01,L,62,LC4,DNp01,True,True,True
530029,LC4,L,10010,DNp01,L,62,LC4,DNp01,True,True,True
17364,LC4,R,10117,DNp02,R,62,LC4,DNp02,True,True,True
18127,LC4,R,10117,DNp02,R,62,LC4,DNp02,True,True,True
19420,LC4,R,11137,DNp04,R,62,LC4,DNp04,True,True,True
38065,LC4,R,11137,DNp04,R,62,LC4,DNp04,True,True,True
22966,LC4,R,10001,DNp01,R,61,LC4,DNp01,True,True,True
31301,LC4,L,10010,DNp01,L,61,LC4,DNp01,True,True,True
35616,LC4,L,10010,DNp01,L,61,LC4,DNp01,True,True,True
12824,LC4,L,10197,DNp02,L,61,LC4,DNp02,True,True,True
17668,LC4,R,11137,DNp04,R,61,LC4,DNp04,True,True,True
20673,LC4,R,11137,DNp04,R,61,LC4,DNp04,True,True,True
22253,LPLC2,L,10010,DNp01,L,60,LPLC2,DNp01,True,True,True
514956,LC4,L,10010,DNp01,L,60,LC4,DNp01,True,True,True
38065,LC4,R,10106,DNp11,R,60,LC4,DNp11,True,True,True
20182,LPLC2,R,10001,DNp01,R,59,LPLC2,DNp01,True,True,True
22194,LC4,R,10001,DNp01,R,59,LC4,DNp01,True,True,True
18396,LC4,L,10010,DNp01,L,59,LC4,DNp01,True,True,True
27750,LC4,L,10010,DNp01,L,59,LC4,DNp01,True,True,True
20572,LC4,L,10197,DNp02,L,59,LC4,DNp02,True,True,True
22975,LC4,R,10001,DNp01,R,58,LC4,DNp01,True,True,True
12824,LC4,L,10010,DNp01,L,58,LC4,DNp01,True,True,True
18478,LC4,L,10010,DNp01,L,58,LC4,DNp01,True,True,True
29514,LC4,L,10010,DNp01,L,58,LC4,DNp01,True,True,True
100485,LC4,L,10010,DNp01,L,58,LC4,DNp01,True,True,True
22975,LC4,R,10106,DNp11,R,58,LC4,DNp11,True,True,True
32597,LC4,L,10259,DNp11,L,58,LC4,DNp11,True,True,True
21165,LC4,R,11137,DNp04,R,58,LC4,DNp04,True,True,True
23226,LC4,L,531898,DNp04,L,58,LC4,DNp04,True,True,True
18127,LC4,R,10001,DNp01,R,57,LC4,DNp01,True,True,True
30803,LC4,R,10001,DNp01,R,57,LC4,DNp01,True,True,True
20976,LC4,L,10010,DNp01,L,57,LC4,DNp01,True,True,True
16128,LC4,R,10117,DNp02,R,57,LC4,DNp02,True,True,True
21336,LC4,R,10117,DNp02,R,57,LC4,DNp02,True,True,True
530029,LC4,L,10259,DNp11,L,57,LC4,DNp11,True,True,True
532254,LC4,L,10259,DNp11,L,57,LC4,DNp11,True,True,True
24187,LPLC2,R,10923,DNg40,R,57,LPLC2,DNg40,True,True,True
519650,LC4,L,531898,DNp04,L,57,LC4,DNp04,True,True,True
19634,LC4,R,10001,DNp01,R,56,LC4,DNp01,True,True,True
23392,LC4,R,10001,DNp01,R,56,LC4,DNp01,True,True,True
23929,LC4,R,10001,DNp01,R,56,LC4,DNp01,True,True,True
35262,LC4,L,10010,DNp01,L,56,LC4,DNp01,True,True,True
20673,LC4,R,10117,DNp02,R,56,LC4,DNp02,True,True,True
12032,LC4,L,10259,DNp11,L,56,LC4,DNp11,True,True,True
28980,LC4,L,10259,DNp11,L,56,LC4,DNp11,True,True,True
21336,LC4,R,10001,DNp01,R,55,LC4,DNp01,True,True,True
14888,LC4,L,10010,DNp01,L,55,LC4,DNp01,True,True,True
19787,LPLC2,L,10010,DNp01,L,55,LPLC2,DNp01,True,True,True
20572,LC4,L,10010,DNp01,L,55,LC4,DNp01,True,True,True
81112,LC4,L,10010,DNp01,L,55,LC4,DNp01,True,True,True
517752,LC4,L,10010,DNp01,L,55,LC4,DNp01,True,True,True
23929,LC4,R,10106,DNp11,R,55,LC4,DNp11,True,True,True
17653,LC4,L,10197,DNp02,L,55,LC4,DNp02,True,True,True
514670,LPLC2,L,531898,DNp04,L,55,LPLC2,DNp04,True,True,True
517752,LC4,L,531898,DNp04,L,55,LC4,DNp04,True,True,True
22557,LPLC2,L,10010,DNp01,L,54,LPLC2,DNp01,True,True,True
23202,LC4,L,10010,DNp01,L,54,LC4,DNp01,True,True,True
511914,LC4,L,10010,DNp01,L,54,LC4,DNp01,True,True,True
515900,LC4,L,10010,DNp01,L,54,LC4,DNp01,True,True,True
23792,LC4,R,10106,DNp11,R,54,LC4,DNp11,True,True,True
23792,LC4,R,11137,DNp04,R,54,LC4,DNp04,True,True,True
16628,LC4,R,10001,DNp01,R,53,LC4,DNp01,True,True,True
20269,LPLC2,R,10001,DNp01,R,53,LPLC2,DNp01,True,True,True
26112,LC4,R,10001,DNp01,R,53,LC4,DNp01,True,True,True
512705,LC4,L,10010,DNp01,L,53,LC4,DNp01,True,True,True
29563,LC4,R,10106,DNp11,R,53,LC4,DNp11,True,True,True
19260,LC4,R,10117,DNp02,R,53,LC4,DNp02,True,True,True
17478,LC4,L,10197,DNp02,L,53,LC4,DNp02,True,True,True
524899,LC4,L,10197,DNp02,L,53,LC4,DNp02,True,True,True
515476,LC4,L,10259,DNp11,L,53,LC4,DNp11,True,True,True
21808,LPLC2,R,10283,DNp103,R,53,LPLC2,DNp103,True,True,True
19634,LC4,R,11137,DNp04,R,53,LC4,DNp04,True,True,True
518544,LC4,L,531898,DNp04,L,53,LC4,DNp04,True,True,True
16138,LC4,R,10001,DNp01,R,52,LC4,DNp01,True,True,True
21225,LC4,R,10001,DNp01,R,52,LC4,DNp01,True,True,True
23792,LC4,R,10001,DNp01,R,52,LC4,DNp01,True,True,True
18432,LC4,L,10010,DNp01,L,52,LC4,DNp01,True,True,True
22922,LC4,L,10010,DNp01,L,52,LC4,DNp01,True,True,True
23226,LC4,L,10010,DNp01,L,52,LC4,DNp01,True,True,True
77614,LC4,L,10010,DNp01,L,52,LC4,DNp01,True,True,True
31262,LC4,R,10106,DNp11,R,52,LC4,DNp11,True,True,True
17054,LC4,R,10117,DNp02,R,52,LC4,DNp02,True,True,True
19420,LC4,R,10117,DNp02,R,52,LC4,DNp02,True,True,True
515900,LC4,L,10197,DNp02,L,52,LC4,DNp02,True,True,True
21721,LC4,L,10010,DNp01,L,51,LC4,DNp01,True,True,True
27624,LC4,L,10010,DNp01,L,51,LC4,DNp01,True,True,True
28980,LC4,L,10010,DNp01,L,51,LC4,DNp01,True,True,True
30087,LC4,L,10010,DNp01,L,51,LC4,DNp01,True,True,True
34845,LC4,L,10010,DNp01,L,51,LC4,DNp01,True,True,True
37587,LC4,L,10010,DNp01,L,51,LC4,DNp01,True,True,True
518730,LC4,L,10010,DNp01,L,51,LC4,DNp01,True,True,True
18478,LC4,L,10197,DNp02,L,51,LC4,DNp02,True,True,True
111903,LPLC2,L,10228,DNp06,L,51,LPLC2,DNp06,True,True,True
23497,LPLC2,R,10283,DNp103,R,51,LPLC2,DNp103,True,True,True
25316,LPLC2,R,10283,DNp103,R,51,LPLC2,DNp103,True,True,True
17860,LC4,R,10001,DNp01,R,50,LC4,DNp01,True,True,True
533895,LPLC2,L,10010,DNp01,L,50,LPLC2,DNp01,True,True,True
18189,LC4,R,10117,DNp02,R,50,LC4,DNp02,True,True,True
33137,LC4,L,10197,DNp02,L,50,LC4,DNp02,True,True,True
107513,LC4,L,10259,DNp11,L,50,LC4,DNp11,True,True,True
514508,LC4,L,10259,DNp11,L,50,LC4,DNp11,True,True,True
20162,LPLC2,R,10283,DNp103,R,50,LPLC2,DNp103,True,True,True
20471,LPLC2,R,10283,DNp103,R,50,LPLC2,DNp103,True,True,True
29598,LPLC2,R,10283,DNp103,R,50,LPLC2,DNp103,True,True,True
13726,LPLC2,L,531898,DNp04,L,50,LPLC2,DNp04,True,True,True
28980,LC4,L,531898,DNp04,L,50,LC4,DNp04,True,True,True
19543,LC4,R,10001,DNp01,R,49,LC4,DNp01,True,True,True
19608,LPLC2,R,10001,DNp01,R,49,LPLC2,DNp01,True,True,True
21225,LC4,R,10117,DNp02,R,49,LC4,DNp02,True,True,True
30087,LC4,L,10259,DNp11,L,49,LC4,DNp11,True,True,True
27624,LC4,L,10752,DNp03,L,49,LC4,DNp03,True,True,True
17364,LC4,R,10001,DNp01,R,48,LC4,DNp01,True,True,True
17926,LC4,R,10001,DNp01,R,48,LC4,DNp01,True,True,True
20103,LPLC2,R,10001,DNp01,R,48,LPLC2,DNp01,True,True,True
21804,LC4,R,10001,DNp01,R,48,LC4,DNp01,True,True,True
24187,LPLC2,R,10001,DNp01,R,48,LPLC2,DNp01,True,True,True
25854,LPLC2,L,10010,DNp01,L,48,LPLC2,DNp01,True,True,True
518731,LPLC2,L,10010,DNp01,L,48,LPLC2,DNp01,True,True,True
26112,LC4,R,10106,DNp11,R,48,LC4,DNp11,True,True,True
29417,LC4,L,10259,DNp11,L,48,LC4,DNp11,True,True,True
512366,LC4,L,10259,DNp11,L,48,LC4,DNp11,True,True,True
18672,LPLC2,R,10283,DNp103,R,48,LPLC2,DNp103,True,True,True
17653,LC4,L,10752,DNp03,L,48,LC4,DNp03,True,True,True
39620,LPLC2,R,10923,DNg40,R,48,LPLC2,DNg40,True,True,True
14030,LPLC2,L,531898,DNp04,L,48,LPLC2,DNp04,True,True,True
17266,LC4,R,10001,DNp01,R,47,LC4,DNp01,True,True,True
20047,LPLC2,R,10001,DNp01,R,47,LPLC2,DNp01,True,True,True
20542,LC4,R,10001,DNp01,R,47,LC4,DNp01,True,True,True
21562,LPLC2,R,10001,DNp01,R,47,LPLC2,DNp01,True,True,True
22328,LC4,R,10001,DNp01,R,47,LC4,DNp01,True,True,True
24401,LPLC2,R,10001,DNp01,R,47,LPLC2,DNp01,True,True,True
527408,LC4,R,10001,DNp01,R,47,LC4,DNp01,True,True,True
23919,LPLC2,L,10010,DNp01,L,47,LPLC2,DNp01,True,True,True
516909,LC4,L,10010,DNp01,L,47,LC4,DNp01,True,True,True
518544,LC4,L,10010,DNp01,L,47,LC4,DNp01,True,True,True
22034,LC4,R,10106,DNp11,R,47,LC4,DNp11,True,True,True
17270,LC4,L,10197,DNp02,L,47,LC4,DNp02,True,True,True
17544,LPLC2,L,10228,DNp06,L,47,LPLC2,DNp06,True,True,True
25253,LPLC2,R,10283,DNp103,R,47,LPLC2,DNp103,True,True,True
18672,LPLC2,R,11137,DNp04,R,47,LPLC2,DNp04,True,True,True
519931,LC4,L,531898,DNp04,L,47,LC4,DNp04,True,True,True
18189,LC4,R,10001,DNp01,R,46,LC4,DNp01,True,True,True
20016,LC4,R,10001,DNp01,R,46,LC4,DNp01,True,True,True
23878,LPLC2,R,10001,DNp01,R,46,LPLC2,DNp01,True,True,True
17608,LC4,L,10010,DNp01,L,46,LC4,DNp01,True,True,True
20799,LPLC2,L,10010,DNp01,L,46,LPLC2,DNp01,True,True,True
518983,LC4,L,10010,DNp01,L,46,LC4,DNp01,True,True,True
519650,LC4,L,10010,DNp01,L,46,LC4,DNp01,True,True,True
520764,LPLC2,L,10010,DNp01,L,46,LPLC2,DNp01,True,True,True
21287,LC4,R,10106,DNp11,R,46,LC4,DNp11,True,True,True
28044,LPLC2,R,10923,DNg40,R,46,LPLC2,DNg40,True,True,True
20584,LPLC2,R,11137,DNp04,R,46,LPLC2,DNp04,True,True,True
19420,LC4,R,10001,DNp01,R,45,LC4,DNp01,True,True,True
20162,LPLC2,R,10001,DNp01,R,45,LPLC2,DNp01,True,True,True
30480,LC4,R,10001,DNp01,R,45,LC4,DNp01,True,True,True
20440,LC4,L,10010,DNp01,L,45,LC4,DNp01,True,True,True
31429,LC4,L,10010,DNp01,L,45,LC4,DNp01,True,True,True
515971,LPLC2,L,10010,DNp01,L,45,LPLC2,DNp01,True,True,True
17987,LC4,R,10117,DNp02,R,45,LC4,DNp02,True,True,True
519931,LC4,L,10197,DNp02,L,45,LC4,DNp02,True,True,True
19794,LC4,R,10001,DNp01,R,44,LC4,DNp01,True,True,True
20673,LC4,R,10001,DNp01,R,44,LC4,DNp01,True,True,True
31964,LPLC2,R,10001,DNp01,R,44,LPLC2,DNp01,True,True,True
17775,LPLC2,L,10010,DNp01,L,44,LPLC2,DNp01,True,True,True
517819,LPLC2,L,10010,DNp01,L,44,LPLC2,DNp01,True,True,True
21804,LC4,R,10106,DNp11,R,44,LC4,DNp11,True,True,True
17860,LC4,R,10117,DNp02,R,44,LC4,DNp02,True,True,True
21165,LC4,R,10117,DNp02,R,44,LC4,DNp02,True,True,True
12032,LC4,L,10197,DNp02,L,44,LC4,DNp02,True,True,True
20859,LC4,L,10197,DNp02,L,44,LC4,DNp02,True,True,True
77614,LC4,L,10197,DNp02,L,44,LC4,DNp02,True,True,True
518016,LC4,L,10197,DNp02,L,44,LC4,DNp02,True,True,True
520449,LC4,L,10197,DNp02,L,44,LC4,DNp02,True,True,True
533129,LC4,L,10197,DNp02,L,44,LC4,DNp02,True,True,True
37587,LC4,L,10259,DNp11,L,44,LC4,DNp11,True,True,True
21862,LPLC2,R,10283,DNp103,R,44,LPLC2,DNp103,True,True,True
30207,LPLC2,R,10283,DNp103,R,44,LPLC2,DNp103,True,True,True
29702,LPLC2,L,10417,DNp103,L,44,LPLC2,DNp103,True,True,True
17340,LC4,L,10752,DNp03,L,44,LC4,DNp03,True,True,True
17608,LC4,L,10752,DNp03,L,44,LC4,DNp03,True,True,True
28871,LPLC2,R,10923,DNg40,R,44,LPLC2,DNg40,True,True,True
21769,LPLC2,R,11137,DNp04,R,44,LPLC2,DNp04,True,True,True
12384,LPLC2,L,531898,DNp04,L,44,LPLC2,DNp04,True,True,True
515971,LPLC2,L,531898,DNp04,L,44,LPLC2,DNp04,True,True,True
20471,LPLC2,R,10001,DNp01,R,43,LPLC2,DNp01,True,True,True
20588,LC4,R,10001,DNp01,R,43,LC4,DNp01,True,True,True
21287,LC4,R,10001,DNp01,R,43,LC4,DNp01,True,True,True
28044,LPLC2,R,10001,DNp01,R,43,LPLC2,DNp01,True,True,True
13726,LPLC2,L,10010,DNp01,L,43,LPLC2,DNp01,True,True,True
23665,LPLC2,L,10010,DNp01,L,43,LPLC2,DNp01,True,True,True
25524,LPLC2,L,10010,DNp01,L,43,LPLC2,DNp01,True,True,True
31308,LC4,L,10010,DNp01,L,43,LC4,DNp01,True,True,True
517079,LPLC2,L,10010,DNp01,L,43,LPLC2,DNp01,True,True,True
23392,LC4,R,10117,DNp02,R,43,LC4,DNp02,True,True,True
21721,LC4,L,10197,DNp02,L,43,LC4,DNp02,True,True,True
23202,LC4,L,10197,DNp02,L,43,LC4,DNp02,True,True,True
518730,LC4,L,10197,DNp02,L,43,LC4,DNp02,True,True,True
518983,LC4,L,10197,DNp02,L,43,LC4,DNp02,True,True,True
21045,LPLC2,R,10283,DNp103,R,43,LPLC2,DNp103,True,True,True
22261,LPLC2,R,10283,DNp103,R,43,LPLC2,DNp103,True,True,True
17478,LC4,L,10752,DNp03,L,43,LC4,DNp03,True,True,True
100103,LPLC2,L,531898,DNp04,L,43,LPLC2,DNp04,True,True,True
20808,LC4,R,10001,DNp01,R,42,LC4,DNp01,True,True,True
20917,LC4,R,10001,DNp01,R,42,LC4,DNp01,True,True,True
22034,LC4,R,10001,DNp01,R,42,LC4,DNp01,True,True,True
26147,LPLC2,R,10001,DNp01,R,42,LPLC2,DNp01,True,True,True
28945,LC4,R,10001,DNp01,R,42,LC4,DNp01,True,True,True
24523,LC4,L,10010,DNp01,L,42,LC4,DNp01,True,True,True
520449,LC4,L,10010,DNp01,L,42,LC4,DNp01,True,True,True
31301,LC4,L,10197,DNp02,L,42,LC4,DNp02,True,True,True
20334,LPLC2,R,10283,DNp103,R,42,LPLC2,DNp103,True,True,True
32737,LPLC2,L,10417,DNp103,L,42,LPLC2,DNp103,True,True,True
518731,LPLC2,L,10417,DNp103,L,42,LPLC2,DNp103,True,True,True
515900,LC4,L,10752,DNp03,L,42,LC4,DNp03,True,True,True
17775,LPLC2,L,531898,DNp04,L,42,LPLC2,DNp04,True,True,True
22253,LPLC2,L,531898,DNp04,L,42,LPLC2,DNp04,True,True,True
21313,LC4,R,10001,DNp01,R,41,LC4,DNp01,True,True,True
23497,LPLC2,R,10001,DNp01,R,41,LPLC2,DNp01,True,True,True
24800,LPLC2,R,10001,DNp01,R,41,LPLC2,DNp01,True,True,True
28871,LPLC2,R,10001,DNp01,R,41,LPLC2,DNp01,True,True,True
33185,LPLC2,R,10001,DNp01,R,41,LPLC2,DNp01,True,True,True
20240,LPLC2,L,10010,DNp01,L,41,LPLC2,DNp01,True,True,True
23349,LPLC2,L,10010,DNp01,L,41,LPLC2,DNp01,True,True,True
29417,LC4,L,10010,DNp01,L,41,LC4,DNp01,True,True,True
514508,LC4,L,10010,DNp01,L,41,LC4,DNp01,True,True,True
20399,LC4,R,10106,DNp11,R,41,LC4,DNp11,True,True,True
22922,LC4,L,10197,DNp02,L,41,LC4,DNp02,True,True,True
535341,LC4,L,10197,DNp02,L,41,LC4,DNp02,True,True,True
29469,LC4,L,10259,DNp11,L,41,LC4,DNp11,True,True,True
29183,LPLC2,R,10283,DNp103,R,41,LPLC2,DNp103,True,True,True
19249,LPLC2,R,10601,DNpe025,R,41,LPLC2,DNpe025,True,True,True
530029,LC4,L,10752,DNp03,L,41,LC4,DNp03,True,True,True
21562,LPLC2,R,10923,DNg40,R,41,LPLC2,DNg40,True,True,True
23590,LPLC2,R,10923,DNg40,R,41,LPLC2,DNg40,True,True,True
29391,LPLC2,R,10923,DNg40,R,41,LPLC2,DNg40,True,True,True
21151,LC4,R,10001,DNp01,R,40,LC4,DNp01,True,True,True
29563,LC4,R,10001,DNp01,R,40,LC4,DNp01,True,True,True
15018,LC4,L,10010,DNp01,L,40,LC4,DNp01,True,True,True
16809,LC4,L,10010,DNp01,L,40,LC4,DNp01,True,True,True
18936,LPLC2,L,10010,DNp01,L,40,LPLC2,DNp01,True,True,True
34407,LPLC2,L,10010,DNp01,L,40,LPLC2,DNp01,True,True,True
521115,LPLC2,L,10010,DNp01,L,40,LPLC2,DNp01,True,True,True
21151,LC4,R,10117,DNp02,R,40,LC4,DNp02,True,True,True
25286,LPLC2,L,10228,DNp06,L,40,LPLC2,DNp06,True,True,True
24268,LPLC2,R,10283,DNp103,R,40,LPLC2,DNp103,True,True,True
30893,LPLC2,L,10417,DNp103,L,40,LPLC2,DNp103,True,True,True
24268,LPLC2,R,10923,DNg40,R,40,LPLC2,DNg40,True,True,True
17987,LC4,R,10001,DNp01,R,39,LC4,DNp01,True,True,True
24568,LPLC2,L,10010,DNp01,L,39,LPLC2,DNp01,True,True,True
33137,LC4,L,10010,DNp01,L,39,LC4,DNp01,True,True,True
41097,LPLC2,L,10010,DNp01,L,39,LPLC2,DNp01,True,True,True
107513,LC4,L,10010,DNp01,L,39,LC4,DNp01,True,True,True
518016,LC4,L,10010,DNp01,L,39,LC4,DNp01,True,True,True
23098,LC4,R,10117,DNp02,R,39,LC4,DNp02,True,True,True
516909,LC4,L,10197,DNp02,L,39,LC4,DNp02,True,True,True
27750,LC4,L,10259,DNp11,L,39,LC4,DNp11,True,True,True
20269,LPLC2,R,10283,DNp103,R,39,LPLC2,DNp103,True,True,True
26730,LPLC2,R,10283,DNp103,R,39,LPLC2,DNp103,True,True,True
34372,LPLC2,R,10283,DNp103,R,39,LPLC2,DNp103,True,True,True
20269,LPLC2,R,10923,DNg40,R,39,LPLC2,DNg40,True,True,True
23247,LPLC2,L,531898,DNp04,L,39,LPLC2,DNp04,True,True,True
19954,LC4,R,10001,DNp01,R,38,LC4,DNp01,True,True,True
21808,LPLC2,R,10001,DNp01,R,38,LPLC2,DNp01,True,True,True
35889,LPLC2,R,10001,DNp01,R,38,LPLC2,DNp01,True,True,True
17990,LPLC2,L,10010,DNp01,L,38,LPLC2,DNp01,True,True,True
18900,LPLC2,L,10010,DNp01,L,38,LPLC2,DNp01,True,True,True
20967,LC4,L,10010,DNp01,L,38,LC4,DNp01,True,True,True
24840,LPLC2,L,10010,DNp01,L,38,LPLC2,DNp01,True,True,True
26528,LPLC2,L,10010,DNp01,L,38,LPLC2,DNp01,True,True,True
16138,LC4,R,10117,DNp02,R,38,LC4,DNp02,True,True,True
20917,LC4,R,10117,DNp02,R,38,LC4,DNp02,True,True,True
21769,LPLC2,R,10283,DNp103,R,38,LPLC2,DNp103,True,True,True
23590,LPLC2,R,10283,DNp103,R,38,LPLC2,DNp103,True,True,True
23878,LPLC2,R,10283,DNp103,R,38,LPLC2,DNp103,True,True,True
17364,LC4,R,11020,DNp05,R,38,LC4,DNp05,True,True,True
18936,LPLC2,L,531898,DNp04,L,38,LPLC2,DNp04,True,True,True
95241,LPLC2,L,531898,DNp04,L,38,LPLC2,DNp04,True,True,True
517078,LPLC2,L,531898,DNp04,L,38,LPLC2,DNp04,True,True,True
17054,LC4,R,10001,DNp01,R,37,LC4,DNp01,True,True,True
17551,LPLC2,R,10001,DNp01,R,37,LPLC2,DNp01,True,True,True
19260,LC4,R,10001,DNp01,R,37,LC4,DNp01,True,True,True
20535,LPLC2,R,10001,DNp01,R,37,LPLC2,DNp01,True,True,True
22261,LPLC2,R,10001,DNp01,R,37,LPLC2,DNp01,True,True,True
514670,LPLC2,L,10010,DNp01,L,37,LPLC2,DNp01,True,True,True
519931,LC4,L,10010,DNp01,L,37,LC4,DNp01,True,True,True
17266,LC4,R,10106,DNp11,R,37,LC4,DNp11,True,True,True
17860,LC4,R,10106,DNp11,R,37,LC4,DNp11,True,True,True
20542,LC4,R,10117,DNp02,R,37,LC4,DNp02,True,True,True
25584,LC4,R,10117,DNp02,R,37,LC4,DNp02,True,True,True
27829,LC4,L,10197,DNp02,L,37,LC4,DNp02,True,True,True
29417,LC4,L,10197,DNp02,L,37,LC4,DNp02,True,True,True
19830,LPLC2,L,10228,DNp06,L,37,LPLC2,DNp06,True,True,True
519931,LC4,L,10259,DNp11,L,37,LC4,DNp11,True,True,True
19549,LPLC2,R,10283,DNp103,R,37,LPLC2,DNp103,True,True,True
20749,LPLC2,R,10283,DNp103,R,37,LPLC2,DNp103,True,True,True
37925,LPLC2,R,10283,DNp103,R,37,LPLC2,DNp103,True,True,True
23919,LPLC2,L,10361,DNg40,L,37,LPLC2,DNg40,True,True,True
22253,LPLC2,L,10417,DNp103,L,37,LPLC2,DNp103,True,True,True
518439,LC4,L,10752,DNp03,L,37,LC4,DNp03,True,True,True
26147,LPLC2,R,10923,DNg40,R,37,LPLC2,DNg40,True,True,True
19146,LPLC2,R,11137,DNp04,R,37,LPLC2,DNp04,True,True,True
17059,LPLC2,L,531898,DNp04,L,37,LPLC2,DNp04,True,True,True
18672,LPLC2,R,10001,DNp01,R,36,LPLC2,DNp01,True,True,True
26393,LPLC2,R,10001,DNp01,R,36,LPLC2,DNp01,True,True,True
31262,LC4,R,10001,DNp01,R,36,LC4,DNp01,True,True,True
38065,LC4,R,10001,DNp01,R,36,LC4,DNp01,True,True,True
20329,LPLC2,L,10010,DNp01,L,36,LPLC2,DNp01,True,True,True
28188,LPLC2,L,10010,DNp01,L,36,LPLC2,DNp01,True,True,True
100103,LPLC2,L,10010,DNp01,L,36,LPLC2,DNp01,True,True,True
536444,LPLC2,L,10010,DNp01,L,36,LPLC2,DNp01,True,True,True
20016,LC4,R,10106,DNp11,R,36,LC4,DNp11,True,True,True
20673,LC4,R,10106,DNp11,R,36,LC4,DNp11,True,True,True
527408,LC4,R,10106,DNp11,R,36,LC4,DNp11,True,True,True
19794,LC4,R,10117,DNp02,R,36,LC4,DNp02,True,True,True
18432,LC4,L,10197,DNp02,L,36,LC4,DNp02,True,True,True
100485,LC4,L,10259,DNp11,L,36,LC4,DNp11,True,True,True
34681,LPLC2,R,10283,DNp103,R,36,LPLC2,DNp103,True,True,True
35889,LPLC2,R,10283,DNp103,R,36,LPLC2,DNp103,True,True,True
25027,LPLC2,L,10417,DNp103,L,36,LPLC2,DNp103,True,True,True
24523,LC4,L,10752,DNp03,L,36,LC4,DNp03,True,True,True
25253,LPLC2,R,10923,DNg40,R,36,LPLC2,DNg40,True,True,True
29287,LPLC2,R,10923,DNg40,R,36,LPLC2,DNg40,True,True,True
17548,LC4,R,10001,DNp01,R,35,LC4,DNp01,True,True,True
20282,LC4,R,10001,DNp01,R,35,LC4,DNp01,True,True,True
24118,LPLC2,R,10001,DNp01,R,35,LPLC2,DNp01,True,True,True
33406,LPLC2,L,10010,DNp01,L,35,LPLC2,DNp01,True,True,True
20282,LC4,R,10117,DNp02,R,35,LC4,DNp02,True,True,True
20399,LC4,R,10117,DNp02,R,35,LC4,DNp02,True,True,True
21287,LC4,R,10117,DNp02,R,35,LC4,DNp02,True,True,True
532254,LC4,L,10197,DNp02,L,35,LC4,DNp02,True,True,True
20440,LC4,L,10259,DNp11,L,35,LC4,DNp11,True,True,True
517752,LC4,L,10259,DNp11,L,35,LC4,DNp11,True,True,True
19608,LPLC2,R,10283,DNp103,R,35,LPLC2,DNp103,True,True,True
22677,LPLC2,R,10283,DNp103,R,35,LPLC2,DNp103,True,True,True
26915,LPLC2,R,10283,DNp103,R,35,LPLC2,DNp103,True,True,True
29391,LPLC2,R,10283,DNp103,R,35,LPLC2,DNp103,True,True,True
39620,LPLC2,R,10283,DNp103,R,35,LPLC2,DNp103,True,True,True
26730,LPLC2,R,10584,DNp06,R,35,LPLC2,DNp06,True,True,True
81112,LC4,L,10752,DNp03,L,35,LC4,DNp03,True,True,True
35632,LPLC2,R,10923,DNg40,R,35,LPLC2,DNg40,True,True,True
17266,LC4,R,11020,DNp05,R,35,LC4,DNp05,True,True,True
17478,LC4,L,524001,DNp05,L,35,LC4,DNp05,True,True,True
19146,LPLC2,R,10001,DNp01,R,34,LPLC2,DNp01,True,True,True
19229,LPLC2,R,10001,DNp01,R,34,LPLC2,DNp01,True,True,True
21361,LPLC2,L,10010,DNp01,L,34,LPLC2,DNp01,True,True,True
532254,LC4,L,10010,DNp01,L,34,LC4,DNp01,True,True,True
20588,LC4,R,10106,DNp11,R,34,LC4,DNp11,True,True,True
21165,LC4,R,10106,DNp11,R,34,LC4,DNp11,True,True,True
17266,LC4,R,10117,DNp02,R,34,LC4,DNp02,True,True,True
22194,LC4,R,10117,DNp02,R,34,LC4,DNp02,True,True,True
23226,LC4,L,10197,DNp02,L,34,LC4,DNp02,True,True,True
31308,LC4,L,10197,DNp02,L,34,LC4,DNp02,True,True,True
35616,LC4,L,10197,DNp02,L,34,LC4,DNp02,True,True,True
16917,LC4,L,10259,DNp11,L,34,LC4,DNp11,True,True,True
18478,LC4,L,10259,DNp11,L,34,LC4,DNp11,True,True,True
19146,LPLC2,R,10283,DNp103,R,34,LPLC2,DNp103,True,True,True
20535,LPLC2,R,10283,DNp103,R,34,LPLC2,DNp103,True,True,True
25511,LPLC2,R,10283,DNp103,R,34,LPLC2,DNp103,True,True,True
28044,LPLC2,R,10283,DNp103,R,34,LPLC2,DNp103,True,True,True
512366,LC4,L,10361,DNg40,L,34,LC4,DNg40,True,True,True
26416,LPLC2,L,10417,DNp103,L,34,LPLC2,DNp103,True,True,True
15018,LC4,L,10752,DNp03,L,34,LC4,DNp03,True,True,True
18396,LC4,L,10752,DNp03,L,34,LC4,DNp03,True,True,True
20859,LC4,L,10752,DNp03,L,34,LC4,DNp03,True,True,True
24401,LPLC2,R,10923,DNg40,R,34,LPLC2,DNg40,True,True,True
31964,LPLC2,R,10923,DNg40,R,34,LPLC2,DNg40,True,True,True
22218,LPLC2,R,11137,DNp04,R,34,LPLC2,DNp04,True,True,True
20440,LC4,L,524001,DNp05,L,34,LC4,DNp05,True,True,True
13132,LPLC2,L,531898,DNp04,L,34,LPLC2,DNp04,True,True,True
23590,LPLC2,R,10001,DNp01,R,33,LPLC2,DNp01,True,True,True
15804,LPLC2,L,10010,DNp01,L,33,LPLC2,DNp01,True,True,True
17340,LC4,L,10010,DNp01,L,33,LC4,DNp01,True,True,True
29702,LPLC2,L,10010,DNp01,L,33,LPLC2,DNp01,True,True,True
32737,LPLC2,L,10010,DNp01,L,33,LPLC2,DNp01,True,True,True
34655,LPLC2,L,10010,DNp01,L,33,LPLC2,DNp01,True,True,True
14888,LC4,L,10197,DNp02,L,33,LC4,DNp02,True,True,True
518544,LC4,L,10197,DNp02,L,33,LC4,DNp02,True,True,True
526286,LC4,L,10197,DNp02,L,33,LC4,DNp02,True,True,True
524899,LC4,L,10259,DNp11,L,33,LC4,DNp11,True,True,True
19229,LPLC2,R,10283,DNp103,R,33,LPLC2,DNp103,True,True,True
17544,LPLC2,L,10417,DNp103,L,33,LPLC2,DNp103,True,True,True
20799,LPLC2,L,10417,DNp103,L,33,LPLC2,DNp103,True,True,True
24605,LPLC2,L,10417,DNp103,L,33,LPLC2,DNp103,True,True,True
536444,LPLC2,L,10417,DNp103,L,33,LPLC2,DNp103,True,True,True
27750,LC4,L,10752,DNp03,L,33,LC4,DNp03,True,True,True
37587,LC4,L,10752,DNp03,L,33,LC4,DNp03,True,True,True
511914,LC4,L,10752,DNp03,L,33,LC4,DNp03,True,True,True
535341,LC4,L,10752,DNp03,L,33,LC4,DNp03,True,True,True
23929,LC4,R,10923,DNg40,R,33,LC4,DNg40,True,True,True
26393,LPLC2,R,10923,DNg40,R,33,LPLC2,DNg40,True,True,True
31988,LPLC2,R,10923,DNg40,R,33,LPLC2,DNg40,True,True,True
19260,LC4,R,11020,DNp05,R,33,LC4,DNp05,True,True,True
14465,LPLC2,R,11137,DNp04,R,33,LPLC2,DNp04,True,True,True
14102,LPLC2,L,531898,DNp04,L,33,LPLC2,DNp04,True,True,True
23098,LC4,R,10001,DNp01,R,32,LC4,DNp01,True,True,True
25253,LPLC2,R,10001,DNp01,R,32,LPLC2,DNp01,True,True,True
25497,LPLC2,R,10001,DNp01,R,32,LPLC2,DNp01,True,True,True
29391,LPLC2,R,10001,DNp01,R,32,LPLC2,DNp01,True,True,True
526286,LC4,L,10010,DNp01,L,32,LC4,DNp01,True,True,True
535341,LC4,L,10010,DNp01,L,32,LC4,DNp01,True,True,True
17364,LC4,R,10106,DNp11,R,32,LC4,DNp11,True,True,True
19543,LC4,R,10106,DNp11,R,32,LC4,DNp11,True,True,True
19550,LC4,R,10117,DNp02,R,32,LC4,DNp02,True,True,True
19954,LC4,R,10117,DNp02,R,32,LC4,DNp02,True,True,True
22772,LC4,L,10197,DNp02,L,32,LC4,DNp02,True,True,True
35262,LC4,L,10197,DNp02,L,32,LC4,DNp02,True,True,True
34845,LC4,L,10259,DNp11,L,32,LC4,DNp11,True,True,True
20047,LPLC2,R,10283,DNp103,R,32,LPLC2,DNp103,True,True,True
29873,LPLC2,R,10283,DNp103,R,32,LPLC2,DNp103,True,True,True
30041,LPLC2,R,10283,DNp103,R,32,LPLC2,DNp103,True,True,True
37613,LPLC2,R,10283,DNp103,R,32,LPLC2,DNp103,True,True,True
18936,LPLC2,L,10417,DNp103,L,32,LPLC2,DNp103,True,True,True
31105,LPLC2,L,10417,DNp103,L,32,LPLC2,DNp103,True,True,True
40811,LPLC2,L,10417,DNp103,L,32,LPLC2,DNp103,True,True,True
515971,LPLC2,L,10417,DNp103,L,32,LPLC2,DNp103,True,True,True
19830,LPLC2,L,10449,DNpe025,L,32,LPLC2,DNpe025,True,True,True
514508,LC4,L,10752,DNp03,L,32,LC4,DNp03,True,True,True
21862,LPLC2,R,10923,DNg40,R,32,LPLC2,DNg40,True,True,True
524899,LC4,L,524001,DNp05,L,32,LC4,DNp05,True,True,True
21299,LPLC2,L,531898,DNp04,L,32,LPLC2,DNp04,True,True,True
21165,LC4,R,10001,DNp01,R,31,LC4,DNp01,True,True,True
29014,LPLC2,R,10001,DNp01,R,31,LPLC2,DNp01,True,True,True
23247,LPLC2,L,10010,DNp01,L,31,LPLC2,DNp01,True,True,True
23550,LPLC2,L,10010,DNp01,L,31,LPLC2,DNp01,True,True,True
22328,LC4,R,10106,DNp11,R,31,LC4,DNp11,True,True,True
19634,LC4,R,10117,DNp02,R,31,LC4,DNp02,True,True,True
29563,LC4,R,10117,DNp02,R,31,LC4,DNp02,True,True,True
511914,LC4,L,10197,DNp02,L,31,LC4,DNp02,True,True,True
512705,LC4,L,10197,DNp02,L,31,LC4,DNp02,True,True,True
519650,LC4,L,10197,DNp02,L,31,LC4,DNp02,True,True,True
30893,LPLC2,L,10228,DNp06,L,31,LPLC2,DNp06,True,True,True
21562,LPLC2,R,10283,DNp103,R,31,LPLC2,DNp103,True,True,True
30938,LPLC2,R,10283,DNp103,R,31,LPLC2,DNp103,True,True,True
31988,LPLC2,R,10283,DNp103,R,31,LPLC2,DNp103,True,True,True
35632,LPLC2,R,10283,DNp103,R,31,LPLC2,DNp103,True,True,True
17880,LPLC2,L,10417,DNp103,L,31,LPLC2,DNp103,True,True,True
19830,LPLC2,L,10417,DNp103,L,31,LPLC2,DNp103,True,True,True
19911,LPLC2,L,10417,DNp103,L,31,LPLC2,DNp103,True,True,True
20240,LPLC2,L,10417,DNp103,L,31,LPLC2,DNp103,True,True,True
23247,LPLC2,L,10417,DNp103,L,31,LPLC2,DNp103,True,True,True
29469,LC4,L,10752,DNp03,L,31,LC4,DNp03,True,True,True
520449,LC4,L,10752,DNp03,L,31,LC4,DNp03,True,True,True
532254,LC4,L,10752,DNp03,L,31,LC4,DNp03,True,True,True
20471,LPLC2,R,10923,DNg40,R,31,LPLC2,DNg40,True,True,True
33185,LPLC2,R,10923,DNg40,R,31,LPLC2,DNg40,True,True,True
35889,LPLC2,R,10923,DNg40,R,31,LPLC2,DNg40,True,True,True
21804,LC4,R,10989,DNp03,R,31,LC4,DNp03,True,True,True
515971,LPLC2,L,519771,DNp71,L,31,LPLC2,DNp71,True,True,True
11498,LPLC2,L,531898,DNp04,L,31,LPLC2,DNp04,True,True,True
17774,LPLC2,L,531898,DNp04,L,31,LPLC2,DNp04,True,True,True
21862,LPLC2,R,10001,DNp01,R,30,LPLC2,DNp01,True,True,True
25584,LC4,R,10001,DNp01,R,30,LC4,DNp01,True,True,True
25572,LPLC2,L,10010,DNp01,L,30,LPLC2,DNp01,True,True,True
27355,LPLC2,L,10010,DNp01,L,30,LPLC2,DNp01,True,True,True
27716,LPLC2,L,10010,DNp01,L,30,LPLC2,DNp01,True,True,True
111787,LC4,L,10010,DNp01,L,30,LC4,DNp01,True,True,True
20282,LC4,R,10106,DNp11,R,30,LC4,DNp11,True,True,True
21313,LC4,R,10117,DNp02,R,30,LC4,DNp02,True,True,True
20976,LC4,L,10197,DNp02,L,30,LC4,DNp02,True,True,True
31429,LC4,L,10197,DNp02,L,30,LC4,DNp02,True,True,True
24308,LPLC2,L,10228,DNp06,L,30,LPLC2,DNp06,True,True,True
16809,LC4,L,10259,DNp11,L,30,LC4,DNp11,True,True,True
111787,LC4,L,10259,DNp11,L,30,LC4,DNp11,True,True,True
27471,LPLC2,R,10283,DNp103,R,30,LPLC2,DNp103,True,True,True
24308,LPLC2,L,10417,DNp103,L,30,LPLC2,DNp103,True,True,True
24840,LPLC2,L,10417,DNp103,L,30,LPLC2,DNp103,True,True,True
32237,LPLC2,L,10417,DNp103,L,30,LPLC2,DNp103,True,True,True
525844,LPLC2,L,10417,DNp103,L,30,LPLC2,DNp103,True,True,True
29417,LC4,L,10752,DNp03,L,30,LC4,DNp03,True,True,True
77614,LC4,L,10752,DNp03,L,30,LC4,DNp03,True,True,True
515476,LC4,L,10752,DNp03,L,30,LC4,DNp03,True,True,True
33694,LPLC2,R,10923,DNg40,R,30,LPLC2,DNg40,True,True,True
37925,LPLC2,R,10923,DNg40,R,30,LPLC2,DNg40,True,True,True
17668,LC4,R,11020,DNp05,R,30,LC4,DNp05,True,True,True
19229,LPLC2,R,11137,DNp04,R,30,LPLC2,DNp04,True,True,True
20749,LPLC2,R,11137,DNp04,R,30,LPLC2,DNp04,True,True,True
17990,LPLC2,L,531898,DNp04,L,30,LPLC2,DNp04,True,True,True
20240,LPLC2,L,531898,DNp04,L,30,LPLC2,DNp04,True,True,True
21361,LPLC2,L,531898,DNp04,L,30,LPLC2,DNp04,True,True,True
24268,LPLC2,R,10001,DNp01,R,29,LPLC2,DNp01,True,True,True
29287,LPLC2,R,10001,DNp01,R,29,LPLC2,DNp01,True,True,True
27796,LPLC2,L,10010,DNp01,L,29,LPLC2,DNp01,True,True,True
29753,LPLC2,L,10010,DNp01,L,29,LPLC2,DNp01,True,True,True
29955,LPLC2,L,10010,DNp01,L,29,LPLC2,DNp01,True,True,True
20542,LC4,R,10106,DNp11,R,29,LC4,DNp11,True,True,True
24338,LC4,R,10106,DNp11,R,29,LC4,DNp11,True,True,True
20016,LC4,R,10117,DNp02,R,29,LC4,DNp02,True,True,True
20808,LC4,R,10117,DNp02,R,29,LC4,DNp02,True,True,True
31301,LC4,L,10259,DNp11,L,29,LC4,DNp11,True,True,True
14465,LPLC2,R,10283,DNp103,R,29,LPLC2,DNp103,True,True,True
17551,LPLC2,R,10283,DNp103,R,29,LPLC2,DNp103,True,True,True
20103,LPLC2,R,10283,DNp103,R,29,LPLC2,DNp103,True,True,True
24187,LPLC2,R,10283,DNp103,R,29,LPLC2,DNp103,True,True,True
25497,LPLC2,R,10283,DNp103,R,29,LPLC2,DNp103,True,True,True
29287,LPLC2,R,10283,DNp103,R,29,LPLC2,DNp103,True,True,True
31257,LPLC2,R,10283,DNp103,R,29,LPLC2,DNp103,True,True,True
31964,LPLC2,R,10283,DNp103,R,29,LPLC2,DNp103,True,True,True
33396,LPLC2,R,10283,DNp103,R,29,LPLC2,DNp103,True,True,True
35838,LPLC2,R,10283,DNp103,R,29,LPLC2,DNp103,True,True,True
37431,LPLC2,R,10283,DNp103,R,29,LPLC2,DNp103,True,True,True
25572,LPLC2,L,10361,DNg40,L,29,LPLC2,DNg40,True,True,True
31563,LPLC2,L,10361,DNg40,L,29,LPLC2,DNg40,True,True,True
111903,LPLC2,L,10417,DNp103,L,29,LPLC2,DNp103,True,True,True
35632,LPLC2,R,10584,DNp06,R,29,LPLC2,DNp06,True,True,True
512366,LC4,L,10752,DNp03,L,29,LC4,DNp03,True,True,True
22966,LC4,R,10923,DNg40,R,29,LC4,DNg40,True,True,True
29873,LPLC2,R,10923,DNg40,R,29,LPLC2,DNg40,True,True,True
20182,LPLC2,R,11137,DNp04,R,29,LPLC2,DNp04,True,True,True
20334,LPLC2,R,11137,DNp04,R,29,LPLC2,DNp04,True,True,True
20694,LPLC2,R,11137,DNp04,R,29,LPLC2,DNp04,True,True,True
21703,LPLC2,R,11137,DNp04,R,29,LPLC2,DNp04,True,True,True
26730,LPLC2,R,11137,DNp04,R,29,LPLC2,DNp04,True,True,True
519931,LC4,L,524001,DNp05,L,29,LC4,DNp05,True,True,True
23665,LPLC2,L,531898,DNp04,L,29,LPLC2,DNp04,True,True,True
517819,LPLC2,L,531898,DNp04,L,29,LPLC2,DNp04,True,True,True
19034,LPLC2,R,10001,DNp01,R,28,LPLC2,DNp01,True,True,True
28741,LPLC2,R,10001,DNp01,R,28,LPLC2,DNp01,True,True,True
25209,LPLC2,L,10010,DNp01,L,28,LPLC2,DNp01,True,True,True
22194,LC4,R,10106,DNp11,R,28,LC4,DNp11,True,True,True
17340,LC4,L,10197,DNp02,L,28,LC4,DNp02,True,True,True
24523,LC4,L,10197,DNp02,L,28,LC4,DNp02,True,True,True
81112,LC4,L,10197,DNp02,L,28,LC4,DNp02,True,True,True
19589,LPLC2,R,10283,DNp103,R,28,LPLC2,DNp103,True,True,True
24800,LPLC2,R,10283,DNp103,R,28,LPLC2,DNp103,True,True,True
29986,LPLC2,R,10283,DNp103,R,28,LPLC2,DNp103,True,True,True
34110,LPLC2,R,10283,DNp103,R,28,LPLC2,DNp103,True,True,True
23550,LPLC2,L,10361,DNg40,L,28,LPLC2,DNg40,True,True,True
17774,LPLC2,L,10417,DNp103,L,28,LPLC2,DNp103,True,True,True
18900,LPLC2,L,10417,DNp103,L,28,LPLC2,DNp103,True,True,True
25286,LPLC2,L,10417,DNp103,L,28,LPLC2,DNp103,True,True,True
34407,LPLC2,L,10417,DNp103,L,28,LPLC2,DNp103,True,True,True
19549,LPLC2,R,10601,DNpe025,R,28,LPLC2,DNpe025,True,True,True
12349,LC4,L,10752,DNp03,L,28,LC4,DNp03,True,True,True
18478,LC4,L,10752,DNp03,L,28,LC4,DNp03,True,True,True
21721,LC4,L,10752,DNp03,L,28,LC4,DNp03,True,True,True
32597,LC4,L,10752,DNp03,L,28,LC4,DNp03,True,True,True
23878,LPLC2,R,10923,DNg40,R,28,LPLC2,DNg40,True,True,True
25511,LPLC2,R,10923,DNg40,R,28,LPLC2,DNg40,True,True,True
29014,LPLC2,R,10923,DNg40,R,28,LPLC2,DNg40,True,True,True
17860,LC4,R,11020,DNp05,R,28,LC4,DNp05,True,True,True
20047,LPLC2,R,11137,DNp04,R,28,LPLC2,DNp04,True,True,True
18478,LC4,L,524001,DNp05,L,28,LC4,DNp05,True,True,True
20859,LC4,L,524001,DNp05,L,28,LC4,DNp05,True,True,True
13764,LPLC2,L,531898,DNp04,L,28,LPLC2,DNp04,True,True,True
18900,LPLC2,L,531898,DNp04,L,28,LPLC2,DNp04,True,True,True
27796,LPLC2,L,531898,DNp04,L,28,LPLC2,DNp04,True,True,True
21045,LPLC2,R,10001,DNp01,R,27,LPLC2,DNp01,True,True,True
14102,LPLC2,L,10010,DNp01,L,27,LPLC2,DNp01,True,True,True
24308,LPLC2,L,10010,DNp01,L,27,LPLC2,DNp01,True,True,True
28011,LPLC2,L,10010,DNp01,L,27,LPLC2,DNp01,True,True,True
29815,LPLC2,L,10010,DNp01,L,27,LPLC2,DNp01,True,True,True
30895,LPLC2,L,10010,DNp01,L,27,LPLC2,DNp01,True,True,True
525844,LPLC2,L,10010,DNp01,L,27,LPLC2,DNp01,True,True,True
16138,LC4,R,10106,DNp11,R,27,LC4,DNp11,True,True,True
20808,LC4,R,10106,DNp11,R,27,LC4,DNp11,True,True,True
517752,LC4,L,10197,DNp02,L,27,LC4,DNp02,True,True,True
12349,LC4,L,10259,DNp11,L,27,LC4,DNp11,True,True,True
519650,LC4,L,10259,DNp11,L,27,LC4,DNp11,True,True,True
24118,LPLC2,R,10283,DNp103,R,27,LPLC2,DNp103,True,True,True
55627,LPLC2,R,10283,DNp103,R,27,LPLC2,DNp103,True,True,True
33303,LPLC2,L,10361,DNg40,L,27,LPLC2,DNg40,True,True,True
24568,LPLC2,L,10417,DNp103,L,27,LPLC2,DNp103,True,True,True
27355,LPLC2,L,10417,DNp103,L,27,LPLC2,DNp103,True,True,True
517079,LPLC2,L,10417,DNp103,L,27,LPLC2,DNp103,True,True,True
12032,LC4,L,10752,DNp03,L,27,LC4,DNp03,True,True,True
518983,LC4,L,10752,DNp03,L,27,LC4,DNp03,True,True,True
25636,LPLC2,R,10923,DNg40,R,27,LPLC2,DNg40,True,True,True
26915,LPLC2,R,10923,DNg40,R,27,LPLC2,DNg40,True,True,True
33396,LPLC2,R,10923,DNg40,R,27,LPLC2,DNg40,True,True,True
112292,LPLC2,L,531898,DNp04,L,27,LPLC2,DNp04,True,True,True
22328,LC4,R,10117,DNp02,R,26,LC4,DNp02,True,True,True
12349,LC4,L,10197,DNp02,L,26,LC4,DNp02,True,True,True
29469,LC4,L,10197,DNp02,L,26,LC4,DNp02,True,True,True
29514,LC4,L,10197,DNp02,L,26,LC4,DNp02,True,True,True
25136,LPLC2,L,10223,DNpe056,L,26,LPLC2,DNpe056,True,True,True
29702,LPLC2,L,10223,DNpe056,L,26,LPLC2,DNpe056,True,True,True
515900,LC4,L,10228,DNp06,L,26,LC4,DNp06,True,True,True
535341,LC4,L,10259,DNp11,L,26,LC4,DNp11,True,True,True
18929,LPLC2,R,10283,DNp103,R,26,LPLC2,DNp103,True,True,True
19842,LPLC2,R,10283,DNp103,R,26,LPLC2,DNp103,True,True,True
20694,LPLC2,R,10283,DNp103,R,26,LPLC2,DNp103,True,True,True
26147,LPLC2,R,10283,DNp103,R,26,LPLC2,DNp103,True,True,True
29216,LPLC2,R,10283,DNp103,R,26,LPLC2,DNp103,True,True,True
33694,LPLC2,R,10283,DNp103,R,26,LPLC2,DNp103,True,True,True
38542,LPLC2,R,10283,DNp103,R,26,LPLC2,DNp103,True,True,True
17608,LC4,L,10361,DNg40,L,26,LC4,DNg40,True,True,True
22253,LPLC2,L,10361,DNg40,L,26,LPLC2,DNg40,True,True,True
23665,LPLC2,L,10361,DNg40,L,26,LPLC2,DNg40,True,True,True
26528,LPLC2,L,10361,DNg40,L,26,LPLC2,DNg40,True,True,True
27624,LC4,L,10361,DNg40,L,26,LC4,DNg40,True,True,True
29702,LPLC2,L,10361,DNg40,L,26,LPLC2,DNg40,True,True,True
17059,LPLC2,L,10417,DNp103,L,26,LPLC2,DNp103,True,True,True
23665,LPLC2,L,10417,DNp103,L,26,LPLC2,DNp103,True,True,True
27023,LPLC2,L,10417,DNp103,L,26,LPLC2,DNp103,True,True,True
31563,LPLC2,L,10417,DNp103,L,26,LPLC2,DNp103,True,True,True
18929,LPLC2,R,10601,DNpe025,R,26,LPLC2,DNpe025,True,True,True
29391,LPLC2,R,10732,DNpe056,R,26,LPLC2,DNpe056,True,True,True
514956,LC4,L,10752,DNp03,L,26,LC4,DNp03,True,True,True
20162,LPLC2,R,10923,DNg40,R,26,LPLC2,DNg40,True,True,True
24118,LPLC2,R,10923,DNg40,R,26,LPLC2,DNg40,True,True,True
28945,LC4,R,10989,DNp03,R,26,LC4,DNp03,True,True,True
514670,LPLC2,L,519771,DNp71,L,26,LPLC2,DNp71,True,True,True
31308,LC4,L,524001,DNp05,L,26,LC4,DNp05,True,True,True
15804,LPLC2,L,531898,DNp04,L,26,LPLC2,DNp04,True,True,True
23349,LPLC2,L,531898,DNp04,L,26,LPLC2,DNp04,True,True,True
27399,LPLC2,L,531898,DNp04,L,26,LPLC2,DNp04,True,True,True
28003,LPLC2,R,10001,DNp01,R,25,LPLC2,DNp01,True,True,True
27399,LPLC2,L,10010,DNp01,L,25,LPLC2,DNp01,True,True,True
16917,LC4,L,10197,DNp02,L,25,LC4,DNp02,True,True,True
19249,LPLC2,R,10283,DNp103,R,25,LPLC2,DNp103,True,True,True
20584,LPLC2,R,10283,DNp103,R,25,LPLC2,DNp103,True,True,True
25636,LPLC2,R,10283,DNp103,R,25,LPLC2,DNp103,True,True,True
26393,LPLC2,R,10283,DNp103,R,25,LPLC2,DNp103,True,True,True
27566,LPLC2,R,10283,DNp103,R,25,LPLC2,DNp103,True,True,True
521115,LPLC2,L,10361,DNg40,L,25,LPLC2,DNg40,True,True,True
530029,LC4,L,10361,DNg40,L,25,LC4,DNg40,True,True,True
25572,LPLC2,L,10417,DNp103,L,25,LPLC2,DNp103,True,True,True
129687,LPLC2,L,10417,DNp103,L,25,LPLC2,DNp103,True,True,True
531014,LPLC2,L,10417,DNp103,L,25,LPLC2,DNp103,True,True,True
11498,LPLC2,L,10449,DNpe025,L,25,LPLC2,DNpe025,True,True,True
24268,LPLC2,R,10584,DNp06,R,25,LPLC2,DNp06,True,True,True
28980,LC4,L,10752,DNp03,L,25,LC4,DNp03,True,True,True
100485,LC4,L,10752,DNp03,L,25,LC4,DNp03,True,True,True
512705,LC4,L,10752,DNp03,L,25,LC4,DNp03,True,True,True
20182,LPLC2,R,10923,DNg40,R,25,LPLC2,DNg40,True,True,True
19634,LC4,R,11020,DNp05,R,25,LC4,DNp05,True,True,True
21151,LC4,R,11020,DNp05,R,25,LC4,DNp05,True,True,True
21899,LPLC2,R,11137,DNp04,R,25,LPLC2,DNp04,True,True,True
31988,LPLC2,R,10001,DNp01,R,24,LPLC2,DNp01,True,True,True
25575,LPLC2,L,10010,DNp01,L,24,LPLC2,DNp01,True,True,True
33303,LPLC2,L,10010,DNp01,L,24,LPLC2,DNp01,True,True,True
19794,LC4,R,10106,DNp11,R,24,LC4,DNp11,True,True,True
22034,LC4,R,10117,DNp02,R,24,LC4,DNp02,True,True,True
22847,LC4,R,10117,DNp02,R,24,LC4,DNp02,True,True,True
530029,LC4,L,10197,DNp02,L,24,LC4,DNp02,True,True,True
32237,LPLC2,L,10223,DNpe056,L,24,LPLC2,DNpe056,True,True,True
515900,LC4,L,10234,DNp35,L,24,LC4,DNp35,True,True,True
21721,LC4,L,10259,DNp11,L,24,LC4,DNp11,True,True,True
21899,LPLC2,R,10283,DNp103,R,24,LPLC2,DNp103,True,True,True
28003,LPLC2,R,10283,DNp103,R,24,LPLC2,DNp103,True,True,True
514956,LC4,L,10361,DNg40,L,24,LC4,DNg40,True,True,True
14102,LPLC2,L,10417,DNp103,L,24,LPLC2,DNp103,True,True,True
17990,LPLC2,L,10417,DNp103,L,24,LPLC2,DNp103,True,True,True
25575,LPLC2,L,10417,DNp103,L,24,LPLC2,DNp103,True,True,True
27796,LPLC2,L,10417,DNp103,L,24,LPLC2,DNp103,True,True,True
30512,LPLC2,L,10417,DNp103,L,24,LPLC2,DNp103,True,True,True
25267,LPLC2,R,10601,DNpe025,R,24,LPLC2,DNpe025,True,True,True
23202,LC4,L,10752,DNp03,L,24,LC4,DNp03,True,True,True
31429,LC4,L,10752,DNp03,L,24,LC4,DNp03,True,True,True
519931,LC4,L,10752,DNp03,L,24,LC4,DNp03,True,True,True
17860,LC4,R,10989,DNp03,R,24,LC4,DNp03,True,True,True
16628,LC4,R,11020,DNp05,R,24,LC4,DNp05,True,True,True
22677,LPLC2,R,11137,DNp04,R,24,LPLC2,DNp04,True,True,True
25511,LPLC2,R,11137,DNp04,R,24,LPLC2,DNp04,True,True,True
516909,LC4,L,524001,DNp05,L,24,LC4,DNp05,True,True,True
19830,LPLC2,L,531898,DNp04,L,24,LPLC2,DNp04,True,True,True
20799,LPLC2,L,531898,DNp04,L,24,LPLC2,DNp04,True,True,True
22557,LPLC2,L,531898,DNp04,L,24,LPLC2,DNp04,True,True,True
134521,LPLC2,L,531898,DNp04,L,24,LPLC2,DNp04,True,True,True
30938,LPLC2,R,10001,DNp01,R,23,LPLC2,DNp01,True,True,True
40841,LPLC2,L,10010,DNp01,L,23,LPLC2,DNp01,True,True,True
531014,LPLC2,L,10010,DNp01,L,23,LPLC2,DNp01,True,True,True
16809,LC4,L,10197,DNp02,L,23,LC4,DNp02,True,True,True
28980,LC4,L,10197,DNp02,L,23,LC4,DNp02,True,True,True
13764,LPLC2,L,10234,DNp35,L,23,LPLC2,DNp35,True,True,True
28871,LPLC2,R,10283,DNp103,R,23,LPLC2,DNp103,True,True,True
32507,LPLC2,R,10283,DNp103,R,23,LPLC2,DNp103,True,True,True
50287,LPLC2,R,10283,DNp103,R,23,LPLC2,DNp103,True,True,True
30895,LPLC2,L,10361,DNg40,L,23,LPLC2,DNg40,True,True,True
533895,LPLC2,L,10361,DNg40,L,23,LPLC2,DNg40,True,True,True
27716,LPLC2,L,10417,DNp103,L,23,LPLC2,DNp103,True,True,True
32223,LPLC2,L,10417,DNp103,L,23,LPLC2,DNp103,True,True,True
95241,LPLC2,L,10417,DNp103,L,23,LPLC2,DNp103,True,True,True
520764,LPLC2,L,10417,DNp103,L,23,LPLC2,DNp103,True,True,True
533895,LPLC2,L,10417,DNp103,L,23,LPLC2,DNp103,True,True,True
25316,LPLC2,R,10584,DNp06,R,23,LPLC2,DNp06,True,True,True
55627,LPLC2,R,10732,DNpe056,R,23,LPLC2,DNpe056,True,True,True
524899,LC4,L,10752,DNp03,L,23,LC4,DNp03,True,True,True
533129,LC4,L,10752,DNp03,L,23,LC4,DNp03,True,True,True
21808,LPLC2,R,10923,DNg40,R,23,LPLC2,DNg40,True,True,True
29986,LPLC2,R,10923,DNg40,R,23,LPLC2,DNg40,True,True,True
30480,LC4,R,10923,DNg40,R,23,LC4,DNg40,True,True,True
30938,LPLC2,R,10923,DNg40,R,23,LPLC2,DNg40,True,True,True
32507,LPLC2,R,10923,DNg40,R,23,LPLC2,DNg40,True,True,True
35680,LPLC2,R,10923,DNg40,R,23,LPLC2,DNg40,True,True,True
35838,LPLC2,R,10923,DNg40,R,23,LPLC2,DNg40,True,True,True
16628,LC4,R,10989,DNp03,R,23,LC4,DNp03,True,True,True
16128,LC4,R,11020,DNp05,R,23,LC4,DNp05,True,True,True
17551,LPLC2,R,11137,DNp04,R,23,LPLC2,DNp04,True,True,True
19034,LPLC2,R,11137,DNp04,R,23,LPLC2,DNp04,True,True,True
19249,LPLC2,R,11137,DNp04,R,23,LPLC2,DNp04,True,True,True
23878,LPLC2,R,11137,DNp04,R,23,LPLC2,DNp04,True,True,True
515900,LC4,L,524001,DNp05,L,23,LC4,DNp05,True,True,True
17880,LPLC2,L,531898,DNp04,L,23,LPLC2,DNp04,True,True,True
20329,LPLC2,L,531898,DNp04,L,23,LPLC2,DNp04,True,True,True
24568,LPLC2,L,531898,DNp04,L,23,LPLC2,DNp04,True,True,True
25575,LPLC2,L,531898,DNp04,L,23,LPLC2,DNp04,True,True,True
129687,LPLC2,L,10010,DNp01,L,22,LPLC2,DNp01,True,True,True
23792,LC4,R,10117,DNp02,R,22,LC4,DNp02,True,True,True
20440,LC4,L,10197,DNp02,L,22,LC4,DNp02,True,True,True
32597,LC4,L,10197,DNp02,L,22,LC4,DNp02,True,True,True
514508,LC4,L,10197,DNp02,L,22,LC4,DNp02,True,True,True
28011,LPLC2,L,10223,DNpe056,L,22,LPLC2,DNpe056,True,True,True
29955,LPLC2,L,10223,DNpe056,L,22,LPLC2,DNpe056,True,True,True
30893,LPLC2,L,10223,DNpe056,L,22,LPLC2,DNpe056,True,True,True
40811,LPLC2,L,10223,DNpe056,L,22,LPLC2,DNpe056,True,True,True
21299,LPLC2,L,10228,DNp06,L,22,LPLC2,DNp06,True,True,True
26416,LPLC2,L,10228,DNp06,L,22,LPLC2,DNp06,True,True,True
11498,LPLC2,L,10234,DNp35,L,22,LPLC2,DNp35,True,True,True
22218,LPLC2,R,10283,DNp103,R,22,LPLC2,DNp103,True,True,True
29014,LPLC2,R,10283,DNp103,R,22,LPLC2,DNp103,True,True,True
12349,LC4,L,10361,DNg40,L,22,LC4,DNg40,True,True,True
27023,LPLC2,L,10361,DNg40,L,22,LPLC2,DNg40,True,True,True
13726,LPLC2,L,10417,DNp103,L,22,LPLC2,DNp103,True,True,True
514670,LPLC2,L,10417,DNp103,L,22,LPLC2,DNp103,True,True,True
517819,LPLC2,L,10417,DNp103,L,22,LPLC2,DNp103,True,True,True
23497,LPLC2,R,10584,DNp06,R,22,LPLC2,DNp06,True,True,True
20584,LPLC2,R,10601,DNpe025,R,22,LPLC2,DNpe025,True,True,True
28871,LPLC2,R,10732,DNpe056,R,22,LPLC2,DNpe056,True,True,True
18432,LC4,L,10752,DNp03,L,22,LC4,DNp03,True,True,True
34845,LC4,L,10752,DNp03,L,22,LC4,DNp03,True,True,True
107513,LC4,L,10752,DNp03,L,22,LC4,DNp03,True,True,True
516909,LC4,L,10752,DNp03,L,22,LC4,DNp03,True,True,True
526286,LC4,L,10752,DNp03,L,22,LC4,DNp03,True,True,True
23497,LPLC2,R,10923,DNg40,R,22,LPLC2,DNg40,True,True,True
22847,LC4,R,10989,DNp03,R,22,LC4,DNp03,True,True,True
18127,LC4,R,11020,DNp05,R,22,LC4,DNp05,True,True,True
19549,LPLC2,R,11137,DNp04,R,22,LPLC2,DNp04,True,True,True
21808,LPLC2,R,11137,DNp04,R,22,LPLC2,DNp04,True,True,True
12824,LC4,L,524001,DNp05,L,22,LC4,DNp05,True,True,True
22922,LC4,L,524001,DNp05,L,22,LC4,DNp05,True,True,True
28980,LC4,L,524001,DNp05,L,22,LC4,DNp05,True,True,True
24840,LPLC2,L,531898,DNp04,L,22,LPLC2,DNp04,True,True,True
32737,LPLC2,L,531898,DNp04,L,22,LPLC2,DNp04,True,True,True
14465,LPLC2,R,10001,DNp01,R,21,LPLC2,DNp01,True,True,True
19550,LC4,R,10001,DNp01,R,21,LC4,DNp01,True,True,True
25511,LPLC2,R,10001,DNp01,R,21,LPLC2,DNp01,True,True,True
26915,LPLC2,R,10001,DNp01,R,21,LPLC2,DNp01,True,True,True
33396,LPLC2,R,10001,DNp01,R,21,LPLC2,DNp01,True,True,True
33439,LPLC2,R,10001,DNp01,R,21,LPLC2,DNp01,True,True,True
35680,LPLC2,R,10001,DNp01,R,21,LPLC2,DNp01,True,True,True
37431,LPLC2,R,10001,DNp01,R,21,LPLC2,DNp01,True,True,True
39620,LPLC2,R,10001,DNp01,R,21,LPLC2,DNp01,True,True,True
112292,LPLC2,L,10010,DNp01,L,21,LPLC2,DNp01,True,True,True
19634,LC4,R,10106,DNp11,R,21,LC4,DNp11,True,True,True
19543,LC4,R,10117,DNp02,R,21,LC4,DNp02,True,True,True
34845,LC4,L,10197,DNp02,L,21,LC4,DNp02,True,True,True
13132,LPLC2,L,10228,DNp06,L,21,LPLC2,DNp06,True,True,True
14888,LC4,L,10228,DNp06,L,21,LC4,DNp06,True,True,True
22772,LC4,L,10259,DNp11,L,21,LC4,DNp11,True,True,True
35262,LC4,L,10259,DNp11,L,21,LC4,DNp11,True,True,True
19034,LPLC2,R,10283,DNp103,R,21,LPLC2,DNp103,True,True,True
21703,LPLC2,R,10283,DNp103,R,21,LPLC2,DNp103,True,True,True
24401,LPLC2,R,10283,DNp103,R,21,LPLC2,DNp103,True,True,True
32237,LPLC2,L,10361,DNg40,L,21,LPLC2,DNg40,True,True,True
520764,LPLC2,L,10361,DNg40,L,21,LPLC2,DNg40,True,True,True
17775,LPLC2,L,10417,DNp103,L,21,LPLC2,DNp103,True,True,True
21299,LPLC2,L,10417,DNp103,L,21,LPLC2,DNp103,True,True,True
29319,LPLC2,L,10417,DNp103,L,21,LPLC2,DNp103,True,True,True
33965,LPLC2,L,10417,DNp103,L,21,LPLC2,DNp103,True,True,True
521115,LPLC2,L,10417,DNp103,L,21,LPLC2,DNp103,True,True,True
12824,LC4,L,10752,DNp03,L,21,LC4,DNp03,True,True,True
35262,LC4,L,10752,DNp03,L,21,LC4,DNp03,True,True,True
21804,LC4,R,10923,DNg40,R,21,LC4,DNg40,True,True,True
28741,LPLC2,R,10923,DNg40,R,21,LPLC2,DNg40,True,True,True
17266,LC4,R,10989,DNp03,R,21,LC4,DNp03,True,True,True
19589,LPLC2,R,11137,DNp04,R,21,LPLC2,DNp04,True,True,True
21318,LPLC2,R,11137,DNp04,R,21,LPLC2,DNp04,True,True,True
25316,LPLC2,R,11137,DNp04,R,21,LPLC2,DNp04,True,True,True
28044,LPLC2,R,11137,DNp04,R,21,LPLC2,DNp04,True,True,True
17544,LPLC2,L,519771,DNp71,L,21,LPLC2,DNp71,True,True,True
17653,LC4,L,524001,DNp05,L,21,LC4,DNp05,True,True,True
20572,LC4,L,524001,DNp05,L,21,LC4,DNp05,True,True,True
518731,LPLC2,L,531898,DNp04,L,21,LPLC2,DNp04,True,True,True
19589,LPLC2,R,10001,DNp01,R,20,LPLC2,DNp01,True,True,True
25636,LPLC2,R,10001,DNp01,R,20,LPLC2,DNp01,True,True,True
12384,LPLC2,L,10010,DNp01,L,20,LPLC2,DNp01,True,True,True
25027,LPLC2,L,10010,DNp01,L,20,LPLC2,DNp01,True,True,True
33965,LPLC2,L,10010,DNp01,L,20,LPLC2,DNp01,True,True,True
524366,LPLC2,L,10010,DNp01,L,20,LPLC2,DNp01,True,True,True
21336,LC4,R,10106,DNp11,R,20,LC4,DNp11,True,True,True
21804,LC4,R,10117,DNp02,R,20,LC4,DNp02,True,True,True
24338,LC4,R,10117,DNp02,R,20,LC4,DNp02,True,True,True
531014,LPLC2,L,10223,DNpe056,L,20,LPLC2,DNpe056,True,True,True
12384,LPLC2,L,10228,DNp06,L,20,LPLC2,DNp06,True,True,True
17653,LC4,L,10228,DNp06,L,20,LC4,DNp06,True,True,True
516909,LC4,L,10228,DNp06,L,20,LC4,DNp06,True,True,True
22922,LC4,L,10259,DNp11,L,20,LC4,DNp11,True,True,True
25267,LPLC2,R,10283,DNp103,R,20,LPLC2,DNp103,True,True,True
28741,LPLC2,R,10283,DNp103,R,20,LPLC2,DNp103,True,True,True
19911,LPLC2,L,10361,DNg40,L,20,LPLC2,DNg40,True,True,True
536444,LPLC2,L,10361,DNg40,L,20,LPLC2,DNg40,True,True,True
12384,LPLC2,L,10417,DNp103,L,20,LPLC2,DNp103,True,True,True
23349,LPLC2,L,10417,DNp103,L,20,LPLC2,DNp103,True,True,True
26528,LPLC2,L,10417,DNp103,L,20,LPLC2,DNp103,True,True,True
41097,LPLC2,L,10417,DNp103,L,20,LPLC2,DNp103,True,True,True
25286,LPLC2,L,10449,DNpe025,L,20,LPLC2,DNpe025,True,True,True
517078,LPLC2,L,10449,DNpe025,L,20,LPLC2,DNpe025,True,True,True
27566,LPLC2,R,10584,DNp06,R,20,LPLC2,DNp06,True,True,True
29598,LPLC2,R,10584,DNp06,R,20,LPLC2,DNp06,True,True,True
33396,LPLC2,R,10584,DNp06,R,20,LPLC2,DNp06,True,True,True
39620,LPLC2,R,10584,DNp06,R,20,LPLC2,DNp06,True,True,True
34110,LPLC2,R,10732,DNpe056,R,20,LPLC2,DNpe056,True,True,True
39620,LPLC2,R,10732,DNpe056,R,20,LPLC2,DNpe056,True,True,True
14888,LC4,L,10752,DNp03,L,20,LC4,DNp03,True,True,True
17270,LC4,L,10752,DNp03,L,20,LC4,DNp03,True,True,True
22772,LC4,L,10752,DNp03,L,20,LC4,DNp03,True,True,True
30087,LC4,L,10752,DNp03,L,20,LC4,DNp03,True,True,True
31301,LC4,L,10752,DNp03,L,20,LC4,DNp03,True,True,True
19608,LPLC2,R,10923,DNg40,R,20,LPLC2,DNg40,True,True,True
27566,LPLC2,R,10923,DNg40,R,20,LPLC2,DNg40,True,True,True
34110,LPLC2,R,10923,DNg40,R,20,LPLC2,DNg40,True,True,True
22966,LC4,R,10989,DNp03,R,20,LC4,DNp03,True,True,True
30803,LC4,R,10989,DNp03,R,20,LC4,DNp03,True,True,True
21165,LC4,R,11020,DNp05,R,20,LC4,DNp05,True,True,True
19842,LPLC2,R,11137,DNp04,R,20,LPLC2,DNp04,True,True,True
22261,LPLC2,R,11137,DNp04,R,20,LPLC2,DNp04,True,True,True
34372,LPLC2,R,11137,DNp04,R,20,LPLC2,DNp04,True,True,True
19830,LPLC2,L,519771,DNp71,L,20,LPLC2,DNp71,True,True,True
20967,LC4,L,524001,DNp05,L,20,LC4,DNp05,True,True,True
81112,LC4,L,524001,DNp05,L,20,LC4,DNp05,True,True,True
26416,LPLC2,L,531898,DNp04,L,20,LPLC2,DNp04,True,True,True
27716,LPLC2,L,531898,DNp04,L,20,LPLC2,DNp04,True,True,True
521115,LPLC2,L,531898,DNp04,L,20,LPLC2,DNp04,True,True,True
20694,LPLC2,R,10001,DNp01,R,19,LPLC2,DNp01,True,True,True
31257,LPLC2,R,10001,DNp01,R,19,LPLC2,DNp01,True,True,True
32507,LPLC2,R,10001,DNp01,R,19,LPLC2,DNp01,True,True,True
34681,LPLC2,R,10001,DNp01,R,19,LPLC2,DNp01,True,True,True
17774,LPLC2,L,10010,DNp01,L,19,LPLC2,DNp01,True,True,True
32237,LPLC2,L,10010,DNp01,L,19,LPLC2,DNp01,True,True,True
23392,LC4,R,10106,DNp11,R,19,LC4,DNp11,True,True,True
20588,LC4,R,10117,DNp02,R,19,LC4,DNp02,True,True,True
22975,LC4,R,10117,DNp02,R,19,LC4,DNp02,True,True,True
27023,LPLC2,L,10223,DNpe056,L,19,LPLC2,DNpe056,True,True,True
27355,LPLC2,L,10223,DNpe056,L,19,LPLC2,DNpe056,True,True,True
35294,LPLC2,L,10223,DNpe056,L,19,LPLC2,DNpe056,True,True,True
17340,LC4,L,10228,DNp06,L,19,LC4,DNp06,True,True,True
17478,LC4,L,10228,DNp06,L,19,LC4,DNp06,True,True,True
81112,LC4,L,10228,DNp06,L,19,LC4,DNp06,True,True,True
81112,LC4,L,10259,DNp11,L,19,LC4,DNp11,True,True,True
15018,LC4,L,10361,DNg40,L,19,LC4,DNg40,True,True,True
27355,LPLC2,L,10361,DNg40,L,19,LPLC2,DNg40,True,True,True
30893,LPLC2,L,10361,DNg40,L,19,LPLC2,DNg40,True,True,True
518439,LC4,L,10361,DNg40,L,19,LC4,DNg40,True,True,True
25136,LPLC2,L,10417,DNp103,L,19,LPLC2,DNp103,True,True,True
25854,LPLC2,L,10417,DNp103,L,19,LPLC2,DNp103,True,True,True
29955,LPLC2,L,10417,DNp103,L,19,LPLC2,DNp103,True,True,True
30895,LPLC2,L,10417,DNp103,L,19,LPLC2,DNp103,True,True,True
112292,LPLC2,L,10417,DNp103,L,19,LPLC2,DNp103,True,True,True
19842,LPLC2,R,10601,DNpe025,R,19,LPLC2,DNpe025,True,True,True
21318,LPLC2,R,10601,DNpe025,R,19,LPLC2,DNpe025,True,True,True
24187,LPLC2,R,10732,DNpe056,R,19,LPLC2,DNpe056,True,True,True
24268,LPLC2,R,10732,DNpe056,R,19,LPLC2,DNpe056,True,True,True
16809,LC4,L,10752,DNp03,L,19,LC4,DNp03,True,True,True
20976,LC4,L,10752,DNp03,L,19,LC4,DNp03,True,True,True
111787,LC4,L,10752,DNp03,L,19,LC4,DNp03,True,True,True
518730,LC4,L,10752,DNp03,L,19,LC4,DNp03,True,True,True
22261,LPLC2,R,10923,DNg40,R,19,LPLC2,DNg40,True,True,True
24800,LPLC2,R,10923,DNg40,R,19,LPLC2,DNg40,True,True,True
25497,LPLC2,R,10923,DNg40,R,19,LPLC2,DNg40,True,True,True
30041,LPLC2,R,10923,DNg40,R,19,LPLC2,DNg40,True,True,True
33439,LPLC2,R,10923,DNg40,R,19,LPLC2,DNg40,True,True,True
20103,LPLC2,R,11137,DNp04,R,19,LPLC2,DNp04,True,True,True
20162,LPLC2,R,11137,DNp04,R,19,LPLC2,DNp04,True,True,True
28871,LPLC2,R,11137,DNp04,R,19,LPLC2,DNp04,True,True,True
12384,LPLC2,L,519771,DNp71,L,19,LPLC2,DNp71,True,True,True
19787,LPLC2,L,519771,DNp71,L,19,LPLC2,DNp71,True,True,True
518731,LPLC2,L,519771,DNp71,L,19,LPLC2,DNp71,True,True,True
24605,LPLC2,L,531898,DNp04,L,19,LPLC2,DNp04,True,True,True
25524,LPLC2,L,531898,DNp04,L,19,LPLC2,DNp04,True,True,True
34407,LPLC2,L,531898,DNp04,L,19,LPLC2,DNp04,True,True,True
29986,LPLC2,R,10001,DNp01,R,18,LPLC2,DNp01,True,True,True
30512,LPLC2,L,10010,DNp01,L,18,LPLC2,DNp01,True,True,True
134521,LPLC2,L,10010,DNp01,L,18,LPLC2,DNp01,True,True,True
27624,LC4,L,10197,DNp02,L,18,LC4,DNp02,True,True,True
512366,LC4,L,10197,DNp02,L,18,LC4,DNp02,True,True,True
19911,LPLC2,L,10223,DNpe056,L,18,LPLC2,DNpe056,True,True,True
25027,LPLC2,L,10223,DNpe056,L,18,LPLC2,DNpe056,True,True,True
18478,LC4,L,10228,DNp06,L,18,LC4,DNp06,True,True,True
34845,LC4,L,10228,DNp06,L,18,LC4,DNp06,True,True,True
518983,LC4,L,10228,DNp06,L,18,LC4,DNp06,True,True,True
31308,LC4,L,10259,DNp11,L,18,LC4,DNp11,True,True,True
21318,LPLC2,R,10283,DNp103,R,18,LPLC2,DNp103,True,True,True
16917,LC4,L,10361,DNg40,L,18,LC4,DNg40,True,True,True
18396,LC4,L,10361,DNg40,L,18,LC4,DNg40,True,True,True
25209,LPLC2,L,10361,DNg40,L,18,LPLC2,DNg40,True,True,True
28011,LPLC2,L,10361,DNg40,L,18,LPLC2,DNg40,True,True,True
29955,LPLC2,L,10361,DNg40,L,18,LPLC2,DNg40,True,True,True
13764,LPLC2,L,10417,DNp103,L,18,LPLC2,DNp103,True,True,True
33303,LPLC2,L,10417,DNp103,L,18,LPLC2,DNp103,True,True,True
12384,LPLC2,L,10449,DNpe025,L,18,LPLC2,DNpe025,True,True,True
14030,LPLC2,L,10449,DNpe025,L,18,LPLC2,DNpe025,True,True,True
18929,LPLC2,R,10584,DNp06,R,18,LPLC2,DNp06,True,True,True
37613,LPLC2,R,10584,DNp06,R,18,LPLC2,DNp06,True,True,True
20749,LPLC2,R,10601,DNpe025,R,18,LPLC2,DNpe025,True,True,True
22677,LPLC2,R,10601,DNpe025,R,18,LPLC2,DNpe025,True,True,True
21562,LPLC2,R,10732,DNpe056,R,18,LPLC2,DNpe056,True,True,True
28741,LPLC2,R,10732,DNpe056,R,18,LPLC2,DNpe056,True,True,True
20440,LC4,L,10752,DNp03,L,18,LC4,DNp03,True,True,True
20572,LC4,L,10752,DNp03,L,18,LC4,DNp03,True,True,True
517752,LC4,L,10752,DNp03,L,18,LC4,DNp03,True,True,True
518016,LC4,L,10752,DNp03,L,18,LC4,DNp03,True,True,True
17987,LC4,R,10923,DNg40,R,18,LC4,DNg40,True,True,True
19034,LPLC2,R,10923,DNg40,R,18,LPLC2,DNg40,True,True,True
37613,LPLC2,R,10923,DNg40,R,18,LPLC2,DNg40,True,True,True
38542,LPLC2,R,10923,DNg40,R,18,LPLC2,DNg40,True,True,True
50287,LPLC2,R,10923,DNg40,R,18,LPLC2,DNg40,True,True,True
17054,LC4,R,10989,DNp03,R,18,LC4,DNp03,True,True,True
19634,LC4,R,10989,DNp03,R,18,LC4,DNp03,True,True,True
16138,LC4,R,11020,DNp05,R,18,LC4,DNp05,True,True,True
19420,LC4,R,11020,DNp05,R,18,LC4,DNp05,True,True,True
20016,LC4,R,11020,DNp05,R,18,LC4,DNp05,True,True,True
18929,LPLC2,R,11137,DNp04,R,18,LPLC2,DNp04,True,True,True
20535,LPLC2,R,11137,DNp04,R,18,LPLC2,DNp04,True,True,True
29873,LPLC2,R,11137,DNp04,R,18,LPLC2,DNp04,True,True,True
25209,LPLC2,L,531898,DNp04,L,18,LPLC2,DNp04,True,True,True
30895,LPLC2,L,531898,DNp04,L,18,LPLC2,DNp04,True,True,True
32223,LPLC2,L,531898,DNp04,L,18,LPLC2,DNp04,True,True,True
40841,LPLC2,L,531898,DNp04,L,18,LPLC2,DNp04,True,True,True
27471,LPLC2,R,10001,DNp01,R,17,LPLC2,DNp01,True,True,True
29216,LPLC2,R,10001,DNp01,R,17,LPLC2,DNp01,True,True,True
50287,LPLC2,R,10001,DNp01,R,17,LPLC2,DNp01,True,True,True
29319,LPLC2,L,10010,DNp01,L,17,LPLC2,DNp01,True,True,True
34051,LPLC2,L,10010,DNp01,L,17,LPLC2,DNp01,True,True,True
40811,LPLC2,L,10010,DNp01,L,17,LPLC2,DNp01,True,True,True
111787,LC4,L,10197,DNp02,L,17,LC4,DNp02,True,True,True
25209,LPLC2,L,10223,DNpe056,L,17,LPLC2,DNpe056,True,True,True
34655,LPLC2,L,10223,DNpe056,L,17,LPLC2,DNpe056,True,True,True
17608,LC4,L,10228,DNp06,L,17,LC4,DNp06,True,True,True
29469,LC4,L,10228,DNp06,L,17,LC4,DNp06,True,True,True
77614,LC4,L,10259,DNp11,L,17,LC4,DNp11,True,True,True
20329,LPLC2,L,10361,DNg40,L,17,LPLC2,DNg40,True,True,True
25524,LPLC2,L,10361,DNg40,L,17,LPLC2,DNg40,True,True,True
31301,LC4,L,10361,DNg40,L,17,LC4,DNg40,True,True,True
34845,LC4,L,10361,DNg40,L,17,LC4,DNg40,True,True,True
40841,LPLC2,L,10361,DNg40,L,17,LPLC2,DNg40,True,True,True
129687,LPLC2,L,10361,DNg40,L,17,LPLC2,DNg40,True,True,True
134521,LPLC2,L,10361,DNg40,L,17,LPLC2,DNg40,True,True,True
531014,LPLC2,L,10361,DNg40,L,17,LPLC2,DNg40,True,True,True
19787,LPLC2,L,10417,DNp103,L,17,LPLC2,DNp103,True,True,True
21361,LPLC2,L,10417,DNp103,L,17,LPLC2,DNp103,True,True,True
134521,LPLC2,L,10417,DNp103,L,17,LPLC2,DNp103,True,True,True
13132,LPLC2,L,10449,DNpe025,L,17,LPLC2,DNpe025,True,True,True
21769,LPLC2,R,10584,DNp06,R,17,LPLC2,DNp06,True,True,True
25253,LPLC2,R,10732,DNpe056,R,17,LPLC2,DNpe056,True,True,True
33396,LPLC2,R,10732,DNpe056,R,17,LPLC2,DNpe056,True,True,True
27829,LC4,L,10752,DNp03,L,17,LC4,DNp03,True,True,True
20103,LPLC2,R,10923,DNg40,R,17,LPLC2,DNg40,True,True,True
29216,LPLC2,R,10923,DNg40,R,17,LPLC2,DNg40,True,True,True
22328,LC4,R,10989,DNp03,R,17,LC4,DNp03,True,True,True
17054,LC4,R,11020,DNp05,R,17,LC4,DNp05,True,True,True
17548,LC4,R,11020,DNp05,R,17,LC4,DNp05,True,True,True
20471,LPLC2,R,11137,DNp04,R,17,LPLC2,DNp04,True,True,True
21045,LPLC2,R,11137,DNp04,R,17,LPLC2,DNp04,True,True,True
27471,LPLC2,R,11137,DNp04,R,17,LPLC2,DNp04,True,True,True
22557,LPLC2,L,519771,DNp71,L,17,LPLC2,DNp71,True,True,True
520449,LC4,L,524001,DNp05,L,17,LC4,DNp05,True,True,True
27023,LPLC2,L,531898,DNp04,L,17,LPLC2,DNp04,True,True,True
29702,LPLC2,L,531898,DNp04,L,17,LPLC2,DNp04,True,True,True
29873,LPLC2,R,10001,DNp01,R,16,LPLC2,DNp01,True,True,True
34110,LPLC2,R,10001,DNp01,R,16,LPLC2,DNp01,True,True,True
55627,LPLC2,R,10001,DNp01,R,16,LPLC2,DNp01,True,True,True
100485,LC4,L,10197,DNp02,L,16,LC4,DNp02,True,True,True
22557,LPLC2,L,10223,DNpe056,L,16,LPLC2,DNpe056,True,True,True
31105,LPLC2,L,10223,DNpe056,L,16,LPLC2,DNpe056,True,True,True
12349,LC4,L,10228,DNp06,L,16,LC4,DNp06,True,True,True
20859,LC4,L,10228,DNp06,L,16,LC4,DNp06,True,True,True
27355,LPLC2,L,10228,DNp06,L,16,LPLC2,DNp06,True,True,True
33303,LPLC2,L,10228,DNp06,L,16,LPLC2,DNp06,True,True,True
107513,LC4,L,10228,DNp06,L,16,LC4,DNp06,True,True,True
33439,LPLC2,R,10283,DNp103,R,16,LPLC2,DNp103,True,True,True
19787,LPLC2,L,10361,DNg40,L,16,LPLC2,DNg40,True,True,True
27750,LC4,L,10361,DNg40,L,16,LC4,DNg40,True,True,True
28188,LPLC2,L,10361,DNg40,L,16,LPLC2,DNg40,True,True,True
29815,LPLC2,L,10361,DNg40,L,16,LPLC2,DNg40,True,True,True
33406,LPLC2,L,10361,DNg40,L,16,LPLC2,DNg40,True,True,True
34051,LPLC2,L,10361,DNg40,L,16,LPLC2,DNg40,True,True,True
517819,LPLC2,L,10361,DNg40,L,16,LPLC2,DNg40,True,True,True
22557,LPLC2,L,10417,DNp103,L,16,LPLC2,DNp103,True,True,True
25209,LPLC2,L,10417,DNp103,L,16,LPLC2,DNp103,True,True,True
29815,LPLC2,L,10417,DNp103,L,16,LPLC2,DNp103,True,True,True
40841,LPLC2,L,10417,DNp103,L,16,LPLC2,DNp103,True,True,True
100103,LPLC2,L,10417,DNp103,L,16,LPLC2,DNp103,True,True,True
13764,LPLC2,L,10449,DNpe025,L,16,LPLC2,DNpe025,True,True,True
18929,LPLC2,R,10558,DNp35,R,16,LPLC2,DNp35,True,True,True
21318,LPLC2,R,10558,DNp35,R,16,LPLC2,DNp35,True,True,True
21769,LPLC2,R,10558,DNp35,R,16,LPLC2,DNp35,True,True,True
19589,LPLC2,R,10584,DNp06,R,16,LPLC2,DNp06,True,True,True
22218,LPLC2,R,10601,DNpe025,R,16,LPLC2,DNpe025,True,True,True
24118,LPLC2,R,10732,DNpe056,R,16,LPLC2,DNpe056,True,True,True
26393,LPLC2,R,10732,DNpe056,R,16,LPLC2,DNpe056,True,True,True
31257,LPLC2,R,10732,DNpe056,R,16,LPLC2,DNpe056,True,True,True
20967,LC4,L,10752,DNp03,L,16,LC4,DNp03,True,True,True
519650,LC4,L,10752,DNp03,L,16,LC4,DNp03,True,True,True
20282,LC4,R,10923,DNg40,R,16,LC4,DNg40,True,True,True
22975,LC4,R,10923,DNg40,R,16,LC4,DNg40,True,True,True
31262,LC4,R,10923,DNg40,R,16,LC4,DNg40,True,True,True
527408,LC4,R,10923,DNg40,R,16,LC4,DNg40,True,True,True
31262,LC4,R,10989,DNp03,R,16,LC4,DNp03,True,True,True
20542,LC4,R,11020,DNp05,R,16,LC4,DNp05,True,True,True
19608,LPLC2,R,11137,DNp04,R,16,LPLC2,DNp04,True,True,True
20269,LPLC2,R,11137,DNp04,R,16,LPLC2,DNp04,True,True,True
24800,LPLC2,R,11137,DNp04,R,16,LPLC2,DNp04,True,True,True
25316,LPLC2,R,11159,DNp71,R,16,LPLC2,DNp71,True,True,True
13726,LPLC2,L,519771,DNp71,L,16,LPLC2,DNp71,True,True,True
517079,LPLC2,L,519771,DNp71,L,16,LPLC2,DNp71,True,True,True
533129,LC4,L,524001,DNp05,L,16,LC4,DNp05,True,True,True
25854,LPLC2,L,531898,DNp04,L,16,LPLC2,DNp04,True,True,True
33406,LPLC2,L,531898,DNp04,L,16,LPLC2,DNp04,True,True,True
21899,LPLC2,R,10001,DNp01,R,15,LPLC2,DNp01,True,True,True
17880,LPLC2,L,10010,DNp01,L,15,LPLC2,DNp01,True,True,True
25136,LPLC2,L,10010,DNp01,L,15,LPLC2,DNp01,True,True,True
517078,LPLC2,L,10010,DNp01,L,15,LPLC2,DNp01,True,True,True
28945,LC4,R,10117,DNp02,R,15,LC4,DNp02,True,True,True
31262,LC4,R,10117,DNp02,R,15,LC4,DNp02,True,True,True
23919,LPLC2,L,10223,DNpe056,L,15,LPLC2,DNpe056,True,True,True
27716,LPLC2,L,10223,DNpe056,L,15,LPLC2,DNpe056,True,True,True
28188,LPLC2,L,10223,DNpe056,L,15,LPLC2,DNpe056,True,True,True
33303,LPLC2,L,10223,DNpe056,L,15,LPLC2,DNpe056,True,True,True
525844,LPLC2,L,10223,DNpe056,L,15,LPLC2,DNpe056,True,True,True
13764,LPLC2,L,10228,DNp06,L,15,LPLC2,DNp06,True,True,True
27624,LC4,L,10228,DNp06,L,15,LC4,DNp06,True,True,True
31429,LC4,L,10259,DNp11,L,15,LC4,DNp11,True,True,True
20182,LPLC2,R,10283,DNp103,R,15,LPLC2,DNp103,True,True,True
20799,LPLC2,L,10361,DNg40,L,15,LPLC2,DNg40,True,True,True
27796,LPLC2,L,10361,DNg40,L,15,LPLC2,DNg40,True,True,True
31105,LPLC2,L,10361,DNg40,L,15,LPLC2,DNg40,True,True,True
525844,LPLC2,L,10361,DNg40,L,15,LPLC2,DNg40,True,True,True
11498,LPLC2,L,10417,DNp103,L,15,LPLC2,DNp103,True,True,True
20329,LPLC2,L,10417,DNp103,L,15,LPLC2,DNp103,True,True,True
23550,LPLC2,L,10417,DNp103,L,15,LPLC2,DNp103,True,True,True
23919,LPLC2,L,10417,DNp103,L,15,LPLC2,DNp103,True,True,True
27399,LPLC2,L,10417,DNp103,L,15,LPLC2,DNp103,True,True,True
28011,LPLC2,L,10417,DNp103,L,15,LPLC2,DNp103,True,True,True
35294,LPLC2,L,10417,DNp103,L,15,LPLC2,DNp103,True,True,True
14102,LPLC2,L,10449,DNpe025,L,15,LPLC2,DNpe025,True,True,True
20240,LPLC2,L,10449,DNpe025,L,15,LPLC2,DNpe025,True,True,True
21299,LPLC2,L,10449,DNpe025,L,15,LPLC2,DNpe025,True,True,True
100103,LPLC2,L,10449,DNpe025,L,15,LPLC2,DNpe025,True,True,True
22677,LPLC2,R,10558,DNp35,R,15,LPLC2,DNp35,True,True,True
25316,LPLC2,R,10558,DNp35,R,15,LPLC2,DNp35,True,True,True
20588,LC4,R,10584,DNp06,R,15,LC4,DNp06,True,True,True
21336,LC4,R,10584,DNp06,R,15,LC4,DNp06,True,True,True
28003,LPLC2,R,10584,DNp06,R,15,LPLC2,DNp06,True,True,True
29183,LPLC2,R,10584,DNp06,R,15,LPLC2,DNp06,True,True,True
34681,LPLC2,R,10584,DNp06,R,15,LPLC2,DNp06,True,True,True
29287,LPLC2,R,10732,DNpe056,R,15,LPLC2,DNpe056,True,True,True
20047,LPLC2,R,10923,DNg40,R,15,LPLC2,DNg40,True,True,True
20399,LC4,R,10923,DNg40,R,15,LC4,DNg40,True,True,True
34681,LPLC2,R,10923,DNg40,R,15,LPLC2,DNg40,True,True,True
21287,LC4,R,10989,DNp03,R,15,LC4,DNp03,True,True,True
21313,LC4,R,10989,DNp03,R,15,LC4,DNp03,True,True,True
30480,LC4,R,10989,DNp03,R,15,LC4,DNp03,True,True,True
17987,LC4,R,11020,DNp05,R,15,LC4,DNp05,True,True,True
25497,LPLC2,R,11137,DNp04,R,15,LPLC2,DNp04,True,True,True
32507,LPLC2,R,11137,DNp04,R,15,LPLC2,DNp04,True,True,True
20103,LPLC2,R,11159,DNp71,R,15,LPLC2,DNp71,True,True,True
25286,LPLC2,L,519771,DNp71,L,15,LPLC2,DNp71,True,True,True
526286,LC4,L,524001,DNp05,L,15,LC4,DNp05,True,True,True
532254,LC4,L,524001,DNp05,L,15,LC4,DNp05,True,True,True
19787,LPLC2,L,531898,DNp04,L,15,LPLC2,DNp04,True,True,True
20334,LPLC2,R,10001,DNp01,R,14,LPLC2,DNp01,True,True,True
21703,LPLC2,R,10001,DNp01,R,14,LPLC2,DNp01,True,True,True
22218,LPLC2,R,10001,DNp01,R,14,LPLC2,DNp01,True,True,True
29598,LPLC2,R,10001,DNp01,R,14,LPLC2,DNp01,True,True,True
26112,LC4,R,10117,DNp02,R,14,LC4,DNp02,True,True,True
27750,LC4,L,10197,DNp02,L,14,LC4,DNp02,True,True,True
524366,LPLC2,L,10223,DNpe056,L,14,LPLC2,DNpe056,True,True,True
536444,LPLC2,L,10223,DNpe056,L,14,LPLC2,DNpe056,True,True,True
14102,LPLC2,L,10228,DNp06,L,14,LPLC2,DNp06,True,True,True
20440,LC4,L,10228,DNp06,L,14,LC4,DNp06,True,True,True
24605,LPLC2,L,10228,DNp06,L,14,LPLC2,DNp06,True,True,True
29815,LPLC2,L,10228,DNp06,L,14,LPLC2,DNp06,True,True,True
77614,LC4,L,10228,DNp06,L,14,LC4,DNp06,True,True,True
18936,LPLC2,L,10234,DNp35,L,14,LPLC2,DNp35,True,True,True
25575,LPLC2,L,10234,DNp35,L,14,LPLC2,DNp35,True,True,True
35616,LC4,L,10259,DNp11,L,14,LC4,DNp11,True,True,True
33185,LPLC2,R,10283,DNp103,R,14,LPLC2,DNp103,True,True,True
22557,LPLC2,L,10361,DNg40,L,14,LPLC2,DNg40,True,True,True
25854,LPLC2,L,10361,DNg40,L,14,LPLC2,DNg40,True,True,True
26416,LPLC2,L,10361,DNg40,L,14,LPLC2,DNg40,True,True,True
29319,LPLC2,L,10361,DNg40,L,14,LPLC2,DNg40,True,True,True
32597,LC4,L,10361,DNg40,L,14,LC4,DNg40,True,True,True
32737,LPLC2,L,10361,DNg40,L,14,LPLC2,DNg40,True,True,True
35262,LC4,L,10361,DNg40,L,14,LC4,DNg40,True,True,True
41097,LPLC2,L,10361,DNg40,L,14,LPLC2,DNg40,True,True,True
107513,LC4,L,10361,DNg40,L,14,LC4,DNg40,True,True,True
28188,LPLC2,L,10417,DNp103,L,14,LPLC2,DNp103,True,True,True
34655,LPLC2,L,10417,DNp103,L,14,LPLC2,DNp103,True,True,True
24605,LPLC2,L,10449,DNpe025,L,14,LPLC2,DNpe025,True,True,True
19549,LPLC2,R,10584,DNp06,R,14,LPLC2,DNp06,True,True,True
21318,LPLC2,R,10584,DNp06,R,14,LPLC2,DNp06,True,True,True
22677,LPLC2,R,10584,DNp06,R,14,LPLC2,DNp06,True,True,True
35838,LPLC2,R,10584,DNp06,R,14,LPLC2,DNp06,True,True,True
20471,LPLC2,R,10732,DNpe056,R,14,LPLC2,DNpe056,True,True,True
23878,LPLC2,R,10732,DNpe056,R,14,LPLC2,DNpe056,True,True,True
29598,LPLC2,R,10732,DNpe056,R,14,LPLC2,DNpe056,True,True,True
30041,LPLC2,R,10732,DNpe056,R,14,LPLC2,DNpe056,True,True,True
33694,LPLC2,R,10732,DNpe056,R,14,LPLC2,DNpe056,True,True,True
33137,LC4,L,10752,DNp03,L,14,LC4,DNp03,True,True,True
19543,LC4,R,10923,DNg40,R,14,LC4,DNg40,True,True,True
21045,LPLC2,R,10923,DNg40,R,14,LPLC2,DNg40,True,True,True
30207,LPLC2,R,10923,DNg40,R,14,LPLC2,DNg40,True,True,True
30803,LC4,R,10923,DNg40,R,14,LC4,DNg40,True,True,True
16128,LC4,R,10989,DNp03,R,14,LC4,DNp03,True,True,True
17364,LC4,R,10989,DNp03,R,14,LC4,DNp03,True,True,True
17926,LC4,R,11020,DNp05,R,14,LC4,DNp05,True,True,True
19550,LC4,R,11020,DNp05,R,14,LC4,DNp05,True,True,True
26112,LC4,R,11020,DNp05,R,14,LC4,DNp05,True,True,True
21562,LPLC2,R,11137,DNp04,R,14,LPLC2,DNp04,True,True,True
25636,LPLC2,R,11137,DNp04,R,14,LPLC2,DNp04,True,True,True
30207,LPLC2,R,11137,DNp04,R,14,LPLC2,DNp04,True,True,True
19249,LPLC2,R,11159,DNp71,R,14,LPLC2,DNp71,True,True,True
19608,LPLC2,R,11159,DNp71,R,14,LPLC2,DNp71,True,True,True
11498,LPLC2,L,519771,DNp71,L,14,LPLC2,DNp71,True,True,True
17990,LPLC2,L,519771,DNp71,L,14,LPLC2,DNp71,True,True,True
18936,LPLC2,L,519771,DNp71,L,14,LPLC2,DNp71,True,True,True
20329,LPLC2,L,519771,DNp71,L,14,LPLC2,DNp71,True,True,True
23202,LC4,L,524001,DNp05,L,14,LC4,DNp05,True,True,True
33137,LC4,L,524001,DNp05,L,14,LC4,DNp05,True,True,True
23919,LPLC2,L,531898,DNp04,L,14,LPLC2,DNp04,True,True,True
24308,LPLC2,L,531898,DNp04,L,14,LPLC2,DNp04,True,True,True
28011,LPLC2,L,531898,DNp04,L,14,LPLC2,DNp04,True,True,True
34051,LPLC2,L,531898,DNp04,L,14,LPLC2,DNp04,True,True,True
41097,LPLC2,L,531898,DNp04,L,14,LPLC2,DNp04,True,True,True
129687,LPLC2,L,531898,DNp04,L,14,LPLC2,DNp04,True,True,True
29183,LPLC2,R,10001,DNp01,R,13,LPLC2,DNp01,True,True,True
26416,LPLC2,L,10010,DNp01,L,13,LPLC2,DNp01,True,True,True
31105,LPLC2,L,10091,DNpe042,L,13,LPLC2,DNpe042,True,True,True
531014,LPLC2,L,10091,DNpe042,L,13,LPLC2,DNpe042,True,True,True
17544,LPLC2,L,10223,DNpe056,L,13,LPLC2,DNpe056,True,True,True
27796,LPLC2,L,10223,DNpe056,L,13,LPLC2,DNpe056,True,True,True
29319,LPLC2,L,10223,DNpe056,L,13,LPLC2,DNpe056,True,True,True
29753,LPLC2,L,10223,DNpe056,L,13,LPLC2,DNpe056,True,True,True
30895,LPLC2,L,10223,DNpe056,L,13,LPLC2,DNpe056,True,True,True
33965,LPLC2,L,10223,DNpe056,L,13,LPLC2,DNpe056,True,True,True
12824,LC4,L,10228,DNp06,L,13,LC4,DNp06,True,True,True
21721,LC4,L,10228,DNp06,L,13,LC4,DNp06,True,True,True
23202,LC4,L,10228,DNp06,L,13,LC4,DNp06,True,True,True
23919,LPLC2,L,10228,DNp06,L,13,LPLC2,DNp06,True,True,True
40841,LPLC2,L,10228,DNp06,L,13,LPLC2,DNp06,True,True,True
519650,LC4,L,10228,DNp06,L,13,LC4,DNp06,True,True,True
12384,LPLC2,L,10234,DNp35,L,13,LPLC2,DNp35,True,True,True
512705,LC4,L,10259,DNp11,L,13,LC4,DNp11,True,True,True
19543,LC4,R,10283,DNp103,R,13,LC4,DNp103,True,True,True
24568,LPLC2,L,10361,DNg40,L,13,LPLC2,DNg40,True,True,True
29753,LPLC2,L,10361,DNg40,L,13,LPLC2,DNg40,True,True,True
30512,LPLC2,L,10361,DNg40,L,13,LPLC2,DNg40,True,True,True
34655,LPLC2,L,10361,DNg40,L,13,LPLC2,DNg40,True,True,True
37587,LC4,L,10361,DNg40,L,13,LC4,DNg40,True,True,True
13132,LPLC2,L,10417,DNp103,L,13,LPLC2,DNp103,True,True,True
29753,LPLC2,L,10417,DNp103,L,13,LPLC2,DNp103,True,True,True
34051,LPLC2,L,10417,DNp103,L,13,LPLC2,DNp103,True,True,True
524366,LPLC2,L,10417,DNp103,L,13,LPLC2,DNp103,True,True,True
19249,LPLC2,R,10558,DNp35,R,13,LPLC2,DNp35,True,True,True
19249,LPLC2,R,10584,DNp06,R,13,LPLC2,DNp06,True,True,True
20016,LC4,R,10584,DNp06,R,13,LC4,DNp06,True,True,True
21045,LPLC2,R,10584,DNp06,R,13,LPLC2,DNp06,True,True,True
21808,LPLC2,R,10584,DNp06,R,13,LPLC2,DNp06,True,True,True
23392,LC4,R,10584,DNp06,R,13,LC4,DNp06,True,True,True
27471,LPLC2,R,10584,DNp06,R,13,LPLC2,DNp06,True,True,True
14465,LPLC2,R,10601,DNpe025,R,13,LPLC2,DNpe025,True,True,True
19146,LPLC2,R,10601,DNpe025,R,13,LPLC2,DNpe025,True,True,True
21703,LPLC2,R,10601,DNpe025,R,13,LPLC2,DNpe025,True,True,True
30207,LPLC2,R,10601,DNpe025,R,13,LPLC2,DNpe025,True,True,True
30938,LPLC2,R,10732,DNpe056,R,13,LPLC2,DNpe056,True,True,True
31988,LPLC2,R,10732,DNpe056,R,13,LPLC2,DNpe056,True,True,True
33439,LPLC2,R,10732,DNpe056,R,13,LPLC2,DNpe056,True,True,True
37925,LPLC2,R,10732,DNpe056,R,13,LPLC2,DNpe056,True,True,True
16917,LC4,L,10752,DNp03,L,13,LC4,DNp03,True,True,True
22922,LC4,L,10752,DNp03,L,13,LC4,DNp03,True,True,True
29514,LC4,L,10752,DNp03,L,13,LC4,DNp03,True,True,True
30893,LPLC2,L,10783,DNp09,L,13,LPLC2,DNp09,True,True,True
525844,LPLC2,L,10783,DNp09,L,13,LPLC2,DNp09,True,True,True
29563,LC4,R,10923,DNg40,R,13,LC4,DNg40,True,True,True
34372,LPLC2,R,10923,DNg40,R,13,LPLC2,DNg40,True,True,True
17548,LC4,R,10989,DNp03,R,13,LC4,DNp03,True,True,True
19543,LC4,R,10989,DNp03,R,13,LC4,DNp03,True,True,True
19794,LC4,R,10989,DNp03,R,13,LC4,DNp03,True,True,True
20016,LC4,R,10989,DNp03,R,13,LC4,DNp03,True,True,True
20399,LC4,R,10989,DNp03,R,13,LC4,DNp03,True,True,True
20917,LC4,R,10989,DNp03,R,13,LC4,DNp03,True,True,True
21225,LC4,R,10989,DNp03,R,13,LC4,DNp03,True,True,True
23929,LC4,R,10989,DNp03,R,13,LC4,DNp03,True,True,True
26112,LC4,R,10989,DNp03,R,13,LC4,DNp03,True,True,True
24118,LPLC2,R,11137,DNp04,R,13,LPLC2,DNp04,True,True,True
29014,LPLC2,R,11137,DNp04,R,13,LPLC2,DNp04,True,True,True
29986,LPLC2,R,11137,DNp04,R,13,LPLC2,DNp04,True,True,True
19549,LPLC2,R,11159,DNp71,R,13,LPLC2,DNp71,True,True,True
25316,LPLC2,R,11334,DNpe045,R,13,LPLC2,DNpe045,True,True,True
13132,LPLC2,L,519771,DNp71,L,13,LPLC2,DNp71,True,True,True
14102,LPLC2,L,519771,DNp71,L,13,LPLC2,DNp71,True,True,True
17059,LPLC2,L,519771,DNp71,L,13,LPLC2,DNp71,True,True,True
22253,LPLC2,L,519771,DNp71,L,13,LPLC2,DNp71,True,True,True
24308,LPLC2,L,519771,DNp71,L,13,LPLC2,DNp71,True,True,True
511914,LC4,L,524001,DNp05,L,13,LC4,DNp05,True,True,True
25136,LPLC2,L,531898,DNp04,L,13,LPLC2,DNp04,True,True,True
31563,LPLC2,L,531898,DNp04,L,13,LPLC2,DNp04,True,True,True
111903,LPLC2,L,531898,DNp04,L,13,LPLC2,DNp04,True,True,True
531014,LPLC2,L,531898,DNp04,L,13,LPLC2,DNp04,True,True,True
20749,LPLC2,R,10001,DNp01,R,12,LPLC2,DNp01,True,True,True
21769,LPLC2,R,10001,DNp01,R,12,LPLC2,DNp01,True,True,True
30041,LPLC2,R,10001,DNp01,R,12,LPLC2,DNp01,True,True,True
17059,LPLC2,L,10010,DNp01,L,12,LPLC2,DNp01,True,True,True
19830,LPLC2,L,10010,DNp01,L,12,LPLC2,DNp01,True,True,True
19420,LC4,R,10106,DNp11,R,12,LC4,DNp11,True,True,True
23550,LPLC2,L,10223,DNpe056,L,12,LPLC2,DNpe056,True,True,True
24308,LPLC2,L,10223,DNpe056,L,12,LPLC2,DNpe056,True,True,True
29815,LPLC2,L,10223,DNpe056,L,12,LPLC2,DNpe056,True,True,True
40841,LPLC2,L,10223,DNpe056,L,12,LPLC2,DNpe056,True,True,True
517079,LPLC2,L,10223,DNpe056,L,12,LPLC2,DNpe056,True,True,True
11498,LPLC2,L,10228,DNp06,L,12,LPLC2,DNp06,True,True,True
17270,LC4,L,10228,DNp06,L,12,LC4,DNp06,True,True,True
19911,LPLC2,L,10228,DNp06,L,12,LPLC2,DNp06,True,True,True
20240,LPLC2,L,10228,DNp06,L,12,LPLC2,DNp06,True,True,True
20967,LC4,L,10228,DNp06,L,12,LC4,DNp06,True,True,True
22557,LPLC2,L,10228,DNp06,L,12,LPLC2,DNp06,True,True,True
24523,LC4,L,10228,DNp06,L,12,LC4,DNp06,True,True,True
25572,LPLC2,L,10228,DNp06,L,12,LPLC2,DNp06,True,True,True
27023,LPLC2,L,10228,DNp06,L,12,LPLC2,DNp06,True,True,True
31301,LC4,L,10228,DNp06,L,12,LC4,DNp06,True,True,True
31563,LPLC2,L,10228,DNp06,L,12,LPLC2,DNp06,True,True,True
517752,LC4,L,10228,DNp06,L,12,LC4,DNp06,True,True,True
20240,LPLC2,L,10234,DNp35,L,12,LPLC2,DNp35,True,True,True
17270,LC4,L,10259,DNp11,L,12,LC4,DNp11,True,True,True
17478,LC4,L,10259,DNp11,L,12,LC4,DNp11,True,True,True
20859,LC4,L,10259,DNp11,L,12,LC4,DNp11,True,True,True
24308,LPLC2,L,10361,DNg40,L,12,LPLC2,DNg40,True,True,True
24840,LPLC2,L,10361,DNg40,L,12,LPLC2,DNg40,True,True,True
32223,LPLC2,L,10361,DNg40,L,12,LPLC2,DNg40,True,True,True
15804,LPLC2,L,10417,DNp103,L,12,LPLC2,DNp103,True,True,True
33406,LPLC2,L,10417,DNp103,L,12,LPLC2,DNp103,True,True,True
95241,LPLC2,L,10449,DNpe025,L,12,LPLC2,DNpe025,True,True,True
21225,LC4,R,10558,DNp35,R,12,LC4,DNp35,True,True,True
25267,LPLC2,R,10558,DNp35,R,12,LPLC2,DNp35,True,True,True
18189,LC4,R,10584,DNp06,R,12,LC4,DNp06,True,True,True
19420,LC4,R,10584,DNp06,R,12,LC4,DNp06,True,True,True
21151,LC4,R,10584,DNp06,R,12,LC4,DNp06,True,True,True
22194,LC4,R,10584,DNp06,R,12,LC4,DNp06,True,True,True
23098,LC4,R,10584,DNp06,R,12,LC4,DNp06,True,True,True
29287,LPLC2,R,10584,DNp06,R,12,LPLC2,DNp06,True,True,True
31964,LPLC2,R,10584,DNp06,R,12,LPLC2,DNp06,True,True,True
17551,LPLC2,R,10601,DNpe025,R,12,LPLC2,DNpe025,True,True,True
19229,LPLC2,R,10601,DNpe025,R,12,LPLC2,DNpe025,True,True,True
21899,LPLC2,R,10601,DNpe025,R,12,LPLC2,DNpe025,True,True,True
26915,LPLC2,R,10732,DNpe056,R,12,LPLC2,DNpe056,True,True,True
31308,LC4,L,10752,DNp03,L,12,LC4,DNp03,True,True,True
35616,LC4,L,10752,DNp03,L,12,LC4,DNp03,True,True,True
19794,LC4,R,10923,DNg40,R,12,LC4,DNg40,True,True,True
22328,LC4,R,10923,DNg40,R,12,LC4,DNg40,True,True,True
28003,LPLC2,R,10923,DNg40,R,12,LPLC2,DNg40,True,True,True
55627,LPLC2,R,10923,DNg40,R,12,LPLC2,DNg40,True,True,True
19260,LC4,R,10989,DNp03,R,12,LC4,DNp03,True,True,True
19954,LC4,R,10989,DNp03,R,12,LC4,DNp03,True,True,True
23392,LC4,R,10989,DNp03,R,12,LC4,DNp03,True,True,True
29563,LC4,R,10989,DNp03,R,12,LC4,DNp03,True,True,True
20917,LC4,R,11020,DNp05,R,12,LC4,DNp05,True,True,True
23098,LC4,R,11020,DNp05,R,12,LC4,DNp05,True,True,True
27566,LPLC2,R,11137,DNp04,R,12,LPLC2,DNp04,True,True,True
29183,LPLC2,R,11137,DNp04,R,12,LPLC2,DNp04,True,True,True
29598,LPLC2,R,11137,DNp04,R,12,LPLC2,DNp04,True,True,True
31257,LPLC2,R,11137,DNp04,R,12,LPLC2,DNp04,True,True,True
17551,LPLC2,R,11159,DNp71,R,12,LPLC2,DNp71,True,True,True
20584,LPLC2,R,11159,DNp71,R,12,LPLC2,DNp71,True,True,True
21808,LPLC2,R,11159,DNp71,R,12,LPLC2,DNp71,True,True,True
29391,LPLC2,R,12628,DNpe042,R,12,LPLC2,DNpe042,True,True,True
24605,LPLC2,L,519771,DNp71,L,12,LPLC2,DNp71,True,True,True
25572,LPLC2,L,519771,DNp71,L,12,LPLC2,DNp71,True,True,True
29702,LPLC2,L,519771,DNp71,L,12,LPLC2,DNp71,True,True,True
111903,LPLC2,L,519771,DNp71,L,12,LPLC2,DNp71,True,True,True
22772,LC4,L,524001,DNp05,L,12,LC4,DNp05,True,True,True
19911,LPLC2,L,531898,DNp04,L,12,LPLC2,DNp04,True,True,True
25572,LPLC2,L,531898,DNp04,L,12,LPLC2,DNp04,True,True,True
26528,LPLC2,L,531898,DNp04,L,12,LPLC2,DNp04,True,True,True
33965,LPLC2,L,531898,DNp04,L,12,LPLC2,DNp04,True,True,True
35294,LPLC2,L,531898,DNp04,L,12,LPLC2,DNp04,True,True,True
33694,LPLC2,R,10001,DNp01,R,11,LPLC2,DNp01,True,True,True
27023,LPLC2,L,10010,DNp01,L,11,LPLC2,DNp01,True,True,True
35294,LPLC2,L,10010,DNp01,L,11,LPLC2,DNp01,True,True,True
95241,LPLC2,L,10010,DNp01,L,11,LPLC2,DNp01,True,True,True
23919,LPLC2,L,10091,DNpe042,L,11,LPLC2,DNpe042,True,True,True
17668,LC4,R,10106,DNp11,R,11,LC4,DNp11,True,True,True
515476,LC4,L,10197,DNp02,L,11,LC4,DNp02,True,True,True
20799,LPLC2,L,10223,DNpe056,L,11,LPLC2,DNpe056,True,True,True
31563,LPLC2,L,10223,DNpe056,L,11,LPLC2,DNpe056,True,True,True
134521,LPLC2,L,10223,DNpe056,L,11,LPLC2,DNpe056,True,True,True
23665,LPLC2,L,10228,DNp06,L,11,LPLC2,DNp06,True,True,True
25136,LPLC2,L,10228,DNp06,L,11,LPLC2,DNp06,True,True,True
30512,LPLC2,L,10228,DNp06,L,11,LPLC2,DNp06,True,True,True
32237,LPLC2,L,10228,DNp06,L,11,LPLC2,DNp06,True,True,True
512366,LC4,L,10228,DNp06,L,11,LC4,DNp06,True,True,True
18432,LC4,L,10259,DNp11,L,11,LC4,DNp11,True,True,True
23226,LC4,L,10259,DNp11,L,11,LC4,DNp11,True,True,True
518016,LC4,L,10259,DNp11,L,11,LC4,DNp11,True,True,True
35680,LPLC2,R,10283,DNp103,R,11,LPLC2,DNp103,True,True,True
16809,LC4,L,10361,DNg40,L,11,LC4,DNg40,True,True,True
27716,LPLC2,L,10361,DNg40,L,11,LPLC2,DNg40,True,True,True
33965,LPLC2,L,10361,DNg40,L,11,LPLC2,DNg40,True,True,True
14030,LPLC2,L,10417,DNp103,L,11,LPLC2,DNp103,True,True,True
23247,LPLC2,L,10449,DNpe025,L,11,LPLC2,DNpe025,True,True,True
111903,LPLC2,L,10449,DNpe025,L,11,LPLC2,DNpe025,True,True,True
514670,LPLC2,L,10449,DNpe025,L,11,LPLC2,DNpe025,True,True,True
16628,LC4,R,10558,DNp35,R,11,LC4,DNp35,True,True,True
19229,LPLC2,R,10558,DNp35,R,11,LPLC2,DNp35,True,True,True
17551,LPLC2,R,10584,DNp06,R,11,LPLC2,DNp06,True,True,True
19634,LC4,R,10584,DNp06,R,11,LC4,DNp06,True,True,True
20047,LPLC2,R,10584,DNp06,R,11,LPLC2,DNp06,True,True,True
20399,LC4,R,10584,DNp06,R,11,LC4,DNp06,True,True,True
20917,LC4,R,10584,DNp06,R,11,LC4,DNp06,True,True,True
21899,LPLC2,R,10584,DNp06,R,11,LPLC2,DNp06,True,True,True
22218,LPLC2,R,10584,DNp06,R,11,LPLC2,DNp06,True,True,True
22975,LC4,R,10584,DNp06,R,11,LC4,DNp06,True,True,True
24338,LC4,R,10584,DNp06,R,11,LC4,DNp06,True,True,True
30041,LPLC2,R,10584,DNp06,R,11,LPLC2,DNp06,True,True,True
30803,LC4,R,10584,DNp06,R,11,LC4,DNp06,True,True,True
37925,LPLC2,R,10584,DNp06,R,11,LPLC2,DNp06,True,True,True
19589,LPLC2,R,10601,DNpe025,R,11,LPLC2,DNpe025,True,True,True
19608,LPLC2,R,10601,DNpe025,R,11,LPLC2,DNpe025,True,True,True
20103,LPLC2,R,10601,DNpe025,R,11,LPLC2,DNpe025,True,True,True
20162,LPLC2,R,10732,DNpe056,R,11,LPLC2,DNpe056,True,True,True
21045,LPLC2,R,10732,DNpe056,R,11,LPLC2,DNpe056,True,True,True
25511,LPLC2,R,10732,DNpe056,R,11,LPLC2,DNpe056,True,True,True
26147,LPLC2,R,10732,DNpe056,R,11,LPLC2,DNpe056,True,True,True
28044,LPLC2,R,10732,DNpe056,R,11,LPLC2,DNpe056,True,True,True
29183,LPLC2,R,10732,DNpe056,R,11,LPLC2,DNpe056,True,True,True
29216,LPLC2,R,10732,DNpe056,R,11,LPLC2,DNpe056,True,True,True
23226,LC4,L,10752,DNp03,L,11,LC4,DNp03,True,True,True
19146,LPLC2,R,10923,DNg40,R,11,LPLC2,DNg40,True,True,True
24338,LC4,R,10923,DNg40,R,11,LC4,DNg40,True,True,True
25316,LPLC2,R,10923,DNg40,R,11,LPLC2,DNg40,True,True,True
31257,LPLC2,R,10923,DNg40,R,11,LPLC2,DNg40,True,True,True
23919,LPLC2,L,10931,DNpe045,L,11,LPLC2,DNpe045,True,True,True
22975,LC4,R,10989,DNp03,R,11,LC4,DNp03,True,True,True
38065,LC4,R,10989,DNp03,R,11,LC4,DNp03,True,True,True
20673,LC4,R,11020,DNp05,R,11,LC4,DNp05,True,True,True
21287,LC4,R,11020,DNp05,R,11,LC4,DNp05,True,True,True
24187,LPLC2,R,11137,DNp04,R,11,LPLC2,DNp04,True,True,True
24401,LPLC2,R,11137,DNp04,R,11,LPLC2,DNp04,True,True,True
25253,LPLC2,R,11137,DNp04,R,11,LPLC2,DNp04,True,True,True
29391,LPLC2,R,11137,DNp04,R,11,LPLC2,DNp04,True,True,True
18672,LPLC2,R,11159,DNp71,R,11,LPLC2,DNp71,True,True,True
21318,LPLC2,R,11159,DNp71,R,11,LPLC2,DNp71,True,True,True
26730,LPLC2,R,11159,DNp71,R,11,LPLC2,DNp71,True,True,True
13764,LPLC2,L,519771,DNp71,L,11,LPLC2,DNp71,True,True,True
18900,LPLC2,L,519771,DNp71,L,11,LPLC2,DNp71,True,True,True
21299,LPLC2,L,519771,DNp71,L,11,LPLC2,DNp71,True,True,True
23550,LPLC2,L,519771,DNp71,L,11,LPLC2,DNp71,True,True,True
27023,LPLC2,L,519771,DNp71,L,11,LPLC2,DNp71,True,True,True
30893,LPLC2,L,519771,DNp71,L,11,LPLC2,DNp71,True,True,True
517819,LPLC2,L,519771,DNp71,L,11,LPLC2,DNp71,True,True,True
518983,LC4,L,524001,DNp05,L,11,LC4,DNp05,True,True,True
27355,LPLC2,L,531898,DNp04,L,11,LPLC2,DNp04,True,True,True
517079,LPLC2,L,531898,DNp04,L,11,LPLC2,DNp04,True,True,True
536444,LPLC2,L,531898,DNp04,L,11,LPLC2,DNp04,True,True,True
27566,LPLC2,R,10001,DNp01,R,10,LPLC2,DNp01,True,True,True
19911,LPLC2,L,10010,DNp01,L,10,LPLC2,DNp01,True,True,True
24605,LPLC2,L,10010,DNp01,L,10,LPLC2,DNp01,True,True,True
32223,LPLC2,L,10010,DNp01,L,10,LPLC2,DNp01,True,True,True
29702,LPLC2,L,10091,DNpe042,L,10,LPLC2,DNpe042,True,True,True
525844,LPLC2,L,10091,DNpe042,L,10,LPLC2,DNpe042,True,True,True
19550,LC4,R,10106,DNp11,R,10,LC4,DNp11,True,True,True
30087,LC4,L,10197,DNp02,L,10,LC4,DNp02,True,True,True
518439,LC4,L,10197,DNp02,L,10,LC4,DNp02,True,True,True
23665,LPLC2,L,10223,DNpe056,L,10,LPLC2,DNpe056,True,True,True
32223,LPLC2,L,10223,DNpe056,L,10,LPLC2,DNpe056,True,True,True
34407,LPLC2,L,10223,DNpe056,L,10,LPLC2,DNpe056,True,True,True
41097,LPLC2,L,10223,DNpe056,L,10,LPLC2,DNpe056,True,True,True
520764,LPLC2,L,10223,DNpe056,L,10,LPLC2,DNpe056,True,True,True
533895,LPLC2,L,10223,DNpe056,L,10,LPLC2,DNpe056,True,True,True
18396,LC4,L,10228,DNp06,L,10,LC4,DNp06,True,True,True
22253,LPLC2,L,10228,DNp06,L,10,LPLC2,DNp06,True,True,True
23550,LPLC2,L,10228,DNp06,L,10,LPLC2,DNp06,True,True,True
29955,LPLC2,L,10228,DNp06,L,10,LPLC2,DNp06,True,True,True
32597,LC4,L,10228,DNp06,L,10,LC4,DNp06,True,True,True
517079,LPLC2,L,10228,DNp06,L,10,LPLC2,DNp06,True,True,True
524366,LPLC2,L,10228,DNp06,L,10,LPLC2,DNp06,True,True,True
524899,LC4,L,10228,DNp06,L,10,LC4,DNp06,True,True,True
23202,LC4,L,10234,DNp35,L,10,LC4,DNp35,True,True,True
27399,LPLC2,L,10234,DNp35,L,10,LPLC2,DNp35,True,True,True
517078,LPLC2,L,10234,DNp35,L,10,LPLC2,DNp35,True,True,True
25027,LPLC2,L,10361,DNg40,L,10,LPLC2,DNg40,True,True,True
29469,LC4,L,10361,DNg40,L,10,LC4,DNg40,True,True,True
34407,LPLC2,L,10361,DNg40,L,10,LPLC2,DNg40,True,True,True
515971,LPLC2,L,10361,DNg40,L,10,LPLC2,DNg40,True,True,True
517078,LPLC2,L,10417,DNp103,L,10,LPLC2,DNp103,True,True,True
13726,LPLC2,L,10449,DNpe025,L,10,LPLC2,DNpe025,True,True,True
15804,LPLC2,L,10449,DNpe025,L,10,LPLC2,DNpe025,True,True,True
16128,LC4,R,10558,DNp35,R,10,LC4,DNp35,True,True,True
18672,LPLC2,R,10558,DNp35,R,10,LPLC2,DNp35,True,True,True
22966,LC4,R,10558,DNp35,R,10,LC4,DNp35,True,True,True
23878,LPLC2,R,10558,DNp35,R,10,LPLC2,DNp35,True,True,True
25636,LPLC2,R,10558,DNp35,R,10,LPLC2,DNp35,True,True,True
30480,LC4,R,10558,DNp35,R,10,LC4,DNp35,True,True,True
16138,LC4,R,10584,DNp06,R,10,LC4,DNp06,True,True,True
17266,LC4,R,10584,DNp06,R,10,LC4,DNp06,True,True,True
17668,LC4,R,10584,DNp06,R,10,LC4,DNp06,True,True,True
19229,LPLC2,R,10584,DNp06,R,10,LPLC2,DNp06,True,True,True
20162,LPLC2,R,10584,DNp06,R,10,LPLC2,DNp06,True,True,True
20749,LPLC2,R,10584,DNp06,R,10,LPLC2,DNp06,True,True,True
22034,LC4,R,10584,DNp06,R,10,LC4,DNp06,True,True,True
30938,LPLC2,R,10584,DNp06,R,10,LPLC2,DNp06,True,True,True
13132,LPLC2,L,10590,DNpe052,L,10,LPLC2,DNpe052,True,True,True
17054,LC4,R,10601,DNpe025,R,10,LC4,DNpe025,True,True,True
17987,LC4,R,10601,DNpe025,R,10,LC4,DNpe025,True,True,True
26730,LPLC2,R,10601,DNpe025,R,10,LPLC2,DNpe025,True,True,True
25636,LPLC2,R,10732,DNpe056,R,10,LPLC2,DNpe056,True,True,True
38542,LPLC2,R,10732,DNpe056,R,10,LPLC2,DNpe056,True,True,True
23919,LPLC2,L,10783,DNp09,L,10,LPLC2,DNp09,True,True,True
18189,LC4,R,10923,DNg40,R,10,LC4,DNg40,True,True,True
19229,LPLC2,R,10923,DNg40,R,10,LPLC2,DNg40,True,True,True
20334,LPLC2,R,10923,DNg40,R,10,LPLC2,DNg40,True,True,True
20535,LPLC2,R,10923,DNg40,R,10,LPLC2,DNg40,True,True,True
26112,LC4,R,10923,DNg40,R,10,LC4,DNg40,True,True,True
27471,LPLC2,R,10923,DNg40,R,10,LPLC2,DNg40,True,True,True
29183,LPLC2,R,10923,DNg40,R,10,LPLC2,DNg40,True,True,True
536444,LPLC2,L,10931,DNpe045,L,10,LPLC2,DNpe045,True,True,True
19550,LC4,R,10989,DNp03,R,10,LC4,DNp03,True,True,True
23098,LC4,R,10989,DNp03,R,10,LC4,DNp03,True,True,True
23792,LC4,R,10989,DNp03,R,10,LC4,DNp03,True,True,True
21225,LC4,R,11020,DNp05,R,10,LC4,DNp05,True,True,True
28003,LPLC2,R,11137,DNp04,R,10,LPLC2,DNp04,True,True,True
35632,LPLC2,R,11137,DNp04,R,10,LPLC2,DNp04,True,True,True
24187,LPLC2,R,11159,DNp71,R,10,LPLC2,DNp71,True,True,True
29873,LPLC2,R,11159,DNp71,R,10,LPLC2,DNp71,True,True,True
34681,LPLC2,R,11334,DNpe045,R,10,LPLC2,DNpe045,True,True,True
532254,LC4,L,11573,DNpe021,L,10,LC4,DNpe021,True,True,True
14030,LPLC2,L,519771,DNp71,L,10,LPLC2,DNp71,True,True,True
15804,LPLC2,L,519771,DNp71,L,10,LPLC2,DNp71,True,True,True
23349,LPLC2,L,519771,DNp71,L,10,LPLC2,DNp71,True,True,True
24840,LPLC2,L,519771,DNp71,L,10,LPLC2,DNp71,True,True,True
531014,LPLC2,L,519771,DNp71,L,10,LPLC2,DNp71,True,True,True
533895,LPLC2,L,519771,DNp71,L,10,LPLC2,DNp71,True,True,True
20976,LC4,L,524001,DNp05,L,10,LC4,DNp05,True,True,True
21721,LC4,L,524001,DNp05,L,10,LC4,DNp05,True,True,True
23226,LC4,L,524001,DNp05,L,10,LC4,DNp05,True,True,True
35616,LC4,L,524001,DNp05,L,10,LC4,DNp05,True,True,True
100485,LC4,L,524001,DNp05,L,10,LC4,DNp05,True,True,True
518544,LC4,L,524001,DNp05,L,10,LC4,DNp05,True,True,True
518730,LC4,L,524001,DNp05,L,10,LC4,DNp05,True,True,True
22677,LPLC2,R,10001,DNp01,R,9,LPLC2,DNp01,True,True,False
34372,LPLC2,R,10001,DNp01,R,9,LPLC2,DNp01,True,True,False
37925,LPLC2,R,10001,DNp01,R,9,LPLC2,DNp01,True,True,False
17544,LPLC2,L,10010,DNp01,L,9,LPLC2,DNp01,True,True,False
31105,LPLC2,L,10010,DNp01,L,9,LPLC2,DNp01,True,True,False
25286,LPLC2,L,10091,DNpe042,L,9,LPLC2,DNpe042,True,True,False
16628,LC4,R,10106,DNp11,R,9,LC4,DNp11,True,True,False
19260,LC4,R,10106,DNp11,R,9,LC4,DNp11,True,True,False
20917,LC4,R,10106,DNp11,R,9,LC4,DNp11,True,True,False
23929,LC4,R,10117,DNp02,R,9,LC4,DNp02,True,True,False
15804,LPLC2,L,10223,DNpe056,L,9,LPLC2,DNpe056,True,True,False
22253,LPLC2,L,10223,DNpe056,L,9,LPLC2,DNpe056,True,True,False
25575,LPLC2,L,10223,DNpe056,L,9,LPLC2,DNpe056,True,True,False
27399,LPLC2,L,10223,DNpe056,L,9,LPLC2,DNpe056,True,True,False
34051,LPLC2,L,10223,DNpe056,L,9,LPLC2,DNpe056,True,True,False
14030,LPLC2,L,10228,DNp06,L,9,LPLC2,DNp06,True,True,False
15018,LC4,L,10228,DNp06,L,9,LC4,DNp06,True,True,False
17059,LPLC2,L,10228,DNp06,L,9,LPLC2,DNp06,True,True,False
20799,LPLC2,L,10228,DNp06,L,9,LPLC2,DNp06,True,True,False
29702,LPLC2,L,10228,DNp06,L,9,LPLC2,DNp06,True,True,False
30087,LC4,L,10228,DNp06,L,9,LC4,DNp06,True,True,False
31308,LC4,L,10228,DNp06,L,9,LC4,DNp06,True,True,False
33406,LPLC2,L,10228,DNp06,L,9,LPLC2,DNp06,True,True,False
512705,LC4,L,10228,DNp06,L,9,LC4,DNp06,True,True,False
518439,LC4,L,10228,DNp06,L,9,LC4,DNp06,True,True,False
530029,LC4,L,10228,DNp06,L,9,LC4,DNp06,True,True,False
533129,LC4,L,10228,DNp06,L,9,LC4,DNp06,True,True,False
13132,LPLC2,L,10234,DNp35,L,9,LPLC2,DNp35,True,True,False
20440,LC4,L,10234,DNp35,L,9,LC4,DNp35,True,True,False
32223,LPLC2,L,10234,DNp35,L,9,LPLC2,DNp35,True,True,False
33303,LPLC2,L,10234,DNp35,L,9,LPLC2,DNp35,True,True,False
20572,LC4,L,10259,DNp11,L,9,LC4,DNp11,True,True,False
33137,LC4,L,10259,DNp11,L,9,LC4,DNp11,True,True,False
533129,LC4,L,10259,DNp11,L,9,LC4,DNp11,True,True,False
17775,LPLC2,L,10361,DNg40,L,9,LPLC2,DNg40,True,True,False
18432,LC4,L,10361,DNg40,L,9,LC4,DNg40,True,True,False
20240,LPLC2,L,10361,DNg40,L,9,LPLC2,DNg40,True,True,False
23349,LPLC2,L,10361,DNg40,L,9,LPLC2,DNg40,True,True,False
27399,LPLC2,L,10361,DNg40,L,9,LPLC2,DNg40,True,True,False
29514,LC4,L,10361,DNg40,L,9,LC4,DNg40,True,True,False
40811,LPLC2,L,10361,DNg40,L,9,LPLC2,DNg40,True,True,False
512705,LC4,L,10361,DNg40,L,9,LC4,DNg40,True,True,False
17653,LC4,L,10417,DNp103,L,9,LC4,DNp103,True,True,False
25524,LPLC2,L,10417,DNp103,L,9,LPLC2,DNp103,True,True,False
17544,LPLC2,L,10449,DNpe025,L,9,LPLC2,DNpe025,True,True,False
21361,LPLC2,L,10449,DNpe025,L,9,LPLC2,DNpe025,True,True,False
17054,LC4,R,10558,DNp35,R,9,LC4,DNp35,True,True,False
17926,LC4,R,10558,DNp35,R,9,LC4,DNp35,True,True,False
20584,LPLC2,R,10558,DNp35,R,9,LPLC2,DNp35,True,True,False
20749,LPLC2,R,10558,DNp35,R,9,LPLC2,DNp35,True,True,False
23098,LC4,R,10558,DNp35,R,9,LC4,DNp35,True,True,False
23497,LPLC2,R,10558,DNp35,R,9,LPLC2,DNp35,True,True,False
16628,LC4,R,10584,DNp06,R,9,LC4,DNp06,True,True,False
17364,LC4,R,10584,DNp06,R,9,LC4,DNp06,True,True,False
19794,LC4,R,10584,DNp06,R,9,LC4,DNp06,True,True,False
19842,LPLC2,R,10584,DNp06,R,9,LPLC2,DNp06,True,True,False
20334,LPLC2,R,10584,DNp06,R,9,LPLC2,DNp06,True,True,False
21165,LC4,R,10584,DNp06,R,9,LC4,DNp06,True,True,False
21287,LC4,R,10584,DNp06,R,9,LC4,DNp06,True,True,False
21313,LC4,R,10584,DNp06,R,9,LC4,DNp06,True,True,False
23590,LPLC2,R,10584,DNp06,R,9,LPLC2,DNp06,True,True,False
23792,LC4,R,10584,DNp06,R,9,LC4,DNp06,True,True,False
23929,LC4,R,10584,DNp06,R,9,LC4,DNp06,True,True,False
33439,LPLC2,R,10584,DNp06,R,9,LPLC2,DNp06,True,True,False
21225,LC4,R,10601,DNpe025,R,9,LC4,DNpe025,True,True,False
25316,LPLC2,R,10601,DNpe025,R,9,LPLC2,DNpe025,True,True,False
21862,LPLC2,R,10732,DNpe056,R,9,LPLC2,DNpe056,True,True,False
22261,LPLC2,R,10732,DNpe056,R,9,LPLC2,DNpe056,True,True,False
24401,LPLC2,R,10732,DNpe056,R,9,LPLC2,DNpe056,True,True,False
33185,LPLC2,R,10732,DNpe056,R,9,LPLC2,DNpe056,True,True,False
35889,LPLC2,R,10732,DNpe056,R,9,LPLC2,DNpe056,True,True,False
50287,LPLC2,R,10732,DNpe056,R,9,LPLC2,DNpe056,True,True,False
25136,LPLC2,L,10783,DNp09,L,9,LPLC2,DNp09,True,True,False
20917,LC4,R,10923,DNg40,R,9,LC4,DNg40,True,True,False
22218,LPLC2,R,10923,DNg40,R,9,LPLC2,DNg40,True,True,False
28945,LC4,R,10923,DNg40,R,9,LC4,DNg40,True,True,False
29598,LPLC2,R,10923,DNg40,R,9,LPLC2,DNg40,True,True,False
37431,LPLC2,R,10923,DNg40,R,9,LPLC2,DNg40,True,True,False
27023,LPLC2,L,10931,DNpe045,L,9,LPLC2,DNpe045,True,True,False
17668,LC4,R,10989,DNp03,R,9,LC4,DNp03,True,True,False
17926,LC4,R,10989,DNp03,R,9,LC4,DNp03,True,True,False
18127,LC4,R,10989,DNp03,R,9,LC4,DNp03,True,True,False
21151,LC4,R,10989,DNp03,R,9,LC4,DNp03,True,True,False
24338,LC4,R,10989,DNp03,R,9,LC4,DNp03,True,True,False
25584,LC4,R,10989,DNp03,R,9,LC4,DNp03,True,True,False
18189,LC4,R,11020,DNp05,R,9,LC4,DNp05,True,True,False
34372,LPLC2,R,11133,DNp70,R,9,LPLC2,DNp70,True,True,False
23590,LPLC2,R,11137,DNp04,R,9,LPLC2,DNp04,True,True,False
26393,LPLC2,R,11137,DNp04,R,9,LPLC2,DNp04,True,True,False
33185,LPLC2,R,11137,DNp04,R,9,LPLC2,DNp04,True,True,False
35889,LPLC2,R,11137,DNp04,R,9,LPLC2,DNp04,True,True,False
39620,LPLC2,R,11137,DNp04,R,9,LPLC2,DNp04,True,True,False
50287,LPLC2,R,11137,DNp04,R,9,LPLC2,DNp04,True,True,False
29598,LPLC2,R,11334,DNpe045,R,9,LPLC2,DNpe045,True,True,False
15018,LC4,L,11573,DNpe021,L,9,LC4,DNpe021,True,True,False
29417,LC4,L,11573,DNpe021,L,9,LC4,DNpe021,True,True,False
22261,LPLC2,R,12628,DNpe042,R,9,LPLC2,DNpe042,True,True,False
28044,LPLC2,R,12628,DNpe042,R,9,LPLC2,DNpe042,True,True,False
33439,LPLC2,R,12628,DNpe042,R,9,LPLC2,DNpe042,True,True,False
17774,LPLC2,L,519771,DNp71,L,9,LPLC2,DNp71,True,True,False
23247,LPLC2,L,519771,DNp71,L,9,LPLC2,DNp71,True,True,False
27355,LPLC2,L,519771,DNp71,L,9,LPLC2,DNp71,True,True,False
95241,LPLC2,L,519771,DNp71,L,9,LPLC2,DNp71,True,True,False
112292,LPLC2,L,519771,DNp71,L,9,LPLC2,DNp71,True,True,False
12032,LC4,L,524001,DNp05,L,9,LC4,DNp05,True,True,False
17270,LC4,L,524001,DNp05,L,9,LC4,DNp05,True,True,False
18432,LC4,L,524001,DNp05,L,9,LC4,DNp05,True,True,False
25027,LPLC2,L,531898,DNp04,L,9,LPLC2,DNp04,True,True,False
25286,LPLC2,L,531898,DNp04,L,9,LPLC2,DNp04,True,True,False
29815,LPLC2,L,531898,DNp04,L,9,LPLC2,DNp04,True,True,False
20584,LPLC2,R,10001,DNp01,R,8,LPLC2,DNp01,True,True,False
13132,LPLC2,L,10010,DNp01,L,8,LPLC2,DNp01,True,True,False
21299,LPLC2,L,10010,DNp01,L,8,LPLC2,DNp01,True,True,False
32237,LPLC2,L,10091,DNpe042,L,8,LPLC2,DNpe042,True,True,False
518731,LPLC2,L,10091,DNpe042,L,8,LPLC2,DNpe042,True,True,False
25584,LC4,R,10106,DNp11,R,8,LC4,DNp11,True,True,False
22966,LC4,R,10117,DNp02,R,8,LC4,DNp02,True,True,False
527408,LC4,R,10117,DNp02,R,8,LC4,DNp02,True,True,False
17880,LPLC2,L,10223,DNpe056,L,8,LPLC2,DNpe056,True,True,False
24840,LPLC2,L,10223,DNpe056,L,8,LPLC2,DNpe056,True,True,False
25572,LPLC2,L,10223,DNpe056,L,8,LPLC2,DNpe056,True,True,False
26416,LPLC2,L,10223,DNpe056,L,8,LPLC2,DNpe056,True,True,False
32737,LPLC2,L,10223,DNpe056,L,8,LPLC2,DNpe056,True,True,False
23247,LPLC2,L,10228,DNp06,L,8,LPLC2,DNp06,True,True,False
27716,LPLC2,L,10228,DNp06,L,8,LPLC2,DNp06,True,True,False
30895,LPLC2,L,10228,DNp06,L,8,LPLC2,DNp06,True,True,False
31429,LC4,L,10228,DNp06,L,8,LC4,DNp06,True,True,False
515476,LC4,L,10228,DNp06,L,8,LC4,DNp06,True,True,False
517819,LPLC2,L,10228,DNp06,L,8,LPLC2,DNp06,True,True,False
518544,LC4,L,10228,DNp06,L,8,LC4,DNp06,True,True,False
520449,LC4,L,10228,DNp06,L,8,LC4,DNp06,True,True,False
17059,LPLC2,L,10234,DNp35,L,8,LPLC2,DNp35,True,True,False
17340,LC4,L,10234,DNp35,L,8,LC4,DNp35,True,True,False
19830,LPLC2,L,10234,DNp35,L,8,LPLC2,DNp35,True,True,False
19911,LPLC2,L,10234,DNp35,L,8,LPLC2,DNp35,True,True,False
22922,LC4,L,10234,DNp35,L,8,LC4,DNp35,True,True,False
25286,LPLC2,L,10234,DNp35,L,8,LPLC2,DNp35,True,True,False
95241,LPLC2,L,10234,DNp35,L,8,LPLC2,DNp35,True,True,False
112292,LPLC2,L,10234,DNp35,L,8,LPLC2,DNp35,True,True,False
20976,LC4,L,10259,DNp11,L,8,LC4,DNp11,True,True,False
518544,LC4,L,10259,DNp11,L,8,LC4,DNp11,True,True,False
518730,LC4,L,10259,DNp11,L,8,LC4,DNp11,True,True,False
20917,LC4,R,10283,DNp103,R,8,LC4,DNp103,True,True,False
17544,LPLC2,L,10361,DNg40,L,8,LPLC2,DNg40,True,True,False
21299,LPLC2,L,10361,DNg40,L,8,LPLC2,DNg40,True,True,False
29417,LC4,L,10361,DNg40,L,8,LC4,DNg40,True,True,False
31429,LC4,L,10361,DNg40,L,8,LC4,DNg40,True,True,False
35294,LPLC2,L,10361,DNg40,L,8,LPLC2,DNg40,True,True,False
81112,LC4,L,10361,DNg40,L,8,LC4,DNg40,True,True,False
111787,LC4,L,10361,DNg40,L,8,LC4,DNg40,True,True,False
514508,LC4,L,10361,DNg40,L,8,LC4,DNg40,True,True,False
517079,LPLC2,L,10361,DNg40,L,8,LPLC2,DNg40,True,True,False
518731,LPLC2,L,10361,DNg40,L,8,LPLC2,DNg40,True,True,False
18396,LC4,L,10417,DNp103,L,8,LC4,DNp103,True,True,False
520449,LC4,L,10417,DNp103,L,8,LC4,DNp103,True,True,False
22253,LPLC2,L,10449,DNpe025,L,8,LPLC2,DNpe025,True,True,False
34407,LPLC2,L,10449,DNpe025,L,8,LPLC2,DNpe025,True,True,False
81112,LC4,L,10449,DNpe025,L,8,LC4,DNpe025,True,True,False
518730,LC4,L,10449,DNpe025,L,8,LC4,DNpe025,True,True,False
19549,LPLC2,R,10558,DNp35,R,8,LPLC2,DNp35,True,True,False
19608,LPLC2,R,10558,DNp35,R,8,LPLC2,DNp35,True,True,False
19842,LPLC2,R,10558,DNp35,R,8,LPLC2,DNp35,True,True,False
20162,LPLC2,R,10558,DNp35,R,8,LPLC2,DNp35,True,True,False
21165,LC4,R,10558,DNp35,R,8,LC4,DNp35,True,True,False
25253,LPLC2,R,10558,DNp35,R,8,LPLC2,DNp35,True,True,False
30041,LPLC2,R,10558,DNp35,R,8,LPLC2,DNp35,True,True,False
32507,LPLC2,R,10558,DNp35,R,8,LPLC2,DNp35,True,True,False
33185,LPLC2,R,10558,DNp35,R,8,LPLC2,DNp35,True,True,False
34681,LPLC2,R,10558,DNp35,R,8,LPLC2,DNp35,True,True,False
17054,LC4,R,10584,DNp06,R,8,LC4,DNp06,True,True,False
18127,LC4,R,10584,DNp06,R,8,LC4,DNp06,True,True,False
18672,LPLC2,R,10584,DNp06,R,8,LPLC2,DNp06,True,True,False
22847,LC4,R,10584,DNp06,R,8,LC4,DNp06,True,True,False
22966,LC4,R,10584,DNp06,R,8,LC4,DNp06,True,True,False
25511,LPLC2,R,10584,DNp06,R,8,LPLC2,DNp06,True,True,False
26112,LC4,R,10584,DNp06,R,8,LC4,DNp06,True,True,False
29563,LC4,R,10584,DNp06,R,8,LC4,DNp06,True,True,False
31257,LPLC2,R,10584,DNp06,R,8,LPLC2,DNp06,True,True,False
33694,LPLC2,R,10584,DNp06,R,8,LPLC2,DNp06,True,True,False
19550,LC4,R,10601,DNpe025,R,8,LC4,DNpe025,True,True,False
20334,LPLC2,R,10601,DNpe025,R,8,LPLC2,DNpe025,True,True,False
20694,LPLC2,R,10601,DNpe025,R,8,LPLC2,DNpe025,True,True,False
20047,LPLC2,R,10732,DNpe056,R,8,LPLC2,DNpe056,True,True,False
23590,LPLC2,R,10732,DNpe056,R,8,LPLC2,DNpe056,True,True,False
24800,LPLC2,R,10732,DNpe056,R,8,LPLC2,DNpe056,True,True,False
518544,LC4,L,10752,DNp03,L,8,LC4,DNp03,True,True,False
20588,LC4,R,10923,DNg40,R,8,LC4,DNg40,True,True,False
22194,LC4,R,10923,DNg40,R,8,LC4,DNg40,True,True,False
25584,LC4,R,10923,DNg40,R,8,LC4,DNg40,True,True,False
16138,LC4,R,10989,DNp03,R,8,LC4,DNp03,True,True,False
19420,LC4,R,10989,DNp03,R,8,LC4,DNp03,True,True,False
20673,LC4,R,10989,DNp03,R,8,LC4,DNp03,True,True,False
22194,LC4,R,10989,DNp03,R,8,LC4,DNp03,True,True,False
21313,LC4,R,11020,DNp05,R,8,LC4,DNp05,True,True,False
23392,LC4,R,11020,DNp05,R,8,LC4,DNp05,True,True,False
21808,LPLC2,R,11088,DNp55,R,8,LPLC2,DNp55,True,True,False
24268,LPLC2,R,11133,DNp70,R,8,LPLC2,DNp70,True,True,False
21862,LPLC2,R,11137,DNp04,R,8,LPLC2,DNp04,True,True,False
23497,LPLC2,R,11137,DNp04,R,8,LPLC2,DNp04,True,True,False
24268,LPLC2,R,11137,DNp04,R,8,LPLC2,DNp04,True,True,False
29287,LPLC2,R,11137,DNp04,R,8,LPLC2,DNp04,True,True,False
37431,LPLC2,R,11137,DNp04,R,8,LPLC2,DNp04,True,True,False
23590,LPLC2,R,11159,DNp71,R,8,LPLC2,DNp71,True,True,False
28044,LPLC2,R,11159,DNp71,R,8,LPLC2,DNp71,True,True,False
34372,LPLC2,R,11159,DNp71,R,8,LPLC2,DNp71,True,True,False
35838,LPLC2,R,11159,DNp71,R,8,LPLC2,DNp71,True,True,False
31257,LPLC2,R,11334,DNpe045,R,8,LPLC2,DNpe045,True,True,False
20799,LPLC2,L,519771,DNp71,L,8,LPLC2,DNp71,True,True,False
23665,LPLC2,L,519771,DNp71,L,8,LPLC2,DNp71,True,True,False
25136,LPLC2,L,519771,DNp71,L,8,LPLC2,DNp71,True,True,False
26528,LPLC2,L,519771,DNp71,L,8,LPLC2,DNp71,True,True,False
31563,LPLC2,L,519771,DNp71,L,8,LPLC2,DNp71,True,True,False
34051,LPLC2,L,519771,DNp71,L,8,LPLC2,DNp71,True,True,False
525844,LPLC2,L,519771,DNp71,L,8,LPLC2,DNp71,True,True,False
14888,LC4,L,524001,DNp05,L,8,LC4,DNp05,True,True,False
519650,LC4,L,524001,DNp05,L,8,LC4,DNp05,True,True,False
23550,LPLC2,L,531898,DNp04,L,8,LPLC2,DNp04,True,True,False
28188,LPLC2,L,531898,DNp04,L,8,LPLC2,DNp04,True,True,False
29319,LPLC2,L,531898,DNp04,L,8,LPLC2,DNp04,True,True,False
30512,LPLC2,L,531898,DNp04,L,8,LPLC2,DNp04,True,True,False
31105,LPLC2,L,531898,DNp04,L,8,LPLC2,DNp04,True,True,False
32237,LPLC2,L,531898,DNp04,L,8,LPLC2,DNp04,True,True,False
33303,LPLC2,L,531898,DNp04,L,8,LPLC2,DNp04,True,True,False
40811,LPLC2,L,531898,DNp04,L,8,LPLC2,DNp04,True,True,False
520764,LPLC2,L,531898,DNp04,L,8,LPLC2,DNp04,True,True,False
525844,LPLC2,L,531898,DNp04,L,8,LPLC2,DNp04,True,True,False
25267,LPLC2,R,10001,DNp01,R,7,LPLC2,DNp01,True,True,False
17054,LC4,R,10065,DNb05,R,7,LC4,DNb05,True,True,False
19787,LPLC2,L,10091,DNpe042,L,7,LPLC2,DNpe042,True,True,False
23247,LPLC2,L,10091,DNpe042,L,7,LPLC2,DNpe042,True,True,False
18127,LC4,R,10106,DNp11,R,7,LC4,DNp11,True,True,False
21151,LC4,R,10106,DNp11,R,7,LC4,DNp11,True,True,False
38065,LC4,R,10117,DNp02,R,7,LC4,DNp02,True,True,False
17608,LC4,L,10197,DNp02,L,7,LC4,DNp02,True,True,False
18396,LC4,L,10197,DNp02,L,7,LC4,DNp02,True,True,False
514956,LC4,L,10197,DNp02,L,7,LC4,DNp02,True,True,False
25286,LPLC2,L,10223,DNpe056,L,7,LPLC2,DNpe056,True,True,False
25524,LPLC2,L,10223,DNpe056,L,7,LPLC2,DNpe056,True,True,False
26528,LPLC2,L,10223,DNpe056,L,7,LPLC2,DNpe056,True,True,False
33406,LPLC2,L,10223,DNpe056,L,7,LPLC2,DNpe056,True,True,False
20572,LC4,L,10228,DNp06,L,7,LC4,DNp06,True,True,False
22922,LC4,L,10228,DNp06,L,7,LC4,DNp06,True,True,False
27750,LC4,L,10228,DNp06,L,7,LC4,DNp06,True,True,False
29319,LPLC2,L,10228,DNp06,L,7,LPLC2,DNp06,True,True,False
35294,LPLC2,L,10228,DNp06,L,7,LPLC2,DNp06,True,True,False
37587,LC4,L,10228,DNp06,L,7,LC4,DNp06,True,True,False
40811,LPLC2,L,10228,DNp06,L,7,LPLC2,DNp06,True,True,False
517078,LPLC2,L,10228,DNp06,L,7,LPLC2,DNp06,True,True,False
519931,LC4,L,10228,DNp06,L,7,LC4,DNp06,True,True,False
525844,LPLC2,L,10228,DNp06,L,7,LPLC2,DNp06,True,True,False
533895,LPLC2,L,10228,DNp06,L,7,LPLC2,DNp06,True,True,False
536444,LPLC2,L,10228,DNp06,L,7,LPLC2,DNp06,True,True,False
14102,LPLC2,L,10234,DNp35,L,7,LPLC2,DNp35,True,True,False
18432,LC4,L,10234,DNp35,L,7,LC4,DNp35,True,True,False
23247,LPLC2,L,10234,DNp35,L,7,LPLC2,DNp35,True,True,False
29469,LC4,L,10234,DNp35,L,7,LC4,DNp35,True,True,False
30893,LPLC2,L,10234,DNp35,L,7,LPLC2,DNp35,True,True,False
134521,LPLC2,L,10234,DNp35,L,7,LPLC2,DNp35,True,True,False
14888,LC4,L,10259,DNp11,L,7,LC4,DNp11,True,True,False
17548,LC4,R,10283,DNp103,R,7,LC4,DNp103,True,True,False
21804,LC4,R,10283,DNp103,R,7,LC4,DNp103,True,True,False
25584,LC4,R,10283,DNp103,R,7,LC4,DNp103,True,True,False
17880,LPLC2,L,10361,DNg40,L,7,LPLC2,DNg40,True,True,False
33137,LC4,L,10361,DNg40,L,7,LC4,DNg40,True,True,False
100103,LPLC2,L,10361,DNg40,L,7,LPLC2,DNg40,True,True,False
112292,LPLC2,L,10361,DNg40,L,7,LPLC2,DNg40,True,True,False
515476,LC4,L,10361,DNg40,L,7,LC4,DNg40,True,True,False
532254,LC4,L,10361,DNg40,L,7,LC4,DNg40,True,True,False
517078,LPLC2,L,10377,DNge054,L,7,LPLC2,DNge054,True,True,False
12349,LC4,L,10417,DNp103,L,7,LC4,DNp103,True,True,False
17478,LC4,L,10417,DNp103,L,7,LC4,DNp103,True,True,False
515900,LC4,L,10417,DNp103,L,7,LC4,DNp103,True,True,False
518730,LC4,L,10417,DNp103,L,7,LC4,DNp103,True,True,False
30893,LPLC2,L,10449,DNpe025,L,7,LPLC2,DNpe025,True,True,False
77614,LC4,L,10449,DNpe025,L,7,LC4,DNpe025,True,True,False
112292,LPLC2,L,10449,DNpe025,L,7,LPLC2,DNpe025,True,True,False
20694,LPLC2,R,10558,DNp35,R,7,LPLC2,DNp35,True,True,False
21562,LPLC2,R,10558,DNp35,R,7,LPLC2,DNp35,True,True,False
21703,LPLC2,R,10558,DNp35,R,7,LPLC2,DNp35,True,True,False
24118,LPLC2,R,10558,DNp35,R,7,LPLC2,DNp35,True,True,False
24401,LPLC2,R,10558,DNp35,R,7,LPLC2,DNp35,True,True,False
26730,LPLC2,R,10558,DNp35,R,7,LPLC2,DNp35,True,True,False
28945,LC4,R,10558,DNp35,R,7,LC4,DNp35,True,True,False
30207,LPLC2,R,10558,DNp35,R,7,LPLC2,DNp35,True,True,False
31257,LPLC2,R,10558,DNp35,R,7,LPLC2,DNp35,True,True,False
33396,LPLC2,R,10558,DNp35,R,7,LPLC2,DNp35,True,True,False
37613,LPLC2,R,10558,DNp35,R,7,LPLC2,DNp35,True,True,False
527408,LC4,R,10558,DNp35,R,7,LC4,DNp35,True,True,False
17926,LC4,R,10584,DNp06,R,7,LC4,DNp06,True,True,False
19260,LC4,R,10584,DNp06,R,7,LC4,DNp06,True,True,False
19608,LPLC2,R,10584,DNp06,R,7,LPLC2,DNp06,True,True,False
20694,LPLC2,R,10584,DNp06,R,7,LPLC2,DNp06,True,True,False
21562,LPLC2,R,10584,DNp06,R,7,LPLC2,DNp06,True,True,False
24187,LPLC2,R,10584,DNp06,R,7,LPLC2,DNp06,True,True,False
25636,LPLC2,R,10584,DNp06,R,7,LPLC2,DNp06,True,True,False
26915,LPLC2,R,10584,DNp06,R,7,LPLC2,DNp06,True,True,False
28945,LC4,R,10584,DNp06,R,7,LC4,DNp06,True,True,False
31988,LPLC2,R,10584,DNp06,R,7,LPLC2,DNp06,True,True,False
34110,LPLC2,R,10584,DNp06,R,7,LPLC2,DNp06,True,True,False
527408,LC4,R,10584,DNp06,R,7,LC4,DNp06,True,True,False
517078,LPLC2,L,10590,DNpe052,L,7,LPLC2,DNpe052,True,True,False
19034,LPLC2,R,10601,DNpe025,R,7,LPLC2,DNpe025,True,True,False
21862,LPLC2,R,10601,DNpe025,R,7,LPLC2,DNpe025,True,True,False
27566,LPLC2,R,10601,DNpe025,R,7,LPLC2,DNpe025,True,True,False
29598,LPLC2,R,10601,DNpe025,R,7,LPLC2,DNpe025,True,True,False
35632,LPLC2,R,10601,DNpe025,R,7,LPLC2,DNpe025,True,True,False
19608,LPLC2,R,10732,DNpe056,R,7,LPLC2,DNpe056,True,True,False
20535,LPLC2,R,10732,DNpe056,R,7,LPLC2,DNpe056,True,True,False
23497,LPLC2,R,10732,DNpe056,R,7,LPLC2,DNpe056,True,True,False
27471,LPLC2,R,10732,DNpe056,R,7,LPLC2,DNpe056,True,True,False
27566,LPLC2,R,10732,DNpe056,R,7,LPLC2,DNpe056,True,True,False
30207,LPLC2,R,10732,DNpe056,R,7,LPLC2,DNpe056,True,True,False
31964,LPLC2,R,10732,DNpe056,R,7,LPLC2,DNpe056,True,True,False
32507,LPLC2,R,10732,DNpe056,R,7,LPLC2,DNpe056,True,True,False
34372,LPLC2,R,10732,DNpe056,R,7,LPLC2,DNpe056,True,True,False
27355,LPLC2,L,10783,DNp09,L,7,LPLC2,DNp09,True,True,False
19260,LC4,R,10923,DNg40,R,7,LC4,DNg40,True,True,False
19589,LPLC2,R,10923,DNg40,R,7,LPLC2,DNg40,True,True,False
20749,LPLC2,R,10923,DNg40,R,7,LPLC2,DNg40,True,True,False
20808,LC4,R,10923,DNg40,R,7,LC4,DNg40,True,True,False
21769,LPLC2,R,10923,DNg40,R,7,LPLC2,DNg40,True,True,False
22034,LC4,R,10923,DNg40,R,7,LC4,DNg40,True,True,False
23792,LC4,R,10923,DNg40,R,7,LC4,DNg40,True,True,False
20542,LC4,R,10989,DNp03,R,7,LC4,DNp03,True,True,False
20588,LC4,R,10989,DNp03,R,7,LC4,DNp03,True,True,False
21165,LC4,R,10989,DNp03,R,7,LC4,DNp03,True,True,False
19794,LC4,R,11020,DNp05,R,7,LC4,DNp05,True,True,False
26147,LPLC2,R,11137,DNp04,R,7,LPLC2,DNp04,True,True,False
26915,LPLC2,R,11137,DNp04,R,7,LPLC2,DNp04,True,True,False
30041,LPLC2,R,11137,DNp04,R,7,LPLC2,DNp04,True,True,False
30938,LPLC2,R,11137,DNp04,R,7,LPLC2,DNp04,True,True,False
31964,LPLC2,R,11137,DNp04,R,7,LPLC2,DNp04,True,True,False
34681,LPLC2,R,11137,DNp04,R,7,LPLC2,DNp04,True,True,False
35680,LPLC2,R,11137,DNp04,R,7,LPLC2,DNp04,True,True,False
19842,LPLC2,R,11159,DNp71,R,7,LPLC2,DNp71,True,True,False
20334,LPLC2,R,11159,DNp71,R,7,LPLC2,DNp71,True,True,False
24800,LPLC2,R,11159,DNp71,R,7,LPLC2,DNp71,True,True,False
37925,LPLC2,R,11159,DNp71,R,7,LPLC2,DNp71,True,True,False
29391,LPLC2,R,11334,DNpe045,R,7,LPLC2,DNpe045,True,True,False
35889,LPLC2,R,11334,DNpe045,R,7,LPLC2,DNpe045,True,True,False
17270,LC4,L,11573,DNpe021,L,7,LC4,DNpe021,True,True,False
24187,LPLC2,R,12628,DNpe042,R,7,LPLC2,DNpe042,True,True,False
24268,LPLC2,R,12628,DNpe042,R,7,LPLC2,DNpe042,True,True,False
33694,LPLC2,R,12628,DNpe042,R,7,LPLC2,DNpe042,True,True,False
37925,LPLC2,R,12628,DNpe042,R,7,LPLC2,DNpe042,True,True,False
39620,LPLC2,R,12628,DNpe042,R,7,LPLC2,DNpe042,True,True,False
25027,LPLC2,L,519771,DNp71,L,7,LPLC2,DNp71,True,True,False
32737,LPLC2,L,519771,DNp71,L,7,LPLC2,DNp71,True,True,False
33303,LPLC2,L,519771,DNp71,L,7,LPLC2,DNp71,True,True,False
34407,LPLC2,L,519771,DNp71,L,7,LPLC2,DNp71,True,True,False
100103,LPLC2,L,519771,DNp71,L,7,LPLC2,DNp71,True,True,False
517078,LPLC2,L,519771,DNp71,L,7,LPLC2,DNp71,True,True,False
24523,LC4,L,524001,DNp05,L,7,LC4,DNp05,True,True,False
29753,LPLC2,L,531898,DNp04,L,7,LPLC2,DNp04,True,True,False
30893,LPLC2,L,531898,DNp04,L,7,LPLC2,DNp04,True,True,False
25316,LPLC2,R,10001,DNp01,R,6,LPLC2,DNp01,True,True,False
13764,LPLC2,L,10010,DNp01,L,6,LPLC2,DNp01,True,True,False
25286,LPLC2,L,10010,DNp01,L,6,LPLC2,DNp01,True,True,False
30893,LPLC2,L,10010,DNp01,L,6,LPLC2,DNp01,True,True,False
111903,LPLC2,L,10010,DNp01,L,6,LPLC2,DNp01,True,True,False
20917,LC4,R,10065,DNb05,R,6,LC4,DNb05,True,True,False
21361,LPLC2,L,10091,DNpe042,L,6,LPLC2,DNpe042,True,True,False
25572,LPLC2,L,10091,DNpe042,L,6,LPLC2,DNpe042,True,True,False
29955,LPLC2,L,10091,DNpe042,L,6,LPLC2,DNpe042,True,True,False
30512,LPLC2,L,10091,DNpe042,L,6,LPLC2,DNpe042,True,True,False
32223,LPLC2,L,10091,DNpe042,L,6,LPLC2,DNpe042,True,True,False
536444,LPLC2,L,10091,DNpe042,L,6,LPLC2,DNpe042,True,True,False
16128,LC4,R,10106,DNp11,R,6,LC4,DNp11,True,True,False
23098,LC4,R,10106,DNp11,R,6,LC4,DNp11,True,True,False
15018,LC4,L,10197,DNp02,L,6,LC4,DNp02,True,True,False
37587,LC4,L,10197,DNp02,L,6,LC4,DNp02,True,True,False
107513,LC4,L,10197,DNp02,L,6,LC4,DNp02,True,True,False
19787,LPLC2,L,10223,DNpe056,L,6,LPLC2,DNpe056,True,True,False
129687,LPLC2,L,10223,DNpe056,L,6,LPLC2,DNpe056,True,True,False
518731,LPLC2,L,10223,DNpe056,L,6,LPLC2,DNpe056,True,True,False
521115,LPLC2,L,10223,DNpe056,L,6,LPLC2,DNpe056,True,True,False
12032,LC4,L,10228,DNp06,L,6,LC4,DNp06,True,True,False
16917,LC4,L,10228,DNp06,L,6,LC4,DNp06,True,True,False
18432,LC4,L,10228,DNp06,L,6,LC4,DNp06,True,True,False
22772,LC4,L,10228,DNp06,L,6,LC4,DNp06,True,True,False
23226,LC4,L,10228,DNp06,L,6,LC4,DNp06,True,True,False
23349,LPLC2,L,10228,DNp06,L,6,LPLC2,DNp06,True,True,False
25209,LPLC2,L,10228,DNp06,L,6,LPLC2,DNp06,True,True,False
25854,LPLC2,L,10228,DNp06,L,6,LPLC2,DNp06,True,True,False
29514,LC4,L,10228,DNp06,L,6,LC4,DNp06,True,True,False
32223,LPLC2,L,10228,DNp06,L,6,LPLC2,DNp06,True,True,False
511914,LC4,L,10228,DNp06,L,6,LC4,DNp06,True,True,False
526286,LC4,L,10228,DNp06,L,6,LC4,DNp06,True,True,False
12032,LC4,L,10234,DNp35,L,6,LC4,DNp35,True,True,False
17544,LPLC2,L,10234,DNp35,L,6,LPLC2,DNp35,True,True,False
17990,LPLC2,L,10234,DNp35,L,6,LPLC2,DNp35,True,True,False
18396,LC4,L,10234,DNp35,L,6,LC4,DNp35,True,True,False
18478,LC4,L,10234,DNp35,L,6,LC4,DNp35,True,True,False
19787,LPLC2,L,10234,DNp35,L,6,LPLC2,DNp35,True,True,False
23665,LPLC2,L,10234,DNp35,L,6,LPLC2,DNp35,True,True,False
27355,LPLC2,L,10234,DNp35,L,6,LPLC2,DNp35,True,True,False
28188,LPLC2,L,10234,DNp35,L,6,LPLC2,DNp35,True,True,False
28980,LC4,L,10234,DNp35,L,6,LC4,DNp35,True,True,False
29955,LPLC2,L,10234,DNp35,L,6,LPLC2,DNp35,True,True,False
31308,LC4,L,10234,DNp35,L,6,LC4,DNp35,True,True,False
31429,LC4,L,10234,DNp35,L,6,LC4,DNp35,True,True,False
33137,LC4,L,10234,DNp35,L,6,LC4,DNp35,True,True,False
111903,LPLC2,L,10234,DNp35,L,6,LPLC2,DNp35,True,True,False
518731,LPLC2,L,10234,DNp35,L,6,LPLC2,DNp35,True,True,False
524366,LPLC2,L,10234,DNp35,L,6,LPLC2,DNp35,True,True,False
526286,LC4,L,10234,DNp35,L,6,LC4,DNp35,True,True,False
34655,LPLC2,L,10244,DNp55,L,6,LPLC2,DNp55,True,True,False
17340,LC4,L,10259,DNp11,L,6,LC4,DNp11,True,True,False
29702,LPLC2,L,10259,DNp11,L,6,LPLC2,DNp11,True,True,False
18127,LC4,R,10283,DNp103,R,6,LC4,DNp103,True,True,False
19260,LC4,R,10283,DNp103,R,6,LC4,DNp103,True,True,False
19550,LC4,R,10283,DNp103,R,6,LC4,DNp103,True,True,False
19794,LC4,R,10283,DNp103,R,6,LC4,DNp103,True,True,False
20808,LC4,R,10283,DNp103,R,6,LC4,DNp103,True,True,False
22847,LC4,R,10283,DNp103,R,6,LC4,DNp103,True,True,False
12032,LC4,L,10361,DNg40,L,6,LC4,DNg40,True,True,False
21361,LPLC2,L,10361,DNg40,L,6,LPLC2,DNg40,True,True,False
25286,LPLC2,L,10361,DNg40,L,6,LPLC2,DNg40,True,True,False
77614,LC4,L,10361,DNg40,L,6,LC4,DNg40,True,True,False
100485,LC4,L,10361,DNg40,L,6,LC4,DNg40,True,True,False
111903,LPLC2,L,10361,DNg40,L,6,LPLC2,DNg40,True,True,False
511914,LC4,L,10361,DNg40,L,6,LC4,DNg40,True,True,False
17774,LPLC2,L,10449,DNpe025,L,6,LPLC2,DNpe025,True,True,False
17990,LPLC2,L,10449,DNpe025,L,6,LPLC2,DNpe025,True,True,False
20329,LPLC2,L,10449,DNpe025,L,6,LPLC2,DNpe025,True,True,False
20976,LC4,L,10449,DNpe025,L,6,LC4,DNpe025,True,True,False
23349,LPLC2,L,10449,DNpe025,L,6,LPLC2,DNpe025,True,True,False
27399,LPLC2,L,10449,DNpe025,L,6,LPLC2,DNpe025,True,True,False
32223,LPLC2,L,10449,DNpe025,L,6,LPLC2,DNpe025,True,True,False
517819,LPLC2,L,10449,DNpe025,L,6,LPLC2,DNpe025,True,True,False
14465,LPLC2,R,10558,DNp35,R,6,LPLC2,DNp35,True,True,False
17668,LC4,R,10558,DNp35,R,6,LC4,DNp35,True,True,False
18189,LC4,R,10558,DNp35,R,6,LC4,DNp35,True,True,False
20334,LPLC2,R,10558,DNp35,R,6,LPLC2,DNp35,True,True,False
20471,LPLC2,R,10558,DNp35,R,6,LPLC2,DNp35,True,True,False
22261,LPLC2,R,10558,DNp35,R,6,LPLC2,DNp35,True,True,False
24800,LPLC2,R,10558,DNp35,R,6,LPLC2,DNp35,True,True,False
37431,LPLC2,R,10558,DNp35,R,6,LPLC2,DNp35,True,True,False
38065,LC4,R,10558,DNp35,R,6,LC4,DNp35,True,True,False
23919,LPLC2,L,10580,DNp70,L,6,LPLC2,DNp70,True,True,False
14465,LPLC2,R,10584,DNp06,R,6,LPLC2,DNp06,True,True,False
17548,LC4,R,10584,DNp06,R,6,LC4,DNp06,True,True,False
17987,LC4,R,10584,DNp06,R,6,LC4,DNp06,True,True,False
20542,LC4,R,10584,DNp06,R,6,LC4,DNp06,True,True,False
21862,LPLC2,R,10584,DNp06,R,6,LPLC2,DNp06,True,True,False
24401,LPLC2,R,10584,DNp06,R,6,LPLC2,DNp06,True,True,False
25584,LC4,R,10584,DNp06,R,6,LC4,DNp06,True,True,False
28044,LPLC2,R,10584,DNp06,R,6,LPLC2,DNp06,True,True,False
30207,LPLC2,R,10584,DNp06,R,6,LPLC2,DNp06,True,True,False
34372,LPLC2,R,10584,DNp06,R,6,LPLC2,DNp06,True,True,False
55627,LPLC2,R,10584,DNp06,R,6,LPLC2,DNp06,True,True,False
19830,LPLC2,L,10590,DNpe052,L,6,LPLC2,DNpe052,True,True,False
26416,LPLC2,L,10590,DNpe052,L,6,LPLC2,DNpe052,True,True,False
18672,LPLC2,R,10601,DNpe025,R,6,LPLC2,DNpe025,True,True,False
19420,LC4,R,10601,DNpe025,R,6,LC4,DNpe025,True,True,False
21045,LPLC2,R,10601,DNpe025,R,6,LPLC2,DNpe025,True,True,False
23098,LC4,R,10601,DNpe025,R,6,LC4,DNpe025,True,True,False
25511,LPLC2,R,10601,DNpe025,R,6,LPLC2,DNpe025,True,True,False
27471,LPLC2,R,10601,DNpe025,R,6,LPLC2,DNpe025,True,True,False
20182,LPLC2,R,10732,DNpe056,R,6,LPLC2,DNpe056,True,True,False
29014,LPLC2,R,10732,DNpe056,R,6,LPLC2,DNpe056,True,True,False
35632,LPLC2,R,10732,DNpe056,R,6,LPLC2,DNpe056,True,True,False
35294,LPLC2,L,10783,DNp09,L,6,LPLC2,DNp09,True,True,False
17551,LPLC2,R,10923,DNg40,R,6,LPLC2,DNg40,True,True,False
20542,LC4,R,10923,DNg40,R,6,LC4,DNg40,True,True,False
21225,LC4,R,10923,DNg40,R,6,LC4,DNg40,True,True,False
21899,LPLC2,R,10923,DNg40,R,6,LPLC2,DNg40,True,True,False
38065,LC4,R,10923,DNg40,R,6,LC4,DNg40,True,True,False
29955,LPLC2,L,10931,DNpe045,L,6,LPLC2,DNpe045,True,True,False
30512,LPLC2,L,10931,DNpe045,L,6,LPLC2,DNpe045,True,True,False
31105,LPLC2,L,10931,DNpe045,L,6,LPLC2,DNpe045,True,True,False
18189,LC4,R,10989,DNp03,R,6,LC4,DNp03,True,True,False
22034,LC4,R,10989,DNp03,R,6,LC4,DNp03,True,True,False
21336,LC4,R,11020,DNp05,R,6,LC4,DNp05,True,True,False
25584,LC4,R,11020,DNp05,R,6,LC4,DNp05,True,True,False
29391,LPLC2,R,11088,DNp55,R,6,LPLC2,DNp55,True,True,False
33439,LPLC2,R,11137,DNp04,R,6,LPLC2,DNp04,True,True,False
19034,LPLC2,R,11159,DNp71,R,6,LPLC2,DNp71,True,True,False
19589,LPLC2,R,11159,DNp71,R,6,LPLC2,DNp71,True,True,False
20749,LPLC2,R,11159,DNp71,R,6,LPLC2,DNp71,True,True,False
22677,LPLC2,R,11159,DNp71,R,6,LPLC2,DNp71,True,True,False
27471,LPLC2,R,11159,DNp71,R,6,LPLC2,DNp71,True,True,False
35632,LPLC2,R,11159,DNp71,R,6,LPLC2,DNp71,True,True,False
21562,LPLC2,R,11334,DNpe045,R,6,LPLC2,DNpe045,True,True,False
25253,LPLC2,R,11334,DNpe045,R,6,LPLC2,DNpe045,True,True,False
18396,LC4,L,11573,DNpe021,L,6,LC4,DNpe021,True,True,False
30087,LC4,L,11573,DNpe021,L,6,LC4,DNpe021,True,True,False
516909,LC4,L,11573,DNpe021,L,6,LC4,DNpe021,True,True,False
19589,LPLC2,R,12628,DNpe042,R,6,LPLC2,DNpe042,True,True,False
20269,LPLC2,R,12628,DNpe042,R,6,LPLC2,DNpe042,True,True,False
20471,LPLC2,R,12628,DNpe042,R,6,LPLC2,DNpe042,True,True,False
23878,LPLC2,R,12628,DNpe042,R,6,LPLC2,DNpe042,True,True,False
29287,LPLC2,R,12628,DNpe042,R,6,LPLC2,DNpe042,True,True,False
19911,LPLC2,L,519771,DNp71,L,6,LPLC2,DNp71,True,True,False
23919,LPLC2,L,519771,DNp71,L,6,LPLC2,DNp71,True,True,False
32237,LPLC2,L,519771,DNp71,L,6,LPLC2,DNp71,True,True,False
27829,LC4,L,524001,DNp05,L,6,LC4,DNp05,True,True,False
29417,LC4,L,524001,DNp05,L,6,LC4,DNp05,True,True,False
17544,LPLC2,L,531898,DNp04,L,6,LPLC2,DNp04,True,True,False
524366,LPLC2,L,531898,DNp04,L,6,LPLC2,DNp04,True,True,False
533895,LPLC2,L,531898,DNp04,L,6,LPLC2,DNp04,True,True,False
22847,LC4,R,575082,DNpe021,R,6,LC4,DNpe021,True,True,False
18929,LPLC2,R,10001,DNp01,R,5,LPLC2,DNp01,True,True,False
19842,LPLC2,R,10001,DNp01,R,5,LPLC2,DNp01,True,True,False
37613,LPLC2,R,10001,DNp01,R,5,LPLC2,DNp01,True,True,False
38542,LPLC2,R,10001,DNp01,R,5,LPLC2,DNp01,True,True,False
24308,LPLC2,L,10091,DNpe042,L,5,LPLC2,DNpe042,True,True,False
27355,LPLC2,L,10091,DNpe042,L,5,LPLC2,DNpe042,True,True,False
28011,LPLC2,L,10091,DNpe042,L,5,LPLC2,DNpe042,True,True,False
32737,LPLC2,L,10091,DNpe042,L,5,LPLC2,DNpe042,True,True,False
40811,LPLC2,L,10091,DNpe042,L,5,LPLC2,DNpe042,True,True,False
524366,LPLC2,L,10091,DNpe042,L,5,LPLC2,DNpe042,True,True,False
17987,LC4,R,10106,DNp11,R,5,LC4,DNp11,True,True,False
21313,LC4,R,10106,DNp11,R,5,LC4,DNp11,True,True,False
20859,LC4,L,10118,DNb05,L,5,LC4,DNb05,True,True,False
12384,LPLC2,L,10223,DNpe056,L,5,LPLC2,DNpe056,True,True,False
23247,LPLC2,L,10223,DNpe056,L,5,LPLC2,DNpe056,True,True,False
25854,LPLC2,L,10223,DNpe056,L,5,LPLC2,DNpe056,True,True,False
30512,LPLC2,L,10223,DNpe056,L,5,LPLC2,DNpe056,True,True,False
517819,LPLC2,L,10223,DNpe056,L,5,LPLC2,DNpe056,True,True,False
16809,LC4,L,10228,DNp06,L,5,LC4,DNp06,True,True,False
17774,LPLC2,L,10228,DNp06,L,5,LPLC2,DNp06,True,True,False
18900,LPLC2,L,10228,DNp06,L,5,LPLC2,DNp06,True,True,False
21361,LPLC2,L,10228,DNp06,L,5,LPLC2,DNp06,True,True,False
27399,LPLC2,L,10228,DNp06,L,5,LPLC2,DNp06,True,True,False
27796,LPLC2,L,10228,DNp06,L,5,LPLC2,DNp06,True,True,False
28011,LPLC2,L,10228,DNp06,L,5,LPLC2,DNp06,True,True,False
29417,LC4,L,10228,DNp06,L,5,LC4,DNp06,True,True,False
31105,LPLC2,L,10228,DNp06,L,5,LPLC2,DNp06,True,True,False
32737,LPLC2,L,10228,DNp06,L,5,LPLC2,DNp06,True,True,False
95241,LPLC2,L,10228,DNp06,L,5,LPLC2,DNp06,True,True,False
129687,LPLC2,L,10228,DNp06,L,5,LPLC2,DNp06,True,True,False
518731,LPLC2,L,10228,DNp06,L,5,LPLC2,DNp06,True,True,False
532254,LC4,L,10228,DNp06,L,5,LC4,DNp06,True,True,False
17478,LC4,L,10234,DNp35,L,5,LC4,DNp35,True,True,False
18900,LPLC2,L,10234,DNp35,L,5,LPLC2,DNp35,True,True,False
20329,LPLC2,L,10234,DNp35,L,5,LPLC2,DNp35,True,True,False
20572,LC4,L,10234,DNp35,L,5,LC4,DNp35,True,True,False
21299,LPLC2,L,10234,DNp35,L,5,LPLC2,DNp35,True,True,False
25136,LPLC2,L,10234,DNp35,L,5,LPLC2,DNp35,True,True,False
25209,LPLC2,L,10234,DNp35,L,5,LPLC2,DNp35,True,True,False
28011,LPLC2,L,10234,DNp35,L,5,LPLC2,DNp35,True,True,False
30512,LPLC2,L,10234,DNp35,L,5,LPLC2,DNp35,True,True,False
32597,LC4,L,10234,DNp35,L,5,LC4,DNp35,True,True,False
35294,LPLC2,L,10234,DNp35,L,5,LPLC2,DNp35,True,True,False
515476,LC4,L,10234,DNp35,L,5,LC4,DNp35,True,True,False
518983,LC4,L,10234,DNp35,L,5,LC4,DNp35,True,True,False
520449,LC4,L,10234,DNp35,L,5,LC4,DNp35,True,True,False
524899,LC4,L,10234,DNp35,L,5,LC4,DNp35,True,True,False
535341,LC4,L,10234,DNp35,L,5,LC4,DNp35,True,True,False
27355,LPLC2,L,10244,DNp55,L,5,LPLC2,DNp55,True,True,False
27399,LPLC2,L,10244,DNp55,L,5,LPLC2,DNp55,True,True,False
31563,LPLC2,L,10244,DNp55,L,5,LPLC2,DNp55,True,True,False
41097,LPLC2,L,10244,DNp55,L,5,LPLC2,DNp55,True,True,False
517079,LPLC2,L,10244,DNp55,L,5,LPLC2,DNp55,True,True,False
17653,LC4,L,10259,DNp11,L,5,LC4,DNp11,True,True,False
26528,LPLC2,L,10259,DNp11,L,5,LPLC2,DNp11,True,True,False
17054,LC4,R,10283,DNp103,R,5,LC4,DNp103,True,True,False
17987,LC4,R,10283,DNp103,R,5,LC4,DNp103,True,True,False
19634,LC4,R,10283,DNp103,R,5,LC4,DNp103,True,True,False
21336,LC4,R,10283,DNp103,R,5,LC4,DNp103,True,True,False
30803,LC4,R,10283,DNp103,R,5,LC4,DNp103,True,True,False
20749,LPLC2,R,10296,DNge054,R,5,LPLC2,DNge054,True,True,False
13726,LPLC2,L,10361,DNg40,L,5,LPLC2,DNg40,True,True,False
25136,LPLC2,L,10361,DNg40,L,5,LPLC2,DNg40,True,True,False
35616,LC4,L,10361,DNg40,L,5,LC4,DNg40,True,True,False
519650,LC4,L,10361,DNg40,L,5,LC4,DNg40,True,True,False
20859,LC4,L,10417,DNp103,L,5,LC4,DNp103,True,True,False
27750,LC4,L,10417,DNp103,L,5,LC4,DNp103,True,True,False
12349,LC4,L,10449,DNpe025,L,5,LC4,DNpe025,True,True,False
12824,LC4,L,10449,DNpe025,L,5,LC4,DNpe025,True,True,False
17775,LPLC2,L,10449,DNpe025,L,5,LPLC2,DNpe025,True,True,False
18900,LPLC2,L,10449,DNpe025,L,5,LPLC2,DNpe025,True,True,False
20967,LC4,L,10449,DNpe025,L,5,LC4,DNpe025,True,True,False
22922,LC4,L,10449,DNpe025,L,5,LC4,DNpe025,True,True,False
26416,LPLC2,L,10449,DNpe025,L,5,LPLC2,DNpe025,True,True,False
33137,LC4,L,10449,DNpe025,L,5,LC4,DNpe025,True,True,False
515971,LPLC2,L,10449,DNpe025,L,5,LPLC2,DNpe025,True,True,False
516909,LC4,L,10449,DNpe025,L,5,LC4,DNpe025,True,True,False
518983,LC4,L,10449,DNpe025,L,5,LC4,DNpe025,True,True,False
19543,LC4,R,10558,DNp35,R,5,LC4,DNp35,True,True,False
21045,LPLC2,R,10558,DNp35,R,5,LPLC2,DNp35,True,True,False
21151,LC4,R,10558,DNp35,R,5,LC4,DNp35,True,True,False
21336,LC4,R,10558,DNp35,R,5,LC4,DNp35,True,True,False
21862,LPLC2,R,10558,DNp35,R,5,LPLC2,DNp35,True,True,False
22194,LC4,R,10558,DNp35,R,5,LC4,DNp35,True,True,False
22218,LPLC2,R,10558,DNp35,R,5,LPLC2,DNp35,True,True,False
23792,LC4,R,10558,DNp35,R,5,LC4,DNp35,True,True,False
27566,LPLC2,R,10558,DNp35,R,5,LPLC2,DNp35,True,True,False
29986,LPLC2,R,10558,DNp35,R,5,LPLC2,DNp35,True,True,False
35632,LPLC2,R,10558,DNp35,R,5,LPLC2,DNp35,True,True,False
17860,LC4,R,10584,DNp06,R,5,LC4,DNp06,True,True,False
19146,LPLC2,R,10584,DNp06,R,5,LPLC2,DNp06,True,True,False
19543,LC4,R,10584,DNp06,R,5,LC4,DNp06,True,True,False
19954,LC4,R,10584,DNp06,R,5,LC4,DNp06,True,True,False
20282,LC4,R,10584,DNp06,R,5,LC4,DNp06,True,True,False
20584,LPLC2,R,10584,DNp06,R,5,LPLC2,DNp06,True,True,False
20673,LC4,R,10584,DNp06,R,5,LC4,DNp06,True,True,False
20808,LC4,R,10584,DNp06,R,5,LC4,DNp06,True,True,False
22328,LC4,R,10584,DNp06,R,5,LC4,DNp06,True,True,False
24118,LPLC2,R,10584,DNp06,R,5,LPLC2,DNp06,True,True,False
25267,LPLC2,R,10584,DNp06,R,5,LPLC2,DNp06,True,True,False
26393,LPLC2,R,10584,DNp06,R,5,LPLC2,DNp06,True,True,False
38542,LPLC2,R,10584,DNp06,R,5,LPLC2,DNp06,True,True,False
13764,LPLC2,L,10590,DNpe052,L,5,LPLC2,DNpe052,True,True,False
15804,LPLC2,L,10590,DNpe052,L,5,LPLC2,DNpe052,True,True,False
17990,LPLC2,L,10590,DNpe052,L,5,LPLC2,DNpe052,True,True,False
25286,LPLC2,L,10590,DNpe052,L,5,LPLC2,DNpe052,True,True,False
17548,LC4,R,10601,DNpe025,R,5,LC4,DNpe025,True,True,False
22261,LPLC2,R,10601,DNpe025,R,5,LPLC2,DNpe025,True,True,False
23497,LPLC2,R,10601,DNpe025,R,5,LPLC2,DNpe025,True,True,False
29873,LPLC2,R,10601,DNpe025,R,5,LPLC2,DNpe025,True,True,False
29986,LPLC2,R,10601,DNpe025,R,5,LPLC2,DNpe025,True,True,False
35889,LPLC2,R,10601,DNpe025,R,5,LPLC2,DNpe025,True,True,False
19229,LPLC2,R,10732,DNpe056,R,5,LPLC2,DNpe056,True,True,False
26730,LPLC2,R,10732,DNpe056,R,5,LPLC2,DNpe056,True,True,False
35680,LPLC2,R,10732,DNpe056,R,5,LPLC2,DNpe056,True,True,False
35838,LPLC2,R,10732,DNpe056,R,5,LPLC2,DNpe056,True,True,False
37431,LPLC2,R,10732,DNpe056,R,5,LPLC2,DNpe056,True,True,False
30512,LPLC2,L,10783,DNp09,L,5,LPLC2,DNp09,True,True,False
32237,LPLC2,L,10783,DNp09,L,5,LPLC2,DNp09,True,True,False
16128,LC4,R,10923,DNg40,R,5,LC4,DNg40,True,True,False
19954,LC4,R,10923,DNg40,R,5,LC4,DNg40,True,True,False
20016,LC4,R,10923,DNg40,R,5,LC4,DNg40,True,True,False
22847,LC4,R,10923,DNg40,R,5,LC4,DNg40,True,True,False
17544,LPLC2,L,10931,DNpe045,L,5,LPLC2,DNpe045,True,True,False
27716,LPLC2,L,10931,DNpe045,L,5,LPLC2,DNpe045,True,True,False
30893,LPLC2,L,10931,DNpe045,L,5,LPLC2,DNpe045,True,True,False
521115,LPLC2,L,10931,DNpe045,L,5,LPLC2,DNpe045,True,True,False
20399,LC4,R,11020,DNp05,R,5,LC4,DNp05,True,True,False
22847,LC4,R,11020,DNp05,R,5,LC4,DNp05,True,True,False
23792,LC4,R,11020,DNp05,R,5,LC4,DNp05,True,True,False
29391,LPLC2,R,11133,DNp70,R,5,LPLC2,DNp70,True,True,False
25267,LPLC2,R,11137,DNp04,R,5,LPLC2,DNp04,True,True,False
28741,LPLC2,R,11137,DNp04,R,5,LPLC2,DNp04,True,True,False
34110,LPLC2,R,11137,DNp04,R,5,LPLC2,DNp04,True,True,False
18929,LPLC2,R,11159,DNp71,R,5,LPLC2,DNp71,True,True,False
19146,LPLC2,R,11159,DNp71,R,5,LPLC2,DNp71,True,True,False
20047,LPLC2,R,11159,DNp71,R,5,LPLC2,DNp71,True,True,False
21862,LPLC2,R,11159,DNp71,R,5,LPLC2,DNp71,True,True,False
22218,LPLC2,R,11159,DNp71,R,5,LPLC2,DNp71,True,True,False
23497,LPLC2,R,11159,DNp71,R,5,LPLC2,DNp71,True,True,False
30041,LPLC2,R,11159,DNp71,R,5,LPLC2,DNp71,True,True,False
30207,LPLC2,R,11159,DNp71,R,5,LPLC2,DNp71,True,True,False
39620,LPLC2,R,11159,DNp71,R,5,LPLC2,DNp71,True,True,False
26393,LPLC2,R,11334,DNpe045,R,5,LPLC2,DNpe045,True,True,False
29873,LPLC2,R,11334,DNpe045,R,5,LPLC2,DNpe045,True,True,False
34372,LPLC2,R,11334,DNpe045,R,5,LPLC2,DNpe045,True,True,False
37431,LPLC2,R,11334,DNpe045,R,5,LPLC2,DNpe045,True,True,False
37925,LPLC2,R,11334,DNpe045,R,5,LPLC2,DNpe045,True,True,False
39620,LPLC2,R,11334,DNpe045,R,5,LPLC2,DNpe045,True,True,False
17608,LC4,L,11573,DNpe021,L,5,LC4,DNpe021,True,True,False
18478,LC4,L,11573,DNpe021,L,5,LC4,DNpe021,True,True,False
23226,LC4,L,11573,DNpe021,L,5,LC4,DNpe021,True,True,False
515476,LC4,L,11573,DNpe021,L,5,LC4,DNpe021,True,True,False
530029,LC4,L,11573,DNpe021,L,5,LC4,DNpe021,True,True,False
18929,LPLC2,R,11632,DNpe052,R,5,LPLC2,DNpe052,True,True,False
18672,LPLC2,R,12628,DNpe042,R,5,LPLC2,DNpe042,True,True,False
21808,LPLC2,R,12628,DNpe042,R,5,LPLC2,DNpe042,True,True,False
25316,LPLC2,R,12628,DNpe042,R,5,LPLC2,DNpe042,True,True,False
25511,LPLC2,R,12628,DNpe042,R,5,LPLC2,DNpe042,True,True,False
28003,LPLC2,R,12628,DNpe042,R,5,LPLC2,DNpe042,True,True,False
34372,LPLC2,R,12628,DNpe042,R,5,LPLC2,DNpe042,True,True,False
38542,LPLC2,R,12628,DNpe042,R,5,LPLC2,DNpe042,True,True,False
50287,LPLC2,R,12628,DNpe042,R,5,LPLC2,DNpe042,True,True,False
20240,LPLC2,L,519771,DNp71,L,5,LPLC2,DNp71,True,True,False
25209,LPLC2,L,519771,DNp71,L,5,LPLC2,DNp71,True,True,False
25524,LPLC2,L,519771,DNp71,L,5,LPLC2,DNp71,True,True,False
28188,LPLC2,L,519771,DNp71,L,5,LPLC2,DNp71,True,True,False
30512,LPLC2,L,519771,DNp71,L,5,LPLC2,DNp71,True,True,False
32223,LPLC2,L,519771,DNp71,L,5,LPLC2,DNp71,True,True,False
33406,LPLC2,L,519771,DNp71,L,5,LPLC2,DNp71,True,True,False
40841,LPLC2,L,519771,DNp71,L,5,LPLC2,DNp71,True,True,False
134521,LPLC2,L,519771,DNp71,L,5,LPLC2,DNp71,True,True,False
514508,LC4,L,524001,DNp05,L,5,LC4,DNp05,True,True,False
535341,LC4,L,524001,DNp05,L,5,LC4,DNp05,True,True,False
29955,LPLC2,L,531898,DNp04,L,5,LPLC2,DNp04,True,True,False
34655,LPLC2,L,531898,DNp04,L,5,LPLC2,DNp04,True,True,False
17266,LC4,R,575082,DNpe021,R,5,LC4,DNpe021,True,True,False
19589,LPLC2,R,575082,DNpe021,R,5,LPLC2,DNpe021,True,True,False
21287,LC4,R,575082,DNpe021,R,5,LC4,DNpe021,True,True,False
22677,LPLC2,R,575082,DNpe021,R,5,LPLC2,DNpe021,True,True,False
21318,LPLC2,R,10001,DNp01,R,4,LPLC2,DNp01,True,True,False
35632,LPLC2,R,10001,DNp01,R,4,LPLC2,DNp01,True,True,False
35838,LPLC2,R,10001,DNp01,R,4,LPLC2,DNp01,True,True,False
14030,LPLC2,L,10010,DNp01,L,4,LPLC2,DNp01,True,True,False
13726,LPLC2,L,10091,DNpe042,L,4,LPLC2,DNpe042,True,True,False
17544,LPLC2,L,10091,DNpe042,L,4,LPLC2,DNpe042,True,True,False
19911,LPLC2,L,10091,DNpe042,L,4,LPLC2,DNpe042,True,True,False
20799,LPLC2,L,10091,DNpe042,L,4,LPLC2,DNpe042,True,True,False
23665,LPLC2,L,10091,DNpe042,L,4,LPLC2,DNpe042,True,True,False
26528,LPLC2,L,10091,DNpe042,L,4,LPLC2,DNpe042,True,True,False
31563,LPLC2,L,10091,DNpe042,L,4,LPLC2,DNpe042,True,True,False
34655,LPLC2,L,10091,DNpe042,L,4,LPLC2,DNpe042,True,True,False
129687,LPLC2,L,10091,DNpe042,L,4,LPLC2,DNpe042,True,True,False
515971,LPLC2,L,10091,DNpe042,L,4,LPLC2,DNpe042,True,True,False
517079,LPLC2,L,10091,DNpe042,L,4,LPLC2,DNpe042,True,True,False
533895,LPLC2,L,10091,DNpe042,L,4,LPLC2,DNpe042,True,True,False
30803,LC4,R,10117,DNp02,R,4,LC4,DNp02,True,True,False
17775,LPLC2,L,10223,DNpe056,L,4,LPLC2,DNpe056,True,True,False
23349,LPLC2,L,10223,DNpe056,L,4,LPLC2,DNpe056,True,True,False
24568,LPLC2,L,10223,DNpe056,L,4,LPLC2,DNpe056,True,True,False
515971,LPLC2,L,10223,DNpe056,L,4,LPLC2,DNpe056,True,True,False
17880,LPLC2,L,10228,DNp06,L,4,LPLC2,DNp06,True,True,False
24840,LPLC2,L,10228,DNp06,L,4,LPLC2,DNp06,True,True,False
26528,LPLC2,L,10228,DNp06,L,4,LPLC2,DNp06,True,True,False
27829,LC4,L,10228,DNp06,L,4,LC4,DNp06,True,True,False
29753,LPLC2,L,10228,DNp06,L,4,LPLC2,DNp06,True,True,False
34407,LPLC2,L,10228,DNp06,L,4,LPLC2,DNp06,True,True,False
35262,LC4,L,10228,DNp06,L,4,LC4,DNp06,True,True,False
111787,LC4,L,10228,DNp06,L,4,LC4,DNp06,True,True,False
112292,LPLC2,L,10228,DNp06,L,4,LPLC2,DNp06,True,True,False
514956,LC4,L,10228,DNp06,L,4,LC4,DNp06,True,True,False
14888,LC4,L,10234,DNp35,L,4,LC4,DNp35,True,True,False
15804,LPLC2,L,10234,DNp35,L,4,LPLC2,DNp35,True,True,False
17270,LC4,L,10234,DNp35,L,4,LC4,DNp35,True,True,False
17774,LPLC2,L,10234,DNp35,L,4,LPLC2,DNp35,True,True,False
17880,LPLC2,L,10234,DNp35,L,4,LPLC2,DNp35,True,True,False
20799,LPLC2,L,10234,DNp35,L,4,LPLC2,DNp35,True,True,False
20859,LC4,L,10234,DNp35,L,4,LC4,DNp35,True,True,False
22253,LPLC2,L,10234,DNp35,L,4,LPLC2,DNp35,True,True,False
23550,LPLC2,L,10234,DNp35,L,4,LPLC2,DNp35,True,True,False
25524,LPLC2,L,10234,DNp35,L,4,LPLC2,DNp35,True,True,False
27624,LC4,L,10234,DNp35,L,4,LC4,DNp35,True,True,False
27716,LPLC2,L,10234,DNp35,L,4,LPLC2,DNp35,True,True,False
27796,LPLC2,L,10234,DNp35,L,4,LPLC2,DNp35,True,True,False
29753,LPLC2,L,10234,DNp35,L,4,LPLC2,DNp35,True,True,False
31105,LPLC2,L,10234,DNp35,L,4,LPLC2,DNp35,True,True,False
33965,LPLC2,L,10234,DNp35,L,4,LPLC2,DNp35,True,True,False
35616,LC4,L,10234,DNp35,L,4,LC4,DNp35,True,True,False
37587,LC4,L,10234,DNp35,L,4,LC4,DNp35,True,True,False
77614,LC4,L,10234,DNp35,L,4,LC4,DNp35,True,True,False
107513,LC4,L,10234,DNp35,L,4,LC4,DNp35,True,True,False
129687,LPLC2,L,10234,DNp35,L,4,LPLC2,DNp35,True,True,False
23665,LPLC2,L,10244,DNp55,L,4,LPLC2,DNp55,True,True,False
29702,LPLC2,L,10244,DNp55,L,4,LPLC2,DNp55,True,True,False
515971,LPLC2,L,10244,DNp55,L,4,LPLC2,DNp55,True,True,False
531014,LPLC2,L,10244,DNp55,L,4,LPLC2,DNp55,True,True,False
23202,LC4,L,10259,DNp11,L,4,LC4,DNp11,True,True,False
518983,LC4,L,10259,DNp11,L,4,LC4,DNp11,True,True,False
520764,LPLC2,L,10259,DNp11,L,4,LPLC2,DNp11,True,True,False
16138,LC4,R,10283,DNp103,R,4,LC4,DNp103,True,True,False
17266,LC4,R,10283,DNp103,R,4,LC4,DNp103,True,True,False
20282,LC4,R,10283,DNp103,R,4,LC4,DNp103,True,True,False
20588,LC4,R,10283,DNp103,R,4,LC4,DNp103,True,True,False
20673,LC4,R,10283,DNp103,R,4,LC4,DNp103,True,True,False
21313,LC4,R,10283,DNp103,R,4,LC4,DNp103,True,True,False
22328,LC4,R,10283,DNp103,R,4,LC4,DNp103,True,True,False
23098,LC4,R,10283,DNp103,R,4,LC4,DNp103,True,True,False
24338,LC4,R,10283,DNp103,R,4,LC4,DNp103,True,True,False
38065,LC4,R,10283,DNp103,R,4,LC4,DNp103,True,True,False
21318,LPLC2,R,10296,DNge054,R,4,LPLC2,DNge054,True,True,False
25267,LPLC2,R,10296,DNge054,R,4,LPLC2,DNge054,True,True,False
15804,LPLC2,L,10361,DNg40,L,4,LPLC2,DNg40,True,True,False
23247,LPLC2,L,10361,DNg40,L,4,LPLC2,DNg40,True,True,False
25575,LPLC2,L,10361,DNg40,L,4,LPLC2,DNg40,True,True,False
516909,LC4,L,10361,DNg40,L,4,LC4,DNg40,True,True,False
518016,LC4,L,10361,DNg40,L,4,LC4,DNg40,True,True,False
524366,LPLC2,L,10361,DNg40,L,4,LPLC2,DNg40,True,True,False
19830,LPLC2,L,10377,DNge054,L,4,LPLC2,DNge054,True,True,False
24605,LPLC2,L,10377,DNge054,L,4,LPLC2,DNge054,True,True,False
518983,LC4,L,10377,DNge054,L,4,LC4,DNge054,True,True,False
12032,LC4,L,10417,DNp103,L,4,LC4,DNp103,True,True,False
27624,LC4,L,10417,DNp103,L,4,LC4,DNp103,True,True,False
31301,LC4,L,10417,DNp103,L,4,LC4,DNp103,True,True,False
512366,LC4,L,10417,DNp103,L,4,LC4,DNp103,True,True,False
518983,LC4,L,10417,DNp103,L,4,LC4,DNp103,True,True,False
519650,LC4,L,10417,DNp103,L,4,LC4,DNp103,True,True,False
17059,LPLC2,L,10449,DNpe025,L,4,LPLC2,DNpe025,True,True,False
18936,LPLC2,L,10449,DNpe025,L,4,LPLC2,DNpe025,True,True,False
19911,LPLC2,L,10449,DNpe025,L,4,LPLC2,DNpe025,True,True,False
20572,LC4,L,10449,DNpe025,L,4,LC4,DNpe025,True,True,False
20859,LC4,L,10449,DNpe025,L,4,LC4,DNpe025,True,True,False
24840,LPLC2,L,10449,DNpe025,L,4,LPLC2,DNpe025,True,True,False
25027,LPLC2,L,10449,DNpe025,L,4,LPLC2,DNpe025,True,True,False
30895,LPLC2,L,10449,DNpe025,L,4,LPLC2,DNpe025,True,True,False
31563,LPLC2,L,10449,DNpe025,L,4,LPLC2,DNpe025,True,True,False
33303,LPLC2,L,10449,DNpe025,L,4,LPLC2,DNpe025,True,True,False
40841,LPLC2,L,10449,DNpe025,L,4,LPLC2,DNpe025,True,True,False
512366,LC4,L,10449,DNpe025,L,4,LC4,DNpe025,True,True,False
533129,LC4,L,10449,DNpe025,L,4,LC4,DNpe025,True,True,False
17548,LC4,R,10558,DNp35,R,4,LC4,DNp35,True,True,False
17860,LC4,R,10558,DNp35,R,4,LC4,DNp35,True,True,False
19146,LPLC2,R,10558,DNp35,R,4,LPLC2,DNp35,True,True,False
19550,LC4,R,10558,DNp35,R,4,LC4,DNp35,True,True,False
20047,LPLC2,R,10558,DNp35,R,4,LPLC2,DNp35,True,True,False
20535,LPLC2,R,10558,DNp35,R,4,LPLC2,DNp35,True,True,False
23392,LC4,R,10558,DNp35,R,4,LC4,DNp35,True,True,False
25497,LPLC2,R,10558,DNp35,R,4,LPLC2,DNp35,True,True,False
25511,LPLC2,R,10558,DNp35,R,4,LPLC2,DNp35,True,True,False
26915,LPLC2,R,10558,DNp35,R,4,LPLC2,DNp35,True,True,False
27471,LPLC2,R,10558,DNp35,R,4,LPLC2,DNp35,True,True,False
28741,LPLC2,R,10558,DNp35,R,4,LPLC2,DNp35,True,True,False
29183,LPLC2,R,10558,DNp35,R,4,LPLC2,DNp35,True,True,False
33439,LPLC2,R,10558,DNp35,R,4,LPLC2,DNp35,True,True,False
17544,LPLC2,L,10580,DNp70,L,4,LPLC2,DNp70,True,True,False
20103,LPLC2,R,10584,DNp06,R,4,LPLC2,DNp06,True,True,False
20269,LPLC2,R,10584,DNp06,R,4,LPLC2,DNp06,True,True,False
20471,LPLC2,R,10584,DNp06,R,4,LPLC2,DNp06,True,True,False
21703,LPLC2,R,10584,DNp06,R,4,LPLC2,DNp06,True,True,False
21804,LC4,R,10584,DNp06,R,4,LC4,DNp06,True,True,False
25497,LPLC2,R,10584,DNp06,R,4,LPLC2,DNp06,True,True,False
28741,LPLC2,R,10584,DNp06,R,4,LPLC2,DNp06,True,True,False
28871,LPLC2,R,10584,DNp06,R,4,LPLC2,DNp06,True,True,False
29216,LPLC2,R,10584,DNp06,R,4,LPLC2,DNp06,True,True,False
29391,LPLC2,R,10584,DNp06,R,4,LPLC2,DNp06,True,True,False
29873,LPLC2,R,10584,DNp06,R,4,LPLC2,DNp06,True,True,False
29986,LPLC2,R,10584,DNp06,R,4,LPLC2,DNp06,True,True,False
35680,LPLC2,R,10584,DNp06,R,4,LPLC2,DNp06,True,True,False
111903,LPLC2,L,10590,DNpe052,L,4,LPLC2,DNpe052,True,True,False
16138,LC4,R,10601,DNpe025,R,4,LC4,DNpe025,True,True,False
20047,LPLC2,R,10601,DNpe025,R,4,LPLC2,DNpe025,True,True,False
20162,LPLC2,R,10601,DNpe025,R,4,LPLC2,DNpe025,True,True,False
21808,LPLC2,R,10601,DNpe025,R,4,LPLC2,DNpe025,True,True,False
23590,LPLC2,R,10601,DNpe025,R,4,LPLC2,DNpe025,True,True,False
24187,LPLC2,R,10601,DNpe025,R,4,LPLC2,DNpe025,True,True,False
25636,LPLC2,R,10601,DNpe025,R,4,LPLC2,DNpe025,True,True,False
26147,LPLC2,R,10601,DNpe025,R,4,LPLC2,DNpe025,True,True,False
28003,LPLC2,R,10601,DNpe025,R,4,LPLC2,DNpe025,True,True,False
50287,LPLC2,R,10601,DNpe025,R,4,LPLC2,DNpe025,True,True,False
21808,LPLC2,R,10732,DNpe056,R,4,LPLC2,DNpe056,True,True,False
25267,LPLC2,R,10732,DNpe056,R,4,LPLC2,DNpe056,True,True,False
25316,LPLC2,R,10732,DNpe056,R,4,LPLC2,DNpe056,True,True,False
29873,LPLC2,R,10732,DNpe056,R,4,LPLC2,DNpe056,True,True,False
34681,LPLC2,R,10732,DNpe056,R,4,LPLC2,DNpe056,True,True,False
37613,LPLC2,R,10732,DNpe056,R,4,LPLC2,DNpe056,True,True,False
29753,LPLC2,L,10783,DNp09,L,4,LPLC2,DNp09,True,True,False
17266,LC4,R,10923,DNg40,R,4,LC4,DNg40,True,True,False
21165,LC4,R,10923,DNg40,R,4,LC4,DNg40,True,True,False
21313,LC4,R,10923,DNg40,R,4,LC4,DNg40,True,True,False
26730,LPLC2,R,10923,DNg40,R,4,LPLC2,DNg40,True,True,False
24308,LPLC2,L,10931,DNpe045,L,4,LPLC2,DNpe045,True,True,False
134521,LPLC2,L,10931,DNpe045,L,4,LPLC2,DNpe045,True,True,False
20917,LC4,R,10957,DNp69,R,4,LC4,DNp69,True,True,False
24268,LPLC2,R,10957,DNp69,R,4,LPLC2,DNp69,True,True,False
527408,LC4,R,10989,DNp03,R,4,LC4,DNp03,True,True,False
19954,LC4,R,11020,DNp05,R,4,LC4,DNp05,True,True,False
22328,LC4,R,11020,DNp05,R,4,LC4,DNp05,True,True,False
24338,LC4,R,11020,DNp05,R,4,LC4,DNp05,True,True,False
37925,LPLC2,R,11088,DNp55,R,4,LPLC2,DNp55,True,True,False
35838,LPLC2,R,11133,DNp70,R,4,LPLC2,DNp70,True,True,False
29216,LPLC2,R,11137,DNp04,R,4,LPLC2,DNp04,True,True,False
14465,LPLC2,R,11159,DNp71,R,4,LPLC2,DNp71,True,True,False
20471,LPLC2,R,11159,DNp71,R,4,LPLC2,DNp71,True,True,False
21769,LPLC2,R,11159,DNp71,R,4,LPLC2,DNp71,True,True,False
24268,LPLC2,R,11159,DNp71,R,4,LPLC2,DNp71,True,True,False
24401,LPLC2,R,11159,DNp71,R,4,LPLC2,DNp71,True,True,False
26915,LPLC2,R,11159,DNp71,R,4,LPLC2,DNp71,True,True,False
27566,LPLC2,R,11159,DNp71,R,4,LPLC2,DNp71,True,True,False
29183,LPLC2,R,11159,DNp71,R,4,LPLC2,DNp71,True,True,False
35680,LPLC2,R,11159,DNp71,R,4,LPLC2,DNp71,True,True,False
24268,LPLC2,R,11177,DNp09,R,4,LPLC2,DNp09,True,True,False
21769,LPLC2,R,11334,DNpe045,R,4,LPLC2,DNpe045,True,True,False
23590,LPLC2,R,11334,DNpe045,R,4,LPLC2,DNpe045,True,True,False
24118,LPLC2,R,11334,DNpe045,R,4,LPLC2,DNpe045,True,True,False
24268,LPLC2,R,11334,DNpe045,R,4,LPLC2,DNpe045,True,True,False
29287,LPLC2,R,11334,DNpe045,R,4,LPLC2,DNpe045,True,True,False
31988,LPLC2,R,11334,DNpe045,R,4,LPLC2,DNpe045,True,True,False
34110,LPLC2,R,11334,DNpe045,R,4,LPLC2,DNpe045,True,True,False
16917,LC4,L,11573,DNpe021,L,4,LC4,DNpe021,True,True,False
17478,LC4,L,11573,DNpe021,L,4,LC4,DNpe021,True,True,False
27750,LC4,L,11573,DNpe021,L,4,LC4,DNpe021,True,True,False
29469,LC4,L,11573,DNpe021,L,4,LC4,DNpe021,True,True,False
517752,LC4,L,11573,DNpe021,L,4,LC4,DNpe021,True,True,False
19146,LPLC2,R,12628,DNpe042,R,4,LPLC2,DNpe042,True,True,False
20047,LPLC2,R,12628,DNpe042,R,4,LPLC2,DNpe042,True,True,False
24401,LPLC2,R,12628,DNpe042,R,4,LPLC2,DNpe042,True,True,False
26393,LPLC2,R,12628,DNpe042,R,4,LPLC2,DNpe042,True,True,False
27566,LPLC2,R,12628,DNpe042,R,4,LPLC2,DNpe042,True,True,False
33396,LPLC2,R,12628,DNpe042,R,4,LPLC2,DNpe042,True,True,False
512366,LC4,L,33037,DNp69,L,4,LC4,DNp69,True,True,False
17775,LPLC2,L,519771,DNp71,L,4,LPLC2,DNp71,True,True,False
25575,LPLC2,L,519771,DNp71,L,4,LPLC2,DNp71,True,True,False
25854,LPLC2,L,519771,DNp71,L,4,LPLC2,DNp71,True,True,False
26416,LPLC2,L,519771,DNp71,L,4,LPLC2,DNp71,True,True,False
29319,LPLC2,L,519771,DNp71,L,4,LPLC2,DNp71,True,True,False
29753,LPLC2,L,519771,DNp71,L,4,LPLC2,DNp71,True,True,False
35294,LPLC2,L,519771,DNp71,L,4,LPLC2,DNp71,True,True,False
521115,LPLC2,L,519771,DNp71,L,4,LPLC2,DNp71,True,True,False
21299,LPLC2,L,524001,DNp05,L,4,LPLC2,DNp05,True,True,False
512705,LC4,L,524001,DNp05,L,4,LC4,DNp05,True,True,False
19249,LPLC2,R,575082,DNpe021,R,4,LPLC2,DNpe021,True,True,False
22034,LC4,R,575082,DNpe021,R,4,LC4,DNpe021,True,True,False
23497,LPLC2,R,575082,DNpe021,R,4,LPLC2,DNpe021,True,True,False
30803,LC4,R,575082,DNpe021,R,4,LC4,DNpe021,True,True,False
26730,LPLC2,R,10001,DNp01,R,3,LPLC2,DNp01,True,True,False
30207,LPLC2,R,10001,DNp01,R,3,LPLC2,DNp01,True,True,False
20240,LPLC2,L,10091,DNpe042,L,3,LPLC2,DNpe042,True,True,False
20329,LPLC2,L,10091,DNpe042,L,3,LPLC2,DNpe042,True,True,False
22557,LPLC2,L,10091,DNpe042,L,3,LPLC2,DNpe042,True,True,False
29319,LPLC2,L,10091,DNpe042,L,3,LPLC2,DNpe042,True,True,False
29815,LPLC2,L,10091,DNpe042,L,3,LPLC2,DNpe042,True,True,False
33406,LPLC2,L,10091,DNpe042,L,3,LPLC2,DNpe042,True,True,False
34407,LPLC2,L,10091,DNpe042,L,3,LPLC2,DNpe042,True,True,False
35294,LPLC2,L,10091,DNpe042,L,3,LPLC2,DNpe042,True,True,False
40841,LPLC2,L,10091,DNpe042,L,3,LPLC2,DNpe042,True,True,False
41097,LPLC2,L,10091,DNpe042,L,3,LPLC2,DNpe042,True,True,False
100103,LPLC2,L,10091,DNpe042,L,3,LPLC2,DNpe042,True,True,False
514670,LPLC2,L,10091,DNpe042,L,3,LPLC2,DNpe042,True,True,False
520764,LPLC2,L,10091,DNpe042,L,3,LPLC2,DNpe042,True,True,False
521115,LPLC2,L,10091,DNpe042,L,3,LPLC2,DNpe042,True,True,False
17926,LC4,R,10106,DNp11,R,3,LC4,DNp11,True,True,False
18189,LC4,R,10106,DNp11,R,3,LC4,DNp11,True,True,False
13726,LPLC2,L,10223,DNpe056,L,3,LPLC2,DNpe056,True,True,False
18900,LPLC2,L,10223,DNpe056,L,3,LPLC2,DNpe056,True,True,False
20329,LPLC2,L,10223,DNpe056,L,3,LPLC2,DNpe056,True,True,False
17990,LPLC2,L,10228,DNp06,L,3,LPLC2,DNp06,True,True,False
19787,LPLC2,L,10228,DNp06,L,3,LPLC2,DNp06,True,True,False
20976,LC4,L,10228,DNp06,L,3,LC4,DNp06,True,True,False
24568,LPLC2,L,10228,DNp06,L,3,LPLC2,DNp06,True,True,False
25027,LPLC2,L,10228,DNp06,L,3,LPLC2,DNp06,True,True,False
25524,LPLC2,L,10228,DNp06,L,3,LPLC2,DNp06,True,True,False
34655,LPLC2,L,10228,DNp06,L,3,LPLC2,DNp06,True,True,False
35616,LC4,L,10228,DNp06,L,3,LC4,DNp06,True,True,False
100485,LC4,L,10228,DNp06,L,3,LC4,DNp06,True,True,False
514508,LC4,L,10228,DNp06,L,3,LC4,DNp06,True,True,False
520764,LPLC2,L,10228,DNp06,L,3,LPLC2,DNp06,True,True,False
521115,LPLC2,L,10228,DNp06,L,3,LPLC2,DNp06,True,True,False
531014,LPLC2,L,10228,DNp06,L,3,LPLC2,DNp06,True,True,False
535341,LC4,L,10228,DNp06,L,3,LC4,DNp06,True,True,False
14030,LPLC2,L,10234,DNp35,L,3,LPLC2,DNp35,True,True,False
17653,LC4,L,10234,DNp35,L,3,LC4,DNp35,True,True,False
23349,LPLC2,L,10234,DNp35,L,3,LPLC2,DNp35,True,True,False
24308,LPLC2,L,10234,DNp35,L,3,LPLC2,DNp35,True,True,False
24523,LC4,L,10234,DNp35,L,3,LC4,DNp35,True,True,False
24605,LPLC2,L,10234,DNp35,L,3,LPLC2,DNp35,True,True,False
27750,LC4,L,10234,DNp35,L,3,LC4,DNp35,True,True,False
29319,LPLC2,L,10234,DNp35,L,3,LPLC2,DNp35,True,True,False
29815,LPLC2,L,10234,DNp35,L,3,LPLC2,DNp35,True,True,False
34407,LPLC2,L,10234,DNp35,L,3,LPLC2,DNp35,True,True,False
41097,LPLC2,L,10234,DNp35,L,3,LPLC2,DNp35,True,True,False
111787,LC4,L,10234,DNp35,L,3,LC4,DNp35,True,True,False
511914,LC4,L,10234,DNp35,L,3,LC4,DNp35,True,True,False
512366,LC4,L,10234,DNp35,L,3,LC4,DNp35,True,True,False
514670,LPLC2,L,10234,DNp35,L,3,LPLC2,DNp35,True,True,False
518544,LC4,L,10234,DNp35,L,3,LC4,DNp35,True,True,False
519650,LC4,L,10234,DNp35,L,3,LC4,DNp35,True,True,False
520764,LPLC2,L,10234,DNp35,L,3,LPLC2,DNp35,True,True,False
530029,LC4,L,10234,DNp35,L,3,LC4,DNp35,True,True,False
533129,LC4,L,10234,DNp35,L,3,LC4,DNp35,True,True,False
533895,LPLC2,L,10234,DNp35,L,3,LPLC2,DNp35,True,True,False
13726,LPLC2,L,10244,DNp55,L,3,LPLC2,DNp55,True,True,False
22557,LPLC2,L,10244,DNp55,L,3,LPLC2,DNp55,True,True,False
23349,LPLC2,L,10244,DNp55,L,3,LPLC2,DNp55,True,True,False
25136,LPLC2,L,10244,DNp55,L,3,LPLC2,DNp55,True,True,False
29753,LPLC2,L,10244,DNp55,L,3,LPLC2,DNp55,True,True,False
30512,LPLC2,L,10244,DNp55,L,3,LPLC2,DNp55,True,True,False
129687,LPLC2,L,10244,DNp55,L,3,LPLC2,DNp55,True,True,False
536444,LPLC2,L,10244,DNp55,L,3,LPLC2,DNp55,True,True,False
20967,LC4,L,10259,DNp11,L,3,LC4,DNp11,True,True,False
24523,LC4,L,10259,DNp11,L,3,LC4,DNp11,True,True,False
25524,LPLC2,L,10259,DNp11,L,3,LPLC2,DNp11,True,True,False
27355,LPLC2,L,10259,DNp11,L,3,LPLC2,DNp11,True,True,False
27829,LC4,L,10259,DNp11,L,3,LC4,DNp11,True,True,False
29753,LPLC2,L,10259,DNp11,L,3,LPLC2,DNp11,True,True,False
33965,LPLC2,L,10259,DNp11,L,3,LPLC2,DNp11,True,True,False
525844,LPLC2,L,10259,DNp11,L,3,LPLC2,DNp11,True,True,False
533895,LPLC2,L,10259,DNp11,L,3,LPLC2,DNp11,True,True,False
17364,LC4,R,10283,DNp103,R,3,LC4,DNp103,True,True,False
17668,LC4,R,10283,DNp103,R,3,LC4,DNp103,True,True,False
17860,LC4,R,10283,DNp103,R,3,LC4,DNp103,True,True,False
17926,LC4,R,10283,DNp103,R,3,LC4,DNp103,True,True,False
19954,LC4,R,10283,DNp103,R,3,LC4,DNp103,True,True,False
20542,LC4,R,10283,DNp103,R,3,LC4,DNp103,True,True,False
22034,LC4,R,10283,DNp103,R,3,LC4,DNp103,True,True,False
23392,LC4,R,10283,DNp103,R,3,LC4,DNp103,True,True,False
18929,LPLC2,R,10296,DNge054,R,3,LPLC2,DNge054,True,True,False
19260,LC4,R,10296,DNge054,R,3,LC4,DNge054,True,True,False
22677,LPLC2,R,10296,DNge054,R,3,LPLC2,DNge054,True,True,False
19830,LPLC2,L,10342,DNc02,R,3,LPLC2,DNc02,False,True,False
13764,LPLC2,L,10361,DNg40,L,3,LPLC2,DNg40,True,True,False
17478,LC4,L,10361,DNg40,L,3,LC4,DNg40,True,True,False
17990,LPLC2,L,10361,DNg40,L,3,LPLC2,DNg40,True,True,False
21721,LC4,L,10361,DNg40,L,3,LC4,DNg40,True,True,False
30087,LC4,L,10361,DNg40,L,3,LC4,DNg40,True,True,False
514670,LPLC2,L,10361,DNg40,L,3,LPLC2,DNg40,True,True,False
518730,LC4,L,10361,DNg40,L,3,LC4,DNg40,True,True,False
519931,LC4,L,10361,DNg40,L,3,LC4,DNg40,True,True,False
524899,LC4,L,10361,DNg40,L,3,LC4,DNg40,True,True,False
535341,LC4,L,10361,DNg40,L,3,LC4,DNg40,True,True,False
13764,LPLC2,L,10377,DNge054,L,3,LPLC2,DNge054,True,True,False
17340,LC4,L,10417,DNp103,L,3,LC4,DNp103,True,True,False
18478,LC4,L,10417,DNp103,L,3,LC4,DNp103,True,True,False
20440,LC4,L,10417,DNp103,L,3,LC4,DNp103,True,True,False
23226,LC4,L,10417,DNp103,L,3,LC4,DNp103,True,True,False
27829,LC4,L,10417,DNp103,L,3,LC4,DNp103,True,True,False
31308,LC4,L,10417,DNp103,L,3,LC4,DNp103,True,True,False
31429,LC4,L,10417,DNp103,L,3,LC4,DNp103,True,True,False
33137,LC4,L,10417,DNp103,L,3,LC4,DNp103,True,True,False
35616,LC4,L,10417,DNp103,L,3,LC4,DNp103,True,True,False
77614,LC4,L,10417,DNp103,L,3,LC4,DNp103,True,True,False
512705,LC4,L,10417,DNp103,L,3,LC4,DNp103,True,True,False
518016,LC4,L,10417,DNp103,L,3,LC4,DNp103,True,True,False
14888,LC4,L,10449,DNpe025,L,3,LC4,DNpe025,True,True,False
17880,LPLC2,L,10449,DNpe025,L,3,LPLC2,DNpe025,True,True,False
18478,LC4,L,10449,DNpe025,L,3,LC4,DNpe025,True,True,False
19787,LPLC2,L,10449,DNpe025,L,3,LPLC2,DNpe025,True,True,False
23202,LC4,L,10449,DNpe025,L,3,LC4,DNpe025,True,True,False
24523,LC4,L,10449,DNpe025,L,3,LC4,DNpe025,True,True,False
27023,LPLC2,L,10449,DNpe025,L,3,LPLC2,DNpe025,True,True,False
27750,LC4,L,10449,DNpe025,L,3,LC4,DNpe025,True,True,False
29514,LC4,L,10449,DNpe025,L,3,LC4,DNpe025,True,True,False
29702,LPLC2,L,10449,DNpe025,L,3,LPLC2,DNpe025,True,True,False
34051,LPLC2,L,10449,DNpe025,L,3,LPLC2,DNpe025,True,True,False
134521,LPLC2,L,10449,DNpe025,L,3,LPLC2,DNpe025,True,True,False
511914,LC4,L,10449,DNpe025,L,3,LC4,DNpe025,True,True,False
517079,LPLC2,L,10449,DNpe025,L,3,LPLC2,DNpe025,True,True,False
518544,LC4,L,10449,DNpe025,L,3,LC4,DNpe025,True,True,False
17364,LC4,R,10558,DNp35,R,3,LC4,DNp35,True,True,False
19034,LPLC2,R,10558,DNp35,R,3,LPLC2,DNp35,True,True,False
19794,LC4,R,10558,DNp35,R,3,LC4,DNp35,True,True,False
20182,LPLC2,R,10558,DNp35,R,3,LPLC2,DNp35,True,True,False
20808,LC4,R,10558,DNp35,R,3,LC4,DNp35,True,True,False
22975,LC4,R,10558,DNp35,R,3,LC4,DNp35,True,True,False
24338,LC4,R,10558,DNp35,R,3,LC4,DNp35,True,True,False
25584,LC4,R,10558,DNp35,R,3,LC4,DNp35,True,True,False
26112,LC4,R,10558,DNp35,R,3,LC4,DNp35,True,True,False
26147,LPLC2,R,10558,DNp35,R,3,LPLC2,DNp35,True,True,False
28003,LPLC2,R,10558,DNp35,R,3,LPLC2,DNp35,True,True,False
29216,LPLC2,R,10558,DNp35,R,3,LPLC2,DNp35,True,True,False
31262,LC4,R,10558,DNp35,R,3,LC4,DNp35,True,True,False
31988,LPLC2,R,10558,DNp35,R,3,LPLC2,DNp35,True,True,False
35838,LPLC2,R,10558,DNp35,R,3,LPLC2,DNp35,True,True,False
39620,LPLC2,R,10558,DNp35,R,3,LPLC2,DNp35,True,True,False
50287,LPLC2,R,10558,DNp35,R,3,LPLC2,DNp35,True,True,False
55627,LPLC2,R,10558,DNp35,R,3,LPLC2,DNp35,True,True,False
25136,LPLC2,L,10580,DNp70,L,3,LPLC2,DNp70,True,True,False
30893,LPLC2,L,10580,DNp70,L,3,LPLC2,DNp70,True,True,False
32237,LPLC2,L,10580,DNp70,L,3,LPLC2,DNp70,True,True,False
35294,LPLC2,L,10580,DNp70,L,3,LPLC2,DNp70,True,True,False
19550,LC4,R,10584,DNp06,R,3,LC4,DNp06,True,True,False
21225,LC4,R,10584,DNp06,R,3,LC4,DNp06,True,True,False
22261,LPLC2,R,10584,DNp06,R,3,LPLC2,DNp06,True,True,False
25253,LPLC2,R,10584,DNp06,R,3,LPLC2,DNp06,True,True,False
32507,LPLC2,R,10584,DNp06,R,3,LPLC2,DNp06,True,True,False
38065,LC4,R,10584,DNp06,R,3,LC4,DNp06,True,True,False
12384,LPLC2,L,10590,DNpe052,L,3,LPLC2,DNpe052,True,True,False
20240,LPLC2,L,10590,DNpe052,L,3,LPLC2,DNpe052,True,True,False
21299,LPLC2,L,10590,DNpe052,L,3,LPLC2,DNpe052,True,True,False
25524,LPLC2,L,10590,DNpe052,L,3,LPLC2,DNpe052,True,True,False
27399,LPLC2,L,10590,DNpe052,L,3,LPLC2,DNpe052,True,True,False
515971,LPLC2,L,10590,DNpe052,L,3,LPLC2,DNpe052,True,True,False
536444,LPLC2,L,10590,DNpe052,L,3,LPLC2,DNpe052,True,True,False
21151,LC4,R,10601,DNpe025,R,3,LC4,DNpe025,True,True,False
21313,LC4,R,10601,DNpe025,R,3,LC4,DNpe025,True,True,False
25497,LPLC2,R,10601,DNpe025,R,3,LPLC2,DNpe025,True,True,False
28044,LPLC2,R,10601,DNpe025,R,3,LPLC2,DNpe025,True,True,False
29014,LPLC2,R,10601,DNpe025,R,3,LPLC2,DNpe025,True,True,False
29216,LPLC2,R,10601,DNpe025,R,3,LPLC2,DNpe025,True,True,False
35680,LPLC2,R,10601,DNpe025,R,3,LPLC2,DNpe025,True,True,False
35838,LPLC2,R,10601,DNpe025,R,3,LPLC2,DNpe025,True,True,False
37431,LPLC2,R,10601,DNpe025,R,3,LPLC2,DNpe025,True,True,False
37613,LPLC2,R,10601,DNpe025,R,3,LPLC2,DNpe025,True,True,False
20269,LPLC2,R,10732,DNpe056,R,3,LPLC2,DNpe056,True,True,False
21899,LPLC2,R,10732,DNpe056,R,3,LPLC2,DNpe056,True,True,False
28003,LPLC2,R,10732,DNpe056,R,3,LPLC2,DNpe056,True,True,False
29986,LPLC2,R,10732,DNpe056,R,3,LPLC2,DNpe056,True,True,False
17544,LPLC2,L,10783,DNp09,L,3,LPLC2,DNp09,True,True,False
18936,LPLC2,L,10783,DNp09,L,3,LPLC2,DNp09,True,True,False
29319,LPLC2,L,10783,DNp09,L,3,LPLC2,DNp09,True,True,False
32223,LPLC2,L,10783,DNp09,L,3,LPLC2,DNp09,True,True,False
34655,LPLC2,L,10783,DNp09,L,3,LPLC2,DNp09,True,True,False
17054,LC4,R,10923,DNg40,R,3,LC4,DNg40,True,True,False
17860,LC4,R,10923,DNg40,R,3,LC4,DNg40,True,True,False
19550,LC4,R,10923,DNg40,R,3,LC4,DNg40,True,True,False
20673,LC4,R,10923,DNg40,R,3,LC4,DNg40,True,True,False
21287,LC4,R,10923,DNg40,R,3,LC4,DNg40,True,True,False
15804,LPLC2,L,10931,DNpe045,L,3,LPLC2,DNpe045,True,True,False
19911,LPLC2,L,10931,DNpe045,L,3,LPLC2,DNpe045,True,True,False
33303,LPLC2,L,10931,DNpe045,L,3,LPLC2,DNpe045,True,True,False
33965,LPLC2,L,10931,DNpe045,L,3,LPLC2,DNpe045,True,True,False
34655,LPLC2,L,10931,DNpe045,L,3,LPLC2,DNpe045,True,True,False
525844,LPLC2,L,10931,DNpe045,L,3,LPLC2,DNpe045,True,True,False
23590,LPLC2,R,10957,DNp69,R,3,LPLC2,DNp69,True,True,False
17987,LC4,R,10989,DNp03,R,3,LC4,DNp03,True,True,False
20282,LC4,R,10989,DNp03,R,3,LC4,DNp03,True,True,False
21336,LC4,R,10989,DNp03,R,3,LC4,DNp03,True,True,False
20471,LPLC2,R,11020,DNp05,R,3,LPLC2,DNp05,True,True,False
22034,LC4,R,11020,DNp05,R,3,LC4,DNp05,True,True,False
22194,LC4,R,11020,DNp05,R,3,LC4,DNp05,True,True,False
28044,LPLC2,R,11020,DNp05,R,3,LPLC2,DNp05,True,True,False
29391,LPLC2,R,11020,DNp05,R,3,LPLC2,DNp05,True,True,False
19249,LPLC2,R,11088,DNp55,R,3,LPLC2,DNp55,True,True,False
20269,LPLC2,R,11088,DNp55,R,3,LPLC2,DNp55,True,True,False
33185,LPLC2,R,11088,DNp55,R,3,LPLC2,DNp55,True,True,False
34372,LPLC2,R,11088,DNp55,R,3,LPLC2,DNp55,True,True,False
35889,LPLC2,R,11088,DNp55,R,3,LPLC2,DNp55,True,True,False
20471,LPLC2,R,11133,DNp70,R,3,LPLC2,DNp70,True,True,False
21562,LPLC2,R,11133,DNp70,R,3,LPLC2,DNp70,True,True,False
25253,LPLC2,R,11133,DNp70,R,3,LPLC2,DNp70,True,True,False
33396,LPLC2,R,11133,DNp70,R,3,LPLC2,DNp70,True,True,False
39620,LPLC2,R,11133,DNp70,R,3,LPLC2,DNp70,True,True,False
55627,LPLC2,R,11133,DNp70,R,3,LPLC2,DNp70,True,True,False
37613,LPLC2,R,11137,DNp04,R,3,LPLC2,DNp04,True,True,False
21045,LPLC2,R,11159,DNp71,R,3,LPLC2,DNp71,True,True,False
25511,LPLC2,R,11159,DNp71,R,3,LPLC2,DNp71,True,True,False
29391,LPLC2,R,11159,DNp71,R,3,LPLC2,DNp71,True,True,False
31257,LPLC2,R,11159,DNp71,R,3,LPLC2,DNp71,True,True,False
33439,LPLC2,R,11159,DNp71,R,3,LPLC2,DNp71,True,True,False
34681,LPLC2,R,11159,DNp71,R,3,LPLC2,DNp71,True,True,False
37613,LPLC2,R,11159,DNp71,R,3,LPLC2,DNp71,True,True,False
28945,LC4,R,11290,DNp66,R,3,LC4,DNp66,True,True,False
21862,LPLC2,R,11334,DNpe045,R,3,LPLC2,DNpe045,True,True,False
22975,LC4,R,11334,DNpe045,R,3,LC4,DNpe045,True,True,False
24187,LPLC2,R,11334,DNpe045,R,3,LPLC2,DNpe045,True,True,False
27566,LPLC2,R,11334,DNpe045,R,3,LPLC2,DNpe045,True,True,False
30041,LPLC2,R,11334,DNpe045,R,3,LPLC2,DNpe045,True,True,False
33439,LPLC2,R,11334,DNpe045,R,3,LPLC2,DNpe045,True,True,False
37613,LPLC2,R,11334,DNpe045,R,3,LPLC2,DNpe045,True,True,False
55627,LPLC2,R,11334,DNpe045,R,3,LPLC2,DNpe045,True,True,False
17653,LC4,L,11573,DNpe021,L,3,LC4,DNpe021,True,True,False
18432,LC4,L,11573,DNpe021,L,3,LC4,DNpe021,True,True,False
24523,LC4,L,11573,DNpe021,L,3,LC4,DNpe021,True,True,False
33137,LC4,L,11573,DNpe021,L,3,LC4,DNpe021,True,True,False
512705,LC4,L,11573,DNpe021,L,3,LC4,DNpe021,True,True,False
514956,LC4,L,11573,DNpe021,L,3,LC4,DNpe021,True,True,False
518730,LC4,L,11573,DNpe021,L,3,LC4,DNpe021,True,True,False
519650,LC4,L,11573,DNpe021,L,3,LC4,DNpe021,True,True,False
524899,LC4,L,11573,DNpe021,L,3,LC4,DNpe021,True,True,False
21899,LPLC2,R,11632,DNpe052,R,3,LPLC2,DNpe052,True,True,False
22677,LPLC2,R,11632,DNpe052,R,3,LPLC2,DNpe052,True,True,False
19608,LPLC2,R,12628,DNpe042,R,3,LPLC2,DNpe042,True,True,False
21045,LPLC2,R,12628,DNpe042,R,3,LPLC2,DNpe042,True,True,False
21862,LPLC2,R,12628,DNpe042,R,3,LPLC2,DNpe042,True,True,False
25636,LPLC2,R,12628,DNpe042,R,3,LPLC2,DNpe042,True,True,False
31988,LPLC2,R,12628,DNpe042,R,3,LPLC2,DNpe042,True,True,False
33185,LPLC2,R,12628,DNpe042,R,3,LPLC2,DNpe042,True,True,False
35680,LPLC2,R,12628,DNpe042,R,3,LPLC2,DNpe042,True,True,False
35838,LPLC2,R,12628,DNpe042,R,3,LPLC2,DNpe042,True,True,False
35889,LPLC2,R,12628,DNpe042,R,3,LPLC2,DNpe042,True,True,False
55627,LPLC2,R,12628,DNpe042,R,3,LPLC2,DNpe042,True,True,False
77614,LC4,L,33037,DNp69,L,3,LC4,DNp69,True,True,False
17880,LPLC2,L,519771,DNp71,L,3,LPLC2,DNp71,True,True,False
24568,LPLC2,L,519771,DNp71,L,3,LPLC2,DNp71,True,True,False
27716,LPLC2,L,519771,DNp71,L,3,LPLC2,DNp71,True,True,False
27796,LPLC2,L,519771,DNp71,L,3,LPLC2,DNp71,True,True,False
28011,LPLC2,L,519771,DNp71,L,3,LPLC2,DNp71,True,True,False
40811,LPLC2,L,519771,DNp71,L,3,LPLC2,DNp71,True,True,False
524366,LPLC2,L,519771,DNp71,L,3,LPLC2,DNp71,True,True,False
30893,LPLC2,L,522345,DNpe037,L,3,LPLC2,DNpe037,True,True,False
12349,LC4,L,524001,DNp05,L,3,LC4,DNp05,True,True,False
17340,LC4,L,524001,DNp05,L,3,LC4,DNp05,True,True,False
25524,LPLC2,L,524001,DNp05,L,3,LPLC2,DNp05,True,True,False
31301,LC4,L,524001,DNp05,L,3,LC4,DNp05,True,True,False
517752,LC4,L,524001,DNp05,L,3,LC4,DNp05,True,True,False
16128,LC4,R,575082,DNpe021,R,3,LC4,DNpe021,True,True,False
19229,LPLC2,R,575082,DNpe021,R,3,LPLC2,DNpe021,True,True,False
21703,LPLC2,R,575082,DNpe021,R,3,LPLC2,DNpe021,True,True,False
21862,LPLC2,R,575082,DNpe021,R,3,LPLC2,DNpe021,True,True,False
25267,LPLC2,R,575082,DNpe021,R,3,LPLC2,DNpe021,True,True,False
27471,LPLC2,R,575082,DNpe021,R,3,LPLC2,DNpe021,True,True,False
11498,LPLC2,L,10010,DNp01,L,2,LPLC2,DNp01,True,False,False
20440,LC4,L,10030,pIP1,L,2,LC4,pIP1,True,False,False
23202,LC4,L,10030,pIP1,L,2,LC4,pIP1,True,False,False
24605,LPLC2,L,10063,DNp27,R,2,LPLC2,DNp27,False,False,False
517079,LPLC2,L,10063,DNp27,R,2,LPLC2,DNp27,False,False,False
531014,LPLC2,L,10063,DNp27,R,2,LPLC2,DNp27,False,False,False
17608,LC4,L,10068,DNp30,R,2,LC4,DNp30,False,False,False
13764,LPLC2,L,10091,DNpe042,L,2,LPLC2,DNpe042,True,False,False
14030,LPLC2,L,10091,DNpe042,L,2,LPLC2,DNpe042,True,False,False
17059,LPLC2,L,10091,DNpe042,L,2,LPLC2,DNpe042,True,False,False
17608,LC4,L,10091,DNpe042,L,2,LC4,DNpe042,True,False,False
19830,LPLC2,L,10091,DNpe042,L,2,LPLC2,DNpe042,True,False,False
27023,LPLC2,L,10091,DNpe042,L,2,LPLC2,DNpe042,True,False,False
27796,LPLC2,L,10091,DNpe042,L,2,LPLC2,DNpe042,True,False,False
29753,LPLC2,L,10091,DNpe042,L,2,LPLC2,DNpe042,True,False,False
17548,LC4,R,10106,DNp11,R,2,LC4,DNp11,True,False,False
20162,LPLC2,R,10106,DNp11,R,2,LPLC2,DNp11,True,False,False
21225,LC4,R,10106,DNp11,R,2,LC4,DNp11,True,False,False
34681,LPLC2,R,10106,DNp11,R,2,LPLC2,DNp11,True,False,False
21862,LPLC2,R,10117,DNp02,R,2,LPLC2,DNp02,True,False,False
17340,LC4,L,10118,DNb05,L,2,LC4,DNb05,True,False,False
22922,LC4,L,10118,DNb05,L,2,LC4,DNb05,True,False,False
24523,LC4,L,10118,DNb05,L,2,LC4,DNb05,True,False,False
511914,LC4,L,10118,DNb05,L,2,LC4,DNb05,True,False,False
13764,LPLC2,L,10223,DNpe056,L,2,LPLC2,DNpe056,True,False,False
14102,LPLC2,L,10223,DNpe056,L,2,LPLC2,DNpe056,True,False,False
21299,LPLC2,L,10223,DNpe056,L,2,LPLC2,DNpe056,True,False,False
13726,LPLC2,L,10228,DNp06,L,2,LPLC2,DNp06,True,False,False
20329,LPLC2,L,10228,DNp06,L,2,LPLC2,DNp06,True,False,False
33965,LPLC2,L,10228,DNp06,L,2,LPLC2,DNp06,True,False,False
34051,LPLC2,L,10228,DNp06,L,2,LPLC2,DNp06,True,False,False
41097,LPLC2,L,10228,DNp06,L,2,LPLC2,DNp06,True,False,False
518016,LC4,L,10228,DNp06,L,2,LC4,DNp06,True,False,False
518730,LC4,L,10228,DNp06,L,2,LC4,DNp06,True,False,False
12349,LC4,L,10234,DNp35,L,2,LC4,DNp35,True,False,False
15018,LC4,L,10234,DNp35,L,2,LC4,DNp35,True,False,False
16809,LC4,L,10234,DNp35,L,2,LC4,DNp35,True,False,False
16917,LC4,L,10234,DNp35,L,2,LC4,DNp35,True,False,False
20976,LC4,L,10234,DNp35,L,2,LC4,DNp35,True,False,False
21361,LPLC2,L,10234,DNp35,L,2,LPLC2,DNp35,True,False,False
22772,LC4,L,10234,DNp35,L,2,LC4,DNp35,True,False,False
24840,LPLC2,L,10234,DNp35,L,2,LPLC2,DNp35,True,False,False
25854,LPLC2,L,10234,DNp35,L,2,LPLC2,DNp35,True,False,False
26416,LPLC2,L,10234,DNp35,L,2,LPLC2,DNp35,True,False,False
26528,LPLC2,L,10234,DNp35,L,2,LPLC2,DNp35,True,False,False
27829,LC4,L,10234,DNp35,L,2,LC4,DNp35,True,False,False
33406,LPLC2,L,10234,DNp35,L,2,LPLC2,DNp35,True,False,False
40811,LPLC2,L,10234,DNp35,L,2,LPLC2,DNp35,True,False,False
40841,LPLC2,L,10234,DNp35,L,2,LPLC2,DNp35,True,False,False
512705,LC4,L,10234,DNp35,L,2,LC4,DNp35,True,False,False
514956,LC4,L,10234,DNp35,L,2,LC4,DNp35,True,False,False
517079,LPLC2,L,10234,DNp35,L,2,LPLC2,DNp35,True,False,False
517752,LC4,L,10234,DNp35,L,2,LC4,DNp35,True,False,False
536444,LPLC2,L,10234,DNp35,L,2,LPLC2,DNp35,True,False,False
15804,LPLC2,L,10244,DNp55,L,2,LPLC2,DNp55,True,False,False
17544,LPLC2,L,10244,DNp55,L,2,LPLC2,DNp55,True,False,False
18478,LC4,L,10244,DNp55,L,2,LC4,DNp55,True,False,False
25027,LPLC2,L,10244,DNp55,L,2,LPLC2,DNp55,True,False,False
28011,LPLC2,L,10244,DNp55,L,2,LPLC2,DNp55,True,False,False
29955,LPLC2,L,10244,DNp55,L,2,LPLC2,DNp55,True,False,False
30895,LPLC2,L,10244,DNp55,L,2,LPLC2,DNp55,True,False,False
32237,LPLC2,L,10244,DNp55,L,2,LPLC2,DNp55,True,False,False
34051,LPLC2,L,10244,DNp55,L,2,LPLC2,DNp55,True,False,False
40811,LPLC2,L,10244,DNp55,L,2,LPLC2,DNp55,True,False,False
517078,LPLC2,L,10244,DNp55,L,2,LPLC2,DNp55,True,False,False
520764,LPLC2,L,10244,DNp55,L,2,LPLC2,DNp55,True,False,False
23919,LPLC2,L,10259,DNp11,L,2,LPLC2,DNp11,True,False,False
27399,LPLC2,L,10259,DNp11,L,2,LPLC2,DNp11,True,False,False
28011,LPLC2,L,10259,DNp11,L,2,LPLC2,DNp11,True,False,False
31105,LPLC2,L,10259,DNp11,L,2,LPLC2,DNp11,True,False,False
33303,LPLC2,L,10259,DNp11,L,2,LPLC2,DNp11,True,False,False
33406,LPLC2,L,10259,DNp11,L,2,LPLC2,DNp11,True,False,False
511914,LC4,L,10259,DNp11,L,2,LC4,DNp11,True,False,False
515900,LC4,L,10259,DNp11,L,2,LC4,DNp11,True,False,False
516909,LC4,L,10259,DNp11,L,2,LC4,DNp11,True,False,False
16128,LC4,R,10283,DNp103,R,2,LC4,DNp103,True,False,False
20399,LC4,R,10283,DNp103,R,2,LC4,DNp103,True,False,False
21151,LC4,R,10283,DNp103,R,2,LC4,DNp103,True,False,False
23792,LC4,R,10283,DNp103,R,2,LC4,DNp103,True,False,False
28945,LC4,R,10283,DNp103,R,2,LC4,DNp103,True,False,False
19842,LPLC2,R,10296,DNge054,R,2,LPLC2,DNge054,True,False,False
20162,LPLC2,R,10296,DNge054,R,2,LPLC2,DNge054,True,False,False
20535,LPLC2,R,10296,DNge054,R,2,LPLC2,DNge054,True,False,False
25636,LPLC2,R,10296,DNge054,R,2,LPLC2,DNge054,True,False,False
29598,LPLC2,R,10296,DNge054,R,2,LPLC2,DNge054,True,False,False
12824,LC4,L,10361,DNg40,L,2,LC4,DNg40,True,False,False
13132,LPLC2,L,10361,DNg40,L,2,LPLC2,DNg40,True,False,False
14102,LPLC2,L,10361,DNg40,L,2,LPLC2,DNg40,True,False,False
17270,LC4,L,10361,DNg40,L,2,LC4,DNg40,True,False,False
18478,LC4,L,10361,DNg40,L,2,LC4,DNg40,True,False,False
19830,LPLC2,L,10361,DNg40,L,2,LPLC2,DNg40,True,False,False
20572,LC4,L,10361,DNg40,L,2,LC4,DNg40,True,False,False
22772,LC4,L,10361,DNg40,L,2,LC4,DNg40,True,False,False
23226,LC4,L,10361,DNg40,L,2,LC4,DNg40,True,False,False
27829,LC4,L,10361,DNg40,L,2,LC4,DNg40,True,False,False
31308,LC4,L,10361,DNg40,L,2,LC4,DNg40,True,False,False
515900,LC4,L,10361,DNg40,L,2,LC4,DNg40,True,False,False
518544,LC4,L,10361,DNg40,L,2,LC4,DNg40,True,False,False
14030,LPLC2,L,10377,DNge054,L,2,LPLC2,DNge054,True,False,False
14102,LPLC2,L,10377,DNge054,L,2,LPLC2,DNge054,True,False,False
18936,LPLC2,L,10377,DNge054,L,2,LPLC2,DNge054,True,False,False
20976,LC4,L,10417,DNp103,L,2,LC4,DNp103,True,False,False
22772,LC4,L,10417,DNp103,L,2,LC4,DNp103,True,False,False
29417,LC4,L,10417,DNp103,L,2,LC4,DNp103,True,False,False
29469,LC4,L,10417,DNp103,L,2,LC4,DNp103,True,False,False
30087,LC4,L,10417,DNp103,L,2,LC4,DNp103,True,False,False
81112,LC4,L,10417,DNp103,L,2,LC4,DNp103,True,False,False
514508,LC4,L,10417,DNp103,L,2,LC4,DNp103,True,False,False
515476,LC4,L,10417,DNp103,L,2,LC4,DNp103,True,False,False
12032,LC4,L,10449,DNpe025,L,2,LC4,DNpe025,True,False,False
17608,LC4,L,10449,DNpe025,L,2,LC4,DNpe025,True,False,False
22557,LPLC2,L,10449,DNpe025,L,2,LPLC2,DNpe025,True,False,False
22772,LC4,L,10449,DNpe025,L,2,LC4,DNpe025,True,False,False
23919,LPLC2,L,10449,DNpe025,L,2,LPLC2,DNpe025,True,False,False
24308,LPLC2,L,10449,DNpe025,L,2,LPLC2,DNpe025,True,False,False
25524,LPLC2,L,10449,DNpe025,L,2,LPLC2,DNpe025,True,False,False
25572,LPLC2,L,10449,DNpe025,L,2,LPLC2,DNpe025,True,False,False
25854,LPLC2,L,10449,DNpe025,L,2,LPLC2,DNpe025,True,False,False
27716,LPLC2,L,10449,DNpe025,L,2,LPLC2,DNpe025,True,False,False
29319,LPLC2,L,10449,DNpe025,L,2,LPLC2,DNpe025,True,False,False
29815,LPLC2,L,10449,DNpe025,L,2,LPLC2,DNpe025,True,False,False
30512,LPLC2,L,10449,DNpe025,L,2,LPLC2,DNpe025,True,False,False
31105,LPLC2,L,10449,DNpe025,L,2,LPLC2,DNpe025,True,False,False
31429,LC4,L,10449,DNpe025,L,2,LC4,DNpe025,True,False,False
32737,LPLC2,L,10449,DNpe025,L,2,LPLC2,DNpe025,True,False,False
34655,LPLC2,L,10449,DNpe025,L,2,LPLC2,DNpe025,True,False,False
37587,LC4,L,10449,DNpe025,L,2,LC4,DNpe025,True,False,False
100485,LC4,L,10449,DNpe025,L,2,LC4,DNpe025,True,False,False
515900,LC4,L,10449,DNpe025,L,2,LC4,DNpe025,True,False,False
525844,LPLC2,L,10449,DNpe025,L,2,LPLC2,DNpe025,True,False,False
533895,LPLC2,L,10449,DNpe025,L,2,LPLC2,DNpe025,True,False,False
17266,LC4,R,10558,DNp35,R,2,LC4,DNp35,True,False,False
17551,LPLC2,R,10558,DNp35,R,2,LPLC2,DNp35,True,False,False
17987,LC4,R,10558,DNp35,R,2,LC4,DNp35,True,False,False
18127,LC4,R,10558,DNp35,R,2,LC4,DNp35,True,False,False
19260,LC4,R,10558,DNp35,R,2,LC4,DNp35,True,False,False
20542,LC4,R,10558,DNp35,R,2,LC4,DNp35,True,False,False
20588,LC4,R,10558,DNp35,R,2,LC4,DNp35,True,False,False
20917,LC4,R,10558,DNp35,R,2,LC4,DNp35,True,False,False
21287,LC4,R,10558,DNp35,R,2,LC4,DNp35,True,False,False
21804,LC4,R,10558,DNp35,R,2,LC4,DNp35,True,False,False
21808,LPLC2,R,10558,DNp35,R,2,LPLC2,DNp35,True,False,False
21899,LPLC2,R,10558,DNp35,R,2,LPLC2,DNp35,True,False,False
23590,LPLC2,R,10558,DNp35,R,2,LPLC2,DNp35,True,False,False
24268,LPLC2,R,10558,DNp35,R,2,LPLC2,DNp35,True,False,False
28871,LPLC2,R,10558,DNp35,R,2,LPLC2,DNp35,True,False,False
29391,LPLC2,R,10558,DNp35,R,2,LPLC2,DNp35,True,False,False
29598,LPLC2,R,10558,DNp35,R,2,LPLC2,DNp35,True,False,False
29873,LPLC2,R,10558,DNp35,R,2,LPLC2,DNp35,True,False,False
30803,LC4,R,10558,DNp35,R,2,LC4,DNp35,True,False,False
34110,LPLC2,R,10558,DNp35,R,2,LPLC2,DNp35,True,False,False
34372,LPLC2,R,10558,DNp35,R,2,LPLC2,DNp35,True,False,False
35889,LPLC2,R,10558,DNp35,R,2,LPLC2,DNp35,True,False,False
27796,LPLC2,L,10580,DNp70,L,2,LPLC2,DNp70,True,False,False
34655,LPLC2,L,10580,DNp70,L,2,LPLC2,DNp70,True,False,False
34845,LC4,L,10580,DNp70,L,2,LC4,DNp70,True,False,False
512366,LC4,L,10580,DNp70,L,2,LC4,DNp70,True,False,False
525844,LPLC2,L,10580,DNp70,L,2,LPLC2,DNp70,True,False,False
16128,LC4,R,10584,DNp06,R,2,LC4,DNp06,True,False,False
19034,LPLC2,R,10584,DNp06,R,2,LPLC2,DNp06,True,False,False
20182,LPLC2,R,10584,DNp06,R,2,LPLC2,DNp06,True,False,False
20535,LPLC2,R,10584,DNp06,R,2,LPLC2,DNp06,True,False,False
23878,LPLC2,R,10584,DNp06,R,2,LPLC2,DNp06,True,False,False
31262,LC4,R,10584,DNp06,R,2,LC4,DNp06,True,False,False
35889,LPLC2,R,10584,DNp06,R,2,LPLC2,DNp06,True,False,False
50287,LPLC2,R,10584,DNp06,R,2,LPLC2,DNp06,True,False,False
17774,LPLC2,L,10590,DNpe052,L,2,LPLC2,DNpe052,True,False,False
17880,LPLC2,L,10590,DNpe052,L,2,LPLC2,DNpe052,True,False,False
20799,LPLC2,L,10590,DNpe052,L,2,LPLC2,DNpe052,True,False,False
22557,LPLC2,L,10590,DNpe052,L,2,LPLC2,DNpe052,True,False,False
23349,LPLC2,L,10590,DNpe052,L,2,LPLC2,DNpe052,True,False,False
24605,LPLC2,L,10590,DNpe052,L,2,LPLC2,DNpe052,True,False,False
33303,LPLC2,L,10590,DNpe052,L,2,LPLC2,DNpe052,True,False,False
17668,LC4,R,10601,DNpe025,R,2,LC4,DNpe025,True,False,False
19794,LC4,R,10601,DNpe025,R,2,LC4,DNpe025,True,False,False
20535,LPLC2,R,10601,DNpe025,R,2,LPLC2,DNpe025,True,False,False
20917,LC4,R,10601,DNpe025,R,2,LC4,DNpe025,True,False,False
21165,LC4,R,10601,DNpe025,R,2,LC4,DNpe025,True,False,False
24268,LPLC2,R,10601,DNpe025,R,2,LPLC2,DNpe025,True,False,False
24800,LPLC2,R,10601,DNpe025,R,2,LPLC2,DNpe025,True,False,False
25253,LPLC2,R,10601,DNpe025,R,2,LPLC2,DNpe025,True,False,False
26393,LPLC2,R,10601,DNpe025,R,2,LPLC2,DNpe025,True,False,False
28871,LPLC2,R,10601,DNpe025,R,2,LPLC2,DNpe025,True,False,False
29287,LPLC2,R,10601,DNpe025,R,2,LPLC2,DNpe025,True,False,False
31257,LPLC2,R,10601,DNpe025,R,2,LPLC2,DNpe025,True,False,False
31262,LC4,R,10601,DNpe025,R,2,LC4,DNpe025,True,False,False
34372,LPLC2,R,10601,DNpe025,R,2,LPLC2,DNpe025,True,False,False
34681,LPLC2,R,10601,DNpe025,R,2,LPLC2,DNpe025,True,False,False
37925,LPLC2,R,10601,DNpe025,R,2,LPLC2,DNpe025,True,False,False
38542,LPLC2,R,10601,DNpe025,R,2,LPLC2,DNpe025,True,False,False
16138,LC4,R,10732,DNpe056,R,2,LC4,DNpe056,True,False,False
17860,LC4,R,10732,DNpe056,R,2,LC4,DNpe056,True,False,False
19034,LPLC2,R,10732,DNpe056,R,2,LPLC2,DNpe056,True,False,False
20103,LPLC2,R,10732,DNpe056,R,2,LPLC2,DNpe056,True,False,False
25497,LPLC2,R,10732,DNpe056,R,2,LPLC2,DNpe056,True,False,False
26528,LPLC2,L,10783,DNp09,L,2,LPLC2,DNp09,True,False,False
30895,LPLC2,L,10783,DNp09,L,2,LPLC2,DNp09,True,False,False
31105,LPLC2,L,10783,DNp09,L,2,LPLC2,DNp09,True,False,False
33303,LPLC2,L,10783,DNp09,L,2,LPLC2,DNp09,True,False,False
40811,LPLC2,L,10783,DNp09,L,2,LPLC2,DNp09,True,False,False
41097,LPLC2,L,10783,DNp09,L,2,LPLC2,DNp09,True,False,False
16138,LC4,R,10923,DNg40,R,2,LC4,DNg40,True,False,False
16628,LC4,R,10923,DNg40,R,2,LC4,DNg40,True,False,False
21318,LPLC2,R,10923,DNg40,R,2,LPLC2,DNg40,True,False,False
21336,LC4,R,10923,DNg40,R,2,LC4,DNg40,True,False,False
21703,LPLC2,R,10923,DNg40,R,2,LPLC2,DNg40,True,False,False
22677,LPLC2,R,10923,DNg40,R,2,LPLC2,DNg40,True,False,False
16809,LC4,L,10931,DNpe045,L,2,LC4,DNpe045,True,False,False
24568,LPLC2,L,10931,DNpe045,L,2,LPLC2,DNpe045,True,False,False
24840,LPLC2,L,10931,DNpe045,L,2,LPLC2,DNpe045,True,False,False
26416,LPLC2,L,10931,DNpe045,L,2,LPLC2,DNpe045,True,False,False
27399,LPLC2,L,10931,DNpe045,L,2,LPLC2,DNpe045,True,False,False
28011,LPLC2,L,10931,DNpe045,L,2,LPLC2,DNpe045,True,False,False
30895,LPLC2,L,10931,DNpe045,L,2,LPLC2,DNpe045,True,False,False
32737,LPLC2,L,10931,DNpe045,L,2,LPLC2,DNpe045,True,False,False
34051,LPLC2,L,10931,DNpe045,L,2,LPLC2,DNpe045,True,False,False
129687,LPLC2,L,10931,DNpe045,L,2,LPLC2,DNpe045,True,False,False
520764,LPLC2,L,10931,DNpe045,L,2,LPLC2,DNpe045,True,False,False
531014,LPLC2,L,10931,DNpe045,L,2,LPLC2,DNpe045,True,False,False
20471,LPLC2,R,10957,DNp69,R,2,LPLC2,DNp69,True,False,False
21287,LC4,R,10957,DNp69,R,2,LC4,DNp69,True,False,False
22194,LC4,R,10957,DNp69,R,2,LC4,DNp69,True,False,False
23929,LC4,R,10957,DNp69,R,2,LC4,DNp69,True,False,False
24187,LPLC2,R,10957,DNp69,R,2,LPLC2,DNp69,True,False,False
26147,LPLC2,R,10957,DNp69,R,2,LPLC2,DNp69,True,False,False
20808,LC4,R,10989,DNp03,R,2,LC4,DNp03,True,False,False
19543,LC4,R,11020,DNp05,R,2,LC4,DNp05,True,False,False
20535,LPLC2,R,11020,DNp05,R,2,LPLC2,DNp05,True,False,False
35680,LPLC2,R,11020,DNp05,R,2,LPLC2,DNp05,True,False,False
30512,LPLC2,L,11063,DNge032,L,2,LPLC2,DNge032,True,False,False
19589,LPLC2,R,11088,DNp55,R,2,LPLC2,DNp55,True,False,False
20334,LPLC2,R,11088,DNp55,R,2,LPLC2,DNp55,True,False,False
20471,LPLC2,R,11088,DNp55,R,2,LPLC2,DNp55,True,False,False
21045,LPLC2,R,11088,DNp55,R,2,LPLC2,DNp55,True,False,False
29598,LPLC2,R,11088,DNp55,R,2,LPLC2,DNp55,True,False,False
34681,LPLC2,R,11088,DNp55,R,2,LPLC2,DNp55,True,False,False
24187,LPLC2,R,11133,DNp70,R,2,LPLC2,DNp70,True,False,False
29598,LPLC2,R,11133,DNp70,R,2,LPLC2,DNp70,True,False,False
35632,LPLC2,R,11133,DNp70,R,2,LPLC2,DNp70,True,False,False
37925,LPLC2,R,11133,DNp70,R,2,LPLC2,DNp70,True,False,False
38542,LPLC2,R,11133,DNp70,R,2,LPLC2,DNp70,True,False,False
31988,LPLC2,R,11137,DNp04,R,2,LPLC2,DNp04,True,False,False
33694,LPLC2,R,11137,DNp04,R,2,LPLC2,DNp04,True,False,False
35838,LPLC2,R,11137,DNp04,R,2,LPLC2,DNp04,True,False,False
19229,LPLC2,R,11159,DNp71,R,2,LPLC2,DNp71,True,False,False
20269,LPLC2,R,11159,DNp71,R,2,LPLC2,DNp71,True,False,False
22261,LPLC2,R,11159,DNp71,R,2,LPLC2,DNp71,True,False,False
23878,LPLC2,R,11159,DNp71,R,2,LPLC2,DNp71,True,False,False
25267,LPLC2,R,11159,DNp71,R,2,LPLC2,DNp71,True,False,False
26393,LPLC2,R,11159,DNp71,R,2,LPLC2,DNp71,True,False,False
29598,LPLC2,R,11159,DNp71,R,2,LPLC2,DNp71,True,False,False
31964,LPLC2,R,11159,DNp71,R,2,LPLC2,DNp71,True,False,False
33396,LPLC2,R,11159,DNp71,R,2,LPLC2,DNp71,True,False,False
34110,LPLC2,R,11159,DNp71,R,2,LPLC2,DNp71,True,False,False
38542,LPLC2,R,11159,DNp71,R,2,LPLC2,DNp71,True,False,False
50287,LPLC2,R,11159,DNp71,R,2,LPLC2,DNp71,True,False,False
17860,LC4,R,11290,DNp66,R,2,LC4,DNp66,True,False,False
23792,LC4,R,11290,DNp66,R,2,LC4,DNp66,True,False,False
19589,LPLC2,R,11334,DNpe045,R,2,LPLC2,DNpe045,True,False,False
20269,LPLC2,R,11334,DNpe045,R,2,LPLC2,DNpe045,True,False,False
20471,LPLC2,R,11334,DNpe045,R,2,LPLC2,DNpe045,True,False,False
20535,LPLC2,R,11334,DNpe045,R,2,LPLC2,DNpe045,True,False,False
25497,LPLC2,R,11334,DNpe045,R,2,LPLC2,DNpe045,True,False,False
26915,LPLC2,R,11334,DNpe045,R,2,LPLC2,DNpe045,True,False,False
28741,LPLC2,R,11334,DNpe045,R,2,LPLC2,DNpe045,True,False,False
30938,LPLC2,R,11334,DNpe045,R,2,LPLC2,DNpe045,True,False,False
33185,LPLC2,R,11334,DNpe045,R,2,LPLC2,DNpe045,True,False,False
33396,LPLC2,R,11334,DNpe045,R,2,LPLC2,DNpe045,True,False,False
33694,LPLC2,R,11334,DNpe045,R,2,LPLC2,DNpe045,True,False,False
35632,LPLC2,R,11334,DNpe045,R,2,LPLC2,DNpe045,True,False,False
38542,LPLC2,R,11334,DNpe045,R,2,LPLC2,DNpe045,True,False,False
20917,LC4,R,11513,DNp07,R,2,LC4,DNp07,True,False,False
12032,LC4,L,11573,DNpe021,L,2,LC4,DNpe021,True,False,False
14888,LC4,L,11573,DNpe021,L,2,LC4,DNpe021,True,False,False
17340,LC4,L,11573,DNpe021,L,2,LC4,DNpe021,True,False,False
20440,LC4,L,11573,DNpe021,L,2,LC4,DNpe021,True,False,False
20859,LC4,L,11573,DNpe021,L,2,LC4,DNpe021,True,False,False
20967,LC4,L,11573,DNpe021,L,2,LC4,DNpe021,True,False,False
22922,LC4,L,11573,DNpe021,L,2,LC4,DNpe021,True,False,False
31429,LC4,L,11573,DNpe021,L,2,LC4,DNpe021,True,False,False
81112,LC4,L,11573,DNpe021,L,2,LC4,DNpe021,True,False,False
107513,LC4,L,11573,DNpe021,L,2,LC4,DNpe021,True,False,False
111787,LC4,L,11573,DNpe021,L,2,LC4,DNpe021,True,False,False
533129,LC4,L,11573,DNpe021,L,2,LC4,DNpe021,True,False,False
14465,LPLC2,R,11632,DNpe052,R,2,LPLC2,DNpe052,True,False,False
19034,LPLC2,R,11632,DNpe052,R,2,LPLC2,DNpe052,True,False,False
19549,LPLC2,R,11632,DNpe052,R,2,LPLC2,DNpe052,True,False,False
21703,LPLC2,R,11632,DNpe052,R,2,LPLC2,DNpe052,True,False,False
21769,LPLC2,R,11632,DNpe052,R,2,LPLC2,DNpe052,True,False,False
25316,LPLC2,R,11632,DNpe052,R,2,LPLC2,DNpe052,True,False,False
20103,LPLC2,R,12628,DNpe042,R,2,LPLC2,DNpe042,True,False,False
20162,LPLC2,R,12628,DNpe042,R,2,LPLC2,DNpe042,True,False,False
20694,LPLC2,R,12628,DNpe042,R,2,LPLC2,DNpe042,True,False,False
21562,LPLC2,R,12628,DNpe042,R,2,LPLC2,DNpe042,True,False,False
24800,LPLC2,R,12628,DNpe042,R,2,LPLC2,DNpe042,True,False,False
26147,LPLC2,R,12628,DNpe042,R,2,LPLC2,DNpe042,True,False,False
27471,LPLC2,R,12628,DNpe042,R,2,LPLC2,DNpe042,True,False,False
28741,LPLC2,R,12628,DNpe042,R,2,LPLC2,DNpe042,True,False,False
29014,LPLC2,R,12628,DNpe042,R,2,LPLC2,DNpe042,True,False,False
29598,LPLC2,R,12628,DNpe042,R,2,LPLC2,DNpe042,True,False,False
30041,LPLC2,R,12628,DNpe042,R,2,LPLC2,DNpe042,True,False,False
31257,LPLC2,R,12628,DNpe042,R,2,LPLC2,DNpe042,True,False,False
37431,LPLC2,R,12628,DNpe042,R,2,LPLC2,DNpe042,True,False,False
37613,LPLC2,R,12628,DNpe042,R,2,LPLC2,DNpe042,True,False,False
27023,LPLC2,L,33037,DNp69,L,2,LPLC2,DNp69,True,False,False
29469,LC4,L,33037,DNp69,L,2,LC4,DNp69,True,False,False
29514,LC4,L,33037,DNp69,L,2,LC4,DNp69,True,False,False
17478,LC4,L,519771,DNp71,L,2,LC4,DNp71,True,False,False
29955,LPLC2,L,519771,DNp71,L,2,LPLC2,DNp71,True,False,False
33965,LPLC2,L,519771,DNp71,L,2,LPLC2,DNp71,True,False,False
34655,LPLC2,L,519771,DNp71,L,2,LPLC2,DNp71,True,False,False
41097,LPLC2,L,519771,DNp71,L,2,LPLC2,DNp71,True,False,False
16917,LC4,L,524001,DNp05,L,2,LC4,DNp05,True,False,False
25572,LPLC2,L,524001,DNp05,L,2,LPLC2,DNp05,True,False,False
31429,LC4,L,524001,DNp05,L,2,LC4,DNp05,True,False,False
518016,LC4,L,524001,DNp05,L,2,LC4,DNp05,True,False,False
536444,LPLC2,L,524001,DNp05,L,2,LPLC2,DNp05,True,False,False
19260,LC4,R,536048,DNp27,L,2,LC4,DNp27,False,False,False
19842,LPLC2,R,536048,DNp27,L,2,LPLC2,DNp27,False,False,False
24568,LPLC2,L,536048,DNp27,L,2,LPLC2,DNp27,True,False,False
17364,LC4,R,575082,DNpe021,R,2,LC4,DNpe021,True,False,False
17548,LC4,R,575082,DNpe021,R,2,LC4,DNpe021,True,False,False
17860,LC4,R,575082,DNpe021,R,2,LC4,DNpe021,True,False,False
18929,LPLC2,R,575082,DNpe021,R,2,LPLC2,DNpe021,True,False,False
19549,LPLC2,R,575082,DNpe021,R,2,LPLC2,DNpe021,True,False,False
19634,LC4,R,575082,DNpe021,R,2,LC4,DNpe021,True,False,False
20016,LC4,R,575082,DNpe021,R,2,LC4,DNpe021,True,False,False
20162,LPLC2,R,575082,DNpe021,R,2,LPLC2,DNpe021,True,False,False
20542,LC4,R,575082,DNpe021,R,2,LC4,DNpe021,True,False,False
20694,LPLC2,R,575082,DNpe021,R,2,LPLC2,DNpe021,True,False,False
20917,LC4,R,575082,DNpe021,R,2,LC4,DNpe021,True,False,False
21165,LC4,R,575082,DNpe021,R,2,LC4,DNpe021,True,False,False
22966,LC4,R,575082,DNpe021,R,2,LC4,DNpe021,True,False,False
23878,LPLC2,R,575082,DNpe021,R,2,LPLC2,DNpe021,True,False,False
28945,LC4,R,575082,DNpe021,R,2,LC4,DNpe021,True,False,False
30480,LC4,R,575082,DNpe021,R,2,LC4,DNpe021,True,False,False
19249,LPLC2,R,10001,DNp01,R,1,LPLC2,DNp01,True,False,False
19549,LPLC2,R,10001,DNp01,R,1,LPLC2,DNp01,True,False,False
20859,LC4,L,10030,pIP1,L,1,LC4,pIP1,True,False,False
20967,LC4,L,10030,pIP1,L,1,LC4,pIP1,True,False,False
77614,LC4,L,10030,pIP1,L,1,LC4,pIP1,True,False,False
518983,LC4,L,10030,pIP1,L,1,LC4,pIP1,True,False,False
19260,LC4,R,10038,pIP1,R,1,LC4,pIP1,True,False,False
13764,LPLC2,L,10063,DNp27,R,1,LPLC2,DNp27,False,False,False
16628,LC4,R,10063,DNp27,R,1,LC4,DNp27,True,False,False
19543,LC4,R,10063,DNp27,R,1,LC4,DNp27,True,False,False
20584,LPLC2,R,10063,DNp27,R,1,LPLC2,DNp27,True,False,False
22253,LPLC2,L,10063,DNp27,R,1,LPLC2,DNp27,False,False,False
22328,LC4,R,10063,DNp27,R,1,LC4,DNp27,True,False,False
23202,LC4,L,10063,DNp27,R,1,LC4,DNp27,False,False,False
26528,LPLC2,L,10063,DNp27,R,1,LPLC2,DNp27,False,False,False
26730,LPLC2,R,10063,DNp27,R,1,LPLC2,DNp27,True,False,False
28188,LPLC2,L,10063,DNp27,R,1,LPLC2,DNp27,False,False,False
29183,LPLC2,R,10063,DNp27,R,1,LPLC2,DNp27,True,False,False
29815,LPLC2,L,10063,DNp27,R,1,LPLC2,DNp27,False,False,False
31563,LPLC2,L,10063,DNp27,R,1,LPLC2,DNp27,False,False,False
32507,LPLC2,R,10063,DNp27,R,1,LPLC2,DNp27,True,False,False
33694,LPLC2,R,10063,DNp27,R,1,LPLC2,DNp27,True,False,False
521115,LPLC2,L,10063,DNp27,R,1,LPLC2,DNp27,False,False,False
16628,LC4,R,10065,DNb05,R,1,LC4,DNb05,True,False,False
19420,LC4,R,10065,DNb05,R,1,LC4,DNb05,True,False,False
14102,LPLC2,L,10091,DNpe042,L,1,LPLC2,DNpe042,True,False,False
21299,LPLC2,L,10091,DNpe042,L,1,LPLC2,DNpe042,True,False,False
23349,LPLC2,L,10091,DNpe042,L,1,LPLC2,DNpe042,True,False,False
25027,LPLC2,L,10091,DNpe042,L,1,LPLC2,DNpe042,True,False,False
25136,LPLC2,L,10091,DNpe042,L,1,LPLC2,DNpe042,True,False,False
28188,LPLC2,L,10091,DNpe042,L,1,LPLC2,DNpe042,True,False,False
33303,LPLC2,L,10091,DNpe042,L,1,LPLC2,DNpe042,True,False,False
34051,LPLC2,L,10091,DNpe042,L,1,LPLC2,DNpe042,True,False,False
517078,LPLC2,L,10091,DNpe042,L,1,LPLC2,DNpe042,True,False,False
517819,LPLC2,L,10091,DNpe042,L,1,LPLC2,DNpe042,True,False,False
518439,LC4,L,10091,DNpe042,L,1,LC4,DNpe042,True,False,False
23590,LPLC2,R,10106,DNp11,R,1,LPLC2,DNp11,True,False,False
24118,LPLC2,R,10106,DNp11,R,1,LPLC2,DNp11,True,False,False
25253,LPLC2,R,10106,DNp11,R,1,LPLC2,DNp11,True,False,False
26147,LPLC2,R,10106,DNp11,R,1,LPLC2,DNp11,True,False,False
30938,LPLC2,R,10106,DNp11,R,1,LPLC2,DNp11,True,False,False
31964,LPLC2,R,10106,DNp11,R,1,LPLC2,DNp11,True,False,False
33185,LPLC2,R,10106,DNp11,R,1,LPLC2,DNp11,True,False,False
34372,LPLC2,R,10106,DNp11,R,1,LPLC2,DNp11,True,False,False
35889,LPLC2,R,10106,DNp11,R,1,LPLC2,DNp11,True,False,False
37431,LPLC2,R,10106,DNp11,R,1,LPLC2,DNp11,True,False,False
55627,LPLC2,R,10106,DNp11,R,1,LPLC2,DNp11,True,False,False
19842,LPLC2,R,10117,DNp02,R,1,LPLC2,DNp02,True,False,False
28044,LPLC2,R,10117,DNp02,R,1,LPLC2,DNp02,True,False,False
35889,LPLC2,R,10117,DNp02,R,1,LPLC2,DNp02,True,False,False
514508,LC4,L,10118,DNb05,L,1,LC4,DNb05,True,False,False
516909,LC4,L,10118,DNb05,L,1,LC4,DNb05,True,False,False
22975,LC4,R,10143,DNp30,L,1,LC4,DNp30,False,False,False
23929,LC4,R,10143,DNp30,L,1,LC4,DNp30,False,False,False
14030,LPLC2,L,10223,DNpe056,L,1,LPLC2,DNpe056,True,False,False
16917,LC4,L,10223,DNpe056,L,1,LC4,DNpe056,True,False,False
17990,LPLC2,L,10223,DNpe056,L,1,LPLC2,DNpe056,True,False,False
111903,LPLC2,L,10223,DNpe056,L,1,LPLC2,DNpe056,True,False,False
514670,LPLC2,L,10223,DNpe056,L,1,LPLC2,DNpe056,True,False,False
515476,LC4,L,10223,DNpe056,L,1,LC4,DNpe056,True,False,False
17775,LPLC2,L,10228,DNp06,L,1,LPLC2,DNp06,True,False,False
18936,LPLC2,L,10228,DNp06,L,1,LPLC2,DNp06,True,False,False
28188,LPLC2,L,10228,DNp06,L,1,LPLC2,DNp06,True,False,False
28980,LC4,L,10228,DNp06,L,1,LC4,DNp06,True,False,False
100103,LPLC2,L,10228,DNp06,L,1,LPLC2,DNp06,True,False,False
514670,LPLC2,L,10228,DNp06,L,1,LPLC2,DNp06,True,False,False
515971,LPLC2,L,10228,DNp06,L,1,LPLC2,DNp06,True,False,False
12824,LC4,L,10234,DNp35,L,1,LC4,DNp35,True,False,False
17775,LPLC2,L,10234,DNp35,L,1,LPLC2,DNp35,True,False,False
20967,LC4,L,10234,DNp35,L,1,LC4,DNp35,True,False,False
21721,LC4,L,10234,DNp35,L,1,LC4,DNp35,True,False,False
23919,LPLC2,L,10234,DNp35,L,1,LPLC2,DNp35,True,False,False
24568,LPLC2,L,10234,DNp35,L,1,LPLC2,DNp35,True,False,False
25572,LPLC2,L,10234,DNp35,L,1,LPLC2,DNp35,True,False,False
27023,LPLC2,L,10234,DNp35,L,1,LPLC2,DNp35,True,False,False
29417,LC4,L,10234,DNp35,L,1,LC4,DNp35,True,False,False
31563,LPLC2,L,10234,DNp35,L,1,LPLC2,DNp35,True,False,False
32237,LPLC2,L,10234,DNp35,L,1,LPLC2,DNp35,True,False,False
34051,LPLC2,L,10234,DNp35,L,1,LPLC2,DNp35,True,False,False
34655,LPLC2,L,10234,DNp35,L,1,LPLC2,DNp35,True,False,False
35262,LC4,L,10234,DNp35,L,1,LC4,DNp35,True,False,False
81112,LC4,L,10234,DNp35,L,1,LC4,DNp35,True,False,False
100103,LPLC2,L,10234,DNp35,L,1,LPLC2,DNp35,True,False,False
514508,LC4,L,10234,DNp35,L,1,LC4,DNp35,True,False,False
516909,LC4,L,10234,DNp35,L,1,LC4,DNp35,True,False,False
517819,LPLC2,L,10234,DNp35,L,1,LPLC2,DNp35,True,False,False
525844,LPLC2,L,10234,DNp35,L,1,LPLC2,DNp35,True,False,False
531014,LPLC2,L,10234,DNp35,L,1,LPLC2,DNp35,True,False,False
12384,LPLC2,L,10244,DNp55,L,1,LPLC2,DNp55,True,False,False
13132,LPLC2,L,10244,DNp55,L,1,LPLC2,DNp55,True,False,False
17059,LPLC2,L,10244,DNp55,L,1,LPLC2,DNp55,True,False,False
17880,LPLC2,L,10244,DNp55,L,1,LPLC2,DNp55,True,False,False
19787,LPLC2,L,10244,DNp55,L,1,LPLC2,DNp55,True,False,False
21361,LPLC2,L,10244,DNp55,L,1,LPLC2,DNp55,True,False,False
25286,LPLC2,L,10244,DNp55,L,1,LPLC2,DNp55,True,False,False
27796,LPLC2,L,10244,DNp55,L,1,LPLC2,DNp55,True,False,False
28188,LPLC2,L,10244,DNp55,L,1,LPLC2,DNp55,True,False,False
31105,LPLC2,L,10244,DNp55,L,1,LPLC2,DNp55,True,False,False
521115,LPLC2,L,10244,DNp55,L,1,LPLC2,DNp55,True,False,False
524366,LPLC2,L,10244,DNp55,L,1,LPLC2,DNp55,True,False,False
12824,LC4,L,10259,DNp11,L,1,LC4,DNp11,True,False,False
17544,LPLC2,L,10259,DNp11,L,1,LPLC2,DNp11,True,False,False
19911,LPLC2,L,10259,DNp11,L,1,LPLC2,DNp11,True,False,False
22253,LPLC2,L,10259,DNp11,L,1,LPLC2,DNp11,True,False,False
23665,LPLC2,L,10259,DNp11,L,1,LPLC2,DNp11,True,False,False
24308,LPLC2,L,10259,DNp11,L,1,LPLC2,DNp11,True,False,False
25027,LPLC2,L,10259,DNp11,L,1,LPLC2,DNp11,True,False,False
25136,LPLC2,L,10259,DNp11,L,1,LPLC2,DNp11,True,False,False
27023,LPLC2,L,10259,DNp11,L,1,LPLC2,DNp11,True,False,False
28188,LPLC2,L,10259,DNp11,L,1,LPLC2,DNp11,True,False,False
30895,LPLC2,L,10259,DNp11,L,1,LPLC2,DNp11,True,False,False
35294,LPLC2,L,10259,DNp11,L,1,LPLC2,DNp11,True,False,False
17668,LC4,R,10280,DNp47,R,1,LC4,DNp47,True,False,False
18127,LC4,R,10280,DNp47,R,1,LC4,DNp47,True,False,False
18189,LC4,R,10280,DNp47,R,1,LC4,DNp47,True,False,False
19954,LC4,R,10280,DNp47,R,1,LC4,DNp47,True,False,False
23392,LC4,R,10280,DNp47,R,1,LC4,DNp47,True,False,False
23590,LPLC2,R,10280,DNp47,R,1,LPLC2,DNp47,True,False,False
21225,LC4,R,10283,DNp103,R,1,LC4,DNp103,True,False,False
22194,LC4,R,10283,DNp103,R,1,LC4,DNp103,True,False,False
22975,LC4,R,10283,DNp103,R,1,LC4,DNp103,True,False,False
26112,LC4,R,10283,DNp103,R,1,LC4,DNp103,True,False,False
29563,LC4,R,10283,DNp103,R,1,LC4,DNp103,True,False,False
31262,LC4,R,10283,DNp103,R,1,LC4,DNp103,True,False,False
17551,LPLC2,R,10296,DNge054,R,1,LPLC2,DNge054,True,False,False
20584,LPLC2,R,10296,DNge054,R,1,LPLC2,DNge054,True,False,False
21225,LC4,R,10296,DNge054,R,1,LC4,DNge054,True,False,False
30938,LPLC2,R,10296,DNge054,R,1,LPLC2,DNge054,True,False,False
33396,LPLC2,R,10296,DNge054,R,1,LPLC2,DNge054,True,False,False
11498,LPLC2,L,10361,DNg40,L,1,LPLC2,DNg40,True,False,False
14030,LPLC2,L,10361,DNg40,L,1,LPLC2,DNg40,True,False,False
14888,LC4,L,10361,DNg40,L,1,LC4,DNg40,True,False,False
17653,LC4,L,10361,DNg40,L,1,LC4,DNg40,True,False,False
18900,LPLC2,L,10361,DNg40,L,1,LPLC2,DNg40,True,False,False
20440,LC4,L,10361,DNg40,L,1,LC4,DNg40,True,False,False
23202,LC4,L,10361,DNg40,L,1,LC4,DNg40,True,False,False
517078,LPLC2,L,10361,DNg40,L,1,LPLC2,DNg40,True,False,False
526286,LC4,L,10361,DNg40,L,1,LC4,DNg40,True,False,False
533129,LC4,L,10361,DNg40,L,1,LC4,DNg40,True,False,False
11498,LPLC2,L,10377,DNge054,L,1,LPLC2,DNge054,True,False,False
22253,LPLC2,L,10377,DNge054,L,1,LPLC2,DNge054,True,False,False
22557,LPLC2,L,10377,DNge054,L,1,LPLC2,DNge054,True,False,False
28188,LPLC2,L,10377,DNge054,L,1,LPLC2,DNge054,True,False,False
95241,LPLC2,L,10377,DNge054,L,1,LPLC2,DNge054,True,False,False
111903,LPLC2,L,10377,DNge054,L,1,LPLC2,DNge054,True,False,False
14888,LC4,L,10417,DNp103,L,1,LC4,DNp103,True,False,False
16809,LC4,L,10417,DNp103,L,1,LC4,DNp103,True,False,False
17270,LC4,L,10417,DNp103,L,1,LC4,DNp103,True,False,False
17608,LC4,L,10417,DNp103,L,1,LC4,DNp103,True,False,False
18432,LC4,L,10417,DNp103,L,1,LC4,DNp103,True,False,False
20572,LC4,L,10417,DNp103,L,1,LC4,DNp103,True,False,False
34845,LC4,L,10417,DNp103,L,1,LC4,DNp103,True,False,False
511914,LC4,L,10417,DNp103,L,1,LC4,DNp103,True,False,False
514956,LC4,L,10417,DNp103,L,1,LC4,DNp103,True,False,False
516909,LC4,L,10417,DNp103,L,1,LC4,DNp103,True,False,False
518544,LC4,L,10417,DNp103,L,1,LC4,DNp103,True,False,False
532254,LC4,L,10417,DNp103,L,1,LC4,DNp103,True,False,False
535341,LC4,L,10417,DNp103,L,1,LC4,DNp103,True,False,False
17340,LC4,L,10449,DNpe025,L,1,LC4,DNpe025,True,False,False
17478,LC4,L,10449,DNpe025,L,1,LC4,DNpe025,True,False,False
17653,LC4,L,10449,DNpe025,L,1,LC4,DNpe025,True,False,False
20799,LPLC2,L,10449,DNpe025,L,1,LPLC2,DNpe025,True,False,False
21721,LC4,L,10449,DNpe025,L,1,LC4,DNpe025,True,False,False
24568,LPLC2,L,10449,DNpe025,L,1,LPLC2,DNpe025,True,False,False
25136,LPLC2,L,10449,DNpe025,L,1,LPLC2,DNpe025,True,False,False
27355,LPLC2,L,10449,DNpe025,L,1,LPLC2,DNpe025,True,False,False
27796,LPLC2,L,10449,DNpe025,L,1,LPLC2,DNpe025,True,False,False
28011,LPLC2,L,10449,DNpe025,L,1,LPLC2,DNpe025,True,False,False
29469,LC4,L,10449,DNpe025,L,1,LC4,DNpe025,True,False,False
32237,LPLC2,L,10449,DNpe025,L,1,LPLC2,DNpe025,True,False,False
34845,LC4,L,10449,DNpe025,L,1,LC4,DNpe025,True,False,False
35262,LC4,L,10449,DNpe025,L,1,LC4,DNpe025,True,False,False
35616,LC4,L,10449,DNpe025,L,1,LC4,DNpe025,True,False,False
107513,LC4,L,10449,DNpe025,L,1,LC4,DNpe025,True,False,False
512705,LC4,L,10449,DNpe025,L,1,LC4,DNpe025,True,False,False
514508,LC4,L,10449,DNpe025,L,1,LC4,DNpe025,True,False,False
518016,LC4,L,10449,DNpe025,L,1,LC4,DNpe025,True,False,False
520449,LC4,L,10449,DNpe025,L,1,LC4,DNpe025,True,False,False
524366,LPLC2,L,10449,DNpe025,L,1,LPLC2,DNpe025,True,False,False
530029,LC4,L,10449,DNpe025,L,1,LC4,DNpe025,True,False,False
531014,LPLC2,L,10449,DNpe025,L,1,LPLC2,DNpe025,True,False,False
535341,LC4,L,10449,DNpe025,L,1,LC4,DNpe025,True,False,False
16138,LC4,R,10558,DNp35,R,1,LC4,DNp35,True,False,False
19420,LC4,R,10558,DNp35,R,1,LC4,DNp35,True,False,False
19634,LC4,R,10558,DNp35,R,1,LC4,DNp35,True,False,False
19954,LC4,R,10558,DNp35,R,1,LC4,DNp35,True,False,False
20269,LPLC2,R,10558,DNp35,R,1,LPLC2,DNp35,True,False,False
20282,LC4,R,10558,DNp35,R,1,LC4,DNp35,True,False,False
20673,LC4,R,10558,DNp35,R,1,LC4,DNp35,True,False,False
21313,LC4,R,10558,DNp35,R,1,LC4,DNp35,True,False,False
24187,LPLC2,R,10558,DNp35,R,1,LPLC2,DNp35,True,False,False
26393,LPLC2,R,10558,DNp35,R,1,LPLC2,DNp35,True,False,False
29014,LPLC2,R,10558,DNp35,R,1,LPLC2,DNp35,True,False,False
29287,LPLC2,R,10558,DNp35,R,1,LPLC2,DNp35,True,False,False
29563,LC4,R,10558,DNp35,R,1,LC4,DNp35,True,False,False
30938,LPLC2,R,10558,DNp35,R,1,LPLC2,DNp35,True,False,False
35680,LPLC2,R,10558,DNp35,R,1,LPLC2,DNp35,True,False,False
37925,LPLC2,R,10558,DNp35,R,1,LPLC2,DNp35,True,False,False
16809,LC4,L,10580,DNp70,L,1,LC4,DNp70,True,False,False
17059,LPLC2,L,10580,DNp70,L,1,LPLC2,DNp70,True,False,False
20859,LC4,L,10580,DNp70,L,1,LC4,DNp70,True,False,False
20967,LC4,L,10580,DNp70,L,1,LC4,DNp70,True,False,False
25575,LPLC2,L,10580,DNp70,L,1,LPLC2,DNp70,True,False,False
26528,LPLC2,L,10580,DNp70,L,1,LPLC2,DNp70,True,False,False
27750,LC4,L,10580,DNp70,L,1,LC4,DNp70,True,False,False
37587,LC4,L,10580,DNp70,L,1,LC4,DNp70,True,False,False
40811,LPLC2,L,10580,DNp70,L,1,LPLC2,DNp70,True,False,False
77614,LC4,L,10580,DNp70,L,1,LC4,DNp70,True,False,False
111787,LC4,L,10580,DNp70,L,1,LC4,DNp70,True,False,False
111903,LPLC2,L,10580,DNp70,L,1,LPLC2,DNp70,True,False,False
517079,LPLC2,L,10580,DNp70,L,1,LPLC2,DNp70,True,False,False
518439,LC4,L,10580,DNp70,L,1,LC4,DNp70,True,False,False
519931,LC4,L,10580,DNp70,L,1,LC4,DNp70,True,False,False
530029,LC4,L,10580,DNp70,L,1,LC4,DNp70,True,False,False
533895,LPLC2,L,10580,DNp70,L,1,LPLC2,DNp70,True,False,False
536444,LPLC2,L,10580,DNp70,L,1,LPLC2,DNp70,True,False,False
29014,LPLC2,R,10584,DNp06,R,1,LPLC2,DNp06,True,False,False
30480,LC4,R,10584,DNp06,R,1,LC4,DNp06,True,False,False
33185,LPLC2,R,10584,DNp06,R,1,LPLC2,DNp06,True,False,False
11498,LPLC2,L,10590,DNpe052,L,1,LPLC2,DNpe052,True,False,False
13726,LPLC2,L,10590,DNpe052,L,1,LPLC2,DNpe052,True,False,False
17059,LPLC2,L,10590,DNpe052,L,1,LPLC2,DNpe052,True,False,False
17544,LPLC2,L,10590,DNpe052,L,1,LPLC2,DNpe052,True,False,False
21361,LPLC2,L,10590,DNpe052,L,1,LPLC2,DNpe052,True,False,False
22253,LPLC2,L,10590,DNpe052,L,1,LPLC2,DNpe052,True,False,False
23247,LPLC2,L,10590,DNpe052,L,1,LPLC2,DNpe052,True,False,False
23665,LPLC2,L,10590,DNpe052,L,1,LPLC2,DNpe052,True,False,False
24840,LPLC2,L,10590,DNpe052,L,1,LPLC2,DNpe052,True,False,False
25854,LPLC2,L,10590,DNpe052,L,1,LPLC2,DNpe052,True,False,False
26528,LPLC2,L,10590,DNpe052,L,1,LPLC2,DNpe052,True,False,False
27023,LPLC2,L,10590,DNpe052,L,1,LPLC2,DNpe052,True,False,False
29753,LPLC2,L,10590,DNpe052,L,1,LPLC2,DNpe052,True,False,False
29815,LPLC2,L,10590,DNpe052,L,1,LPLC2,DNpe052,True,False,False
29955,LPLC2,L,10590,DNpe052,L,1,LPLC2,DNpe052,True,False,False
30895,LPLC2,L,10590,DNpe052,L,1,LPLC2,DNpe052,True,False,False
34407,LPLC2,L,10590,DNpe052,L,1,LPLC2,DNpe052,True,False,False
35294,LPLC2,L,10590,DNpe052,L,1,LPLC2,DNpe052,True,False,False
41097,LPLC2,L,10590,DNpe052,L,1,LPLC2,DNpe052,True,False,False
129687,LPLC2,L,10590,DNpe052,L,1,LPLC2,DNpe052,True,False,False
134521,LPLC2,L,10590,DNpe052,L,1,LPLC2,DNpe052,True,False,False
517079,LPLC2,L,10590,DNpe052,L,1,LPLC2,DNpe052,True,False,False
518731,LPLC2,L,10590,DNpe052,L,1,LPLC2,DNpe052,True,False,False
521115,LPLC2,L,10590,DNpe052,L,1,LPLC2,DNpe052,True,False,False
531014,LPLC2,L,10590,DNpe052,L,1,LPLC2,DNpe052,True,False,False
533895,LPLC2,L,10590,DNpe052,L,1,LPLC2,DNpe052,True,False,False
17266,LC4,R,10601,DNpe025,R,1,LC4,DNpe025,True,False,False
17926,LC4,R,10601,DNpe025,R,1,LC4,DNpe025,True,False,False
18189,LC4,R,10601,DNpe025,R,1,LC4,DNpe025,True,False,False
19260,LC4,R,10601,DNpe025,R,1,LC4,DNpe025,True,False,False
19954,LC4,R,10601,DNpe025,R,1,LC4,DNpe025,True,False,False
20182,LPLC2,R,10601,DNpe025,R,1,LPLC2,DNpe025,True,False,False
20282,LC4,R,10601,DNpe025,R,1,LC4,DNpe025,True,False,False
20673,LC4,R,10601,DNpe025,R,1,LC4,DNpe025,True,False,False
20808,LC4,R,10601,DNpe025,R,1,LC4,DNpe025,True,False,False
21336,LC4,R,10601,DNpe025,R,1,LC4,DNpe025,True,False,False
21562,LPLC2,R,10601,DNpe025,R,1,LPLC2,DNpe025,True,False,False
21769,LPLC2,R,10601,DNpe025,R,1,LPLC2,DNpe025,True,False,False
22194,LC4,R,10601,DNpe025,R,1,LC4,DNpe025,True,False,False
22966,LC4,R,10601,DNpe025,R,1,LC4,DNpe025,True,False,False
23392,LC4,R,10601,DNpe025,R,1,LC4,DNpe025,True,False,False
23878,LPLC2,R,10601,DNpe025,R,1,LPLC2,DNpe025,True,False,False
24118,LPLC2,R,10601,DNpe025,R,1,LPLC2,DNpe025,True,False,False
25584,LC4,R,10601,DNpe025,R,1,LC4,DNpe025,True,False,False
26112,LC4,R,10601,DNpe025,R,1,LC4,DNpe025,True,False,False
26915,LPLC2,R,10601,DNpe025,R,1,LPLC2,DNpe025,True,False,False
29391,LPLC2,R,10601,DNpe025,R,1,LPLC2,DNpe025,True,False,False
30041,LPLC2,R,10601,DNpe025,R,1,LPLC2,DNpe025,True,False,False
33396,LPLC2,R,10601,DNpe025,R,1,LPLC2,DNpe025,True,False,False
33439,LPLC2,R,10601,DNpe025,R,1,LPLC2,DNpe025,True,False,False
34110,LPLC2,R,10601,DNpe025,R,1,LPLC2,DNpe025,True,False,False
39620,LPLC2,R,10601,DNpe025,R,1,LPLC2,DNpe025,True,False,False
12824,LC4,L,10705,DNc02,L,1,LC4,DNc02,True,False,False
18478,LC4,L,10705,DNc02,L,1,LC4,DNc02,True,False,False
18432,LC4,L,10713,DNp42,L,1,LC4,DNp42,True,False,False
20859,LC4,L,10713,DNp42,L,1,LC4,DNp42,True,False,False
29417,LC4,L,10713,DNp42,L,1,LC4,DNp42,True,False,False
32597,LC4,L,10713,DNp42,L,1,LC4,DNp42,True,False,False
518544,LC4,L,10713,DNp42,L,1,LC4,DNp42,True,False,False
518983,LC4,L,10713,DNp42,L,1,LC4,DNp42,True,False,False
530029,LC4,L,10713,DNp42,L,1,LC4,DNp42,True,False,False
18672,LPLC2,R,10732,DNpe056,R,1,LPLC2,DNpe056,True,False,False
19589,LPLC2,R,10732,DNpe056,R,1,LPLC2,DNpe056,True,False,False
19842,LPLC2,R,10732,DNpe056,R,1,LPLC2,DNpe056,True,False,False
20749,LPLC2,R,10732,DNpe056,R,1,LPLC2,DNpe056,True,False,False
21769,LPLC2,R,10732,DNpe056,R,1,LPLC2,DNpe056,True,False,False
22677,LPLC2,R,10732,DNpe056,R,1,LPLC2,DNpe056,True,False,False
23392,LC4,R,10732,DNpe056,R,1,LC4,DNpe056,True,False,False
29753,LPLC2,L,10752,DNp03,L,1,LPLC2,DNp03,True,False,False
25209,LPLC2,L,10783,DNp09,L,1,LPLC2,DNp09,True,False,False
29702,LPLC2,L,10783,DNp09,L,1,LPLC2,DNp09,True,False,False
31563,LPLC2,L,10783,DNp09,L,1,LPLC2,DNp09,True,False,False
111903,LPLC2,L,10783,DNp09,L,1,LPLC2,DNp09,True,False,False
531014,LPLC2,L,10783,DNp09,L,1,LPLC2,DNp09,True,False,False
17364,LC4,R,10923,DNg40,R,1,LC4,DNg40,True,False,False
17548,LC4,R,10923,DNg40,R,1,LC4,DNg40,True,False,False
17926,LC4,R,10923,DNg40,R,1,LC4,DNg40,True,False,False
18672,LPLC2,R,10923,DNg40,R,1,LPLC2,DNg40,True,False,False
19549,LPLC2,R,10923,DNg40,R,1,LPLC2,DNg40,True,False,False
19634,LC4,R,10923,DNg40,R,1,LC4,DNg40,True,False,False
19842,LPLC2,R,10923,DNg40,R,1,LPLC2,DNg40,True,False,False
20584,LPLC2,R,10923,DNg40,R,1,LPLC2,DNg40,True,False,False
23098,LC4,R,10923,DNg40,R,1,LC4,DNg40,True,False,False
23392,LC4,R,10923,DNg40,R,1,LC4,DNg40,True,False,False
25267,LPLC2,R,10923,DNg40,R,1,LPLC2,DNg40,True,False,False
13764,LPLC2,L,10931,DNpe045,L,1,LPLC2,DNpe045,True,False,False
14888,LC4,L,10931,DNpe045,L,1,LC4,DNpe045,True,False,False
19830,LPLC2,L,10931,DNpe045,L,1,LPLC2,DNpe045,True,False,False
20799,LPLC2,L,10931,DNpe045,L,1,LPLC2,DNpe045,True,False,False
22253,LPLC2,L,10931,DNpe045,L,1,LPLC2,DNpe045,True,False,False
25027,LPLC2,L,10931,DNpe045,L,1,LPLC2,DNpe045,True,False,False
25136,LPLC2,L,10931,DNpe045,L,1,LPLC2,DNpe045,True,False,False
25286,LPLC2,L,10931,DNpe045,L,1,LPLC2,DNpe045,True,False,False
27796,LPLC2,L,10931,DNpe045,L,1,LPLC2,DNpe045,True,False,False
29319,LPLC2,L,10931,DNpe045,L,1,LPLC2,DNpe045,True,False,False
32237,LPLC2,L,10931,DNpe045,L,1,LPLC2,DNpe045,True,False,False
33406,LPLC2,L,10931,DNpe045,L,1,LPLC2,DNpe045,True,False,False
34845,LC4,L,10931,DNpe045,L,1,LC4,DNpe045,True,False,False
41097,LPLC2,L,10931,DNpe045,L,1,LPLC2,DNpe045,True,False,False
112292,LPLC2,L,10931,DNpe045,L,1,LPLC2,DNpe045,True,False,False
512366,LC4,L,10931,DNpe045,L,1,LC4,DNpe045,True,False,False
515971,LPLC2,L,10931,DNpe045,L,1,LPLC2,DNpe045,True,False,False
517752,LC4,L,10931,DNpe045,L,1,LC4,DNpe045,True,False,False
518731,LPLC2,L,10931,DNpe045,L,1,LPLC2,DNpe045,True,False,False
524366,LPLC2,L,10931,DNpe045,L,1,LPLC2,DNpe045,True,False,False
530029,LC4,L,10931,DNpe045,L,1,LC4,DNpe045,True,False,False
19954,LC4,R,10957,DNp69,R,1,LC4,DNp69,True,False,False
20673,LC4,R,10957,DNp69,R,1,LC4,DNp69,True,False,False
21804,LC4,R,10957,DNp69,R,1,LC4,DNp69,True,False,False
22328,LC4,R,10957,DNp69,R,1,LC4,DNp69,True,False,False
22847,LC4,R,10957,DNp69,R,1,LC4,DNp69,True,False,False
24338,LC4,R,10957,DNp69,R,1,LC4,DNp69,True,False,False
26393,LPLC2,R,10957,DNp69,R,1,LPLC2,DNp69,True,False,False
27566,LPLC2,R,10957,DNp69,R,1,LPLC2,DNp69,True,False,False
29287,LPLC2,R,10957,DNp69,R,1,LPLC2,DNp69,True,False,False
31964,LPLC2,R,10957,DNp69,R,1,LPLC2,DNp69,True,False,False
19608,LPLC2,R,11020,DNp05,R,1,LPLC2,DNp05,True,False,False
20103,LPLC2,R,11020,DNp05,R,1,LPLC2,DNp05,True,False,False
20182,LPLC2,R,11020,DNp05,R,1,LPLC2,DNp05,True,False,False
20269,LPLC2,R,11020,DNp05,R,1,LPLC2,DNp05,True,False,False
20808,LC4,R,11020,DNp05,R,1,LC4,DNp05,True,False,False
21769,LPLC2,R,11020,DNp05,R,1,LPLC2,DNp05,True,False,False
21804,LC4,R,11020,DNp05,R,1,LC4,DNp05,True,False,False
21862,LPLC2,R,11020,DNp05,R,1,LPLC2,DNp05,True,False,False
23497,LPLC2,R,11020,DNp05,R,1,LPLC2,DNp05,True,False,False
24187,LPLC2,R,11020,DNp05,R,1,LPLC2,DNp05,True,False,False
26393,LPLC2,R,11020,DNp05,R,1,LPLC2,DNp05,True,False,False
34372,LPLC2,R,11020,DNp05,R,1,LPLC2,DNp05,True,False,False
35889,LPLC2,R,11020,DNp05,R,1,LPLC2,DNp05,True,False,False
24308,LPLC2,L,11063,DNge032,L,1,LPLC2,DNge032,True,False,False
517078,LPLC2,L,11063,DNge032,L,1,LPLC2,DNge032,True,False,False
19549,LPLC2,R,11088,DNp55,R,1,LPLC2,DNp55,True,False,False
20047,LPLC2,R,11088,DNp55,R,1,LPLC2,DNp55,True,False,False
21769,LPLC2,R,11088,DNp55,R,1,LPLC2,DNp55,True,False,False
23497,LPLC2,R,11088,DNp55,R,1,LPLC2,DNp55,True,False,False
23590,LPLC2,R,11088,DNp55,R,1,LPLC2,DNp55,True,False,False
24401,LPLC2,R,11088,DNp55,R,1,LPLC2,DNp55,True,False,False
25253,LPLC2,R,11088,DNp55,R,1,LPLC2,DNp55,True,False,False
30041,LPLC2,R,11088,DNp55,R,1,LPLC2,DNp55,True,False,False
30207,LPLC2,R,11088,DNp55,R,1,LPLC2,DNp55,True,False,False
33439,LPLC2,R,11088,DNp55,R,1,LPLC2,DNp55,True,False,False
19260,LC4,R,11133,DNp70,R,1,LC4,DNp70,True,False,False
19549,LPLC2,R,11133,DNp70,R,1,LPLC2,DNp70,True,False,False
20047,LPLC2,R,11133,DNp70,R,1,LPLC2,DNp70,True,False,False
20269,LPLC2,R,11133,DNp70,R,1,LPLC2,DNp70,True,False,False
22966,LC4,R,11133,DNp70,R,1,LC4,DNp70,True,False,False
23919,LPLC2,L,11133,DNp70,R,1,LPLC2,DNp70,False,False,False
27566,LPLC2,R,11133,DNp70,R,1,LPLC2,DNp70,True,False,False
28741,LPLC2,R,11133,DNp70,R,1,LPLC2,DNp70,True,False,False
28871,LPLC2,R,11133,DNp70,R,1,LPLC2,DNp70,True,False,False
29287,LPLC2,R,11133,DNp70,R,1,LPLC2,DNp70,True,False,False
30480,LC4,R,11133,DNp70,R,1,LC4,DNp70,True,False,False
31988,LPLC2,R,11133,DNp70,R,1,LPLC2,DNp70,True,False,False
33185,LPLC2,R,11133,DNp70,R,1,LPLC2,DNp70,True,False,False
33439,LPLC2,R,11133,DNp70,R,1,LPLC2,DNp70,True,False,False
33694,LPLC2,R,11133,DNp70,R,1,LPLC2,DNp70,True,False,False
35680,LPLC2,R,11133,DNp70,R,1,LPLC2,DNp70,True,False,False
50287,LPLC2,R,11133,DNp70,R,1,LPLC2,DNp70,True,False,False
33396,LPLC2,R,11137,DNp04,R,1,LPLC2,DNp04,True,False,False
37925,LPLC2,R,11137,DNp04,R,1,LPLC2,DNp04,True,False,False
38542,LPLC2,R,11137,DNp04,R,1,LPLC2,DNp04,True,False,False
55627,LPLC2,R,11137,DNp04,R,1,LPLC2,DNp04,True,False,False
20162,LPLC2,R,11159,DNp71,R,1,LPLC2,DNp71,True,False,False
20182,LPLC2,R,11159,DNp71,R,1,LPLC2,DNp71,True,False,False
20535,LPLC2,R,11159,DNp71,R,1,LPLC2,DNp71,True,False,False
21562,LPLC2,R,11159,DNp71,R,1,LPLC2,DNp71,True,False,False
21703,LPLC2,R,11159,DNp71,R,1,LPLC2,DNp71,True,False,False
21899,LPLC2,R,11159,DNp71,R,1,LPLC2,DNp71,True,False,False
24118,LPLC2,R,11159,DNp71,R,1,LPLC2,DNp71,True,False,False
25253,LPLC2,R,11159,DNp71,R,1,LPLC2,DNp71,True,False,False
28003,LPLC2,R,11159,DNp71,R,1,LPLC2,DNp71,True,False,False
28741,LPLC2,R,11159,DNp71,R,1,LPLC2,DNp71,True,False,False
28871,LPLC2,R,11159,DNp71,R,1,LPLC2,DNp71,True,False,False
29014,LPLC2,R,11159,DNp71,R,1,LPLC2,DNp71,True,False,False
29216,LPLC2,R,11159,DNp71,R,1,LPLC2,DNp71,True,False,False
29287,LPLC2,R,11159,DNp71,R,1,LPLC2,DNp71,True,False,False
32507,LPLC2,R,11159,DNp71,R,1,LPLC2,DNp71,True,False,False
24187,LPLC2,R,11177,DNp09,R,1,LPLC2,DNp09,True,False,False
29391,LPLC2,R,11177,DNp09,R,1,LPLC2,DNp09,True,False,False
35632,LPLC2,R,11177,DNp09,R,1,LPLC2,DNp09,True,False,False
17266,LC4,R,11290,DNp66,R,1,LC4,DNp66,True,False,False
17364,LC4,R,11290,DNp66,R,1,LC4,DNp66,True,False,False
19034,LPLC2,R,11334,DNpe045,R,1,LPLC2,DNpe045,True,False,False
19549,LPLC2,R,11334,DNpe045,R,1,LPLC2,DNpe045,True,False,False
19608,LPLC2,R,11334,DNpe045,R,1,LPLC2,DNpe045,True,False,False
20047,LPLC2,R,11334,DNpe045,R,1,LPLC2,DNpe045,True,False,False
20182,LPLC2,R,11334,DNpe045,R,1,LPLC2,DNpe045,True,False,False
20749,LPLC2,R,11334,DNpe045,R,1,LPLC2,DNpe045,True,False,False
21287,LC4,R,11334,DNpe045,R,1,LC4,DNpe045,True,False,False
21313,LC4,R,11334,DNpe045,R,1,LC4,DNpe045,True,False,False
21899,LPLC2,R,11334,DNpe045,R,1,LPLC2,DNpe045,True,False,False
22218,LPLC2,R,11334,DNpe045,R,1,LPLC2,DNpe045,True,False,False
23497,LPLC2,R,11334,DNpe045,R,1,LPLC2,DNpe045,True,False,False
24401,LPLC2,R,11334,DNpe045,R,1,LPLC2,DNpe045,True,False,False
24800,LPLC2,R,11334,DNpe045,R,1,LPLC2,DNpe045,True,False,False
25511,LPLC2,R,11334,DNpe045,R,1,LPLC2,DNpe045,True,False,False
27471,LPLC2,R,11334,DNpe045,R,1,LPLC2,DNpe045,True,False,False
28044,LPLC2,R,11334,DNpe045,R,1,LPLC2,DNpe045,True,False,False
29986,LPLC2,R,11334,DNpe045,R,1,LPLC2,DNpe045,True,False,False
30207,LPLC2,R,11334,DNpe045,R,1,LPLC2,DNpe045,True,False,False
31964,LPLC2,R,11334,DNpe045,R,1,LPLC2,DNpe045,True,False,False
35680,LPLC2,R,11334,DNpe045,R,1,LPLC2,DNpe045,True,False,False
50287,LPLC2,R,11334,DNpe045,R,1,LPLC2,DNpe045,True,False,False
16128,LC4,R,11513,DNp07,R,1,LC4,DNp07,True,False,False
17266,LC4,R,11513,DNp07,R,1,LC4,DNp07,True,False,False
16809,LC4,L,11573,DNpe021,L,1,LC4,DNpe021,True,False,False
23202,LC4,L,11573,DNpe021,L,1,LC4,DNpe021,True,False,False
27829,LC4,L,11573,DNpe021,L,1,LC4,DNpe021,True,False,False
28980,LC4,L,11573,DNpe021,L,1,LC4,DNpe021,True,False,False
31301,LC4,L,11573,DNpe021,L,1,LC4,DNpe021,True,False,False
31308,LC4,L,11573,DNpe021,L,1,LC4,DNpe021,True,False,False
32597,LC4,L,11573,DNpe021,L,1,LC4,DNpe021,True,False,False
35262,LC4,L,11573,DNpe021,L,1,LC4,DNpe021,True,False,False
35616,LC4,L,11573,DNpe021,L,1,LC4,DNpe021,True,False,False
37587,LC4,L,11573,DNpe021,L,1,LC4,DNpe021,True,False,False
100485,LC4,L,11573,DNpe021,L,1,LC4,DNpe021,True,False,False
511914,LC4,L,11573,DNpe021,L,1,LC4,DNpe021,True,False,False
514508,LC4,L,11573,DNpe021,L,1,LC4,DNpe021,True,False,False
515900,LC4,L,11573,DNpe021,L,1,LC4,DNpe021,True,False,False
518016,LC4,L,11573,DNpe021,L,1,LC4,DNpe021,True,False,False
518439,LC4,L,11573,DNpe021,L,1,LC4,DNpe021,True,False,False
535341,LC4,L,11573,DNpe021,L,1,LC4,DNpe021,True,False,False
19249,LPLC2,R,11632,DNpe052,R,1,LPLC2,DNpe052,True,False,False
20162,LPLC2,R,11632,DNpe052,R,1,LPLC2,DNpe052,True,False,False
20584,LPLC2,R,11632,DNpe052,R,1,LPLC2,DNpe052,True,False,False
20694,LPLC2,R,11632,DNpe052,R,1,LPLC2,DNpe052,True,False,False
21045,LPLC2,R,11632,DNpe052,R,1,LPLC2,DNpe052,True,False,False
21318,LPLC2,R,11632,DNpe052,R,1,LPLC2,DNpe052,True,False,False
26730,LPLC2,R,11632,DNpe052,R,1,LPLC2,DNpe052,True,False,False
29391,LPLC2,R,11632,DNpe052,R,1,LPLC2,DNpe052,True,False,False
25209,LPLC2,L,12218,DNpe031,L,1,LPLC2,DNpe031,True,False,False
29753,LPLC2,L,12218,DNpe031,L,1,LPLC2,DNpe031,True,False,False
525844,LPLC2,L,12222,DNpe031,L,1,LPLC2,DNpe031,True,False,False
19034,LPLC2,R,12628,DNpe042,R,1,LPLC2,DNpe042,True,False,False
19229,LPLC2,R,12628,DNpe042,R,1,LPLC2,DNpe042,True,False,False
20182,LPLC2,R,12628,DNpe042,R,1,LPLC2,DNpe042,True,False,False
20334,LPLC2,R,12628,DNpe042,R,1,LPLC2,DNpe042,True,False,False
20749,LPLC2,R,12628,DNpe042,R,1,LPLC2,DNpe042,True,False,False
21318,LPLC2,R,12628,DNpe042,R,1,LPLC2,DNpe042,True,False,False
21769,LPLC2,R,12628,DNpe042,R,1,LPLC2,DNpe042,True,False,False
22218,LPLC2,R,12628,DNpe042,R,1,LPLC2,DNpe042,True,False,False
23497,LPLC2,R,12628,DNpe042,R,1,LPLC2,DNpe042,True,False,False
23590,LPLC2,R,12628,DNpe042,R,1,LPLC2,DNpe042,True,False,False
24118,LPLC2,R,12628,DNpe042,R,1,LPLC2,DNpe042,True,False,False
25497,LPLC2,R,12628,DNpe042,R,1,LPLC2,DNpe042,True,False,False
28871,LPLC2,R,12628,DNpe042,R,1,LPLC2,DNpe042,True,False,False
29873,LPLC2,R,12628,DNpe042,R,1,LPLC2,DNpe042,True,False,False
30207,LPLC2,R,12628,DNpe042,R,1,LPLC2,DNpe042,True,False,False
30938,LPLC2,R,12628,DNpe042,R,1,LPLC2,DNpe042,True,False,False
32507,LPLC2,R,12628,DNpe042,R,1,LPLC2,DNpe042,True,False,False
34110,LPLC2,R,12628,DNpe042,R,1,LPLC2,DNpe042,True,False,False
34681,LPLC2,R,12628,DNpe042,R,1,LPLC2,DNpe042,True,False,False
35632,LPLC2,R,12628,DNpe042,R,1,LPLC2,DNpe042,True,False,False
16917,LC4,L,33037,DNp69,L,1,LC4,DNp69,True,False,False
17340,LC4,L,33037,DNp69,L,1,LC4,DNp69,True,False,False
18432,LC4,L,33037,DNp69,L,1,LC4,DNp69,True,False,False
27624,LC4,L,33037,DNp69,L,1,LC4,DNp69,True,False,False
34845,LC4,L,33037,DNp69,L,1,LC4,DNp69,True,False,False
37587,LC4,L,33037,DNp69,L,1,LC4,DNp69,True,False,False
17860,LC4,R,506334,DNp42,R,1,LC4,DNp42,True,False,False
18189,LC4,R,506334,DNp42,R,1,LC4,DNp42,True,False,False
20588,LC4,R,506334,DNp42,R,1,LC4,DNp42,True,False,False
21287,LC4,R,506334,DNp42,R,1,LC4,DNp42,True,False,False
21361,LPLC2,L,519771,DNp71,L,1,LPLC2,DNp71,True,False,False
27399,LPLC2,L,519771,DNp71,L,1,LPLC2,DNp71,True,False,False
31105,LPLC2,L,519771,DNp71,L,1,LPLC2,DNp71,True,False,False
129687,LPLC2,L,519771,DNp71,L,1,LPLC2,DNp71,True,False,False
536444,LPLC2,L,519771,DNp71,L,1,LPLC2,DNp71,True,False,False
19911,LPLC2,L,522345,DNpe037,L,1,LPLC2,DNpe037,True,False,False
531014,LPLC2,L,522345,DNpe037,L,1,LPLC2,DNpe037,True,False,False
27355,LPLC2,L,524001,DNp05,L,1,LPLC2,DNp05,True,False,False
27399,LPLC2,L,524001,DNp05,L,1,LPLC2,DNp05,True,False,False
29469,LC4,L,524001,DNp05,L,1,LC4,DNp05,True,False,False
29702,LPLC2,L,524001,DNp05,L,1,LPLC2,DNp05,True,False,False
37587,LC4,L,524001,DNp05,L,1,LC4,DNp05,True,False,False
77614,LC4,L,524001,DNp05,L,1,LC4,DNp05,True,False,False
515476,LC4,L,524001,DNp05,L,1,LC4,DNp05,True,False,False
517078,LPLC2,L,524001,DNp05,L,1,LPLC2,DNp05,True,False,False
19787,LPLC2,L,536048,DNp27,L,1,LPLC2,DNp27,True,False,False
21151,LC4,R,536048,DNp27,L,1,LC4,DNp27,False,False,False
21299,LPLC2,L,536048,DNp27,L,1,LPLC2,DNp27,True,False,False
22557,LPLC2,L,536048,DNp27,L,1,LPLC2,DNp27,True,False,False
22677,LPLC2,R,536048,DNp27,L,1,LPLC2,DNp27,False,False,False
23098,LC4,R,536048,DNp27,L,1,LC4,DNp27,False,False,False
23226,LC4,L,536048,DNp27,L,1,LC4,DNp27,True,False,False
23919,LPLC2,L,536048,DNp27,L,1,LPLC2,DNp27,True,False,False
27023,LPLC2,L,536048,DNp27,L,1,LPLC2,DNp27,True,False,False
27355,LPLC2,L,536048,DNp27,L,1,LPLC2,DNp27,True,False,False
27399,LPLC2,L,536048,DNp27,L,1,LPLC2,DNp27,True,False,False
28011,LPLC2,L,536048,DNp27,L,1,LPLC2,DNp27,True,False,False
28188,LPLC2,L,536048,DNp27,L,1,LPLC2,DNp27,True,False,False
33965,LPLC2,L,536048,DNp27,L,1,LPLC2,DNp27,True,False,False
35294,LPLC2,L,536048,DNp27,L,1,LPLC2,DNp27,True,False,False
517819,LPLC2,L,536048,DNp27,L,1,LPLC2,DNp27,True,False,False
536444,LPLC2,L,536048,DNp27,L,1,LPLC2,DNp27,True,False,False
16628,LC4,R,575082,DNpe021,R,1,LC4,DNpe021,True,False,False
17054,LC4,R,575082,DNpe021,R,1,LC4,DNpe021,True,False,False
17668,LC4,R,575082,DNpe021,R,1,LC4,DNpe021,True,False,False
17926,LC4,R,575082,DNpe021,R,1,LC4,DNpe021,True,False,False
19034,LPLC2,R,575082,DNpe021,R,1,LPLC2,DNpe021,True,False,False
20047,LPLC2,R,575082,DNpe021,R,1,LPLC2,DNpe021,True,False,False
20535,LPLC2,R,575082,DNpe021,R,1,LPLC2,DNpe021,True,False,False
20749,LPLC2,R,575082,DNpe021,R,1,LPLC2,DNpe021,True,False,False
21225,LC4,R,575082,DNpe021,R,1,LC4,DNpe021,True,False,False
21313,LC4,R,575082,DNpe021,R,1,LC4,DNpe021,True,False,False
21318,LPLC2,R,575082,DNpe021,R,1,LPLC2,DNpe021,True,False,False
21336,LC4,R,575082,DNpe021,R,1,LC4,DNpe021,True,False,False
21899,LPLC2,R,575082,DNpe021,R,1,LPLC2,DNpe021,True,False,False
23098,LC4,R,575082,DNpe021,R,1,LC4,DNpe021,True,False,False
23792,LC4,R,575082,DNpe021,R,1,LC4,DNpe021,True,False,False
23929,LC4,R,575082,DNpe021,R,1,LC4,DNpe021,True,False,False
26112,LC4,R,575082,DNpe021,R,1,LC4,DNpe021,True,False,False
28003,LPLC2,R,575082,DNpe021,R,1,LPLC2,DNpe021,True,False,False
28871,LPLC2,R,575082,DNpe021,R,1,LPLC2,DNpe021,True,False,False
29563,LC4,R,575082,DNpe021,R,1,LC4,DNpe021,True,False,False
