intermediate_bodyId,intermediate_type,intermediate_side,LC4_input_weight,LPLC2_input_weight,total_visual_input_weight,total_incoming_weight,visual_input_share,output_weight_to_candidate_dns,num_downstream_candidate_dns,path_score_product,min_path_capacity,predicted_nt,predicted_nt_confidence,survives_w3,survives_w10
10074,PVLP010,L,1238,19,1257,19542.0,0.06432299662265889,1710,30,2149470,1257,glutamate,0.6151948465501277,True,True
10297,LHAD1g1,R,322,974,1296,29542.0,0.04386974477015774,1636,26,2120256,1296,gaba,0.8023775371779839,True,True
10147,LHAD1g1,L,233,1075,1308,26264.0,0.049802010356381356,1556,26,2035248,1308,gaba,0.8251751199406103,True,True
11677,PVLP151,R,347,2073,2420,10961.0,0.220782775294225,677,25,1638340,677,acetylcholine,0.9645674201527171,True,True
12275,PVLP151,L,435,2095,2530,9259.0,0.27324765093422615,645,23,1631850,645,acetylcholine,0.8991030091012537,True,True
16659,PVLP011,R,417,6983,7400,44912.0,0.16476665479159244,205,18,1517000,205,gaba,0.8404627793236956,True,True
523921,PVLP122,R,923,580,1503,8326.0,0.18051885659380254,1003,25,1507509,1003,acetylcholine,0.96167202764078,True,True
531985,PVLP010,R,938,13,951,19122.0,0.04973329149670536,1516,27,1441716,951,glutamate,0.6049111724290503,True,True
10992,PVLP122,L,979,363,1342,7578.0,0.17709158089205596,997,29,1337974,997,acetylcholine,0.9552597431537038,True,True
12215,PVLP122,R,1313,15,1328,9675.0,0.1372609819121447,966,26,1282848,966,acetylcholine,0.9639865854552393,True,True
11927,PVLP122,L,1248,3,1251,9480.0,0.1319620253164557,1004,27,1256004,1004,acetylcholine,0.9676638886005774,True,True
11826,PVLP151,R,350,1283,1633,8656.0,0.18865526802218113,700,27,1143100,700,acetylcholine,0.9623985009148077,True,True
10173,PVLP151,L,394,1320,1714,8872.0,0.19319206492335436,609,23,1043826,609,acetylcholine,0.9617031812209408,True,True
10867,PVLP076,R,4,758,762,13044.0,0.05841766329346826,1138,28,867156,762,acetylcholine,0.9581168632896625,True,True
16475,PVLP024,L,2651,28,2679,4172.0,0.6421380632790029,321,22,859959,321,gaba,0.8617317275639672,True,True
523564,PVLP011,L,594,4640,5234,,,139,16,727526,139,gaba,0.8418892919787313,True,True
555383,PVLP076,L,5,580,585,10983.0,0.05326413548210871,1041,24,608985,585,acetylcholine,0.9301798124339802,True,True
19454,PVLP024,R,2173,16,2189,3418.0,0.6404330017554125,255,21,558195,255,gaba,0.8655004567993698,True,True
530085,PVLP022,R,807,278,1085,4784.0,0.22679765886287626,499,26,541415,499,gaba,0.873355089752528,True,True
16459,PVLP024,R,2026,8,2034,3497.0,0.5816414069202174,222,19,451548,222,gaba,0.8827358195725109,True,True
12041,AVLP396,R,0,497,497,9890.0,0.05025278058645096,865,21,429905,497,acetylcholine,0.9416748726043863,True,True
13122,PVLP130,R,943,1401,2344,6428.0,0.3646546359676416,179,13,419576,179,gaba,0.8695302644888453,True,True
10145,PVLP130,L,1001,1200,2201,5820.0,0.3781786941580756,179,8,393979,179,gaba,0.8596009347069874,True,True
10780,AVLP396,L,3,425,428,8215.0,0.05209981740718198,912,17,390336,428,acetylcholine,0.9625841918656945,True,True
11895,PVLP022,L,804,273,1077,4876.0,0.2208777686628384,362,21,389874,362,gaba,0.873691386469614,True,True
527690,PVLP022,L,1167,323,1490,3861.0,0.3859103859103859,244,29,363560,244,gaba,0.849657090191552,True,True
17375,SAD064,L,466,14,480,1812.0,0.26490066225165565,545,14,261600,480,acetylcholine,0.9314365333352186,True,True
531899,AVLP452,L,856,2,858,4067.0,0.210966314236538,303,22,259974,303,acetylcholine,0.9347429975539172,True,True
12507,AVLP340,R,0,810,810,,,285,7,230850,285,acetylcholine,0.9446814806430058,True,True
25438,SAD064,L,340,40,380,2407.0,0.15787287079351892,592,16,224960,380,acetylcholine,0.9401877084310687,True,True
534040,PVLP015,R,541,142,683,10128.0,0.06743680884676145,329,19,224707,329,glutamate,0.7201674402881679,True,True
21342,CL323,L,362,216,578,2730.0,0.21172161172161172,372,22,215016,372,acetylcholine,0.9676405270691675,True,True
10943,AVLP531,R,9,3025,3034,,,70,12,212380,70,gaba,0.798070783020641,True,True
13794,PVLP021,R,1110,8,1118,3683.0,0.30355688297583494,180,22,201240,180,gaba,0.8631519006649535,True,True
527699,SAD064,R,454,22,476,1808.0,0.26327433628318586,417,14,198492,417,acetylcholine,0.9361320449970115,True,True
15665,SAD064,R,311,36,347,2338.0,0.1484174508126604,554,14,192238,347,acetylcholine,0.9520959783313615,True,True
10017,AMMC-A1,L,1992,35,2027,,,92,14,186484,92,unclear,0.4749889901606193,True,True
529031,GNG300,L,84,383,467,8772.0,0.05323757409940721,366,25,170922,366,gaba,0.8561895427087998,True,True
10146,AMMC-A1,R,2114,121,2235,,,76,9,169860,76,acetylcholine,0.5266557394938229,True,True
12870,AVLP500,R,5,1642,1647,,,97,10,159759,97,acetylcholine,0.9695968440061524,True,True
15994,CB3513,L,589,22,611,4461.0,0.13696480609728762,255,20,155805,255,gaba,0.845313577833457,True,True
519389,AVLP452,L,582,0,582,,,252,22,146664,252,acetylcholine,0.9067228134061512,True,True
10257,AMMC-A1,L,1821,31,1852,,,75,15,138900,75,acetylcholine,0.5931804647614707,True,True
526031,PVLP021,L,716,21,737,3514.0,0.2097324985771201,186,25,137082,186,gaba,0.8473104735836953,True,True
11191,AVLP340,L,1,424,425,5473.0,0.07765393751141969,321,8,136425,321,acetylcholine,0.9642890874998694,True,True
65991,PVLP021,L,912,2,914,3389.0,0.26969607553850694,148,26,135272,148,gaba,0.8581942676524303,True,True
10020,AMMC-A1,L,2239,85,2324,,,57,14,132468,57,unclear,0.4912820169458393,True,True
16445,PVLP123,R,16,173,189,3942.0,0.04794520547945205,697,25,131733,189,acetylcholine,0.9484722053701019,True,True
10263,GNG300,R,60,250,310,7777.0,0.039861128970039864,411,23,127410,310,gaba,0.8327103569609767,True,True
531983,AVLP452,R,546,2,548,3614.0,0.15163254012174876,229,20,125492,229,acetylcholine,0.9403332524235261,True,True
16482,PVLP123,L,60,101,161,3841.0,0.041916167664670656,778,25,125258,161,acetylcholine,0.9522830781671048,True,True
10609,PVLP120,L,148,492,640,16694.0,0.03833712711153708,185,17,118400,185,acetylcholine,0.9637588396038151,True,True
15815,PVLP021,R,697,6,703,3562.0,0.19736103312745648,160,21,112480,160,gaba,0.8707544151656119,True,True
11472,PVLP015,L,292,43,335,8185.0,0.04092852779474649,332,23,111220,332,glutamate,0.7196540293598763,True,True
30194,SAD013,L,95,150,245,9615.0,0.02548101924076963,424,18,103880,245,gaba,0.8604434258612136,True,True
521326,AVLP259,L,688,93,781,,,133,17,103873,133,acetylcholine,0.9645821332719962,True,True
16904,AVLP259,L,484,121,605,4887.0,0.12379783098015142,169,14,102245,169,acetylcholine,0.9648908114505886,True,True
18907,PVLP123,L,147,45,192,3120.0,0.06153846153846154,520,25,99840,192,acetylcholine,0.9538077824415204,True,True
11599,AVLP429,L,212,28,240,3395.0,0.07069219440353461,414,30,99360,240,acetylcholine,0.9687442422891067,True,True
85544,AVLP452,R,487,2,489,2913.0,0.1678681771369722,202,18,98778,202,acetylcholine,0.8915059513516251,True,True
10828,AVLP531,L,0,1610,1610,,,61,11,98210,61,gaba,0.812318355266578,True,True
10995,PVLP120,R,118,612,730,,,134,13,97820,134,acetylcholine,0.9665449088328063,True,True
13825,AVLP429,R,197,24,221,3621.0,0.06103286384976526,416,26,91936,221,acetylcholine,0.9636150473018529,True,True
12236,LC31b,R,187,303,490,5936.0,0.08254716981132075,186,10,91140,186,acetylcholine,0.9601125708385982,True,True
10887,IB114,R,208,393,601,7992.0,0.0752002002002002,147,17,88347,147,gaba,0.859500272036695,True,True
23112,PVLP074,R,0,409,409,,,212,10,86708,212,acetylcholine,0.9610471262455379,True,True
11697,AVLP500,L,3,1076,1079,,,79,13,85241,79,acetylcholine,0.9601657198017638,True,True
10936,LT61b,L,267,18,285,13212.0,0.021571298819255222,294,15,83790,285,acetylcholine,0.9544682190516605,True,True
71157,CB3513,L,682,36,718,,,116,25,83288,116,gaba,0.8751798658381322,True,True
11187,LoVP54,L,8,105,113,6169.0,0.018317393418706435,735,25,83055,113,acetylcholine,0.9676187768969475,True,True
17065,CB3513,R,673,43,716,,,114,21,81624,114,gaba,0.8516045935393561,True,True
532839,CL140,L,208,128,336,6031.0,0.055712153871663075,238,17,79968,238,gaba,0.8677979290578735,True,True
19951,CB3400,R,773,7,780,,,102,9,79560,102,acetylcholine,0.9709743112475346,True,True
76637,CL323,R,151,151,302,2202.0,0.1371480472297911,256,20,77312,256,acetylcholine,0.9622267815443784,True,True
30883,CL323,R,159,188,347,2230.0,0.1556053811659193,221,20,76687,221,acetylcholine,0.9626720976941199,True,True
16887,AVLP259,R,526,135,661,,,115,6,76015,115,acetylcholine,0.9678127601507327,True,True
16246,AVLP259,R,597,128,725,,,104,9,75400,104,acetylcholine,0.9628888814670729,True,True
12255,PVLP019,R,197,57,254,3124.0,0.08130601792573623,296,10,75184,254,gaba,0.8542274449368183,True,True
562991,LoVP85,L,302,20,322,4904.0,0.06566068515497553,233,15,75026,233,acetylcholine,0.9574949027814261,True,True
10480,MeVP53,R,179,2,181,4304.0,0.042053903345724904,399,7,72219,181,gaba,0.8648440398125334,True,True
15414,PVLP123,R,103,55,158,3253.0,0.048570550261297266,455,20,71890,158,acetylcholine,0.9629315816837357,True,True
12951,PVLP069,R,2,4196,4198,,,17,3,71366,17,acetylcholine,0.9697453677706588,True,True
11435,LoVP54,R,11,96,107,5893.0,0.01815713558459189,652,22,69764,107,acetylcholine,0.9544240355622882,True,True
11926,LoVP85,R,304,11,315,4879.0,0.06456241032998565,219,17,68985,219,acetylcholine,0.9524301666578195,True,True
12427,PVLP069,L,1,4857,4858,,,14,5,68012,14,acetylcholine,0.9669822719729776,True,True
527694,CL323,R,206,51,257,2142.0,0.11998132586367881,256,18,65792,256,acetylcholine,0.9397557401615704,True,True
14091,CB3544,L,267,6,273,2942.0,0.09279401767505098,238,23,64974,238,gaba,0.7690708862373942,True,True
16930,CB3513,R,348,33,381,3732.0,0.10209003215434084,170,21,64770,170,gaba,0.821131473605204,True,True
21548,AVLP094,R,154,0,154,1520.0,0.1013157894736842,420,16,64680,154,gaba,0.78627482260791,True,True
15068,PVLP019,L,275,0,275,,,233,9,64075,233,gaba,0.863144363877029,True,True
15733,CB3544,R,250,8,258,2694.0,0.0957683741648107,245,25,63210,245,gaba,0.779204502739837,True,True
517426,PVLP026,L,192,39,231,4502.0,0.051310528653931584,271,24,62601,231,gaba,0.8159132057064515,True,True
11252,PVLP017,L,20,305,325,12623.0,0.025746652935118436,192,19,62400,192,gaba,0.845664643967482,True,True
17939,PVLP046,R,176,4,180,1427.0,0.12613875262789068,344,12,61920,180,gaba,0.8884218719595253,True,True
514481,PVLP123,L,60,50,110,3218.0,0.03418272218769422,555,24,61050,110,acetylcholine,0.941502814540439,True,True
13114,SAD064,R,111,0,111,1619.0,0.06856084002470661,547,12,60717,111,acetylcholine,0.901318532368664,True,True
10277,AMMC-A1,R,1260,49,1309,,,46,8,60214,46,acetylcholine,0.508455292595084,True,True
17556,UNKNOWN,L,290,0,290,,,204,21,59160,204,acetylcholine,0.9444120180632112,True,True
12419,CL140,R,226,81,307,5633.0,0.054500266287946034,191,15,58637,191,gaba,0.8879552906401867,True,True
11883,PVLP017,R,42,288,330,14404.0,0.022910302693696195,171,17,56430,171,gaba,0.837807916079281,True,True
17284,UNKNOWN,R,296,4,300,2122.0,0.1413760603204524,187,21,56100,187,acetylcholine,0.9603016889260265,True,True
11727,AVLP258,R,12,448,460,,,118,11,54280,118,acetylcholine,0.9702432629738896,True,True
12184,PVLP122,R,42,6,48,9008.0,0.0053285968028419185,1097,28,52656,48,acetylcholine,0.9498177386311283,True,True
512121,CB1280,R,89,0,89,1225.0,0.07265306122448979,590,18,52510,89,acetylcholine,0.9624366616878086,True,True
21392,CB3400,L,646,17,663,,,79,10,52377,79,acetylcholine,0.9628760865080601,True,True
12395,IB114,L,208,152,360,7768.0,0.046343975283213185,145,17,52200,145,gaba,0.8640520789756103,True,True
10251,MeVP53,L,125,0,125,4191.0,0.02982581722739203,417,6,52125,125,gaba,0.8682032858533574,True,True
11794,LC31b,L,92,191,283,4489.0,0.06304299398529739,182,13,51506,182,acetylcholine,0.9431716187917388,True,True
22584,UNKNOWN,L,173,34,207,1870.0,0.11069518716577541,241,23,49887,207,acetylcholine,0.9676672912229547,True,True
532199,AMMC-A1,R,1341,57,1398,,,34,6,47532,34,acetylcholine,0.5368996227601669,True,True
11397,SAD013,R,103,15,118,9214.0,0.012806598654221837,402,19,47436,118,gaba,0.859589288949775,True,True
11018,AVLP258,L,3,348,351,,,135,12,47385,135,acetylcholine,0.9649974273407355,True,True
18340,WED125,L,287,0,287,,,160,16,45920,160,acetylcholine,0.9373407029798251,True,True
15597,UNKNOWN,L,228,4,232,2005.0,0.11571072319201996,195,19,45240,195,acetylcholine,0.9603225981275862,True,True
19658,PVLP074,L,6,200,206,2673.0,0.07706696595585484,215,18,44290,206,acetylcholine,0.9730458214750952,True,True
10728,WED116,L,164,0,164,,,269,21,44116,164,acetylcholine,0.8278126177695364,True,True
531648,UNKNOWN,R,939,525,1464,,,30,12,43920,30,acetylcholine,0.9407153382485561,True,True
202892,UNKNOWN,R,0,308,308,,,142,12,43736,142,acetylcholine,0.9714362448876234,True,True
11507,PLP211,R,9,70,79,5564.0,0.014198418404025881,518,47,40922,79,unclear,0.417853171243112,True,True
556303,CB1498,L,211,1,212,3254.0,0.06515058389674247,192,20,40704,192,acetylcholine,0.9500222853457378,True,True
33474,SAD049,R,57,30,87,3847.0,0.022615024694567196,462,14,40194,87,acetylcholine,0.9457714101946386,True,True
15052,PVLP100,L,172,0,172,,,233,21,40076,172,gaba,0.8365595788227895,True,True
21641,UNKNOWN,R,200,0,200,,,199,21,39800,199,acetylcholine,0.9594831551814419,True,True
23446,CB3201,L,390,3,393,,,101,10,39693,101,acetylcholine,0.9551381642138949,True,True
11303,PLP211,L,8,85,93,4888.0,0.01902618657937807,425,51,39525,93,unclear,0.4025682902497021,True,True
10115,AVLP016,L,57,1,58,42023.0,0.0013801965590271993,669,29,38802,58,glutamate,0.5680680661811779,True,True
14112,AVLP370_a,R,0,147,147,,,261,10,38367,147,acetylcholine,0.9439811467249456,True,True
17616,PVLP123,R,33,30,63,3649.0,0.017265004110715264,606,22,38178,63,acetylcholine,0.9607452371048925,True,True
588414,CB4163,L,0,254,254,,,148,14,37592,148,gaba,0.872553597733279,True,True
13600,CB2664,R,73,0,73,1380.0,0.05289855072463768,500,21,36500,73,acetylcholine,0.9690537837997493,True,True
17908,WED125,R,311,0,311,,,114,16,35454,114,acetylcholine,0.965307734999586,True,True
11378,CB1280,L,66,0,66,1892.0,0.03488372093023256,533,16,35178,66,acetylcholine,0.9254516816632299,True,True
521693,PVLP122,L,29,5,34,8374.0,0.004060186290900406,1023,28,34782,34,acetylcholine,0.9533382915510165,True,True
513904,SAD049,L,51,10,61,3581.0,0.017034347947500698,564,16,34404,61,acetylcholine,0.9640439808118888,True,True
519416,UNKNOWN,L,817,359,1176,,,29,11,34104,29,acetylcholine,0.9676548872556345,True,True
22309,CB3201,R,270,0,270,,,126,11,34020,126,acetylcholine,0.9572898153843605,True,True
20338,CB1498,R,163,2,165,3475.0,0.04748201438848921,201,22,33165,165,acetylcholine,0.952941043679453,True,True
15791,SAD064,L,50,0,50,2507.0,0.01994415636218588,656,11,32800,50,acetylcholine,0.9379238067636538,True,True
15890,PVLP071,R,7,919,926,,,35,8,32410,35,acetylcholine,0.9714445109839674,True,True
15861,PVLP026,R,134,18,152,4300.0,0.035348837209302326,210,18,31920,152,gaba,0.8126039882284019,True,True
12557,PLP093,L,123,0,123,,,254,15,31242,123,acetylcholine,0.9597827550970952,True,True
14106,CB2664,L,61,0,61,1637.0,0.03726328649969456,502,16,30622,61,acetylcholine,0.9137151438268614,True,True
12242,SAD055,R,66,0,66,1616.0,0.04084158415841584,459,18,30294,66,acetylcholine,0.9592939409343542,True,True
10082,AVLP016,R,58,0,58,48123.0,0.0012052448932942667,511,27,29638,58,glutamate,0.5396932532982424,True,True
12556,PLP093,R,99,10,109,5127.0,0.021259996099083283,269,12,29321,109,acetylcholine,0.9668241542022497,True,True
13648,PVLP150,R,0,157,157,,,181,9,28417,157,acetylcholine,0.9636517326785049,True,True
14586,LC31b,R,57,150,207,,,137,7,28359,137,acetylcholine,0.9516737502942917,True,True
22574,CB1852,L,0,367,367,,,77,11,28259,77,acetylcholine,0.9736633982483939,True,True
523626,PVLP071,L,5,891,896,,,31,5,27776,31,acetylcholine,0.9685988640878133,True,True
570458,AVLP176_d,L,0,69,69,3209.0,0.021502025553131816,374,16,25806,69,acetylcholine,0.9340108395516542,True,True
22212,PVLP111,R,1,1968,1969,,,13,7,25597,13,gaba,0.7535557127595831,True,True
556817,SAD023,L,186,2,188,,,135,10,25380,135,gaba,0.8664814258878462,True,True
19463,CB1688,R,0,114,114,,,217,13,24738,114,acetylcholine,0.9669723585350576,True,True
18628,UNKNOWN,L,1146,744,1890,,,13,7,24570,13,acetylcholine,0.9559805711468902,True,True
13274,SAD073,L,6,22,28,3531.0,0.007929764939110734,865,27,24220,28,gaba,0.8495327998903798,True,True
11440,PLP060,R,46,0,46,7664.0,0.0060020876826722335,508,15,23368,46,gaba,0.8780276537533747,True,True
10778,CL286,L,0,18,18,7249.0,0.0024831011173955028,1294,28,23292,18,acetylcholine,0.9557358745169228,True,True
11511,PLP034,R,192,3,195,,,119,12,23205,119,glutamate,0.7664747895416826,True,True
24410,CB1852,L,0,134,134,,,172,16,23048,134,acetylcholine,0.9708558258584246,True,True
29859,SAD023,R,144,44,188,,,122,9,22936,122,gaba,0.8489499282451519,True,True
11102,PVLP046,L,154,1,155,,,142,8,22010,142,gaba,0.8713853758238163,True,True
16554,PVLP071,R,1,991,992,,,21,5,20832,21,acetylcholine,0.9689798314497744,True,True
76505,UNKNOWN,R,744,527,1271,,,16,7,20336,16,acetylcholine,0.9589496911285893,True,True
10089,PLP034,L,113,0,113,,,179,14,20227,113,glutamate,0.7667451044886248,True,True
19756,CB1852,R,0,229,229,,,88,6,20152,88,acetylcholine,0.9686008763114319,True,True
22292,AVLP094,L,46,0,46,1167.0,0.03941730934018852,437,14,20102,46,gaba,0.7751768751397599,True,True
527536,UNKNOWN,R,1069,290,1359,,,14,4,19026,14,acetylcholine,0.9474266729552411,True,True
514764,PVLP141,R,726,29,755,,,25,5,18875,25,acetylcholine,0.947282577126571,True,True
19924,CB2664,L,63,0,63,1580.0,0.039873417721518985,296,17,18648,63,acetylcholine,0.949037076997936,True,True
34740,UNKNOWN,R,299,9,308,,,60,12,18480,60,acetylcholine,0.9501592204830548,True,True
25392,PVLP111,L,0,1664,1664,,,11,8,18304,11,gaba,0.7891326915302653,True,True
531682,CB1688,L,0,72,72,,,251,15,18072,72,acetylcholine,0.9537458868460328,True,True
16469,LPLC4,R,3,62,65,4736.0,0.013724662162162162,271,7,17615,65,acetylcholine,0.9648230365103398,True,True
516152,PVLP027,L,36,26,62,4557.0,0.013605442176870748,275,22,17050,62,gaba,0.8159507394519302,True,True
10172,AVLP080,L,0,20,20,38670.0,0.000517196793379881,852,23,17040,20,gaba,0.8235094618624758,True,True
19187,WED125,L,269,0,269,,,63,9,16947,63,acetylcholine,0.9591954392403609,True,True
10993,AVLP078,L,0,108,108,,,153,8,16524,108,glutamate,0.7790542634944013,True,True
13111,AVLP169,R,0,112,112,,,145,11,16240,112,acetylcholine,0.9250713360533466,True,True
12678,LC31b,L,44,117,161,,,99,9,15939,99,acetylcholine,0.950546686993942,True,True
524753,PVLP124,L,47,12,59,1915.0,0.03080939947780679,269,22,15871,59,acetylcholine,0.9338662651141971,True,True
530850,AVLP176_d,R,0,46,46,3445.0,0.013352685050798258,345,15,15870,46,acetylcholine,0.9480529345037176,True,True
524364,PVLP111,L,3,1296,1299,,,12,8,15588,12,gaba,0.7795155066966115,True,True
11812,LC31b,R,91,550,641,,,24,5,15384,24,acetylcholine,0.9683538005439384,True,True
31784,SAD023,R,118,54,172,,,86,8,14792,86,gaba,0.7938782535591501,True,True
11832,CL367,L,5,7,12,5085.0,0.002359882005899705,1213,29,14556,12,gaba,0.8428096784419312,True,True
18631,LPLC4,R,1,85,86,4073.0,0.0211146575006138,169,7,14534,86,acetylcholine,0.9610083933356925,True,True
27194,PVLP046,R,133,0,133,,,108,7,14364,108,gaba,0.8545426550722244,True,True
52559,CB4163,R,0,115,115,,,122,12,14030,115,gaba,0.8264233012507115,True,True
11017,PVLP093,R,33,386,419,,,33,11,13827,33,gaba,0.8840289538295496,True,True
18981,UNKNOWN,L,0,227,227,,,60,7,13620,60,acetylcholine,0.9099162656242995,True,True
10448,PVLP093,L,11,318,329,,,41,11,13489,41,gaba,0.8786754633545315,True,True
12957,LT61b,R,40,6,46,9819.0,0.004684794785619717,293,13,13478,46,acetylcholine,0.9594598274111621,True,True
12237,SAD055,L,33,0,33,2243.0,0.014712438698172091,405,19,13365,33,acetylcholine,0.8803651250943256,True,True
525958,PLP060,L,11,11,22,7612.0,0.002890173410404624,607,14,13354,22,gaba,0.8685339334210542,True,True
19202,LPLC4,R,2,86,88,4247.0,0.02072050859430186,150,7,13200,88,acetylcholine,0.8961920291064728,True,True
18275,CL128a,L,59,0,59,,,222,18,13098,59,gaba,0.8420665186260342,True,True
535044,CL128a,R,49,0,49,,,264,19,12936,49,gaba,0.8270161496439588,True,True
18079,LPLC4,R,0,67,67,,,193,7,12931,67,acetylcholine,0.9445858279413882,True,True
139381,CB4163,L,0,92,92,,,139,15,12788,92,gaba,0.8238499925362881,True,True
10100,LoVCLo3,R,9,88,97,,,131,43,12707,97,octopamine,0.8676259321331098,True,True
12145,LoVP53,R,21,42,63,3322.0,0.018964479229379893,201,15,12663,63,acetylcholine,0.9689421256880596,True,True
25839,AVLP176_d,R,0,40,40,3781.0,0.01057921184871727,314,17,12560,40,acetylcholine,0.9649266482766372,True,True
11272,PVLP062,L,8,4,12,4974.0,0.0024125452352231603,1046,29,12552,12,acetylcholine,0.9512937100694027,True,True
21026,CB2371,L,534,29,563,,,22,3,12386,22,acetylcholine,0.9692448307080019,True,True
38423,CB2940,L,38,19,57,2792.0,0.02041547277936963,211,16,12027,57,acetylcholine,0.9566599027047427,True,True
27620,CB1638,R,13,39,52,907.0,0.05733186328555678,230,14,11960,52,acetylcholine,0.9503498206559147,True,True
22620,AVLP176_d,L,0,43,43,,,277,15,11911,43,acetylcholine,0.9350813709598236,True,True
18895,LPLC4,R,1,78,79,3678.0,0.021479064709081022,149,7,11771,79,acetylcholine,0.9601180162685129,True,True
522472,LT82a,L,171,18,189,,,62,5,11718,62,acetylcholine,0.9582517827159643,True,True
18687,CB3019,R,0,31,31,4109.0,0.007544414699440253,377,17,11687,31,acetylcholine,0.9450886121512819,True,True
11545,LoVP53,L,16,45,61,3420.0,0.01783625730994152,187,9,11407,61,acetylcholine,0.9669405536079361,True,True
92244,UNKNOWN,UNKNOWN,2,1421,1423,,,8,4,11384,8,gaba,0.8789046453976623,True,False
15261,CB2664,R,46,0,46,,,247,14,11362,46,acetylcholine,0.9699559230777467,True,True
17404,AVLP202,R,35,2,37,3502.0,0.0105653912050257,307,21,11359,37,gaba,0.7483107150626099,True,True
16438,PVLP071,L,2,662,664,,,17,4,11288,17,acetylcholine,0.9640269561160072,True,True
23756,PVLP111,R,2,1403,1405,,,8,6,11240,8,gaba,0.7813126299076749,True,False
20143,CB4102,L,62,9,71,2431.0,0.029206088029617442,158,14,11218,71,acetylcholine,0.9702073789260276,True,True
531583,WED104,R,0,38,38,8322.0,0.0045662100456621,294,14,11172,38,gaba,0.7704449401661708,True,True
80085,CL022_b,L,11,27,38,2767.0,0.013733285146367907,294,21,11172,38,acetylcholine,0.9612228070181611,True,True
20210,LPLC4,R,3,68,71,3698.0,0.01919956733369389,155,7,11005,71,acetylcholine,0.9561894403057725,True,True
12444,AVLP592,R,0,81,81,,,133,17,10773,81,acetylcholine,0.965308450937498,True,True
10879,AVLP076,R,0,9,9,40399.0,0.0002227777915294933,1194,24,10746,9,gaba,0.7962020416900281,True,False
21568,AVLP080,R,0,11,11,38096.0,0.0002887442251154977,962,20,10582,11,gaba,0.8228441739592474,True,True
556033,UNKNOWN,UNKNOWN,155,395,550,,,19,5,10450,19,gaba,0.8841423875867901,True,True
34246,PVLP066,R,213,4,217,,,48,12,10416,48,acetylcholine,0.9671220416187384,True,True
19977,PVLP074,L,0,90,90,,,115,9,10350,90,acetylcholine,0.9747326673375373,True,True
13876,AVLP430,L,219,68,287,,,36,13,10332,36,acetylcholine,0.9686151865631348,True,True
11108,CL286,R,1,7,8,6634.0,0.0012059089538739825,1283,30,10264,8,acetylcholine,0.9648603529321069,True,False
20801,LPLC4,R,1,61,62,4341.0,0.01428242340474545,165,6,10230,62,acetylcholine,0.9479089679541555,True,True
33211,PVLP111,L,2,779,781,,,13,6,10153,13,gaba,0.8234540385042161,True,True
21159,LPLC4,R,1,60,61,3589.0,0.01699637782112009,164,6,10004,61,acetylcholine,0.9384362558520339,True,True
11219,LT82a,L,158,20,178,,,56,7,9968,56,acetylcholine,0.9621216258290738,True,True
17302,LPLC4,R,0,49,49,,,203,6,9947,49,acetylcholine,0.9578248291019545,True,True
18648,PVLP100,R,64,0,64,,,155,19,9920,64,gaba,0.8313243525180773,True,True
52691,CB4162,R,1,113,114,,,87,12,9918,87,gaba,0.8437017481829437,True,True
15935,LPLC4,L,3,63,66,3324.0,0.019855595667870037,148,6,9768,66,acetylcholine,0.9623923428660356,True,True
13036,AVLP370_a,L,0,61,61,,,160,9,9760,61,acetylcholine,0.9654306181474093,True,True
19050,LPLC4,R,5,48,53,3483.0,0.015216767154751652,184,8,9752,53,acetylcholine,0.959894654125871,True,True
95237,PVLP111,L,10,1355,1365,,,7,3,9555,7,gaba,0.8270879609191782,True,False
520792,WED104,L,4,45,49,7343.0,0.00667302192564347,195,17,9555,49,gaba,0.8481924877275007,True,True
13405,CB4179,L,34,2,36,1124.0,0.03202846975088968,264,13,9504,36,gaba,0.8830926902437389,True,True
20434,PVLP046,L,88,0,88,,,107,7,9416,88,gaba,0.861090971809946,True,True
19599,LPLC4,R,0,52,52,,,181,6,9412,52,acetylcholine,0.9447256331515306,True,True
29523,CB1638,R,0,52,52,,,180,16,9360,52,acetylcholine,0.9383308324038526,True,True
33761,PLP150,R,174,0,174,,,53,9,9222,53,acetylcholine,0.9323804708695099,True,True
20175,LPLC4,R,3,70,73,,,126,6,9198,73,acetylcholine,0.9425740554649996,True,True
17993,LPLC4,L,1,53,54,3144.0,0.01717557251908397,169,6,9126,54,acetylcholine,0.925514312495619,True,True
23664,LPLC4,R,2,55,57,3003.0,0.01898101898101898,160,5,9120,57,acetylcholine,0.962556003994428,True,True
11118,PVLP137,L,565,136,701,,,13,10,9113,13,acetylcholine,0.961406305554867,True,True
147605,UNKNOWN,UNKNOWN,5,988,993,,,9,5,8937,9,gaba,0.8817557108359966,True,False
11043,LPT60,L,352,14,366,,,24,11,8784,24,acetylcholine,0.9568246264036326,True,True
520604,PLP150,L,151,0,151,,,58,8,8758,58,acetylcholine,0.940344263009317,True,True
14033,PVLP150,L,0,42,42,,,206,10,8652,42,acetylcholine,0.972505999922075,True,True
31006,LC23,R,48,6,54,3183.0,0.016965127238454288,158,12,8532,54,acetylcholine,0.9538424186153099,True,True
18605,LPLC4,R,0,41,41,,,206,5,8446,41,acetylcholine,0.9424307105541414,True,True
72379,CB4102,L,106,0,106,,,79,8,8374,79,acetylcholine,0.9710099730204236,True,True
10373,PVLP141,L,813,17,830,,,10,2,8300,10,acetylcholine,0.9379583593236995,True,True
24411,PVLP124,R,23,16,39,1841.0,0.021184139054861488,212,19,8268,39,acetylcholine,0.9692432706326409,True,True
18977,CB4163,R,15,30,45,1619.0,0.027794935145151328,182,11,8190,45,gaba,0.8572967638165172,True,True
17831,LPLC4,R,0,55,55,,,148,7,8140,55,acetylcholine,0.9441627558835589,True,True
13919,CL022_b,R,14,26,40,2524.0,0.01584786053882726,203,15,8120,40,acetylcholine,0.9582835201060222,True,True
14168,CB1932,L,188,0,188,,,43,10,8084,43,acetylcholine,0.956472086905853,True,True
521627,LC31b,L,71,399,470,,,17,6,7990,17,acetylcholine,0.9407134399352907,True,True
524502,CB4163,L,0,47,47,,,166,19,7802,47,gaba,0.8340204912398985,True,True
18314,LPLC4,R,1,39,40,3085.0,0.012965964343598054,194,6,7760,40,acetylcholine,0.9364617105564017,True,True
519413,PLP029,L,310,0,310,,,25,6,7750,25,glutamate,0.7338977179709811,True,True
23056,PVLP111,L,0,1535,1535,,,5,3,7675,5,gaba,0.8099205323001266,True,False
16855,CB1932,R,153,0,153,,,50,7,7650,50,acetylcholine,0.9665152447000738,True,True
11125,AVLP610,R,70,2,72,,,106,26,7632,72,dopamine,0.575824372731035,True,True
10102,MeVC25,R,307,329,636,,,12,6,7632,12,glutamate,0.812392488799752,True,True
30276,LPLC4,L,0,64,64,,,119,7,7616,64,acetylcholine,0.9629132264305591,True,True
38037,PLP018,L,24,1,25,4432.0,0.005640794223826715,303,16,7575,25,gaba,0.8706881939318624,True,True
10432,LoVCLo3,L,17,71,88,,,86,30,7568,86,octopamine,0.8684641268836014,True,True
524089,LPLC4,L,1,42,43,3210.0,0.01339563862928349,176,5,7568,43,acetylcholine,0.928878249468782,True,True
17677,LPLC4,R,1,46,47,3898.0,0.012057465366854798,161,7,7567,47,acetylcholine,0.9593687054179356,True,True
21352,LPLC4,R,0,47,47,,,161,6,7567,47,acetylcholine,0.9564955263969286,True,True
29335,LPLC4,R,1,59,60,,,125,8,7500,60,acetylcholine,0.962556003994428,True,True
15173,AVLP711m,R,24,190,214,,,35,11,7490,35,acetylcholine,0.9608010377641545,True,True
26059,LPLC4,R,1,47,48,2991.0,0.0160481444332999,154,6,7392,48,acetylcholine,0.957052804113029,True,True
13953,AVLP430,R,215,77,292,,,25,6,7300,25,acetylcholine,0.9630368284441448,True,True
19302,UNKNOWN,L,625,410,1035,,,7,4,7245,7,acetylcholine,0.9632500485109743,True,False
16474,LT60,R,293,8,301,,,24,8,7224,24,acetylcholine,0.943654587631339,True,True
18918,LPLC4,L,1,38,39,2931.0,0.01330603889457523,184,6,7176,39,acetylcholine,0.9531169947288729,True,True
23147,PVLP111,R,1,1430,1431,,,5,4,7155,5,gaba,0.7760095889508877,True,False
18155,LPLC4,L,2,41,43,3057.0,0.014066077854105331,166,6,7138,43,acetylcholine,0.9698014005280273,True,True
18282,LPLC4,R,0,45,45,,,158,6,7110,45,acetylcholine,0.9667188709402041,True,True
14861,WED060,R,14,24,38,2795.0,0.013595706618962432,186,14,7068,38,acetylcholine,0.9694724136653218,True,True
12110,PLP029,R,252,0,252,,,28,8,7056,28,glutamate,0.7315490839571,True,True
11361,CL367,R,6,0,6,4719.0,0.0012714558169103624,1173,31,7038,6,gaba,0.8274521553690798,True,False
522346,PVLP013,L,23,34,57,,,123,13,7011,57,acetylcholine,0.9295490663675477,True,True
10386,PVLP031,L,36,1,37,2820.0,0.013120567375886525,189,27,6993,37,gaba,0.7656511449699439,True,True
11005,OA-VUMa4,M,2,79,81,,,86,35,6966,81,octopamine,0.8744091723489321,True,True
18943,LPLC4,R,0,32,32,,,211,7,6752,32,acetylcholine,0.9601991132193027,True,True
18739,CB1852,L,0,95,95,,,70,8,6650,70,acetylcholine,0.9680624850714047,True,True
23237,LPLC4,L,2,40,42,3007.0,0.013967409378117725,158,6,6636,42,acetylcholine,0.958185033175147,True,True
18090,CB4180,R,27,2,29,2419.0,0.011988424968995453,224,10,6496,29,gaba,0.8223542613200054,True,True
23394,LPLC4,L,2,43,45,2417.0,0.018618121638394703,144,7,6480,45,acetylcholine,0.9612248485013051,True,True
535397,LPLC4,L,0,54,54,,,120,7,6480,54,acetylcholine,0.9429955166217261,True,True
12129,SAD053,R,9,0,9,3696.0,0.002435064935064935,714,22,6426,9,acetylcholine,0.9634307189659213,True,False
21738,LPLC4,L,1,44,45,,,142,8,6390,45,acetylcholine,0.9669334021182063,True,True
518588,LPLC4,L,1,37,38,3523.0,0.010786261708770934,167,5,6346,38,acetylcholine,0.9580396077234352,True,True
523672,AVLP078,R,0,62,62,,,101,5,6262,62,glutamate,0.7846618979139538,True,True
516980,CB0414,L,24,15,39,2317.0,0.01683211048769961,158,10,6162,39,gaba,0.8269847607510974,True,True
91616,LPLC4,L,0,30,30,,,203,5,6090,30,acetylcholine,0.9703468768300049,True,True
18970,LPLC4,R,1,37,38,3355.0,0.011326378539493294,160,6,6080,38,acetylcholine,0.9484623338983467,True,True
20914,LPLC4,L,1,35,36,2364.0,0.015228426395939087,167,9,6012,36,acetylcholine,0.9210441889294787,True,True
18661,LPLC4,R,0,30,30,,,200,5,6000,30,acetylcholine,0.9455264703994153,True,True
29889,PVLP064,R,207,6,213,,,28,8,5964,28,acetylcholine,0.9099938311602752,True,True
26167,LPLC4,R,1,47,48,,,123,9,5904,48,acetylcholine,0.967052599673452,True,True
15718,WED072,L,2,10,12,3032.0,0.00395778364116095,491,20,5892,12,acetylcholine,0.9640292912567046,True,True
21483,LPLC4,R,0,34,34,,,172,5,5848,34,acetylcholine,0.9411648589140484,True,True
13286,AVLP479,R,2,1454,1456,,,4,2,5824,4,gaba,0.7775581983918142,True,False
119838,CB4102,L,61,0,61,,,95,10,5795,61,acetylcholine,0.9591616094681149,True,True
10801,LPLC4,L,0,42,42,,,136,7,5712,42,acetylcholine,0.9551290156482315,True,True
534038,PVLP062,R,3,3,6,5894.0,0.0010179843909060061,948,30,5688,6,acetylcholine,0.9415232345814646,True,False
19580,LPLC4,R,0,39,39,,,144,6,5616,39,acetylcholine,0.9517024381032597,True,True
20138,CB2254,R,8,21,29,2260.0,0.012831858407079646,192,12,5568,29,gaba,0.7990196896547038,True,True
18145,LPLC4,L,0,41,41,,,135,4,5535,41,acetylcholine,0.9531953390948686,True,True
23115,LPLC4,R,1,60,61,,,90,6,5490,61,acetylcholine,0.9589778988541968,True,True
10105,MeVC25,L,242,256,498,,,11,7,5478,11,glutamate,0.8417522945934407,True,True
24626,WED127,R,123,0,123,,,44,13,5412,44,acetylcholine,0.9630028095898513,True,True
10944,SAD098,M,26,0,26,,,208,14,5408,26,gaba,0.8698323702904158,True,True
514282,UNKNOWN,L,98,4,102,,,53,7,5406,53,acetylcholine,0.9243228869003955,True,True
92625,LPLC4,L,0,42,42,,,127,7,5334,42,acetylcholine,0.961559786102019,True,True
129090,PVLP066,L,215,7,222,,,24,9,5328,24,acetylcholine,0.9166766420603925,True,True
15424,PVLP031,R,22,2,24,2935.0,0.008177172061328791,222,31,5328,24,gaba,0.7456528629719195,True,True
27055,CB4102,R,47,0,47,,,113,16,5311,47,acetylcholine,0.9607951768155562,True,True
10709,WED193,R,21,0,21,,,252,15,5292,21,acetylcholine,0.9617079977337469,True,True
27882,LPLC4,R,0,42,42,,,126,9,5292,42,acetylcholine,0.9299324991934563,True,True
13472,SAD053,L,8,0,8,5049.0,0.0015844721727074668,654,22,5232,8,acetylcholine,0.9437932584798396,True,False
19677,LPLC4,L,1,37,38,,,137,7,5206,38,acetylcholine,0.9662661721263917,True,True
515901,LPLC4,L,0,27,27,,,191,5,5157,27,acetylcholine,0.9451314904785615,True,True
514922,UNKNOWN,R,35,1,36,,,142,9,5112,36,acetylcholine,0.9435886155121592,True,True
22032,PVLP064,L,299,1,300,,,17,6,5100,17,acetylcholine,0.9602092979777188,True,True
11047,PS001,L,12,1,13,5516.0,0.0023567802755620013,391,19,5083,13,gaba,0.7984198853644529,True,True
14594,AVLP169,L,0,66,66,,,77,10,5082,66,acetylcholine,0.9555519732474269,True,True
13909,LPLC4,L,0,28,28,,,180,5,5040,28,acetylcholine,0.9724557531594791,True,True
12723,AVLP591,R,0,9,9,5062.0,0.0017779533781114183,552,12,4968,9,acetylcholine,0.9617032140101404,True,False
520233,PLP150,L,88,0,88,,,56,9,4928,56,acetylcholine,0.9301969077084816,True,True
10494,AVLP076,L,1,3,4,36363.0,0.0001100019250336881,1224,28,4896,4,gaba,0.7998197853354911,True,False
21466,UNKNOWN,R,0,139,139,,,35,7,4865,35,acetylcholine,0.9661631361635048,True,True
10644,PLP163,L,0,156,156,,,31,5,4836,31,acetylcholine,0.962501395876171,True,True
520401,AVLP591,L,0,8,8,4286.0,0.0018665422305179655,604,13,4832,8,acetylcholine,0.9685820585976597,True,False
23203,PVLP206m,R,0,241,241,,,20,5,4820,20,acetylcholine,0.96185588450419,True,True
12053,SAD106,R,25,0,25,,,192,21,4800,25,acetylcholine,0.9629880021993752,True,True
36717,SAD023,R,20,21,41,,,117,9,4797,41,gaba,0.8475402688508203,True,True
526032,AVLP711m,L,0,137,137,,,35,10,4795,35,acetylcholine,0.964617677650787,True,True
87956,CB3019,R,0,14,14,4087.0,0.0034254954734524103,342,16,4788,14,acetylcholine,0.9292101040695058,True,True
17307,LPLC4,R,0,32,32,,,149,7,4768,32,acetylcholine,0.957825363425978,True,True
10925,AVLP542,R,11,0,11,14621.0,0.0007523425210313932,429,17,4719,11,gaba,0.8577448320179283,True,True
519392,WED061,L,1,55,56,,,84,10,4704,56,acetylcholine,0.9647944994283892,True,True
16424,PVLP027,R,4,13,17,4540.0,0.0037444933920704844,276,17,4692,17,gaba,0.8094270970162682,True,True
14850,WED061,R,5,47,52,,,89,7,4628,52,acetylcholine,0.9575336276807259,True,True
24128,LPLC4,L,2,33,35,,,132,9,4620,35,acetylcholine,0.9550203397174513,True,True
20481,LPLC4,R,0,39,39,,,118,7,4602,39,acetylcholine,0.9583575237931614,True,True
96253,LPLC4,L,1,35,36,,,127,7,4572,36,acetylcholine,0.9440749911437379,True,True
15664,LPLC4,L,0,31,31,,,146,6,4526,31,acetylcholine,0.9729465952478927,True,True
29719,LC31a,L,7,15,22,2353.0,0.009349766255843604,205,15,4510,22,acetylcholine,0.9335185535602667,True,True
18718,LPLC4,L,0,34,34,,,132,8,4488,34,acetylcholine,0.9556552611065372,True,True
18558,LPLC4,L,1,27,28,2834.0,0.009880028228652082,160,6,4480,28,acetylcholine,0.8245133576378854,True,True
531620,LPLC4,L,0,31,31,,,144,8,4464,31,acetylcholine,0.9501791604772046,True,True
521463,CB3201,L,41,1,42,,,106,10,4452,42,acetylcholine,0.9591429471829384,True,True
523858,WED109,R,23,0,23,,,192,17,4416,23,acetylcholine,0.9414004448072524,True,True
10158,LT56,L,16,711,727,,,6,3,4362,6,glutamate,0.7118978574899195,True,False
10719,AVLP079,R,0,9,9,46430.0,0.00019384018953262977,482,19,4338,9,gaba,0.8009423112659673,True,False
21813,PVLP111,R,1,1436,1437,,,3,3,4311,3,gaba,0.769069208161238,True,False
520188,AVLP610,L,35,6,41,,,105,23,4305,41,dopamine,0.6029518574603135,True,True
10266,LT87,R,18,4,22,16256.0,0.0013533464566929134,195,8,4290,22,acetylcholine,0.9642202638759004,True,True
14862,AVLP479,R,2,1427,1429,,,3,2,4287,3,gaba,0.8159888565861713,True,False
19529,LPLC4,R,0,25,25,,,171,5,4275,25,acetylcholine,0.9410935512185121,True,True
14149,PVLP031,R,14,8,22,2588.0,0.008500772797527048,194,28,4268,22,gaba,0.8251224942646322,True,True
32341,LPLC4,R,0,39,39,,,108,8,4212,39,acetylcholine,0.9489077343955837,True,True
12501,PLP018,L,7,7,14,4311.0,0.003247506379030387,300,14,4200,14,gaba,0.8712099711068879,True,True
14132,LPLC4,L,0,30,30,,,140,8,4200,30,acetylcholine,0.9605500094352768,True,True
16870,CB3019,R,0,14,14,4521.0,0.0030966600309666,298,17,4172,14,acetylcholine,0.922473795132992,True,True
78011,CB4102,R,48,4,52,,,79,7,4108,52,acetylcholine,0.9627373189823933,True,True
15785,WED060,R,3,29,32,,,128,13,4096,32,acetylcholine,0.9654612417868744,True,True
25840,LPLC4,R,1,44,45,,,91,7,4095,45,acetylcholine,0.9314862657732066,True,True
12020,AVLP592,L,0,19,19,,,215,17,4085,19,acetylcholine,0.9647288544766353,True,True
29386,LPLC4,R,0,38,38,,,105,7,3990,38,acetylcholine,0.9623660408113427,True,True
10583,LPT60,R,299,7,306,,,13,7,3978,13,acetylcholine,0.937276948587496,True,True
18831,CB1932,R,55,1,56,,,70,12,3920,56,acetylcholine,0.9671203121434492,True,True
579933,LC23,L,15,2,17,2970.0,0.005723905723905724,230,15,3910,17,acetylcholine,0.9376971382438551,True,True
522711,SAD023,L,48,0,48,,,81,7,3888,48,gaba,0.8113536181055058,True,True
10353,AVLP538,R,0,29,29,,,134,20,3886,29,unclear,0.3534522629601059,True,True
10051,Li39,L,18,27,45,,,86,3,3870,45,gaba,0.8913342219933824,True,True
10329,PVLP137,R,290,188,478,,,8,5,3824,8,acetylcholine,0.9525649224825151,True,False
37598,PVLP066,R,134,7,141,,,27,5,3807,27,acetylcholine,0.9695368212585712,True,True
13995,PS181,R,2,16,18,5809.0,0.0030986400413152006,211,19,3798,18,acetylcholine,0.9614218294932,True,True
534052,CB4163,R,0,28,28,,,135,20,3780,28,gaba,0.8509372074115942,True,True
14155,CB2940,R,17,4,21,2711.0,0.007746219107340465,180,12,3780,21,acetylcholine,0.9651643671471389,True,True
519415,SAD014,L,11,14,25,2268.0,0.011022927689594356,151,9,3775,25,gaba,0.8692270976913927,True,True
523015,PS181,L,0,18,18,,,209,18,3762,18,acetylcholine,0.9700344378137405,True,True
27294,PVLP064,L,176,1,177,,,21,9,3717,21,acetylcholine,0.9644421288797532,True,True
524162,SAD023,L,40,16,56,,,66,11,3696,56,gaba,0.8502892754365162,True,True
15545,PVLP100,R,24,1,25,8719.0,0.002867301296020186,147,18,3675,25,gaba,0.8423596851577352,True,True
15599,LPLC4,L,0,22,22,,,166,5,3652,22,acetylcholine,0.9654219762680536,True,True
18746,LPLC4,R,0,26,26,,,139,7,3614,26,acetylcholine,0.9588039730816713,True,True
15138,PVLP031,L,16,5,21,2639.0,0.007957559681697613,172,28,3612,21,gaba,0.8107195662774529,True,True
22495,CB1852,R,0,72,72,,,50,3,3600,50,acetylcholine,0.9731240196276587,True,True
11518,AVLP201,L,8,9,17,6703.0,0.00253617783082202,211,19,3587,17,gaba,0.7374214911187752,True,True
41839,LPLC4,R,4,22,26,,,136,7,3536,26,acetylcholine,0.9713114588277955,True,True
18632,LC23,R,11,5,16,3145.0,0.005087440381558029,221,16,3536,16,acetylcholine,0.967440935879626,True,True
20040,LPLC4,L,0,21,21,,,168,5,3528,21,acetylcholine,0.9652493483734559,True,True
18986,LPLC4,L,0,24,24,,,146,5,3504,24,acetylcholine,0.9655756905074083,True,True
28191,LPLC4,R,0,27,27,,,129,7,3483,27,acetylcholine,0.9610284250889878,True,True
22918,LPLC4,L,2,30,32,,,108,8,3456,32,acetylcholine,0.9591586070664937,True,True
12344,PVLP094,L,29,0,29,,,119,15,3451,29,gaba,0.8618518999828144,True,True
10220,LoVC16,L,426,4,430,,,8,6,3440,8,glutamate,0.8296751441039192,True,False
22028,LPLC4,R,0,27,27,,,126,5,3402,27,acetylcholine,0.950840208555023,True,True
22883,LPLC4,L,0,23,23,,,145,8,3335,23,acetylcholine,0.9651932123597124,True,True
10799,OA-VUMa4,M,2,59,61,,,54,26,3294,54,octopamine,0.8767902769194716,True,True
13601,AVLP479,L,0,1097,1097,,,3,3,3291,3,gaba,0.8342637908358775,True,False
23192,UNKNOWN,R,0,7,7,2542.0,0.0027537372147915028,467,17,3269,7,acetylcholine,0.9630096921155976,True,False
10129,LoVC16,L,231,1,232,,,14,11,3248,14,glutamate,0.8324050956330473,True,True
23544,WED072,R,1,7,8,3211.0,0.002491435689816257,404,15,3232,8,acetylcholine,0.9640004506942786,True,False
26952,PVLP206m,R,0,92,92,,,35,6,3220,35,acetylcholine,0.9407563373639579,True,True
11040,MeVP18,L,0,17,17,,,187,23,3179,17,glutamate,0.689624003031504,True,True
48849,SAD011,R,70,1,71,,,44,10,3124,44,gaba,0.7669325974552357,True,True
19088,CB1932,L,44,0,44,,,69,12,3036,44,acetylcholine,0.9676391216243757,True,True
12574,LPLC4,L,0,15,15,,,202,5,3030,15,acetylcholine,0.9658158472515376,True,True
539413,LT56,R,14,990,1004,,,3,3,3012,3,glutamate,0.7611150794625193,True,False
15266,PVLP070,R,0,103,103,,,29,5,2987,29,acetylcholine,0.9724301008871191,True,True
10053,LoVC16,R,367,5,372,,,8,6,2976,8,glutamate,0.8252941895906288,True,False
10787,LT35,L,95,4,99,,,30,3,2970,30,gaba,0.8878792034630664,True,True
10611,Li39,R,12,20,32,,,92,3,2944,32,gaba,0.8910187708571473,True,True
16305,LT60,L,181,2,183,,,16,5,2928,16,acetylcholine,0.9246243705422155,True,True
26163,LPLC4,R,0,27,27,,,106,9,2862,27,acetylcholine,0.9664618252377533,True,True
531901,AVLP203_c,L,18,5,23,,,124,18,2852,23,gaba,0.8263752110895453,True,True
40842,PVLP066,L,88,1,89,,,32,3,2848,32,acetylcholine,0.9674088742463313,True,True
24992,LPLC4,L,0,26,26,,,109,8,2834,26,acetylcholine,0.962916286651489,True,True
12056,WED046,L,4,6,10,4723.0,0.002117298327334321,280,15,2800,10,acetylcholine,0.9632147118493594,True,True
21216,LPLC4,L,0,27,27,,,103,8,2781,27,acetylcholine,0.9571110492427207,True,True
18604,AVLP204,L,12,26,38,,,73,15,2774,38,gaba,0.7868600646286916,True,True
15951,LPLC4,L,0,20,20,,,138,5,2760,20,acetylcholine,0.970204099813869,True,True
22257,PVLP046,R,50,1,51,,,54,5,2754,51,gaba,0.799555192793402,True,True
18365,LPLC4,L,0,22,22,,,124,6,2728,22,acetylcholine,0.9617044354868831,True,True
31950,PVLP064,R,209,0,209,,,13,6,2717,13,acetylcholine,0.9688737194751766,True,True
520488,AVLP202,L,10,0,10,,,269,18,2690,10,gaba,0.7765079873876335,True,True
11091,AVLP542,L,6,0,6,13271.0,0.00045211363122598145,438,14,2628,6,gaba,0.8634577571388048,True,False
13269,PLP018,R,9,0,9,4873.0,0.001846911553457829,291,15,2619,9,gaba,0.8769984872022151,True,False
18809,LPLC4,R,0,15,15,,,172,6,2580,15,acetylcholine,0.9407255023372303,True,True
54536,PVLP068,R,114,37,151,,,17,4,2567,17,acetylcholine,0.9657152824951554,True,True
27585,CB1932,L,57,0,57,,,45,7,2565,45,acetylcholine,0.9585857886187111,True,True
19748,PVLP028,R,9,41,50,,,51,12,2550,50,gaba,0.8415269828005522,True,True
11782,SAD106,L,10,0,10,,,254,19,2540,10,acetylcholine,0.9661361828291694,True,True
519532,PVLP034,L,0,12,12,,,211,23,2532,12,gaba,0.8428523846746344,True,True
167278,CB1958,R,79,0,79,,,32,8,2528,32,glutamate,0.6550911829262127,True,True
45885,SAD011,L,60,0,60,,,42,10,2520,42,gaba,0.8270943933190199,True,True
10315,SAD073,R,3,0,3,3241.0,0.0009256402344955261,824,28,2472,3,gaba,0.8526228002318329,True,False
11567,WED046,R,9,0,9,,,270,18,2430,9,acetylcholine,0.9675002027742234,True,False
55868,LC31b,L,24,17,41,,,59,11,2419,41,acetylcholine,0.9266345368997388,True,True
522464,LPLC4,L,0,24,24,,,100,6,2400,24,acetylcholine,0.9675698058823625,True,True
20219,LPLC4,L,0,28,28,,,85,8,2380,28,acetylcholine,0.943767748562894,True,True
18384,LPLC4,R,0,13,13,,,183,7,2379,13,acetylcholine,0.9583237569379809,True,True
16549,Li30,R,106,1,107,,,22,1,2354,22,gaba,0.8545230684234497,True,True
24379,CL128a,R,12,0,12,,,196,15,2352,12,gaba,0.8393932417631096,True,True
28725,PVLP112,R,23,563,586,,,4,2,2344,4,gaba,0.8283174450776041,True,False
33085,LPLC4,R,0,24,24,,,97,8,2328,24,acetylcholine,0.9580986462687905,True,True
11762,PVLP013,R,0,18,18,,,129,12,2322,18,acetylcholine,0.9663174679108882,True,True
11473,LT61a,R,11,11,22,,,104,9,2288,22,acetylcholine,0.9515545941389132,True,True
524375,CB1108,L,0,8,8,,,285,18,2280,8,acetylcholine,0.8998624925571662,True,False
26769,LC31a,R,2,12,14,3118.0,0.004490057729313663,162,9,2268,14,acetylcholine,0.9101964817291204,True,True
11291,LT82a,R,198,8,206,,,11,5,2266,11,acetylcholine,0.9622866713319342,True,True
21164,LPLC4,R,0,16,16,,,141,6,2256,16,acetylcholine,0.9588821879203823,True,True
519387,WED060,L,0,13,13,,,173,15,2249,13,acetylcholine,0.9671155452857823,True,True
91275,PLP219,R,270,104,374,,,6,5,2244,6,acetylcholine,0.9001530523281007,True,False
35618,LPLC4,R,1,21,22,,,101,8,2222,22,acetylcholine,0.9450827825985698,True,True
23271,LPLC4,R,2,13,15,2077.0,0.007221954742416947,146,7,2190,15,acetylcholine,0.9543172975975641,True,True
12120,AVLP316,R,0,68,68,,,32,4,2176,32,acetylcholine,0.9531269147871244,True,True
28228,LPLC4,R,2,23,25,,,87,6,2175,25,acetylcholine,0.9498933165299217,True,True
34869,CB1638,R,13,1,14,595.0,0.023529411764705882,155,15,2170,14,acetylcholine,0.9404852369202243,True,True
523624,PVLP018,L,33,0,33,,,64,17,2112,33,gaba,0.8783685438878569,True,True
526836,PVLP028,L,0,31,31,,,67,14,2077,31,gaba,0.8267592128890175,True,True
520222,CB1958,L,147,0,147,,,14,3,2058,14,glutamate,0.6683561196809565,True,True
18350,PVLP046,R,36,1,37,,,55,4,2035,37,gaba,0.7822238942256924,True,True
30640,LPLC4,L,0,17,17,,,118,8,2006,17,acetylcholine,0.9636444896157035,True,True
27961,UNKNOWN,L,0,29,29,,,69,9,2001,29,gaba,0.7982956239776058,True,True
556556,LPLC4,L,1,21,22,,,90,7,1980,22,acetylcholine,0.9275227942226199,True,True
13271,PVLP018,R,24,8,32,,,61,15,1952,32,gaba,0.8789096748850201,True,True
14318,LC31a,L,2,12,14,,,139,10,1946,14,acetylcholine,0.9237531271814216,True,True
10771,LT66,R,63,17,80,,,24,6,1920,24,acetylcholine,0.943422945315996,True,True
517368,CB3302,L,15,0,15,,,125,13,1875,15,acetylcholine,0.9469711633505908,True,True
68354,CL266_a3,R,0,4,4,1939.0,0.0020629190304280558,466,17,1864,4,acetylcholine,0.9465650809475922,True,False
12916,AVLP339,R,30,32,62,,,30,9,1860,30,acetylcholine,0.9487102305548849,True,True
32170,LC31a,R,5,8,13,,,143,10,1859,13,acetylcholine,0.9370487971471436,True,True
16089,PVLP139,R,0,39,39,,,47,5,1833,39,acetylcholine,0.9630175581826191,True,True
550384,SAD014,R,18,13,31,,,59,7,1829,31,gaba,0.8043540438746996,True,True
45627,CB4162,R,0,26,26,,,70,15,1820,26,gaba,0.8115926002331817,True,True
10200,LT87,L,8,2,10,14595.0,0.0006851661527920521,182,4,1820,10,acetylcholine,0.9414271784124721,True,True
16931,SAD073,R,3,0,3,3044.0,0.0009855453350854138,604,23,1812,3,gaba,0.8019707265629017,True,False
141054,LPLC4,L,0,17,17,,,106,7,1802,17,acetylcholine,0.9474342843475899,True,True
523560,CB3879,L,7,0,7,,,257,11,1799,7,gaba,0.794190562220124,True,False
13578,ANXXX109,L,14,0,14,,,128,8,1792,14,gaba,0.8048120750878853,True,True
513691,LAL026_a,R,124,4,128,,,14,5,1792,14,acetylcholine,0.9732582770237791,True,True
527704,CL038,R,0,4,4,2923.0,0.0013684570646595963,447,14,1788,4,glutamate,0.752095828111863,True,False
11509,AVLP339,L,87,7,94,,,19,7,1786,19,acetylcholine,0.9585405915738011,True,True
23893,LT35,R,79,2,81,,,22,5,1782,22,gaba,0.8892418355430708,True,True
44388,CB4102,L,27,0,27,,,66,8,1782,27,acetylcholine,0.9564951313653731,True,True
17063,GNG340,M,9,0,9,,,198,17,1782,9,gaba,0.8646505930777593,True,False
14325,MeVP18,R,1,12,13,,,137,14,1781,13,glutamate,0.7175955652315572,True,True
16723,CB3201,R,14,0,14,,,127,11,1778,14,acetylcholine,0.952702222177202,True,True
25956,Li30,R,88,5,93,,,19,1,1767,19,gaba,0.8334288835731989,True,True
10862,LoVP109,L,7,17,24,,,73,8,1752,24,acetylcholine,0.9557849682448946,True,True
522857,AVLP201,R,2,6,8,7548.0,0.0010598834128245894,216,17,1728,8,gaba,0.7621684979249775,True,False
25607,PVLP046,L,34,2,36,,,48,3,1728,36,gaba,0.839474580870885,True,True
18960,AVLP203_c,R,2,13,15,,,115,11,1725,15,gaba,0.7746377385037714,True,True
10675,LT66,L,39,18,57,,,30,7,1710,30,acetylcholine,0.9323911133224654,True,True
14789,PVLP070,R,0,30,30,,,57,3,1710,30,acetylcholine,0.9711079014358489,True,True
52652,LPLC4,L,0,18,18,,,94,7,1692,18,acetylcholine,0.9433268091603488,True,True
29865,LC31a,R,1,9,10,2152.0,0.004646840148698885,166,8,1660,10,acetylcholine,0.9204541403204077,True,True
39427,LC31a,R,4,6,10,2515.0,0.003976143141153081,165,10,1650,10,acetylcholine,0.9292054031767072,True,True
15298,AVLP577,L,0,17,17,,,96,12,1632,17,acetylcholine,0.9506305236456797,True,True
11077,vCal3,R,0,85,85,,,19,2,1615,19,acetylcholine,0.9484634114377255,True,True
21542,PVLP073,R,0,124,124,,,13,4,1612,13,acetylcholine,0.9666356170352478,True,True
524456,CB4162,L,0,31,31,,,52,12,1612,31,gaba,0.8111926731540567,True,True
17004,LoVP50,R,9,4,13,,,123,11,1599,13,acetylcholine,0.9472160588185807,True,True
521012,CB1958,R,79,0,79,,,20,8,1580,20,glutamate,0.7044797016499272,True,True
33539,LPLC4,R,1,18,19,,,83,7,1577,19,acetylcholine,0.9682568157786917,True,True
24509,PVLP112,R,0,518,518,,,3,2,1554,3,gaba,0.7716923498480479,True,False
18663,CB0115,L,0,44,44,,,35,15,1540,35,gaba,0.8491634909655998,True,True
526034,PVLP064,L,185,7,192,,,8,4,1536,8,acetylcholine,0.9556939384599505,True,False
10776,LoVC7,L,12,1,13,,,118,11,1534,13,gaba,0.8796872487795614,True,True
27809,LC14a-1,L,47,2,49,,,31,3,1519,31,acetylcholine,0.9310881964918007,True,True
531900,CB4179,L,17,0,17,,,89,5,1513,17,gaba,0.8805217249849546,True,True
19864,CB3879,R,5,0,5,1348.0,0.00370919881305638,302,12,1510,5,gaba,0.8211815627054658,True,False
15831,AVLP605,M,4,0,4,3559.0,0.00112391121101433,376,24,1504,4,gaba,0.807796406307049,True,False
16815,GNG343,M,6,0,6,,,247,20,1482,6,gaba,0.8539969903561392,True,False
529811,AVLP476,L,6,7,13,,,114,28,1482,13,dopamine,0.6523795219706033,True,True
31272,PLP106,R,59,0,59,,,25,7,1475,25,acetylcholine,0.9654852000492536,True,True
521516,Li30,L,68,5,73,,,20,2,1460,20,gaba,0.8332510000310095,True,True
524091,PLP249,L,11,0,11,,,131,8,1441,11,gaba,0.839390324288887,True,True
34801,PVLP034,L,0,13,13,,,110,15,1430,13,gaba,0.8399484146683533,True,True
25862,LC31a,R,1,8,9,2123.0,0.004239284032030146,158,10,1422,9,acetylcholine,0.959212227211045,True,False
521764,PVLP206m,L,0,71,71,,,20,5,1420,20,acetylcholine,0.9533037289883933,True,True
525497,PVLP034,R,1,11,12,,,116,24,1392,12,gaba,0.8750633672692131,True,True
66151,PVLP068,L,51,22,73,,,19,2,1387,19,acetylcholine,0.9695279790572755,True,True
12326,AVLP316,R,0,43,43,,,32,7,1376,32,acetylcholine,0.9323750024434069,True,True
511769,PVLP025,L,22,10,32,,,43,6,1376,32,gaba,0.8484860386362669,True,True
17610,LoVP18,R,8,1,9,3674.0,0.0024496461622210124,152,5,1368,9,acetylcholine,0.9234422284828571,True,False
16168,GNG343,M,5,0,5,,,268,22,1340,5,gaba,0.8304168361324848,True,False
24105,LC14a-1,R,62,5,67,,,20,2,1340,20,acetylcholine,0.9451901944810578,True,True
13875,MeLo8,L,55,3,58,,,23,2,1334,23,gaba,0.849338360148911,True,True
15221,CB4179,L,17,1,18,,,74,11,1332,18,gaba,0.87164950765812,True,True
18201,LC23,R,7,0,7,,,190,16,1330,7,acetylcholine,0.9591955471832138,True,False
15898,PS182,R,5,3,8,1990.0,0.004020100502512563,164,13,1312,8,acetylcholine,0.9680530686192618,True,False
10345,LT40,L,17,5,22,,,59,4,1298,22,gaba,0.8812944140975079,True,True
18464,LoVP18,R,9,0,9,,,144,5,1296,9,acetylcholine,0.9156918200043808,True,False
14886,Li17,R,12,7,19,,,67,2,1273,19,gaba,0.8207732146282367,True,True
517193,LoVC7,R,11,1,12,,,106,9,1272,12,gaba,0.8749072462116704,True,True
35055,PVLP034,R,4,9,13,,,97,18,1261,13,gaba,0.8500391931721775,True,True
14993,PLP017,L,0,7,7,,,178,8,1246,7,gaba,0.8858117348689503,True,False
512412,SAD014,L,7,11,18,,,69,8,1242,18,gaba,0.7912724657396725,True,True
25818,LC14a-1,L,66,3,69,,,18,2,1242,18,acetylcholine,0.9550333741455974,True,True
10714,LT61a,L,8,6,14,,,87,7,1218,14,acetylcholine,0.9615352920325505,True,True
13088,CB1932,L,21,0,21,,,58,17,1218,21,acetylcholine,0.9518359341264355,True,True
544664,LC31a,L,1,4,5,2199.0,0.002273760800363802,243,12,1215,5,acetylcholine,0.8949368678735162,True,False
25708,LC31a,R,4,4,8,2156.0,0.0037105751391465678,151,9,1208,8,acetylcholine,0.9344709844037763,True,False
531808,AOTU032,R,15,17,32,,,37,5,1184,32,acetylcholine,0.9570385063875784,True,True
10579,MeVP51,L,0,12,12,,,97,12,1164,12,glutamate,0.7042463037859354,True,True
12547,AVLP085,R,7,0,7,,,166,12,1162,7,gaba,0.8662835618355693,True,False
520606,PVLP014,L,2,27,29,,,40,10,1160,29,acetylcholine,0.9550150949692606,True,True
19523,PVLP073,L,0,164,164,,,7,2,1148,7,acetylcholine,0.9693886124375637,True,False
22800,LPLC4,L,0,14,14,,,82,6,1148,14,acetylcholine,0.9159025096459009,True,True
18086,PVLP094,R,9,0,9,,,127,14,1143,9,gaba,0.8493596128683961,True,False
10307,AVLP083,R,3,0,3,26455.0,0.0001134001134001134,381,16,1143,3,gaba,0.8101512905282575,True,False
519260,UNKNOWN,L,10,0,10,,,111,9,1110,10,acetylcholine,0.9521984428534908,True,True
519153,LPLC1,L,3,12,15,,,72,6,1080,15,acetylcholine,0.948821448892727,True,True
519933,LPLC4,L,0,15,15,,,72,7,1080,15,acetylcholine,0.9564329228314886,True,True
21877,LC31a,L,3,3,6,1565.0,0.0038338658146964857,178,13,1068,6,acetylcholine,0.9364070050277221,True,False
14121,AN08B010,R,16,0,16,,,66,11,1056,16,acetylcholine,0.9549250827567795,True,True
15959,SAD014,R,6,8,14,,,75,10,1050,14,gaba,0.7440923657730932,True,True
31569,PVLP064,R,51,7,58,,,18,4,1044,18,acetylcholine,0.9627380607913049,True,True
515974,LC31a,L,1,5,6,1769.0,0.0033917467495760316,171,12,1026,6,acetylcholine,0.9376435600817113,True,False
31281,LC31b,R,10,22,32,,,32,7,1024,32,acetylcholine,0.9519185732644875,True,True
19721,AVLP040,L,0,6,6,,,170,14,1020,6,acetylcholine,0.9405786405596153,True,False
513782,WED127,L,78,0,78,,,13,7,1014,13,acetylcholine,0.9622544004644651,True,True
524005,LAL026_b,L,42,2,44,,,23,5,1012,23,acetylcholine,0.956647490656083,True,True
536466,LC23,L,8,0,8,,,126,9,1008,8,acetylcholine,0.9528622354367089,True,False
17767,AVLP132,R,0,24,24,,,42,8,1008,24,acetylcholine,0.9335136265694364,True,True
20740,PVLP075,R,0,56,56,,,18,2,1008,18,acetylcholine,0.9604131439780216,True,True
12531,AVLP479,L,0,1001,1001,,,1,1,1001,1,gaba,0.8196544891003787,False,False
39649,LC31a,L,1,5,6,1618.0,0.003708281829419036,165,13,990,6,acetylcholine,0.9558201880083895,True,False
31403,PLP099,R,23,0,23,,,43,5,989,23,acetylcholine,0.9543836619832665,True,True
28943,AVLP205,R,0,19,19,,,52,10,988,19,gaba,0.8543674595453252,True,True
518428,CB4179,R,15,4,19,,,52,10,988,19,gaba,0.866006397752165,True,True
11055,LT62,R,11,10,21,,,47,12,987,21,acetylcholine,0.9627183937891342,True,True
581131,PS306,L,20,0,20,,,49,13,980,20,gaba,0.8480439462937566,True,True
16504,PVLP034,R,0,10,10,,,98,10,980,10,gaba,0.8569840656145604,True,True
16304,LPLC4,L,0,11,11,,,89,7,979,11,acetylcholine,0.9332101416583112,True,True
11940,MeLo8,L,46,0,46,,,21,1,966,21,gaba,0.8475728669416497,True,True
20872,LPLC4,L,0,6,6,,,161,4,966,6,acetylcholine,0.9545744983687022,True,False
79784,PVLP206m,L,0,120,120,,,8,4,960,8,acetylcholine,0.9351404195237452,True,False
21168,AVLP149,L,60,0,60,,,16,5,960,16,acetylcholine,0.816882119401384,True,True
28698,PVLP128,R,4,5,9,,,106,12,954,9,acetylcholine,0.9640843147070752,True,False
11628,LT40,R,17,1,18,,,53,4,954,18,gaba,0.874408094150231,True,True
513125,CB3302,R,8,0,8,,,119,10,952,8,acetylcholine,0.9268115285994816,True,False
10252,CL001,R,1,0,1,16277.0,6.1436382625791e-05,940,29,940,1,glutamate,0.7961287885034027,False,False
46101,CB0738,R,64,3,67,,,14,5,938,14,acetylcholine,0.9516336725609812,True,True
13813,MeLo8,L,34,2,36,,,26,1,936,26,gaba,0.8243757850980952,True,True
13894,CL066,L,3,0,3,4553.0,0.000658906215681968,312,15,936,3,gaba,0.7558281135765427,True,False
523512,AVLP538,L,0,11,11,,,85,20,935,11,unclear,0.3452351982657134,True,True
20885,AVLP093,L,2,0,2,1230.0,0.0016260162601626016,465,18,930,2,gaba,0.7613935910148125,False,False
21339,UNKNOWN,R,0,2,2,2851.0,0.0007015082427218519,464,12,928,2,acetylcholine,0.9526950339007032,False,False
14588,LPLC4,L,0,9,9,,,103,4,927,9,acetylcholine,0.9400128179119359,True,False
522349,UNKNOWN,L,0,2,2,2371.0,0.0008435259384226065,460,17,920,2,acetylcholine,0.9217202682942158,False,False
15225,WED072,L,0,2,2,3122.0,0.0006406149903907751,458,20,916,2,acetylcholine,0.9680497572523222,False,False
18149,PVLP096,R,7,0,7,,,129,10,903,7,gaba,0.8619693706873587,True,False
28140,LPLC4,L,0,11,11,,,82,9,902,11,acetylcholine,0.9509804435956942,True,True
14245,MeLo8,R,40,5,45,,,20,1,900,20,gaba,0.8307439656735573,True,True
523860,AVLP509,L,0,9,9,,,98,9,882,9,acetylcholine,0.9574021506810636,True,False
10333,PS306,R,25,0,25,,,35,13,875,25,gaba,0.8651553290167543,True,True
11101,AVLP502,L,2,0,2,6240.0,0.0003205128205128205,437,23,874,2,acetylcholine,0.9624582043189331,False,False
20190,LoVP50,L,6,3,9,,,97,8,873,9,acetylcholine,0.9411355234402077,True,False
512921,LC31a,L,3,2,5,1548.0,0.003229974160206718,174,11,870,5,acetylcholine,0.8979643646902719,True,False
518732,LC31a,R,4,7,11,,,79,10,869,11,acetylcholine,0.9016253316056345,True,True
16152,PVLP025,R,17,0,17,,,51,4,867,17,gaba,0.8678027360161726,True,True
16520,PLP219,L,465,400,865,,,1,1,865,1,acetylcholine,0.9662177432148876,False,False
17469,AVLP711m,R,0,71,71,,,12,6,852,12,acetylcholine,0.9656899183837324,True,True
14342,MeVP18,L,0,5,5,,,170,15,850,5,glutamate,0.7197507886717021,True,False
46003,WED072,L,0,2,2,2813.0,0.0007109847138286527,422,21,844,2,acetylcholine,0.9564480311682843,False,False
524789,CL022_c,L,2,1,3,2892.0,0.001037344398340249,280,15,840,3,acetylcholine,0.9635820834644485,True,False
19620,AVLP203_b,L,2,7,9,,,92,9,828,9,gaba,0.8132753080941795,True,False
11460,AVLP086,R,0,3,3,,,275,16,825,3,gaba,0.8065794782439818,True,False
10512,ANXXX109,R,6,0,6,,,137,12,822,6,gaba,0.8386700152561293,True,False
19160,LC23,R,6,0,6,,,135,8,810,6,acetylcholine,0.9482276575160434,True,False
23889,PLP150,R,26,0,26,,,31,9,806,26,acetylcholine,0.9586216846398476,True,True
20733,LC23,R,3,3,6,,,133,12,798,6,acetylcholine,0.9265229303245532,True,False
50076,CB4162,L,9,4,13,,,61,16,793,13,gaba,0.82858159195504,True,True
20031,LPLC1,R,2,4,6,,,132,6,792,6,acetylcholine,0.9576099557721057,True,False
29196,AOTU034,R,32,12,44,,,18,3,792,18,acetylcholine,0.9747326673375373,True,True
13336,AVLP437,R,0,2,2,5299.0,0.0003774297037176826,395,15,790,2,acetylcholine,0.9477025978722132,False,False
26056,AVLP093,R,2,0,2,1232.0,0.0016233766233766235,393,11,786,2,gaba,0.7505260236675795,False,False
90782,AVLP205,L,5,9,14,,,56,13,784,14,gaba,0.8357046958505197,True,True
10955,vCal3,L,0,46,46,,,17,2,782,17,acetylcholine,0.9583728065934137,True,True
14786,AVLP746m,R,0,21,21,,,37,8,777,21,acetylcholine,0.9695906581490893,True,True
518682,LC23,L,4,2,6,,,127,13,762,6,acetylcholine,0.9587095427136321,True,False
31035,PVLP034,L,0,8,8,,,95,21,760,8,gaba,0.8496514175601821,True,False
522405,PVLP106,R,0,34,34,,,22,5,748,22,unclear,0.4910044370924949,True,True
34114,UNKNOWN,R,17,0,17,,,44,13,748,17,acetylcholine,0.9603708645695068,True,True
24825,CB1932,R,20,0,20,,,37,8,740,20,acetylcholine,0.9676596739844567,True,True
13900,MeLo8,L,40,1,41,,,18,1,738,18,gaba,0.8289672938189528,True,True
20442,PVLP148,R,0,32,32,,,23,3,736,23,acetylcholine,0.954608544774456,True,True
18742,LPLC1,R,4,2,6,,,121,5,726,6,acetylcholine,0.9411882357774178,True,False
15253,LPLC1,L,6,2,8,,,90,5,720,8,acetylcholine,0.9509699963529546,True,False
22324,LPLC1,R,0,8,8,,,90,6,720,8,acetylcholine,0.9383316221415648,True,False
25270,LC31a,L,3,2,5,,,143,12,715,5,acetylcholine,0.942830847809799,True,False
77583,LoVP93,L,45,10,55,,,13,4,715,13,acetylcholine,0.9258954575768492,True,True
134386,CB1958,L,55,0,55,,,13,4,715,13,glutamate,0.7292697343804176,True,True
17803,CB1932,R,13,1,14,,,51,12,714,14,acetylcholine,0.9663381170211167,True,True
13672,AVLP437,L,0,3,3,,,237,17,711,3,acetylcholine,0.9469037627946826,True,False
358514,UNKNOWN,UNKNOWN,0,117,117,,,6,3,702,6,gaba,0.8570492192198926,True,False
11530,PLP249,R,7,0,7,,,100,7,700,7,gaba,0.862238026148373,True,False
28415,LC14a-1,R,63,7,70,,,10,1,700,10,acetylcholine,0.9327809654698045,True,True
19301,MeLo13,R,63,36,99,,,7,1,693,7,glutamate,0.7192141968234536,True,False
18477,LPLC1,L,2,4,6,,,115,6,690,6,acetylcholine,0.921955523694361,True,False
14252,CB3682,L,8,0,8,,,86,8,688,8,acetylcholine,0.9689808486730164,True,False
17008,PVLP034,R,0,8,8,,,85,16,680,8,gaba,0.8696988836752183,True,False
14689,LPLC1,L,3,2,5,,,135,6,675,5,acetylcholine,0.9505435041174628,True,False
39206,LPLC1,R,4,4,8,,,84,7,672,8,acetylcholine,0.9382042967074757,True,False
21301,AVLP711m,L,0,42,42,,,16,7,672,16,acetylcholine,0.9593061878004099,True,True
35502,CB4102,R,11,0,11,,,61,7,671,11,acetylcholine,0.9701058901148389,True,True
26262,LC31b,R,8,21,29,,,23,9,667,23,acetylcholine,0.9674693274782062,True,True
40209,PVLP126_b,R,1,14,15,,,44,7,660,15,acetylcholine,0.9332101973401292,True,True
128237,AOTU034,L,30,0,30,,,22,3,660,22,acetylcholine,0.964362016308439,True,True
14612,CB2676,L,6,2,8,,,82,15,656,8,gaba,0.83285545791312,True,False
18906,PLP219,R,71,11,82,,,8,3,656,8,acetylcholine,0.9395433784583052,True,False
21640,CB0929,R,0,21,21,,,31,8,651,21,acetylcholine,0.9637770284270956,True,True
11022,CL053,R,1,30,31,,,21,8,651,21,acetylcholine,0.9135261243926225,True,True
22279,LC31b,R,2,15,17,,,38,8,646,17,acetylcholine,0.9658154886009848,True,True
15973,AVLP490,R,0,5,5,,,129,7,645,5,gaba,0.8415052947100028,True,False
11300,LT82b,L,68,24,92,,,7,1,644,7,acetylcholine,0.9476734782937101,True,False
22107,MeLo13,R,61,46,107,,,6,1,642,6,glutamate,0.7515333893680155,True,False
23941,LPLC1,R,0,6,6,,,107,5,642,6,acetylcholine,0.953901146314841,True,False
13679,MeVP18,R,0,5,5,,,128,17,640,5,glutamate,0.7075624847829508,True,False
519899,LoVC15,L,8,1,9,,,71,6,639,9,gaba,0.8699857086060193,True,False
10914,LoVC18,R,4,7,11,,,58,23,638,11,dopamine,0.7317381143104253,True,True
28427,UNKNOWN,R,0,13,13,,,49,11,637,13,gaba,0.8376580002807689,True,True
11579,LT82a,R,189,22,211,,,3,2,633,3,acetylcholine,0.9524188026003781,True,False
19653,LPLC1,R,1,6,7,,,90,6,630,7,acetylcholine,0.9519440564185917,True,False
27449,LC22,R,2,8,10,,,63,4,630,10,acetylcholine,0.9515201985748433,True,True
12441,CB4176,R,5,0,5,,,125,6,625,5,gaba,0.8560542901187184,True,False
21407,WED061,R,0,24,24,,,26,5,624,24,acetylcholine,0.9667858331837805,True,True
15087,AN10B019,R,7,0,7,,,89,13,623,7,acetylcholine,0.9110386565561527,True,False
521208,SAD044,R,4,0,4,,,154,11,616,4,acetylcholine,0.9285678982168413,True,False
18704,AVLP204,R,9,0,9,,,68,13,612,9,gaba,0.8218008841767862,True,False
17237,CB2676,R,10,0,10,,,61,14,610,10,gaba,0.798142124589724,True,True
17857,LPLC1,L,1,5,6,,,101,5,606,6,acetylcholine,0.9492098638142386,True,False
10029,LoVC16,R,276,25,301,,,2,2,602,2,glutamate,0.8185931155463391,False,False
955658695,Li17,L,8,7,15,,,40,2,600,15,gaba,0.8149901719513857,True,True
10641,PVLP106,L,0,30,30,,,20,9,600,20,unclear,0.495465130095441,True,True
56255,CB0115,R,0,25,25,,,24,11,600,24,gaba,0.8313620323258026,True,True
50368,LC31a,R,2,3,5,,,118,6,590,5,acetylcholine,0.7699457004962464,True,False
14021,LoVP50,L,5,1,6,,,98,5,588,6,acetylcholine,0.9309353896369911,True,False
21699,MeLo13,L,60,38,98,,,6,3,588,6,glutamate,0.7395341182515458,True,False
21677,LPLC1,R,2,4,6,,,98,7,588,6,acetylcholine,0.9389115318499474,True,False
14412,PLP017,R,3,0,3,,,192,5,576,3,gaba,0.891246448237945,True,False
12143,AN01A055,L,1,0,1,5614.0,0.00017812611328820805,574,12,574,1,acetylcholine,0.9480969333647125,False,False
14731,LPLC1,L,5,1,6,,,95,5,570,6,acetylcholine,0.9667369506039433,True,False
107939,LPLC1,R,0,5,5,,,114,6,570,5,acetylcholine,0.9650293709020888,True,False
17246,PLP219,L,269,15,284,,,2,2,568,2,acetylcholine,0.9543007346528263,False,False
22790,LPLC1,R,4,4,8,,,71,6,568,8,acetylcholine,0.9456050327484689,True,False
28224,AVLP205,L,0,8,8,,,71,15,568,8,gaba,0.8306278385182252,True,False
531630,PVLP025,L,4,8,12,,,47,5,564,12,gaba,0.8720809991191207,True,True
39588,PVLP068,R,53,3,56,,,10,3,560,10,acetylcholine,0.9747326673375372,True,True
532569,CL038,L,0,1,1,3207.0,0.0003118178983473651,560,15,560,1,glutamate,0.7349817769575218,False,False
512415,PVLP123,L,0,1,1,2858.0,0.0003498950314905528,554,20,554,1,acetylcholine,0.9640322303635668,False,False
21722,LPLC1,R,1,5,6,,,91,4,546,6,acetylcholine,0.9499164155122426,True,False
12114,LPLC1,L,1,4,5,,,109,5,545,5,acetylcholine,0.9507548040787475,True,False
29575,PVLP028,L,8,8,16,,,34,9,544,16,gaba,0.8520878959442348,True,True
519323,aMe8,L,0,3,3,,,180,1,540,3,serotonin,0.5013975711013553,True,False
521761,CL022_a,R,1,1,2,2846.0,0.0007027406886858749,269,15,538,2,acetylcholine,0.9485345254107288,False,False
13110,LPLC1,L,3,1,4,,,134,6,536,4,acetylcholine,0.9576225542341792,True,False
101221,PVLP128,L,1,4,5,,,107,11,535,5,acetylcholine,0.9447807287746027,True,False
511987,LC31a,R,3,0,3,,,178,8,534,3,acetylcholine,0.9430110104875503,True,False
27304,PVLP112,L,0,76,76,,,7,3,532,7,gaba,0.8699606972241705,True,False
28249,LPLC1,R,3,3,6,,,88,7,528,6,acetylcholine,0.9310959992858596,True,False
13594,MeLo8,R,34,6,40,,,13,1,520,13,gaba,0.8454538337229069,True,True
12052,LPLC1,L,2,1,3,3463.0,0.0008663008951775916,173,7,519,3,acetylcholine,0.9426924067213878,True,False
14055,CB4176,L,7,0,7,,,74,8,518,7,gaba,0.8717733799985116,True,False
14529,CB4176,L,5,1,6,,,86,10,516,6,gaba,0.8511983492433811,True,False
15073,MeLo8,R,29,5,34,,,15,2,510,15,gaba,0.8378974746621675,True,True
22447,LPLC1,R,4,4,8,,,63,5,504,8,acetylcholine,0.9445025182407689,True,False
11907,LoVP90a,R,0,3,3,,,165,2,495,3,acetylcholine,0.9361765909598153,True,False
520576,PVLP080_a,L,0,5,5,,,99,8,495,5,gaba,0.8713972079363674,True,False
15688,LoVP50,R,4,1,5,,,98,5,490,5,acetylcholine,0.9265049462951536,True,False
519900,LoVC15,L,6,2,8,,,61,7,488,8,gaba,0.8738667949777901,True,False
29937,LPLC1,R,1,4,5,,,97,7,485,5,acetylcholine,0.9569246415665299,True,False
23030,LPLC1,R,3,5,8,,,59,5,472,8,acetylcholine,0.948097433966533,True,False
136628,CB1638,L,5,0,5,,,94,10,470,5,acetylcholine,0.9527989333900531,True,False
21355,MeLo13,R,70,47,117,,,4,1,468,4,glutamate,0.7181591397441881,True,False
24202,PVLP148,R,0,36,36,,,13,2,468,13,acetylcholine,0.9701047898189236,True,True
26880,LPLC1,R,3,2,5,,,93,6,465,5,acetylcholine,0.9483368461390811,True,False
12966,LoVC13,L,8,0,8,,,58,5,464,8,gaba,0.8262917767035606,True,False
533457,LoVP50,L,6,0,6,,,77,5,462,6,acetylcholine,0.9634213517135387,True,False
153019,LC31a,L,2,2,4,,,115,12,460,4,acetylcholine,0.9691163481654756,True,False
18710,LPLC1,R,3,1,4,,,115,6,460,4,acetylcholine,0.9615799595105311,True,False
11526,PVLP114,R,0,46,46,,,10,4,460,10,acetylcholine,0.9288724373839992,True,True
15160,PVLP070,L,0,27,27,,,17,4,459,17,acetylcholine,0.963120547873432,True,True
22274,LPLC1,R,2,2,4,,,113,7,452,4,acetylcholine,0.9380533690762108,True,False
10910,PPM1203,L,6,3,9,,,50,20,450,9,dopamine,0.7157639837449061,True,False
11154,WED189,M,5,0,5,,,90,10,450,5,gaba,0.8595747710169612,True,False
12191,AVLP577,L,0,7,7,,,64,8,448,7,acetylcholine,0.9572431704363986,True,False
15116,MeVP18,R,0,4,4,,,112,17,448,4,glutamate,0.6940965559096938,True,False
18133,AVLP040,R,0,3,3,,,149,16,447,3,acetylcholine,0.9329125640890118,True,False
11448,OCG06,R,5,0,5,,,89,15,445,5,acetylcholine,0.8840489094385483,True,False
512484,LC31a,L,1,1,2,2046.0,0.0009775171065493646,222,13,444,2,acetylcholine,0.9335377735054557,False,False
17584,PVLP123,L,0,1,1,2488.0,0.00040192926045016077,444,22,444,1,acetylcholine,0.9502720604657882,False,False
29581,PLP150,R,17,0,17,,,26,6,442,17,acetylcholine,0.892903287067766,True,True
15292,SAD044,R,3,0,3,,,147,12,441,3,acetylcholine,0.9630206124609183,True,False
951387507,UNKNOWN,UNKNOWN,40,0,40,,,11,5,440,11,unclear,0.9747326673375373,True,True
21540,LPLC1,R,2,3,5,,,88,5,440,5,acetylcholine,0.9479971844622227,True,False
29529,LPLC1,R,2,4,6,,,73,6,438,6,acetylcholine,0.9356599246323435,True,False
13180,LPLC1,L,1,4,5,,,87,7,435,5,acetylcholine,0.9541397759426982,True,False
521323,AVLP490,L,1,2,3,3025.0,0.0009917355371900827,145,7,435,3,gaba,0.8384629164453828,True,False
531862,LT41,L,14,1,15,,,29,4,435,15,gaba,0.843216411676898,True,True
519420,WED107,R,8,0,8,,,54,11,432,8,acetylcholine,0.9693143340900267,True,False
15638,AVLP490,L,0,4,4,,,108,5,432,4,gaba,0.8547529272126067,True,False
17426,PVLP123,R,0,1,1,2200.0,0.00045454545454545455,428,21,428,1,acetylcholine,0.9548412916843606,False,False
24177,LPLC1,R,1,3,4,,,107,6,428,4,acetylcholine,0.9385217181269655,True,False
14119,AN09B023,R,3,0,3,,,142,8,426,3,acetylcholine,0.9511758005072264,True,False
19468,PVLP025,R,7,10,17,,,25,2,425,17,gaba,0.8559019165141002,True,True
512821,CB4248,L,7,0,7,,,60,10,420,7,gaba,0.8500977322166245,True,False
15000,PVLP046,L,12,2,14,,,30,4,420,14,gaba,0.7530856874730054,True,True
532198,WED196,M,2,0,2,,,210,20,420,2,gaba,0.8142965092798753,False,False
23864,PVLP126_a,L,1,13,14,,,30,5,420,14,acetylcholine,0.9568555416601825,True,True
111004,PVLP034,L,0,5,5,,,84,17,420,5,gaba,0.8631314731298134,True,False
25031,LPLC1,L,5,1,6,,,70,7,420,6,acetylcholine,0.9398146621442183,True,False
10214,LPT50,L,0,52,52,,,8,2,416,8,gaba,0.8579184683783482,True,False
25870,LPLC1,R,3,2,5,,,83,6,415,5,acetylcholine,0.9546462259014593,True,False
10450,LT62,L,6,3,9,,,46,10,414,9,acetylcholine,0.9487300613360331,True,False
13086,LPLC1,L,0,6,6,,,69,5,414,6,acetylcholine,0.9161723648538879,True,False
19349,CB0154,L,2,0,2,,,206,11,412,2,gaba,0.8653237589339126,False,False
523436,WED072,R,1,0,1,3067.0,0.00032605151613955004,412,14,412,1,acetylcholine,0.9554761062607412,False,False
10735,LoVC18,L,0,5,5,,,82,25,410,5,dopamine,0.7129259789737908,True,False
10764,LT1c,R,9,3,12,,,34,5,408,12,acetylcholine,0.9612908832710451,True,True
60211,LC31a,R,2,2,4,,,102,8,408,4,acetylcholine,0.9689381252676287,True,False
37301,CB1717,R,9,2,11,,,37,7,407,11,acetylcholine,0.963532244171851,True,True
26365,LPLC1,R,0,5,5,,,81,6,405,5,acetylcholine,0.9633326662861015,True,False
74775,WED061,L,0,13,13,,,31,6,403,13,acetylcholine,0.9676743633191826,True,True
28033,LPLC1,R,0,6,6,,,67,6,402,6,acetylcholine,0.9394607795499891,True,False
28080,LPLC1,L,2,2,4,,,100,6,400,4,acetylcholine,0.957846374717384,True,False
103145,PLP106,L,20,0,20,,,20,8,400,20,acetylcholine,0.960662786611446,True,True
15279,AVLP152,R,18,0,18,,,22,10,396,18,acetylcholine,0.9658961434650423,True,True
17515,LC23,R,3,1,4,,,99,11,396,4,acetylcholine,0.9490516581509725,True,False
25178,LPLC1,R,2,4,6,,,66,6,396,6,acetylcholine,0.9503515690356404,True,False
12233,AVLP708m,R,0,6,6,,,66,4,396,6,acetylcholine,0.9271584150484898,True,False
15513,WED106,L,4,0,4,,,98,5,392,4,gaba,0.8300103610099586,True,False
409310159,UNKNOWN,UNKNOWN,0,26,26,,,15,5,390,15,unclear,0.9207506013268072,True,True
11430,LPT52,L,0,4,4,,,97,6,388,4,acetylcholine,0.9576109147204604,True,False
22754,LoVP26,R,5,30,35,,,11,4,385,11,acetylcholine,0.9617430521401221,True,True
11405,LAL016,R,0,77,77,,,5,4,385,5,acetylcholine,0.9627486916950314,True,False
14262,OCG06,L,7,0,7,,,55,9,385,7,acetylcholine,0.9341528868458245,True,False
12462,CB1717,L,5,2,7,,,55,11,385,7,acetylcholine,0.9394811232957454,True,False
102624,CB0115,R,1,20,21,,,18,7,378,18,gaba,0.8441022465864029,True,True
17852,CB0929,L,0,27,27,,,14,5,378,14,acetylcholine,0.9457668660188051,True,True
24597,CL053,L,0,14,14,,,27,9,378,14,acetylcholine,0.9487988387888069,True,True
555907,WED072,R,0,1,1,3244.0,0.00030826140567200987,377,17,377,1,acetylcholine,0.968590155929159,False,False
526623,MeLo13,L,27,20,47,,,8,1,376,8,glutamate,0.7563995445543227,True,False
20865,LPLC1,R,4,1,5,,,75,5,375,5,acetylcholine,0.9359355316943362,True,False
20758,LPLC1,L,1,2,3,,,125,7,375,3,acetylcholine,0.9321710866077072,True,False
11953,LT51,R,0,22,22,,,17,3,374,17,glutamate,0.7733004761494633,True,True
15283,PVLP070,L,0,23,23,,,16,3,368,16,acetylcholine,0.9635135384131472,True,True
534743,LPLC1,L,4,2,6,,,61,3,366,6,acetylcholine,0.9446169141454642,True,False
18383,LC14a-1,L,20,8,28,,,13,1,364,13,acetylcholine,0.9486909829253226,True,True
21895,LC31a,L,1,2,3,,,121,12,363,3,acetylcholine,0.9245933654891056,True,False
143239,LC31a,R,0,3,3,,,120,9,360,3,acetylcholine,0.9575111052468365,True,False
127314,CB4245,L,4,4,8,,,45,5,360,8,acetylcholine,0.9452228863275395,True,False
12608,AVLP609,R,0,9,9,,,40,6,360,9,gaba,0.8479674492644377,True,False
12225,LoVC15,L,3,2,5,,,72,8,360,5,gaba,0.8435823209813569,True,False
11169,LPT52,R,0,2,2,,,179,7,358,2,acetylcholine,0.9542314304593384,False,False
63015,LC31a,R,1,2,3,,,118,7,354,3,acetylcholine,0.9108375950021276,True,False
513120,PVLP126_a,R,0,11,11,,,32,3,352,11,acetylcholine,0.9094000208373916,True,True
15908,LoVP50,R,3,1,4,,,88,5,352,4,acetylcholine,0.9419665084477281,True,False
27887,CB0115,L,0,8,8,,,44,9,352,8,gaba,0.8034969057370501,True,False
14535,LPLC1,L,0,3,3,,,117,6,351,3,acetylcholine,0.9353643407024809,True,False
536164,LC35b,L,3,6,9,,,39,2,351,9,acetylcholine,0.9345915699793675,True,False
12773,AVLP316,L,0,14,14,,,25,3,350,14,acetylcholine,0.9580818299618288,True,True
555734,LPLC1,L,1,1,2,2873.0,0.0006961364427427776,175,5,350,2,acetylcholine,0.9574393991874046,False,False
19082,CB1314,R,4,0,4,,,87,11,348,4,gaba,0.8427704443900379,True,False
19440,AN09B016,L,1,0,1,2309.0,0.00043308791684711995,347,19,347,1,acetylcholine,0.9655087441787087,False,False
10325,AVLP572,R,1,1,2,10811.0,0.00018499676255665526,173,14,346,2,acetylcholine,0.9328879823997738,False,False
19403,LPLC1,R,0,3,3,,,115,6,345,3,acetylcholine,0.951279865499902,True,False
16485,CB4179,R,3,2,5,,,69,13,345,5,gaba,0.8765121127175213,True,False
32159,LC31a,L,1,2,3,,,115,12,345,3,acetylcholine,0.9055678179576118,True,False
22911,LPLC1,R,0,4,4,,,86,6,344,4,acetylcholine,0.9279598712690232,True,False
10069,AN07B004,R,3,0,3,,,113,11,339,3,gaba,0.8371982104343655,True,False
10241,AVLP001,R,0,1,1,48481.0,2.062663723933087e-05,335,15,335,1,gaba,0.8573102321500594,False,False
23906,LPLC1,R,4,1,5,,,67,6,335,5,acetylcholine,0.9579928600825689,True,False
536395,LPLC1,L,1,4,5,,,67,5,335,5,acetylcholine,0.9455483940692746,True,False
20074,LPLC1,L,3,1,4,,,83,5,332,4,acetylcholine,0.9315820024572796,True,False
10922,AN08B010,L,6,0,6,,,55,11,330,6,acetylcholine,0.9590517502365091,True,False
22192,WED015,L,7,0,7,,,47,5,329,7,gaba,0.7973134631798366,True,False
958377,UNKNOWN,UNKNOWN,41,0,41,,,8,4,328,8,gaba,0.8504229719536821,True,False
25289,VES023,L,2,0,2,,,163,19,326,2,gaba,0.8642862427874121,False,False
15976,LoVP26,L,0,13,13,,,25,4,325,13,acetylcholine,0.9429893374995615,True,True
49925,SAD021_a,L,5,0,5,,,65,7,325,5,gaba,0.7879892352716765,True,False
537899,LoVC18,R,0,6,6,,,54,20,324,6,dopamine,0.7207592096120917,True,False
512087,LPLC1,L,1,3,4,,,81,4,324,4,acetylcholine,0.946260451861093,True,False
84698,PVLP148,L,0,12,12,,,27,2,324,12,acetylcholine,0.9602278158920995,True,True
29383,LPLC1,L,4,0,4,,,81,6,324,4,acetylcholine,0.9564743932682028,True,False
115313,LPLC1,L,0,2,2,,,160,5,320,2,acetylcholine,0.9496292716857152,False,False
26333,LPLC1,R,3,1,4,,,80,5,320,4,acetylcholine,0.9510108171474159,True,False
10476,LT11,R,6,4,10,,,32,7,320,10,gaba,0.8650708404046287,True,True
522966,PS002,L,4,0,4,,,79,18,316,4,gaba,0.8874864310561467,True,False
10050,5-HTPMPV03,R,1,9,10,,,31,14,310,10,serotonin,0.8074900022418119,True,True
10224,AVLP001,L,0,1,1,41636.0,2.4017677010279567e-05,310,17,310,1,gaba,0.8475016143194397,False,False
17388,PVLP034,L,0,2,2,,,155,21,310,2,gaba,0.8540820845368707,False,False
10253,AN07B004,L,3,0,3,,,103,11,309,3,gaba,0.8374600721418463,True,False
123245,AOTU032,L,20,2,22,,,14,3,308,14,acetylcholine,0.9625493041178926,True,True
524248,LC31a,L,1,1,2,1456.0,0.0013736263736263737,154,11,308,2,acetylcholine,0.8419876174171262,False,False
22867,LPLC1,L,1,3,4,,,77,5,308,4,acetylcholine,0.9395805776744204,True,False
526999,LPLC1,L,1,2,3,,,102,5,306,3,acetylcholine,0.9401929692119644,True,False
21023,LPLC1,R,3,2,5,,,61,5,305,5,acetylcholine,0.9443949857498023,True,False
14452,MeLo8,L,58,3,61,,,5,3,305,5,gaba,0.8383982247415318,True,False
15058,LPLC1,L,4,1,5,,,61,4,305,5,acetylcholine,0.9390205395639878,True,False
14017,CL022_c,R,1,0,1,2998.0,0.000333555703802535,301,21,301,1,acetylcholine,0.9595002508427098,False,False
16486,LoVP26,L,4,21,25,,,12,3,300,12,acetylcholine,0.9499273551887514,True,True
522301,CB4168,L,0,23,23,,,13,4,299,13,gaba,0.7897829149765938,True,True
10998,CL213,L,0,23,23,,,13,10,299,13,acetylcholine,0.9190820256906147,True,True
22593,CB2472,L,0,3,3,,,99,15,297,3,acetylcholine,0.9507120301753985,True,False
32343,LPLC1,R,2,2,4,,,74,6,296,4,acetylcholine,0.9371159184200845,True,False
54235,LC31a,R,2,1,3,,,96,10,288,3,acetylcholine,0.8902770597881183,True,False
515371,AOTU034,L,0,22,22,,,13,3,286,13,acetylcholine,0.9698722369053533,True,True
11569,5-HTPLP01,L,0,3,3,,,95,17,285,3,glutamate,0.6452957524198052,True,False
24920,LPLC1,R,0,4,4,,,71,5,284,4,acetylcholine,0.9359542215164122,True,False
18506,LPLC1,L,1,1,2,,,142,7,284,2,acetylcholine,0.9462792934269766,False,False
16603,CB4176,L,2,1,3,,,94,9,282,3,gaba,0.8804268095065714,True,False
68230,CB1934,L,3,0,3,,,94,18,282,3,acetylcholine,0.8932528026312291,True,False
25386,LPLC1,R,2,1,3,,,94,6,282,3,acetylcholine,0.9508273101205033,True,False
13722,LC23,L,2,0,2,,,141,10,282,2,acetylcholine,0.9444785681235041,False,False
10720,CB0128,R,0,14,14,,,20,6,280,14,acetylcholine,0.9255113899300232,True,True
10445,LT11,L,6,6,12,,,23,7,276,12,gaba,0.8630910501022659,True,True
25990,WED166_d,L,1,0,1,,,276,8,276,1,acetylcholine,0.9635645843861964,False,False
17734,LPLC1,L,2,1,3,,,92,5,276,3,acetylcholine,0.9565892883188237,True,False
15986,MeLo8,L,37,2,39,,,7,1,273,7,gaba,0.8613605174705937,True,False
523479,MeLo8,L,64,4,68,,,4,3,272,4,gaba,0.851380021334788,True,False
44218,MeLo13,R,32,13,45,,,6,1,270,6,glutamate,0.7129243055790889,True,False
24794,LPLC1,L,1,2,3,,,90,6,270,3,acetylcholine,0.9462448129285433,True,False
19855,LPLC1,L,1,1,2,,,135,5,270,2,acetylcholine,0.933575286670219,False,False
32273,MeLo13,R,20,25,45,,,6,1,270,6,glutamate,0.726738074674542,True,False
15658,LoVP26,L,0,27,27,,,10,2,270,10,acetylcholine,0.9646057130689139,True,True
20989,PVLP073,R,0,266,266,,,1,1,266,1,acetylcholine,0.9691730026740227,False,False
31592,LPLC1,R,2,4,6,,,44,6,264,6,acetylcholine,0.94967953552898,True,False
22449,LPLC1,R,0,2,2,,,131,6,262,2,acetylcholine,0.9193510943266331,False,False
21074,LPLC1,R,1,2,3,,,87,6,261,3,acetylcholine,0.9295715802420689,True,False
19799,WED127,R,26,0,26,,,10,4,260,10,acetylcholine,0.9517549121630504,True,True
15666,Li17,L,6,7,13,,,20,2,260,13,gaba,0.8158175721756837,True,True
23751,LPLC1,R,1,3,4,,,64,5,256,4,acetylcholine,0.9548025833866708,True,False
29994,CB0115,R,1,15,16,,,16,9,256,16,gaba,0.8356256919544868,True,True
192515,PLP106,R,8,0,8,,,32,8,256,8,acetylcholine,0.9615795537458072,True,False
556453,UNKNOWN,UNKNOWN,0,85,85,,,3,3,255,3,unclear,0.9109141500795648,True,False
531538,CB1314,L,3,0,3,,,85,13,255,3,gaba,0.8534971448552574,True,False
21003,LPLC1,L,3,0,3,,,83,6,249,3,acetylcholine,0.9186644093955856,True,False
21282,LPLC1,L,3,0,3,,,83,4,249,3,acetylcholine,0.8146638854322644,True,False
18542,LC22,L,1,3,4,,,62,3,248,4,acetylcholine,0.958352639372151,True,False
13741,AVLP331a,L,0,124,124,,,2,1,248,2,acetylcholine,0.963578484716923,False,False
39151,LPLC1,R,1,3,4,,,62,5,248,4,acetylcholine,0.9557861803333345,True,False
20000,LC9,L,3,3,6,,,41,3,246,6,acetylcholine,0.9411446959599787,True,False
34373,MeLo13,R,28,13,41,,,6,1,246,6,glutamate,0.7136953186160676,True,False
29017,LC9,R,4,0,4,,,61,5,244,4,acetylcholine,0.951783335684486,True,False
17889,AVLP037,L,0,2,2,,,122,12,244,2,acetylcholine,0.9166158320904063,False,False
32508,LPLC4,R,1,3,4,,,61,4,244,4,acetylcholine,0.9403893743930066,True,False
19300,PVLP080_b,R,0,2,2,,,122,14,244,2,gaba,0.8421004607732591,False,False
25169,LPLC1,R,1,2,3,,,81,6,243,3,acetylcholine,0.905438930222526,True,False
28456,PVLP127,L,15,0,15,,,16,7,240,15,acetylcholine,0.9747326673375373,True,True
57832,CB0431,L,0,16,16,,,15,4,240,15,acetylcholine,0.9152050044074259,True,True
24125,PVLP028,R,3,9,12,,,20,8,240,12,gaba,0.8430303135223891,True,True
11348,LT51,L,2,14,16,,,15,3,240,15,glutamate,0.7812484814799895,True,True
116613,LPLC1,L,1,3,4,,,60,4,240,4,acetylcholine,0.9546508308313385,True,False
13353,AVLP204,L,0,4,4,,,60,11,240,4,gaba,0.770546802999846,True,False
25377,CB1932,R,5,9,14,,,17,6,238,14,acetylcholine,0.9233580252186167,True,True
11287,WED108,L,0,7,7,,,34,6,238,7,acetylcholine,0.9679581802066262,True,False
19578,LPLC1,L,0,2,2,,,119,6,238,2,acetylcholine,0.7912923158229908,False,False
514846,LPLC1,L,2,1,3,,,79,4,237,3,acetylcholine,0.9420159143760205,True,False
12439,LT84,R,0,2,2,,,118,2,236,2,acetylcholine,0.9453498487498128,False,False
74105,AN17B005,L,2,0,2,,,118,6,236,2,gaba,0.8720430548180726,False,False
15109,LT74,R,8,10,18,,,13,3,234,13,glutamate,0.6191719397540274,True,True
37175,MeLo13,L,19,10,29,,,8,1,232,8,glutamate,0.674174849048337,True,False
12276,AVLP537,L,0,8,8,,,29,7,232,8,glutamate,0.6641074719075011,True,False
18333,AVLP203_b,R,5,3,8,,,29,4,232,8,gaba,0.7961909782958864,True,False
20783,LPLC1,R,1,2,3,,,77,6,231,3,acetylcholine,0.942542428860579,True,False
29103,LC22,R,0,3,3,,,77,4,231,3,acetylcholine,0.9443724983092245,True,False
123513,PVLP128,L,0,3,3,,,77,9,231,3,acetylcholine,0.9300268129863499,True,False
13577,MeLo8,L,16,5,21,,,11,1,231,11,gaba,0.8675815511843359,True,True
22919,LC39a,R,0,5,5,,,46,5,230,5,glutamate,0.7027051729135633,True,False
19114,LPLC1,R,1,1,2,,,114,5,228,2,acetylcholine,0.9435656907673183,False,False
517600,LPLC1,L,2,1,3,,,76,5,228,3,acetylcholine,0.9531063521483445,True,False
15440,Li17,R,4,10,14,,,16,1,224,14,gaba,0.8296520741281528,True,True
16799,LoVP92,L,0,16,16,,,14,3,224,14,acetylcholine,0.9410875380289305,True,True
13329,AVLP509,R,0,2,2,,,111,8,222,2,acetylcholine,0.9460746373412064,False,False
26656,LPLC1,L,1,2,3,,,74,5,222,3,acetylcholine,0.9420488505481315,True,False
22940,LC14a-1,L,36,1,37,,,6,1,222,6,acetylcholine,0.967315696217181,True,False
28620,CB2472,R,0,3,3,,,74,13,222,3,acetylcholine,0.9636657710618278,True,False
25513,PVLP127,R,10,0,10,,,22,3,220,10,acetylcholine,0.9657326665074565,True,True
39247,WED015,L,0,5,5,,,44,8,220,5,gaba,0.8421176933223395,True,False
12692,CL309,R,0,2,2,,,110,11,220,2,acetylcholine,0.9661900543078179,False,False
24791,LPLC1,L,0,2,2,,,110,5,220,2,acetylcholine,0.9433635320703951,False,False
34532,LC9,L,4,1,5,,,44,2,220,5,acetylcholine,0.9441921631638159,True,False
24802,LPLC1,R,1,2,3,,,73,6,219,3,acetylcholine,0.9492805537280551,True,False
22260,LPLC1,L,2,0,2,,,109,7,218,2,acetylcholine,0.9503022738065533,False,False
22266,AVLP320_b,L,25,6,31,,,7,2,217,7,acetylcholine,0.9647206403857235,True,False
19638,CB1314,L,4,0,4,,,54,5,216,4,gaba,0.8870618597647268,True,False
19856,UNKNOWN,L,5,0,5,,,43,9,215,5,acetylcholine,0.9747326673375373,True,False
28051,LC9,R,3,2,5,,,43,4,215,5,acetylcholine,0.9119256677248616,True,False
15966,WED106,R,2,0,2,,,106,8,212,2,gaba,0.8506135872432841,False,False
519501,AVLP543,R,1,5,6,,,35,2,210,6,acetylcholine,0.9454202835552666,True,False
20137,PVLP080_b,R,0,3,3,,,70,8,210,3,gaba,0.8595975156358061,True,False
519920,AVLP152,L,6,0,6,,,35,6,210,6,acetylcholine,0.9587983962049721,True,False
146532,WED029,L,5,11,16,,,13,7,208,13,gaba,0.7089264113684435,True,True
30597,WED166_d,R,1,0,1,,,204,6,204,1,acetylcholine,0.9626765579894159,False,False
10400,LT83,L,9,3,12,,,17,5,204,12,acetylcholine,0.949587071936577,True,True
46608,LC22,R,6,1,7,,,29,2,203,7,acetylcholine,0.9429433544334688,True,False
10493,CB4176,R,2,0,2,,,101,6,202,2,gaba,0.8710652824024765,False,False
21997,AVLP517,R,0,67,67,,,3,2,201,3,acetylcholine,0.9590044287738232,True,False
20435,WED117,R,3,1,4,,,50,11,200,4,acetylcholine,0.9602964356981587,True,False
13926,MeLo8,R,19,1,20,,,10,1,200,10,gaba,0.860094312192633,True,True
11163,LT51,L,1,4,5,,,40,1,200,5,glutamate,0.7743279807832447,True,False
15893,LPLC1,L,1,1,2,,,100,6,200,2,acetylcholine,0.9524194147768362,False,False
922186,UNKNOWN,UNKNOWN,0,99,99,,,2,1,198,2,unclear,0.9109141500795648,False,False
34710,WED029,R,9,0,9,,,22,7,198,9,gaba,0.7872843973081334,True,False
524668,PLP256,L,12,2,14,,,14,5,196,14,glutamate,0.6568657524287973,True,True
522889,MeLo8,L,48,1,49,,,4,1,196,4,gaba,0.8589462409208987,True,False
333663137,UNKNOWN,UNKNOWN,28,0,28,,,7,4,196,7,unclear,0.9747326673375373,True,False
14755,PVLP012,R,0,14,14,,,14,5,196,14,acetylcholine,0.9444075016178991,True,True
25435,LPLC1,L,0,2,2,,,98,6,196,2,acetylcholine,0.9584498361706054,False,False
14956,PS002,R,4,0,4,,,49,14,196,4,gaba,0.8504727911566446,True,False
11367,PVLP061,R,0,15,15,,,13,7,195,13,acetylcholine,0.9187795482387708,True,True
23870,CB1908,R,0,5,5,,,39,5,195,5,acetylcholine,0.9588952076548574,True,False
10852,LoVC18,L,0,3,3,,,65,22,195,3,dopamine,0.675541397438856,True,False
21180,LPLC1,R,0,3,3,,,65,4,195,3,acetylcholine,0.8761119999953574,True,False
20021,CB2472,L,0,2,2,,,97,11,194,2,acetylcholine,0.9576471613947708,False,False
19210,LPLC1,R,1,1,2,,,97,6,194,2,acetylcholine,0.921589150930804,False,False
26332,CB4101,L,24,0,24,,,8,2,192,8,acetylcholine,0.9445218769985386,True,False
30814,LPLC1,R,3,0,3,,,64,5,192,3,acetylcholine,0.9236587459093049,True,False
16137,LT73,R,6,10,16,,,12,4,192,12,glutamate,0.5519108632422822,True,True
526472,AVLP451,R,1,0,1,,,192,17,192,1,acetylcholine,0.9633032095995654,False,False
21093,UNKNOWN,R,0,7,7,,,27,7,189,7,acetylcholine,0.9557260055166434,True,False
15061,PVLP148,L,0,9,9,,,21,3,189,9,acetylcholine,0.9663622584158303,True,False
17963,AVLP126,R,25,2,27,,,7,2,189,7,acetylcholine,0.9315984254462373,True,False
18673,LT77,R,1,2,3,,,63,8,189,3,glutamate,0.7923982621962431,True,False
13671,MeLo8,R,58,5,63,,,3,1,189,3,gaba,0.8396303483779991,True,False
22552,AVLP552,L,0,2,2,,,94,10,188,2,glutamate,0.8211151355036935,False,False
11894,MeLo8,L,15,2,17,,,11,1,187,11,gaba,0.8659259831702025,True,True
13736,LoVC15,R,2,3,5,,,37,8,185,5,gaba,0.8534379691894659,True,False
14748,OCG02b,L,1,0,1,,,184,18,184,1,acetylcholine,0.9555231262865497,False,False
18211,CB4118,R,8,0,8,,,23,8,184,8,gaba,0.8644352104173094,True,False
10481,LPT50,R,0,61,61,,,3,2,183,3,gaba,0.8566085153460196,True,False
16657,CB4176,R,2,0,2,,,91,11,182,2,gaba,0.8757352864316337,False,False
25260,LPLC1,L,0,2,2,,,91,6,182,2,acetylcholine,0.949494498273555,False,False
524883,PLP074,R,2,0,2,,,91,14,182,2,gaba,0.806462906054796,False,False
10387,LT83,R,7,7,14,,,13,5,182,13,acetylcholine,0.9623730422072478,True,True
29225,CB0115,L,0,12,12,,,15,12,180,12,gaba,0.8408351325195279,True,True
11085,Li38,R,12,3,15,,,12,1,180,12,gaba,0.8743627306237381,True,True
13191,Li30,L,86,4,90,,,2,1,180,2,gaba,0.8786201199447498,False,False
59347,AVLP711m,L,0,20,20,,,9,5,180,9,acetylcholine,0.9501832835474264,True,False
10725,LAL047,L,0,15,15,,,12,3,180,12,gaba,0.7909527460833036,True,True
16866,aMe8,R,0,1,1,,,179,2,179,1,unclear,0.43779187124931807,False,False
197238745,UNKNOWN,UNKNOWN,12,10,22,,,8,2,176,8,unclear,0.9109141500795648,True,False
28652,LC9,R,4,0,4,,,44,2,176,4,acetylcholine,0.9360451146438332,True,False
24465,PVLP046,R,5,3,8,,,22,4,176,8,gaba,0.7071922545283912,True,False
10155,AVLP280,R,1,0,1,,,176,9,176,1,acetylcholine,0.9511930170455397,False,False
14946,AVLP285,R,0,5,5,,,35,6,175,5,acetylcholine,0.9625229396831319,True,False
19685,LPLC1,R,0,1,1,,,175,5,175,1,acetylcholine,0.9631674507551661,False,False
11626,PLP208,R,7,0,7,,,25,10,175,7,acetylcholine,0.9564043175729968,True,False
29435,LPLC1,L,1,2,3,,,58,4,174,3,acetylcholine,0.9412544572817496,True,False
43059,LC9,L,1,2,3,,,58,4,174,3,acetylcholine,0.820280230272483,True,False
512617,CB2153,L,2,0,2,,,87,12,174,2,acetylcholine,0.9474128031463189,False,False
40131,LC9,R,1,2,3,,,58,4,174,3,acetylcholine,0.938886672179799,True,False
33897,LPLC1,R,0,2,2,,,86,6,172,2,acetylcholine,0.965074859137816,False,False
19233,LoVP18,R,3,0,3,,,57,6,171,3,acetylcholine,0.9194834095753929,True,False
523528,PVLP014,R,0,3,3,,,57,9,171,3,acetylcholine,0.9647816773212244,True,False
23116,LPLC1,R,0,3,3,,,57,6,171,3,acetylcholine,0.9536832127044371,True,False
15139,PS002,L,3,0,3,,,57,13,171,3,gaba,0.8654562412765132,True,False
46977,AVLP149,L,19,0,19,,,9,5,171,9,acetylcholine,0.9025600558370146,True,False
22399,AVLP517,R,0,34,34,,,5,2,170,5,acetylcholine,0.9261281364704546,True,False
21684,LPLC1,L,3,0,3,,,56,4,168,3,acetylcholine,0.9445749189471586,True,False
519930,LC11,L,5,1,6,,,28,1,168,6,acetylcholine,0.969776276534382,True,False
30877,LPLC1,L,1,1,2,,,84,6,168,2,acetylcholine,0.9397072542562538,False,False
26033,LPLC1,R,1,2,3,,,56,5,168,3,acetylcholine,0.9419470726171192,True,False
524521,PLP163,R,0,3,3,,,56,11,168,3,acetylcholine,0.9632431449431877,True,False
11049,Li30,L,54,2,56,,,3,1,168,3,gaba,0.873167959846037,True,False
11973,LT84,L,0,1,1,,,168,2,168,1,acetylcholine,0.9512901444012974,False,False
33599,LPLC1,L,1,2,3,,,56,6,168,3,acetylcholine,0.8655814496036845,True,False
31132,LPLC1,R,0,4,4,,,41,6,164,4,acetylcholine,0.9414111990351115,True,False
12423,AVLP536,R,3,1,4,,,41,8,164,4,glutamate,0.5909583879508601,True,False
60254,WED106,L,2,0,2,,,82,8,164,2,gaba,0.8179145250992037,False,False
14503,AVLP126,L,52,2,54,,,3,3,162,3,acetylcholine,0.9310582073942575,True,False
18621,CB0929,L,0,18,18,,,9,5,162,9,acetylcholine,0.9623438580707284,True,False
522344,AVLP746m,L,4,0,4,,,40,6,160,4,acetylcholine,0.9595020458717768,True,False
11601,5-HTPLP01,R,0,2,2,,,80,14,160,2,glutamate,0.5916865401792205,False,False
10693,LoVP101,R,3,1,4,,,40,7,160,4,acetylcholine,0.9611035280289673,True,False
523984,LC9,L,1,1,2,,,80,6,160,2,acetylcholine,0.9263850675792614,False,False
19089,AVLP204,R,3,0,3,,,53,10,159,3,gaba,0.8108509696295549,True,False
12661,LPLC1,L,1,0,1,,,159,6,159,1,acetylcholine,0.9080510188847762,False,False
15561,PS182,L,1,0,1,,,157,16,157,1,acetylcholine,0.9721107336163094,False,False
15062,OCG02b,R,1,0,1,,,156,19,156,1,acetylcholine,0.9516487568973983,False,False
541861,MeLo13,L,16,10,26,,,6,1,156,6,glutamate,0.7598384847321977,True,False
26552,LC9,L,4,2,6,,,26,4,156,6,acetylcholine,0.9360589252488493,True,False
23333,LPLC1,R,2,0,2,,,78,6,156,2,acetylcholine,0.9135181435439582,False,False
33910,LPLC1,L,1,2,3,,,52,6,156,3,acetylcholine,0.9457748662368736,True,False
20930,WED015,R,5,0,5,,,31,3,155,5,gaba,0.8443804582514409,True,False
19862,PVLP144,R,0,7,7,,,22,7,154,7,acetylcholine,0.9698745512537039,True,False
22098,PLP150,L,7,0,7,,,22,8,154,7,acetylcholine,0.8989391786080985,True,False
18115,LC23,L,0,2,2,,,77,12,154,2,acetylcholine,0.9542420448486615,False,False
16385,PVLP072,R,0,22,22,,,7,3,154,7,acetylcholine,0.966429303993591,True,False
13485,MeLo8,L,15,2,17,,,9,1,153,9,gaba,0.8657268392133627,True,False
13842,LPT29,R,1,8,9,,,17,7,153,9,acetylcholine,0.934146789611489,True,False
514526,CL128a,L,1,0,1,,,153,14,153,1,gaba,0.7986068356807494,False,False
28621,LoVP25,L,0,9,9,,,17,4,153,9,acetylcholine,0.9683613675554608,True,False
62042,LC31a,L,0,1,1,,,152,12,152,1,acetylcholine,0.8809261265833542,False,False
17254,CB0440,R,2,0,2,,,75,9,150,2,acetylcholine,0.9571937983495343,False,False
10718,LT1c,L,3,3,6,,,25,3,150,6,acetylcholine,0.9550843191834968,True,False
16144,LoVP26,L,8,17,25,,,6,2,150,6,acetylcholine,0.9553645833773166,True,False
11522,LT86,R,0,2,2,,,75,3,150,2,acetylcholine,0.9500920837776221,False,False
53844,MeLo13,R,13,12,25,,,6,1,150,6,glutamate,0.7179377780320239,True,False
32529,LC14a-1,L,29,1,30,,,5,2,150,5,acetylcholine,0.9597273864149574,True,False
20036,LPLC1,R,1,1,2,,,74,6,148,2,acetylcholine,0.9603765637798434,False,False
30638,LC9,R,4,0,4,,,37,2,148,4,acetylcholine,0.9462806292098577,True,False
112648,MeLo13,L,18,3,21,,,7,1,147,7,glutamate,0.7103252710490764,True,False
22329,LPLC1,L,3,0,3,,,49,5,147,3,acetylcholine,0.9542801723640273,True,False
20292,LPLC1,L,1,1,2,,,73,7,146,2,acetylcholine,0.9131949423413589,False,False
22307,LoVP26,R,0,29,29,,,5,1,145,5,acetylcholine,0.9505991157486405,True,False
14833,LT74,L,7,2,9,,,16,3,144,9,glutamate,0.6780314662864024,True,False
308916130,UNKNOWN,UNKNOWN,0,24,24,,,6,2,144,6,unclear,0.9747326673375373,True,False
25528,LC9,R,3,3,6,,,24,2,144,6,acetylcholine,0.9498545539250441,True,False
36377,LPLC1,R,0,2,2,,,71,6,142,2,acetylcholine,0.9309493457414292,False,False
49678,MeLo13,L,27,20,47,,,3,2,141,3,glutamate,0.7194109866993486,True,False
16768,LPLC1,L,1,1,2,,,70,5,140,2,acetylcholine,0.9353380122699585,False,False
33592,MeLo13,R,24,11,35,,,4,2,140,4,glutamate,0.6841083688496045,True,False
11349,AVLP572,L,0,1,1,,,139,13,139,1,acetylcholine,0.928092943166494,False,False
21967,LPLC1,L,2,0,2,,,68,6,136,2,acetylcholine,0.9415220024353803,False,False
81551,LC31a,L,1,0,1,,,136,9,136,1,acetylcholine,0.8423121322452058,False,False
16530,SAD044,L,0,1,1,,,136,6,136,1,acetylcholine,0.9564171848820495,False,False
23938,LPLC1,R,0,1,1,,,136,6,136,1,acetylcholine,0.9533430011656598,False,False
13015,Li11a,L,4,5,9,,,15,2,135,9,gaba,0.8866471071777925,True,False
52297,LC11,L,2,7,9,,,15,2,135,9,acetylcholine,0.7545731022659875,True,False
24508,LPLC1,R,1,2,3,,,45,6,135,3,acetylcholine,0.9476915920149972,True,False
42517,LPLC1,R,2,1,3,,,45,5,135,3,acetylcholine,0.9263678686360763,True,False
27152,LC9,L,2,1,3,,,45,2,135,3,acetylcholine,0.9268845637780071,True,False
28723,LPLC1,R,2,1,3,,,45,7,135,3,acetylcholine,0.9524137815625177,True,False
15281,Li17,R,5,10,15,,,9,2,135,9,gaba,0.8188189755521041,True,False
10413,CB4248,R,2,0,2,,,67,10,134,2,gaba,0.7922496383651895,False,False
40628,LLPC2,R,0,7,7,,,19,1,133,7,acetylcholine,0.920301221984301,True,False
48080,LC22,L,1,5,6,,,22,2,132,6,acetylcholine,0.9573129580905823,True,False
533468,LC35a,L,5,7,12,,,11,3,132,11,acetylcholine,0.9415286889414352,True,True
17576,Li17,R,3,3,6,,,22,1,132,6,gaba,0.8187420408195039,True,False
11696,LPT26,R,0,44,44,,,3,2,132,3,acetylcholine,0.9443393241362148,True,False
12262,CL213,R,0,22,22,,,6,5,132,6,acetylcholine,0.9559709647295322,True,False
30351,LC9,L,0,2,2,,,66,5,132,2,acetylcholine,0.9278924777205635,False,False
14462,MeLo8,R,65,0,65,,,2,1,130,2,gaba,0.8329172174052817,False,False
523842,AVLP449,L,0,1,1,,,130,6,130,1,gaba,0.828250747379909,False,False
37767,LC22,R,5,0,5,,,26,4,130,5,acetylcholine,0.9645420085557069,True,False
37441,LPLC1,R,1,2,3,,,43,5,129,3,acetylcholine,0.9206659082135605,True,False
883314150,UNKNOWN,UNKNOWN,32,0,32,,,4,1,128,4,unclear,0.8353180071178595,True,False
25484,LC9,L,2,0,2,,,64,3,128,2,acetylcholine,0.9205100938937881,False,False
11254,LT41,R,7,1,8,,,16,2,128,8,gaba,0.8605785518621599,True,False
54889,LC9,L,0,2,2,,,64,5,128,2,acetylcholine,0.8291415688907618,False,False
10269,OA-AL2i2,R,3,13,16,,,8,5,128,8,octopamine,0.8988975080051371,True,False
22562,PVLP082,R,0,2,2,,,64,7,128,2,gaba,0.7121819483219886,False,False
12475,LoVC15,R,6,0,6,,,21,4,126,6,gaba,0.876500923264829,True,False
88236,WED124,R,9,0,9,,,14,3,126,9,acetylcholine,0.9312126655203131,True,False
53131,LLPC2,R,1,5,6,,,21,1,126,6,acetylcholine,0.9523434848720636,True,False
25055,LoVP26,R,1,13,14,,,9,4,126,9,acetylcholine,0.9325989569090348,True,False
15168,LT74,L,12,9,21,,,6,3,126,6,glutamate,0.6505567995204337,True,False
24691,LoVP25,R,0,14,14,,,9,2,126,9,acetylcholine,0.9652688048365632,True,False
758115936,UNKNOWN,UNKNOWN,7,0,7,,,18,5,126,7,unclear,0.9747326673375374,True,False
23175,LC14a-1,R,19,6,25,,,5,1,125,5,acetylcholine,0.9387170235074983,True,False
631339060,UNKNOWN,UNKNOWN,0,31,31,,,4,2,124,4,unclear,0.9747326673375373,True,False
10278,5-HTPMPV03,L,1,3,4,,,31,17,124,4,serotonin,0.7850591612122783,True,False
520078,LPLC1,L,2,0,2,,,62,5,124,2,acetylcholine,0.9501604233986783,False,False
517741,LC9,L,3,0,3,,,41,2,123,3,acetylcholine,0.9091988232274978,True,False
82816,LPLC1,L,0,1,1,,,123,6,123,1,acetylcholine,0.9487657140152852,False,False
21220,LPLC1,R,1,0,1,,,122,5,122,1,acetylcholine,0.9600899532534521,False,False
521059,PLP019,L,1,0,1,,,121,19,121,1,gaba,0.8558849231049755,False,False
96296,LC39a,L,6,5,11,,,11,2,121,11,glutamate,0.6915082304876835,True,True
15774,AVLP109,R,3,0,3,,,40,10,120,3,acetylcholine,0.9458181663750512,True,False
10602,AVLP200,L,0,6,6,,,20,5,120,6,gaba,0.8666028109149452,True,False
36693,LC22,R,0,4,4,,,30,8,120,4,acetylcholine,0.9668030531838486,True,False
521493,AVLP203_a,L,0,10,10,,,12,2,120,10,gaba,0.7932018626206132,True,True
26192,LC9,R,3,0,3,,,40,3,120,3,acetylcholine,0.9339954221299883,True,False
11580,AVLP539,L,0,1,1,,,119,15,119,1,glutamate,0.6519630460883322,False,False
18473,CB1557,R,7,0,7,,,17,4,119,7,acetylcholine,0.9665468639770964,True,False
533649,LT77,L,4,3,7,,,17,4,119,7,glutamate,0.8005351895286664,True,False
29173,PVLP113,R,9,0,9,,,13,3,117,9,gaba,0.8343520175281006,True,False
16411,AVLP203_a,R,0,9,9,,,13,4,117,9,gaba,0.748627523815704,True,False
519772,CL203,R,0,1,1,,,116,8,116,1,acetylcholine,0.9667781482955299,False,False
14709,MeLo8,R,57,1,58,,,2,2,116,2,gaba,0.8399051863054676,False,False
61914,LLPC2,L,1,3,4,,,29,1,116,4,acetylcholine,0.9594337762645977,True,False
30449,LC9,R,3,1,4,,,29,2,116,4,acetylcholine,0.9285064662553751,True,False
12397,LPLC1,L,1,0,1,,,114,6,114,1,acetylcholine,0.9480577998379576,False,False
52863,LC31a,R,0,1,1,,,114,9,114,1,acetylcholine,0.8944788430474654,False,False
58456,WED015,L,1,2,3,,,38,4,114,3,gaba,0.8466957649278047,True,False
15520,PVLP073,L,0,113,113,,,1,1,113,1,acetylcholine,0.9733855356065108,False,False
12488,AVLP536,L,2,0,2,,,56,13,112,2,glutamate,0.5886979963614448,False,False
14996,PVLP139,L,0,4,4,,,28,2,112,4,acetylcholine,0.9623897530731819,True,False
84290,UNKNOWN,L,0,4,4,,,28,9,112,4,acetylcholine,0.9538827515827688,True,False
129654,PVLP065,L,14,0,14,,,8,4,112,8,acetylcholine,0.9070700351935808,True,False
43333,LC22,R,1,6,7,,,16,5,112,7,acetylcholine,0.9509209220705688,True,False
25661,LC22,R,0,3,3,,,37,3,111,3,acetylcholine,0.9637450653973595,True,False
41612,CB1638,R,1,0,1,,,111,11,111,1,acetylcholine,0.969203018619396,False,False
57672,LLPC2,R,0,10,10,,,11,1,110,10,acetylcholine,0.9233624307079406,True,True
524002,UNKNOWN,L,22,0,22,,,5,2,110,5,acetylcholine,0.9615434103541237,True,False
20508,LPLC1,R,0,2,2,,,55,4,110,2,acetylcholine,0.8963910240618232,False,False
35614,CB1934,R,0,1,1,,,109,11,109,1,acetylcholine,0.9285920075382764,False,False
30509,PVLP112,R,9,0,9,,,12,4,108,9,gaba,0.8431243815524665,True,False
14528,MeLo8,R,49,5,54,,,2,1,108,2,gaba,0.8568412212256739,False,False
516484,LoVP18,L,3,1,4,,,27,4,108,4,acetylcholine,0.9619747561939312,True,False
21850,LPLC1,R,1,1,2,,,54,7,108,2,acetylcholine,0.941998073263867,False,False
75060,WED047,L,6,0,6,,,18,7,108,6,acetylcholine,0.9685083683091092,True,False
29887,PVLP128,R,2,0,2,,,54,10,108,2,acetylcholine,0.9628836037184317,False,False
31993,LC22,R,4,0,4,,,27,4,108,4,acetylcholine,0.9533721311421685,True,False
512347,AVLP153,L,0,106,106,,,1,1,106,1,acetylcholine,0.9622159525278734,False,False
14006,vCal2,R,0,2,2,,,53,3,106,2,glutamate,0.7150389970712157,False,False
12634,LT75,L,0,3,3,,,35,2,105,3,acetylcholine,0.9585544775456297,True,False
14778,MeLo8,R,17,4,21,,,5,1,105,5,gaba,0.8551985687002046,True,False
54171,LC22,R,0,4,4,,,26,5,104,4,acetylcholine,0.9364805967790353,True,False
22187,CB1314,R,2,0,2,,,52,6,104,2,gaba,0.8857864925713498,False,False
28586,LPLC1,R,1,0,1,,,104,6,104,1,acetylcholine,0.9286308865160426,False,False
20083,LPLC1,R,1,1,2,,,52,4,104,2,acetylcholine,0.9352260690168624,False,False
15049,LPLC1,L,0,1,1,,,104,8,104,1,acetylcholine,0.9626887704966892,False,False
34276,LC9,R,1,1,2,,,52,5,104,2,acetylcholine,0.9260108653486107,False,False
33588,LC9,R,3,1,4,,,26,2,104,4,acetylcholine,0.9377392216031154,True,False
10407,AVLP609,L,2,0,2,,,51,8,102,2,gaba,0.8275111053962431,False,False
511797,LoVC11,L,1,0,1,,,100,8,100,1,gaba,0.8728506354673712,False,False
12931,LoVC15,R,3,1,4,,,25,3,100,4,gaba,0.8525402450261232,True,False
580152,LC35a,L,2,8,10,,,10,3,100,10,acetylcholine,0.9487817043700179,True,True
19026,CB0929,R,0,9,9,,,11,3,99,9,acetylcholine,0.9595466339048991,True,False
18413,Li17,L,4,3,7,,,14,2,98,7,gaba,0.8142615737693246,True,False
131636,CB4170,L,0,7,7,,,14,7,98,7,gaba,0.8546271294766474,True,False
10072,OA-AL2i1,R,2,12,14,,,7,6,98,7,octopamine,0.8978239106529285,True,False
22828,PVLP080_b,L,0,1,1,,,98,11,98,1,gaba,0.8678071573044326,False,False
12567,PVLP072,L,0,7,7,,,14,1,98,7,acetylcholine,0.9696539114408103,True,False
25624,LPLC1,R,0,1,1,,,97,5,97,1,acetylcholine,0.9517044798495119,False,False
11562,MeVP18,L,0,1,1,,,97,20,97,1,glutamate,0.7237704861293193,False,False
15516,LC9,L,4,0,4,,,24,2,96,4,acetylcholine,0.9478519024057328,True,False
13733,MeLo8,L,16,0,16,,,6,2,96,6,gaba,0.8429851212942162,True,False
24905,MeLo13,L,17,15,32,,,3,2,96,3,glutamate,0.7037859907023288,True,False
15374,PVLP213m,R,0,24,24,,,4,1,96,4,acetylcholine,0.9666098693101831,True,False
71404,WED060,L,0,1,1,,,96,8,96,1,acetylcholine,0.9747326673375373,False,False
13588,Li30,R,90,3,93,,,1,1,93,1,gaba,0.8632917358542714,False,False
13223,LoVP18,L,2,1,3,,,31,3,93,3,acetylcholine,0.9670527774216167,True,False
19910,PVLP074,R,0,2,2,,,46,6,92,2,acetylcholine,0.9747326673375373,False,False
10685,LoVP101,L,0,4,4,,,23,8,92,4,acetylcholine,0.9635137464483468,True,False
19035,AVLP126,R,23,0,23,,,4,1,92,4,acetylcholine,0.9068161872244611,True,False
41860,LC9,R,0,2,2,,,46,3,92,2,acetylcholine,0.9350416160321833,False,False
13706,LT85,L,1,1,2,,,46,4,92,2,acetylcholine,0.9536837671437935,False,False
22774,Li26,R,2,2,4,,,23,1,92,4,gaba,0.8833090048734631,True,False
33139,LLPC2,R,0,7,7,,,13,1,91,7,acetylcholine,0.940664683214198,True,False
10896,MeVP51,R,0,1,1,,,91,13,91,1,glutamate,0.7222555030927383,False,False
10372,LT1d,R,6,9,15,,,6,3,90,6,acetylcholine,0.9683836804109089,True,False
49349,LLPC2,L,1,2,3,,,30,2,90,3,acetylcholine,0.8448496399785992,True,False
10265,OA-AL2i2,L,3,15,18,,,5,4,90,5,octopamine,0.9023657148791966,True,False
521515,LC9,L,2,0,2,,,45,3,90,2,acetylcholine,0.9353430790957712,False,False
31251,MeLo13,R,18,12,30,,,3,1,90,3,glutamate,0.7748009695635468,True,False
11768,AVLP593,L,3,0,3,,,30,13,90,3,unclear,0.35746108667485,True,False
512070,PVLP135,L,0,10,10,,,9,4,90,9,acetylcholine,0.958480286407872,True,False
723283570,UNKNOWN,UNKNOWN,18,0,18,,,5,3,90,5,unclear,0.9747326673375373,True,False
11719,PLP256,R,15,0,15,,,6,3,90,6,glutamate,0.6284796893002336,True,False
535974,PLP190,L,9,0,9,,,10,5,90,9,acetylcholine,0.804341053375226,True,False
10317,LPT59,L,0,11,11,,,8,2,88,8,glutamate,0.7344213271485105,True,False
46646,LLPC2,R,0,4,4,,,22,2,88,4,acetylcholine,0.921165432207866,True,False
11887,LT82b,R,71,17,88,,,1,1,88,1,acetylcholine,0.9550188290476965,False,False
55634,LC31a,R,1,0,1,,,88,7,88,1,acetylcholine,0.8968500578516858,False,False
31321,PVLP209m,R,0,11,11,,,8,4,88,8,acetylcholine,0.9410800925329467,True,False
37331,MeLo13,R,16,13,29,,,3,1,87,3,glutamate,0.7237361720282942,True,False
55129,LC31a,R,0,1,1,,,86,7,86,1,acetylcholine,0.9407786839805292,False,False
40675,LC9,R,0,2,2,,,43,4,86,2,acetylcholine,0.9115794420123787,False,False
22667,MeLo14,L,5,0,5,,,17,2,85,5,glutamate,0.7699796961530769,True,False
10962,LAL026_a,L,0,5,5,,,17,10,85,5,acetylcholine,0.9550299355565652,True,False
517165,CB4176,L,1,0,1,,,84,6,84,1,gaba,0.8631100938825674,False,False
16518,PVLP126_b,L,3,0,3,,,28,6,84,3,acetylcholine,0.8709365321356107,True,False
805992,AN27X011,R,2,1,3,,,28,9,84,3,acetylcholine,0.7113962407392278,True,False
15439,LC9,L,1,1,2,,,42,2,84,2,acetylcholine,0.9334013629004769,False,False
30954,MeLo13,R,16,5,21,,,4,1,84,4,glutamate,0.6884429976228792,True,False
112992,LoVP26,L,4,10,14,,,6,2,84,6,acetylcholine,0.952972835676604,True,False
10085,Am1,L,2,12,14,,,6,2,84,6,gaba,0.8792739470533166,True,False
13775,AVLP299_d,R,1,0,1,,,83,7,83,1,acetylcholine,0.9515408273159363,False,False
19476,LC9,L,0,2,2,,,41,6,82,2,acetylcholine,0.9211797891074788,False,False
11268,CL319,L,0,1,1,,,82,20,82,1,acetylcholine,0.9683898268894366,False,False
16494,CB4248,R,1,0,1,,,82,10,82,1,gaba,0.8342623449867109,False,False
517122,LC9,L,1,1,2,,,41,3,82,2,acetylcholine,0.9143284716310595,False,False
18420,LoVP18,R,2,1,3,,,27,6,81,3,acetylcholine,0.9439222235153594,True,False
76145,LoVP92,L,0,9,9,,,9,1,81,9,acetylcholine,0.880064502216926,True,False
20560,AVLP552,R,0,1,1,,,81,9,81,1,glutamate,0.8282938947385212,False,False
23710,PVLP110,R,0,80,80,,,1,1,80,1,gaba,0.7920002728659983,False,False
209829411,UNKNOWN,UNKNOWN,0,10,10,,,8,4,80,8,unclear,0.9747326673375373,True,False
23314,LC9,L,3,1,4,,,20,2,80,4,acetylcholine,0.9487842364802794,True,False
13907,Li11a,L,8,2,10,,,8,2,80,8,gaba,0.8840847866755537,True,False
11214,LoVC22,L,0,5,5,,,16,10,80,5,dopamine,0.7543310107086437,True,False
40255,LC9,L,1,1,2,,,40,3,80,2,acetylcholine,0.9186753227975708,False,False
43058,LC9,R,1,1,2,,,39,4,78,2,acetylcholine,0.8896923820100214,False,False
41642,WED015,R,0,13,13,,,6,3,78,6,gaba,0.7803687086350394,True,False
14867,Li11a,R,3,3,6,,,13,1,78,6,gaba,0.885014057922584,True,False
19645,LoVP92,R,0,26,26,,,3,1,78,3,acetylcholine,0.7045041485585267,True,False
43837,LHAV2b4,L,0,1,1,,,77,6,77,1,acetylcholine,0.9515103169243447,False,False
11079,LoVC22,R,1,6,7,,,11,5,77,7,dopamine,0.6999619555990485,True,False
531636,PLP099,L,11,0,11,,,7,2,77,7,acetylcholine,0.9638079286158857,True,False
67003,LLPC1,R,1,6,7,,,11,2,77,7,acetylcholine,0.9600111034471334,True,False
44269,LLPC2,L,0,4,4,,,19,1,76,4,acetylcholine,0.9686846140520702,True,False
35436,LHAV2b4,R,0,4,4,,,19,5,76,4,acetylcholine,0.9698205428417265,True,False
18319,TmY19b,R,4,0,4,,,19,1,76,4,gaba,0.6644640732490885,True,False
11250,AVLP501,R,0,2,2,,,38,9,76,2,acetylcholine,0.9650596437081402,False,False
44327,LLPC2,L,0,5,5,,,15,2,75,5,acetylcholine,0.9609638538626143,True,False
29547,CB1314,R,1,0,1,,,75,9,75,1,gaba,0.8452565218235918,False,False
518733,AN17B013,R,3,0,3,,,25,6,75,3,gaba,0.7635007231839008,True,False
24820,LPLC1,L,1,0,1,,,74,5,74,1,acetylcholine,0.9503851629999844,False,False
28656,LPLC1,L,1,0,1,,,73,4,73,1,acetylcholine,0.9563105820447004,False,False
10348,AVLP501,L,1,0,1,,,73,13,73,1,acetylcholine,0.9680679872503533,False,False
29904,LC11,R,2,2,4,,,18,1,72,4,acetylcholine,0.9492307456376249,True,False
132520,PVLP068,L,9,0,9,,,8,2,72,8,acetylcholine,0.957705135353231,True,False
22340,CB4116,R,0,12,12,,,6,2,72,6,acetylcholine,0.9390067039941085,True,False
20170,AN17B013,R,2,0,2,,,36,4,72,2,gaba,0.780428136105695,False,False
27860,LC9,L,3,1,4,,,18,2,72,4,acetylcholine,0.9448617436221426,True,False
520392,LC22,L,2,4,6,,,12,3,72,6,acetylcholine,0.9578346376049586,True,False
34834,LLPC2,R,1,3,4,,,18,2,72,4,acetylcholine,0.9169033273171123,True,False
32014,LC22,R,2,1,3,,,24,4,72,3,acetylcholine,0.9492671798197811,True,False
19730,MeLo14,L,8,0,8,,,9,1,72,8,glutamate,0.830036554511236,True,False
16958,CB4248,R,1,0,1,,,71,6,71,1,gaba,0.866916586318399,False,False
512199,Li17,L,6,4,10,,,7,2,70,7,gaba,0.8402419420625278,True,False
36220,LLPC2,R,0,7,7,,,10,2,70,7,acetylcholine,0.9101099597504404,True,False
20176,LC11,R,1,1,2,,,35,2,70,2,acetylcholine,0.9659086714830493,False,False
14380,MeLo8,R,13,1,14,,,5,1,70,5,gaba,0.8736286776031715,True,False
59024,LLPC2,R,1,4,5,,,14,1,70,5,acetylcholine,0.9747326673375373,True,False
18924,PVLP080_a,R,0,1,1,,,69,9,69,1,gaba,0.8255042271246408,False,False
13376,Li30,R,64,5,69,,,1,1,69,1,gaba,0.8339632483016758,False,False
24644,MeLo13,R,40,29,69,,,1,1,69,1,glutamate,0.7174177943428245,False,False
21240,LPLC1,R,1,0,1,,,69,6,69,1,acetylcholine,0.9503115613008062,False,False
47472,AVLP149,L,23,0,23,,,3,2,69,3,acetylcholine,0.8521657395731678,True,False
18167,CB1948,R,2,0,2,,,34,5,68,2,gaba,0.8556012419338098,False,False
96210,LT74,L,1,3,4,,,17,5,68,4,glutamate,0.7568440466692661,True,False
21570,LC11,R,2,0,2,,,34,1,68,2,acetylcholine,0.9724625196348115,False,False
47933,LC6,R,0,4,4,,,17,5,68,4,acetylcholine,0.9493181050718756,True,False
13062,WED107,L,1,0,1,,,67,13,67,1,acetylcholine,0.9644950907744588,False,False
10093,Am1,R,0,11,11,,,6,3,66,6,gaba,0.886853987401077,True,False
62685,LPC1,R,0,11,11,,,6,1,66,6,acetylcholine,0.9683662954580982,True,False
23063,Li26,L,3,3,6,,,11,1,66,6,gaba,0.8947783792196261,True,False
30856,LC9,R,1,1,2,,,33,3,66,2,acetylcholine,0.9333767692481486,False,False
13715,CL365,R,0,2,2,,,33,17,66,2,serotonin,0.5483395319303338,False,False
31498,LC9,R,3,0,3,,,22,3,66,3,acetylcholine,0.9210153967221264,True,False
42075,LLPC2,L,0,5,5,,,13,2,65,5,acetylcholine,0.961422760258542,True,False
25065,MeLo13,R,36,29,65,,,1,1,65,1,glutamate,0.6925488250527752,False,False
23396,LC9,L,3,2,5,,,13,2,65,5,acetylcholine,0.9321396113957807,True,False
28393,LC9,L,1,4,5,,,13,3,65,5,acetylcholine,0.9540807621461824,True,False
30798,MeLo13,R,15,17,32,,,2,1,64,2,glutamate,0.7412910696014775,False,False
27891,LC9,R,3,1,4,,,16,2,64,4,acetylcholine,0.9029948805335932,True,False
10011,OA-AL2i1,L,1,7,8,,,8,4,64,8,octopamine,0.9028908693597331,True,False
13762,PVLP201m_a,L,4,0,4,,,16,6,64,4,acetylcholine,0.9618120316284078,True,False
11353,CL319,R,0,1,1,,,64,16,64,1,acetylcholine,0.9653655553169136,False,False
19365,Li17,L,6,2,8,,,8,2,64,8,gaba,0.7976190274473492,True,False
20150,LC9,L,4,0,4,,,16,1,64,4,acetylcholine,0.960098668061484,True,False
10188,LoVC6,R,1,2,3,,,21,7,63,3,gaba,0.8833024051406725,True,False
28220,CB1932,L,1,2,3,,,21,10,63,3,acetylcholine,0.9232823417623154,True,False
12979,LT75,R,0,3,3,,,21,1,63,3,acetylcholine,0.9533208414480199,True,False
586889102,UNKNOWN,UNKNOWN,21,0,21,,,3,2,63,3,unclear,0.9109141500795648,True,False
13584,GNG517,R,3,0,3,,,21,8,63,3,acetylcholine,0.653789280080233,True,False
15468,MeLo8,R,27,4,31,,,2,1,62,2,gaba,0.8770765008207713,False,False
16745,LT77,L,0,1,1,,,62,5,62,1,glutamate,0.7668212732913684,False,False
38019,LC9,L,2,0,2,,,31,3,62,2,acetylcholine,0.8689040741105613,False,False
530685,PVLP107,R,0,1,1,,,62,5,62,1,glutamate,0.6659559685813373,False,False
22893,LC11,R,2,0,2,,,31,1,62,2,acetylcholine,0.9659406857252895,False,False
61298,LC9,L,0,1,1,,,61,4,61,1,acetylcholine,0.9094182656013731,False,False
80621,LPC1,R,0,10,10,,,6,3,60,6,acetylcholine,0.9747326673375374,True,False
23923,LC9,R,2,1,3,,,20,4,60,3,acetylcholine,0.9515198558620541,True,False
35452,PVLP144,R,0,3,3,,,20,8,60,3,acetylcholine,0.9592354462088688,True,False
20884,LT77,R,2,3,5,,,12,2,60,5,glutamate,0.8026991668780529,True,False
78027,Tlp13,R,0,6,6,,,10,1,60,6,glutamate,0.8260490608047033,True,False
35006,LC9,R,2,0,2,,,30,2,60,2,acetylcholine,0.9238572617515339,False,False
72607,LPC1,R,0,5,5,,,12,2,60,5,acetylcholine,0.9666358071978151,True,False
34986,LC22,R,1,2,3,,,20,4,60,3,acetylcholine,0.9553927443341829,True,False
14774,LT51,L,1,2,3,,,20,2,60,3,glutamate,0.7629544356293522,True,False
77876,PVLP209m,R,0,3,3,,,20,5,60,3,acetylcholine,0.9142867781716296,True,False
75025,LC21,L,4,0,4,,,15,1,60,4,acetylcholine,0.9349753549891352,True,False
21249,LC11,R,3,0,3,,,20,1,60,3,acetylcholine,0.9588978144319749,True,False
44510,LLPC2,R,0,4,4,,,15,1,60,4,acetylcholine,0.9288655639350563,True,False
33009,WED118,R,0,6,6,,,10,3,60,6,acetylcholine,0.9539468595345125,True,False
80751,CB4101,R,12,0,12,,,5,1,60,5,acetylcholine,0.9666694041278555,True,False
22913,LC39a,L,0,1,1,,,60,2,60,1,glutamate,0.684502462754116,False,False
39356,LLPC1,R,0,6,6,,,10,3,60,6,acetylcholine,0.9664115481248258,True,False
41663,LC22,R,2,0,2,,,30,2,60,2,acetylcholine,0.9537699949588985,False,False
24604,LC9,R,1,1,2,,,30,3,60,2,acetylcholine,0.9433234221857997,False,False
10052,LoVC14,L,15,0,15,,,4,1,60,4,gaba,0.8886132444915049,True,False
15557,AVLP705m,L,0,1,1,,,60,5,60,1,acetylcholine,0.959896014577899,False,False
10250,LT79,R,1,11,12,,,5,4,60,5,acetylcholine,0.9528678140218195,True,False
10398,LT1d,L,13,2,15,,,4,2,60,4,acetylcholine,0.954109442450193,True,False
32290,LPLC1,L,0,1,1,,,59,4,59,1,acetylcholine,0.9307860223359568,False,False
20794,LC14a-1,R,13,16,29,,,2,1,58,2,acetylcholine,0.9353794124200815,False,False
130240,WED015,L,0,2,2,,,29,6,58,2,gaba,0.7836417658237591,False,False
13080,AVLP537,R,0,3,3,,,19,6,57,3,glutamate,0.6288432132243077,True,False
38082,LC22,R,0,3,3,,,19,2,57,3,acetylcholine,0.9440208143945568,True,False
125927,LPLC1,L,0,1,1,,,57,3,57,1,acetylcholine,0.9578215212910272,False,False
27998,LC9,L,3,0,3,,,19,3,57,3,acetylcholine,0.9364434360207682,True,False
921691269,UNKNOWN,UNKNOWN,19,0,19,,,3,3,57,3,unclear,0.9747326673375373,True,False
36539,LC11,R,2,1,3,,,19,2,57,3,acetylcholine,0.9390130305662616,True,False
512201,LC9,L,3,1,4,,,14,2,56,4,acetylcholine,0.9487429540472826,True,False
27976,LPC1,L,0,8,8,,,7,2,56,7,acetylcholine,0.963728490962081,True,False
420508281,UNKNOWN,UNKNOWN,0,8,8,,,7,3,56,7,unclear,0.9747326673375373,True,False
428291409,UNKNOWN,UNKNOWN,0,14,14,,,4,3,56,4,unclear,0.915414878397711,True,False
28655,LC16,L,2,0,2,,,28,2,56,2,acetylcholine,0.9705461070872348,False,False
13673,MeLo8,R,55,1,56,,,1,1,56,1,gaba,0.8610268068612226,False,False
211619172,UNKNOWN,UNKNOWN,28,0,28,,,2,1,56,2,unclear,0.6895796847635727,False,False
16859,LT77,R,5,3,8,,,7,4,56,7,glutamate,0.7907099666531305,True,False
23616,LC9,R,1,3,4,,,14,2,56,4,acetylcholine,0.963559246208758,True,False
10255,MeVCMe1,L,1,6,7,,,8,6,56,7,acetylcholine,0.9284542038043572,True,False
1001103000,UNKNOWN,UNKNOWN,28,0,28,,,2,2,56,2,unclear,0.9747326673375373,False,False
16611,TmY19b,R,5,2,7,,,8,2,56,7,gaba,0.7839075765610769,True,False
62766,LLPC1,R,1,4,5,,,11,2,55,5,acetylcholine,0.9747326673375373,True,False
33604,LC9,L,0,1,1,,,55,5,55,1,acetylcholine,0.931956791418154,False,False
20006,CB4118,L,5,0,5,,,11,6,55,5,gaba,0.8190420276357255,True,False
16325,TmY19b,R,11,0,11,,,5,1,55,5,gaba,0.7741203052727941,True,False
14364,AN10B019,L,1,0,1,,,54,13,54,1,acetylcholine,0.9216464084018318,False,False
26920,LC9,L,2,4,6,,,9,1,54,6,acetylcholine,0.9258187979331219,True,False
15613,AVLP492,L,0,1,1,,,54,8,54,1,acetylcholine,0.9542910974145787,False,False
29675,LC9,L,2,0,2,,,27,4,54,2,acetylcholine,0.9450997765312119,False,False
12415,MeLo8,R,54,0,54,,,1,1,54,1,gaba,0.8645121048854582,False,False
82140,LLPC1,L,1,1,2,,,27,3,54,2,acetylcholine,0.9534458660852777,False,False
38730,LC9,L,0,3,3,,,18,4,54,3,acetylcholine,0.918345924122232,True,False
11463,LT51,R,2,7,9,,,6,2,54,6,glutamate,0.7601621637390563,True,False
12376,PLP209,R,1,0,1,,,54,10,54,1,acetylcholine,0.9679789771353849,False,False
26996,LC9,R,2,2,4,,,13,2,52,4,acetylcholine,0.9454149634756878,True,False
10222,MeVCMe1,R,2,11,13,,,4,4,52,4,acetylcholine,0.9338463128106729,True,False
517372,LC6,L,0,2,2,,,26,6,52,2,acetylcholine,0.9485148258614512,False,False
38890,LoVP93,R,6,20,26,,,2,1,52,2,acetylcholine,0.9571823348267555,False,False
11394,Li16,R,3,10,13,,,4,2,52,4,glutamate,0.8037347059199325,True,False
26800,LC9,R,3,1,4,,,13,3,52,4,acetylcholine,0.9438926565790786,True,False
126711,LC6,L,0,4,4,,,13,4,52,4,acetylcholine,0.903228356469982,True,False
29057,PVLP112,R,17,0,17,,,3,2,51,3,gaba,0.8568048101964117,True,False
65108,LLPC2,L,0,3,3,,,17,1,51,3,acetylcholine,0.9608693976042655,True,False
75415,LC6,L,2,1,3,,,17,3,51,3,acetylcholine,0.8963998063243879,True,False
48473,LLPC2,R,0,3,3,,,17,1,51,3,acetylcholine,0.9545451654756197,True,False
48907,LLPC2,R,0,3,3,,,17,2,51,3,acetylcholine,0.8728511967578111,True,False
33077,LC9,L,2,1,3,,,17,3,51,3,acetylcholine,0.9508667508556227,True,False
40597,LC22,R,2,0,2,,,25,3,50,2,acetylcholine,0.9578690869684817,False,False
10330,MeVPOL1,R,1,4,5,,,10,4,50,5,acetylcholine,0.9573954910394367,True,False
70685,SAD011,L,1,0,1,,,50,10,50,1,gaba,0.8338934721345577,False,False
38199,LC29,R,3,2,5,,,10,3,50,5,acetylcholine,0.8663448294463945,True,False
12693,PS180,L,2,0,2,,,25,4,50,2,acetylcholine,0.9647965308685724,False,False
47652,LLPC2,R,0,5,5,,,10,1,50,5,acetylcholine,0.9516639448818257,True,False
59745,LLPC1,R,0,5,5,,,10,2,50,5,acetylcholine,0.9368783817779079,True,False
10302,Li38,L,17,8,25,,,2,2,50,2,gaba,0.8799584280128427,False,False
59067,LLPC1,R,0,5,5,,,10,2,50,5,acetylcholine,0.9600136885887732,True,False
311895849,UNKNOWN,UNKNOWN,0,7,7,,,7,4,49,7,unclear,0.9747326673375373,True,False
520235,CB4101,L,0,49,49,,,1,1,49,1,acetylcholine,0.9278500264844358,False,False
30804,Li15,R,7,0,7,,,7,1,49,7,gaba,0.889636774166954,True,False
50789,LLPC2,R,0,4,4,,,12,2,48,4,acetylcholine,0.9652994322232978,True,False
804177684,UNKNOWN,UNKNOWN,0,8,8,,,6,2,48,6,unclear,0.9747326673375373,True,False
51377,LLPC1,R,0,12,12,,,4,1,48,4,acetylcholine,0.9623615558612693,True,False
14235,AVLP322,L,0,3,3,,,16,4,48,3,acetylcholine,0.9641669698800639,True,False
30542,LC14a-1,L,3,9,12,,,4,1,48,4,acetylcholine,0.9461838309799264,True,False
10610,MeVP17,L,0,2,2,,,24,6,48,2,glutamate,0.7708253132283869,False,False
31371,LC9,R,2,0,2,,,24,3,48,2,acetylcholine,0.8897864711437898,False,False
30680,LC9,L,0,2,2,,,24,5,48,2,acetylcholine,0.9022405859942071,False,False
17038,PVLP108,L,0,1,1,,,48,14,48,1,acetylcholine,0.9634970766262584,False,False
29169,CB3411,R,0,4,4,,,12,6,48,4,gaba,0.7317345304740667,True,False
65551,LLPC1,R,0,3,3,,,16,3,48,3,acetylcholine,0.9510693037561423,True,False
16373,LT63,R,1,3,4,,,12,5,48,4,acetylcholine,0.9424462926272711,True,False
12182,LPT28,L,0,6,6,,,8,1,48,6,acetylcholine,0.9488446400486441,True,False
14903,Li17,R,8,4,12,,,4,1,48,4,gaba,0.8288750533435496,True,False
18630,LoVP99,R,9,3,12,,,4,2,48,4,glutamate,0.7813339869382442,True,False
43495,LC35a,L,2,1,3,,,16,1,48,3,acetylcholine,0.9549512974496422,True,False
24079,WED045,L,0,4,4,,,12,3,48,4,acetylcholine,0.9616419901153956,True,False
513416,LC11,L,1,1,2,,,24,2,48,2,acetylcholine,0.9670329441808329,False,False
31965,LC9,L,0,1,1,,,47,6,47,1,acetylcholine,0.9030592455561519,False,False
51695,LC6,L,1,0,1,,,47,5,47,1,acetylcholine,0.9328073225802596,False,False
522865,WED117,R,0,2,2,,,23,9,46,2,acetylcholine,0.8403544794694106,False,False
11358,MeVP29,L,0,1,1,,,46,4,46,1,acetylcholine,0.944496767920367,False,False
63788,LC22,L,0,2,2,,,23,6,46,2,acetylcholine,0.9468244818975908,False,False
36444,AVLP149,R,23,0,23,,,2,2,46,2,acetylcholine,0.8714809398861739,False,False
95480,LLPC1,L,0,2,2,,,23,3,46,2,acetylcholine,0.9747326673375373,False,False
15318,AVLP398,L,0,1,1,,,45,12,45,1,acetylcholine,0.9103806817912623,False,False
82110,LLPC2,L,0,5,5,,,9,1,45,5,acetylcholine,0.9424431442940595,True,False
10322,OA-AL2i2,R,3,12,15,,,3,3,45,3,octopamine,0.8951093174454589,True,False
12518,PVLP121,R,0,5,5,,,9,7,45,5,acetylcholine,0.9691728430331049,True,False
538017,LC21,L,3,0,3,,,15,1,45,3,acetylcholine,0.9464063735031634,True,False
32443,LC21,L,2,1,3,,,15,1,45,3,acetylcholine,0.9357271417935301,True,False
35849,UNKNOWN,R,0,1,1,,,44,3,44,1,acetylcholine,0.9252543148207931,False,False
43688,LLPC2,L,1,3,4,,,11,1,44,4,acetylcholine,0.9439490845777299,True,False
20004,LLPC2,L,0,2,2,,,22,1,44,2,acetylcholine,0.9633680218615941,False,False
28041,LC9,R,1,3,4,,,11,3,44,4,acetylcholine,0.9270830597534906,True,False
28356,LLPC3,R,0,2,2,,,22,2,44,2,acetylcholine,0.9401272312127619,False,False
17132,LT74,R,2,2,4,,,11,4,44,4,glutamate,0.6832469488848589,True,False
27659,LC11,L,0,2,2,,,22,2,44,2,acetylcholine,0.9535580405551459,False,False
128986643,UNKNOWN,UNKNOWN,22,0,22,,,2,2,44,2,unclear,0.9747326673375373,False,False
30710,LC6,R,0,2,2,,,22,6,44,2,acetylcholine,0.9414226431646447,False,False
21175,CB2371,R,44,0,44,,,1,1,44,1,acetylcholine,0.9627942678791549,False,False
24066,LC35a,R,1,10,11,,,4,2,44,4,acetylcholine,0.8598024926417766,True,False
35242,LLPC1,R,0,4,4,,,11,2,44,4,acetylcholine,0.9537544388879223,True,False
23748,LoVP18,L,1,1,2,,,22,2,44,2,acetylcholine,0.9257929978625848,False,False
62518,LPC1,R,0,11,11,,,4,1,44,4,acetylcholine,0.9602308282813184,True,False
20726,LC39b,R,2,9,11,,,4,3,44,4,glutamate,0.6073861054125747,True,False
31828,LC9,R,1,0,1,,,43,5,43,1,acetylcholine,0.8912870445997109,False,False
512494,TmY19b,L,3,3,6,,,7,2,42,6,gaba,0.8458712577936882,True,False
56605,LLPC2,L,0,6,6,,,7,1,42,6,acetylcholine,0.8382996781944703,True,False
10107,MeVCMe1,L,4,3,7,,,6,6,42,6,acetylcholine,0.9308435969965837,True,False
730633669,UNKNOWN,UNKNOWN,0,7,7,,,6,2,42,6,unclear,0.9747326673375373,True,False
40183,LC22,R,1,2,3,,,14,2,42,3,acetylcholine,0.9516024870961863,True,False
18140,TmY19b,L,5,1,6,,,7,1,42,6,gaba,0.7494561276287165,True,False
532025,LC11,L,3,0,3,,,14,4,42,3,acetylcholine,0.9659216454271279,True,False
13635,LC11,L,1,1,2,,,21,1,42,2,acetylcholine,0.9642687550581772,False,False
12468,LoVC13,R,2,0,2,,,21,1,42,2,gaba,0.857367957005277,False,False
170942920,UNKNOWN,UNKNOWN,14,0,14,,,3,2,42,3,unclear,0.9109141500795648,True,False
11153,LC22,R,1,2,3,,,14,3,42,3,acetylcholine,0.9572369561080878,True,False
24322,Li26,R,0,3,3,,,14,1,42,3,gaba,0.8840178191995366,True,False
30107,PVLP209m,R,0,6,6,,,7,3,42,6,acetylcholine,0.8840034940030862,True,False
32661,LC6,R,0,2,2,,,21,5,42,2,acetylcholine,0.9519535948067898,False,False
131937,CB1649,R,1,0,1,,,42,8,42,1,acetylcholine,0.9490491679050432,False,False
515307,AN10B019,R,1,0,1,,,41,10,41,1,acetylcholine,0.9296007428624894,False,False
17596,Li28,L,8,0,8,,,5,1,40,5,gaba,0.8662979488532379,True,False
17699,TmY19a,R,2,0,2,,,20,2,40,2,gaba,0.8580079219234407,False,False
139764092,UNKNOWN,UNKNOWN,4,0,4,,,10,4,40,4,unclear,0.9747326673375373,True,False
292820163,UNKNOWN,UNKNOWN,0,20,20,,,2,2,40,2,unclear,0.9109141500795648,False,False
14879,Li11a,R,5,0,5,,,8,1,40,5,gaba,0.8775397734254939,True,False
14979,MeLo8,L,17,3,20,,,2,1,40,2,gaba,0.828792513871411,False,False
379472489,UNKNOWN,UNKNOWN,0,10,10,,,4,1,40,4,unclear,0.9747326673375373,True,False
552790,LLPC2,L,0,2,2,,,20,1,40,2,acetylcholine,0.8811320130184198,False,False
39513,LC6,R,1,1,2,,,20,6,40,2,acetylcholine,0.9469930785583544,False,False
32692,PVLP216m,R,0,5,5,,,8,3,40,5,acetylcholine,0.9022669219833324,True,False
46855,LC22,R,0,2,2,,,20,3,40,2,acetylcholine,0.960974062707091,False,False
68213,LLPC1,R,0,4,4,,,10,3,40,4,acetylcholine,0.9590613251316235,True,False
513900,LC11,L,2,0,2,,,20,2,40,2,acetylcholine,0.9530972014186401,False,False
19509,LC14b,R,0,4,4,,,10,1,40,4,acetylcholine,0.9264609316781586,True,False
21634,MeLo12,R,9,1,10,,,4,2,40,4,glutamate,0.8014744886198795,True,False
19895,PVLP072,R,0,40,40,,,1,1,40,1,acetylcholine,0.9711677560462848,False,False
518569,LC22,L,3,2,5,,,8,3,40,5,acetylcholine,0.9539397773392634,True,False
10949,GNG506,R,1,0,1,,,39,10,39,1,gaba,0.8573347840185851,False,False
69537,CB4103,L,39,0,39,,,1,1,39,1,acetylcholine,0.929203198938678,False,False
43249,LC17,R,2,1,3,,,13,1,39,3,acetylcholine,0.935517727423815,True,False
491846,UNKNOWN,UNKNOWN,3,0,3,,,13,3,39,3,unclear,0.9109141500795648,True,False
15009,AVLP507,L,0,1,1,,,39,8,39,1,acetylcholine,0.9367878866430074,False,False
33590,LC9,L,1,0,1,,,39,2,39,1,acetylcholine,0.9411902447001284,False,False
28890,LoVP18,R,1,0,1,,,38,2,38,1,acetylcholine,0.821777076376758,False,False
30661,LC9,L,0,2,2,,,19,2,38,2,acetylcholine,0.8994381207917076,False,False
23526,LC9,R,1,1,2,,,19,3,38,2,acetylcholine,0.9404104299727751,False,False
48392,LLPC2,L,0,2,2,,,19,2,38,2,acetylcholine,0.9590604546247447,False,False
23312,PVLP110,L,0,38,38,,,1,1,38,1,gaba,0.8549346287032935,False,False
523458,LC9,L,0,1,1,,,38,3,38,1,acetylcholine,0.8751354207686931,False,False
38856,LC9,L,1,0,1,,,38,2,38,1,acetylcholine,0.8575743898673448,False,False
523865,LLPC2,L,0,2,2,,,19,1,38,2,acetylcholine,0.9483471064102634,False,False
32418,LC9,R,1,1,2,,,19,2,38,2,acetylcholine,0.9300538559697804,False,False
21029,LC11,L,2,0,2,,,19,2,38,2,acetylcholine,0.963355346298115,False,False
29660,LC11,R,1,1,2,,,19,1,38,2,acetylcholine,0.9541156441594089,False,False
18890,AVLP342,R,1,0,1,,,38,11,38,1,acetylcholine,0.955196330610144,False,False
529028,LLPC2,L,0,2,2,,,19,1,38,2,acetylcholine,0.9612379004380003,False,False
26058,LC11,R,1,1,2,,,19,2,38,2,acetylcholine,0.9649191531244813,False,False
23781,LC11,R,0,1,1,,,37,1,37,1,acetylcholine,0.9601349694953007,False,False
11337,vCal1,L,0,1,1,,,37,3,37,1,glutamate,0.6936184162100814,False,False
41890,LHAV2b4,R,0,1,1,,,37,4,37,1,acetylcholine,0.9567417512165279,False,False
31116,LC11,R,1,2,3,,,12,2,36,3,acetylcholine,0.9679852838877687,True,False
59118,LPC1,R,0,3,3,,,12,2,36,3,acetylcholine,0.9530451410241568,True,False
102583454,UNKNOWN,UNKNOWN,12,0,12,,,3,2,36,3,unclear,0.9109141500795648,True,False
15042,LoVC22,L,2,1,3,,,12,6,36,3,dopamine,0.7598860415568335,True,False
556834,LoVP18,L,1,0,1,,,36,5,36,1,acetylcholine,0.9408225671352652,False,False
229705415,UNKNOWN,UNKNOWN,0,4,4,,,9,3,36,4,unclear,0.9747326673375373,True,False
11689,Li16,R,2,7,9,,,4,1,36,4,glutamate,0.800097133858406,True,False
31894,LLPC3,R,0,2,2,,,18,1,36,2,acetylcholine,0.9588062825746766,False,False
32353,LPC1,L,0,3,3,,,12,3,36,3,acetylcholine,0.9663735649994278,True,False
23047,Li28,R,3,0,3,,,12,1,36,3,gaba,0.9044451749112689,True,False
53695,MeLo13,R,12,6,18,,,2,1,36,2,glutamate,0.6591168224203899,False,False
52621,LLPC1,R,0,4,4,,,9,3,36,4,acetylcholine,0.9695644587377146,True,False
763297570,UNKNOWN,UNKNOWN,4,0,4,,,9,3,36,4,unclear,0.9747326673375373,True,False
48271,LLPC2,R,0,2,2,,,18,1,36,2,acetylcholine,0.9476084521908003,False,False
10663,LT39,R,7,2,9,,,4,1,36,4,gaba,0.8740558306624953,True,False
518760,LC22,L,1,1,2,,,18,2,36,2,acetylcholine,0.9636912899825127,False,False
514741,LoVP99,L,1,2,3,,,12,3,36,3,glutamate,0.8004443082703389,True,False
10503,LPi4b,R,0,18,18,,,2,2,36,2,gaba,0.8938721269733875,False,False
36098,LC9,R,2,0,2,,,18,2,36,2,acetylcholine,0.9049304995221709,False,False
10204,OA-AL2i2,L,1,5,6,,,6,2,36,6,octopamine,0.8965581870131489,True,False
40414,Y11,R,0,4,4,,,9,1,36,4,glutamate,0.8082760724976483,True,False
25192,TmY19b,R,3,1,4,,,9,1,36,4,gaba,0.6254456623793541,True,False
16624,AVLP153,R,0,18,18,,,2,2,36,2,acetylcholine,0.9573409005313748,False,False
25160,LT74,R,1,5,6,,,6,4,36,6,glutamate,0.7721053806129844,True,False
17658,MeLo14,R,4,0,4,,,9,1,36,4,glutamate,0.8286625335250241,True,False
103264,LC11,L,2,0,2,,,18,1,36,2,acetylcholine,0.9397673390775494,False,False
119159,LoVP25,L,0,1,1,,,36,4,36,1,acetylcholine,0.9681453912916617,False,False
31008,LC14a-1,L,21,14,35,,,1,1,35,1,acetylcholine,0.9426210168845085,False,False
806511360,UNKNOWN,UNKNOWN,0,7,7,,,5,2,35,5,unclear,0.9747326673375373,True,False
43599,LC9,L,0,1,1,,,35,2,35,1,acetylcholine,0.9345910098186108,False,False
36453,PVLP135,L,0,5,5,,,7,3,35,5,acetylcholine,0.9454566323993823,True,False
35790,PLP208,L,1,0,1,,,35,10,35,1,acetylcholine,0.9548303289806938,False,False
18866,AVLP492,R,0,1,1,,,35,9,35,1,acetylcholine,0.9245934272190649,False,False
19887,LC19,R,1,6,7,,,5,1,35,5,acetylcholine,0.9227184528083935,True,False
30298,LC9,L,1,4,5,,,7,1,35,5,acetylcholine,0.9460865650409975,True,False
26899,LC11,R,0,1,1,,,35,1,35,1,acetylcholine,0.9634357149294844,False,False
468005469,UNKNOWN,UNKNOWN,0,7,7,,,5,2,35,5,unclear,0.9747326673375373,True,False
18598,LLPC2,L,0,2,2,,,17,1,34,2,acetylcholine,0.9058424115525349,False,False
47899,LC21,L,2,0,2,,,17,1,34,2,acetylcholine,0.9690961251754882,False,False
24346,LT77,L,1,1,2,,,17,6,34,2,glutamate,0.8069358111183199,False,False
22670,LC11,R,2,0,2,,,17,1,34,2,acetylcholine,0.9625166579275377,False,False
45138,LC9,L,1,0,1,,,34,3,34,1,acetylcholine,0.9154495393966489,False,False
524677,LLPC2,L,1,1,2,,,17,2,34,2,acetylcholine,0.9395313120315001,False,False
21565,LoVP25,R,1,0,1,,,34,4,34,1,acetylcholine,0.9571922578838241,False,False
19853,LC22,L,0,2,2,,,17,3,34,2,acetylcholine,0.963579659830993,False,False
542371,LLPC2,L,0,2,2,,,17,2,34,2,acetylcholine,0.9495237377729395,False,False
97247,AVLP300_b,L,0,1,1,,,34,4,34,1,acetylcholine,0.922494904824199,False,False
38639,LC9,R,0,2,2,,,17,1,34,2,acetylcholine,0.905037440277648,False,False
24947,LC11,R,2,0,2,,,17,2,34,2,acetylcholine,0.9548789355030559,False,False
524975,LC11,L,0,2,2,,,17,2,34,2,acetylcholine,0.9654102333976258,False,False
24810,LoVP26,R,1,10,11,,,3,1,33,3,acetylcholine,0.9658577010856026,True,False
14706,LT78,R,2,1,3,,,11,4,33,3,glutamate,0.6956234500475791,True,False
45204,LC21,R,1,2,3,,,11,3,33,3,acetylcholine,0.9609664715570583,True,False
12331,MeLo8,L,32,1,33,,,1,1,33,1,gaba,0.841786742547928,False,False
517515,LC21,L,3,0,3,,,11,1,33,3,acetylcholine,0.87890441838879,True,False
80497,LLPC1,R,2,1,3,,,11,1,33,3,acetylcholine,0.948848017623702,True,False
46219,LLPC3,R,2,1,3,,,11,2,33,3,acetylcholine,0.9670525996734521,True,False
45702,UNKNOWN,L,0,3,3,,,11,6,33,3,acetylcholine,0.9625604846246476,True,False
13766,MeVP17,L,1,0,1,,,33,8,33,1,glutamate,0.715423580960288,False,False
19908,TmY19b,R,8,3,11,,,3,1,33,3,gaba,0.668285812373613,True,False
389149382,UNKNOWN,UNKNOWN,11,0,11,,,3,1,33,3,unclear,0.9109141500795648,True,False
512329,LC9,L,1,0,1,,,33,2,33,1,acetylcholine,0.9478384259940823,False,False
74271,LLPC1,R,1,2,3,,,11,3,33,3,acetylcholine,0.9747326673375373,True,False
61771,LLPC1,R,0,2,2,,,16,4,32,2,acetylcholine,0.9575082001232885,False,False
23062,LC35b,R,0,4,4,,,8,3,32,4,acetylcholine,0.9069582473519717,True,False
527180,LC11,L,1,1,2,,,16,2,32,2,acetylcholine,0.958551921755857,False,False
28403,LC11,R,1,1,2,,,16,1,32,2,acetylcholine,0.9608681415871977,False,False
25729,LC17,R,3,1,4,,,8,1,32,4,acetylcholine,0.9455066200113669,True,False
19153,LC11,L,1,1,2,,,16,3,32,2,acetylcholine,0.9655455476487189,False,False
40437,LC22,L,1,0,1,,,32,5,32,1,acetylcholine,0.9516900454505848,False,False
14201,TmY19b,L,3,1,4,,,8,3,32,4,gaba,0.8112227901690888,True,False
33865,LC6,R,2,0,2,,,16,4,32,2,acetylcholine,0.9309456647301837,False,False
16499,TmY19b,L,3,1,4,,,8,1,32,4,gaba,0.7267324482703535,True,False
512476,LoVP108,L,2,2,4,,,8,4,32,4,gaba,0.8026078088875865,True,False
29970,LLPC2,L,0,2,2,,,16,1,32,2,acetylcholine,0.6828186819511438,False,False
21607,LT65,R,2,2,4,,,8,3,32,4,acetylcholine,0.952168339628834,True,False
39351,LLPC2,L,0,2,2,,,16,1,32,2,acetylcholine,0.9557056855614907,False,False
21356,LPC1,L,0,8,8,,,4,2,32,4,acetylcholine,0.9659967857435379,True,False
11937,AVLP077,L,0,1,1,,,32,9,32,1,gaba,0.797898986043051,False,False
84514,LC29,L,1,1,2,,,16,1,32,2,acetylcholine,0.7497474211101822,False,False
41318,LC21,L,2,0,2,,,16,1,32,2,acetylcholine,0.8847990416286561,False,False
29249,LC17,R,3,1,4,,,8,1,32,4,acetylcholine,0.9230817158512931,True,False
87305,PS038,L,1,0,1,,,32,6,32,1,acetylcholine,0.9633706486542809,False,False
18376,LT73,L,6,2,8,,,4,2,32,4,glutamate,0.5364219098391546,True,False
10351,Li33,R,8,8,16,,,2,1,32,2,acetylcholine,0.9358746962259544,False,False
30147,MeLo10,L,4,0,4,,,8,1,32,4,glutamate,0.6994963763869482,True,False
22656,LC11,R,2,0,2,,,16,1,32,2,acetylcholine,0.9642200599393648,False,False
34803,LC6,L,0,1,1,,,31,6,31,1,acetylcholine,0.9660574600449777,False,False
13038,AVLP720m,R,0,1,1,,,31,9,31,1,acetylcholine,0.9589325048412966,False,False
31943,LC6,L,0,1,1,,,31,3,31,1,acetylcholine,0.9363616324774459,False,False
13524,MeLo8,L,26,5,31,,,1,1,31,1,gaba,0.8581338452515689,False,False
24647,LC11,R,1,0,1,,,31,2,31,1,acetylcholine,0.9539133388017745,False,False
27501,MeLo13,L,17,14,31,,,1,1,31,1,glutamate,0.7078442794185484,False,False
10066,LPi21,R,0,31,31,,,1,1,31,1,gaba,0.9058369711660629,False,False
11009,LPT22,R,0,31,31,,,1,1,31,1,gaba,0.8737890712219023,False,False
33940,LT64,L,1,2,3,,,10,2,30,3,acetylcholine,0.9333631549173576,True,False
22560,Li26,R,2,4,6,,,5,1,30,5,gaba,0.884525093610346,True,False
21323,CB0280,R,0,1,1,,,30,9,30,1,acetylcholine,0.9592706880596883,False,False
62983,Tlp13,R,4,2,6,,,5,1,30,5,glutamate,0.8423319732253249,True,False
26514,LC9,L,2,1,3,,,10,3,30,3,acetylcholine,0.947415311746943,True,False
60891,LLPC1,R,0,3,3,,,10,3,30,3,acetylcholine,0.9272101384368915,True,False
13612,Li32,L,6,9,15,,,2,1,30,2,gaba,0.8209868556385825,False,False
53682,MeLo2,R,1,1,2,,,15,1,30,2,acetylcholine,0.9620310047467773,False,False
21372,AVLP126,R,15,0,15,,,2,1,30,2,acetylcholine,0.922206110969476,False,False
59426,LC22,R,0,2,2,,,15,2,30,2,acetylcholine,0.9692962149461062,False,False
25395,PVLP209m,R,0,5,5,,,6,5,30,5,acetylcholine,0.9044835885735198,True,False
751228375,UNKNOWN,UNKNOWN,0,3,3,,,10,3,30,3,unclear,0.9747326673375373,True,False
30890,LLPC2,R,0,3,3,,,10,2,30,3,acetylcholine,0.9203091546553891,True,False
36903,LLPC1,R,0,5,5,,,6,3,30,5,acetylcholine,0.9501696592195501,True,False
43985,LC21,R,3,0,3,,,10,1,30,3,acetylcholine,0.9430607997203903,True,False
889937144,UNKNOWN,UNKNOWN,0,10,10,,,3,2,30,3,unclear,0.9747326673375373,True,False
20307,CB4118,R,2,0,2,,,15,2,30,2,gaba,0.8470360553400237,False,False
36405,LPC1,R,0,10,10,,,3,3,30,3,acetylcholine,0.9568404454601125,True,False
15391,PVLP012,R,0,2,2,,,15,5,30,2,acetylcholine,0.9535456483399151,False,False
35598,LC6,R,1,1,2,,,15,4,30,2,acetylcholine,0.933067107173534,False,False
46651,LPC1,R,0,5,5,,,6,2,30,5,acetylcholine,0.9650867928272797,True,False
847402640,UNKNOWN,UNKNOWN,6,0,6,,,5,2,30,5,unclear,0.9109141500795648,True,False
14987,PLP301m,L,2,0,2,,,15,5,30,2,acetylcholine,0.9584522704739575,False,False
28232,LC9,R,0,5,5,,,6,2,30,5,acetylcholine,0.9289557217172941,True,False
47886,LPC1,L,0,6,6,,,5,3,30,5,acetylcholine,0.856197095972602,True,False
531312,LLPC2,L,0,3,3,,,10,1,30,3,acetylcholine,0.9747326673375373,True,False
156464,LC22,L,0,1,1,,,30,3,30,1,acetylcholine,0.9652624102645415,False,False
16283,TmY19b,L,5,1,6,,,5,1,30,5,gaba,0.7580046602075436,True,False
513279,Y14,L,3,0,3,,,10,1,30,3,glutamate,0.7199848922698471,True,False
11046,MeVC23,R,9,6,15,,,2,2,30,2,glutamate,0.6159685155569941,False,False
30356,LC9,R,1,0,1,,,29,3,29,1,acetylcholine,0.9151802106998733,False,False
19107,AVLP039,R,0,1,1,,,29,7,29,1,acetylcholine,0.8925006172889552,False,False
40500,LC22,R,0,1,1,,,29,4,29,1,acetylcholine,0.9650385634547284,False,False
537134,PVLP128,L,0,1,1,,,29,8,29,1,acetylcholine,0.9372651227356665,False,False
21295,LC11,R,1,0,1,,,29,1,29,1,acetylcholine,0.9576773751512337,False,False
31287,LC9,R,1,0,1,,,29,2,29,1,acetylcholine,0.8852641435203826,False,False
50999,LLPC2,L,0,1,1,,,29,1,29,1,acetylcholine,0.9531693865815298,False,False
36373,LC22,R,1,1,2,,,14,3,28,2,acetylcholine,0.9586551204753346,False,False
15528,LLPC2,L,0,2,2,,,14,1,28,2,acetylcholine,0.951661236638203,False,False
39125,LC6,R,0,1,1,,,28,5,28,1,acetylcholine,0.9200638708470548,False,False
23377,LC10a,R,2,2,4,,,7,1,28,4,acetylcholine,0.9353144220361347,True,False
68284,LLPC1,R,0,2,2,,,14,2,28,2,acetylcholine,0.9594310893457278,False,False
26178,LLPC2,L,0,2,2,,,14,1,28,2,acetylcholine,0.9513062674829951,False,False
37106,LC9,L,1,0,1,,,28,3,28,1,acetylcholine,0.9345100697831018,False,False
10639,LoVC22,R,1,1,2,,,14,12,28,2,dopamine,0.7365113364828719,False,False
22123,TmY15,L,2,0,2,,,14,1,28,2,gaba,0.8665532149204949,False,False
33849,LLPC2,L,0,2,2,,,14,2,28,2,acetylcholine,0.9681676456026275,False,False
460594,UNKNOWN,UNKNOWN,0,7,7,,,4,3,28,4,unclear,0.8223803639531679,True,False
10229,LoVP102,L,2,2,4,,,7,4,28,4,acetylcholine,0.9406829139865672,True,False
10928,LPT59,R,0,7,7,,,4,2,28,4,glutamate,0.7818853086021945,True,False
19265,LLPC2,L,1,0,1,,,28,1,28,1,acetylcholine,0.9643721644634959,False,False
29843,LC11,L,2,0,2,,,14,1,28,2,acetylcholine,0.9598507827014975,False,False
512268,LC22,L,0,2,2,,,14,2,28,2,acetylcholine,0.9423695512280033,False,False
38360,LC6,R,0,2,2,,,14,3,28,2,acetylcholine,0.9296860373326535,False,False
30535,LC11,R,0,1,1,,,28,1,28,1,acetylcholine,0.9627482465304712,False,False
25067,LC10a,R,1,2,3,,,9,2,27,3,acetylcholine,0.9547226158847775,True,False
10364,PVLP061,L,5,4,9,,,3,2,27,3,acetylcholine,0.9674970507899243,True,False
23626,LC9,L,2,1,3,,,9,1,27,3,acetylcholine,0.9256205598109324,True,False
61630,LC16,R,0,3,3,,,9,1,27,3,acetylcholine,0.9528480982252211,True,False
38258,LC11,L,3,0,3,,,9,1,27,3,acetylcholine,0.9716676098713964,True,False
49593,LLPC2,R,0,3,3,,,9,1,27,3,acetylcholine,0.958675599611613,True,False
41210,LC9,R,0,1,1,,,27,3,27,1,acetylcholine,0.8978440009613153,False,False
13261,WED117,L,1,0,1,,,27,9,27,1,acetylcholine,0.9545029385224586,False,False
520799,LC11,L,1,2,3,,,9,2,27,3,acetylcholine,0.9671824634918886,True,False
26131,LC17,R,2,1,3,,,9,1,27,3,acetylcholine,0.9414714580828043,True,False
19122,LT85,R,1,0,1,,,27,4,27,1,acetylcholine,0.8930929679305492,False,False
26584,LC9,R,3,0,3,,,9,1,27,3,acetylcholine,0.9546827060974339,True,False
30551,PLP150,R,1,0,1,,,27,4,27,1,acetylcholine,0.9498673359441543,False,False
172798130,UNKNOWN,UNKNOWN,9,0,9,,,3,1,27,3,unclear,0.9109141500795648,True,False
80160,LC6,L,1,0,1,,,26,6,26,1,acetylcholine,0.9249908686060488,False,False
49264,LHAV2b4,L,0,2,2,,,13,4,26,2,acetylcholine,0.9523472981303774,False,False
513559,LC9,L,2,0,2,,,13,4,26,2,acetylcholine,0.9108799923313464,False,False
78958,LLPC2,L,0,2,2,,,13,2,26,2,acetylcholine,0.902373550040867,False,False
10682,LPT54,R,0,2,2,,,13,3,26,2,acetylcholine,0.9639670176252791,False,False
28208,LC11,R,2,0,2,,,13,2,26,2,acetylcholine,0.9592366714856222,False,False
68715,MeLo13,R,21,5,26,,,1,1,26,1,glutamate,0.6924046582804443,False,False
883685412,UNKNOWN,UNKNOWN,13,0,13,,,2,1,26,2,unclear,0.9747326673375373,False,False
20432,LT73,R,0,13,13,,,2,2,26,2,glutamate,0.5216091039460976,False,False
16260,Li17,R,9,4,13,,,2,2,26,2,gaba,0.8271750606891354,False,False
37015,PLP106,L,2,0,2,,,13,6,26,2,acetylcholine,0.9533927211713853,False,False
42514,LC9,R,0,1,1,,,26,2,26,1,acetylcholine,0.8520827537128648,False,False
27613,LC11,L,1,1,2,,,13,2,26,2,acetylcholine,0.9631694895684811,False,False
19827,LoVP89,R,0,1,1,,,26,5,26,1,acetylcholine,0.9308905648711567,False,False
34500,LLPC2,L,1,1,2,,,13,1,26,2,acetylcholine,0.9596988245943755,False,False
30867,LC29,L,1,1,2,,,13,4,26,2,acetylcholine,0.9012276649697586,False,False
23471,LC11,R,0,1,1,,,25,1,25,1,acetylcholine,0.9635152674482207,False,False
14511,CB3588,L,1,0,1,,,25,7,25,1,acetylcholine,0.9491288910206634,False,False
11041,LPi21,L,0,25,25,,,1,1,25,1,gaba,0.89557369173438,False,False
27712,PLP230,L,1,24,25,,,1,1,25,1,acetylcholine,0.9458963294579482,False,False
30172,LC9,L,1,0,1,,,25,1,25,1,acetylcholine,0.9130618715991791,False,False
10121,MeVPLp1,R,0,5,5,,,5,1,25,5,acetylcholine,0.9655504174965774,True,False
23256,PVLP127,R,0,1,1,,,25,6,25,1,acetylcholine,0.941968269509322,False,False
34181,LPT29,L,1,4,5,,,5,5,25,5,acetylcholine,0.9373855596192107,True,False
580564,Tlp13,L,1,1,2,,,12,1,24,2,glutamate,0.7896779853950916,False,False
43698,LC22,L,0,2,2,,,12,3,24,2,acetylcholine,0.9536384311074042,False,False
532836,LC11,L,0,3,3,,,8,1,24,3,acetylcholine,0.9632248557084476,True,False
40800,LC6,R,1,0,1,,,24,3,24,1,acetylcholine,0.9402837329090397,False,False
536456,MeLo2,L,3,0,3,,,8,1,24,3,acetylcholine,0.9747326673375373,True,False
82241,LC29,L,2,1,3,,,8,1,24,3,acetylcholine,0.8383115046990125,True,False
216506850,UNKNOWN,UNKNOWN,0,6,6,,,4,3,24,4,unclear,0.9747326673375373,True,False
32763,LC6,R,1,1,2,,,12,4,24,2,acetylcholine,0.957155313663008,False,False
47038,LPC1,R,0,6,6,,,4,3,24,4,acetylcholine,0.9539489944044189,True,False
72138,TmY13,R,0,8,8,,,3,1,24,3,acetylcholine,0.9685039674132222,True,False
915202658,UNKNOWN,UNKNOWN,0,3,3,,,8,4,24,3,unclear,0.9109141500795648,True,False
519975,LC6,L,1,1,2,,,12,4,24,2,acetylcholine,0.945974240992156,False,False
33186,LC22,R,0,1,1,,,24,2,24,1,acetylcholine,0.9700177062789441,False,False
18635,LoVP92,R,4,0,4,,,6,2,24,4,acetylcholine,0.9372580612667715,True,False
321846401,UNKNOWN,UNKNOWN,0,3,3,,,8,3,24,3,unclear,0.9747326673375373,True,False
43160,Li_unclear,L,3,0,3,,,8,1,24,3,gaba,0.6263329939354583,True,False
516882,LoVP23,R,0,6,6,,,4,2,24,4,acetylcholine,0.9489544119622313,True,False
43211,LLPC2,R,0,6,6,,,4,1,24,4,acetylcholine,0.9482958945498049,True,False
32299,LC21,R,1,0,1,,,24,1,24,1,acetylcholine,0.9513836144392195,False,False
32336,LC10a,R,2,1,3,,,8,1,24,3,acetylcholine,0.9441646195132328,True,False
542228,LLPC2,L,0,1,1,,,24,1,24,1,acetylcholine,0.9485044244806108,False,False
43531,PVLP113,L,0,2,2,,,12,2,24,2,gaba,0.8035580843590292,False,False
32998,LPC1,L,0,6,6,,,4,2,24,4,acetylcholine,0.97071736225175,True,False
46374,PLP241,L,12,0,12,,,2,2,24,2,acetylcholine,0.937851369817136,False,False
92103,Y14,L,8,0,8,,,3,1,24,3,glutamate,0.8183794095320732,True,False
18817,LAL301m,R,24,0,24,,,1,1,24,1,acetylcholine,0.9612352176250236,False,False
67215,LC21,L,2,0,2,,,12,1,24,2,acetylcholine,0.9483474735628245,False,False
10060,MeVPOL1,L,0,3,3,,,8,2,24,3,acetylcholine,0.9525046406770916,True,False
39481,LLPC2,R,0,6,6,,,4,1,24,4,acetylcholine,0.9593135448051548,True,False
34859,LLPC1,R,0,6,6,,,4,2,24,4,acetylcholine,0.9532924912048761,True,False
710114187,UNKNOWN,UNKNOWN,4,0,4,,,6,4,24,4,unclear,0.9109141500795648,True,False
31471,LC11,R,2,1,3,,,8,1,24,3,acetylcholine,0.9549051084730923,True,False
815623291,UNKNOWN,UNKNOWN,3,0,3,,,8,2,24,3,unclear,0.9747326673375373,True,False
53422,LPC1,R,0,6,6,,,4,1,24,4,acetylcholine,0.9676405270691675,True,False
117010651,UNKNOWN,UNKNOWN,0,6,6,,,4,3,24,4,unclear,0.9747326673375373,True,False
11089,vCal1,R,0,1,1,,,24,2,24,1,glutamate,0.6899298395077567,False,False
16861,TmY19b,R,2,2,4,,,6,1,24,4,gaba,0.797780775984922,True,False
17493,UNKNOWN,L,0,2,2,,,12,3,24,2,acetylcholine,0.9525707574086331,False,False
52351,Tlp13,R,2,2,4,,,6,1,24,4,glutamate,0.8550882806934696,True,False
155893,Tm24,R,0,3,3,,,8,1,24,3,acetylcholine,0.9039013485552856,True,False
28056,MeLo13,R,12,12,24,,,1,1,24,1,glutamate,0.6568615893532193,False,False
53950,PS038,L,1,0,1,,,24,3,24,1,acetylcholine,0.9181683158718685,False,False
13997,MeLo8,R,9,3,12,,,2,1,24,2,gaba,0.875270336794474,False,False
1016421912,UNKNOWN,UNKNOWN,2,0,2,,,12,4,24,2,unclear,0.9747326673375373,False,False
25902,LC11,R,1,0,1,,,23,2,23,1,acetylcholine,0.9588705993469747,False,False
23087,LoVP89,R,0,1,1,,,23,4,23,1,acetylcholine,0.9087107023879132,False,False
528998,LC22,L,1,0,1,,,23,3,23,1,acetylcholine,0.9653086443834711,False,False
37572,LLPC2,L,0,1,1,,,23,1,23,1,acetylcholine,0.9521468703820115,False,False
13235,AVLP720m,L,0,1,1,,,23,6,23,1,acetylcholine,0.9584049122760563,False,False
432287,UNKNOWN,UNKNOWN,23,0,23,,,1,1,23,1,unclear,0.9109141500795648,False,False
40378,LC6,L,0,1,1,,,23,4,23,1,acetylcholine,0.9269983084766992,False,False
35693,Y11,L,0,2,2,,,11,1,22,2,glutamate,0.7881768129881759,False,False
20755,LAL300m,R,22,0,22,,,1,1,22,1,acetylcholine,0.9521787046161237,False,False
52774,LLPC1,R,0,2,2,,,11,3,22,2,acetylcholine,0.969557862387405,False,False
52941,LLPC2,R,0,2,2,,,11,1,22,2,acetylcholine,0.9451240304845927,False,False
11180,LoVC5,R,0,1,1,,,22,9,22,1,gaba,0.8515527094550194,False,False
57210,LC9,L,1,0,1,,,22,2,22,1,acetylcholine,0.9143914217852637,False,False
54962,LC6,L,0,1,1,,,22,5,22,1,acetylcholine,0.9234076584633524,False,False
79806,LC21,L,0,2,2,,,11,1,22,2,acetylcholine,0.9287629972713357,False,False
54414,LC21,R,2,0,2,,,11,1,22,2,acetylcholine,0.9474461265361932,False,False
47555,LC21,R,0,1,1,,,22,1,22,1,acetylcholine,0.9238811032592976,False,False
34851,LC29,L,1,1,2,,,11,3,22,2,acetylcholine,0.8592397711552249,False,False
23778,LoVP26,R,1,10,11,,,2,2,22,2,acetylcholine,0.9656247660512763,False,False
34123,LC17,R,1,1,2,,,11,1,22,2,acetylcholine,0.9589215456282861,False,False
13107,LC9,L,2,0,2,,,11,1,22,2,acetylcholine,0.9531819562709789,False,False
60228,LLPC1,L,0,2,2,,,11,3,22,2,acetylcholine,0.9326124945225653,False,False
10352,Li32,R,15,7,22,,,1,1,22,1,gaba,0.8203959536056814,False,False
347458126,UNKNOWN,UNKNOWN,0,2,2,,,11,4,22,2,unclear,0.9747326673375373,False,False
532255,MeVC23,L,6,5,11,,,2,2,22,2,glutamate,0.6166250734830019,False,False
64287,LLPC1,R,0,2,2,,,11,2,22,2,acetylcholine,0.9675908880870212,False,False
24753,LC35a,R,4,7,11,,,2,2,22,2,acetylcholine,0.916138533419433,False,False
32311,PVLP113,L,11,0,11,,,2,2,22,2,gaba,0.8532419342194695,False,False
27884,LC11,R,1,1,2,,,11,2,22,2,acetylcholine,0.9662647256360714,False,False
375614549,UNKNOWN,UNKNOWN,11,0,11,,,2,2,22,2,unclear,0.9747326673375373,False,False
32596,TmY15,L,1,1,2,,,11,1,22,2,gaba,0.898596960743195,False,False
32601,LC9,L,1,0,1,,,22,2,22,1,acetylcholine,0.8941629718044339,False,False
12912,MeLo8,R,18,3,21,,,1,1,21,1,gaba,0.8575058952960946,False,False
62691,LLPC2,L,0,1,1,,,21,1,21,1,acetylcholine,0.9444462858083004,False,False
591342949,UNKNOWN,UNKNOWN,0,3,3,,,7,3,21,3,unclear,0.9747326673375373,True,False
31821,CB4167,R,1,0,1,,,21,1,21,1,acetylcholine,0.7183833927076484,False,False
523615,LC29,L,1,0,1,,,21,2,21,1,acetylcholine,0.8125064091638652,False,False
38000,LLPC1,R,0,3,3,,,7,3,21,3,acetylcholine,0.9533854380658285,True,False
27140,LT51,L,1,6,7,,,3,1,21,3,glutamate,0.7917864954199343,True,False
889192333,UNKNOWN,UNKNOWN,21,0,21,,,1,1,21,1,unclear,0.9109141500795648,False,False
24918,LC11,R,1,0,1,,,21,1,21,1,acetylcholine,0.9698053863006397,False,False
41573,LC17,R,2,1,3,,,7,1,21,3,acetylcholine,0.9240740322201191,True,False
721409676,UNKNOWN,UNKNOWN,7,0,7,,,3,1,21,3,unclear,0.9109141500795648,True,False
334663484,UNKNOWN,UNKNOWN,0,7,7,,,3,1,21,3,unclear,0.9747326673375373,True,False
28927,CB1908,R,0,1,1,,,21,5,21,1,acetylcholine,0.9655366293668399,False,False
64950,LPC1,R,0,3,3,,,7,1,21,3,acetylcholine,0.9494544041365275,True,False
28887,LC11,L,1,0,1,,,21,1,21,1,acetylcholine,0.9584614651428803,False,False
27026,LC35a,R,4,3,7,,,3,2,21,3,acetylcholine,0.9329972731522111,True,False
276559379,UNKNOWN,UNKNOWN,0,7,7,,,3,1,21,3,unclear,0.9747326673375373,True,False
30012,LLPC2,L,0,1,1,,,21,1,21,1,acetylcholine,0.9207725574447488,False,False
21443,AVLP120,L,1,0,1,,,21,8,21,1,acetylcholine,0.9460114989627659,False,False
613579426,UNKNOWN,UNKNOWN,0,7,7,,,3,3,21,3,unclear,0.9747326673375373,True,False
24772,PVLP046,L,1,2,3,,,7,2,21,3,gaba,0.6679726323930766,True,False
12181,AVLP593,R,0,1,1,,,21,10,21,1,unclear,0.3329808592624604,False,False
10475,LT42,L,4,3,7,,,3,3,21,3,gaba,0.8573278419273138,True,False
57766,LC21,R,0,1,1,,,21,1,21,1,acetylcholine,0.9262514080448764,False,False
20750,CB3024,R,1,0,1,,,21,4,21,1,gaba,0.8547865347755182,False,False
46033,LC6,R,1,0,1,,,21,4,21,1,acetylcholine,0.9477649929334185,False,False
46077,LLPC3,R,0,3,3,,,7,1,21,3,acetylcholine,0.9591864665395868,True,False
28422,LC11,R,1,0,1,,,21,2,21,1,acetylcholine,0.9563201576203665,False,False
37078,LPC1,L,0,3,3,,,7,2,21,3,acetylcholine,0.9619494112716163,True,False
106967,LPC1,R,0,3,3,,,7,3,21,3,acetylcholine,0.9309624949769135,True,False
58794,LPC1,R,0,7,7,,,3,3,21,3,acetylcholine,0.9650164351698707,True,False
14520,LoVP18,L,1,0,1,,,21,4,21,1,acetylcholine,0.9413751333581585,False,False
515869,LPC1,L,0,5,5,,,4,2,20,4,acetylcholine,0.9522809811141276,True,False
98744,LPC1,L,0,4,4,,,5,3,20,4,acetylcholine,0.9666685962902478,True,False
36075,LC17,R,2,0,2,,,10,1,20,2,acetylcholine,0.930466558908312,False,False
23734,LLPC1,R,0,2,2,,,10,2,20,2,acetylcholine,0.9349288398663436,False,False
524627,AVLP126,L,0,5,5,,,4,3,20,4,acetylcholine,0.9145673709448047,True,False
533787,LC21,L,0,2,2,,,10,1,20,2,acetylcholine,0.9057391823486474,False,False
25772,LC17,R,1,0,1,,,20,1,20,1,acetylcholine,0.9382933385236538,False,False
46854,LC17,R,1,3,4,,,5,1,20,4,acetylcholine,0.9274344292160731,True,False
34450,LC6,R,0,1,1,,,20,4,20,1,acetylcholine,0.9185365418212079,False,False
25555,LAL136_b,L,0,2,2,,,10,4,20,2,acetylcholine,0.9309894565407545,False,False
17041,PVLP072,L,0,5,5,,,4,1,20,4,acetylcholine,0.9694483656259443,True,False
875312960,UNKNOWN,UNKNOWN,1,9,10,,,2,1,20,2,unclear,0.9747326673375373,False,False
98094,LLPC1,L,1,0,1,,,20,2,20,1,acetylcholine,0.962785895415627,False,False
27322,LT64,R,1,1,2,,,10,4,20,2,acetylcholine,0.914295007197946,False,False
43877,LC17,R,2,0,2,,,10,1,20,2,acetylcholine,0.9390979384980873,False,False
24710,LC9,R,2,3,5,,,4,1,20,4,acetylcholine,0.9548456832367428,True,False
842400034,UNKNOWN,UNKNOWN,10,0,10,,,2,2,20,2,unclear,0.884396610338137,False,False
947288105,UNKNOWN,UNKNOWN,4,0,4,,,5,3,20,4,unclear,0.9747326673375373,True,False
515934,LC18,L,1,1,2,,,10,1,20,2,acetylcholine,0.9610841248529517,False,False
78917,Tm4,R,2,0,2,,,10,1,20,2,acetylcholine,0.9747326673375372,False,False
10730,LoVC21,L,2,0,2,,,10,3,20,2,gaba,0.8768690549042555,False,False
133790,LPC1,L,0,10,10,,,2,1,20,2,acetylcholine,0.9747326673375373,False,False
16694,MeLo10,L,4,1,5,,,4,1,20,4,glutamate,0.7445258947384606,True,False
43548,LLPC2,R,1,1,2,,,10,1,20,2,acetylcholine,0.9012473915129483,False,False
13487,LC11,L,0,1,1,,,20,1,20,1,acetylcholine,0.9604879738915659,False,False
33707,LLPC2,R,0,5,5,,,4,1,20,4,acetylcholine,0.9054906157424011,True,False
514950262,UNKNOWN,UNKNOWN,3,2,5,,,4,2,20,4,unclear,0.6895796847635727,True,False
410217,Li26,L,0,2,2,,,10,1,20,2,gaba,0.8811408465952412,False,False
22814,CB0206,L,2,0,2,,,10,5,20,2,glutamate,0.7389434482245912,False,False
58321,LLPC2,R,0,2,2,,,10,3,20,2,acetylcholine,0.9332800225992514,False,False
60371,LLPC2,R,0,2,2,,,10,1,20,2,acetylcholine,0.9668652809499378,False,False
21051,LLPC1,L,0,4,4,,,5,1,20,4,acetylcholine,0.9578688523101058,True,False
60889,LPC1,R,0,2,2,,,10,2,20,2,acetylcholine,0.9565639156618115,False,False
58337,LLPC2,L,0,1,1,,,20,2,20,1,acetylcholine,0.9542327452908153,False,False
57508,LLPC1,L,0,5,5,,,4,1,20,4,acetylcholine,0.9481895426265526,True,False
69183,LLPC2,L,0,1,1,,,20,2,20,1,acetylcholine,0.9533073295859888,False,False
14049,PLP300m,R,10,0,10,,,2,1,20,2,acetylcholine,0.9550774499511832,False,False
100655,PS038,L,1,0,1,,,20,5,20,1,acetylcholine,0.9171459810582934,False,False
65450,LPC1,R,0,2,2,,,10,2,20,2,acetylcholine,0.9608658907051254,False,False
60137,LC29,R,0,5,5,,,4,1,20,4,acetylcholine,0.8384317798457133,True,False
72180,LC21,L,0,2,2,,,10,2,20,2,acetylcholine,0.9490332664995083,False,False
30469,LC11,L,1,0,1,,,20,2,20,1,acetylcholine,0.9574375252718336,False,False
512829736,UNKNOWN,UNKNOWN,0,10,10,,,2,1,20,2,unclear,0.9109141500795648,False,False
61248,LLPC1,R,0,1,1,,,19,3,19,1,acetylcholine,0.9411323713071648,False,False
31607,LC6,R,1,0,1,,,19,4,19,1,acetylcholine,0.9400513546206256,False,False
32820,LC21,R,1,0,1,,,19,1,19,1,acetylcholine,0.9499468881990605,False,False
33696,LC21,L,1,0,1,,,19,2,19,1,acetylcholine,0.9223631559041341,False,False
38158,LLPC2,L,0,1,1,,,19,2,19,1,acetylcholine,0.9498210929798665,False,False
52174,LC6,L,1,0,1,,,19,4,19,1,acetylcholine,0.9611485539351254,False,False
37941,LC6,R,0,1,1,,,19,4,19,1,acetylcholine,0.9382187134118002,False,False
13310,LPi12,L,0,19,19,,,1,1,19,1,gaba,0.8972224077179517,False,False
67658,LLPC1,R,0,1,1,,,19,3,19,1,acetylcholine,0.9542642919696744,False,False
50545,LLPC2,R,0,1,1,,,19,1,19,1,acetylcholine,0.960952815094535,False,False
31040,LC11,R,1,1,2,,,9,1,18,2,acetylcholine,0.9535332228158903,False,False
33210,LC22,R,2,0,2,,,9,2,18,2,acetylcholine,0.9651515928259062,False,False
73441,LLPC2,L,1,1,2,,,9,1,18,2,acetylcholine,0.9606543380688402,False,False
42642,LLPC3,R,1,2,3,,,6,1,18,3,acetylcholine,0.9684234256702212,True,False
17028,LT78,R,0,2,2,,,9,3,18,2,glutamate,0.7126596442906036,False,False
17985,LoVP92,R,3,3,6,,,3,2,18,3,acetylcholine,0.8968161381008934,True,False
26006,LLPC1,R,7,2,9,,,2,1,18,2,acetylcholine,0.8499567606797515,False,False
29315,LC6,R,1,0,1,,,18,4,18,1,acetylcholine,0.9129016070443791,False,False
56225,LC16,R,0,1,1,,,18,1,18,1,acetylcholine,0.9323497518922204,False,False
61142,LLPC1,R,0,2,2,,,9,2,18,2,acetylcholine,0.9567393116478679,False,False
20297,LC16,L,1,0,1,,,18,1,18,1,acetylcholine,0.9417861709215071,False,False
514898,MeLo13,L,10,8,18,,,1,1,18,1,glutamate,0.7753961393944713,False,False
36311,LC6,L,0,1,1,,,18,3,18,1,acetylcholine,0.9468408105820182,False,False
514748,LC11,L,2,0,2,,,9,1,18,2,acetylcholine,0.9622738609266341,False,False
523938,WED119,R,2,0,2,,,9,5,18,2,glutamate,0.6958125365202216,False,False
43734,LLPC3,R,0,2,2,,,9,2,18,2,acetylcholine,0.9747326673375372,False,False
20543,LPC1,L,0,3,3,,,6,3,18,3,acetylcholine,0.9523583661658672,True,False
30269,LC9,R,0,1,1,,,18,2,18,1,acetylcholine,0.9222840565179582,False,False
45606,LC18,R,2,0,2,,,9,1,18,2,acetylcholine,0.9610143955753299,False,False
10289,LT39,L,0,6,6,,,3,2,18,3,gaba,0.8817426540795015,True,False
26574,LC11,R,1,0,1,,,18,1,18,1,acetylcholine,0.9529938867593738,False,False
42265,LC6,R,0,1,1,,,18,5,18,1,acetylcholine,0.9119493985525056,False,False
15909,Li28,R,3,0,3,,,6,2,18,3,gaba,0.8892359980436332,True,False
18879,LC14a-2,L,1,2,3,,,6,3,18,3,acetylcholine,0.954038816916627,True,False
30217,LLPC1,L,0,2,2,,,9,2,18,2,acetylcholine,0.9582585737258218,False,False
986314018,UNKNOWN,UNKNOWN,0,6,6,,,3,3,18,3,unclear,0.9747326673375373,True,False
28420,LC11,R,1,0,1,,,18,1,18,1,acetylcholine,0.9623803632455539,False,False
29600,LC11,R,1,0,1,,,18,1,18,1,acetylcholine,0.9717913648278876,False,False
13532,LPT23,R,0,18,18,,,1,1,18,1,acetylcholine,0.9624169900299296,False,False
25298,LLPC1,R,0,3,3,,,6,2,18,3,acetylcholine,0.95392784232655,True,False
814096472,UNKNOWN,UNKNOWN,0,6,6,,,3,2,18,3,unclear,0.9747326673375373,True,False
34864,LC9,R,1,1,2,,,9,2,18,2,acetylcholine,0.8621773733600613,False,False
1015293194,UNKNOWN,UNKNOWN,18,0,18,,,1,1,18,1,unclear,0.9109141500795648,False,False
10027,VCH,L,0,6,6,,,3,1,18,3,gaba,0.8701374476229565,True,False
31513,Y11,L,1,1,2,,,9,1,18,2,glutamate,0.8461003700220298,False,False
39555,LC22,L,1,0,1,,,18,2,18,1,acetylcholine,0.9699714811705266,False,False
24953,LC11,R,0,1,1,,,18,1,18,1,acetylcholine,0.9696157498113066,False,False
517155,TmY15,L,1,0,1,,,18,1,18,1,gaba,0.9038262419598607,False,False
63121,LPC1,R,0,6,6,,,3,1,18,3,acetylcholine,0.947592210845678,True,False
527009,LT63,L,0,3,3,,,6,2,18,3,acetylcholine,0.9546089388467578,True,False
97807,LC18,L,3,0,3,,,6,1,18,3,acetylcholine,0.9641229803319072,True,False
534612,LC16,L,0,3,3,,,6,1,18,3,acetylcholine,0.9394561199640782,True,False
806640718,UNKNOWN,UNKNOWN,6,0,6,,,3,1,18,3,unclear,0.9109141500795648,True,False
49346,LLPC2,R,0,1,1,,,18,1,18,1,acetylcholine,0.9464265285967355,False,False
738739412,UNKNOWN,UNKNOWN,6,0,6,,,3,2,18,3,unclear,0.9109141500795648,True,False
18291,LC29,L,1,2,3,,,6,1,18,3,acetylcholine,0.8974108542513684,True,False
815609388,UNKNOWN,UNKNOWN,2,0,2,,,9,3,18,2,unclear,0.7633578398689034,False,False
79280,LPC1,L,0,3,3,,,6,2,18,3,acetylcholine,0.9747326673375373,True,False
23472,TmY19b,L,2,1,3,,,6,2,18,3,gaba,0.8624223978831038,True,False
128304,LC9,L,2,4,6,,,3,1,18,3,acetylcholine,0.9395835345723771,True,False
632219429,UNKNOWN,UNKNOWN,2,0,2,,,9,3,18,2,unclear,0.9747326673375373,False,False
517248,AVLP292,L,0,6,6,,,3,1,18,3,acetylcholine,0.927865170695648,True,False
1004935183,UNKNOWN,UNKNOWN,9,0,9,,,2,2,18,2,unclear,0.9747326673375373,False,False
11747,LC11,L,1,0,1,,,18,1,18,1,acetylcholine,0.9683305311940112,False,False
162136,LC11,L,1,1,2,,,9,2,18,2,acetylcholine,0.9650295508068438,False,False
28398,LC9,R,4,2,6,,,3,1,18,3,acetylcholine,0.9406024844299693,True,False
26510,LC22,R,0,2,2,,,9,4,18,2,acetylcholine,0.954160196667867,False,False
25704,LC17,R,1,2,3,,,6,1,18,3,acetylcholine,0.9400660863950718,True,False
35240,LC11,R,2,1,3,,,6,1,18,3,acetylcholine,0.9630419487406114,True,False
13591,LoVC17,L,0,1,1,,,17,4,17,1,gaba,0.864165476880036,False,False
37228,MeLo13,R,10,7,17,,,1,1,17,1,glutamate,0.712811200945726,False,False
10452,LPi4b,L,0,17,17,,,1,1,17,1,gaba,0.8807498947661835,False,False
18512,CB1948,R,1,0,1,,,17,5,17,1,gaba,0.8560367222681535,False,False
148779,LC18,L,1,0,1,,,17,1,17,1,acetylcholine,0.9638709697285521,False,False
44469,LC6,L,1,0,1,,,17,3,17,1,acetylcholine,0.9494957006682735,False,False
516426,LC22,L,0,1,1,,,17,3,17,1,acetylcholine,0.9672007044168655,False,False
10136,PS304,L,1,0,1,,,17,5,17,1,gaba,0.8388333049837081,False,False
13069,WED187,M,1,0,1,,,17,6,17,1,gaba,0.8569584718656422,False,False
39670,LLPC3,R,0,1,1,,,17,2,17,1,acetylcholine,0.9687592813765821,False,False
371823713,UNKNOWN,UNKNOWN,17,0,17,,,1,1,17,1,unclear,0.9747326673375373,False,False
26362,LC22,R,1,0,1,,,17,3,17,1,acetylcholine,0.9613266204340966,False,False
32782,LC6,R,0,1,1,,,17,2,17,1,acetylcholine,0.9521844337660468,False,False
11035,LoVC6,L,1,0,1,,,17,3,17,1,gaba,0.892052558385275,False,False
26524,LC9,R,3,1,4,,,4,1,16,4,acetylcholine,0.9531082871469218,True,False
31007,CB0785,L,0,1,1,,,16,2,16,1,acetylcholine,0.9627318034844339,False,False
37447,MeLo2,R,0,2,2,,,8,1,16,2,acetylcholine,0.964694252635746,False,False
64742,LPC1,L,0,4,4,,,4,2,16,4,acetylcholine,0.9660990497546911,True,False
37246,LLPC1,R,0,2,2,,,8,2,16,2,acetylcholine,0.9544093038260008,False,False
60356,LC16,R,1,1,2,,,8,2,16,2,acetylcholine,0.924083140621317,False,False
64195,LPC1,L,0,2,2,,,8,3,16,2,acetylcholine,0.9641183819333994,False,False
10309,LT1b,L,7,1,8,,,2,2,16,2,acetylcholine,0.9284925384998313,False,False
41846,LLPC2,L,0,1,1,,,16,2,16,1,acetylcholine,0.9490361805487993,False,False
26736,Li26,L,2,2,4,,,4,1,16,4,gaba,0.8990752031875007,True,False
88268,LLPC1,R,0,2,2,,,8,1,16,2,acetylcholine,0.943095779071107,False,False
40200,Y11,R,0,2,2,,,8,1,16,2,glutamate,0.8258904610148284,False,False
38039,LoVP55,R,0,1,1,,,16,5,16,1,acetylcholine,0.9265531286352449,False,False
517320,TmY15,L,0,1,1,,,16,1,16,1,gaba,0.8746462056156928,False,False
87927,LLPC1,L,0,2,2,,,8,1,16,2,acetylcholine,0.9327979114197132,False,False
74322,TmY19b,L,3,1,4,,,4,1,16,4,gaba,0.8286641906966817,True,False
48855,Tm16,R,0,2,2,,,8,1,16,2,acetylcholine,0.9747326673375373,False,False
29596,LPC1,R,0,8,8,,,2,1,16,2,acetylcholine,0.9415779995280595,False,False
28648,UNKNOWN,R,0,1,1,,,16,3,16,1,acetylcholine,0.9509472055299073,False,False
15369,LoVP107,L,0,2,2,,,8,1,16,2,acetylcholine,0.9102254589932288,False,False
521069,LC11,L,1,0,1,,,16,2,16,1,acetylcholine,0.9683969441726529,False,False
652222309,UNKNOWN,UNKNOWN,0,4,4,,,4,1,16,4,unclear,0.9747326673375373,True,False
35746,LC21,R,1,0,1,,,16,1,16,1,acetylcholine,0.9475728137063683,False,False
294394230,UNKNOWN,UNKNOWN,0,16,16,,,1,1,16,1,unclear,0.9109141500795648,False,False
67207,LPC1,R,0,2,2,,,8,1,16,2,acetylcholine,0.9591901918248958,False,False
48716,LC10a,R,0,1,1,,,16,1,16,1,acetylcholine,0.9385063936521495,False,False
530672479,UNKNOWN,UNKNOWN,8,0,8,,,2,2,16,2,unclear,0.9747326673375373,False,False
518419,TmY19b,L,2,0,2,,,8,1,16,2,gaba,0.6826596215831691,False,False
27268,LC9,L,2,0,2,,,8,3,16,2,acetylcholine,0.959525534930568,False,False
869791929,UNKNOWN,UNKNOWN,0,4,4,,,4,2,16,4,unclear,0.9747326673375373,True,False
930637,UNKNOWN,UNKNOWN,0,4,4,,,4,2,16,4,unclear,0.9747326673375373,True,False
187377,Tm4,L,2,0,2,,,8,1,16,2,acetylcholine,0.9418057889120558,False,False
10915,Nod1,R,0,4,4,,,4,1,16,4,acetylcholine,0.9538883939435493,True,False
587914642,UNKNOWN,UNKNOWN,8,0,8,,,2,2,16,2,unclear,0.9747326673375373,False,False
529875,AVLP762m,L,1,0,1,,,16,6,16,1,gaba,0.6529569128095489,False,False
11838,Li17,L,5,3,8,,,2,1,16,2,gaba,0.8452334337481849,False,False
54038,LC21,R,1,0,1,,,16,2,16,1,acetylcholine,0.9407325039262078,False,False
48086,LC16,R,1,0,1,,,16,1,16,1,acetylcholine,0.9214148435350935,False,False
75743,LLPC1,R,0,2,2,,,8,1,16,2,acetylcholine,0.9571198124516671,False,False
144242297,UNKNOWN,UNKNOWN,0,4,4,,,4,2,16,4,unclear,0.9747326673375373,True,False
36145,TmY17,R,0,4,4,,,4,2,16,4,acetylcholine,0.9747326673375373,True,False
158854,Li21,L,4,0,4,,,4,1,16,4,acetylcholine,0.9322319821849281,True,False
22765,PLP059,L,0,2,2,,,8,3,16,2,acetylcholine,0.9647330620869797,False,False
16076,Li33,L,10,6,16,,,1,1,16,1,acetylcholine,0.9559975191645443,False,False
51915,LPC1,R,0,4,4,,,4,2,16,4,acetylcholine,0.9690403818923917,True,False
43634,LPC1,L,0,4,4,,,4,1,16,4,acetylcholine,0.9747326673375372,True,False
520376,LC21,L,2,0,2,,,8,1,16,2,acetylcholine,0.8921017911949114,False,False
18395,MeLo14,R,7,1,8,,,2,2,16,2,glutamate,0.8406245561129735,False,False
51128,LC9,L,1,0,1,,,16,2,16,1,acetylcholine,0.8208721222791737,False,False
25480,LLPC2,L,0,1,1,,,16,2,16,1,acetylcholine,0.7712227172781024,False,False
119984,MeLo10,L,2,0,2,,,8,1,16,2,glutamate,0.733928934495832,False,False
178247599,UNKNOWN,UNKNOWN,0,4,4,,,4,2,16,4,unclear,0.7328105359188548,True,False
25873,LC17,R,0,1,1,,,16,1,16,1,acetylcholine,0.9515544111460004,False,False
14635,LC9,L,2,0,2,,,8,2,16,2,acetylcholine,0.9557687917000758,False,False
886086304,UNKNOWN,UNKNOWN,0,2,2,,,8,3,16,2,unclear,0.9747326673375373,False,False
11515,PS112,R,2,0,2,,,8,6,16,2,glutamate,0.7237792324805344,False,False
10466,Li31,L,2,6,8,,,2,1,16,2,glutamate,0.8021857639693961,False,False
67955,LC22,L,0,1,1,,,16,2,16,1,acetylcholine,0.9631807854315506,False,False
163939043,UNKNOWN,UNKNOWN,8,0,8,,,2,2,16,2,unclear,0.9109141500795648,False,False
39220,LLPC2,R,2,1,3,,,5,1,15,3,acetylcholine,0.9413047229140583,True,False
48446,LC22,L,0,1,1,,,15,3,15,1,acetylcholine,0.9700160497804176,False,False
296967079,UNKNOWN,UNKNOWN,0,5,5,,,3,1,15,3,unclear,0.9747326673375373,True,False
48560,Tlp13,R,0,1,1,,,15,2,15,1,glutamate,0.8418904466077763,False,False
640224766,UNKNOWN,UNKNOWN,0,5,5,,,3,2,15,3,unclear,0.9747326673375373,True,False
39086,LLPC1,L,0,1,1,,,15,2,15,1,acetylcholine,0.9589094326117827,False,False
525203,LC29,L,1,0,1,,,15,2,15,1,acetylcholine,0.7610670185153058,False,False
66155,LPC1,R,0,3,3,,,5,2,15,3,acetylcholine,0.9680318175667327,True,False
449329728,UNKNOWN,UNKNOWN,0,5,5,,,3,2,15,3,unclear,0.9747326673375373,True,False
153154,LLPC2,L,2,3,5,,,3,1,15,3,acetylcholine,0.9568762641442148,True,False
956245768,UNKNOWN,UNKNOWN,3,0,3,,,5,3,15,3,unclear,0.9109141500795648,True,False
927138339,UNKNOWN,UNKNOWN,0,3,3,,,5,3,15,3,unclear,0.8134512463917489,True,False
314435136,UNKNOWN,UNKNOWN,5,0,5,,,3,2,15,3,unclear,0.9109141500795648,True,False
521604,LC35a,L,3,2,5,,,3,3,15,3,acetylcholine,0.9289529364233677,True,False
139287,WED029,L,0,1,1,,,15,6,15,1,gaba,0.7846086373969596,False,False
946617932,UNKNOWN,UNKNOWN,0,5,5,,,3,3,15,3,unclear,0.9747326673375373,True,False
533749,CB1044,L,0,1,1,,,15,4,15,1,acetylcholine,0.9543245806368897,False,False
559940,TmY15,L,2,1,3,,,5,1,15,3,gaba,0.881385960911341,True,False
52291,LT65,L,1,2,3,,,5,2,15,3,acetylcholine,0.9528212708524024,True,False
58689,LLPC2,R,0,3,3,,,5,2,15,3,acetylcholine,0.951661236638203,True,False
74593,LLPC2,R,0,3,3,,,5,2,15,3,acetylcholine,0.9434359606653697,True,False
518323,LPC1,L,0,5,5,,,3,2,15,3,acetylcholine,0.9518758399111222,True,False
630728928,UNKNOWN,UNKNOWN,1,4,5,,,3,1,15,3,unclear,0.9109141500795648,True,False
45218,LLPC1,R,0,1,1,,,15,3,15,1,acetylcholine,0.9602598451772767,False,False
511890,Li25,L,3,0,3,,,5,1,15,3,gaba,0.900418657007391,True,False
41491,LC16,R,0,1,1,,,15,1,15,1,acetylcholine,0.917461197027324,False,False
134227,LoVP89,L,1,0,1,,,15,3,15,1,acetylcholine,0.9336973202242607,False,False
97154,LC21,L,2,1,3,,,5,1,15,3,acetylcholine,0.8999580355185897,True,False
92460,MeLo12,L,3,0,3,,,5,3,15,3,glutamate,0.832898870730528,True,False
69253,LLPC1,R,0,1,1,,,15,2,15,1,acetylcholine,0.9679852838877687,False,False
556966389,UNKNOWN,UNKNOWN,0,3,3,,,5,2,15,3,unclear,0.9747326673375373,True,False
350809035,UNKNOWN,UNKNOWN,0,5,5,,,3,2,15,3,unclear,0.9747326673375373,True,False
54377,Tlp12,R,0,5,5,,,3,1,15,3,glutamate,0.8592742691024928,True,False
539179093,UNKNOWN,UNKNOWN,0,3,3,,,5,2,15,3,unclear,0.9747326673375373,True,False
46679,LC9,L,1,0,1,,,15,3,15,1,acetylcholine,0.863167039640684,False,False
24886,LC9,R,2,1,3,,,5,1,15,3,acetylcholine,0.955374244192714,True,False
20546,LC14b,R,0,5,5,,,3,1,15,3,acetylcholine,0.9627640407971156,True,False
29633,LC6,R,1,0,1,,,15,3,15,1,acetylcholine,0.9662837698004358,False,False
35596,Y11,R,1,2,3,,,5,1,15,3,glutamate,0.7745236742895364,True,False
14815,LPC1,L,0,3,3,,,5,2,15,3,acetylcholine,0.9433015495151404,True,False
38485,TmY15,R,1,2,3,,,5,1,15,3,gaba,0.875249838394024,True,False
24275,Li15,L,5,0,5,,,3,1,15,3,gaba,0.8615135526771983,True,False
36832,LC6,R,0,1,1,,,15,4,15,1,acetylcholine,0.9091666034539098,False,False
37503,LC6,R,1,0,1,,,15,4,15,1,acetylcholine,0.9329512610612477,False,False
22715,Li16,L,2,13,15,,,1,1,15,1,glutamate,0.7982476935223637,False,False
25641,LC10a,R,2,1,3,,,5,1,15,3,acetylcholine,0.9476880345255857,True,False
26334,LC11,R,1,0,1,,,15,1,15,1,acetylcholine,0.9503283668662633,False,False
11264,OA-ASM1,L,0,5,5,,,3,1,15,3,octopamine,0.8711566363146542,True,False
21503,MeLo14,R,4,1,5,,,3,1,15,3,glutamate,0.8118067907716717,True,False
34179,LC22,L,0,1,1,,,15,4,15,1,acetylcholine,0.9456345124639175,False,False
31634,LC10a,R,2,1,3,,,5,3,15,3,acetylcholine,0.9365008620211502,True,False
28976,PS208,R,0,1,1,,,15,3,15,1,acetylcholine,0.951313135280419,False,False
36795,LC6,R,0,1,1,,,15,3,15,1,acetylcholine,0.9181222702355127,False,False
36963,PVLP209m,L,0,3,3,,,5,4,15,3,acetylcholine,0.9229888141626656,True,False
170257,LPC1,L,0,2,2,,,7,3,14,2,acetylcholine,0.9555503501351044,False,False
12277,TmY15,L,1,0,1,,,14,2,14,1,gaba,0.8984150342859396,False,False
36692,LC11,R,1,0,1,,,14,1,14,1,acetylcholine,0.9671294486059225,False,False
63999,LLPC1,L,0,2,2,,,7,1,14,2,acetylcholine,0.9532018597122066,False,False
129073,LLPC2,L,0,2,2,,,7,1,14,2,acetylcholine,0.9633058205367115,False,False
130226433,UNKNOWN,UNKNOWN,0,1,1,,,14,7,14,1,unclear,0.9747326673375373,False,False
15020,LC11,L,1,1,2,,,7,1,14,2,acetylcholine,0.9568444848835811,False,False
63378,Y14,L,1,1,2,,,7,1,14,2,glutamate,0.7846704344432885,False,False
779721714,UNKNOWN,UNKNOWN,14,0,14,,,1,1,14,1,unclear,0.49088840450017235,False,False
16876,LT78,R,1,0,1,,,14,2,14,1,glutamate,0.7129558130851642,False,False
361807276,UNKNOWN,UNKNOWN,7,0,7,,,2,2,14,2,unclear,0.9109141500795648,False,False
68871,LLPC2,R,0,7,7,,,2,1,14,2,acetylcholine,0.9664985722801928,False,False
899159091,UNKNOWN,UNKNOWN,7,0,7,,,2,1,14,2,unclear,0.49088840450017235,False,False
514280,LC21,L,0,1,1,,,14,2,14,1,acetylcholine,0.9334740262724113,False,False
21144,PVLP203m,L,0,2,2,,,7,4,14,2,acetylcholine,0.9502545246778155,False,False
42411,LC6,L,0,1,1,,,14,5,14,1,acetylcholine,0.9497306786216079,False,False
14488,LC9,L,2,0,2,,,7,1,14,2,acetylcholine,0.9401068261169971,False,False
42351,LLPC1,R,0,2,2,,,7,2,14,2,acetylcholine,0.896778403271514,False,False
527000,LT78,L,1,1,2,,,7,3,14,2,glutamate,0.7526280649663151,False,False
45466,LC6,R,1,0,1,,,14,5,14,1,acetylcholine,0.8983945153606514,False,False
45527,TmY15,R,2,0,2,,,7,1,14,2,gaba,0.8904935164600933,False,False
77177,LLPC1,R,0,1,1,,,14,3,14,1,acetylcholine,0.9502705754834656,False,False
29903,LC9,R,1,0,1,,,14,3,14,1,acetylcholine,0.9197854896949397,False,False
25588,TmY19b,R,4,3,7,,,2,1,14,2,gaba,0.6052146485586227,False,False
524894683,UNKNOWN,UNKNOWN,0,2,2,,,7,3,14,2,unclear,0.9747326673375373,False,False
522372,LC16,L,0,1,1,,,14,1,14,1,acetylcholine,0.9510626935656972,False,False
37321,LLPC1,R,0,2,2,,,7,2,14,2,acetylcholine,0.9569405689141003,False,False
515614,LLPC2,L,0,2,2,,,7,3,14,2,acetylcholine,0.9433922995972417,False,False
70433,LLPC1,L,0,2,2,,,7,2,14,2,acetylcholine,0.945540974297309,False,False
140147384,UNKNOWN,UNKNOWN,1,1,2,,,7,3,14,2,unclear,0.9747326673375373,False,False
70204,LLPC2,L,0,1,1,,,14,2,14,1,acetylcholine,0.9747326673375373,False,False
24824,LC6,L,0,1,1,,,14,4,14,1,acetylcholine,0.9656943118327311,False,False
51825,LLPC2,R,0,2,2,,,7,1,14,2,acetylcholine,0.9559425988778338,False,False
26274,LC11,R,1,0,1,,,14,1,14,1,acetylcholine,0.96201859756604,False,False
71670,LC18,L,2,0,2,,,7,3,14,2,acetylcholine,0.970733954421526,False,False
73812,LC6,L,0,1,1,,,14,6,14,1,acetylcholine,0.9548019346859136,False,False
39471,Li15,R,5,2,7,,,2,1,14,2,gaba,0.8894537262831369,False,False
60965,LPC1,L,0,7,7,,,2,2,14,2,acetylcholine,0.9607989843675457,False,False
417214860,UNKNOWN,UNKNOWN,0,7,7,,,2,2,14,2,unclear,0.9747326673375373,False,False
18428,TmY19b,R,4,3,7,,,2,1,14,2,gaba,0.8173164365136583,False,False
102216,LPC1,L,0,2,2,,,7,2,14,2,acetylcholine,0.9508725447210779,False,False
11591,LT78,L,0,2,2,,,7,1,14,2,glutamate,0.7500558679019697,False,False
518567,LLPC2,L,1,0,1,,,14,1,14,1,acetylcholine,0.966912300307126,False,False
11810,PLP300m,L,7,0,7,,,2,2,14,2,acetylcholine,0.9619291315006309,False,False
38543,LC22,R,2,0,2,,,7,5,14,2,acetylcholine,0.9386394665257587,False,False
206955206,UNKNOWN,UNKNOWN,0,7,7,,,2,1,14,2,unclear,0.9747326673375373,False,False
43534,LC6,R,0,1,1,,,14,4,14,1,acetylcholine,0.8725519468107468,False,False
53795,LC16,R,2,0,2,,,7,1,14,2,acetylcholine,0.9173382841858199,False,False
52149,LLPC2,R,0,1,1,,,14,1,14,1,acetylcholine,0.8808421120675953,False,False
524105,MeLo2,L,1,1,2,,,7,1,14,2,acetylcholine,0.9747326673375373,False,False
47907,LC6,R,1,0,1,,,14,3,14,1,acetylcholine,0.9057532551201454,False,False
526253,LC21,L,0,2,2,,,7,1,14,2,acetylcholine,0.9110947671462597,False,False
409379878,UNKNOWN,UNKNOWN,0,2,2,,,7,3,14,2,unclear,0.9747326673375373,False,False
31805,LC9,L,2,0,2,,,7,1,14,2,acetylcholine,0.9407448924076491,False,False
524515,LLPC1,L,0,1,1,,,13,3,13,1,acetylcholine,0.9672889094477317,False,False
302912433,UNKNOWN,UNKNOWN,13,0,13,,,1,1,13,1,unclear,0.615801529658242,False,False
45817,LC11,R,0,1,1,,,13,1,13,1,acetylcholine,0.967756725817964,False,False
60187,LC16,R,1,0,1,,,13,1,13,1,acetylcholine,0.8983887603528327,False,False
53457,LLPC2,R,0,1,1,,,13,1,13,1,acetylcholine,0.9611435314387029,False,False
532139,LC11,L,1,0,1,,,13,2,13,1,acetylcholine,0.9631198605821204,False,False
162981738,UNKNOWN,UNKNOWN,13,0,13,,,1,1,13,1,unclear,0.9747326673375373,False,False
57809,Tlp12,L,0,1,1,,,13,1,13,1,glutamate,0.8296951147710764,False,False
17815,CB4118,R,1,0,1,,,13,7,13,1,gaba,0.8638566520227262,False,False
843502649,UNKNOWN,UNKNOWN,13,0,13,,,1,1,13,1,unclear,0.9747326673375373,False,False
32522,LC9,R,1,0,1,,,13,2,13,1,acetylcholine,0.9071177349816241,False,False
30134,LC6,R,0,1,1,,,13,4,13,1,acetylcholine,0.9238334585102663,False,False
38269,LC21,R,1,0,1,,,13,1,13,1,acetylcholine,0.9496020669716716,False,False
56267,LC16,R,1,0,1,,,13,1,13,1,acetylcholine,0.942830847809799,False,False
59605,LC22,L,1,0,1,,,13,5,13,1,acetylcholine,0.959140064221173,False,False
26437,TmY15,R,1,0,1,,,13,1,13,1,gaba,0.8793685094768775,False,False
32839,LC11,R,0,1,1,,,13,1,13,1,acetylcholine,0.9603393132642164,False,False
36986,LC17,R,1,0,1,,,13,1,13,1,acetylcholine,0.9375502100696527,False,False
15829,Li17,R,2,11,13,,,1,1,13,1,gaba,0.850091098748235,False,False
54871,LC16,L,1,0,1,,,13,1,13,1,acetylcholine,0.954448116049013,False,False
28199,LC11,R,0,1,1,,,13,2,13,1,acetylcholine,0.9586052180313969,False,False
61942,LLPC2,L,0,1,1,,,13,1,13,1,acetylcholine,0.9455156420661074,False,False
56035,LC22,L,1,0,1,,,13,2,13,1,acetylcholine,0.9473919834604674,False,False
522956,TmY15,L,0,1,1,,,13,1,13,1,gaba,0.8751296572098722,False,False
10308,LPi12,R,0,13,13,,,1,1,13,1,gaba,0.9031212676393519,False,False
44524,LC9,L,1,0,1,,,13,2,13,1,acetylcholine,0.8579314944228618,False,False
833586192,UNKNOWN,UNKNOWN,13,0,13,,,1,1,13,1,unclear,0.9109141500795648,False,False
80723,Tm4,R,1,0,1,,,13,1,13,1,acetylcholine,0.955711409286458,False,False
517582,LC18,L,1,0,1,,,13,1,13,1,acetylcholine,0.9566890078643467,False,False
62140,LLPC2,L,0,1,1,,,13,2,13,1,acetylcholine,0.8871786837810413,False,False
70575,TmY13,R,0,6,6,,,2,1,12,2,acetylcholine,0.9675908880870212,False,False
44518,Y11,R,0,4,4,,,3,1,12,3,glutamate,0.786810183250942,True,False
526594,LPC1,L,0,6,6,,,2,1,12,2,acetylcholine,0.9602518330492882,False,False
72175,Tlp13,R,1,3,4,,,3,1,12,3,glutamate,0.850717610408051,True,False
68158,LPC1,R,0,1,1,,,12,3,12,1,acetylcholine,0.9747326673375373,False,False
514022,AVLP601,L,1,0,1,,,12,7,12,1,acetylcholine,0.9595561770855948,False,False
44639,LLPC1,R,0,1,1,,,12,2,12,1,acetylcholine,0.9652259726617144,False,False
585957341,UNKNOWN,UNKNOWN,2,0,2,,,6,2,12,2,unclear,0.9747326673375373,False,False
14370,LT51,R,3,9,12,,,1,1,12,1,glutamate,0.7094391536465465,False,False
32754,LC11,R,1,0,1,,,12,1,12,1,acetylcholine,0.9648650912046285,False,False
69677,LC6,L,1,0,1,,,12,3,12,1,acetylcholine,0.9610663060267014,False,False
50719,LC18,R,2,0,2,,,6,2,12,2,acetylcholine,0.9747326673375373,False,False
523777,MeLo14,L,5,1,6,,,2,1,12,2,glutamate,0.8137451857194846,False,False
25665,LLPC1,R,0,1,1,,,12,3,12,1,acetylcholine,0.9534963236814584,False,False
43925,LC29,R,2,0,2,,,6,2,12,2,acetylcholine,0.8519452601494945,False,False
22699,LC14b,L,5,7,12,,,1,1,12,1,acetylcholine,0.9252005270157709,False,False
25732,TmY15,R,1,0,1,,,12,1,12,1,gaba,0.8828526698717369,False,False
512520,LAL301m,R,0,12,12,,,1,1,12,1,acetylcholine,0.9643246628501942,False,False
30880,LC11,L,1,0,1,,,12,1,12,1,acetylcholine,0.9344583356328992,False,False
45494,LLPC3,R,0,1,1,,,12,1,12,1,acetylcholine,0.957244320487994,False,False
529035,Y11,L,1,1,2,,,6,1,12,2,glutamate,0.8346504387901015,False,False
62218,LLPC1,L,1,1,2,,,6,3,12,2,acetylcholine,0.9542885435556767,False,False
62177,LHAV2b4,L,0,2,2,,,6,6,12,2,acetylcholine,0.927054158398924,False,False
964848990,UNKNOWN,UNKNOWN,0,4,4,,,3,3,12,3,unclear,0.9747326673375373,True,False
518510,LLPC3,L,0,2,2,,,6,1,12,2,acetylcholine,0.9694259337261326,False,False
48295,LLPC2,R,0,2,2,,,6,3,12,2,acetylcholine,0.9302600524340183,False,False
49963,LPC1,R,0,2,2,,,6,1,12,2,acetylcholine,0.9643962501378919,False,False
32059,LC11,L,0,1,1,,,12,1,12,1,acetylcholine,0.956627178153295,False,False
543095,LPC1,L,0,2,2,,,6,3,12,2,acetylcholine,0.9474208205334084,False,False
24381,LC9,R,2,1,3,,,4,1,12,3,acetylcholine,0.9610209017918718,True,False
16154,LT78,R,0,2,2,,,6,3,12,2,glutamate,0.6987737764615373,False,False
519010,LC21,L,0,1,1,,,12,1,12,1,acetylcholine,0.9622755438293679,False,False
60334,LPC1,R,0,4,4,,,3,1,12,3,acetylcholine,0.9611734330456146,True,False
32175,LC22,R,1,0,1,,,12,5,12,1,acetylcholine,0.9609519878043097,False,False
16161,LLPC4,L,0,1,1,,,12,4,12,1,acetylcholine,0.9655569701277078,False,False
49258,LLPC2,R,0,4,4,,,3,1,12,3,acetylcholine,0.9413640974866845,True,False
23483,CL131,L,0,1,1,,,12,2,12,1,acetylcholine,0.9053639006364151,False,False
59335,LLPC2,L,0,1,1,,,12,1,12,1,acetylcholine,0.944378609339146,False,False
49381,LC6,R,1,0,1,,,12,4,12,1,acetylcholine,0.9455617196299133,False,False
49539,LC18,L,2,0,2,,,6,1,12,2,acetylcholine,0.9506569362894577,False,False
59069,LC16,L,0,1,1,,,12,1,12,1,acetylcholine,0.9304254137952239,False,False
34443,LC22,R,1,0,1,,,12,3,12,1,acetylcholine,0.955860112078201,False,False
62835,LC6,R,0,2,2,,,6,2,12,2,acetylcholine,0.9070429566937538,False,False
34043,LLPC1,R,0,3,3,,,4,1,12,3,acetylcholine,0.9708773345659248,True,False
25186,MeLo10,R,2,1,3,,,4,2,12,3,glutamate,0.7007804540913445,True,False
21604,LPi2c,L,0,6,6,,,2,1,12,2,glutamate,0.8223825417162755,False,False
67342,LPC1,R,0,2,2,,,6,1,12,2,acetylcholine,0.9507683652555728,False,False
149957661,UNKNOWN,UNKNOWN,3,0,3,,,4,3,12,3,unclear,0.9109141500795648,True,False
11884,CB4118,L,2,0,2,,,6,5,12,2,gaba,0.8149065341270354,False,False
31077,LC11,R,1,0,1,,,12,1,12,1,acetylcholine,0.9539469277033016,False,False
515790,TmY15,L,1,0,1,,,12,1,12,1,gaba,0.8748897596188351,False,False
25339,LLPC1,R,1,3,4,,,3,2,12,3,acetylcholine,0.943756823119132,True,False
533470,Li17,L,1,2,3,,,4,1,12,3,gaba,0.8726505584955948,True,False
46140,LC17,R,4,0,4,,,3,1,12,3,acetylcholine,0.9260129186015743,True,False
35759,Y11,R,0,3,3,,,4,1,12,3,glutamate,0.827116473200286,True,False
50189,Y11,L,2,1,3,,,4,1,12,3,glutamate,0.7684614689587658,True,False
31340,LPC1,L,0,6,6,,,2,1,12,2,acetylcholine,0.9710812313297545,False,False
43668,LC6,R,0,1,1,,,12,5,12,1,acetylcholine,0.9132088521393125,False,False
516780,Tm4,L,2,0,2,,,6,2,12,2,acetylcholine,0.9747326673375373,False,False
64651,PVLP216m,L,0,3,3,,,4,4,12,3,acetylcholine,0.9007460893142418,True,False
55974,LLPC2,R,0,4,4,,,3,1,12,3,acetylcholine,0.9500464644112295,True,False
972782134,UNKNOWN,UNKNOWN,0,4,4,,,3,2,12,3,unclear,0.9747326673375373,True,False
63636,LPC1,R,0,1,1,,,12,3,12,1,acetylcholine,0.9487007024651656,False,False
46932,LC16,R,0,1,1,,,12,1,12,1,acetylcholine,0.9518727050235868,False,False
31512,LLPC1,R,0,2,2,,,6,1,12,2,acetylcholine,0.937037750850399,False,False
14693,AVLP126,L,4,0,4,,,3,2,12,3,acetylcholine,0.9398360041405694,True,False
59059,LLPC2,R,2,2,4,,,3,1,12,3,acetylcholine,0.9596687414961937,True,False
42516,LC17,R,0,3,3,,,4,1,12,3,acetylcholine,0.9372210165556659,True,False
38148,LC6,R,1,0,1,,,12,5,12,1,acetylcholine,0.9461772083001431,False,False
10974,Li31,R,2,10,12,,,1,1,12,1,glutamate,0.794782477580381,False,False
42938,LC9,R,0,1,1,,,12,2,12,1,acetylcholine,0.9495891000053999,False,False
396881510,UNKNOWN,UNKNOWN,0,3,3,,,4,2,12,3,unclear,0.9109141500795648,True,False
39745,LC9,R,1,0,1,,,12,2,12,1,acetylcholine,0.7336160183858899,False,False
51166,LLPC2,R,0,1,1,,,12,2,12,1,acetylcholine,0.8945821332845688,False,False
42638,LLPC3,R,1,2,3,,,4,1,12,3,acetylcholine,0.9619740374530544,True,False
54703,LPC1,L,0,6,6,,,2,1,12,2,acetylcholine,0.9579084261785108,False,False
106051,PVLP068,R,0,3,3,,,4,1,12,3,acetylcholine,0.9208440357317925,True,False
28162,LC11,R,1,1,2,,,6,1,12,2,acetylcholine,0.9221775222792652,False,False
1011937343,UNKNOWN,UNKNOWN,4,0,4,,,3,2,12,3,unclear,0.9747326673375373,True,False
29223,LC9,R,2,1,3,,,4,1,12,3,acetylcholine,0.9406929466889979,True,False
29995,LPC1,L,0,6,6,,,2,1,12,2,acetylcholine,0.9567608464834682,False,False
42047,LLPC2,R,2,1,3,,,4,1,12,3,acetylcholine,0.9315015391805197,True,False
77918,LC18,L,1,0,1,,,12,1,12,1,acetylcholine,0.9631509929625727,False,False
796576968,UNKNOWN,UNKNOWN,0,3,3,,,4,2,12,3,unclear,0.9109141500795648,True,False
324182474,UNKNOWN,UNKNOWN,3,0,3,,,4,3,12,3,unclear,0.9109141500795648,True,False
40274,TmY17,R,0,2,2,,,6,1,12,2,acetylcholine,0.9708162077485446,False,False
84744,Y14,L,1,0,1,,,12,1,12,1,glutamate,0.7873147610042107,False,False
22134,MeLo14,R,1,1,2,,,6,1,12,2,glutamate,0.7939805851223155,False,False
53650,LPC1,L,0,3,3,,,4,1,12,3,acetylcholine,0.9637780317231591,True,False
27604,LPC1,L,0,6,6,,,2,1,12,2,acetylcholine,0.9666855066990814,False,False
29554,TmY15,R,1,1,2,,,6,1,12,2,gaba,0.8788045340964852,False,False
525516,Li15,L,2,0,2,,,6,1,12,2,gaba,0.8694276423945109,False,False
27866,TmY15,R,1,1,2,,,6,1,12,2,gaba,0.8732868539307554,False,False
34266,LC35a,R,4,8,12,,,1,1,12,1,acetylcholine,0.9402648826786045,False,False
121256,LC11,L,1,2,3,,,4,2,12,3,acetylcholine,0.8855225357163639,True,False
777365992,UNKNOWN,UNKNOWN,0,3,3,,,4,2,12,3,unclear,0.9747326673375373,True,False
126357,LC17,L,0,2,2,,,6,1,12,2,acetylcholine,0.9356067248639736,False,False
123257,LC21,L,2,0,2,,,6,2,12,2,acetylcholine,0.9441667945762809,False,False
55238,LPC1,R,0,4,4,,,3,2,12,3,acetylcholine,0.9618634856585088,True,False
29453,LC11,R,1,0,1,,,12,1,12,1,acetylcholine,0.9586478159535846,False,False
915917183,UNKNOWN,UNKNOWN,0,4,4,,,3,3,12,3,unclear,0.8776194422488326,True,False
39150,LLPC1,R,0,2,2,,,6,3,12,2,acetylcholine,0.9346592026265604,False,False
26549,PVLP113,R,2,0,2,,,6,2,12,2,gaba,0.8421907354561795,False,False
22456,LC11,L,0,1,1,,,12,2,12,1,acetylcholine,0.9639150065996857,False,False
566805252,UNKNOWN,UNKNOWN,0,4,4,,,3,3,12,3,unclear,0.9747326673375373,True,False
90827,Tm4,L,2,0,2,,,6,1,12,2,acetylcholine,0.9747326673375373,False,False
73964,Li21,R,2,0,2,,,6,1,12,2,acetylcholine,0.943137506629099,False,False
34228,LC11,R,0,1,1,,,12,1,12,1,acetylcholine,0.902069775840762,False,False
36779,LC10a,R,2,0,2,,,6,1,12,2,acetylcholine,0.9606551917543301,False,False
34694,LC11,R,0,1,1,,,11,1,11,1,acetylcholine,0.96764177246587,False,False
834934659,UNKNOWN,UNKNOWN,11,0,11,,,1,1,11,1,unclear,0.9109141500795648,False,False
26516,Tlp14,R,0,11,11,,,1,1,11,1,glutamate,0.8088188121644646,False,False
29349,TmY15,R,0,1,1,,,11,1,11,1,gaba,0.8835875862021105,False,False
533023,MeLo13,L,8,3,11,,,1,1,11,1,glutamate,0.7324723185023183,False,False
141652,LC21,L,1,0,1,,,11,1,11,1,acetylcholine,0.910781662399212,False,False
49251,LLPC1,L,0,1,1,,,11,2,11,1,acetylcholine,0.964787478914761,False,False
71985,Tm4,R,0,1,1,,,11,1,11,1,acetylcholine,0.9570729950089883,False,False
30580,LC11,R,0,1,1,,,11,2,11,1,acetylcholine,0.9594926924615702,False,False
84072,Tm4,R,0,1,1,,,11,1,11,1,acetylcholine,0.9689604916722336,False,False
113019,LC18,L,1,0,1,,,11,1,11,1,acetylcholine,0.9654552965062219,False,False
42393,Y11,R,1,0,1,,,11,1,11,1,glutamate,0.8236110137797961,False,False
40930,CB4170,L,0,1,1,,,11,5,11,1,gaba,0.8605615890833194,False,False
10428,MeVCMe1,R,1,10,11,,,1,1,11,1,acetylcholine,0.9156193187637452,False,False
12710,LoVC14,R,11,0,11,,,1,1,11,1,gaba,0.896821877433898,False,False
58807,LC6,R,1,0,1,,,11,4,11,1,acetylcholine,0.858789414407684,False,False
101559930,UNKNOWN,UNKNOWN,11,0,11,,,1,1,11,1,unclear,0.9747326673375373,False,False
28120,TmY15,L,1,0,1,,,11,1,11,1,gaba,0.8761830877278913,False,False
76022,Y13,L,1,0,1,,,11,1,11,1,glutamate,0.8020634110472311,False,False
507948294,UNKNOWN,UNKNOWN,11,0,11,,,1,1,11,1,unclear,0.9747326673375373,False,False
83249,Tm4,R,1,0,1,,,11,1,11,1,acetylcholine,0.9687095275128728,False,False
23853,TmY15,R,0,1,1,,,11,1,11,1,gaba,0.8941923507362181,False,False
10436,LPi12,R,0,11,11,,,1,1,11,1,gaba,0.9049396893455588,False,False
524806,MeLo7,L,1,1,2,,,5,1,10,2,acetylcholine,0.8523883834402437,False,False
62514,LLPC1,R,0,1,1,,,10,3,10,1,acetylcholine,0.943622682230794,False,False
354179228,UNKNOWN,UNKNOWN,0,5,5,,,2,1,10,2,unclear,0.9747326673375373,False,False
499650426,UNKNOWN,UNKNOWN,2,0,2,,,5,2,10,2,unclear,0.9747326673375373,False,False
465143833,CB1139,R,0,5,5,,,2,2,10,2,acetylcholine,0.9625651592610182,False,False
690599043,UNKNOWN,UNKNOWN,0,2,2,,,5,5,10,2,unclear,0.4898699114520403,False,False
902646,CB4101,R,10,0,10,,,1,1,10,1,acetylcholine,0.9645685378687536,False,False
519737,Tm4,L,0,1,1,,,10,1,10,1,acetylcholine,0.9747326673375373,False,False
62675,LC21,L,1,0,1,,,10,1,10,1,acetylcholine,0.9652507945062406,False,False
529628,Tm4,L,1,0,1,,,10,1,10,1,acetylcholine,0.9747326673375373,False,False
28451,LC9,L,3,2,5,,,2,1,10,2,acetylcholine,0.9533324462697551,False,False
47688,LLPC3,R,0,2,2,,,5,1,10,2,acetylcholine,0.9540869729966789,False,False
24055,AVLP149,R,2,0,2,,,5,4,10,2,acetylcholine,0.8788521316455882,False,False
32111,LC10a,L,0,2,2,,,5,1,10,2,acetylcholine,0.9486907636578626,False,False
523434,AVLP126,L,2,0,2,,,5,3,10,2,acetylcholine,0.9228731313026809,False,False
34931,LC6,R,1,0,1,,,10,4,10,1,acetylcholine,0.9574608823225588,False,False
551781,LPT23,R,0,10,10,,,1,1,10,1,acetylcholine,0.9620473852075452,False,False
101124,LLPC1,L,0,2,2,,,5,1,10,2,acetylcholine,0.9542351483802269,False,False
61134,LC21,R,1,0,1,,,10,1,10,1,acetylcholine,0.9202399391299384,False,False
103595,LPC1,L,0,5,5,,,2,1,10,2,acetylcholine,0.9747326673375373,False,False
20524,Li16,L,2,8,10,,,1,1,10,1,glutamate,0.7867093022615029,False,False
28587,TmY15,R,0,2,2,,,5,1,10,2,gaba,0.8846026678665116,False,False
59913,LLPC1,L,0,2,2,,,5,1,10,2,acetylcholine,0.9594323818662605,False,False
23304,TmY19a,R,2,0,2,,,5,1,10,2,gaba,0.8384141359365163,False,False
518169,MeLo2,L,0,1,1,,,10,1,10,1,acetylcholine,0.9747326673375372,False,False
32990,LC17,R,1,1,2,,,5,1,10,2,acetylcholine,0.947757846179414,False,False
556268,LC21,L,1,0,1,,,10,1,10,1,acetylcholine,0.9011506515063096,False,False
87379,LLPC1,R,0,1,1,,,10,1,10,1,acetylcholine,0.9555315609767314,False,False
59681,LC16,R,0,1,1,,,10,1,10,1,acetylcholine,0.939478404940174,False,False
61884,LPC1,R,0,2,2,,,5,1,10,2,acetylcholine,0.9681676456026275,False,False
15682,AVLP746m,R,0,1,1,,,10,5,10,1,acetylcholine,0.9642541610545993,False,False
38083,LC16,R,2,0,2,,,5,1,10,2,acetylcholine,0.9041263680349126,False,False
523467,LC21,L,1,0,1,,,10,1,10,1,acetylcholine,0.944749963312043,False,False
882548819,UNKNOWN,UNKNOWN,2,0,2,,,5,2,10,2,unclear,0.9747326673375373,False,False
115315,LC11,L,1,0,1,,,10,1,10,1,acetylcholine,0.9629729951883655,False,False
72213,LLPC1,R,0,2,2,,,5,2,10,2,acetylcholine,0.9465093637635944,False,False
876730721,UNKNOWN,UNKNOWN,2,0,2,,,5,2,10,2,unclear,0.9747326673375373,False,False
63809,Tlp13,L,2,0,2,,,5,1,10,2,glutamate,0.8137528281391269,False,False
511133,UNKNOWN,UNKNOWN,0,2,2,,,5,2,10,2,unclear,0.9747326673375373,False,False
1011490125,UNKNOWN,UNKNOWN,0,2,2,,,5,2,10,2,unclear,0.9747326673375373,False,False
76805,LLPC1,R,0,5,5,,,2,1,10,2,acetylcholine,0.9431991430701976,False,False
41072,LLPC2,L,0,2,2,,,5,1,10,2,acetylcholine,0.9472126727823417,False,False
42752,LC16,R,1,0,1,,,10,1,10,1,acetylcholine,0.9181292052736467,False,False
160293,LPC1,L,0,2,2,,,5,2,10,2,acetylcholine,0.9571965894421485,False,False
42851,LLPC1,R,0,1,1,,,10,2,10,1,acetylcholine,0.9622803342853553,False,False
30714,LC6,R,0,1,1,,,10,4,10,1,acetylcholine,0.9366915167363653,False,False
75878,TmY17,L,0,2,2,,,5,1,10,2,acetylcholine,0.9747326673375373,False,False
186587742,UNKNOWN,UNKNOWN,0,5,5,,,2,2,10,2,unclear,0.9154148783977109,False,False
37009,LC6,L,1,0,1,,,10,4,10,1,acetylcholine,0.939226567235814,False,False
44599,TmY15,L,1,0,1,,,10,1,10,1,gaba,0.8956078711633371,False,False
198869788,UNKNOWN,UNKNOWN,5,0,5,,,2,2,10,2,unclear,0.9109141500795648,False,False
17474,Li17,L,1,4,5,,,2,1,10,2,gaba,0.8767812195424884,False,False
26696,TmY19b,R,5,0,5,,,2,1,10,2,gaba,0.6489483574636212,False,False
74700,Li22,R,0,2,2,,,5,1,10,2,glutamate,0.7593423685621575,False,False
21588,MeLo2,L,1,1,2,,,5,1,10,2,acetylcholine,0.9510647742894562,False,False
44454,LLPC1,R,0,2,2,,,5,2,10,2,acetylcholine,0.9648399606857775,False,False
74404,LLPC2,R,0,2,2,,,5,2,10,2,acetylcholine,0.9301953941741197,False,False
513502,LLPC3,L,0,1,1,,,10,1,10,1,acetylcholine,0.9635751805561342,False,False
44304,LLPC2,R,0,1,1,,,10,1,10,1,acetylcholine,0.9538186080602524,False,False
10149,LT79,L,1,1,2,,,5,3,10,2,acetylcholine,0.9658571461231545,False,False
71309,LLPC2,L,0,1,1,,,10,1,10,1,acetylcholine,0.9601360603560511,False,False
214916290,UNKNOWN,UNKNOWN,0,5,5,,,2,1,10,2,unclear,0.9747326673375373,False,False
71311,LC16,L,0,1,1,,,10,1,10,1,acetylcholine,0.93928087323399,False,False
25952,LC10a,R,0,2,2,,,5,1,10,2,acetylcholine,0.9431281580189002,False,False
43937,LPC1,L,0,10,10,,,1,1,10,1,acetylcholine,0.9691824846057077,False,False
19702,TmY19b,R,2,0,2,,,5,1,10,2,gaba,0.6783496111716413,False,False
26325,UNKNOWN,L,2,0,2,,,5,3,10,2,acetylcholine,0.9620314750860058,False,False
26268,LC35a,R,3,2,5,,,2,2,10,2,acetylcholine,0.9224721829638788,False,False
26203,CB3376,R,5,0,5,,,2,1,10,2,acetylcholine,0.9621955935728062,False,False
154522,LC29,L,1,0,1,,,10,1,10,1,acetylcholine,0.7444732492262168,False,False
514407,Li29,L,9,1,10,,,1,1,10,1,gaba,0.8815197067994809,False,False
152068,LC21,L,1,0,1,,,10,2,10,1,acetylcholine,0.9540422739701628,False,False
133960,LC9,L,1,1,2,,,5,3,10,2,acetylcholine,0.9469893024905256,False,False
24954,LC17,R,1,0,1,,,10,1,10,1,acetylcholine,0.954235430375413,False,False
129121,TmY15,L,1,0,1,,,10,1,10,1,gaba,0.8860936565368188,False,False
25128,TmY19b,R,1,1,2,,,5,1,10,2,gaba,0.6997268393056351,False,False
516925,LC16,L,0,1,1,,,10,1,10,1,acetylcholine,0.9544150732486418,False,False
224943678,UNKNOWN,UNKNOWN,0,5,5,,,2,1,10,2,unclear,0.9747326673375373,False,False
17010,TmY19b,R,5,5,10,,,1,1,10,1,gaba,0.828535142837064,False,False
598446790,UNKNOWN,UNKNOWN,0,5,5,,,2,2,10,2,unclear,0.9747326673375373,False,False
132314,Tm4,L,1,0,1,,,10,1,10,1,acetylcholine,0.9665319171199548,False,False
65780,MeLo12,L,4,1,5,,,2,2,10,2,glutamate,0.814096462451915,False,False
730562849,UNKNOWN,UNKNOWN,2,3,5,,,2,1,10,2,unclear,0.9747326673375373,False,False
132879,UNKNOWN,L,0,5,5,,,2,2,10,2,gaba,0.8911620610930077,False,False
65601,LoVP33,L,1,0,1,,,10,3,10,1,gaba,0.8408649350554271,False,False
316679021,UNKNOWN,UNKNOWN,0,2,2,,,5,3,10,2,unclear,0.9747326673375373,False,False
57463,LoVP108,R,2,0,2,,,5,2,10,2,gaba,0.844751433576754,False,False
52689,LC11,L,1,1,2,,,5,1,10,2,acetylcholine,0.964018039821286,False,False
25444,MeLo12,R,5,0,5,,,2,1,10,2,glutamate,0.8151971886661724,False,False
11670,LT51,R,1,9,10,,,1,1,10,1,glutamate,0.7588120676987248,False,False
41867,LPC1,R,0,2,2,,,5,3,10,2,acetylcholine,0.9458790618066434,False,False
79754,LLPC2,R,0,2,2,,,5,1,10,2,acetylcholine,0.9388923515718065,False,False
532308,LC29,L,1,0,1,,,9,1,9,1,acetylcholine,0.8458274736507151,False,False
668882927,UNKNOWN,UNKNOWN,3,0,3,,,3,2,9,3,unclear,0.9747326673375373,True,False
34121,LC17,R,3,0,3,,,3,1,9,3,acetylcholine,0.9489980108398975,True,False
58289,MeLo12,R,3,0,3,,,3,2,9,3,glutamate,0.7861500976275192,True,False
51997,LLPC1,R,0,3,3,,,3,1,9,3,acetylcholine,0.9515099937421502,True,False
22595,TmY13,L,0,9,9,,,1,1,9,1,acetylcholine,0.9699480270514772,False,False
669404484,UNKNOWN,UNKNOWN,9,0,9,,,1,1,9,1,unclear,0.46285377358490565,False,False
533885,Tm4,L,0,1,1,,,9,1,9,1,acetylcholine,0.9406525979315657,False,False
22286,LC11,L,1,0,1,,,9,2,9,1,acetylcholine,0.9415981391569598,False,False
22299,LC11,L,1,2,3,,,3,1,9,3,acetylcholine,0.9649191531244813,True,False
16633,TmY19b,R,8,1,9,,,1,1,9,1,gaba,0.7574626959005419,False,False
22615,LLPC1,L,2,1,3,,,3,1,9,3,acetylcholine,0.9534704097428859,True,False
18013,PVLP099,R,0,3,3,,,3,3,9,3,gaba,0.8168459890504505,True,False
56277,LC21,R,0,1,1,,,9,2,9,1,acetylcholine,0.9237535700708861,False,False
22402,LoVP23,R,0,9,9,,,1,1,9,1,acetylcholine,0.923840997751331,False,False
51384,Y14,L,1,2,3,,,3,1,9,3,glutamate,0.823565000637606,True,False
58092,LPC1,R,0,3,3,,,3,1,9,3,acetylcholine,0.95604760547664,True,False
656357981,UNKNOWN,UNKNOWN,9,0,9,,,1,1,9,1,unclear,0.9747326673375373,False,False
666341705,UNKNOWN,UNKNOWN,0,3,3,,,3,2,9,3,unclear,0.9747326673375373,True,False
16479,CB0929,L,0,1,1,,,9,3,9,1,acetylcholine,0.9648097629943702,False,False
45530,LC9,L,1,0,1,,,9,2,9,1,acetylcholine,0.9057858387647572,False,False
44728,Y13,R,1,0,1,,,9,1,9,1,glutamate,0.8194901911109997,False,False
23965,TmY15,R,1,0,1,,,9,1,9,1,gaba,0.8867785433395893,False,False
12898,PVLP112,L,0,1,1,,,9,4,9,1,gaba,0.8651926357677585,False,False
911214811,UNKNOWN,UNKNOWN,9,0,9,,,1,1,9,1,unclear,0.9109141500795648,False,False
42475,LC6,R,0,1,1,,,9,1,9,1,acetylcholine,0.9546991989505959,False,False
77225,LLPC1,R,0,3,3,,,3,1,9,3,acetylcholine,0.9523278157482461,True,False
77255,LC18,R,3,0,3,,,3,1,9,3,acetylcholine,0.9705446362307844,True,False
527963460,UNKNOWN,UNKNOWN,0,3,3,,,3,1,9,3,unclear,0.9747326673375373,True,False
55006,LPC1,R,0,3,3,,,3,2,9,3,acetylcholine,0.9581588115846043,True,False
79080,LLPC1,R,1,0,1,,,9,3,9,1,acetylcholine,0.9332596958916212,False,False
320478375,UNKNOWN,UNKNOWN,0,9,9,,,1,1,9,1,unclear,0.9109141500795648,False,False
41562,LC11,R,1,0,1,,,9,1,9,1,acetylcholine,0.9616468327682894,False,False
130071,Li25,L,9,0,9,,,1,1,9,1,gaba,0.8755074779967406,False,False
83714,LT81,L,2,1,3,,,3,2,9,3,acetylcholine,0.9260380173363326,True,False
375013023,UNKNOWN,UNKNOWN,9,0,9,,,1,1,9,1,unclear,0.9747326673375373,False,False
28259,LC10a,R,3,0,3,,,3,1,9,3,acetylcholine,0.9472159695956273,True,False
49314,LC16,R,1,0,1,,,9,1,9,1,acetylcholine,0.9366360488205298,False,False
109057,LLPC1,L,0,1,1,,,9,2,9,1,acetylcholine,0.9747326673375373,False,False
20837,MeLo14,R,3,0,3,,,3,2,9,3,glutamate,0.8356197204342343,True,False
38136,MeLo2,R,1,0,1,,,9,1,9,1,acetylcholine,0.9650860479159208,False,False
398916118,UNKNOWN,UNKNOWN,9,0,9,,,1,1,9,1,unclear,0.9109141500795648,False,False
413414849,UNKNOWN,UNKNOWN,3,0,3,,,3,2,9,3,unclear,0.9747326673375373,True,False
38246,LLPC2,R,0,3,3,,,3,1,9,3,acetylcholine,0.8755057592525336,True,False
33670,LC9,L,3,0,3,,,3,1,9,3,acetylcholine,0.9456385769482966,True,False
20361,LC11,L,1,0,1,,,9,1,9,1,acetylcholine,0.9666015640995259,False,False
97200,LLPC1,L,0,3,3,,,3,1,9,3,acetylcholine,0.9603673951713048,True,False
38953,LLPC3,R,0,3,3,,,3,1,9,3,acetylcholine,0.9585823660067451,True,False
38874,LC9,R,0,1,1,,,9,3,9,1,acetylcholine,0.8159525439092143,False,False
12594,WED069,L,1,0,1,,,9,3,9,1,acetylcholine,0.9588421593761979,False,False
42640,TmY13,R,1,8,9,,,1,1,9,1,acetylcholine,0.9617876419748358,False,False
27006,LLPC1,R,1,2,3,,,3,1,9,3,acetylcholine,0.9368461607238343,True,False
21838,MeLo10,R,3,0,3,,,3,1,9,3,glutamate,0.7004450446900884,True,False
10755,H1,R,0,9,9,,,1,1,9,1,glutamate,0.8243387121705783,False,False
18931,TmY19b,R,4,5,9,,,1,1,9,1,gaba,0.7801182799702757,False,False
616861903,UNKNOWN,UNKNOWN,3,0,3,,,3,3,9,3,unclear,0.9747326673375373,True,False
583808,LC29,L,1,0,1,,,9,1,9,1,acetylcholine,0.8596377420322627,False,False
15182,Li17,L,6,3,9,,,1,1,9,1,gaba,0.8558890313874866,False,False
31598,LLPC1,R,0,1,1,,,9,3,9,1,acetylcholine,0.9503522559317277,False,False
35432,LC17,R,1,0,1,,,9,1,9,1,acetylcholine,0.9465798440768265,False,False
46669,LLPC3,R,0,3,3,,,3,2,9,3,acetylcholine,0.9689381252676287,True,False
64423,LC18,R,3,0,3,,,3,1,9,3,acetylcholine,0.9492969394491275,True,False
43125,LPC1,L,0,3,3,,,3,2,9,3,acetylcholine,0.9668506734198751,True,False
25138,Li26,R,3,0,3,,,3,2,9,3,gaba,0.8911328403556332,True,False
66177,Tm24,L,1,2,3,,,3,1,9,3,acetylcholine,0.9692451985348808,True,False
35905,LC17,R,0,1,1,,,9,1,9,1,acetylcholine,0.950571051646281,False,False
56193,CB3376,L,3,0,3,,,3,2,9,3,acetylcholine,0.9396925550089561,True,False
16115,LC21,L,0,1,1,,,9,1,9,1,acetylcholine,0.9506823378526277,False,False
25648,LC17,R,1,0,1,,,9,1,9,1,acetylcholine,0.9442495124178061,False,False
18608,CB1973,R,0,1,1,,,9,3,9,1,acetylcholine,0.966093772589925,False,False
36286,LC10a,L,0,1,1,,,9,1,9,1,acetylcholine,0.9332445697192305,False,False
206097731,UNKNOWN,UNKNOWN,0,3,3,,,3,2,9,3,unclear,0.9109141500795648,True,False
71801,LC21,R,1,0,1,,,9,1,9,1,acetylcholine,0.9550342078063263,False,False
72064,LC10c-2,R,0,1,1,,,9,1,9,1,acetylcholine,0.9068026456445059,False,False
34772,MeLo2,R,1,0,1,,,9,1,9,1,acetylcholine,0.9747326673375374,False,False
26427,LLPC2,L,0,3,3,,,3,1,9,3,acetylcholine,0.9612375256364276,True,False
26955,LLPC1,R,0,1,1,,,9,2,9,1,acetylcholine,0.9395829895767192,False,False
48137,Tm24,R,2,1,3,,,3,1,9,3,acetylcholine,0.968699860020331,True,False
54277,LC17,R,1,0,1,,,8,1,8,1,acetylcholine,0.947844270138779,False,False
21370,MeLo10,R,4,0,4,,,2,2,8,2,glutamate,0.7223061673028452,False,False
21832,LLPC1,R,0,1,1,,,8,2,8,1,acetylcholine,0.9456382047724335,False,False
523599,LPi2b,L,0,4,4,,,2,2,8,2,gaba,0.9003488063574204,False,False
21648,LLPC1,R,1,1,2,,,4,2,8,2,acetylcholine,0.9596992429775265,False,False
523850,TmY19a,L,1,3,4,,,2,1,8,2,gaba,0.8610993454507023,False,False
54812,LPC1,R,0,4,4,,,2,1,8,2,acetylcholine,0.9693672957856752,False,False
690290346,UNKNOWN,UNKNOWN,4,0,4,,,2,2,8,2,unclear,0.9747326673375373,False,False
22131,LC35a,L,1,3,4,,,2,2,8,2,acetylcholine,0.8894107391621223,False,False
174703,ME_unclear,L,1,7,8,,,1,1,8,1,unclear,0.5897146299224456,False,False
77325,LLPC2,L,0,1,1,,,8,2,8,1,acetylcholine,0.9668328527993817,False,False
141402,LPC1,L,0,1,1,,,8,4,8,1,acetylcholine,0.961695325350018,False,False
79883,LPC1,R,0,1,1,,,8,2,8,1,acetylcholine,0.9452964332677691,False,False
27619,PVLP216m,R,1,1,2,,,4,2,8,2,acetylcholine,0.9421662265696378,False,False
28185,MeLo12,R,4,0,4,,,2,1,8,2,glutamate,0.8065148958307896,False,False
84169,Tm4,R,1,1,2,,,4,1,8,2,acetylcholine,0.9747326673375373,False,False
85031,LLPC2,L,0,2,2,,,4,2,8,2,acetylcholine,0.9679377219655573,False,False
113833,MeLo12,L,4,0,4,,,2,2,8,2,glutamate,0.8045825832081774,False,False
28273,LC17,R,1,1,2,,,4,2,8,2,acetylcholine,0.9287449828954734,False,False
88591,LPC1,R,0,2,2,,,4,1,8,2,acetylcholine,0.9567393116478679,False,False
89662,LLPC1,R,1,1,2,,,4,2,8,2,acetylcholine,0.9640987274949578,False,False
102914,LPC1,L,0,4,4,,,2,1,8,2,acetylcholine,0.9667685426099417,False,False
29102,LC17,R,0,1,1,,,8,1,8,1,acetylcholine,0.8990137398591735,False,False
29076,LC9,R,2,0,2,,,4,1,8,2,acetylcholine,0.9254410416192378,False,False
100230,LLPC1,L,1,3,4,,,2,1,8,2,acetylcholine,0.9682551792257595,False,False
11277,LoVP90c,L,0,4,4,,,2,1,8,2,acetylcholine,0.9487329624704588,False,False
98666,Y14,L,4,0,4,,,2,1,8,2,glutamate,0.8114797671919445,False,False
95118,LPC1,L,1,0,1,,,8,2,8,1,acetylcholine,0.9619740374530544,False,False
29024,LC9,L,3,1,4,,,2,2,8,2,acetylcholine,0.9495276358349108,False,False
77055,LC18,L,1,0,1,,,8,1,8,1,acetylcholine,0.9595523875392163,False,False
186081,LC29,L,1,0,1,,,8,1,8,1,acetylcholine,0.8922669947576224,False,False
57299,LLPC2,R,0,1,1,,,8,1,8,1,acetylcholine,0.9382401942898048,False,False
512261,MeLo14,L,3,1,4,,,2,1,8,2,glutamate,0.8181947689818238,False,False
22945,Li26,R,3,5,8,,,1,1,8,1,gaba,0.8808597252845995,False,False
23139,MeLo10,R,3,1,4,,,2,2,8,2,glutamate,0.6965499059856772,False,False
58816,LC16,R,0,1,1,,,8,1,8,1,acetylcholine,0.9253005627377856,False,False
24663,LC9,L,2,0,2,,,4,1,8,2,acetylcholine,0.9485001856610797,False,False
718727439,UNKNOWN,UNKNOWN,0,8,8,,,1,1,8,1,unclear,0.9747326673375373,False,False
878857622,UNKNOWN,UNKNOWN,0,8,8,,,1,1,8,1,unclear,0.9109141500795648,False,False
24900,MeLo10,R,2,2,4,,,2,2,8,2,glutamate,0.739415463589637,False,False
25008,LoVP43,R,1,0,1,,,8,1,8,1,acetylcholine,0.9278185190109998,False,False
10836,OLVC3,L,0,1,1,,,8,3,8,1,acetylcholine,0.9579621709629084,False,False
67130,Y13,R,2,0,2,,,4,1,8,2,glutamate,0.8087048677503826,False,False
67145,LPC1,R,0,2,2,,,4,2,8,2,acetylcholine,0.9672312058981982,False,False
20264,Li28,L,2,0,2,,,4,1,8,2,gaba,0.8538469817569426,False,False
25458,LC17,R,2,0,2,,,4,1,8,2,acetylcholine,0.9497279301084175,False,False
67612,LC18,R,2,0,2,,,4,1,8,2,acetylcholine,0.9591276044359688,False,False
68023,LC29,L,0,4,4,,,2,2,8,2,acetylcholine,0.8880893025965627,False,False
30601,LC17,R,1,0,1,,,8,1,8,1,acetylcholine,0.9370554821586886,False,False
70167,Li17,L,3,5,8,,,1,1,8,1,gaba,0.858757814942498,False,False
30544,Y13,L,2,0,2,,,4,1,8,2,glutamate,0.8395983281293907,False,False
72811,TmY13,R,0,4,4,,,2,1,8,2,acetylcholine,0.9747326673375374,False,False
33557,PVLP065,R,8,0,8,,,1,1,8,1,acetylcholine,0.9133026907220789,False,False
28873,LLPC1,R,0,4,4,,,2,1,8,2,acetylcholine,0.9538687328793294,False,False
14792,LPC1,L,0,8,8,,,1,1,8,1,acetylcholine,0.9747326673375373,False,False
539010,LLPC1,L,0,1,1,,,8,1,8,1,acetylcholine,0.9670213719663734,False,False
551536784,UNKNOWN,UNKNOWN,1,0,1,,,8,3,8,1,unclear,0.9747326673375373,False,False
18394,MeLo10,L,4,0,4,,,2,1,8,2,glutamate,0.764401429369894,False,False
16900,TmY19b,L,1,3,4,,,2,1,8,2,gaba,0.8585931444844183,False,False
534521,LLPC2,L,0,2,2,,,4,1,8,2,acetylcholine,0.9621134830752887,False,False
667808618,UNKNOWN,UNKNOWN,0,4,4,,,2,2,8,2,unclear,0.9747326673375373,False,False
1001671055,UNKNOWN,UNKNOWN,0,2,2,,,4,2,8,2,unclear,0.6521698254459607,False,False
530569,Y11,L,0,1,1,,,8,1,8,1,glutamate,0.8049089197619073,False,False
14479,LoVP47,R,0,2,2,,,4,2,8,2,glutamate,0.7703588323411945,False,False
52319,LC18,R,2,0,2,,,4,1,8,2,acetylcholine,0.9664800472785251,False,False
18819,MeLo14,R,7,1,8,,,1,1,8,1,glutamate,0.8362449788269528,False,False
529724,LoVP92,L,1,1,2,,,4,2,8,2,acetylcholine,0.9476769025961838,False,False
42031,LPC1,L,0,4,4,,,2,1,8,2,acetylcholine,0.9747326673375373,False,False
18996,Y3,L,0,4,4,,,2,1,8,2,acetylcholine,0.9714401860559434,False,False
40105,LC6,L,1,0,1,,,8,2,8,1,acetylcholine,0.7943667593707175,False,False
10294,OLVC5,L,1,1,2,,,4,3,8,2,acetylcholine,0.9473006211616313,False,False
51687,LPC1,R,0,2,2,,,4,2,8,2,acetylcholine,0.9580180497500084,False,False
11709,LPi12,L,0,4,4,,,2,2,8,2,gaba,0.8947695999508539,False,False
45394,LC18,R,1,0,1,,,8,2,8,1,acetylcholine,0.9586387939562809,False,False
50793,MeLo2,L,0,2,2,,,4,1,8,2,acetylcholine,0.9747326673375373,False,False
34708,LC17,R,1,0,1,,,8,1,8,1,acetylcholine,0.9593330966660027,False,False
45241,LPC1,R,0,1,1,,,8,3,8,1,acetylcholine,0.9699463460726769,False,False
532653,LC10a,L,0,1,1,,,8,1,8,1,acetylcholine,0.9315599560645507,False,False
16159,PVLP201m_d,L,1,0,1,,,8,4,8,1,acetylcholine,0.9639073026802641,False,False
14358,LLPC1,L,0,1,1,,,8,2,8,1,acetylcholine,0.9653550730164321,False,False
359768746,UNKNOWN,UNKNOWN,0,4,4,,,2,1,8,2,unclear,0.9747326673375373,False,False
48315,LC16,L,1,0,1,,,8,1,8,1,acetylcholine,0.94429544445611,False,False
48606,LLPC3,R,0,2,2,,,4,1,8,2,acetylcholine,0.9455763419216975,False,False
39826,LC14b,L,3,5,8,,,1,1,8,1,acetylcholine,0.9226062788855621,False,False
45581,Y11,R,0,2,2,,,4,1,8,2,glutamate,0.8017130921098353,False,False
51513,LLPC2,R,1,3,4,,,2,1,8,2,acetylcholine,0.9238016923020251,False,False
42897,LLPC3,R,0,2,2,,,4,1,8,2,acetylcholine,0.9584484793470347,False,False
17859,MeLo12,L,4,0,4,,,2,1,8,2,glutamate,0.8109100317367007,False,False
44058,LLPC2,L,0,1,1,,,8,1,8,1,acetylcholine,0.9685436406611478,False,False
33885,LC6,R,0,1,1,,,8,5,8,1,acetylcholine,0.9586061409181736,False,False
19213,MeLo10,R,3,1,4,,,2,1,8,2,glutamate,0.7597320973275009,False,False
46930,LLPC2,R,0,1,1,,,8,2,8,1,acetylcholine,0.9285983609883302,False,False
38681,LLPC3,R,0,2,2,,,4,1,8,2,acetylcholine,0.9556076655736154,False,False
46427,Y11,R,0,4,4,,,2,1,8,2,glutamate,0.7961885808085443,False,False
42550,LC17,L,1,0,1,,,8,1,8,1,acetylcholine,0.9069186560236008,False,False
251992087,UNKNOWN,UNKNOWN,4,0,4,,,2,2,8,2,unclear,0.9109141500795648,False,False
13211,LPT114,R,0,2,2,,,4,2,8,2,gaba,0.896663007830119,False,False
53963,LLPC1,R,0,2,2,,,4,1,8,2,acetylcholine,0.9554810099327948,False,False
33688,LLPC1,R,1,3,4,,,2,2,8,2,acetylcholine,0.9550017796557702,False,False
40292,LPC1,L,0,2,2,,,4,2,8,2,acetylcholine,0.9552282214445617,False,False
37465,LPT28,R,0,4,4,,,2,1,8,2,acetylcholine,0.9451584954154962,False,False
46841,LLPC2,R,0,1,1,,,8,1,8,1,acetylcholine,0.9491972032843705,False,False
14148,MeLo14,L,2,0,2,,,4,2,8,2,glutamate,0.808692480106152,False,False
1026802624,UNKNOWN,UNKNOWN,8,0,8,,,1,1,8,1,unclear,0.5540487421383647,False,False
1027161182,UNKNOWN,UNKNOWN,4,0,4,,,2,1,8,2,unclear,0.9109141500795648,False,False
317803210,UNKNOWN,UNKNOWN,0,8,8,,,1,1,8,1,unclear,0.9747326673375373,False,False
53643,LC18,L,2,0,2,,,4,2,8,2,acetylcholine,0.9483737820722503,False,False
525730,LLPC2,L,0,1,1,,,8,1,8,1,acetylcholine,0.9396652731145062,False,False
41209,LLPC3,R,0,2,2,,,4,1,8,2,acetylcholine,0.9598042421987629,False,False
46046,LC21,R,0,1,1,,,8,1,8,1,acetylcholine,0.9614631851670207,False,False
39210,LC16,L,1,3,4,,,2,2,8,2,acetylcholine,0.926635295016376,False,False
13776,MeLo8,R,6,2,8,,,1,1,8,1,gaba,0.8689228111736649,False,False
47532,LLPC2,R,1,0,1,,,8,2,8,1,acetylcholine,0.9416345911260845,False,False
13642,CL309,L,1,0,1,,,8,7,8,1,acetylcholine,0.9593079868093332,False,False
42334,WED029,R,0,1,1,,,8,4,8,1,gaba,0.7803364133425159,False,False
488273509,UNKNOWN,UNKNOWN,2,0,2,,,4,3,8,2,unclear,0.9747326673375373,False,False
19703,LC10a,L,2,0,2,,,4,1,8,2,acetylcholine,0.9367511123942467,False,False
44656,LC10a,R,1,1,2,,,4,1,8,2,acetylcholine,0.9091048596587631,False,False
12833,LoVP92,L,0,2,2,,,4,3,8,2,acetylcholine,0.9466381049574937,False,False
537140,Tm4,L,1,0,1,,,7,1,7,1,acetylcholine,0.968916607588614,False,False
184712894,UNKNOWN,UNKNOWN,0,1,1,,,7,2,7,1,unclear,0.9747326673375373,False,False
987137898,UNKNOWN,UNKNOWN,0,1,1,,,7,2,7,1,unclear,0.9747326673375373,False,False
60160,LLPC3,R,0,1,1,,,7,1,7,1,acetylcholine,0.9450003606995988,False,False
84913,LC18,L,1,0,1,,,7,2,7,1,acetylcholine,0.9703756125538303,False,False
513930,MeVPMe2,L,0,1,1,,,7,2,7,1,glutamate,0.8268686181211932,False,False
35992,TmY15,L,0,1,1,,,7,1,7,1,gaba,0.8849158297946232,False,False
534219045,UNKNOWN,UNKNOWN,7,0,7,,,1,1,7,1,unclear,0.9747326673375373,False,False
40823,LC11,L,1,0,1,,,7,1,7,1,acetylcholine,0.9612379004380003,False,False
24328,TmY15,R,1,0,1,,,7,1,7,1,gaba,0.8742744189255628,False,False
778412702,UNKNOWN,UNKNOWN,7,0,7,,,1,1,7,1,unclear,0.9747326673375373,False,False
46435,LLPC3,R,0,1,1,,,7,1,7,1,acetylcholine,0.9630257132629212,False,False
112340089,UNKNOWN,UNKNOWN,0,7,7,,,1,1,7,1,unclear,0.9747326673375373,False,False
134704,Tm4,L,1,0,1,,,7,1,7,1,acetylcholine,0.9688102162517434,False,False
65587,LLPC2,R,0,1,1,,,7,1,7,1,acetylcholine,0.957573636330945,False,False
80740,LLPC1,R,0,1,1,,,7,4,7,1,acetylcholine,0.9477795658633887,False,False
37494,Y11,R,0,1,1,,,7,1,7,1,glutamate,0.7646330216940072,False,False
65799,Tlp12,L,0,1,1,,,7,1,7,1,glutamate,0.8168798395020656,False,False
27291,LLPC1,R,0,1,1,,,7,2,7,1,acetylcholine,0.9687666042490914,False,False
13125,PVLP135,R,0,1,1,,,7,4,7,1,acetylcholine,0.9723908049407488,False,False
517688,LLPC2,L,0,1,1,,,7,1,7,1,acetylcholine,0.9173145487083212,False,False
41089,LC10a,R,1,0,1,,,7,2,7,1,acetylcholine,0.9340665055223224,False,False
27131,LLPC1,R,0,1,1,,,7,2,7,1,acetylcholine,0.9402713002018077,False,False
147622,LLPC2,L,0,1,1,,,7,1,7,1,acetylcholine,0.9521593408991582,False,False
83037,Tm4,R,1,0,1,,,7,1,7,1,acetylcholine,0.9682150012242015,False,False
29963,LC9,R,1,0,1,,,7,3,7,1,acetylcholine,0.9364271460880979,False,False
85268,LC21,R,1,0,1,,,7,1,7,1,acetylcholine,0.9382839906966635,False,False
45949,LC18,R,1,0,1,,,7,1,7,1,acetylcholine,0.9707504100302339,False,False
15651,LPC1,L,0,1,1,,,7,3,7,1,acetylcholine,0.9376048742120892,False,False
28207,LC17,R,1,0,1,,,7,1,7,1,acetylcholine,0.9502397249147545,False,False
588487543,UNKNOWN,UNKNOWN,7,0,7,,,1,1,7,1,unclear,0.9109141500795648,False,False
550411,LLPC1,R,0,1,1,,,7,2,7,1,acetylcholine,0.9521864986893406,False,False
514904,LLPC1,L,1,0,1,,,7,1,7,1,acetylcholine,0.9607856643627696,False,False
539405618,UNKNOWN,UNKNOWN,7,0,7,,,1,1,7,1,unclear,0.48209570883746566,False,False
750913377,UNKNOWN,UNKNOWN,7,0,7,,,1,1,7,1,unclear,0.9747326673375373,False,False
85270,LC21,L,1,0,1,,,7,2,7,1,acetylcholine,0.9326100657543048,False,False
738311795,UNKNOWN,UNKNOWN,2,5,7,,,1,1,7,1,unclear,0.9109141500795648,False,False
22435,LC17,R,1,0,1,,,7,1,7,1,acetylcholine,0.9188488356155672,False,False
42903,LC21,R,0,1,1,,,7,1,7,1,acetylcholine,0.9505123492592981,False,False
680431571,UNKNOWN,UNKNOWN,0,1,1,,,7,3,7,1,unclear,0.8532797652417049,False,False
43948,MeLo2,R,1,0,1,,,7,1,7,1,acetylcholine,0.8354070508175501,False,False
36647,LLPC2,R,0,1,1,,,7,2,7,1,acetylcholine,0.871795870924722,False,False
169820,LC21,L,1,0,1,,,7,1,7,1,acetylcholine,0.9600963523002438,False,False
512269,LC18,L,1,0,1,,,7,1,7,1,acetylcholine,0.9626398097258345,False,False
1003160664,UNKNOWN,UNKNOWN,7,0,7,,,1,1,7,1,unclear,0.9747326673375373,False,False
17996,PVLP097,R,0,7,7,,,1,1,7,1,gaba,0.8627843798511192,False,False
42993,LC16,R,1,0,1,,,7,1,7,1,acetylcholine,0.8858349825443605,False,False
55573,LPC1,R,0,1,1,,,7,2,7,1,acetylcholine,0.9497146590774941,False,False
19321,LT78,L,1,0,1,,,7,5,7,1,glutamate,0.7690723325423737,False,False
42918,LLPC2,R,0,1,1,,,7,3,7,1,acetylcholine,0.9385799190018035,False,False
75608,Tm4,R,0,1,1,,,7,1,7,1,acetylcholine,0.9694259337261326,False,False
36670,LC17,R,1,0,1,,,7,1,7,1,acetylcholine,0.9545540647437863,False,False
12688,OA-ASM1,R,1,6,7,,,1,1,7,1,octopamine,0.8599101352252163,False,False
102044,Tm4,L,0,1,1,,,7,1,7,1,acetylcholine,0.9747326673375373,False,False
75861,LLPC1,R,0,1,1,,,7,2,7,1,acetylcholine,0.9573822527524183,False,False
71629,Tm4,R,1,0,1,,,7,1,7,1,acetylcholine,0.9567447818701058,False,False
54626,LC16,R,1,0,1,,,7,1,7,1,acetylcholine,0.913354417377239,False,False
525421,PVLP213m,R,0,7,7,,,1,1,7,1,acetylcholine,0.9495045628347664,False,False
30308,Y3,L,0,7,7,,,1,1,7,1,acetylcholine,0.9622452993440274,False,False
28836,LC17,R,0,1,1,,,7,1,7,1,acetylcholine,0.945755087107942,False,False
25733,LoVP93,R,0,1,1,,,7,3,7,1,acetylcholine,0.9565035391542371,False,False
536960,Tm4,L,1,0,1,,,7,1,7,1,acetylcholine,0.9747326673375374,False,False
16429,Li17,R,2,5,7,,,1,1,7,1,gaba,0.8450822456871033,False,False
43370,LC16,R,1,0,1,,,7,1,7,1,acetylcholine,0.937573884734369,False,False
159571,MeLo13,L,7,0,7,,,1,1,7,1,glutamate,0.656843794669038,False,False
512173,LoVP26,L,0,2,2,,,3,2,6,2,acetylcholine,0.8314531754349923,False,False
263975514,UNKNOWN,UNKNOWN,6,0,6,,,1,1,6,1,unclear,0.8625,False,False
516757,TmY19b,L,2,0,2,,,3,1,6,2,gaba,0.6872930673073879,False,False
516759,Tm24,L,2,1,3,,,2,2,6,2,acetylcholine,0.9747326673375373,False,False
74144,LC18,R,2,0,2,,,3,2,6,2,acetylcholine,0.9659790619097904,False,False
236973292,UNKNOWN,UNKNOWN,0,2,2,,,3,3,6,2,unclear,0.9747326673375373,False,False
871506300,UNKNOWN,UNKNOWN,6,0,6,,,1,1,6,1,unclear,0.9109141500795648,False,False
74649,LLPC1,R,0,1,1,,,6,1,6,1,acetylcholine,0.9480624449564126,False,False
31409,Li26,L,3,3,6,,,1,1,6,1,gaba,0.9052132207741107,False,False
145570,PS357,L,0,2,2,,,3,1,6,2,acetylcholine,0.7624845347580568,False,False
26243,LC17,R,1,1,2,,,3,1,6,2,acetylcholine,0.9564994593784463,False,False
316113058,UNKNOWN,UNKNOWN,6,0,6,,,1,1,6,1,unclear,0.9109141500795648,False,False
31250,LC10a,R,1,0,1,,,6,1,6,1,acetylcholine,0.9295728920756908,False,False
328319448,UNKNOWN,UNKNOWN,2,0,2,,,3,2,6,2,unclear,0.9747326673375373,False,False
442736,UNKNOWN,UNKNOWN,1,0,1,,,6,2,6,1,unclear,0.9109141500795648,False,False
740042050,UNKNOWN,UNKNOWN,6,0,6,,,1,1,6,1,unclear,0.9109141500795648,False,False
838848630,UNKNOWN,UNKNOWN,0,6,6,,,1,1,6,1,unclear,0.9747326673375373,False,False
46288,LC21,R,1,0,1,,,6,1,6,1,acetylcholine,0.9318749846962093,False,False
516495,LLPC1,L,1,0,1,,,6,1,6,1,acetylcholine,0.9575877878454252,False,False
227492781,UNKNOWN,UNKNOWN,1,0,1,,,6,3,6,1,unclear,0.9747326673375373,False,False
73378,LC18,L,1,1,2,,,3,1,6,2,acetylcholine,0.9627449063633365,False,False
43506,LC9,L,1,0,1,,,6,2,6,1,acetylcholine,0.9336822615072304,False,False
137490064,UNKNOWN,UNKNOWN,2,0,2,,,3,2,6,2,unclear,0.9109141500795648,False,False
27396,LLPC1,R,2,1,3,,,2,1,6,2,acetylcholine,0.9469162632042863,False,False
36978,LC6,L,1,0,1,,,6,2,6,1,acetylcholine,0.9500470545853846,False,False
27142,LLPC1,R,1,0,1,,,6,1,6,1,acetylcholine,0.9547410790066179,False,False
591286950,UNKNOWN,UNKNOWN,1,0,1,,,6,3,6,1,unclear,0.9747326673375373,False,False
143739210,UNKNOWN,UNKNOWN,0,3,3,,,2,2,6,2,unclear,0.9747326673375373,False,False
26046,TmY19a,R,3,0,3,,,2,1,6,2,gaba,0.8280133367503015,False,False
25815,LLPC1,R,0,3,3,,,2,2,6,2,acetylcholine,0.9568311621106123,False,False
857359721,UNKNOWN,UNKNOWN,0,3,3,,,2,2,6,2,unclear,0.9747326673375373,False,False
44311,Y11,R,0,2,2,,,3,2,6,2,glutamate,0.7732156283750041,False,False
267038589,UNKNOWN,UNKNOWN,2,0,2,,,3,2,6,2,unclear,0.9747326673375373,False,False
152436,LC9,L,3,0,3,,,2,1,6,2,acetylcholine,0.9444328022785393,False,False
30775,Li25,L,1,1,2,,,3,1,6,2,gaba,0.8948011019411493,False,False
42082,LC6,L,0,1,1,,,6,3,6,1,acetylcholine,0.9549377459670483,False,False
524761,AN09A005,L,1,0,1,,,6,4,6,1,serotonin,0.6322565818502721,False,False
45114,LLPC3,R,0,2,2,,,3,1,6,2,acetylcholine,0.9462419117109393,False,False
533687753,UNKNOWN,UNKNOWN,0,2,2,,,3,3,6,2,unclear,0.9747326673375373,False,False
159249,LPC1,L,0,1,1,,,6,4,6,1,acetylcholine,0.9376581674958586,False,False
70132,Y11,R,0,3,3,,,2,1,6,2,glutamate,0.784934643439413,False,False
70080,LPC1,R,0,2,2,,,3,1,6,2,acetylcholine,0.9334841742713778,False,False
750059630,UNKNOWN,UNKNOWN,1,0,1,,,6,2,6,1,unclear,0.9747326673375373,False,False
69870,LC10a,L,1,1,2,,,3,1,6,2,acetylcholine,0.9250912691515008,False,False
861314045,UNKNOWN,UNKNOWN,0,3,3,,,2,1,6,2,unclear,0.9747326673375373,False,False
186067021,UNKNOWN,UNKNOWN,0,2,2,,,3,3,6,2,unclear,0.9747326673375373,False,False
26967,LC9,R,3,0,3,,,2,1,6,2,acetylcholine,0.9468605079365613,False,False
10132,LoVC1,R,0,2,2,,,3,2,6,2,glutamate,0.7070441786960925,False,False
734329651,UNKNOWN,UNKNOWN,3,0,3,,,2,1,6,2,unclear,0.6250351892514987,False,False
25409,LC9,R,1,2,3,,,2,1,6,2,acetylcholine,0.9323473293623241,False,False
72373,Y14,R,1,0,1,,,6,1,6,1,glutamate,0.7847087364884054,False,False
30506,LC36,R,2,0,2,,,3,2,6,2,acetylcholine,0.8773241390818274,False,False
516845,LC19,L,0,3,3,,,2,1,6,2,acetylcholine,0.9444950326539446,False,False
43835,LLPC3,R,0,1,1,,,6,2,6,1,acetylcholine,0.9458170793241728,False,False
515500,Tm4,L,2,0,2,,,3,1,6,2,acetylcholine,0.9747326673375373,False,False
217304928,UNKNOWN,UNKNOWN,0,3,3,,,2,2,6,2,unclear,0.9747326673375373,False,False
35961,LC29,L,1,0,1,,,6,3,6,1,acetylcholine,0.8189947401703499,False,False
515219,PLP300m,R,2,0,2,,,3,1,6,2,acetylcholine,0.956219629229486,False,False
864431186,UNKNOWN,UNKNOWN,0,2,2,,,3,2,6,2,unclear,0.9747326673375373,False,False
30942,LC17,R,2,0,2,,,3,1,6,2,acetylcholine,0.9424749277450362,False,False
67217,Y14,R,1,0,1,,,6,1,6,1,glutamate,0.7568042270178709,False,False
14209,Li28,L,6,0,6,,,1,1,6,1,gaba,0.890813814129044,False,False
514934,TmY13,L,0,3,3,,,2,1,6,2,acetylcholine,0.9572914417205652,False,False
841263438,UNKNOWN,UNKNOWN,3,0,3,,,2,2,6,2,unclear,0.9747326673375373,False,False
26011,Li26,R,0,2,2,,,3,1,6,2,gaba,0.8961587568699816,False,False
1000768353,UNKNOWN,UNKNOWN,6,0,6,,,1,1,6,1,unclear,0.9747326673375373,False,False
68449,Tm5Y,R,1,1,2,,,3,1,6,2,acetylcholine,0.9747326673375372,False,False
62629,LLPC1,L,0,1,1,,,6,2,6,1,acetylcholine,0.9565639156618115,False,False
32281,LC17,R,1,2,3,,,2,1,6,2,acetylcholine,0.9383223569670147,False,False
525934,TmY15,L,1,0,1,,,6,1,6,1,gaba,0.8807278751287472,False,False
32606,LLPC1,L,1,1,2,,,3,2,6,2,acetylcholine,0.9683404093324934,False,False
55155,TmY13,R,0,2,2,,,3,1,6,2,acetylcholine,0.9456989693803219,False,False
23429,TmY15,R,0,2,2,,,3,2,6,2,gaba,0.8969871431945354,False,False
33192,MeLo12,R,3,0,3,,,2,2,6,2,glutamate,0.8283570558287492,False,False
641152875,UNKNOWN,UNKNOWN,0,6,6,,,1,1,6,1,unclear,0.9747326673375373,False,False
488298205,UNKNOWN,UNKNOWN,3,0,3,,,2,1,6,2,unclear,0.884396610338137,False,False
383905583,UNKNOWN,UNKNOWN,0,3,3,,,2,1,6,2,unclear,0.9109141500795648,False,False
708222404,UNKNOWN,UNKNOWN,0,3,3,,,2,2,6,2,unclear,0.9747326673375373,False,False
28753,LC9,R,2,0,2,,,3,1,6,2,acetylcholine,0.9460204010617618,False,False
34583,AVLP149,R,6,0,6,,,1,1,6,1,acetylcholine,0.8536770177077171,False,False
35709,LLPC2,R,1,2,3,,,2,1,6,2,acetylcholine,0.8222317881255897,False,False
715678378,UNKNOWN,UNKNOWN,0,2,2,,,3,2,6,2,unclear,0.9747326673375373,False,False
16286,LPT23,R,0,6,6,,,1,1,6,1,acetylcholine,0.9423447852893424,False,False
21071,LPT23,L,0,3,3,,,2,2,6,2,acetylcholine,0.9673537552228519,False,False
537496,LLPC1,L,0,1,1,,,6,2,6,1,acetylcholine,0.9747326673375373,False,False
59515,LC16,R,0,1,1,,,6,1,6,1,acetylcholine,0.9195801212948457,False,False
49271,Y14,R,1,1,2,,,3,1,6,2,glutamate,0.8066848347825445,False,False
33712,LC17,R,0,1,1,,,6,1,6,1,acetylcholine,0.92836123050314,False,False
116232,LLPC1,L,0,2,2,,,3,2,6,2,acetylcholine,0.882827445901294,False,False
60059,LPC1,R,0,1,1,,,6,2,6,1,acetylcholine,0.9415383797897017,False,False
10455,LT34,L,0,2,2,,,3,3,6,2,gaba,0.8821306849215385,False,False
60108,LC16,R,0,1,1,,,6,2,6,1,acetylcholine,0.8865821335902014,False,False
535724,LC21,L,1,0,1,,,6,1,6,1,acetylcholine,0.9621326945214698,False,False
32671,TmY15,R,0,1,1,,,6,1,6,1,gaba,0.889731223921752,False,False
521370,MeLo14,L,2,1,3,,,2,1,6,2,glutamate,0.8322342503875821,False,False
700288480,UNKNOWN,UNKNOWN,1,5,6,,,1,1,6,1,unclear,0.48909167830244193,False,False
11117,LPT27,R,0,1,1,,,6,1,6,1,acetylcholine,0.9348804363576975,False,False
38428,LLPC2,L,0,2,2,,,3,2,6,2,acetylcholine,0.9430056388135644,False,False
51897,MeLo2,R,1,0,1,,,6,1,6,1,acetylcholine,0.9747326673375374,False,False
38348,MeLo2,L,5,1,6,,,1,1,6,1,acetylcholine,0.9687738821960025,False,False
28471,LC9,R,0,2,2,,,3,2,6,2,acetylcholine,0.9431470669759339,False,False
39417,LC16,R,0,1,1,,,6,1,6,1,acetylcholine,0.9323993932392194,False,False
39554,Li15,L,2,4,6,,,1,1,6,1,gaba,0.8815982951987711,False,False
22155,MeLo14,R,2,1,3,,,2,2,6,2,glutamate,0.8507418810268561,False,False
57088,LC18,L,1,0,1,,,6,1,6,1,acetylcholine,0.9663373784092196,False,False
522395,LLPC1,L,0,3,3,,,2,1,6,2,acetylcholine,0.9211818351512371,False,False
89492,Li21,R,0,1,1,,,6,1,6,1,acetylcholine,0.9382033079655584,False,False
1035586886,UNKNOWN,UNKNOWN,0,3,3,,,2,2,6,2,unclear,0.9747326673375373,False,False
57547,Y14,L,1,0,1,,,6,1,6,1,glutamate,0.8105210694308873,False,False
51288,LLPC2,R,1,2,3,,,2,1,6,2,acetylcholine,0.9471992138816632,False,False
50934,Tm36,L,1,0,1,,,6,1,6,1,acetylcholine,0.9504512925286136,False,False
898822487,UNKNOWN,UNKNOWN,0,2,2,,,3,3,6,2,unclear,0.9747326673375373,False,False
655693668,UNKNOWN,UNKNOWN,2,0,2,,,3,3,6,2,unclear,0.9109141500795648,False,False
88418,Tm4,R,1,0,1,,,6,1,6,1,acetylcholine,0.9747326673375374,False,False
532780,Tm4,L,0,1,1,,,6,1,6,1,acetylcholine,0.9688461098946877,False,False
428343482,UNKNOWN,UNKNOWN,0,6,6,,,1,1,6,1,unclear,0.9747326673375373,False,False
107446,LoVP24,R,0,2,2,,,3,2,6,2,acetylcholine,0.8777897669639693,False,False
526818,MeLo12,L,3,0,3,,,2,1,6,2,glutamate,0.8307460080708402,False,False
1036041805,UNKNOWN,UNKNOWN,2,0,2,,,3,2,6,2,unclear,0.9747326673375373,False,False
60206,LC18,L,1,0,1,,,6,2,6,1,acetylcholine,0.9747326673375372,False,False
881663671,UNKNOWN,UNKNOWN,0,1,1,,,6,3,6,1,unclear,0.9747326673375373,False,False
123153,PS038,R,1,0,1,,,6,5,6,1,acetylcholine,0.8845485258458621,False,False
82422,MeLo14,L,3,0,3,,,2,1,6,2,glutamate,0.831032996963907,False,False
41002,Tlp12,R,0,6,6,,,1,1,6,1,glutamate,0.784716477532517,False,False
39073,LLPC2,R,1,1,2,,,3,1,6,2,acetylcholine,0.927609905362361,False,False
570588,PVLP207m,L,1,0,1,,,6,3,6,1,acetylcholine,0.9340695135565632,False,False
30376,LC17,R,3,0,3,,,2,1,6,2,acetylcholine,0.9280743874426084,False,False
15371,LPT51,R,0,2,2,,,3,1,6,2,glutamate,0.8360987533367004,False,False
517507,LC11,L,1,0,1,,,6,1,6,1,acetylcholine,0.9529221207508978,False,False
593158,LLPC2,R,0,1,1,,,6,2,6,1,acetylcholine,0.9747326673375374,False,False
41253,LLPC3,R,0,2,2,,,3,1,6,2,acetylcholine,0.9610751623102988,False,False
28851,LPi2c,R,0,2,2,,,3,2,6,2,glutamate,0.844952526306833,False,False
517336,LoVP59,L,0,2,2,,,3,2,6,2,acetylcholine,0.9563120385166445,False,False
46856,Tlp11,L,2,1,3,,,2,1,6,2,glutamate,0.8083757153822821,False,False
29518,LC11,R,2,0,2,,,3,1,6,2,acetylcholine,0.9526063163094436,False,False
20112,LC10a,L,1,0,1,,,6,1,6,1,acetylcholine,0.9540691677354145,False,False
14848,LPT114,R,0,2,2,,,3,2,6,2,gaba,0.8804211375187831,False,False
24940,MeLo10,R,2,4,6,,,1,1,6,1,glutamate,0.6953098446849774,False,False
765177058,UNKNOWN,UNKNOWN,2,0,2,,,3,2,6,2,unclear,0.9109141500795648,False,False
976959036,UNKNOWN,UNKNOWN,0,6,6,,,1,1,6,1,unclear,0.9747326673375373,False,False
41662,UNKNOWN,R,0,2,2,,,3,3,6,2,gaba,0.8526876629553384,False,False
38862,LPC1,R,0,2,2,,,3,1,6,2,acetylcholine,0.95344670478937,False,False
60207,LC10a,L,0,1,1,,,6,1,6,1,acetylcholine,0.9568741706552794,False,False
352459737,UNKNOWN,UNKNOWN,2,0,2,,,3,2,6,2,unclear,0.9747326673375373,False,False
54638,LC10a,R,1,0,1,,,6,1,6,1,acetylcholine,0.8725114662773358,False,False
61081,Tlp13,R,1,0,1,,,6,1,6,1,glutamate,0.8196435365004687,False,False
19940,LOLP1,L,4,2,6,,,1,1,6,1,gaba,0.9011183799711107,False,False
495063915,UNKNOWN,UNKNOWN,0,3,3,,,2,1,6,2,unclear,0.9747326673375373,False,False
499069382,UNKNOWN,UNKNOWN,0,2,2,,,3,1,6,2,unclear,0.9747326673375373,False,False
788777707,UNKNOWN,UNKNOWN,2,0,2,,,3,1,6,2,unclear,0.615801529658242,False,False
21043,MeLo10,L,3,0,3,,,2,2,6,2,glutamate,0.754928211696561,False,False
48808,LPC1,L,0,2,2,,,3,2,6,2,acetylcholine,0.9623552374842781,False,False
542574,LLPC2,L,0,1,1,,,6,1,6,1,acetylcholine,0.9612925489253882,False,False
40691,MeLo2,R,1,0,1,,,6,1,6,1,acetylcholine,0.9645891383456747,False,False
83500,LLPC2,R,0,1,1,,,6,1,6,1,acetylcholine,0.9295906099273252,False,False
60898,LLPC2,R,0,3,3,,,2,1,6,2,acetylcholine,0.9662091832305799,False,False
33695,LLPC1,R,0,3,3,,,2,1,6,2,acetylcholine,0.9319585516342691,False,False
546795,LoVP26,R,0,2,2,,,3,2,6,2,acetylcholine,0.8946109260500203,False,False
555721,PVLP097,L,0,2,2,,,3,3,6,2,gaba,0.869390775771198,False,False
31941,LC10a,R,0,2,2,,,3,1,6,2,acetylcholine,0.9294754647193595,False,False
31931,LLPC2,R,1,2,3,,,2,1,6,2,acetylcholine,0.907394329653604,False,False
48307,LC21,R,0,1,1,,,6,1,6,1,acetylcholine,0.9562925314600855,False,False
61417,Y13,R,0,3,3,,,2,1,6,2,glutamate,0.8224137645112536,False,False
35098,LC17,R,3,0,3,,,2,1,6,2,acetylcholine,0.9589807153558725,False,False
15761,LoVP108,R,0,1,1,,,6,4,6,1,gaba,0.7752876544260198,False,False
24684,LT37,R,4,2,6,,,1,1,6,1,gaba,0.8464473589890127,False,False
39092,MeLo10,L,3,2,5,,,1,1,5,1,glutamate,0.7825156589559092,False,False
39042,LLPC3,R,0,1,1,,,5,1,5,1,acetylcholine,0.9369790666384546,False,False
38539,MeLo2,R,0,1,1,,,5,1,5,1,acetylcholine,0.9747326673375373,False,False
559270269,UNKNOWN,UNKNOWN,5,0,5,,,1,1,5,1,unclear,0.9747326673375373,False,False
26740,LC10a,L,5,0,5,,,1,1,5,1,acetylcholine,0.9447242939587935,False,False
95003,Tm4,R,1,0,1,,,5,1,5,1,acetylcholine,0.9747326673375373,False,False
329926007,UNKNOWN,UNKNOWN,1,0,1,,,5,3,5,1,unclear,0.9747326673375373,False,False
37967,LPi43,R,0,5,5,,,1,1,5,1,glutamate,0.8054895862726578,False,False
805422552,UNKNOWN,UNKNOWN,0,5,5,,,1,1,5,1,unclear,0.9747326673375373,False,False
103562,LC17,L,0,1,1,,,5,1,5,1,acetylcholine,0.9250209192013105,False,False
41540,LT52,R,1,4,5,,,1,1,5,1,glutamate,0.783161064473843,False,False
81078,LC21,L,1,0,1,,,5,1,5,1,acetylcholine,0.955395255278327,False,False
1027560121,UNKNOWN,UNKNOWN,5,0,5,,,1,1,5,1,unclear,0.9747326673375373,False,False
126370,LC21,L,0,1,1,,,5,1,5,1,acetylcholine,0.9482715890890914,False,False
778767323,UNKNOWN,UNKNOWN,0,5,5,,,1,1,5,1,unclear,0.9747326673375373,False,False
508492912,UNKNOWN,UNKNOWN,1,0,1,,,5,3,5,1,unclear,0.9747326673375373,False,False
527493848,UNKNOWN,UNKNOWN,0,1,1,,,5,3,5,1,unclear,0.9747326673375373,False,False
29985,MeLo12,L,4,1,5,,,1,1,5,1,glutamate,0.8251537651066408,False,False
116572,LC21,L,0,1,1,,,5,1,5,1,acetylcholine,0.9286073680697081,False,False
11499,AVLP314,L,0,1,1,,,5,5,5,1,acetylcholine,0.9550304329027697,False,False
29307,MeLo10,L,0,1,1,,,5,2,5,1,glutamate,0.6841365736226185,False,False
791671180,UNKNOWN,UNKNOWN,5,0,5,,,1,1,5,1,unclear,0.9747326673375373,False,False
11031,LPT21,R,0,5,5,,,1,1,5,1,acetylcholine,0.9588420240276924,False,False
29269,LC9,R,1,0,1,,,5,1,5,1,acetylcholine,0.9289206632692629,False,False
29228,TmY15,L,0,1,1,,,5,2,5,1,gaba,0.8815360999474388,False,False
30078,LLPC3,L,0,1,1,,,5,1,5,1,acetylcholine,0.960952815094535,False,False
40034,Li25,R,5,0,5,,,1,1,5,1,gaba,0.8802696039068814,False,False
826045345,UNKNOWN,UNKNOWN,5,0,5,,,1,1,5,1,unclear,0.915414878397711,False,False
88056,LPC1,L,0,1,1,,,5,2,5,1,acetylcholine,0.9621160493747885,False,False
30348,TmY15,R,1,0,1,,,5,1,5,1,gaba,0.8814055450011161,False,False
54228,MeLo2,R,0,1,1,,,5,1,5,1,acetylcholine,0.9685065008114463,False,False
517695,Y14,L,0,1,1,,,5,2,5,1,glutamate,0.8031298228311451,False,False
66833,TmY13,R,1,4,5,,,1,1,5,1,acetylcholine,0.9443907692321085,False,False
17176,LC17,L,1,0,1,,,5,1,5,1,acetylcholine,0.9209362457309251,False,False
46122,TmY13,R,0,5,5,,,1,1,5,1,acetylcholine,0.8891512209729481,False,False
698492679,UNKNOWN,UNKNOWN,0,5,5,,,1,1,5,1,unclear,0.9747326673375373,False,False
65994,LLPC2,L,0,1,1,,,5,3,5,1,acetylcholine,0.9515987812240454,False,False
532716,Tm4,R,1,0,1,,,5,1,5,1,acetylcholine,0.9682574541504028,False,False
66410,LPC1,R,0,5,5,,,1,1,5,1,acetylcholine,0.9547212398257938,False,False
24483,LLPC1,R,0,1,1,,,5,2,5,1,acetylcholine,0.9388540785791377,False,False
515656,Li25,L,4,1,5,,,1,1,5,1,gaba,0.8721978509670772,False,False
104667366,UNKNOWN,UNKNOWN,0,5,5,,,1,1,5,1,unclear,0.9747326673375373,False,False
514927,LLPC3,L,0,1,1,,,5,1,5,1,acetylcholine,0.9685831533073685,False,False
51478,LC16,L,1,0,1,,,5,1,5,1,acetylcholine,0.918926440236312,False,False
57393,LC21,R,0,1,1,,,5,1,5,1,acetylcholine,0.947261887927406,False,False
30896,TmY15,R,1,0,1,,,5,1,5,1,gaba,0.8674919566113679,False,False
45249,Tm4,L,1,0,1,,,5,1,5,1,acetylcholine,0.9554536725578345,False,False
11904,PVLP097,L,0,1,1,,,5,5,5,1,gaba,0.854906919499891,False,False
56909,LLPC1,R,0,1,1,,,5,1,5,1,acetylcholine,0.9615400704501809,False,False
58160,Y14,R,1,0,1,,,5,1,5,1,glutamate,0.7951875077488251,False,False
49892,MeLo2,L,1,0,1,,,5,1,5,1,acetylcholine,0.9747326673375373,False,False
68859,LC18,R,0,1,1,,,5,2,5,1,acetylcholine,0.9600129631663743,False,False
15581,LC9,R,4,1,5,,,1,1,5,1,acetylcholine,0.9497140412984189,False,False
24453,MeLo12,L,5,0,5,,,1,1,5,1,glutamate,0.8477902556259261,False,False
35250,LC10a,R,0,1,1,,,5,2,5,1,acetylcholine,0.9248090571635996,False,False
62146,LLPC1,L,0,1,1,,,5,1,5,1,acetylcholine,0.9470341581924895,False,False
11785,MBON33,L,0,1,1,,,5,2,5,1,acetylcholine,0.9131287370180616,False,False
519454,WED210,L,0,1,1,,,5,3,5,1,acetylcholine,0.9454495251537115,False,False
16284,LT52,R,0,1,1,,,5,2,5,1,glutamate,0.7713131635330721,False,False
563930,Li26,L,2,3,5,,,1,1,5,1,gaba,0.9008064374547914,False,False
536972,LLPC2,L,0,1,1,,,5,4,5,1,acetylcholine,0.9540629321896873,False,False
35500,LC17,R,1,0,1,,,5,1,5,1,acetylcholine,0.9417249473982894,False,False
49499,LC18,R,1,0,1,,,5,1,5,1,acetylcholine,0.9540786655211042,False,False
15055,Li26,L,1,4,5,,,1,1,5,1,gaba,0.8873298785248729,False,False
46963,LLPC1,R,0,5,5,,,1,1,5,1,acetylcholine,0.9495324453147579,False,False
11667,WED119,L,1,0,1,,,5,3,5,1,glutamate,0.709830540614806,False,False
23559,MeLo14,R,3,2,5,,,1,1,5,1,glutamate,0.827849396218508,False,False
63162,LLPC2,R,0,5,5,,,1,1,5,1,acetylcholine,0.9221095277963104,False,False
31497,TmY15,R,0,1,1,,,5,1,5,1,gaba,0.8737393461418418,False,False
531350,LC22,L,1,0,1,,,5,2,5,1,acetylcholine,0.9707010357326964,False,False
51453,LC16,R,0,1,1,,,5,1,5,1,acetylcholine,0.9386598531784577,False,False
680600085,UNKNOWN,UNKNOWN,5,0,5,,,1,1,5,1,unclear,0.9747326673375373,False,False
44427,LLPC3,R,0,1,1,,,5,1,5,1,acetylcholine,0.9352351764936707,False,False
44434,LC16,R,1,0,1,,,5,2,5,1,acetylcholine,0.9308503009453332,False,False
851609702,UNKNOWN,UNKNOWN,0,5,5,,,1,1,5,1,unclear,0.9747326673375373,False,False
225037773,UNKNOWN,UNKNOWN,0,5,5,,,1,1,5,1,unclear,0.9747326673375373,False,False
71616,T2,L,0,1,1,,,5,1,5,1,acetylcholine,0.9747326673375373,False,False
43292,TmY15,R,1,0,1,,,5,1,5,1,gaba,0.8305586894444619,False,False
229317734,UNKNOWN,UNKNOWN,0,5,5,,,1,1,5,1,unclear,0.9109141500795648,False,False
989558211,UNKNOWN,UNKNOWN,5,0,5,,,1,1,5,1,unclear,0.9747326673375373,False,False
512639,LPC1,L,0,1,1,,,5,1,5,1,acetylcholine,0.9534679787557224,False,False
194668682,UNKNOWN,UNKNOWN,0,5,5,,,1,1,5,1,unclear,0.9747326673375373,False,False
43600,LC16,R,1,0,1,,,5,1,5,1,acetylcholine,0.9364422081479078,False,False
926710297,UNKNOWN,UNKNOWN,0,5,5,,,1,1,5,1,unclear,0.9747326673375373,False,False
56252,LC11,L,0,1,1,,,5,1,5,1,acetylcholine,0.9512196856531075,False,False
69648,LPC1,L,0,1,1,,,5,2,5,1,acetylcholine,0.9747326673375373,False,False
55281,LC17,R,0,1,1,,,5,1,5,1,acetylcholine,0.943762020557841,False,False
69216,Y14,R,0,1,1,,,5,1,5,1,glutamate,0.8314267867310104,False,False
54251,LPC1,L,0,1,1,,,5,2,5,1,acetylcholine,0.9633269584919789,False,False
512971,LLPC1,L,0,1,1,,,5,2,5,1,acetylcholine,0.9547315153966821,False,False
436126679,UNKNOWN,UNKNOWN,0,1,1,,,4,2,4,1,unclear,0.9747326673375373,False,False
531248,LLPC3,L,0,2,2,,,2,1,4,2,acetylcholine,0.9747326673375373,False,False
23798,LC9,R,2,2,4,,,1,1,4,1,acetylcholine,0.9424639269863146,False,False
680805486,UNKNOWN,UNKNOWN,4,0,4,,,1,1,4,1,unclear,0.9747326673375373,False,False
114704,LC18,R,2,0,2,,,2,1,4,2,acetylcholine,0.9667025003748935,False,False
809112702,UNKNOWN,UNKNOWN,4,0,4,,,1,1,4,1,unclear,0.9109141500795648,False,False
633174179,UNKNOWN,UNKNOWN,0,4,4,,,1,1,4,1,unclear,0.9109141500795648,False,False
490346008,UNKNOWN,UNKNOWN,0,4,4,,,1,1,4,1,unclear,0.9747326673375373,False,False
23913,LC17,L,0,2,2,,,2,1,4,2,acetylcholine,0.9579372220801364,False,False
28956,LC17,R,0,1,1,,,4,1,4,1,acetylcholine,0.9483336231341026,False,False
492848386,UNKNOWN,UNKNOWN,0,2,2,,,2,2,4,2,unclear,0.9747326673375373,False,False
20374,MeLo10,R,1,1,2,,,2,2,4,2,glutamate,0.716255386480572,False,False
443397443,UNKNOWN,UNKNOWN,0,2,2,,,2,2,4,2,unclear,0.9747326673375373,False,False
519197,TmY19b,L,1,0,1,,,4,1,4,1,gaba,0.5829071533468343,False,False
525188,LoVP106,L,0,2,2,,,2,2,4,2,acetylcholine,0.9264746051311917,False,False
20109,Y3,L,0,4,4,,,1,1,4,1,acetylcholine,0.9712761478426255,False,False
28219,LLPC2,R,1,0,1,,,4,2,4,1,acetylcholine,0.8885232081418043,False,False
24370,MeLo12,L,2,0,2,,,2,1,4,2,glutamate,0.8234779893626829,False,False
542313,LC16,L,1,0,1,,,4,1,4,1,acetylcholine,0.9407037134846036,False,False
536397,Li13,L,0,2,2,,,2,1,4,2,gaba,0.8458530460489576,False,False
16432,AOTU065,R,1,0,1,,,4,4,4,1,acetylcholine,0.943659002456258,False,False
793858518,UNKNOWN,UNKNOWN,0,4,4,,,1,1,4,1,unclear,0.9747326673375373,False,False
19350,LC10a,L,0,1,1,,,4,1,4,1,acetylcholine,0.9459476228262638,False,False
18131,MeLo14,L,4,0,4,,,1,1,4,1,glutamate,0.8344485354629426,False,False
18452,LOLP1,R,0,2,2,,,2,2,4,2,gaba,0.8841859599494477,False,False
529400,AVLP126,R,0,2,2,,,2,2,4,2,acetylcholine,0.9045752396359948,False,False
481801976,UNKNOWN,UNKNOWN,0,4,4,,,1,1,4,1,unclear,0.9109141500795648,False,False
19042,PVLP099,R,0,2,2,,,2,1,4,2,gaba,0.847277756822337,False,False
11319,LT42,R,0,1,1,,,4,2,4,1,gaba,0.8416159628862632,False,False
466940832,UNKNOWN,UNKNOWN,4,0,4,,,1,1,4,1,unclear,0.9747326673375373,False,False
21658,TmY19b,L,3,1,4,,,1,1,4,1,gaba,0.6457632688762875,False,False
527450,Tlp12,L,2,0,2,,,2,1,4,2,glutamate,0.8209831107958834,False,False
800767249,UNKNOWN,UNKNOWN,0,4,4,,,1,1,4,1,unclear,0.9747326673375373,False,False
17786,LoVP92,R,1,1,2,,,2,1,4,2,acetylcholine,0.8919046260132457,False,False
800722243,UNKNOWN,UNKNOWN,4,0,4,,,1,1,4,1,unclear,0.9747326673375373,False,False
23548,LC10d,L,4,0,4,,,1,1,4,1,acetylcholine,0.9604711275399086,False,False
17294,MeLo10,L,1,1,2,,,2,1,4,2,glutamate,0.7285214741496562,False,False
679798235,UNKNOWN,UNKNOWN,0,2,2,,,2,2,4,2,unclear,0.9109141500795648,False,False
11299,LPT49,L,0,2,2,,,2,1,4,2,acetylcholine,0.9601056640194526,False,False
387438614,UNKNOWN,UNKNOWN,4,0,4,,,1,1,4,1,unclear,0.9109141500795648,False,False
107438,CB1088,R,0,1,1,,,4,2,4,1,gaba,0.863584767559164,False,False
534973,Tm3,L,2,0,2,,,2,1,4,2,acetylcholine,0.9747326673375373,False,False
23199,CB4101,L,2,0,2,,,2,1,4,2,acetylcholine,0.9612401734281838,False,False
386072823,UNKNOWN,UNKNOWN,4,0,4,,,1,1,4,1,unclear,0.9747326673375373,False,False
795458664,UNKNOWN,UNKNOWN,0,1,1,,,4,2,4,1,unclear,0.8127954645430941,False,False
28271,MeLo10,L,2,0,2,,,2,1,4,2,glutamate,0.7109209332727303,False,False
28260,LLPC1,R,0,2,2,,,2,1,4,2,acetylcholine,0.9539701331577065,False,False
24467,LC9,R,1,0,1,,,4,2,4,1,acetylcholine,0.9341042609096707,False,False
511772,PVLP085,L,4,0,4,,,1,1,4,1,acetylcholine,0.9559520065408202,False,False
15737,LoVP107,R,1,1,2,,,2,1,4,2,acetylcholine,0.9046702658305402,False,False
557875,LC9,L,0,1,1,,,4,1,4,1,acetylcholine,0.9281660460624191,False,False
277644976,UNKNOWN,UNKNOWN,0,2,2,,,2,2,4,2,unclear,0.9109141500795648,False,False
513717,LPC1,L,0,4,4,,,1,1,4,1,acetylcholine,0.9498718837081378,False,False
156995,Li21,L,0,2,2,,,2,1,4,2,acetylcholine,0.6973558477916235,False,False
513898,LC18,L,1,0,1,,,4,2,4,1,acetylcholine,0.9707006318138925,False,False
192544113,UNKNOWN,UNKNOWN,0,2,2,,,2,2,4,2,unclear,0.9747326673375373,False,False
298694748,UNKNOWN,UNKNOWN,0,1,1,,,4,1,4,1,unclear,0.9747326673375373,False,False
532187823,UNKNOWN,UNKNOWN,2,0,2,,,2,2,4,2,unclear,0.9747326673375373,False,False
514149,Tm4,L,0,1,1,,,4,1,4,1,acetylcholine,0.9685065008114463,False,False
181915410,UNKNOWN,UNKNOWN,0,2,2,,,2,1,4,2,unclear,0.9747326673375373,False,False
11385,MeVC22,R,1,1,2,,,2,1,4,2,glutamate,0.8049923203539354,False,False
588146635,UNKNOWN,UNKNOWN,0,1,1,,,4,2,4,1,unclear,0.9747326673375373,False,False
153141106,UNKNOWN,UNKNOWN,0,2,2,,,2,1,4,2,unclear,0.9747326673375373,False,False
592105520,UNKNOWN,UNKNOWN,0,2,2,,,2,2,4,2,unclear,0.9747326673375373,False,False
25372,LLPC1,R,0,2,2,,,2,1,4,2,acetylcholine,0.9375897221127297,False,False
592506794,UNKNOWN,UNKNOWN,0,4,4,,,1,1,4,1,unclear,0.9747326673375373,False,False
13881,LoVP106,R,2,0,2,,,2,2,4,2,acetylcholine,0.9461659705445844,False,False
583252600,UNKNOWN,UNKNOWN,4,0,4,,,1,1,4,1,unclear,0.8625,False,False
272964108,UNKNOWN,UNKNOWN,0,4,4,,,1,1,4,1,unclear,0.9747326673375373,False,False
26779,TmY15,R,0,1,1,,,4,1,4,1,gaba,0.8794207606281188,False,False
248908068,UNKNOWN,UNKNOWN,0,1,1,,,4,2,4,1,unclear,0.9747326673375373,False,False
26685,LC17,R,1,0,1,,,4,1,4,1,acetylcholine,0.9489909776471873,False,False
562301739,UNKNOWN,UNKNOWN,1,0,1,,,4,2,4,1,unclear,0.9747326673375373,False,False
253798617,UNKNOWN,UNKNOWN,2,0,2,,,2,2,4,2,unclear,0.9747326673375373,False,False
567601166,UNKNOWN,UNKNOWN,0,2,2,,,2,2,4,2,unclear,0.9747326673375373,False,False
26304,LC9,R,2,2,4,,,1,1,4,1,acetylcholine,0.9537403610184949,False,False
575249673,UNKNOWN,UNKNOWN,0,2,2,,,2,2,4,2,unclear,0.9747326673375373,False,False
199381918,UNKNOWN,UNKNOWN,4,0,4,,,1,1,4,1,unclear,0.9747326673375373,False,False
512475,LC16,L,0,1,1,,,4,1,4,1,acetylcholine,0.9377408242525694,False,False
26159,LC17,R,1,0,1,,,4,1,4,1,acetylcholine,0.9521387895138931,False,False
222758023,UNKNOWN,UNKNOWN,0,2,2,,,2,2,4,2,unclear,0.9747326673375373,False,False
211575272,UNKNOWN,UNKNOWN,0,4,4,,,1,1,4,1,unclear,0.9747326673375373,False,False
163916,TmY17,L,0,1,1,,,4,1,4,1,acetylcholine,0.8831971494296125,False,False
201832541,UNKNOWN,UNKNOWN,0,4,4,,,1,1,4,1,unclear,0.9747326673375373,False,False
137580589,UNKNOWN,UNKNOWN,0,2,2,,,2,2,4,2,unclear,0.9747326673375373,False,False
25211,LC16,L,0,2,2,,,2,1,4,2,acetylcholine,0.9425749303029286,False,False
140524,LC16,L,1,0,1,,,4,1,4,1,acetylcholine,0.922756639521775,False,False
124831,T2a,L,1,0,1,,,4,1,4,1,acetylcholine,0.9747326673375373,False,False
24870,LLPC2,L,0,2,2,,,2,1,4,2,acetylcholine,0.9583089370091977,False,False
580200,Tm4,L,0,1,1,,,4,1,4,1,acetylcholine,0.9564114101793154,False,False
15497,TmY19a,R,2,0,2,,,2,1,4,2,gaba,0.8626789202698679,False,False
511816,LPT114,R,0,4,4,,,1,1,4,1,gaba,0.8671275867231208,False,False
566334,Tm4,L,0,1,1,,,4,1,4,1,acetylcholine,0.9635863970872959,False,False
12458,LC10a,L,1,1,2,,,2,1,4,2,acetylcholine,0.9512486428984966,False,False
512365142,UNKNOWN,UNKNOWN,0,2,2,,,2,2,4,2,unclear,0.9747326673375373,False,False
918832,UNKNOWN,UNKNOWN,0,2,2,,,2,1,4,2,gaba,0.8719306554211922,False,False
559500,LC21,L,1,0,1,,,4,1,4,1,acetylcholine,0.957572064796403,False,False
13097,LoVP103,L,0,2,2,,,2,2,4,2,acetylcholine,0.9372382531409609,False,False
559118,MeLo12,L,3,1,4,,,1,1,4,1,glutamate,0.8240287902134745,False,False
518222,LC18,L,1,0,1,,,4,1,4,1,acetylcholine,0.9577693696865723,False,False
24759,LC17,R,1,0,1,,,4,1,4,1,acetylcholine,0.9459882206878087,False,False
355091990,UNKNOWN,UNKNOWN,2,0,2,,,2,1,4,2,unclear,0.9747326673375373,False,False
345992089,UNKNOWN,UNKNOWN,0,2,2,,,2,2,4,2,unclear,0.9747326673375373,False,False
774644311,UNKNOWN,UNKNOWN,0,2,2,,,2,2,4,2,unclear,0.9747326673375373,False,False
516280,Y3,L,0,2,2,,,2,1,4,2,acetylcholine,0.9548016579093674,False,False
24967,TmY19a,R,0,1,1,,,4,1,4,1,gaba,0.7947192401096808,False,False
595764699,UNKNOWN,UNKNOWN,2,0,2,,,2,1,4,2,unclear,0.9747326673375373,False,False
516720,Tm4,L,1,0,1,,,4,1,4,1,acetylcholine,0.9747326673375373,False,False
516724,LLPC2,L,0,2,2,,,2,1,4,2,acetylcholine,0.9496426294128453,False,False
117244000,UNKNOWN,UNKNOWN,0,4,4,,,1,1,4,1,unclear,0.9109141500795648,False,False
27533,LC17,R,0,1,1,,,4,1,4,1,acetylcholine,0.9293989792838111,False,False
517120,LC15,L,2,2,4,,,1,1,4,1,acetylcholine,0.9682335153859208,False,False
132681,Tm4,L,1,0,1,,,4,1,4,1,acetylcholine,0.9747326673375373,False,False
341549449,UNKNOWN,UNKNOWN,0,2,2,,,2,2,4,2,unclear,0.9747326673375373,False,False
11843,LoVCLo1,R,1,0,1,,,4,2,4,1,acetylcholine,0.9482149936091375,False,False
336207999,UNKNOWN,UNKNOWN,0,4,4,,,1,1,4,1,unclear,0.9747326673375373,False,False
337365030,UNKNOWN,UNKNOWN,2,0,2,,,2,2,4,2,unclear,0.5902758200066702,False,False
24895,MeLo10,R,1,1,2,,,2,2,4,2,glutamate,0.707925179276958,False,False
130367,LPC1,L,0,2,2,,,2,2,4,2,acetylcholine,0.9642323216286703,False,False
517327,Li15,L,1,0,1,,,4,2,4,1,gaba,0.8520127982465853,False,False
1038488720,UNKNOWN,UNKNOWN,2,0,2,,,2,2,4,2,unclear,0.9747326673375373,False,False
104530,Y14,L,1,0,1,,,4,1,4,1,glutamate,0.80344630544842,False,False
49334,LC16,L,1,0,1,,,4,2,4,1,acetylcholine,0.9264471790842517,False,False
954802589,UNKNOWN,UNKNOWN,4,0,4,,,1,1,4,1,unclear,0.615801529658242,False,False
952303130,UNKNOWN,UNKNOWN,0,4,4,,,1,1,4,1,unclear,0.9747326673375373,False,False
34458,TmY15,R,0,1,1,,,4,1,4,1,gaba,0.8875207614455032,False,False
49832,LLPC3,R,0,2,2,,,2,1,4,2,acetylcholine,0.9567635998644847,False,False
49833,Li15,L,1,0,1,,,4,1,4,1,gaba,0.8382922240003728,False,False
49881,LC21,R,1,0,1,,,4,1,4,1,acetylcholine,0.924766740082177,False,False
50678,LC21,R,0,1,1,,,4,1,4,1,acetylcholine,0.9374565449662338,False,False
78541,Tlp12,L,2,0,2,,,2,1,4,2,glutamate,0.8226548449266441,False,False
77681,LLPC1,R,0,1,1,,,4,3,4,1,acetylcholine,0.9190889400588371,False,False
34304,LC17,L,0,2,2,,,2,1,4,2,acetylcholine,0.9298538662003003,False,False
77661,LC29,R,2,0,2,,,2,1,4,2,acetylcholine,0.8384848124921735,False,False
34277,LC17,R,1,1,2,,,2,1,4,2,acetylcholine,0.9227930854293557,False,False
51811,LC22,L,0,1,1,,,4,3,4,1,acetylcholine,0.9499689406698753,False,False
51847,LC21,R,2,0,2,,,2,1,4,2,acetylcholine,0.9558773325333432,False,False
940759941,UNKNOWN,UNKNOWN,4,0,4,,,1,1,4,1,unclear,0.884396610338137,False,False
76049,Tm4,L,0,1,1,,,4,1,4,1,acetylcholine,0.9747326673375373,False,False
52463,LC16,R,0,2,2,,,2,1,4,2,acetylcholine,0.9423827000271432,False,False
52477,Tm24,R,0,1,1,,,4,1,4,1,acetylcholine,0.9557101575772207,False,False
49323,Tlp13,R,0,2,2,,,2,1,4,2,glutamate,0.8262421218632557,False,False
79652,LPC1,L,0,1,1,,,4,2,4,1,acetylcholine,0.9687221796004272,False,False
83480,LLPC2,R,0,2,2,,,2,1,4,2,acetylcholine,0.9747326673375373,False,False
956199874,UNKNOWN,UNKNOWN,2,0,2,,,2,2,4,2,unclear,0.9747326673375373,False,False
45752,TmY17,L,0,4,4,,,1,1,4,1,acetylcholine,0.965044302996749,False,False
35938,LC11,R,1,0,1,,,4,1,4,1,acetylcholine,0.9669600687377403,False,False
46233,LLPC2,R,0,1,1,,,4,3,4,1,acetylcholine,0.9185488539310148,False,False
82421,LC18,R,1,0,1,,,4,2,4,1,acetylcholine,0.970171055991215,False,False
46346,Li29,R,1,1,2,,,2,2,4,2,gaba,0.8700015513243023,False,False
29442,LPC1,L,0,1,1,,,4,2,4,1,acetylcholine,0.917253984093645,False,False
81970,LLPC1,L,0,1,1,,,4,1,4,1,acetylcholine,0.9679852838877687,False,False
35454,LLPC2,R,0,2,2,,,2,2,4,2,acetylcholine,0.9535132933262775,False,False
971292729,UNKNOWN,UNKNOWN,4,0,4,,,1,1,4,1,unclear,0.884396610338137,False,False
47474,LT63,L,0,1,1,,,4,2,4,1,acetylcholine,0.9415066258919946,False,False
47677,LPC1,R,0,4,4,,,1,1,4,1,acetylcholine,0.9692962149461062,False,False
966671770,UNKNOWN,UNKNOWN,0,2,2,,,2,2,4,2,unclear,0.9747326673375373,False,False
48059,LPC1,R,0,1,1,,,4,2,4,1,acetylcholine,0.922890196425905,False,False
34993,LC17,R,1,0,1,,,4,1,4,1,acetylcholine,0.9387660506959993,False,False
80253,LC18,R,2,0,2,,,2,2,4,2,acetylcholine,0.9703756125538303,False,False
48857,LLPC2,R,1,1,2,,,2,1,4,2,acetylcholine,0.9037955288898303,False,False
29618,LC9,R,1,1,2,,,2,2,4,2,acetylcholine,0.9280877894580456,False,False
33760,LoVP62,R,0,2,2,,,2,1,4,2,acetylcholine,0.9249508395748677,False,False
929577655,UNKNOWN,UNKNOWN,4,0,4,,,1,1,4,1,unclear,0.9747326673375373,False,False
33752,LPC1,R,0,4,4,,,1,1,4,1,acetylcholine,0.9663373784092196,False,False
10414,LT33,R,1,0,1,,,4,1,4,1,gaba,0.8716008712735983,False,False
69741,LC18,R,1,0,1,,,4,1,4,1,acetylcholine,0.9564496467833479,False,False
69654,Tm24,L,2,2,4,,,1,1,4,1,acetylcholine,0.8672299246626728,False,False
69453,Y14,R,1,0,1,,,4,2,4,1,glutamate,0.8011967002574123,False,False
879439772,UNKNOWN,UNKNOWN,4,0,4,,,1,1,4,1,unclear,0.9747326673375373,False,False
31631,Y3,R,0,4,4,,,1,1,4,1,acetylcholine,0.9747326673375373,False,False
63442,Tm24,L,1,0,1,,,4,1,4,1,acetylcholine,0.9681497521968928,False,False
63678,LPC1,R,0,2,2,,,2,1,4,2,acetylcholine,0.968298076498023,False,False
63852,Tlp13,R,0,1,1,,,4,1,4,1,glutamate,0.8301638669376327,False,False
64109,LC18,R,1,0,1,,,4,2,4,1,acetylcholine,0.9747326673375373,False,False
64219,LC18,L,1,0,1,,,4,1,4,1,acetylcholine,0.9672007044168655,False,False
64558,Li21,R,0,1,1,,,4,1,4,1,acetylcholine,0.9114970616849574,False,False
876553990,UNKNOWN,UNKNOWN,4,0,4,,,1,1,4,1,unclear,0.9747326673375373,False,False
67329,LPC1,L,0,2,2,,,2,2,4,2,acetylcholine,0.9747326673375373,False,False
31341,Tm16,R,0,2,2,,,2,1,4,2,acetylcholine,0.9747326673375373,False,False
65900,LPC1,R,0,1,1,,,4,2,4,1,acetylcholine,0.9601243576019218,False,False
31277,MeLo2,R,0,2,2,,,2,1,4,2,acetylcholine,0.9687370995716719,False,False
67082,TmY13,R,1,3,4,,,1,1,4,1,acetylcholine,0.9635039739494425,False,False
31874,LC36,R,0,1,1,,,4,1,4,1,acetylcholine,0.8886158304036414,False,False
32026,TmY17,R,0,4,4,,,1,1,4,1,acetylcholine,0.9507311810400217,False,False
59503,LLPC2,R,0,2,2,,,2,2,4,2,acetylcholine,0.9427145034705022,False,False
57044,LC18,L,1,0,1,,,4,2,4,1,acetylcholine,0.96728727870331,False,False
74995,LLPC2,R,0,1,1,,,4,1,4,1,acetylcholine,0.9467854625083401,False,False
74865,TmY13,R,1,3,4,,,1,1,4,1,acetylcholine,0.9689726165894734,False,False
33177,LC10a,R,1,0,1,,,4,1,4,1,acetylcholine,0.9496087131614996,False,False
55713,LPC1,L,0,2,2,,,2,2,4,2,acetylcholine,0.9700122355049776,False,False
74217,LC29,R,2,0,2,,,2,2,4,2,acetylcholine,0.9170853182962804,False,False
906361656,UNKNOWN,UNKNOWN,0,2,2,,,2,1,4,2,unclear,0.9747326673375373,False,False
905105703,UNKNOWN,UNKNOWN,4,0,4,,,1,1,4,1,unclear,0.9154148783977109,False,False
74011,LLPC1,L,0,1,1,,,4,1,4,1,acetylcholine,0.9133343663348295,False,False
888116124,UNKNOWN,UNKNOWN,0,2,2,,,2,1,4,2,unclear,0.9747326673375373,False,False
57456,Tm24,R,1,1,2,,,2,1,4,2,acetylcholine,0.9747326673375373,False,False
73532,LC21,R,2,0,2,,,2,1,4,2,acetylcholine,0.9083335905104797,False,False
57912,Tm4,L,1,0,1,,,4,1,4,1,acetylcholine,0.9747326673375373,False,False
58067,Y13,R,0,1,1,,,4,1,4,1,glutamate,0.8205915036717599,False,False
851750037,UNKNOWN,UNKNOWN,2,0,2,,,2,2,4,2,unclear,0.9109141500795648,False,False
856303544,UNKNOWN,UNKNOWN,0,4,4,,,1,1,4,1,unclear,0.9747326673375373,False,False
71975,LPC_unclear,R,0,4,4,,,1,1,4,1,acetylcholine,0.829251455915989,False,False
984192325,UNKNOWN,UNKNOWN,0,2,2,,,2,2,4,2,unclear,0.9747326673375373,False,False
870547919,UNKNOWN,UNKNOWN,0,2,2,,,2,2,4,2,unclear,0.9747326673375373,False,False
38088,MeLo2,R,0,1,1,,,4,1,4,1,acetylcholine,0.9645168384436362,False,False
41905,LLPC2,R,0,4,4,,,1,1,4,1,acetylcholine,0.8012040568055138,False,False
92746,Tm4,R,1,0,1,,,4,1,4,1,acetylcholine,0.9600174080272552,False,False
38298,LC16,R,0,1,1,,,4,1,4,1,acetylcholine,0.9134287057649341,False,False
42041,LC17,R,1,0,1,,,4,1,4,1,acetylcholine,0.912232977290744,False,False
1029933905,UNKNOWN,UNKNOWN,0,2,2,,,2,2,4,2,unclear,0.9747326673375373,False,False
29172,LLPC1,R,0,2,2,,,2,1,4,2,acetylcholine,0.9638998143794558,False,False
42520,TmY15,R,0,1,1,,,4,1,4,1,gaba,0.8813334431883102,False,False
37582,MeLo9,L,0,4,4,,,1,1,4,1,glutamate,0.8096883666810453,False,False
43569,LLPC3,R,0,1,1,,,4,1,4,1,acetylcholine,0.9539679941979472,False,False
43570,LC17,L,0,1,1,,,4,1,4,1,acetylcholine,0.8902045714639395,False,False
91685,Tm4,L,1,0,1,,,4,1,4,1,acetylcholine,0.9747326673375373,False,False
38057,Li15,R,1,1,2,,,2,1,4,2,gaba,0.8595946395781043,False,False
40641,LC17,R,1,0,1,,,4,1,4,1,acetylcholine,0.9460687132002854,False,False
37896,LC10a,L,2,0,2,,,2,1,4,2,acetylcholine,0.9392409971282065,False,False
999860685,UNKNOWN,UNKNOWN,1,0,1,,,4,2,4,1,unclear,0.9109141500795648,False,False
87318,Tm3,R,0,1,1,,,4,2,4,1,acetylcholine,0.9555728682065414,False,False
38557,LPC1,R,0,2,2,,,2,1,4,2,acetylcholine,0.9469850035707363,False,False
93458,TmY13,R,0,2,2,,,2,1,4,2,acetylcholine,0.9747326673375373,False,False
991559055,UNKNOWN,UNKNOWN,2,0,2,,,2,2,4,2,unclear,0.9747326673375373,False,False
41262,LC16,R,0,1,1,,,4,1,4,1,acetylcholine,0.9249020253109819,False,False
43035,LLPC3,R,1,3,4,,,1,1,4,1,acetylcholine,0.749300364458322,False,False
41506,LLPC3,R,0,4,4,,,1,1,4,1,acetylcholine,0.943876525263895,False,False
45254,LLPC1,R,0,2,2,,,2,2,4,2,acetylcholine,0.9606891877814208,False,False
1009454458,UNKNOWN,UNKNOWN,1,0,1,,,4,2,4,1,unclear,0.9747326673375373,False,False
37493,LLPC2,R,0,2,2,,,2,1,4,2,acetylcholine,0.9577211608248936,False,False
84129,Tm24,L,1,0,1,,,4,1,4,1,acetylcholine,0.9747326673375373,False,False
29190,MeLo12,R,2,0,2,,,2,1,4,2,glutamate,0.7863904351441872,False,False
92597,Y14,L,1,0,1,,,4,1,4,1,glutamate,0.8315277342118575,False,False
37807,Tm24,L,0,2,2,,,2,2,4,2,acetylcholine,0.9648216267449844,False,False
84595,LC16,R,0,2,2,,,2,1,4,2,acetylcholine,0.9266012053167739,False,False
89711,LC18,L,0,1,1,,,4,2,4,1,acetylcholine,0.9658992383539633,False,False
36862,LC17,R,1,0,1,,,4,1,4,1,acetylcholine,0.9126112858045486,False,False
90767,Tm4,R,1,0,1,,,4,1,4,1,acetylcholine,0.9567506927192826,False,False
23320,PLP170,L,0,1,1,,,3,1,3,1,glutamate,0.8025061239884657,False,False
58459,LC21,R,1,0,1,,,3,2,3,1,acetylcholine,0.9446093145783593,False,False
32579,LPi2c,L,0,3,3,,,1,1,3,1,glutamate,0.8300409498968159,False,False
521271,TmY13,L,0,3,3,,,1,1,3,1,acetylcholine,0.9690506602219428,False,False
58213,Y14,R,1,0,1,,,3,1,3,1,glutamate,0.8205438725037133,False,False
520343,LLPC1,L,0,1,1,,,3,1,3,1,acetylcholine,0.929886501118594,False,False
704181004,UNKNOWN,UNKNOWN,3,0,3,,,1,1,3,1,unclear,0.9747326673375373,False,False
703678364,UNKNOWN,UNKNOWN,0,3,3,,,1,1,3,1,unclear,0.9747326673375373,False,False
156163910,UNKNOWN,UNKNOWN,0,3,3,,,1,1,3,1,unclear,0.9747326673375373,False,False
375575788,UNKNOWN,UNKNOWN,0,3,3,,,1,1,3,1,unclear,0.9747326673375373,False,False
56878,LC18,L,1,0,1,,,3,1,3,1,acetylcholine,0.9662483651766777,False,False
20529,LoVP92,L,1,0,1,,,3,3,3,1,acetylcholine,0.9529546587982757,False,False
54526,LoVP69,L,0,3,3,,,1,1,3,1,acetylcholine,0.9348712455313796,False,False
54794,Tm24,R,0,3,3,,,1,1,3,1,acetylcholine,0.9601539417454703,False,False
21368,LC37,R,1,2,3,,,1,1,3,1,glutamate,0.7895572758561983,False,False
40805,LC29,R,0,1,1,,,3,3,3,1,acetylcholine,0.7761651972659358,False,False
908339315,UNKNOWN,UNKNOWN,3,0,3,,,1,1,3,1,unclear,0.9747326673375373,False,False
22200,MeLo10,R,2,1,3,,,1,1,3,1,glutamate,0.709110429110529,False,False
57881,LC21,R,3,0,3,,,1,1,3,1,acetylcholine,0.9513830508409159,False,False
57063,Li34a,R,0,3,3,,,1,1,3,1,gaba,0.874852603657189,False,False
32908,MeLo2,R,0,1,1,,,3,1,3,1,acetylcholine,0.961204545066222,False,False
59070,LC16,R,1,0,1,,,3,1,3,1,acetylcholine,0.9376525230627214,False,False
898946353,UNKNOWN,UNKNOWN,0,3,3,,,1,1,3,1,unclear,0.9747326673375373,False,False
695768419,UNKNOWN,UNKNOWN,0,3,3,,,1,1,3,1,unclear,0.9747326673375373,False,False
12987,Li12,R,0,3,3,,,1,1,3,1,glutamate,0.7531494292294291,False,False
37835,LC17,R,1,0,1,,,3,1,3,1,acetylcholine,0.9604478542824739,False,False
886434740,UNKNOWN,UNKNOWN,0,3,3,,,1,1,3,1,unclear,0.9747326673375373,False,False
497073299,UNKNOWN,UNKNOWN,1,0,1,,,3,1,3,1,unclear,0.9747326673375373,False,False
39944,TmY21,R,0,3,3,,,1,1,3,1,acetylcholine,0.9698518533773856,False,False
399332994,UNKNOWN,UNKNOWN,0,3,3,,,1,1,3,1,unclear,0.9747326673375373,False,False
64186,LC18,L,1,0,1,,,3,1,3,1,acetylcholine,0.9709446770571818,False,False
38475,Tlp11,L,0,3,3,,,1,1,3,1,glutamate,0.8520189043966598,False,False
64840,LPC1,R,0,1,1,,,3,1,3,1,acetylcholine,0.9531993320181587,False,False
65009,T2,R,1,0,1,,,3,1,3,1,acetylcholine,0.9674568137610356,False,False
38665,LPC1,R,0,3,3,,,1,1,3,1,acetylcholine,0.9430287335934266,False,False
459582866,UNKNOWN,UNKNOWN,3,0,3,,,1,1,3,1,unclear,0.9109141500795648,False,False
65287,TmY13,R,0,3,3,,,1,1,3,1,acetylcholine,0.9747326673375373,False,False
516560,LC18,L,1,0,1,,,3,1,3,1,acetylcholine,0.9747326673375373,False,False
65503,LC18,R,0,1,1,,,3,2,3,1,acetylcholine,0.9610870837589621,False,False
442222797,UNKNOWN,UNKNOWN,0,3,3,,,1,1,3,1,unclear,0.9747326673375373,False,False
444081593,UNKNOWN,UNKNOWN,0,3,3,,,1,1,3,1,unclear,0.9747326673375373,False,False
10825,OA-AL2i3,R,1,0,1,,,3,2,3,1,octopamine,0.8925088142028013,False,False
25220,LLPC1,R,1,0,1,,,3,1,3,1,acetylcholine,0.9685954340658036,False,False
447001289,UNKNOWN,UNKNOWN,0,3,3,,,1,1,3,1,unclear,0.9747326673375373,False,False
66288,TmY13,R,0,3,3,,,1,1,3,1,acetylcholine,0.9602333748387548,False,False
11602,OA-ASM1,L,1,2,3,,,1,1,3,1,octopamine,0.8607875116882221,False,False
39803,LLPC2,R,0,1,1,,,3,1,3,1,acetylcholine,0.9272524828134548,False,False
39990,Y14,R,0,1,1,,,3,2,3,1,glutamate,0.8374151868140931,False,False
23976,MeLo10,R,3,0,3,,,1,1,3,1,glutamate,0.7185465150749655,False,False
31549,LOLP1,R,0,3,3,,,1,1,3,1,gaba,0.8781861656092201,False,False
24034,LoVP78,R,0,1,1,,,3,2,3,1,acetylcholine,0.9140988454757436,False,False
32348,MeLo12,R,3,0,3,,,1,1,3,1,glutamate,0.800937981857998,False,False
54075,Tm5Y,R,0,1,1,,,3,1,3,1,acetylcholine,0.9699927786146438,False,False
24174,MeLo14,L,3,0,3,,,1,1,3,1,glutamate,0.84736309158835,False,False
60635,LC16,R,0,1,1,,,3,1,3,1,acetylcholine,0.9118222883495927,False,False
381872809,UNKNOWN,UNKNOWN,0,3,3,,,1,1,3,1,unclear,0.9747326673375373,False,False
61124,LC17,R,0,1,1,,,3,1,3,1,acetylcholine,0.9394364306812206,False,False
883231129,UNKNOWN,UNKNOWN,1,0,1,,,3,1,3,1,unclear,0.9747326673375373,False,False
31768,Y3,R,0,3,3,,,1,1,3,1,acetylcholine,0.9211693229586665,False,False
382491669,UNKNOWN,UNKNOWN,0,1,1,,,3,3,3,1,unclear,0.9747326673375373,False,False
518231,Tm24,L,2,1,3,,,1,1,3,1,acetylcholine,0.9405826124938541,False,False
718081951,UNKNOWN,UNKNOWN,0,3,3,,,1,1,3,1,unclear,0.9747326673375373,False,False
517906,Tm16,L,0,1,1,,,3,1,3,1,acetylcholine,0.9747326673375373,False,False
11639,LT88,L,0,3,3,,,1,1,3,1,glutamate,0.75613544312713,False,False
31761,Tm4,L,1,0,1,,,3,1,3,1,acetylcholine,0.9692539921297916,False,False
517644,MeLo10,L,1,0,1,,,3,1,3,1,glutamate,0.7310261013626905,False,False
24806,TmY19b,L,1,2,3,,,1,1,3,1,gaba,0.7551124905968102,False,False
20191,MeLo10,R,1,2,3,,,1,1,3,1,glutamate,0.7012899602314678,False,False
37448,LC9,R,1,0,1,,,3,1,3,1,acetylcholine,0.9178601474660415,False,False
54063,LC16,L,1,0,1,,,3,3,3,1,acetylcholine,0.9026299554847654,False,False
53599,LLPC3,R,0,1,1,,,3,1,3,1,acetylcholine,0.9528780881689685,False,False
44711,LC16,L,0,1,1,,,3,1,3,1,acetylcholine,0.9467461892556952,False,False
14376,LPT114,L,0,3,3,,,1,1,3,1,gaba,0.870389352928402,False,False
199701855,UNKNOWN,UNKNOWN,0,3,3,,,1,1,3,1,unclear,0.9747326673375373,False,False
15640,Y14,L,3,0,3,,,1,1,3,1,glutamate,0.8361506306376709,False,False
207336287,UNKNOWN,UNKNOWN,0,3,3,,,1,1,3,1,unclear,0.9747326673375373,False,False
35195,CB1502,L,0,1,1,,,3,1,3,1,gaba,0.6730833281945855,False,False
48008,LC16,L,1,0,1,,,3,1,3,1,acetylcholine,0.9036523737041605,False,False
36512,Tm16,L,0,1,1,,,3,1,3,1,acetylcholine,0.970509702215493,False,False
48083,Tm16,L,0,3,3,,,1,1,3,1,acetylcholine,0.9699714811705266,False,False
48327,LLPC3,R,0,3,3,,,1,1,3,1,acetylcholine,0.9633249512055291,False,False
16007,TmY19a,R,1,0,1,,,3,1,3,1,gaba,0.8632220246741464,False,False
34892,LC9,R,1,0,1,,,3,1,3,1,acetylcholine,0.7786037625062702,False,False
212301400,UNKNOWN,UNKNOWN,3,0,3,,,1,1,3,1,unclear,0.9747326673375373,False,False
625289665,UNKNOWN,UNKNOWN,3,0,3,,,1,1,3,1,unclear,0.9109141500795648,False,False
34814,LC15,R,0,3,3,,,1,1,3,1,acetylcholine,0.8803619717143444,False,False
628858596,UNKNOWN,UNKNOWN,3,0,3,,,1,1,3,1,unclear,0.9747326673375373,False,False
219272485,UNKNOWN,UNKNOWN,0,1,1,,,3,2,3,1,unclear,0.9747326673375373,False,False
49029,Li14,R,2,1,3,,,1,1,3,1,glutamate,0.8361110383414433,False,False
16196,TmY21,L,0,3,3,,,1,1,3,1,acetylcholine,0.9513517335693504,False,False
47124,MeLo12,R,3,0,3,,,1,1,3,1,glutamate,0.7576801405455756,False,False
35439,LHAV2b4,R,0,1,1,,,3,1,3,1,acetylcholine,0.9616026238677176,False,False
46962,LC16,R,0,1,1,,,3,1,3,1,acetylcholine,0.9180130506391262,False,False
46443,LLPC1,R,0,1,1,,,3,1,3,1,acetylcholine,0.9596599354504265,False,False
35981,LC17,R,1,0,1,,,3,1,3,1,acetylcholine,0.9218275057585146,False,False
35973,Y11,R,0,3,3,,,1,1,3,1,glutamate,0.8053097141433012,False,False
14485,LT52,R,2,1,3,,,1,1,3,1,glutamate,0.7589617170362348,False,False
46028,LLPC2,R,0,1,1,,,3,1,3,1,acetylcholine,0.9487544518831822,False,False
35856,Li34a,R,0,3,3,,,1,1,3,1,gaba,0.880600827643597,False,False
600464681,UNKNOWN,UNKNOWN,0,3,3,,,1,1,3,1,unclear,0.9747326673375373,False,False
977289156,UNKNOWN,UNKNOWN,3,0,3,,,1,1,3,1,unclear,0.9109141500795648,False,False
177708705,UNKNOWN,UNKNOWN,0,3,3,,,1,1,3,1,unclear,0.9747326673375373,False,False
111894200,UNKNOWN,UNKNOWN,0,3,3,,,1,1,3,1,unclear,0.9747326673375373,False,False
44751,LC16,R,1,0,1,,,3,1,3,1,acetylcholine,0.9285266928084027,False,False
602104241,UNKNOWN,UNKNOWN,3,0,3,,,1,1,3,1,unclear,0.9747326673375373,False,False
181333307,UNKNOWN,UNKNOWN,3,0,3,,,1,1,3,1,unclear,0.9109141500795648,False,False
108455989,UNKNOWN,UNKNOWN,0,3,3,,,1,1,3,1,unclear,0.9747326673375373,False,False
602406750,UNKNOWN,UNKNOWN,3,0,3,,,1,1,3,1,unclear,0.9109141500795648,False,False
104827482,UNKNOWN,UNKNOWN,1,0,1,,,3,2,3,1,unclear,0.3807224606580829,False,False
977201893,UNKNOWN,UNKNOWN,3,0,3,,,1,1,3,1,unclear,0.9747326673375373,False,False
14819,LoVP35,R,0,3,3,,,1,1,3,1,acetylcholine,0.9612857379134444,False,False
46822,Tm24,R,0,3,3,,,1,1,3,1,acetylcholine,0.9688815710841023,False,False
49182,LC18,R,0,1,1,,,3,3,3,1,acetylcholine,0.9515220753816228,False,False
240646551,UNKNOWN,UNKNOWN,1,0,1,,,3,2,3,1,unclear,0.9747326673375373,False,False
567206971,UNKNOWN,UNKNOWN,0,3,3,,,1,1,3,1,unclear,0.9747326673375373,False,False
19119,TmY19a,L,1,0,1,,,3,1,3,1,gaba,0.8753131369599092,False,False
18207,MeLo14,R,3,0,3,,,1,1,3,1,glutamate,0.856216829982322,False,False
13797,Li29,R,1,0,1,,,3,1,3,1,gaba,0.8837118576177524,False,False
42154,LLPC1,L,0,1,1,,,3,1,3,1,acetylcholine,0.9690403818923917,False,False
51976,LC22,L,0,1,1,,,3,2,3,1,acetylcholine,0.9636914944197343,False,False
41942,LC11,L,1,0,1,,,3,1,3,1,acetylcholine,0.9602108090349148,False,False
52580,LC17,R,1,2,3,,,1,1,3,1,acetylcholine,0.9420544135853566,False,False
33968,LC9,R,1,0,1,,,3,1,3,1,acetylcholine,0.8998475116301247,False,False
529005,MeLo12,L,0,3,3,,,1,1,3,1,glutamate,0.7540457363236115,False,False
19178,TmY19a,R,0,1,1,,,3,1,3,1,gaba,0.8625801710999648,False,False
51723,LPC1,L,0,3,3,,,1,1,3,1,acetylcholine,0.9674691253380321,False,False
52786,LC21,R,0,1,1,,,3,1,3,1,acetylcholine,0.9508886705042415,False,False
679665157,UNKNOWN,UNKNOWN,3,0,3,,,1,1,3,1,unclear,0.9109141500795648,False,False
156396395,UNKNOWN,UNKNOWN,3,0,3,,,1,1,3,1,unclear,0.9109141500795648,False,False
19623,LT47,R,1,2,3,,,1,1,3,1,acetylcholine,0.9435448380608382,False,False
331748913,UNKNOWN,UNKNOWN,0,1,1,,,3,3,3,1,unclear,0.9747326673375373,False,False
333277611,UNKNOWN,UNKNOWN,0,3,3,,,1,1,3,1,unclear,0.9747326673375373,False,False
53180,LC16,R,0,1,1,,,3,1,3,1,acetylcholine,0.92622253986051,False,False
520083301,UNKNOWN,UNKNOWN,0,3,3,,,1,1,3,1,unclear,0.9747326673375373,False,False
531702,TmY15,L,1,0,1,,,3,1,3,1,gaba,0.8528065761673201,False,False
660559830,UNKNOWN,UNKNOWN,3,0,3,,,1,1,3,1,unclear,0.9747326673375373,False,False
515831,LPC1,L,0,3,3,,,1,1,3,1,acetylcholine,0.9338345039970928,False,False
533147,Y11,L,1,0,1,,,3,1,3,1,glutamate,0.8491346836323983,False,False
43232,Tm24,R,0,3,3,,,1,1,3,1,acetylcholine,0.9645464723304349,False,False
555004394,UNKNOWN,UNKNOWN,3,0,3,,,1,1,3,1,unclear,0.9109141500795648,False,False
42832,LLPC3,R,0,3,3,,,1,1,3,1,acetylcholine,0.936538213185059,False,False
50168,Tm24,R,2,1,3,,,1,1,3,1,acetylcholine,0.9528223141228301,False,False
50281,LPi3412,R,0,3,3,,,1,1,3,1,glutamate,0.7956189623326155,False,False
50288,LC13,L,0,1,1,,,3,1,3,1,acetylcholine,0.9292298174068296,False,False
17111,LC39b,L,0,1,1,,,3,2,3,1,glutamate,0.6303372860955109,False,False
50663,Li14,R,0,3,3,,,1,1,3,1,glutamate,0.7799326099410745,False,False
549204925,UNKNOWN,UNKNOWN,3,0,3,,,1,1,3,1,unclear,0.9747326673375373,False,False
12140,MeVPLo1,L,1,0,1,,,3,2,3,1,glutamate,0.7124767822772147,False,False
533017,Y11,L,0,1,1,,,3,1,3,1,glutamate,0.8526510427076796,False,False
37042,LC10a,L,0,1,1,,,3,1,3,1,acetylcholine,0.9414869372267362,False,False
284547506,UNKNOWN,UNKNOWN,0,3,3,,,1,1,3,1,unclear,0.9747326673375373,False,False
10337,LT34,R,0,1,1,,,3,3,3,1,gaba,0.8827530660247943,False,False
285921947,UNKNOWN,UNKNOWN,0,3,3,,,1,1,3,1,unclear,0.9747326673375373,False,False
532335,Tm16,L,0,3,3,,,1,1,3,1,acetylcholine,0.9275568316297591,False,False
17476,LC11,L,0,1,1,,,3,2,3,1,acetylcholine,0.9509736400476915,False,False
656950783,UNKNOWN,UNKNOWN,1,0,1,,,3,2,3,1,unclear,0.9747326673375373,False,False
96089,TmY13,R,0,3,3,,,1,1,3,1,acetylcholine,0.9747326673375373,False,False
529510,LLPC1,L,0,1,1,,,3,1,3,1,acetylcholine,0.9511012931146132,False,False
138259,LPC2,L,0,1,1,,,3,1,3,1,acetylcholine,0.9607803960147469,False,False
72508,LLPC1,R,0,1,1,,,3,1,3,1,acetylcholine,0.9747326673375373,False,False
69999,LC18,R,1,0,1,,,3,1,3,1,acetylcholine,0.9624148695912825,False,False
168697,Li21,L,1,0,1,,,3,1,3,1,acetylcholine,0.9300701199987036,False,False
109994,LLPC1,L,0,1,1,,,3,1,3,1,acetylcholine,0.9587093551345474,False,False
77673,Tm4,R,1,0,1,,,3,1,3,1,acetylcholine,0.9747326673375374,False,False
81459,LC18,R,0,1,1,,,3,1,3,1,acetylcholine,0.959401236046462,False,False
30670,Y11,R,0,3,3,,,1,1,3,1,glutamate,0.7947942635924593,False,False
30438,LoVP78,L,0,3,3,,,1,1,3,1,acetylcholine,0.9350734521118644,False,False
78706,LPC1,L,0,1,1,,,3,2,3,1,acetylcholine,0.9681942313532486,False,False
737029570,UNKNOWN,UNKNOWN,0,3,3,,,1,1,3,1,unclear,0.9747326673375373,False,False
846562619,UNKNOWN,UNKNOWN,3,0,3,,,1,1,3,1,unclear,0.9747326673375373,False,False
27875,MeLo12,R,1,0,1,,,3,2,3,1,glutamate,0.758138509508204,False,False
511978,TmY21,L,2,1,3,,,1,1,3,1,acetylcholine,0.9711358812231408,False,False
26570,LPC1,L,0,3,3,,,1,1,3,1,acetylcholine,0.9544186464287095,False,False
30242,Tlp11,R,0,3,3,,,1,1,3,1,glutamate,0.8123953266283569,False,False
80799,Tm4,R,0,1,1,,,3,1,3,1,acetylcholine,0.9747326673375372,False,False
27258,Li20,R,0,3,3,,,1,1,3,1,glutamate,0.7443898938298626,False,False
751363095,UNKNOWN,UNKNOWN,1,0,1,,,3,2,3,1,unclear,0.9747326673375373,False,False
129008,Tm3,R,3,0,3,,,1,1,3,1,acetylcholine,0.9689854366980687,False,False
863742750,UNKNOWN,UNKNOWN,3,0,3,,,1,1,3,1,unclear,0.8625,False,False
71527,LLPC1,R,0,1,1,,,3,2,3,1,acetylcholine,0.9583311669023724,False,False
82870,LLPC2,R,0,1,1,,,3,1,3,1,acetylcholine,0.9404664237303861,False,False
28400,LC9,R,1,0,1,,,3,2,3,1,acetylcholine,0.9682381134739484,False,False
27000,LLPC1,R,0,3,3,,,1,1,3,1,acetylcholine,0.9640596321278895,False,False
73077,LLPC3,L,0,1,1,,,3,2,3,1,acetylcholine,0.9612510789449148,False,False
82850,LC12,L,1,2,3,,,1,1,3,1,acetylcholine,0.9485153999254469,False,False
165295,LC36,L,1,2,3,,,1,1,3,1,acetylcholine,0.9212046881937485,False,False
512867,MeLo11,L,1,0,1,,,3,2,3,1,glutamate,0.843572753971823,False,False
29358,LC17,R,1,0,1,,,3,1,3,1,acetylcholine,0.9488553577377035,False,False
827404532,UNKNOWN,UNKNOWN,1,0,1,,,3,2,3,1,unclear,0.9747326673375373,False,False
30575,MeLo12,R,3,0,3,,,1,1,3,1,glutamate,0.828960831451052,False,False
832890114,UNKNOWN,UNKNOWN,0,1,1,,,3,3,3,1,unclear,0.9747326673375373,False,False
28384,Y3,L,0,3,3,,,1,1,3,1,acetylcholine,0.9747326673375373,False,False
126619,CB1088,L,0,1,1,,,3,2,3,1,gaba,0.8790826146259441,False,False
81624,LC18,L,1,0,1,,,3,2,3,1,acetylcholine,0.9629175888731613,False,False
29180,Li25,R,2,1,3,,,1,1,3,1,gaba,0.8576716550208765,False,False
77526,Tm4,R,0,3,3,,,1,1,3,1,acetylcholine,0.969306511035469,False,False
29503,Y3,L,0,3,3,,,1,1,3,1,acetylcholine,0.9681004269500515,False,False
514113,TmY18,L,0,1,1,,,3,1,3,1,acetylcholine,0.96178423732571,False,False
25605,LLPC1,L,0,3,3,,,1,1,3,1,acetylcholine,0.9226563260921183,False,False
80640,Tm4,R,1,0,1,,,3,1,3,1,acetylcholine,0.9565186601854527,False,False
515721,LoVP47,L,0,1,1,,,3,1,3,1,glutamate,0.77924484325711,False,False
459330,TmY3,L,0,1,1,,,3,1,3,1,acetylcholine,0.9747326673375374,False,False
74989,LC18,R,1,0,1,,,3,1,3,1,acetylcholine,0.9332387605970713,False,False
66942,LC10c-1,R,0,1,1,,,3,1,3,1,acetylcholine,0.9083094807008327,False,False
869658958,UNKNOWN,UNKNOWN,0,3,3,,,1,1,3,1,unclear,0.9747326673375373,False,False
26745,MeLo2,L,0,1,1,,,3,1,3,1,acetylcholine,0.8341770072193426,False,False
812860847,UNKNOWN,UNKNOWN,0,3,3,,,1,1,3,1,unclear,0.9747326673375373,False,False
29619,LC13,R,1,0,1,,,3,2,3,1,acetylcholine,0.9521073052866202,False,False
811835700,UNKNOWN,UNKNOWN,0,3,3,,,1,1,3,1,unclear,0.9747326673375373,False,False
742609186,UNKNOWN,UNKNOWN,0,1,1,,,3,1,3,1,unclear,0.9109141500795648,False,False
94780,LC18,L,1,0,1,,,3,1,3,1,acetylcholine,0.9696395698339861,False,False
79053,T2,R,1,0,1,,,3,1,3,1,acetylcholine,0.9747326673375373,False,False
30252,MeLo12,R,3,0,3,,,1,1,3,1,glutamate,0.8243798852208001,False,False
744295912,UNKNOWN,UNKNOWN,0,1,1,,,3,2,3,1,unclear,0.9747326673375373,False,False
29599,TmY15,R,0,1,1,,,3,1,3,1,gaba,0.8436513316156493,False,False
86694,LLPC3,L,0,1,1,,,3,2,3,1,acetylcholine,0.9747326673375374,False,False
26599,LLPC1,R,1,2,3,,,1,1,3,1,acetylcholine,0.9209155204670353,False,False
26871,Tlp12,L,1,0,1,,,3,1,3,1,glutamate,0.8396204651324799,False,False
745987620,UNKNOWN,UNKNOWN,0,3,3,,,1,1,3,1,unclear,0.9747326673375373,False,False
97973,CB4103,R,3,0,3,,,1,1,3,1,acetylcholine,0.9600123960179534,False,False
780651492,UNKNOWN,UNKNOWN,0,3,3,,,1,1,3,1,unclear,0.9747326673375373,False,False
36605,Tm24,L,1,0,1,,,2,1,2,1,acetylcholine,0.9504489116923002,False,False
224258274,UNKNOWN,UNKNOWN,1,0,1,,,2,2,2,1,unclear,0.9747326673375373,False,False
117323,T5d,L,0,1,1,,,2,1,2,1,acetylcholine,0.9618029938472574,False,False
577381322,UNKNOWN,UNKNOWN,2,0,2,,,1,1,2,1,unclear,0.9747326673375373,False,False
115719,T5d,R,0,1,1,,,2,1,2,1,acetylcholine,0.9747326673375373,False,False
172403112,UNKNOWN,UNKNOWN,1,0,1,,,2,2,2,1,unclear,0.9747326673375373,False,False
117522,Tm5c,R,0,1,1,,,2,1,2,1,glutamate,0.8467077367261443,False,False
169015125,UNKNOWN,UNKNOWN,1,0,1,,,2,2,2,1,unclear,0.9747326673375373,False,False
165630848,UNKNOWN,UNKNOWN,0,2,2,,,1,1,2,1,unclear,0.9747326673375373,False,False
44550,Tlp12,R,0,1,1,,,2,1,2,1,glutamate,0.8092441295227398,False,False
14571,LPT114,R,0,2,2,,,1,1,2,1,gaba,0.8604835351618683,False,False
11899,TmY14,L,1,1,2,,,1,1,2,1,glutamate,0.6305883835931015,False,False
36320,MeLo2,R,0,1,1,,,2,1,2,1,acetylcholine,0.9638171664034736,False,False
588134096,UNKNOWN,UNKNOWN,2,0,2,,,1,1,2,1,unclear,0.9747326673375373,False,False
159590830,UNKNOWN,UNKNOWN,1,0,1,,,2,1,2,1,unclear,0.9747326673375373,False,False
788230472,UNKNOWN,UNKNOWN,1,0,1,,,2,2,2,1,unclear,0.9747326673375373,False,False
153409904,UNKNOWN,UNKNOWN,2,0,2,,,1,1,2,1,unclear,0.9109141500795648,False,False
114457,T4d,R,0,1,1,,,2,1,2,1,acetylcholine,0.9616072352014536,False,False
997083816,UNKNOWN,UNKNOWN,2,0,2,,,1,1,2,1,unclear,0.9747326673375373,False,False
83464,Tm4,R,1,0,1,,,2,1,2,1,acetylcholine,0.9619500412436995,False,False
211459372,UNKNOWN,UNKNOWN,0,2,2,,,1,1,2,1,unclear,0.9747326673375373,False,False
984130923,UNKNOWN,UNKNOWN,1,0,1,,,2,2,2,1,unclear,0.9747326673375373,False,False
35952,MeLo2,R,0,2,2,,,1,1,2,1,acetylcholine,0.9693940782344238,False,False
10284,VS,R,0,2,2,,,1,1,2,1,acetylcholine,0.7833874622801079,False,False
45214,TmY21,R,0,2,2,,,1,1,2,1,acetylcholine,0.9644735641431198,False,False
85591,TmY13,L,0,2,2,,,1,1,2,1,acetylcholine,0.9747326673375374,False,False
587430736,UNKNOWN,UNKNOWN,0,2,2,,,1,1,2,1,unclear,0.9747326673375373,False,False
209890051,UNKNOWN,UNKNOWN,0,2,2,,,1,1,2,1,unclear,0.9747326673375373,False,False
214988890,UNKNOWN,UNKNOWN,0,2,2,,,1,1,2,1,unclear,0.9747326673375373,False,False
828381130,UNKNOWN,UNKNOWN,0,2,2,,,1,1,2,1,unclear,0.9747326673375373,False,False
186449513,UNKNOWN,UNKNOWN,0,2,2,,,1,1,2,1,unclear,0.9747326673375373,False,False
1000878939,UNKNOWN,UNKNOWN,0,2,2,,,1,1,2,1,unclear,0.9747326673375373,False,False
36650,Tlp12,R,0,2,2,,,1,1,2,1,glutamate,0.8347506600147518,False,False
184770076,UNKNOWN,UNKNOWN,0,2,2,,,1,1,2,1,unclear,0.9747326673375373,False,False
45011,MeLo2,R,1,1,2,,,1,1,2,1,acetylcholine,0.9747326673375373,False,False
987344070,UNKNOWN,UNKNOWN,0,2,2,,,1,1,2,1,unclear,0.9747326673375373,False,False
183771812,UNKNOWN,UNKNOWN,1,0,1,,,2,2,2,1,unclear,0.9747326673375373,False,False
183218380,UNKNOWN,UNKNOWN,0,2,2,,,1,1,2,1,unclear,0.9747326673375373,False,False
36367,Y3,R,0,2,2,,,1,1,2,1,acetylcholine,0.9703645344016318,False,False
576023861,UNKNOWN,UNKNOWN,0,2,2,,,1,1,2,1,unclear,0.9747326673375373,False,False
790597679,UNKNOWN,UNKNOWN,2,0,2,,,1,1,2,1,unclear,0.9747326673375373,False,False
583303065,UNKNOWN,UNKNOWN,1,1,2,,,1,1,2,1,unclear,0.9747326673375373,False,False
221708781,UNKNOWN,UNKNOWN,2,0,2,,,1,1,2,1,unclear,0.9747326673375373,False,False
45116,LC21,R,1,0,1,,,2,1,2,1,acetylcholine,0.960782011775716,False,False
986768506,UNKNOWN,UNKNOWN,1,0,1,,,2,2,2,1,unclear,0.9747326673375373,False,False
43762,LPi2c,L,0,2,2,,,1,1,2,1,glutamate,0.8224580782994302,False,False
84646,LPi3412,L,0,2,2,,,1,1,2,1,glutamate,0.7193587892045918,False,False
180821153,UNKNOWN,UNKNOWN,1,0,1,,,2,1,2,1,unclear,0.9747326673375373,False,False
116423,TmY18,R,1,1,2,,,1,1,2,1,acetylcholine,0.961782240963268,False,False
123411108,UNKNOWN,UNKNOWN,0,2,2,,,1,1,2,1,unclear,0.9747326673375373,False,False
14581,TmY19a,R,0,2,2,,,1,1,2,1,gaba,0.8771170778472731,False,False
16023,TmY19a,L,1,1,2,,,1,1,2,1,gaba,0.8453105198329092,False,False
731434524,UNKNOWN,UNKNOWN,0,2,2,,,1,1,2,1,unclear,0.9747326673375373,False,False
15814,TmY19a,R,1,0,1,,,2,1,2,1,gaba,0.876233754560139,False,False
623007649,UNKNOWN,UNKNOWN,0,2,2,,,1,1,2,1,unclear,0.9747326673375373,False,False
556427,Y14,L,1,0,1,,,2,1,2,1,glutamate,0.8165385883859143,False,False
35142,Tm16,L,0,1,1,,,2,1,2,1,acetylcholine,0.9641808939030757,False,False
771632702,UNKNOWN,UNKNOWN,2,0,2,,,1,1,2,1,unclear,0.69125,False,False
774179903,UNKNOWN,UNKNOWN,2,0,2,,,1,1,2,1,unclear,0.9747326673375373,False,False
559817,LoVP92,L,0,1,1,,,2,2,2,1,acetylcholine,0.9573345070444542,False,False
15593,LoVP48,R,0,1,1,,,2,2,2,1,acetylcholine,0.9575652266948177,False,False
47705,Tm26,R,0,2,2,,,1,1,2,1,acetylcholine,0.8149148769890036,False,False
81012,Tm4,R,0,1,1,,,2,1,2,1,acetylcholine,0.9677421839692414,False,False
35259,LPC1,L,0,1,1,,,2,1,2,1,acetylcholine,0.9612675943948642,False,False
35284,LLPC3,R,0,2,2,,,1,1,2,1,acetylcholine,0.9062384926671573,False,False
81328,TmY13,L,0,2,2,,,1,1,2,1,acetylcholine,0.9697771470412608,False,False
579937,Li13,L,1,0,1,,,2,1,2,1,gaba,0.8825946735056195,False,False
768422893,UNKNOWN,UNKNOWN,0,2,2,,,1,1,2,1,unclear,0.9747326673375373,False,False
550971,Tm24,L,1,0,1,,,2,1,2,1,acetylcholine,0.945069399295536,False,False
143701289,UNKNOWN,UNKNOWN,0,2,2,,,1,1,2,1,unclear,0.9747326673375373,False,False
80461,LPC1,L,0,1,1,,,2,1,2,1,acetylcholine,0.9688440417813756,False,False
632672119,UNKNOWN,UNKNOWN,1,0,1,,,2,2,2,1,unclear,0.9747326673375373,False,False
11372,LC9,R,1,0,1,,,2,1,2,1,acetylcholine,0.9530936785395563,False,False
16278,LoVP23,L,0,1,1,,,2,2,2,1,acetylcholine,0.9243078098967521,False,False
49077,Y12,R,0,1,1,,,2,1,2,1,glutamate,0.7856598315827847,False,False
10306,aMe17e,L,0,1,1,,,2,2,2,1,glutamate,0.829374294086753,False,False
541498,LPC1,L,0,2,2,,,1,1,2,1,acetylcholine,0.9446417683344471,False,False
134214,LPi2e,L,0,1,1,,,2,1,2,1,glutamate,0.8513013128027803,False,False
542052,Tm4,L,1,0,1,,,2,1,2,1,acetylcholine,0.9747326673375373,False,False
957650085,UNKNOWN,UNKNOWN,0,2,2,,,1,1,2,1,unclear,0.9747326673375373,False,False
543264,Li21,L,0,2,2,,,1,1,2,1,acetylcholine,0.96505578208079,False,False
627198621,UNKNOWN,UNKNOWN,1,0,1,,,2,2,2,1,unclear,0.9747326673375373,False,False
547566,LoVP23,L,0,2,2,,,1,1,2,1,acetylcholine,0.8028281923215641,False,False
548311,T2a,L,0,1,1,,,2,1,2,1,acetylcholine,0.9747326673375373,False,False
766095253,UNKNOWN,UNKNOWN,2,0,2,,,1,1,2,1,unclear,0.9747326673375373,False,False
550085,TmY18,L,1,1,2,,,1,1,2,1,acetylcholine,0.9625916426116599,False,False
579976,LC20b,L,0,2,2,,,1,1,2,1,glutamate,0.7591194039241466,False,False
47317,TmY5a,R,0,2,2,,,1,1,2,1,glutamate,0.7622827097962959,False,False
15363,LoVP59,R,0,2,2,,,1,1,2,1,acetylcholine,0.9614413628712932,False,False
15343,LoVC17,R,1,1,2,,,1,1,2,1,gaba,0.8722021722254699,False,False
831772903,UNKNOWN,UNKNOWN,0,2,2,,,1,1,2,1,unclear,0.49088840450017235,False,False
225346604,UNKNOWN,UNKNOWN,1,0,1,,,2,1,2,1,unclear,0.9747326673375373,False,False
128330070,UNKNOWN,UNKNOWN,0,2,2,,,1,1,2,1,unclear,0.9747326673375373,False,False
46294,Li21,R,0,1,1,,,2,1,2,1,acetylcholine,0.9683833039557176,False,False
129267631,UNKNOWN,UNKNOWN,0,2,2,,,1,1,2,1,unclear,0.9747326673375373,False,False
600345771,UNKNOWN,UNKNOWN,0,2,2,,,1,1,2,1,unclear,0.9747326673375373,False,False
46192,Tm16,L,0,1,1,,,2,1,2,1,acetylcholine,0.9655165861406351,False,False
133544022,UNKNOWN,UNKNOWN,0,2,2,,,1,1,2,1,unclear,0.9747326673375373,False,False
597722587,UNKNOWN,UNKNOWN,0,1,1,,,2,1,2,1,unclear,0.9747326673375373,False,False
136085905,UNKNOWN,UNKNOWN,2,0,2,,,1,1,2,1,unclear,0.9747326673375373,False,False
136123461,UNKNOWN,UNKNOWN,0,2,2,,,1,1,2,1,unclear,0.9747326673375373,False,False
980785254,UNKNOWN,UNKNOWN,0,1,1,,,2,1,2,1,unclear,0.49088840450017235,False,False
122608,LoVP12,R,0,1,1,,,2,2,2,1,acetylcholine,0.6279217913753088,False,False
141511442,UNKNOWN,UNKNOWN,1,1,2,,,1,1,2,1,unclear,0.9747326673375373,False,False
143546016,UNKNOWN,UNKNOWN,0,2,2,,,1,1,2,1,unclear,0.9747326673375373,False,False
778455372,UNKNOWN,UNKNOWN,2,0,2,,,1,1,2,1,unclear,0.9747326673375373,False,False
116179658,UNKNOWN,UNKNOWN,2,0,2,,,1,1,2,1,unclear,0.9747326673375373,False,False
601649791,UNKNOWN,UNKNOWN,0,2,2,,,1,1,2,1,unclear,0.9747326673375373,False,False
35536,TmY4,L,0,2,2,,,1,1,2,1,acetylcholine,0.9706687260066996,False,False
590677,TmY10,L,1,0,1,,,2,1,2,1,acetylcholine,0.9747326673375374,False,False
47047,LC16,L,0,2,2,,,1,1,2,1,acetylcholine,0.9554198529167325,False,False
27994,MeLo10,R,1,1,2,,,1,1,2,1,glutamate,0.6731194933052493,False,False
615128397,UNKNOWN,UNKNOWN,0,2,2,,,1,1,2,1,unclear,0.9747326673375373,False,False
29489,LPi2c,R,0,1,1,,,2,1,2,1,glutamate,0.7974337957263056,False,False
127002,MeLo12,L,1,1,2,,,1,1,2,1,glutamate,0.7936208979093679,False,False
46676,Tlp12,R,2,0,2,,,1,1,2,1,glutamate,0.7985728019785757,False,False
124455,Tm4,R,0,1,1,,,2,1,2,1,acetylcholine,0.9689854366980687,False,False
103287592,UNKNOWN,UNKNOWN,0,1,1,,,2,2,2,1,unclear,0.9747326673375373,False,False
81827,Tm4,R,0,1,1,,,2,1,2,1,acetylcholine,0.9685439844281954,False,False
29402,LLPC1,R,1,1,2,,,1,1,2,1,acetylcholine,0.9481065246436401,False,False
111607826,UNKNOWN,UNKNOWN,2,0,2,,,1,1,2,1,unclear,0.9747326673375373,False,False
601666145,UNKNOWN,UNKNOWN,0,1,1,,,2,2,2,1,unclear,0.9747326673375373,False,False
124825,T5d,L,0,1,1,,,2,1,2,1,acetylcholine,0.9634804751785289,False,False
86769,T2,R,1,0,1,,,2,1,2,1,acetylcholine,0.9747326673375372,False,False
66828,T2,L,1,0,1,,,2,1,2,1,acetylcholine,0.9678551814384523,False,False
86820,TmY18,L,1,0,1,,,2,1,2,1,acetylcholine,0.9597898676749189,False,False
814747749,UNKNOWN,UNKNOWN,0,1,1,,,2,1,2,1,unclear,0.9747326673375373,False,False
369529097,UNKNOWN,UNKNOWN,2,0,2,,,1,1,2,1,unclear,0.9747326673375373,False,False
28539,LC14b,R,1,1,2,,,1,1,2,1,acetylcholine,0.9463244312044359,False,False
372458152,UNKNOWN,UNKNOWN,0,1,1,,,2,1,2,1,unclear,0.9747326673375373,False,False
37766,LLPC2,R,1,1,2,,,1,1,2,1,acetylcholine,0.9136889135914168,False,False
375473153,UNKNOWN,UNKNOWN,0,1,1,,,2,2,2,1,unclear,0.9747326673375373,False,False
28541,LLPC1,R,1,0,1,,,2,1,2,1,acetylcholine,0.9680086312353459,False,False
11237,AVLP594,R,1,0,1,,,2,1,2,1,unclear,0.4082063931937727,False,False
496650191,UNKNOWN,UNKNOWN,0,1,1,,,2,2,2,1,unclear,0.9747326673375373,False,False
362902310,UNKNOWN,UNKNOWN,0,1,1,,,2,2,2,1,unclear,0.9747326673375373,False,False
379058409,UNKNOWN,UNKNOWN,2,0,2,,,1,1,2,1,unclear,0.9747326673375373,False,False
495846720,UNKNOWN,UNKNOWN,0,2,2,,,1,1,2,1,unclear,0.9747326673375373,False,False
379360052,UNKNOWN,UNKNOWN,2,0,2,,,1,1,2,1,unclear,0.9747326673375373,False,False
29032,TmY21,L,0,2,2,,,1,1,2,1,acetylcholine,0.9686846140520702,False,False
100551,LC29,L,1,0,1,,,2,1,2,1,acetylcholine,0.9002950884394811,False,False
99885,Tm4,R,0,1,1,,,2,1,2,1,acetylcholine,0.9690856790929431,False,False
38002,LC9,R,2,0,2,,,1,1,2,1,acetylcholine,0.9270730064273254,False,False
504717013,UNKNOWN,UNKNOWN,2,0,2,,,1,1,2,1,unclear,0.9109141500795648,False,False
506803815,UNKNOWN,UNKNOWN,0,1,1,,,2,1,2,1,unclear,0.48892105895420784,False,False
384567587,UNKNOWN,UNKNOWN,0,2,2,,,1,1,2,1,unclear,0.49088840450017235,False,False
350807805,UNKNOWN,UNKNOWN,2,0,2,,,1,1,2,1,unclear,0.9747326673375373,False,False
41198,Y11,R,0,2,2,,,1,1,2,1,glutamate,0.7836179241545653,False,False
513426873,UNKNOWN,UNKNOWN,0,2,2,,,1,1,2,1,unclear,0.9747326673375373,False,False
349681887,UNKNOWN,UNKNOWN,0,1,1,,,2,2,2,1,unclear,0.9109141500795648,False,False
41071,LLPC2,R,0,2,2,,,1,1,2,1,acetylcholine,0.9162518051010742,False,False
349905165,UNKNOWN,UNKNOWN,1,0,1,,,2,2,2,1,unclear,0.9747326673375373,False,False
40987,Tm16,R,0,1,1,,,2,1,2,1,acetylcholine,0.9146056877427159,False,False
350344765,UNKNOWN,UNKNOWN,1,0,1,,,2,1,2,1,unclear,0.9747326673375373,False,False
350831911,UNKNOWN,UNKNOWN,0,2,2,,,1,1,2,1,unclear,0.9747326673375373,False,False
507477175,UNKNOWN,UNKNOWN,1,0,1,,,2,1,2,1,unclear,0.9747326673375373,False,False
37516,LC9,L,0,1,1,,,2,1,2,1,acetylcholine,0.9673731779631554,False,False
353160164,UNKNOWN,UNKNOWN,0,2,2,,,1,1,2,1,unclear,0.9747326673375373,False,False
354268282,UNKNOWN,UNKNOWN,0,1,1,,,2,1,2,1,unclear,0.9747326673375373,False,False
37545,Tm24,R,1,0,1,,,2,1,2,1,acetylcholine,0.960922970966871,False,False
355188863,UNKNOWN,UNKNOWN,0,1,1,,,2,2,2,1,unclear,0.9747326673375373,False,False
40790,Y3,R,0,1,1,,,2,1,2,1,acetylcholine,0.9614487562173867,False,False
40731,Tm16,L,0,1,1,,,2,1,2,1,acetylcholine,0.9669614295812166,False,False
383966515,UNKNOWN,UNKNOWN,2,0,2,,,1,1,2,1,unclear,0.9747326673375373,False,False
99333,LLPC1,L,1,0,1,,,2,1,2,1,acetylcholine,0.9671726007307034,False,False
340237348,UNKNOWN,UNKNOWN,0,2,2,,,1,1,2,1,unclear,0.9747326673375373,False,False
462981660,UNKNOWN,UNKNOWN,0,2,2,,,1,1,2,1,unclear,0.9747326673375373,False,False
471065564,UNKNOWN,UNKNOWN,2,0,2,,,1,1,2,1,unclear,0.9747326673375373,False,False
420150151,UNKNOWN,UNKNOWN,0,2,2,,,1,1,2,1,unclear,0.9747326673375373,False,False
12478,Li36,L,0,1,1,,,2,1,2,1,glutamate,0.7489454398575596,False,False
428067536,UNKNOWN,UNKNOWN,0,1,1,,,2,2,2,1,unclear,0.9747326673375373,False,False
97421,TmY18,R,0,1,1,,,2,1,2,1,acetylcholine,0.9515981387070634,False,False
94840,Tm6,R,1,0,1,,,2,1,2,1,acetylcholine,0.9640987274949578,False,False
39097,LC17,R,0,1,1,,,2,1,2,1,acetylcholine,0.9476445256097505,False,False
441134824,UNKNOWN,UNKNOWN,2,0,2,,,1,1,2,1,unclear,0.9109141500795648,False,False
415454639,UNKNOWN,UNKNOWN,0,2,2,,,1,1,2,1,unclear,0.9747326673375373,False,False
95089,Tm3,R,1,0,1,,,2,1,2,1,acetylcholine,0.9686974052990706,False,False
442558898,UNKNOWN,UNKNOWN,2,0,2,,,1,1,2,1,unclear,0.9109141500795648,False,False
443025602,UNKNOWN,UNKNOWN,2,0,2,,,1,1,2,1,unclear,0.9747326673375373,False,False
39070,Tlp12,R,1,0,1,,,2,1,2,1,glutamate,0.829879180779282,False,False
446422653,UNKNOWN,UNKNOWN,0,2,2,,,1,1,2,1,unclear,0.9747326673375373,False,False
813391460,UNKNOWN,UNKNOWN,0,2,2,,,1,1,2,1,unclear,0.9219732704402516,False,False
452749689,UNKNOWN,UNKNOWN,0,1,1,,,2,1,2,1,unclear,0.9747326673375373,False,False
39459,Y11,R,0,1,1,,,2,2,2,1,glutamate,0.7208334146092941,False,False
39544,LLPC1,R,0,1,1,,,2,1,2,1,acetylcholine,0.9606042984378848,False,False
94547,LLPC2,R,0,1,1,,,2,1,2,1,acetylcholine,0.9634386908483491,False,False
38139,Tm37,L,1,1,2,,,1,1,2,1,glutamate,0.8364629055716186,False,False
388366194,UNKNOWN,UNKNOWN,0,2,2,,,1,1,2,1,unclear,0.9747326673375373,False,False
484611972,UNKNOWN,UNKNOWN,0,1,1,,,2,1,2,1,unclear,0.7679746696655317,False,False
98468,LLPC2,R,0,1,1,,,2,1,2,1,acetylcholine,0.9462183952236414,False,False
389451804,UNKNOWN,UNKNOWN,0,2,2,,,1,1,2,1,unclear,0.9747326673375373,False,False
483796671,UNKNOWN,UNKNOWN,0,2,2,,,1,1,2,1,unclear,0.9747326673375373,False,False
392523443,UNKNOWN,UNKNOWN,2,0,2,,,1,1,2,1,unclear,0.9219732704402516,False,False
28734,Y12,L,0,1,1,,,2,1,2,1,glutamate,0.706059427400548,False,False
39634,Tlp12,L,1,0,1,,,2,1,2,1,glutamate,0.8436172439491422,False,False
471827315,UNKNOWN,UNKNOWN,0,2,2,,,1,1,2,1,unclear,0.9747326673375373,False,False
400122505,UNKNOWN,UNKNOWN,0,1,1,,,2,2,2,1,unclear,0.9747326673375373,False,False
476639114,UNKNOWN,UNKNOWN,0,2,2,,,1,1,2,1,unclear,0.9747326673375373,False,False
406913587,UNKNOWN,UNKNOWN,0,1,1,,,2,2,2,1,unclear,0.9747326673375373,False,False
476301179,UNKNOWN,UNKNOWN,2,0,2,,,1,1,2,1,unclear,0.9747326673375373,False,False
475446604,UNKNOWN,UNKNOWN,0,2,2,,,1,1,2,1,unclear,0.9747326673375373,False,False
408791965,UNKNOWN,UNKNOWN,0,1,1,,,2,1,2,1,unclear,0.9747326673375373,False,False
12722,LoVC21,R,2,0,2,,,1,1,2,1,gaba,0.8798930726501465,False,False
104259,TmY18,R,1,0,1,,,2,1,2,1,acetylcholine,0.9747326673375373,False,False
338920343,UNKNOWN,UNKNOWN,2,0,2,,,1,1,2,1,unclear,0.9747326673375373,False,False
226394317,UNKNOWN,UNKNOWN,0,1,1,,,2,2,2,1,unclear,0.9747326673375373,False,False
42800,LC17,L,1,0,1,,,2,1,2,1,acetylcholine,0.9363343925188894,False,False
560067758,UNKNOWN,UNKNOWN,2,0,2,,,1,1,2,1,unclear,0.9747326673375373,False,False
43143,LC17,L,2,0,2,,,1,1,2,1,acetylcholine,0.9408575247869747,False,False
11913,LT52,L,2,0,2,,,1,1,2,1,glutamate,0.7752035535953355,False,False
87056,Tm4,R,0,1,1,,,2,1,2,1,acetylcholine,0.9747326673375373,False,False
262812836,UNKNOWN,UNKNOWN,1,0,1,,,2,1,2,1,unclear,0.9747326673375373,False,False
87093,Tm3,R,0,1,1,,,2,1,2,1,acetylcholine,0.9682574541504028,False,False
110590,TmY18,R,2,0,2,,,1,1,2,1,acetylcholine,0.9747326673375373,False,False
549452524,UNKNOWN,UNKNOWN,0,1,1,,,2,1,2,1,unclear,0.9747326673375373,False,False
112134,LoVP12,R,0,2,2,,,1,1,2,1,acetylcholine,0.6112491741065987,False,False
274204751,UNKNOWN,UNKNOWN,0,2,2,,,1,1,2,1,unclear,0.9747326673375373,False,False
274524307,UNKNOWN,UNKNOWN,1,0,1,,,2,2,2,1,unclear,0.9747326673375373,False,False
110022,T4c,R,0,1,1,,,2,1,2,1,acetylcholine,0.9747326673375372,False,False
42796,Tm16,R,1,0,1,,,2,2,2,1,acetylcholine,0.9703575232921761,False,False
281454146,UNKNOWN,UNKNOWN,0,2,2,,,1,1,2,1,unclear,0.9747326673375373,False,False
109842,TmY18,R,1,0,1,,,2,2,2,1,acetylcholine,0.9495084530287827,False,False
288042443,UNKNOWN,UNKNOWN,0,2,2,,,1,1,2,1,unclear,0.9747326673375373,False,False
560800600,UNKNOWN,UNKNOWN,2,0,2,,,1,1,2,1,unclear,0.9747326673375373,False,False
36919,Tm16,R,0,2,2,,,1,1,2,1,acetylcholine,0.9596160207029162,False,False
796785893,UNKNOWN,UNKNOWN,0,2,2,,,1,1,2,1,unclear,0.9747326673375373,False,False
231636676,UNKNOWN,UNKNOWN,0,2,2,,,1,1,2,1,unclear,0.9747326673375373,False,False
36830,Y3,R,0,2,2,,,1,1,2,1,acetylcholine,0.9705640751569786,False,False
575050315,UNKNOWN,UNKNOWN,2,0,2,,,1,1,2,1,unclear,0.9747326673375373,False,False
571441916,UNKNOWN,UNKNOWN,1,0,1,,,2,1,2,1,unclear,0.9747326673375373,False,False
229209035,UNKNOWN,UNKNOWN,0,2,2,,,1,1,2,1,unclear,0.9747326673375373,False,False
43491,LC29,R,0,1,1,,,2,2,2,1,acetylcholine,0.8048628560701483,False,False
1003217668,UNKNOWN,UNKNOWN,2,0,2,,,1,1,2,1,unclear,0.9109141500795648,False,False
569990650,UNKNOWN,UNKNOWN,0,2,2,,,1,1,2,1,unclear,0.9109141500795648,False,False
568263282,UNKNOWN,UNKNOWN,0,2,2,,,1,1,2,1,unclear,0.9747326673375373,False,False
246055217,UNKNOWN,UNKNOWN,0,1,1,,,2,1,2,1,unclear,0.9109141500795648,False,False
43345,Tm16,R,0,2,2,,,1,1,2,1,acetylcholine,0.8990261935040637,False,False
237833587,UNKNOWN,UNKNOWN,2,0,2,,,1,1,2,1,unclear,0.9747326673375373,False,False
79402,LC18,L,1,0,1,,,2,1,2,1,acetylcholine,0.9577688983204022,False,False
240344878,UNKNOWN,UNKNOWN,0,2,2,,,1,1,2,1,unclear,0.9747326673375373,False,False
86841,Y14,L,1,1,2,,,1,1,2,1,glutamate,0.7371160854754334,False,False
86896,LC16,L,1,0,1,,,2,1,2,1,acetylcholine,0.9405115262279625,False,False
828172398,UNKNOWN,UNKNOWN,2,0,2,,,1,1,2,1,unclear,0.9747326673375373,False,False
13850,Li29,R,0,2,2,,,1,1,2,1,gaba,0.8777535120999702,False,False
294510978,UNKNOWN,UNKNOWN,1,0,1,,,2,2,2,1,unclear,0.9109141500795648,False,False
516482948,UNKNOWN,UNKNOWN,1,0,1,,,2,2,2,1,unclear,0.9747326673375373,False,False
107229,T5d,R,0,1,1,,,2,1,2,1,acetylcholine,0.9747326673375373,False,False
37421,Tm24,R,2,0,2,,,1,1,2,1,acetylcholine,0.9553272409458579,False,False
1018233724,UNKNOWN,UNKNOWN,0,2,2,,,1,1,2,1,unclear,0.9747326673375373,False,False
320152259,UNKNOWN,UNKNOWN,0,1,1,,,2,2,2,1,unclear,0.9747326673375373,False,False
41823,Tm16,R,0,1,1,,,2,2,2,1,acetylcholine,0.9747326673375373,False,False
13616,AVLP504,L,0,1,1,,,2,2,2,1,acetylcholine,0.9603035416739054,False,False
522154175,UNKNOWN,UNKNOWN,0,2,2,,,1,1,2,1,unclear,0.9747326673375373,False,False
329252529,UNKNOWN,UNKNOWN,0,1,1,,,2,1,2,1,unclear,0.9747326673375373,False,False
330229557,UNKNOWN,UNKNOWN,2,0,2,,,1,1,2,1,unclear,0.9747326673375373,False,False
524353313,UNKNOWN,UNKNOWN,0,1,1,,,2,1,2,1,unclear,0.9747326673375373,False,False
29219,LC17,R,0,1,1,,,2,1,2,1,acetylcholine,0.9408622062919912,False,False
333536677,UNKNOWN,UNKNOWN,0,1,1,,,2,1,2,1,unclear,0.9747326673375373,False,False
13473,LoVP49,R,0,1,1,,,2,2,2,1,acetylcholine,0.935080901593094,False,False
521343133,UNKNOWN,UNKNOWN,2,0,2,,,1,1,2,1,unclear,0.9747326673375373,False,False
37463,Y3,R,0,2,2,,,1,1,2,1,acetylcholine,0.9705435395207636,False,False
799282035,UNKNOWN,UNKNOWN,0,2,2,,,1,1,2,1,unclear,0.9747326673375373,False,False
1024319082,UNKNOWN,UNKNOWN,0,2,2,,,1,1,2,1,unclear,0.9747326673375373,False,False
10067,MeVPLp1,L,0,1,1,,,2,1,2,1,acetylcholine,0.9522379173187955,False,False
315204859,UNKNOWN,UNKNOWN,2,0,2,,,1,1,2,1,unclear,0.9747326673375373,False,False
108104,Tm37,R,0,1,1,,,2,1,2,1,glutamate,0.7710048381469301,False,False
304444195,UNKNOWN,UNKNOWN,2,0,2,,,1,1,2,1,unclear,0.9747326673375373,False,False
297201625,UNKNOWN,UNKNOWN,0,2,2,,,1,1,2,1,unclear,0.9747326673375373,False,False
1013258195,UNKNOWN,UNKNOWN,0,2,2,,,1,1,2,1,unclear,0.9747326673375373,False,False
1014039020,UNKNOWN,UNKNOWN,0,1,1,,,2,2,2,1,unclear,0.9747326673375373,False,False
107808,TmY18,R,2,0,2,,,1,1,2,1,acetylcholine,0.9747326673375373,False,False
1014341582,UNKNOWN,UNKNOWN,2,0,2,,,1,1,2,1,unclear,0.9747326673375373,False,False
12196,Li29,L,2,0,2,,,1,1,2,1,gaba,0.8830250384488875,False,False
530439334,UNKNOWN,UNKNOWN,0,1,1,,,2,2,2,1,unclear,0.9747326673375373,False,False
304743995,UNKNOWN,UNKNOWN,0,2,2,,,1,1,2,1,unclear,0.9747326673375373,False,False
798291289,UNKNOWN,UNKNOWN,2,0,2,,,1,1,2,1,unclear,0.9747326673375373,False,False
42069,LC15,R,1,1,2,,,1,1,2,1,acetylcholine,0.9622489934512028,False,False
305531388,UNKNOWN,UNKNOWN,1,0,1,,,2,2,2,1,unclear,0.9747326673375373,False,False
307526833,UNKNOWN,UNKNOWN,1,0,1,,,2,1,2,1,unclear,0.615801529658242,False,False
87670,Li23,L,1,0,1,,,2,2,2,1,acetylcholine,0.9712747414009069,False,False
826657978,UNKNOWN,UNKNOWN,0,2,2,,,1,1,2,1,unclear,0.9747326673375373,False,False
311624737,UNKNOWN,UNKNOWN,0,2,2,,,1,1,2,1,unclear,0.9747326673375373,False,False
13675,MeVC20,R,0,1,1,,,2,2,2,1,glutamate,0.8236869536912409,False,False
239255246,UNKNOWN,UNKNOWN,0,1,1,,,2,2,2,1,unclear,0.9747326673375373,False,False
15882,LLPC1,L,0,1,1,,,2,1,2,1,acetylcholine,0.9626215880482888,False,False
75966,T2a,R,2,0,2,,,1,1,2,1,acetylcholine,0.9747326673375374,False,False
73295,Tm37,R,0,1,1,,,2,1,2,1,glutamate,0.8404157718501075,False,False
528991,LC10a,L,2,0,2,,,1,1,2,1,acetylcholine,0.9656090184556299,False,False
52666,LLPC1,L,0,1,1,,,2,1,2,1,acetylcholine,0.9653640115769508,False,False
746583183,UNKNOWN,UNKNOWN,2,0,2,,,1,1,2,1,unclear,0.9747326673375373,False,False
846093439,UNKNOWN,UNKNOWN,2,0,2,,,1,1,2,1,unclear,0.9747326673375373,False,False
19204,MeLo9,R,1,1,2,,,1,1,2,1,glutamate,0.8121219079777579,False,False
19208,Y11,L,1,1,2,,,1,1,2,1,glutamate,0.8013850680362568,False,False
24740,T5d,L,0,2,2,,,1,1,2,1,acetylcholine,0.9747326673375373,False,False
31779,Li25,R,2,0,2,,,1,1,2,1,gaba,0.8829212762816641,False,False
934592741,UNKNOWN,UNKNOWN,0,1,1,,,2,1,2,1,unclear,0.9747326673375373,False,False
59171,LC18,R,1,1,2,,,1,1,2,1,acetylcholine,0.9592303659766498,False,False
52864,TmY5a,L,2,0,2,,,1,1,2,1,glutamate,0.7587232748097852,False,False
518440,LC18,L,0,1,1,,,2,1,2,1,acetylcholine,0.9747326673375374,False,False
70551,LC13,L,0,2,2,,,1,1,2,1,acetylcholine,0.9276212576359933,False,False
75691,Tm4,L,1,0,1,,,2,1,2,1,acetylcholine,0.9747326673375373,False,False
858331791,UNKNOWN,UNKNOWN,0,2,2,,,1,1,2,1,unclear,0.9747326673375373,False,False
512198,LT78,L,0,1,1,,,2,2,2,1,glutamate,0.7199428539185413,False,False
75213,T2a,R,1,0,1,,,2,1,2,1,acetylcholine,0.9187338519175425,False,False
60741,TmY13,R,0,1,1,,,2,1,2,1,acetylcholine,0.9747326673375373,False,False
10343,MeVPMe1,R,0,1,1,,,2,1,2,1,glutamate,0.681762469266146,False,False
70724,T2,R,1,0,1,,,2,2,2,1,acetylcholine,0.9596751926944579,False,False
24409,LC17,R,0,1,1,,,2,1,2,1,acetylcholine,0.9450415539018884,False,False
512181,LoVP43,L,1,1,2,,,1,1,2,1,acetylcholine,0.8850527491324117,False,False
33735,TmY17,L,0,2,2,,,1,1,2,1,acetylcholine,0.9669424361080071,False,False
518915,LC11,L,1,0,1,,,2,1,2,1,acetylcholine,0.9490255442230293,False,False
19892,TmY19a,R,0,2,2,,,1,1,2,1,gaba,0.8843088671023527,False,False
52656,MeLo2,L,0,1,1,,,2,1,2,1,acetylcholine,0.9691065712580331,False,False
57679,LPC1,R,0,1,1,,,2,1,2,1,acetylcholine,0.9430574254384686,False,False
18870,LC15,L,1,0,1,,,2,1,2,1,acetylcholine,0.9539912189813474,False,False
529780,Y13,L,1,0,1,,,2,1,2,1,glutamate,0.8502311235675779,False,False
530754,TmY3,L,0,1,1,,,2,1,2,1,acetylcholine,0.9677949389227503,False,False
520166,TmY17,L,0,2,2,,,1,1,2,1,acetylcholine,0.9676692474421013,False,False
18528,LLPC3,L,0,2,2,,,1,1,2,1,acetylcholine,0.9589031526277121,False,False
514209,Tm16,L,0,1,1,,,2,1,2,1,acetylcholine,0.9702431973756346,False,False
514158,TmY19a,L,2,0,2,,,1,1,2,1,gaba,0.8726308680384283,False,False
30457,LC17,R,1,0,1,,,2,1,2,1,acetylcholine,0.9350405660475012,False,False
18623,LLPC1,L,1,1,2,,,1,1,2,1,acetylcholine,0.9658609541191042,False,False
529843,LPC2,L,0,2,2,,,1,1,2,1,acetylcholine,0.9599235910261399,False,False
52404,LLPC2,L,0,1,1,,,2,2,2,1,acetylcholine,0.9390822486646937,False,False
75967,LC13,R,0,2,2,,,1,1,2,1,acetylcholine,0.9217814613155448,False,False
68625,Tm5Y,R,1,1,2,,,1,1,2,1,acetylcholine,0.9099793747903528,False,False
32684,Tm24,R,0,1,1,,,2,1,2,1,acetylcholine,0.9610064738118352,False,False
935789078,UNKNOWN,UNKNOWN,2,0,2,,,1,1,2,1,unclear,0.9747326673375373,False,False
162164,Y14,L,0,1,1,,,2,1,2,1,glutamate,0.7861226550508652,False,False
26372,TmY15,R,1,0,1,,,2,1,2,1,gaba,0.9018831928580716,False,False
22510,LC10a,R,1,1,2,,,1,1,2,1,acetylcholine,0.944381381606791,False,False
22505,LC10a,R,1,0,1,,,2,1,2,1,acetylcholine,0.9533036384122907,False,False
813374224,UNKNOWN,UNKNOWN,1,0,1,,,2,2,2,1,unclear,0.9747326673375373,False,False
529435,Li14,L,1,1,2,,,1,1,2,1,glutamate,0.7789294517126559,False,False
62311,Li21,R,2,0,2,,,1,1,2,1,acetylcholine,0.9652110289602959,False,False
30741,TmY13,L,0,1,1,,,2,1,2,1,acetylcholine,0.9443801055228439,False,False
22470,MeLo10,L,1,1,2,,,1,1,2,1,glutamate,0.7419394839308273,False,False
529327,LPi3b,L,0,2,2,,,1,1,2,1,glutamate,0.8316586805959989,False,False
674251706,UNKNOWN,UNKNOWN,0,1,1,,,2,2,2,1,unclear,0.8625,False,False
73667,LC29,R,1,1,2,,,1,1,2,1,acetylcholine,0.7704507522261683,False,False
32142,Tm5Y,L,0,2,2,,,1,1,2,1,acetylcholine,0.936607590750038,False,False
519082,TmY3,L,1,0,1,,,2,1,2,1,acetylcholine,0.9667725669204303,False,False
71638,Y13,L,2,0,2,,,1,1,2,1,glutamate,0.8190478387872187,False,False
56415,LPi2e,R,0,2,2,,,1,1,2,1,glutamate,0.8625321857570079,False,False
60182,MeLo2,R,1,1,2,,,1,1,2,1,acetylcholine,0.9659823792468147,False,False
55045,LC16,L,1,0,1,,,2,1,2,1,acetylcholine,0.9351688047855281,False,False
27360,Tm16,L,0,1,1,,,2,1,2,1,acetylcholine,0.9703184298335052,False,False
55125,LC18,R,1,0,1,,,2,2,2,1,acetylcholine,0.9705446362307844,False,False
21469,Li25,L,1,0,1,,,2,1,2,1,gaba,0.8917892272457689,False,False
24090,Li26,R,1,1,2,,,1,1,2,1,gaba,0.8836737183457248,False,False
21494,Tlp11,R,0,2,2,,,1,1,2,1,glutamate,0.8062595239806231,False,False
692690195,UNKNOWN,UNKNOWN,0,1,1,,,2,2,2,1,unclear,0.9747326673375373,False,False
55592,Tm5Y,R,0,2,2,,,1,1,2,1,acetylcholine,0.9697517341166645,False,False
30569,TmY15,R,0,1,1,,,2,1,2,1,gaba,0.8922957824075286,False,False
55671,LC18,R,2,0,2,,,1,1,2,1,acetylcholine,0.9701923719320855,False,False
56498,Tm16,L,0,1,1,,,2,1,2,1,acetylcholine,0.9747326673375373,False,False
30323,TmY15,R,0,2,2,,,1,1,2,1,gaba,0.9031045055563445,False,False
714612851,UNKNOWN,UNKNOWN,2,0,2,,,1,1,2,1,unclear,0.9747326673375373,False,False
59446,LPi2e,R,0,2,2,,,1,1,2,1,glutamate,0.8318521755446515,False,False
908840318,UNKNOWN,UNKNOWN,2,0,2,,,1,1,2,1,unclear,0.9747326673375373,False,False
33048,LC10a,R,1,0,1,,,2,1,2,1,acetylcholine,0.9448754465365478,False,False
907243343,UNKNOWN,UNKNOWN,0,1,1,,,2,2,2,1,unclear,0.8625,False,False
32996,Li25,R,0,2,2,,,1,1,2,1,gaba,0.8846735404543653,False,False
21952,TmY14,R,0,2,2,,,1,1,2,1,acetylcholine,0.6190540544780098,False,False
23936,LLPC1,R,1,0,1,,,2,1,2,1,acetylcholine,0.9514834200397934,False,False
21965,PVLP046,R,0,2,2,,,1,1,2,1,gaba,0.6296465339894759,False,False
21984,LC10a,R,0,2,2,,,1,1,2,1,acetylcholine,0.954115970339517,False,False
689943089,UNKNOWN,UNKNOWN,1,0,1,,,2,2,2,1,unclear,0.9109141500795648,False,False
73680,LC10c-1,R,0,1,1,,,2,1,2,1,acetylcholine,0.9536157600804317,False,False
525338,MeLo12,L,2,0,2,,,1,1,2,1,glutamate,0.8047160381781698,False,False
54314,Y14,R,2,0,2,,,1,1,2,1,glutamate,0.8640769753579031,False,False
60337,TmY3,R,0,2,2,,,1,1,2,1,acetylcholine,0.9747326673375372,False,False
54022,LC18,L,1,0,1,,,2,1,2,1,acetylcholine,0.9658773625775309,False,False
519154,Tlp13,L,0,1,1,,,2,2,2,1,glutamate,0.8160608677298308,False,False
19943,MeLo10,R,2,0,2,,,1,1,2,1,glutamate,0.7274063127185469,False,False
917124783,UNKNOWN,UNKNOWN,1,0,1,,,2,2,2,1,unclear,0.9747326673375373,False,False
524888,LC18,L,1,0,1,,,2,1,2,1,acetylcholine,0.9637964370585433,False,False
524814,LLPC3,L,0,2,2,,,1,1,2,1,acetylcholine,0.9613852393971962,False,False
54122,TmY3,R,1,0,1,,,2,1,2,1,acetylcholine,0.9603548340794544,False,False
57143,Y14,R,0,2,2,,,1,1,2,1,glutamate,0.8278462647516621,False,False
54182,LPC1,R,0,1,1,,,2,2,2,1,acetylcholine,0.9173532836889613,False,False
10566,LoVC19,L,0,1,1,,,2,2,2,1,acetylcholine,0.956386758681237,False,False
885274569,UNKNOWN,UNKNOWN,0,2,2,,,1,1,2,1,unclear,0.9747326673375373,False,False
33240,LLPC2,R,1,1,2,,,1,1,2,1,acetylcholine,0.8705479468356987,False,False
20372,LPC1,L,0,2,2,,,1,1,2,1,acetylcholine,0.9641856059946584,False,False
54410,Y12,R,0,2,2,,,1,1,2,1,glutamate,0.8024133639109003,False,False
718079034,UNKNOWN,UNKNOWN,2,0,2,,,1,1,2,1,unclear,0.9747326673375373,False,False
885427957,UNKNOWN,UNKNOWN,0,2,2,,,1,1,2,1,unclear,0.9109141500795648,False,False
33300,LLPC2,R,0,2,2,,,1,1,2,1,acetylcholine,0.9553409862494733,False,False
54780,LC17,L,1,0,1,,,2,1,2,1,acetylcholine,0.9328136528344918,False,False
20949,LOLP1,R,0,2,2,,,1,1,2,1,gaba,0.8681167824918044,False,False
519934,Li25,L,1,0,1,,,2,2,2,1,gaba,0.8932336108104001,False,False
54781,LC18,R,1,0,1,,,2,1,2,1,acetylcholine,0.9623981971714015,False,False
524103,Tm4,L,1,0,1,,,2,1,2,1,acetylcholine,0.9686239756515612,False,False
24244,TmY15,L,0,1,1,,,2,1,2,1,gaba,0.8990683367855842,False,False
30768,Tm24,R,0,2,2,,,1,1,2,1,acetylcholine,0.9421331981544423,False,False
31693,Tm24,R,0,2,2,,,1,1,2,1,acetylcholine,0.9549180387572401,False,False
76066,UNKNOWN,L,2,0,2,,,1,1,2,1,acetylcholine,0.9688439279565405,False,False
16996,LT69,R,0,1,1,,,2,2,2,1,acetylcholine,0.9401828511520502,False,False
16775,LC10a,L,1,1,2,,,1,1,2,1,acetylcholine,0.9560139256021044,False,False
31065,TmY15,R,1,1,2,,,1,1,2,1,gaba,0.9057726316614286,False,False
23053,AVLP149,L,1,0,1,,,2,1,2,1,acetylcholine,0.8619218564339067,False,False
876511036,UNKNOWN,UNKNOWN,0,1,1,,,2,2,2,1,unclear,0.9747326673375373,False,False
515142,LoVP35,L,1,1,2,,,1,1,2,1,acetylcholine,0.9322889461737859,False,False
648734204,UNKNOWN,UNKNOWN,0,2,2,,,1,1,2,1,unclear,0.9747326673375373,False,False
516725,Li23,L,1,0,1,,,2,1,2,1,acetylcholine,0.9747326673375373,False,False
32672,Y3,L,1,1,2,,,1,1,2,1,acetylcholine,0.9679459278625682,False,False
950015374,UNKNOWN,UNKNOWN,1,0,1,,,2,2,2,1,unclear,0.9747326673375373,False,False
23591,TmY14,R,0,1,1,,,2,1,2,1,acetylcholine,0.6862484804483637,False,False
142297,LPC1,L,0,2,2,,,1,1,2,1,acetylcholine,0.9747326673375373,False,False
34360,Y12,R,0,2,2,,,1,1,2,1,glutamate,0.8065578280583007,False,False
515903,LC9,L,2,0,2,,,1,1,2,1,acetylcholine,0.9543549132915164,False,False
533745,LoVP_unclear,L,0,1,1,,,2,1,2,1,acetylcholine,0.9111734915369456,False,False
67301,LC10_unclear,R,0,2,2,,,1,1,2,1,acetylcholine,0.8226921373430214,False,False
533611,LoVP48,L,0,1,1,,,2,1,2,1,acetylcholine,0.9522962322079848,False,False
703344008,UNKNOWN,UNKNOWN,0,2,2,,,1,1,2,1,unclear,0.9747326673375373,False,False
25425,MeLo10,R,0,1,1,,,2,2,2,1,glutamate,0.6749207823855888,False,False
50596,TmY15,R,1,0,1,,,2,2,2,1,gaba,0.8669792367208231,False,False
67349,Li21,R,0,1,1,,,2,1,2,1,acetylcholine,0.9572791142123532,False,False
721532850,UNKNOWN,UNKNOWN,1,0,1,,,2,2,2,1,unclear,0.9747326673375373,False,False
651346433,UNKNOWN,UNKNOWN,1,0,1,,,2,2,2,1,unclear,0.9747326673375373,False,False
78840,LC18,L,1,0,1,,,2,1,2,1,acetylcholine,0.9600309756243652,False,False
27165,LC11,R,0,1,1,,,2,1,2,1,acetylcholine,0.9630731713993955,False,False
58382,LC17,L,0,1,1,,,2,1,2,1,acetylcholine,0.9360531765653896,False,False
534754,TmY3,L,0,1,1,,,2,1,2,1,acetylcholine,0.9670364331171325,False,False
50125,Tm24,R,1,1,2,,,1,1,2,1,acetylcholine,0.9747326673375373,False,False
520331,LT47,L,2,0,2,,,1,1,2,1,acetylcholine,0.8898098645872426,False,False
16295,LLPC1,L,0,2,2,,,1,1,2,1,acetylcholine,0.9655331286048074,False,False
760664976,UNKNOWN,UNKNOWN,2,0,2,,,1,1,2,1,unclear,0.9747326673375373,False,False
515473,LLPC1,L,0,1,1,,,2,1,2,1,acetylcholine,0.9698272028018292,False,False
732124198,UNKNOWN,UNKNOWN,0,2,2,,,1,1,2,1,unclear,0.9747326673375373,False,False
892335801,UNKNOWN,UNKNOWN,2,0,2,,,1,1,2,1,unclear,0.9747326673375373,False,False
536419,MeLo2,L,1,0,1,,,2,1,2,1,acetylcholine,0.9747326673375372,False,False
23501,TmY14,R,1,1,2,,,1,1,2,1,acetylcholine,0.5981974396296373,False,False
515311,TmY13,L,0,2,2,,,1,1,2,1,acetylcholine,0.9747326673375372,False,False
49732,LLPC3,R,0,2,2,,,1,1,2,1,acetylcholine,0.9747326673375373,False,False
855955685,UNKNOWN,UNKNOWN,0,2,2,,,1,1,2,1,unclear,0.9747326673375373,False,False
840199330,UNKNOWN,UNKNOWN,0,1,1,,,2,2,2,1,unclear,0.9747326673375373,False,False
890242511,UNKNOWN,UNKNOWN,1,0,1,,,2,2,2,1,unclear,0.9747326673375373,False,False
703653127,UNKNOWN,UNKNOWN,0,2,2,,,1,1,2,1,unclear,0.9747326673375373,False,False
535980,TmY18,L,1,0,1,,,2,1,2,1,acetylcholine,0.9747326673375372,False,False
29724,T2,L,2,0,2,,,1,1,2,1,acetylcholine,0.9662867370934486,False,False
950063533,UNKNOWN,UNKNOWN,1,0,1,,,2,1,2,1,unclear,0.6833413486785735,False,False
854420337,UNKNOWN,UNKNOWN,0,2,2,,,1,1,2,1,unclear,0.9747326673375373,False,False
50110,MeLo11,L,2,0,2,,,1,1,2,1,glutamate,0.7241079580717741,False,False
641432715,UNKNOWN,UNKNOWN,0,2,2,,,1,1,2,1,unclear,0.9747326673375373,False,False
536884,Tm4,L,0,2,2,,,1,1,2,1,acetylcholine,0.9690947283156129,False,False
852298408,UNKNOWN,UNKNOWN,0,2,2,,,1,1,2,1,unclear,0.9747326673375373,False,False
16752,AVLP111,R,0,1,1,,,2,1,2,1,acetylcholine,0.7816201978651509,False,False
72139,LLPC3,R,2,0,2,,,1,1,2,1,acetylcholine,0.9588394664871691,False,False
516793,LLPC3,L,0,1,1,,,2,1,2,1,acetylcholine,0.9426107559737698,False,False
867765955,UNKNOWN,UNKNOWN,0,1,1,,,2,2,2,1,unclear,0.9747326673375373,False,False
521369,Li15,L,1,1,2,,,1,1,2,1,gaba,0.8762571538181164,False,False
50683,Li15,R,1,1,2,,,1,1,2,1,gaba,0.8298819229675648,False,False
64124,LPC2,R,0,2,2,,,1,1,2,1,acetylcholine,0.9662498553019898,False,False
67594,LLPC2,R,1,0,1,,,2,1,2,1,acetylcholine,0.897054727026453,False,False
664457858,UNKNOWN,UNKNOWN,1,0,1,,,2,2,2,1,unclear,0.9747326673375373,False,False
25558,LC17,L,0,1,1,,,2,1,2,1,acetylcholine,0.9279297758534985,False,False
76896,LC13,L,2,0,2,,,1,1,2,1,acetylcholine,0.9171214586721448,False,False
63745,LC29,R,0,1,1,,,2,1,2,1,acetylcholine,0.8873172491711807,False,False
76803,Tm4,R,0,1,1,,,2,1,2,1,acetylcholine,0.9256223664477149,False,False
73101,Y12,L,0,1,1,,,2,1,2,1,glutamate,0.8130160440684695,False,False
51824,Y14,R,0,1,1,,,2,1,2,1,glutamate,0.792754245655269,False,False
11638,LoVC19,L,0,1,1,,,2,2,2,1,acetylcholine,0.9638421700795975,False,False
531495,LPC2,L,0,1,1,,,2,1,2,1,acetylcholine,0.9692451985348808,False,False
699187274,UNKNOWN,UNKNOWN,0,1,1,,,2,2,2,1,unclear,0.9747326673375373,False,False
877816036,UNKNOWN,UNKNOWN,0,2,2,,,1,1,2,1,unclear,0.9747326673375373,False,False
62972,LC21,R,1,0,1,,,2,1,2,1,acetylcholine,0.9432506823611158,False,False
667553837,UNKNOWN,UNKNOWN,2,0,2,,,1,1,2,1,unclear,0.9109141500795648,False,False
51845,LC13,R,0,2,2,,,1,1,2,1,acetylcholine,0.9216065388088424,False,False
531348,Tm16,L,0,1,1,,,2,2,2,1,acetylcholine,0.9619526413102979,False,False
62926,LC20b,R,0,1,1,,,2,1,2,1,glutamate,0.827877889641033,False,False
30810,Tm23,R,2,0,2,,,1,1,2,1,gaba,0.8106858853770285,False,False
73184,Tm5c,R,0,2,2,,,1,1,2,1,glutamate,0.8635077519838966,False,False
531187,LLPC1,L,0,2,2,,,1,1,2,1,acetylcholine,0.9651624433589476,False,False
25367,Li15,R,1,1,2,,,1,1,2,1,gaba,0.8579871486538445,False,False
537129,LPC1,L,0,1,1,,,2,1,2,1,acetylcholine,0.9747326673375372,False,False
27067,LC10a,R,0,1,1,,,2,1,2,1,acetylcholine,0.9542791644086941,False,False
51640,LT81,R,1,0,1,,,2,1,2,1,acetylcholine,0.9359857793996288,False,False
51633,LLPC3,R,0,1,1,,,2,1,2,1,acetylcholine,0.959845151557926,False,False
34289,LoVP24,R,0,2,2,,,1,1,2,1,acetylcholine,0.9451925493031595,False,False
27300,LC10a,R,0,2,2,,,1,1,2,1,acetylcholine,0.9675914385546063,False,False
17349,SIP108m,R,0,1,1,,,2,2,2,1,acetylcholine,0.9490399579507988,False,False
71817,LLPC3,L,0,2,2,,,1,1,2,1,acetylcholine,0.9539138362342766,False,False
946687790,UNKNOWN,UNKNOWN,0,1,1,,,2,2,2,1,unclear,0.9747326673375373,False,False
64331,LC18,R,1,0,1,,,2,1,2,1,acetylcholine,0.9693940782344238,False,False
64232,LC13,L,1,1,2,,,1,1,2,1,acetylcholine,0.9251007077537472,False,False
50961,TmY17,R,0,2,2,,,1,1,2,1,acetylcholine,0.9712393858595263,False,False
532451,LPC1,L,0,1,1,,,2,1,2,1,acetylcholine,0.9680314453499983,False,False
23731,LOLP1,R,1,1,2,,,1,1,2,1,gaba,0.8947331197777917,False,False
514868,LLPC1,L,0,1,1,,,2,1,2,1,acetylcholine,0.9611734330456146,False,False
51026,Li14,R,1,1,2,,,1,1,2,1,glutamate,0.7853754710875654,False,False
17656,MeLo10,R,1,0,1,,,2,1,2,1,glutamate,0.7278233298566613,False,False
841700462,UNKNOWN,UNKNOWN,0,1,1,,,2,1,2,1,unclear,0.9747326673375373,False,False
31490,LPC1,L,0,1,1,,,2,1,2,1,acetylcholine,0.9708461744704706,False,False
953719464,UNKNOWN,UNKNOWN,0,2,2,,,1,1,2,1,unclear,0.9747326673375373,False,False
153051,TmY18,L,1,0,1,,,2,1,2,1,acetylcholine,0.9237071277653025,False,False
701091843,UNKNOWN,UNKNOWN,0,2,2,,,1,1,2,1,unclear,0.9747326673375373,False,False
17687,LLPC1,L,1,0,1,,,2,1,2,1,acetylcholine,0.9747326673375373,False,False
67405,LLPC3,R,0,2,2,,,1,1,2,1,acetylcholine,0.9683241340549232,False,False
725601743,UNKNOWN,UNKNOWN,0,2,2,,,1,1,2,1,unclear,0.9747326673375373,False,False
943288777,UNKNOWN,UNKNOWN,0,2,2,,,1,1,2,1,unclear,0.9747326673375373,False,False
32427,Li25,L,1,1,2,,,1,1,2,1,gaba,0.8775326535325885,False,False
27088,MeLo10,R,0,2,2,,,1,1,2,1,glutamate,0.6774938147447706,False,False
536516,Tm3,L,1,0,1,,,2,1,2,1,acetylcholine,0.9693344607364642,False,False
521528287,UNKNOWN,UNKNOWN,0,1,1,,,1,1,1,1,unclear,0.9747326673375373,False,False
825733507,UNKNOWN,UNKNOWN,1,0,1,,,1,1,1,1,unclear,0.9747326673375373,False,False
1023200729,UNKNOWN,UNKNOWN,1,0,1,,,1,1,1,1,unclear,0.9747326673375373,False,False
889413126,UNKNOWN,UNKNOWN,0,1,1,,,1,1,1,1,unclear,0.9747326673375373,False,False
514992971,UNKNOWN,UNKNOWN,0,1,1,,,1,1,1,1,unclear,0.9747326673375373,False,False
519546228,UNKNOWN,UNKNOWN,1,0,1,,,1,1,1,1,unclear,0.9747326673375373,False,False
710874399,UNKNOWN,UNKNOWN,1,0,1,,,1,1,1,1,unclear,0.9747326673375373,False,False
710389537,UNKNOWN,UNKNOWN,1,0,1,,,1,1,1,1,unclear,0.9747326673375373,False,False
455492490,UNKNOWN,UNKNOWN,1,0,1,,,1,1,1,1,unclear,0.9747326673375373,False,False
711461916,UNKNOWN,UNKNOWN,1,0,1,,,1,1,1,1,unclear,0.9747326673375373,False,False
954941196,UNKNOWN,UNKNOWN,1,0,1,,,1,1,1,1,unclear,0.9747326673375373,False,False
1027399608,UNKNOWN,UNKNOWN,0,1,1,,,1,1,1,1,unclear,0.9747326673375373,False,False
739225092,UNKNOWN,UNKNOWN,1,0,1,,,1,1,1,1,unclear,0.9747326673375373,False,False
483750198,UNKNOWN,UNKNOWN,0,1,1,,,1,1,1,1,unclear,0.9747326673375373,False,False
864133350,UNKNOWN,UNKNOWN,1,0,1,,,1,1,1,1,unclear,0.9747326673375373,False,False
877536742,UNKNOWN,UNKNOWN,1,0,1,,,1,1,1,1,unclear,0.9747326673375373,False,False
475353181,UNKNOWN,UNKNOWN,0,1,1,,,1,1,1,1,unclear,0.9747326673375373,False,False
1035990401,UNKNOWN,UNKNOWN,0,1,1,,,1,1,1,1,unclear,0.9747326673375373,False,False
734122768,UNKNOWN,UNKNOWN,0,1,1,,,1,1,1,1,unclear,0.9747326673375373,False,False
471761304,UNKNOWN,UNKNOWN,0,1,1,,,1,1,1,1,unclear,0.9747326673375373,False,False
469551153,UNKNOWN,UNKNOWN,1,0,1,,,1,1,1,1,unclear,0.9747326673375373,False,False
1036556698,UNKNOWN,UNKNOWN,1,0,1,,,1,1,1,1,unclear,0.9747326673375373,False,False
466515873,UNKNOWN,UNKNOWN,1,0,1,,,1,1,1,1,unclear,0.9747326673375373,False,False
725606286,UNKNOWN,UNKNOWN,0,1,1,,,1,1,1,1,unclear,0.9747326673375373,False,False
813933686,UNKNOWN,UNKNOWN,0,1,1,,,1,1,1,1,unclear,0.9747326673375373,False,False
461859476,UNKNOWN,UNKNOWN,0,1,1,,,1,1,1,1,unclear,0.9747326673375373,False,False
868869777,UNKNOWN,UNKNOWN,1,0,1,,,1,1,1,1,unclear,0.884396610338137,False,False
459494584,UNKNOWN,UNKNOWN,0,1,1,,,1,1,1,1,unclear,0.9747326673375373,False,False
458843153,UNKNOWN,UNKNOWN,0,1,1,,,1,1,1,1,unclear,0.9747326673375373,False,False
876056745,UNKNOWN,UNKNOWN,0,1,1,,,1,1,1,1,unclear,0.9747326673375373,False,False
457699086,UNKNOWN,UNKNOWN,0,1,1,,,1,1,1,1,unclear,0.9747326673375373,False,False
726780006,UNKNOWN,UNKNOWN,0,1,1,,,1,1,1,1,unclear,0.9747326673375373,False,False
733275749,UNKNOWN,UNKNOWN,0,1,1,,,1,1,1,1,unclear,0.9747326673375373,False,False
728068691,UNKNOWN,UNKNOWN,0,1,1,,,1,1,1,1,unclear,0.8625,False,False
455829379,UNKNOWN,UNKNOWN,1,0,1,,,1,1,1,1,unclear,0.9747326673375373,False,False
1037263015,UNKNOWN,UNKNOWN,0,1,1,,,1,1,1,1,unclear,0.9747326673375373,False,False
722447443,UNKNOWN,UNKNOWN,1,0,1,,,1,1,1,1,unclear,0.9747326673375373,False,False
861508144,UNKNOWN,UNKNOWN,1,0,1,,,1,1,1,1,unclear,0.884396610338137,False,False
814369326,UNKNOWN,UNKNOWN,1,0,1,,,1,1,1,1,unclear,0.9747326673375373,False,False
883512470,UNKNOWN,UNKNOWN,0,1,1,,,1,1,1,1,unclear,0.9747326673375373,False,False
738808445,UNKNOWN,UNKNOWN,1,0,1,,,1,1,1,1,unclear,0.9747326673375373,False,False
1027575203,UNKNOWN,UNKNOWN,0,1,1,,,1,1,1,1,unclear,0.9747326673375373,False,False
716274975,UNKNOWN,UNKNOWN,0,1,1,,,1,1,1,1,unclear,0.9747326673375373,False,False
510999816,UNKNOWN,UNKNOWN,0,1,1,,,1,1,1,1,unclear,0.9747326673375373,False,False
716511941,UNKNOWN,UNKNOWN,1,0,1,,,1,1,1,1,unclear,0.9747326673375373,False,False
510528534,UNKNOWN,UNKNOWN,1,0,1,,,1,1,1,1,unclear,0.9109141500795648,False,False
823733259,UNKNOWN,UNKNOWN,0,1,1,,,1,1,1,1,unclear,0.9747326673375373,False,False
507975125,UNKNOWN,UNKNOWN,0,1,1,,,1,1,1,1,unclear,0.9747326673375373,False,False
801960422,UNKNOWN,UNKNOWN,1,0,1,,,1,1,1,1,unclear,0.9747326673375373,False,False
505633971,UNKNOWN,UNKNOWN,1,0,1,,,1,1,1,1,unclear,0.9747326673375373,False,False
501004651,UNKNOWN,UNKNOWN,0,1,1,,,1,1,1,1,unclear,0.9747326673375373,False,False
1035340809,UNKNOWN,UNKNOWN,0,1,1,,,1,1,1,1,unclear,0.9747326673375373,False,False
818996682,UNKNOWN,UNKNOWN,0,1,1,,,1,1,1,1,unclear,0.9747326673375373,False,False
803844440,UNKNOWN,UNKNOWN,1,0,1,,,1,1,1,1,unclear,0.9747326673375373,False,False
735111485,UNKNOWN,UNKNOWN,0,1,1,,,1,1,1,1,unclear,0.9747326673375373,False,False
890766072,UNKNOWN,UNKNOWN,1,0,1,,,1,1,1,1,unclear,0.9747326673375373,False,False
495926570,UNKNOWN,UNKNOWN,0,1,1,,,1,1,1,1,unclear,0.9747326673375373,False,False
718236128,UNKNOWN,UNKNOWN,1,0,1,,,1,1,1,1,unclear,0.9747326673375373,False,False
1030111551,UNKNOWN,UNKNOWN,1,0,1,,,1,1,1,1,unclear,0.9747326673375373,False,False
1034607373,UNKNOWN,UNKNOWN,1,0,1,,,1,1,1,1,unclear,0.9747326673375373,False,False
878892012,UNKNOWN,UNKNOWN,0,1,1,,,1,1,1,1,unclear,0.9747326673375373,False,False
718727538,UNKNOWN,UNKNOWN,1,0,1,,,1,1,1,1,unclear,0.9109141500795648,False,False
1020201819,UNKNOWN,UNKNOWN,0,1,1,,,1,1,1,1,unclear,0.9747326673375373,False,False
567434825,UNKNOWN,UNKNOWN,1,0,1,,,1,1,1,1,unclear,0.9747326673375373,False,False
522308442,UNKNOWN,UNKNOWN,1,0,1,,,1,1,1,1,unclear,0.9109141500795648,False,False
830698361,UNKNOWN,UNKNOWN,0,1,1,,,1,1,1,1,unclear,0.9747326673375373,False,False
841489703,UNKNOWN,UNKNOWN,0,1,1,,,1,1,1,1,unclear,0.9747326673375373,False,False
776490761,UNKNOWN,UNKNOWN,0,1,1,,,1,1,1,1,unclear,0.9747326673375373,False,False
945750116,UNKNOWN,UNKNOWN,0,1,1,,,1,1,1,1,unclear,0.9747326673375373,False,False
975298843,UNKNOWN,UNKNOWN,0,1,1,,,1,1,1,1,unclear,0.9747326673375373,False,False
605687987,UNKNOWN,UNKNOWN,0,1,1,,,1,1,1,1,unclear,0.9747326673375373,False,False
603178470,UNKNOWN,UNKNOWN,0,1,1,,,1,1,1,1,unclear,0.9747326673375373,False,False
657552144,UNKNOWN,UNKNOWN,0,1,1,,,1,1,1,1,unclear,0.9747326673375373,False,False
842818339,UNKNOWN,UNKNOWN,1,0,1,,,1,1,1,1,unclear,0.9747326673375373,False,False
660651856,UNKNOWN,UNKNOWN,0,1,1,,,1,1,1,1,unclear,0.9747326673375373,False,False
601593429,UNKNOWN,UNKNOWN,1,0,1,,,1,1,1,1,unclear,0.9747326673375373,False,False
665336839,UNKNOWN,UNKNOWN,1,0,1,,,1,1,1,1,unclear,0.9747326673375373,False,False
601470752,UNKNOWN,UNKNOWN,1,0,1,,,1,1,1,1,unclear,0.9747326673375373,False,False
942552213,UNKNOWN,UNKNOWN,1,0,1,,,1,1,1,1,unclear,0.9747326673375373,False,False
666734634,UNKNOWN,UNKNOWN,0,1,1,,,1,1,1,1,unclear,0.9747326673375373,False,False
600387480,UNKNOWN,UNKNOWN,0,1,1,,,1,1,1,1,unclear,0.9747326673375373,False,False
945950113,UNKNOWN,UNKNOWN,0,1,1,,,1,1,1,1,unclear,0.9747326673375373,False,False
748663522,UNKNOWN,UNKNOWN,1,0,1,,,1,1,1,1,unclear,0.9747326673375373,False,False
941308552,UNKNOWN,UNKNOWN,1,0,1,,,1,1,1,1,unclear,0.9747326673375373,False,False
978759431,UNKNOWN,UNKNOWN,1,0,1,,,1,1,1,1,unclear,0.9747326673375373,False,False
844502400,UNKNOWN,UNKNOWN,0,1,1,,,1,1,1,1,unclear,0.9747326673375373,False,False
594236854,UNKNOWN,UNKNOWN,1,0,1,,,1,1,1,1,unclear,0.915414878397711,False,False
981826217,UNKNOWN,UNKNOWN,1,0,1,,,1,1,1,1,unclear,0.9747326673375373,False,False
593321690,UNKNOWN,UNKNOWN,0,1,1,,,1,1,1,1,unclear,0.9747326673375373,False,False
593235765,UNKNOWN,UNKNOWN,0,1,1,,,1,1,1,1,unclear,0.9747326673375373,False,False
981992286,UNKNOWN,UNKNOWN,1,0,1,,,1,1,1,1,unclear,0.9753679521334673,False,False
940456540,UNKNOWN,UNKNOWN,0,1,1,,,1,1,1,1,unclear,0.9747326673375373,False,False
939351948,UNKNOWN,UNKNOWN,1,0,1,,,1,1,1,1,unclear,0.9747326673375373,False,False
939062140,UNKNOWN,UNKNOWN,1,0,1,,,1,1,1,1,unclear,0.9747326673375373,False,False
830503648,UNKNOWN,UNKNOWN,0,1,1,,,1,1,1,1,unclear,0.9747326673375373,False,False
782197663,UNKNOWN,UNKNOWN,0,1,1,,,1,1,1,1,unclear,0.9747326673375373,False,False
972311723,UNKNOWN,UNKNOWN,1,0,1,,,1,1,1,1,unclear,0.9747326673375373,False,False
971346359,UNKNOWN,UNKNOWN,0,1,1,,,1,1,1,1,unclear,0.9747326673375373,False,False
704582662,UNKNOWN,UNKNOWN,1,0,1,,,1,1,1,1,unclear,0.9747326673375373,False,False
623608317,UNKNOWN,UNKNOWN,1,0,1,,,1,1,1,1,unclear,0.9747326673375373,False,False
955301997,UNKNOWN,UNKNOWN,1,0,1,,,1,1,1,1,unclear,0.9747326673375373,False,False
763978593,UNKNOWN,UNKNOWN,0,1,1,,,1,1,1,1,unclear,0.9747326673375373,False,False
631217965,UNKNOWN,UNKNOWN,0,1,1,,,1,1,1,1,unclear,0.9747326673375373,False,False
638840083,UNKNOWN,UNKNOWN,1,0,1,,,1,1,1,1,unclear,0.9747326673375373,False,False
639968713,UNKNOWN,UNKNOWN,1,0,1,,,1,1,1,1,unclear,0.9747326673375373,False,False
10303,aMe17e,R,0,1,1,,,1,1,1,1,glutamate,0.7748805301034998,False,False
957478211,UNKNOWN,UNKNOWN,1,0,1,,,1,1,1,1,unclear,0.9747326673375373,False,False
629109583,UNKNOWN,UNKNOWN,0,1,1,,,1,1,1,1,unclear,0.9747326673375373,False,False
958672471,UNKNOWN,UNKNOWN,0,1,1,,,1,1,1,1,unclear,0.9747326673375373,False,False
838789738,UNKNOWN,UNKNOWN,0,1,1,,,1,1,1,1,unclear,0.9747326673375373,False,False
836888233,UNKNOWN,UNKNOWN,1,0,1,,,1,1,1,1,unclear,0.9747326673375373,False,False
11684,MeVPLp2,R,0,1,1,,,1,1,1,1,glutamate,0.782316335379059,False,False
959760003,UNKNOWN,UNKNOWN,1,0,1,,,1,1,1,1,unclear,0.9747326673375373,False,False
643273804,UNKNOWN,UNKNOWN,1,0,1,,,1,1,1,1,unclear,0.9747326673375373,False,False
768120413,UNKNOWN,UNKNOWN,0,1,1,,,1,1,1,1,unclear,0.9747326673375373,False,False
759029714,UNKNOWN,UNKNOWN,0,1,1,,,1,1,1,1,unclear,0.9747326673375373,False,False
960835783,UNKNOWN,UNKNOWN,0,1,1,,,1,1,1,1,unclear,0.9747326673375373,False,False
833660072,UNKNOWN,UNKNOWN,1,0,1,,,1,1,1,1,unclear,0.9747326673375373,False,False
644210472,UNKNOWN,UNKNOWN,0,1,1,,,1,1,1,1,unclear,0.9747326673375373,False,False
648484964,UNKNOWN,UNKNOWN,1,0,1,,,1,1,1,1,unclear,0.8625,False,False
840941811,UNKNOWN,UNKNOWN,0,1,1,,,1,1,1,1,unclear,0.9747326673375373,False,False
771753286,UNKNOWN,UNKNOWN,0,1,1,,,1,1,1,1,unclear,0.9747326673375373,False,False
964596426,UNKNOWN,UNKNOWN,1,0,1,,,1,1,1,1,unclear,0.6521698254459606,False,False
965823022,UNKNOWN,UNKNOWN,1,0,1,,,1,1,1,1,unclear,0.9747326673375373,False,False
759059651,UNKNOWN,UNKNOWN,0,1,1,,,1,1,1,1,unclear,0.9747326673375373,False,False
617243731,UNKNOWN,UNKNOWN,0,1,1,,,1,1,1,1,unclear,0.9747326673375373,False,False
10312,MeVPMe2,R,0,1,1,,,1,1,1,1,glutamate,0.827612920410139,False,False
617227928,UNKNOWN,UNKNOWN,1,0,1,,,1,1,1,1,unclear,0.9747326673375373,False,False
970149262,UNKNOWN,UNKNOWN,0,1,1,,,1,1,1,1,unclear,0.9747326673375373,False,False
655488173,UNKNOWN,UNKNOWN,0,1,1,,,1,1,1,1,unclear,0.9747326673375373,False,False
783194166,UNKNOWN,UNKNOWN,1,0,1,,,1,1,1,1,unclear,0.9747326673375373,False,False
783587028,UNKNOWN,UNKNOWN,1,0,1,,,1,1,1,1,unclear,0.9747326673375373,False,False
670690830,UNKNOWN,UNKNOWN,0,1,1,,,1,1,1,1,unclear,0.9747326673375373,False,False
694557048,UNKNOWN,UNKNOWN,1,0,1,,,1,1,1,1,unclear,0.9747326673375373,False,False
742547543,UNKNOWN,UNKNOWN,0,1,1,,,1,1,1,1,unclear,0.9747326673375373,False,False
1003357111,UNKNOWN,UNKNOWN,0,1,1,,,1,1,1,1,unclear,0.9747326673375373,False,False
910847065,UNKNOWN,UNKNOWN,1,0,1,,,1,1,1,1,unclear,0.9747326673375373,False,False
909800346,UNKNOWN,UNKNOWN,1,0,1,,,1,1,1,1,unclear,0.8625,False,False
848117591,UNKNOWN,UNKNOWN,0,1,1,,,1,1,1,1,unclear,0.9747326673375373,False,False
1009380543,UNKNOWN,UNKNOWN,1,0,1,,,1,1,1,1,unclear,0.9747326673375373,False,False
795328810,UNKNOWN,UNKNOWN,0,1,1,,,1,1,1,1,unclear,0.884396610338137,False,False
561688515,UNKNOWN,UNKNOWN,0,1,1,,,1,1,1,1,unclear,0.9747326673375373,False,False
848491612,UNKNOWN,UNKNOWN,1,0,1,,,1,1,1,1,unclear,0.9747326673375373,False,False
550938427,UNKNOWN,UNKNOWN,0,1,1,,,1,1,1,1,unclear,0.9747326673375373,False,False
550529972,UNKNOWN,UNKNOWN,1,0,1,,,1,1,1,1,unclear,0.9747326673375373,False,False
1009551723,UNKNOWN,UNKNOWN,0,1,1,,,1,1,1,1,unclear,0.9747326673375373,False,False
905953600,UNKNOWN,UNKNOWN,1,0,1,,,1,1,1,1,unclear,0.9747326673375373,False,False
851579921,UNKNOWN,UNKNOWN,1,0,1,,,1,1,1,1,unclear,0.9747326673375373,False,False
548877654,UNKNOWN,UNKNOWN,1,0,1,,,1,1,1,1,unclear,0.9747326673375373,False,False
936737864,UNKNOWN,UNKNOWN,0,1,1,,,1,1,1,1,unclear,0.9747326673375373,False,False
548287199,UNKNOWN,UNKNOWN,1,0,1,,,1,1,1,1,unclear,0.9747326673375373,False,False
545177515,UNKNOWN,UNKNOWN,0,1,1,,,1,1,1,1,unclear,0.9747326673375373,False,False
542158986,UNKNOWN,UNKNOWN,0,1,1,,,1,1,1,1,unclear,0.9747326673375373,False,False
1009826732,UNKNOWN,UNKNOWN,0,1,1,,,1,1,1,1,unclear,0.9747326673375373,False,False
697014532,UNKNOWN,UNKNOWN,0,1,1,,,1,1,1,1,unclear,0.9747326673375373,False,False
896607700,UNKNOWN,UNKNOWN,0,1,1,,,1,1,1,1,unclear,0.9747326673375373,False,False
529342356,UNKNOWN,UNKNOWN,0,1,1,,,1,1,1,1,unclear,0.9747326673375373,False,False
702469904,UNKNOWN,UNKNOWN,0,1,1,,,1,1,1,1,unclear,0.9747326673375373,False,False
893032705,UNKNOWN,UNKNOWN,0,1,1,,,1,1,1,1,unclear,0.9747326673375373,False,False
525351837,UNKNOWN,UNKNOWN,0,1,1,,,1,1,1,1,unclear,0.9747326673375373,False,False
892935233,UNKNOWN,UNKNOWN,1,0,1,,,1,1,1,1,unclear,0.9219732704402516,False,False
1015579276,UNKNOWN,UNKNOWN,1,0,1,,,1,1,1,1,unclear,0.9747326673375373,False,False
854962471,UNKNOWN,UNKNOWN,1,0,1,,,1,1,1,1,unclear,0.9747326673375373,False,False
522542704,UNKNOWN,UNKNOWN,0,1,1,,,1,1,1,1,unclear,0.9747326673375373,False,False
568775325,UNKNOWN,UNKNOWN,0,1,1,,,1,1,1,1,unclear,0.9109141500795648,False,False
687225966,UNKNOWN,UNKNOWN,0,1,1,,,1,1,1,1,unclear,0.9747326673375373,False,False
685864041,UNKNOWN,UNKNOWN,0,1,1,,,1,1,1,1,unclear,0.9747326673375373,False,False
684007666,UNKNOWN,UNKNOWN,0,1,1,,,1,1,1,1,unclear,0.9747326673375373,False,False
587605350,UNKNOWN,UNKNOWN,1,0,1,,,1,1,1,1,unclear,0.9747326673375373,False,False
984919697,UNKNOWN,UNKNOWN,0,1,1,,,1,1,1,1,unclear,0.9747326673375373,False,False
934681148,UNKNOWN,UNKNOWN,0,1,1,,,1,1,1,1,unclear,0.9747326673375373,False,False
746550686,UNKNOWN,UNKNOWN,0,1,1,,,1,1,1,1,unclear,0.9747326673375373,False,False
674486150,UNKNOWN,UNKNOWN,1,0,1,,,1,1,1,1,unclear,0.9747326673375373,False,False
934401339,UNKNOWN,UNKNOWN,1,0,1,,,1,1,1,1,unclear,0.9747326673375373,False,False
991065140,UNKNOWN,UNKNOWN,1,0,1,,,1,1,1,1,unclear,0.9747326673375373,False,False
676993237,UNKNOWN,UNKNOWN,1,0,1,,,1,1,1,1,unclear,0.9747326673375373,False,False
789106460,UNKNOWN,UNKNOWN,1,0,1,,,1,1,1,1,unclear,0.884396610338137,False,False
846644716,UNKNOWN,UNKNOWN,0,1,1,,,1,1,1,1,unclear,0.9747326673375373,False,False
995004317,UNKNOWN,UNKNOWN,0,1,1,,,1,1,1,1,unclear,0.9747326673375373,False,False
582736489,UNKNOWN,UNKNOWN,1,0,1,,,1,1,1,1,unclear,0.9747326673375373,False,False
922713227,UNKNOWN,UNKNOWN,0,1,1,,,1,1,1,1,unclear,0.9747326673375373,False,False
997052212,UNKNOWN,UNKNOWN,0,1,1,,,1,1,1,1,unclear,0.9747326673375373,False,False
828520758,UNKNOWN,UNKNOWN,0,1,1,,,1,1,1,1,unclear,0.9747326673375373,False,False
582631035,UNKNOWN,UNKNOWN,1,0,1,,,1,1,1,1,unclear,0.9747326673375373,False,False
581040145,UNKNOWN,UNKNOWN,1,0,1,,,1,1,1,1,unclear,0.9747326673375373,False,False
922514669,UNKNOWN,UNKNOWN,1,0,1,,,1,1,1,1,unclear,0.9109141500795648,False,False
920175414,UNKNOWN,UNKNOWN,1,0,1,,,1,1,1,1,unclear,0.9747326673375373,False,False
918424746,UNKNOWN,UNKNOWN,0,1,1,,,1,1,1,1,unclear,0.9747326673375373,False,False
578914864,UNKNOWN,UNKNOWN,1,0,1,,,1,1,1,1,unclear,0.9747326673375373,False,False
998572021,UNKNOWN,UNKNOWN,0,1,1,,,1,1,1,1,unclear,0.9747326673375373,False,False
916649620,UNKNOWN,UNKNOWN,0,1,1,,,1,1,1,1,unclear,0.9747326673375373,False,False
576515848,UNKNOWN,UNKNOWN,0,1,1,,,1,1,1,1,unclear,0.9109141500795648,False,False
792969991,UNKNOWN,UNKNOWN,0,1,1,,,1,1,1,1,unclear,0.9747326673375373,False,False
10415,LT36,L,1,0,1,,,1,1,1,1,gaba,0.876940471640874,False,False
915158918,UNKNOWN,UNKNOWN,0,1,1,,,1,1,1,1,unclear,0.9747326673375373,False,False
681562371,UNKNOWN,UNKNOWN,1,0,1,,,1,1,1,1,unclear,0.9747326673375373,False,False
912600079,UNKNOWN,UNKNOWN,1,0,1,,,1,1,1,1,unclear,0.4898699114520403,False,False
455595254,UNKNOWN,UNKNOWN,0,1,1,,,1,1,1,1,unclear,0.9747326673375373,False,False
38837,LoVP24,L,0,1,1,,,1,1,1,1,acetylcholine,0.9561209632774365,False,False
455346113,UNKNOWN,UNKNOWN,0,1,1,,,1,1,1,1,unclear,0.9747326673375373,False,False
67197,TmY18,L,0,1,1,,,1,1,1,1,acetylcholine,0.9747326673375373,False,False
67580,T2,R,1,0,1,,,1,1,1,1,acetylcholine,0.9747326673375373,False,False
68175,MeLo9,L,0,1,1,,,1,1,1,1,glutamate,0.8099077160816018,False,False
30871,Y3,L,0,1,1,,,1,1,1,1,acetylcholine,0.9650624580298556,False,False
68293,T2,R,1,0,1,,,1,1,1,1,acetylcholine,0.9747326673375373,False,False
69424,TmY18,L,0,1,1,,,1,1,1,1,acetylcholine,0.9747326673375373,False,False
70554,CB4168,R,0,1,1,,,1,1,1,1,gaba,0.798646412609026,False,False
70704,Tm4,R,1,0,1,,,1,1,1,1,acetylcholine,0.9747326673375373,False,False
30496,LT52,R,0,1,1,,,1,1,1,1,glutamate,0.7851182128483782,False,False
30479,MeLo11,R,1,0,1,,,1,1,1,1,glutamate,0.6819069016947653,False,False
72773,Tm5Y,L,0,1,1,,,1,1,1,1,acetylcholine,0.9747326673375373,False,False
72822,LoVP1,R,1,0,1,,,1,1,1,1,glutamate,0.8177935903142188,False,False
72850,T4b,L,0,1,1,,,1,1,1,1,acetylcholine,0.9747326673375373,False,False
73178,LLPC2,L,1,0,1,,,1,1,1,1,acetylcholine,0.9678898702375857,False,False
73582,LC10b,R,0,1,1,,,1,1,1,1,acetylcholine,0.9747326673375374,False,False
74164,Tm4,R,0,1,1,,,1,1,1,1,acetylcholine,0.9679876536009387,False,False
74205,LC18,R,1,0,1,,,1,1,1,1,acetylcholine,0.9650188899992688,False,False
74707,TmY5a,L,1,0,1,,,1,1,1,1,glutamate,0.7838871714875185,False,False
30192,Li25,R,1,0,1,,,1,1,1,1,gaba,0.8679896082109357,False,False
75418,T2a,R,1,0,1,,,1,1,1,1,acetylcholine,0.9747326673375373,False,False
75434,LPi3c,R,0,1,1,,,1,1,1,1,glutamate,0.7174325467239349,False,False
30142,LC17,R,0,1,1,,,1,1,1,1,acetylcholine,0.9035445396095385,False,False
30058,MeLo9,L,1,0,1,,,1,1,1,1,glutamate,0.7557997733247219,False,False
76744,LC20b,R,0,1,1,,,1,1,1,1,glutamate,0.8047445603572752,False,False
76991,Tm4,R,0,1,1,,,1,1,1,1,acetylcholine,0.9691486258618669,False,False
77063,Li34b,R,0,1,1,,,1,1,1,1,gaba,0.8074080639637391,False,False
77497,Tm5c,L,0,1,1,,,1,1,1,1,glutamate,0.7969444310933435,False,False
77655,Li14,L,1,0,1,,,1,1,1,1,glutamate,0.8076167762525697,False,False
77996,Tm5c,R,0,1,1,,,1,1,1,1,glutamate,0.8032641299983466,False,False
29845,Tlp14,R,1,0,1,,,1,1,1,1,glutamate,0.7888528411825967,False,False
67367,LLPC1,R,0,1,1,,,1,1,1,1,acetylcholine,0.9248105316175268,False,False
67010,LPC1,R,0,1,1,,,1,1,1,1,acetylcholine,0.9362440623831205,False,False
79207,Tm5Y,R,1,0,1,,,1,1,1,1,acetylcholine,0.9679404856727107,False,False
66432,TmY17,R,0,1,1,,,1,1,1,1,acetylcholine,0.9709391819825097,False,False
58942,Tm16,R,0,1,1,,,1,1,1,1,acetylcholine,0.9747326673375373,False,False
58974,LC18,R,1,0,1,,,1,1,1,1,acetylcholine,0.9474865453869963,False,False
32493,LC10a,L,1,0,1,,,1,1,1,1,acetylcholine,0.9513704232471567,False,False
59277,TmY3,R,0,1,1,,,1,1,1,1,acetylcholine,0.9457111669018564,False,False
59294,TmY20,R,0,1,1,,,1,1,1,1,acetylcholine,0.9747326673375373,False,False
32424,Y11,R,0,1,1,,,1,1,1,1,glutamate,0.7830288943445914,False,False
32349,LC13,R,1,0,1,,,1,1,1,1,acetylcholine,0.8960974047319625,False,False
60037,TmY20,R,0,1,1,,,1,1,1,1,acetylcholine,0.9627415318058066,False,False
60088,LC13,R,0,1,1,,,1,1,1,1,acetylcholine,0.9271705213174104,False,False
32205,LPi3b,L,0,1,1,,,1,1,1,1,glutamate,0.823584649899144,False,False
32204,MeLo2,L,0,1,1,,,1,1,1,1,acetylcholine,0.9670829556721243,False,False
60279,Tm5c,R,0,1,1,,,1,1,1,1,glutamate,0.7295388396316388,False,False
60580,Tlp12,L,0,1,1,,,1,1,1,1,glutamate,0.8291143398869639,False,False
31907,T4d,L,0,1,1,,,1,1,1,1,acetylcholine,0.9659028311732628,False,False
61343,LC25,L,1,0,1,,,1,1,1,1,glutamate,0.8069270858539931,False,False
62033,TmY17,R,0,1,1,,,1,1,1,1,acetylcholine,0.9564743932682027,False,False
62068,TmY13,R,0,1,1,,,1,1,1,1,acetylcholine,0.9747326673375373,False,False
62104,Y14,R,1,0,1,,,1,1,1,1,glutamate,0.7916256063129055,False,False
62406,Y14,R,1,0,1,,,1,1,1,1,glutamate,0.7961326863949545,False,False
62572,Li23,R,1,0,1,,,1,1,1,1,acetylcholine,0.9747326673375373,False,False
63002,TmY5a,R,0,1,1,,,1,1,1,1,glutamate,0.7072095727176073,False,False
64125,T2,L,1,0,1,,,1,1,1,1,acetylcholine,0.9747326673375373,False,False
31481,LPT111,L,0,1,1,,,1,1,1,1,gaba,0.8741407171569047,False,False
31431,Li25,R,1,0,1,,,1,1,1,1,gaba,0.8752747658534591,False,False
65402,Y12,L,1,0,1,,,1,1,1,1,glutamate,0.8425185043918564,False,False
31333,MeLo12,R,1,0,1,,,1,1,1,1,glutamate,0.761813517660516,False,False
31170,Tm24,L,0,1,1,,,1,1,1,1,acetylcholine,0.9677949389227503,False,False
66305,Tm37,L,0,1,1,,,1,1,1,1,glutamate,0.7419390849754187,False,False
66345,T2a,R,1,0,1,,,1,1,1,1,acetylcholine,0.9546619605663985,False,False
79081,LT52,L,1,0,1,,,1,1,1,1,glutamate,0.7946377502925682,False,False
80091,Tm5Y,R,1,0,1,,,1,1,1,1,acetylcholine,0.9690526557698754,False,False
58247,Tm16,R,0,1,1,,,1,1,1,1,acetylcholine,0.9688321275468378,False,False
101178,LLPC2,L,1,0,1,,,1,1,1,1,acetylcholine,0.9503036401144902,False,False
103990,T4d,R,0,1,1,,,1,1,1,1,acetylcholine,0.9631883160069302,False,False
104986,TmY18,L,0,1,1,,,1,1,1,1,acetylcholine,0.9477526123911431,False,False
105574,T4d,R,0,1,1,,,1,1,1,1,acetylcholine,0.9747326673375374,False,False
107348,TmY5a,R,0,1,1,,,1,1,1,1,glutamate,0.8230056907474306,False,False
108543,T5a,R,0,1,1,,,1,1,1,1,acetylcholine,0.9747326673375373,False,False
109593,Tm3,R,1,0,1,,,1,1,1,1,acetylcholine,0.9747326673375373,False,False
110754,LLPC2,R,0,1,1,,,1,1,1,1,acetylcholine,0.9747326673375373,False,False
111122,LPC2,R,0,1,1,,,1,1,1,1,acetylcholine,0.9516354254183697,False,False
113744,T5d,R,0,1,1,,,1,1,1,1,acetylcholine,0.961952641310298,False,False
114025,T3,R,1,0,1,,,1,1,1,1,acetylcholine,0.9630737694378417,False,False
115514,TmY18,L,1,0,1,,,1,1,1,1,acetylcholine,0.9747326673375374,False,False
116021,LPC2,R,0,1,1,,,1,1,1,1,acetylcholine,0.9513208481679873,False,False
116079,LPC2,R,0,1,1,,,1,1,1,1,acetylcholine,0.9434782691717346,False,False
117112,LPi2e,L,0,1,1,,,1,1,1,1,glutamate,0.8787767421949253,False,False
117947,T2a,L,1,0,1,,,1,1,1,1,acetylcholine,0.9614520474488734,False,False
118870,LPC1,L,0,1,1,,,1,1,1,1,acetylcholine,0.9366678423630158,False,False
119250,Tm5c,L,0,1,1,,,1,1,1,1,glutamate,0.8200435224033507,False,False
28206,LC17,R,0,1,1,,,1,1,1,1,acetylcholine,0.9443490452748764,False,False
121345,Li22,R,0,1,1,,,1,1,1,1,glutamate,0.842138176705998,False,False
121992,T5d,R,0,1,1,,,1,1,1,1,acetylcholine,0.9747326673375373,False,False
122664,LPi2e,L,0,1,1,,,1,1,1,1,glutamate,0.8649372920482038,False,False
28180,TmY5a,L,0,1,1,,,1,1,1,1,glutamate,0.807858413217668,False,False
126406,T5d,R,0,1,1,,,1,1,1,1,acetylcholine,0.9618029938472574,False,False
28118,LLPC1,R,0,1,1,,,1,1,1,1,acetylcholine,0.9577435924126744,False,False
28081,Y3,R,0,1,1,,,1,1,1,1,acetylcholine,0.9639003330949097,False,False
129768,T5b,R,0,1,1,,,1,1,1,1,acetylcholine,0.9747326673375373,False,False
129890,T5c,R,0,1,1,,,1,1,1,1,acetylcholine,0.9747326673375372,False,False
27766,Y3,R,0,1,1,,,1,1,1,1,acetylcholine,0.9308034021422815,False,False
130355,LC21,L,0,1,1,,,1,1,1,1,acetylcholine,0.9433723910425229,False,False
102790,TmY18,L,0,1,1,,,1,1,1,1,acetylcholine,0.9747326673375372,False,False
100897,T4c,R,0,1,1,,,1,1,1,1,acetylcholine,0.9747326673375373,False,False
29595,Y11,R,0,1,1,,,1,1,1,1,glutamate,0.6303916738055364,False,False
100729,T4b,R,0,1,1,,,1,1,1,1,acetylcholine,0.9747326673375374,False,False
80335,Li14,L,1,0,1,,,1,1,1,1,glutamate,0.7642072217279872,False,False
80643,Tm4,R,0,1,1,,,1,1,1,1,acetylcholine,0.9620361708921753,False,False
80926,TmY20,L,0,1,1,,,1,1,1,1,acetylcholine,0.9672612675062281,False,False
82103,LC18,R,1,0,1,,,1,1,1,1,acetylcholine,0.9747326673375373,False,False
82522,LC16,L,0,1,1,,,1,1,1,1,acetylcholine,0.9304686121467296,False,False
29382,LoVP16,R,0,1,1,,,1,1,1,1,acetylcholine,0.9498538554717714,False,False
83335,T2a,R,1,0,1,,,1,1,1,1,acetylcholine,0.9465475646479821,False,False
84967,CB4101,L,1,0,1,,,1,1,1,1,acetylcholine,0.9550139101696643,False,False
85065,Tm20,R,1,0,1,,,1,1,1,1,acetylcholine,0.9510428629943619,False,False
87045,T2a,R,1,0,1,,,1,1,1,1,acetylcholine,0.9654279699752804,False,False
87631,Tm37,R,0,1,1,,,1,1,1,1,glutamate,0.8305122154734276,False,False
87848,T2a,R,1,0,1,,,1,1,1,1,acetylcholine,0.9553070277761334,False,False
29221,TmY15,R,0,1,1,,,1,1,1,1,gaba,0.8808942022794203,False,False
29195,LPT111,L,0,1,1,,,1,1,1,1,gaba,0.8678057250652951,False,False
89108,Tm5c,R,0,1,1,,,1,1,1,1,glutamate,0.8097781627119073,False,False
91887,Tm5Y,R,0,1,1,,,1,1,1,1,acetylcholine,0.9574068756612742,False,False
29112,LC36,R,1,0,1,,,1,1,1,1,acetylcholine,0.9204432741970945,False,False
92114,T4c,R,0,1,1,,,1,1,1,1,acetylcholine,0.9747326673375373,False,False
92161,LC18,L,1,0,1,,,1,1,1,1,acetylcholine,0.9607859225992599,False,False
94135,LC18,R,1,0,1,,,1,1,1,1,acetylcholine,0.9747326673375373,False,False
94958,LPi3a,L,0,1,1,,,1,1,1,1,glutamate,0.8516358704442034,False,False
95082,LC18,R,1,0,1,,,1,1,1,1,acetylcholine,0.9747326673375374,False,False
95340,TmY18,R,0,1,1,,,1,1,1,1,acetylcholine,0.9651121011178032,False,False
95628,Li27,R,1,0,1,,,1,1,1,1,gaba,0.8280312908509738,False,False
96303,LPC2,R,0,1,1,,,1,1,1,1,acetylcholine,0.9747326673375373,False,False
97192,Tm16,L,1,0,1,,,1,1,1,1,acetylcholine,0.92390977313619,False,False
28825,Tm26,L,1,0,1,,,1,1,1,1,acetylcholine,0.9747326673375373,False,False
28654,LC10a,R,1,0,1,,,1,1,1,1,acetylcholine,0.9638709697285521,False,False
99949,Tm6,R,0,1,1,,,1,1,1,1,acetylcholine,0.9267718221780994,False,False
32636,TmY15,L,0,1,1,,,1,1,1,1,gaba,0.894160930201317,False,False
58063,LC21,R,1,0,1,,,1,1,1,1,acetylcholine,0.9106449149491758,False,False
130965,T5c,L,0,1,1,,,1,1,1,1,acetylcholine,0.9602359213961911,False,False
43418,Tlp13,R,0,1,1,,,1,1,1,1,glutamate,0.8183355957928519,False,False
36821,LT52,R,0,1,1,,,1,1,1,1,glutamate,0.7757119626812115,False,False
43646,LPT114,L,0,1,1,,,1,1,1,1,gaba,0.8811966590914864,False,False
36699,LPC1,L,0,1,1,,,1,1,1,1,acetylcholine,0.9537644487545877,False,False
43861,LC16,R,0,1,1,,,1,1,1,1,acetylcholine,0.8957409037155432,False,False
36636,Li25,R,0,1,1,,,1,1,1,1,gaba,0.8716472715159623,False,False
44228,LPC1,R,0,1,1,,,1,1,1,1,acetylcholine,0.9444514145446611,False,False
44242,Tlp14,R,0,1,1,,,1,1,1,1,glutamate,0.8119271192877764,False,False
44371,TmY5a,R,0,1,1,,,1,1,1,1,glutamate,0.8010082481879859,False,False
36240,Tlp11,R,0,1,1,,,1,1,1,1,glutamate,0.7647611478941753,False,False
44565,Tm16,R,0,1,1,,,1,1,1,1,acetylcholine,0.9747326673375373,False,False
44943,Tlp12,L,0,1,1,,,1,1,1,1,glutamate,0.8461446355466291,False,False
45003,LLPC3,R,0,1,1,,,1,1,1,1,acetylcholine,0.9559520935915081,False,False
45047,Y3,L,0,1,1,,,1,1,1,1,acetylcholine,0.9702548922767394,False,False
45059,Tm24,R,0,1,1,,,1,1,1,1,acetylcholine,0.9645809893074592,False,False
45132,Li34a,R,0,1,1,,,1,1,1,1,gaba,0.8538887396148997,False,False
36154,LC13,L,0,1,1,,,1,1,1,1,acetylcholine,0.8915113044023274,False,False
36033,Y11,R,0,1,1,,,1,1,1,1,glutamate,0.8191825143555589,False,False
45327,Y11,L,0,1,1,,,1,1,1,1,glutamate,0.8360023223771856,False,False
45328,TmY21,L,0,1,1,,,1,1,1,1,acetylcholine,0.9396864103968604,False,False
45805,LC17,L,1,0,1,,,1,1,1,1,acetylcholine,0.9252198932434037,False,False
46035,Li25,L,0,1,1,,,1,1,1,1,gaba,0.8910614263574161,False,False
35802,LC13,L,0,1,1,,,1,1,1,1,acetylcholine,0.9003777255710778,False,False
46167,TmY21,L,0,1,1,,,1,1,1,1,acetylcholine,0.9707197241520537,False,False
46180,Li21,R,1,0,1,,,1,1,1,1,acetylcholine,0.9714072772149437,False,False
46314,TmY21,R,0,1,1,,,1,1,1,1,acetylcholine,0.9538835221359789,False,False
46544,LLPC3,R,0,1,1,,,1,1,1,1,acetylcholine,0.9677204316442422,False,False
35645,MeLo7,R,0,1,1,,,1,1,1,1,acetylcholine,0.9067929522122442,False,False
35636,MeLo12,R,1,0,1,,,1,1,1,1,glutamate,0.7941618880905076,False,False
46761,LC16,L,0,1,1,,,1,1,1,1,acetylcholine,0.9489851076148337,False,False
43466,Tm24,R,1,0,1,,,1,1,1,1,acetylcholine,0.9690535313674375,False,False
43320,Y3,R,0,1,1,,,1,1,1,1,acetylcholine,0.9701726580508228,False,False
47258,Y13,R,0,1,1,,,1,1,1,1,glutamate,0.8037793644143864,False,False
43277,Tlp12,R,0,1,1,,,1,1,1,1,glutamate,0.805708054798915,False,False
38871,Tlp14,R,0,1,1,,,1,1,1,1,glutamate,0.8229657386250795,False,False
39263,LC15,R,0,1,1,,,1,1,1,1,acetylcholine,0.9620040872153135,False,False
39289,LoVP75,R,0,1,1,,,1,1,1,1,acetylcholine,0.9043041185028737,False,False
38161,Y12,R,1,0,1,,,1,1,1,1,glutamate,0.8316055272376773,False,False
39913,LLPC2,L,0,1,1,,,1,1,1,1,acetylcholine,0.954376101389044,False,False
38018,Tm23,R,1,0,1,,,1,1,1,1,gaba,0.862524804780604,False,False
37870,LC15,R,0,1,1,,,1,1,1,1,acetylcholine,0.9649873632097428,False,False
40461,TmY17,R,0,1,1,,,1,1,1,1,acetylcholine,0.9673729735259338,False,False
40775,Tm16,L,0,1,1,,,1,1,1,1,acetylcholine,0.9702574035085647,False,False
40973,LC17,R,1,0,1,,,1,1,1,1,acetylcholine,0.9634796618873306,False,False
41192,Y12,R,0,1,1,,,1,1,1,1,glutamate,0.81552487672506,False,False
41347,Y3,R,0,1,1,,,1,1,1,1,acetylcholine,0.9647690509537585,False,False
41371,LC29,R,1,0,1,,,1,1,1,1,acetylcholine,0.8530257661904427,False,False
41456,LC15,R,0,1,1,,,1,1,1,1,acetylcholine,0.9710532432855421,False,False
37466,Y12,R,1,0,1,,,1,1,1,1,glutamate,0.8321241155698013,False,False
41699,Tm24,R,0,1,1,,,1,1,1,1,acetylcholine,0.9590191523747476,False,False
41702,Tlp12,L,0,1,1,,,1,1,1,1,glutamate,0.818648094027441,False,False
37443,Y11,L,1,0,1,,,1,1,1,1,glutamate,0.7848456218870438,False,False
37324,Li20,R,0,1,1,,,1,1,1,1,glutamate,0.7789502440534429,False,False
41902,LC16,R,1,0,1,,,1,1,1,1,acetylcholine,0.9352543743615476,False,False
37236,Tm26,L,0,1,1,,,1,1,1,1,acetylcholine,0.9596544147228638,False,False
42087,Y3,R,0,1,1,,,1,1,1,1,acetylcholine,0.9747326673375373,False,False
42201,Tm16,R,0,1,1,,,1,1,1,1,acetylcholine,0.9597296069225292,False,False
37209,Y11,R,0,1,1,,,1,1,1,1,glutamate,0.8154633777691439,False,False
37183,Li25,L,1,0,1,,,1,1,1,1,gaba,0.8946709480355687,False,False
37170,MeLo2,R,0,1,1,,,1,1,1,1,acetylcholine,0.9570100496409732,False,False
42528,Y3,L,0,1,1,,,1,1,1,1,acetylcholine,0.9704141020566788,False,False
42814,Y3,R,0,1,1,,,1,1,1,1,acetylcholine,0.9701511485730553,False,False
43218,LLPC2,L,1,0,1,,,1,1,1,1,acetylcholine,0.9747326673375373,False,False
47084,Tm26,R,0,1,1,,,1,1,1,1,acetylcholine,0.773687682035093,False,False
47379,Y14,R,1,0,1,,,1,1,1,1,glutamate,0.8435126189325345,False,False
57805,LLPC3,R,0,1,1,,,1,1,1,1,acetylcholine,0.9628350492857496,False,False
34059,Tm23,R,0,1,1,,,1,1,1,1,gaba,0.8382213055730886,False,False
34020,TmY4,L,0,1,1,,,1,1,1,1,acetylcholine,0.9652567456002671,False,False
33861,LoVP14,R,0,1,1,,,1,1,1,1,acetylcholine,0.9507532074229791,False,False
52850,LLPC2,R,0,1,1,,,1,1,1,1,acetylcholine,0.959093056511397,False,False
33771,Li15,R,1,0,1,,,1,1,1,1,gaba,0.8719018017862339,False,False
53037,TmY5a,R,0,1,1,,,1,1,1,1,glutamate,0.7047432528741855,False,False
53314,TmY13,R,0,1,1,,,1,1,1,1,acetylcholine,0.9537669037092386,False,False
53345,LLPC2,R,0,1,1,,,1,1,1,1,acetylcholine,0.9376287587793946,False,False
53369,Tm24,R,1,0,1,,,1,1,1,1,acetylcholine,0.9354269055136776,False,False
53550,LC16,L,0,1,1,,,1,1,1,1,acetylcholine,0.9134291215088722,False,False
53589,Y14,R,1,0,1,,,1,1,1,1,glutamate,0.8267622659300751,False,False
33701,MeLo2,R,0,1,1,,,1,1,1,1,acetylcholine,0.9638781468556192,False,False
53894,LC28,R,0,1,1,,,1,1,1,1,acetylcholine,0.9561232726130233,False,False
54064,MeLo2,L,0,1,1,,,1,1,1,1,acetylcholine,0.9747326673375373,False,False
33650,LC17,R,1,0,1,,,1,1,1,1,acetylcholine,0.9396794893495821,False,False
33388,Li13,R,0,1,1,,,1,1,1,1,gaba,0.8884627584456724,False,False
33312,TmY17,L,0,1,1,,,1,1,1,1,acetylcholine,0.9515407685915713,False,False
54425,TmY4,R,0,1,1,,,1,1,1,1,acetylcholine,0.9685439844281954,False,False
33250,TmY3,L,1,0,1,,,1,1,1,1,acetylcholine,0.9677421839692414,False,False
55023,TmY3,R,1,0,1,,,1,1,1,1,acetylcholine,0.9674842943668642,False,False
55463,TmY13,R,0,1,1,,,1,1,1,1,acetylcholine,0.9692760270113002,False,False
55572,LPi3412,L,0,1,1,,,1,1,1,1,glutamate,0.8035489918930216,False,False
55837,TmY21,R,1,0,1,,,1,1,1,1,acetylcholine,0.9629096764610439,False,False
33146,TmY17,L,0,1,1,,,1,1,1,1,acetylcholine,0.9718407709441053,False,False
56228,LC29,R,0,1,1,,,1,1,1,1,acetylcholine,0.9284145873894858,False,False
56302,LLPC1,L,0,1,1,,,1,1,1,1,acetylcholine,0.9747326673375373,False,False
56376,LC10a,L,1,0,1,,,1,1,1,1,acetylcholine,0.9573851751683684,False,False
57033,Tm16,R,0,1,1,,,1,1,1,1,acetylcholine,0.9693645832670033,False,False
57604,TmY5a,R,0,1,1,,,1,1,1,1,glutamate,0.830454954770937,False,False
32831,LPi3b,R,0,1,1,,,1,1,1,1,glutamate,0.7782265832236374,False,False
52602,Y12,R,0,1,1,,,1,1,1,1,glutamate,0.8045215619997168,False,False
52309,LC28,R,1,0,1,,,1,1,1,1,acetylcholine,0.9664094409751279,False,False
35380,TmY9a,R,1,0,1,,,1,1,1,1,acetylcholine,0.9747326673375373,False,False
34154,Y12,L,0,1,1,,,1,1,1,1,glutamate,0.8215048060995331,False,False
47741,LPi2e,R,0,1,1,,,1,1,1,1,glutamate,0.8645889968381905,False,False
47787,Li14,L,0,1,1,,,1,1,1,1,glutamate,0.8140326176069541,False,False
35164,Y12,L,0,1,1,,,1,1,1,1,glutamate,0.8374146684000584,False,False
48007,TmY17,L,0,1,1,,,1,1,1,1,acetylcholine,0.943746048858275,False,False
35131,LC9,R,1,0,1,,,1,1,1,1,acetylcholine,0.9103378854028334,False,False
48549,Li14,R,1,0,1,,,1,1,1,1,glutamate,0.8192942073929121,False,False
48645,LC18,R,1,0,1,,,1,1,1,1,acetylcholine,0.9517224592302403,False,False
34782,Tm24,R,1,0,1,,,1,1,1,1,acetylcholine,0.9599605721363598,False,False
48792,Li14,R,0,1,1,,,1,1,1,1,glutamate,0.7612487245124249,False,False
34746,Y3,R,0,1,1,,,1,1,1,1,acetylcholine,0.9645068505226064,False,False
49034,LLPC3,R,0,1,1,,,1,1,1,1,acetylcholine,0.9660574600449777,False,False
49059,Tm16,R,0,1,1,,,1,1,1,1,acetylcholine,0.9747326673375373,False,False
49116,MeLo9,L,1,0,1,,,1,1,1,1,glutamate,0.8029992953467019,False,False
49239,TmY21,R,0,1,1,,,1,1,1,1,acetylcholine,0.969306511035469,False,False
49297,TmY5a,R,0,1,1,,,1,1,1,1,glutamate,0.779132075437842,False,False
34662,LC15,R,1,0,1,,,1,1,1,1,acetylcholine,0.8595616386278633,False,False
34508,Tm5Y,L,0,1,1,,,1,1,1,1,acetylcholine,0.9563225772733278,False,False
34446,LoVP32,L,0,1,1,,,1,1,1,1,acetylcholine,0.9026114366237361,False,False
50020,LPi3412,L,0,1,1,,,1,1,1,1,glutamate,0.758501544352768,False,False
50233,TmY5a,R,0,1,1,,,1,1,1,1,glutamate,0.7599922128827532,False,False
34352,LPT111,R,0,1,1,,,1,1,1,1,gaba,0.8943203188235445,False,False
50758,LC16,L,0,1,1,,,1,1,1,1,acetylcholine,0.9477687844744905,False,False
50767,Tlp12,R,0,1,1,,,1,1,1,1,glutamate,0.8434582028272336,False,False
34339,Y11,R,0,1,1,,,1,1,1,1,glutamate,0.7394663157142821,False,False
51300,Li14,R,0,1,1,,,1,1,1,1,glutamate,0.7383233444191646,False,False
51312,TmY5a,R,0,1,1,,,1,1,1,1,glutamate,0.8133052470993963,False,False
51838,TmY13,L,0,1,1,,,1,1,1,1,acetylcholine,0.9695107212188804,False,False
51863,Tm23,L,1,0,1,,,1,1,1,1,gaba,0.8113678595726891,False,False
51870,TmY3,R,0,1,1,,,1,1,1,1,acetylcholine,0.967745027207536,False,False
130378,T2a,L,1,0,1,,,1,1,1,1,acetylcholine,0.9605647294554849,False,False
27560,Li25,R,1,0,1,,,1,1,1,1,gaba,0.8758253065208651,False,False
455076554,UNKNOWN,UNKNOWN,0,1,1,,,1,1,1,1,unclear,0.9747326673375373,False,False
217984858,UNKNOWN,UNKNOWN,1,0,1,,,1,1,1,1,unclear,0.9747326673375373,False,False
228312530,UNKNOWN,UNKNOWN,0,1,1,,,1,1,1,1,unclear,0.9747326673375373,False,False
228456012,UNKNOWN,UNKNOWN,1,0,1,,,1,1,1,1,unclear,0.9747326673375373,False,False
230491184,UNKNOWN,UNKNOWN,1,0,1,,,1,1,1,1,unclear,0.4568038973392481,False,False
231421426,UNKNOWN,UNKNOWN,1,0,1,,,1,1,1,1,unclear,0.9747326673375373,False,False
233992503,UNKNOWN,UNKNOWN,1,0,1,,,1,1,1,1,unclear,0.9747326673375373,False,False
234108378,UNKNOWN,UNKNOWN,0,1,1,,,1,1,1,1,unclear,0.9747326673375373,False,False
237270396,UNKNOWN,UNKNOWN,0,1,1,,,1,1,1,1,unclear,0.9747326673375373,False,False
244572609,UNKNOWN,UNKNOWN,1,0,1,,,1,1,1,1,unclear,0.9747326673375373,False,False
245056949,UNKNOWN,UNKNOWN,1,0,1,,,1,1,1,1,unclear,0.9747326673375373,False,False
247327081,UNKNOWN,UNKNOWN,0,1,1,,,1,1,1,1,unclear,0.9747326673375373,False,False
254087521,UNKNOWN,UNKNOWN,1,0,1,,,1,1,1,1,unclear,0.9747326673375373,False,False
254500697,UNKNOWN,UNKNOWN,1,0,1,,,1,1,1,1,unclear,0.9747326673375373,False,False
255755819,UNKNOWN,UNKNOWN,1,0,1,,,1,1,1,1,unclear,0.9747326673375373,False,False
259018200,UNKNOWN,UNKNOWN,1,0,1,,,1,1,1,1,unclear,0.9747326673375373,False,False
259326745,UNKNOWN,UNKNOWN,0,1,1,,,1,1,1,1,unclear,0.9747326673375373,False,False
262684727,UNKNOWN,UNKNOWN,0,1,1,,,1,1,1,1,unclear,0.9747326673375373,False,False
264490807,UNKNOWN,UNKNOWN,0,1,1,,,1,1,1,1,unclear,0.9747326673375373,False,False
265031823,UNKNOWN,UNKNOWN,0,1,1,,,1,1,1,1,unclear,0.9219732704402516,False,False
266069662,UNKNOWN,UNKNOWN,0,1,1,,,1,1,1,1,unclear,0.9747326673375373,False,False
273899479,UNKNOWN,UNKNOWN,1,0,1,,,1,1,1,1,unclear,0.9747326673375373,False,False
276278789,UNKNOWN,UNKNOWN,0,1,1,,,1,1,1,1,unclear,0.9747326673375373,False,False
281298261,UNKNOWN,UNKNOWN,1,0,1,,,1,1,1,1,unclear,0.9747326673375373,False,False
282614172,UNKNOWN,UNKNOWN,0,1,1,,,1,1,1,1,unclear,0.9747326673375373,False,False
286362840,UNKNOWN,UNKNOWN,1,0,1,,,1,1,1,1,unclear,0.9747326673375373,False,False
291601150,UNKNOWN,UNKNOWN,0,1,1,,,1,1,1,1,unclear,0.9747326673375373,False,False
292104789,UNKNOWN,UNKNOWN,1,0,1,,,1,1,1,1,unclear,0.915414878397711,False,False
13846,Li29,L,1,0,1,,,1,1,1,1,gaba,0.8753196181036025,False,False
296928754,UNKNOWN,UNKNOWN,1,0,1,,,1,1,1,1,unclear,0.9747326673375373,False,False
300641719,UNKNOWN,UNKNOWN,0,1,1,,,1,1,1,1,unclear,0.9747326673375373,False,False
225958425,UNKNOWN,UNKNOWN,0,1,1,,,1,1,1,1,unclear,0.9747326673375373,False,False
217575911,UNKNOWN,UNKNOWN,0,1,1,,,1,1,1,1,unclear,0.9747326673375373,False,False
303921320,UNKNOWN,UNKNOWN,0,1,1,,,1,1,1,1,unclear,0.9747326673375373,False,False
213631331,UNKNOWN,UNKNOWN,0,1,1,,,1,1,1,1,unclear,0.9747326673375373,False,False
113430038,UNKNOWN,UNKNOWN,1,0,1,,,1,1,1,1,unclear,0.9747326673375373,False,False
121118913,UNKNOWN,UNKNOWN,1,0,1,,,1,1,1,1,unclear,0.9747326673375373,False,False
129816534,UNKNOWN,UNKNOWN,0,1,1,,,1,1,1,1,unclear,0.9747326673375373,False,False
130147820,UNKNOWN,UNKNOWN,1,0,1,,,1,1,1,1,unclear,0.9747326673375373,False,False
132236352,UNKNOWN,UNKNOWN,1,0,1,,,1,1,1,1,unclear,0.9747326673375373,False,False
132334894,UNKNOWN,UNKNOWN,1,0,1,,,1,1,1,1,unclear,0.9747326673375373,False,False
133571930,UNKNOWN,UNKNOWN,1,0,1,,,1,1,1,1,unclear,0.9747326673375373,False,False
134964685,UNKNOWN,UNKNOWN,0,1,1,,,1,1,1,1,unclear,0.9747326673375373,False,False
136481063,UNKNOWN,UNKNOWN,1,0,1,,,1,1,1,1,unclear,0.9747326673375373,False,False
138965520,UNKNOWN,UNKNOWN,0,1,1,,,1,1,1,1,unclear,0.9747326673375373,False,False
14647,LPT114,R,0,1,1,,,1,1,1,1,gaba,0.8587818925915891,False,False
139861525,UNKNOWN,UNKNOWN,0,1,1,,,1,1,1,1,unclear,0.9747326673375373,False,False
143090220,UNKNOWN,UNKNOWN,1,0,1,,,1,1,1,1,unclear,0.9747326673375373,False,False
144570948,UNKNOWN,UNKNOWN,1,0,1,,,1,1,1,1,unclear,0.9747326673375373,False,False
145151009,UNKNOWN,UNKNOWN,0,1,1,,,1,1,1,1,unclear,0.9747326673375373,False,False
148503251,UNKNOWN,UNKNOWN,0,1,1,,,1,1,1,1,unclear,0.9747326673375373,False,False
155528307,UNKNOWN,UNKNOWN,0,1,1,,,1,1,1,1,unclear,0.9747326673375373,False,False
159593783,UNKNOWN,UNKNOWN,1,0,1,,,1,1,1,1,unclear,0.9747326673375373,False,False
159849312,UNKNOWN,UNKNOWN,1,0,1,,,1,1,1,1,unclear,0.9747326673375373,False,False
160771925,UNKNOWN,UNKNOWN,0,1,1,,,1,1,1,1,unclear,0.9747326673375373,False,False
179663712,UNKNOWN,UNKNOWN,1,0,1,,,1,1,1,1,unclear,0.9747326673375373,False,False
181432438,UNKNOWN,UNKNOWN,0,1,1,,,1,1,1,1,unclear,0.9747326673375373,False,False
184171716,UNKNOWN,UNKNOWN,0,1,1,,,1,1,1,1,unclear,0.9747326673375373,False,False
194828518,UNKNOWN,UNKNOWN,0,1,1,,,1,1,1,1,unclear,0.7328105359188548,False,False
195405481,UNKNOWN,UNKNOWN,0,1,1,,,1,1,1,1,unclear,0.9747326673375373,False,False
198484972,UNKNOWN,UNKNOWN,0,1,1,,,1,1,1,1,unclear,0.9747326673375373,False,False
202855880,UNKNOWN,UNKNOWN,0,1,1,,,1,1,1,1,unclear,0.9747326673375373,False,False
206600901,UNKNOWN,UNKNOWN,0,1,1,,,1,1,1,1,unclear,0.9747326673375373,False,False
210619782,UNKNOWN,UNKNOWN,1,0,1,,,1,1,1,1,unclear,0.9747326673375373,False,False
301670161,UNKNOWN,UNKNOWN,0,1,1,,,1,1,1,1,unclear,0.9747326673375373,False,False
304341464,UNKNOWN,UNKNOWN,0,1,1,,,1,1,1,1,unclear,0.9747326673375373,False,False
111815637,UNKNOWN,UNKNOWN,1,0,1,,,1,1,1,1,unclear,0.9747326673375373,False,False
378531657,UNKNOWN,UNKNOWN,1,0,1,,,1,1,1,1,unclear,0.9747326673375373,False,False
379259372,UNKNOWN,UNKNOWN,0,1,1,,,1,1,1,1,unclear,0.9747326673375373,False,False
12872,aMe30,R,0,1,1,,,1,1,1,1,glutamate,0.6977078931583,False,False
380958099,UNKNOWN,UNKNOWN,0,1,1,,,1,1,1,1,unclear,0.9747326673375373,False,False
381946488,UNKNOWN,UNKNOWN,0,1,1,,,1,1,1,1,unclear,0.9747326673375373,False,False
384453757,UNKNOWN,UNKNOWN,1,0,1,,,1,1,1,1,unclear,0.9747326673375373,False,False
385108371,UNKNOWN,UNKNOWN,1,0,1,,,1,1,1,1,unclear,0.9747326673375373,False,False
389091337,UNKNOWN,UNKNOWN,0,1,1,,,1,1,1,1,unclear,0.9747326673375373,False,False
390513441,UNKNOWN,UNKNOWN,0,1,1,,,1,1,1,1,unclear,0.9747326673375373,False,False
393136058,UNKNOWN,UNKNOWN,1,0,1,,,1,1,1,1,unclear,0.9747326673375373,False,False
393219506,UNKNOWN,UNKNOWN,0,1,1,,,1,1,1,1,unclear,0.9747326673375373,False,False
404199442,UNKNOWN,UNKNOWN,0,1,1,,,1,1,1,1,unclear,0.9747326673375373,False,False
406993655,UNKNOWN,UNKNOWN,1,0,1,,,1,1,1,1,unclear,0.9747326673375373,False,False
407441342,UNKNOWN,UNKNOWN,0,1,1,,,1,1,1,1,unclear,0.9747326673375373,False,False
407621316,UNKNOWN,UNKNOWN,0,1,1,,,1,1,1,1,unclear,0.9747326673375373,False,False
412858823,UNKNOWN,UNKNOWN,1,0,1,,,1,1,1,1,unclear,0.9747326673375373,False,False
415865499,UNKNOWN,UNKNOWN,0,1,1,,,1,1,1,1,unclear,0.9747326673375373,False,False
417810683,UNKNOWN,UNKNOWN,0,1,1,,,1,1,1,1,unclear,0.9747326673375373,False,False
422860090,UNKNOWN,UNKNOWN,0,1,1,,,1,1,1,1,unclear,0.9747326673375373,False,False
423733462,UNKNOWN,UNKNOWN,0,1,1,,,1,1,1,1,unclear,0.9109141500795648,False,False
425218938,UNKNOWN,UNKNOWN,0,1,1,,,1,1,1,1,unclear,0.9747326673375373,False,False
426136361,UNKNOWN,UNKNOWN,1,0,1,,,1,1,1,1,unclear,0.9747326673375373,False,False
429475084,UNKNOWN,UNKNOWN,0,1,1,,,1,1,1,1,unclear,0.9747326673375373,False,False
433232566,UNKNOWN,UNKNOWN,0,1,1,,,1,1,1,1,unclear,0.9747326673375373,False,False
436395117,UNKNOWN,UNKNOWN,1,0,1,,,1,1,1,1,unclear,0.9109141500795648,False,False
437338666,UNKNOWN,UNKNOWN,0,1,1,,,1,1,1,1,unclear,0.9747326673375373,False,False
439489122,UNKNOWN,UNKNOWN,0,1,1,,,1,1,1,1,unclear,0.9747326673375373,False,False
440257242,UNKNOWN,UNKNOWN,1,0,1,,,1,1,1,1,unclear,0.9747326673375373,False,False
441507663,UNKNOWN,UNKNOWN,0,1,1,,,1,1,1,1,unclear,0.9747326673375373,False,False
449052670,UNKNOWN,UNKNOWN,1,0,1,,,1,1,1,1,unclear,0.9747326673375373,False,False
378890356,UNKNOWN,UNKNOWN,1,0,1,,,1,1,1,1,unclear,0.9747326673375373,False,False
376125924,UNKNOWN,UNKNOWN,1,0,1,,,1,1,1,1,unclear,0.9747326673375373,False,False
304467254,UNKNOWN,UNKNOWN,0,1,1,,,1,1,1,1,unclear,0.9747326673375373,False,False
375589569,UNKNOWN,UNKNOWN,0,1,1,,,1,1,1,1,unclear,0.9747326673375373,False,False
305529491,UNKNOWN,UNKNOWN,0,1,1,,,1,1,1,1,unclear,0.9747326673375373,False,False
307690259,UNKNOWN,UNKNOWN,1,0,1,,,1,1,1,1,unclear,0.9747326673375373,False,False
308279711,UNKNOWN,UNKNOWN,1,0,1,,,1,1,1,1,unclear,0.9747326673375373,False,False
313506219,UNKNOWN,UNKNOWN,1,0,1,,,1,1,1,1,unclear,0.9747326673375373,False,False
315379155,UNKNOWN,UNKNOWN,0,1,1,,,1,1,1,1,unclear,0.9747326673375373,False,False
318749954,UNKNOWN,UNKNOWN,0,1,1,,,1,1,1,1,unclear,0.884396610338137,False,False
323189129,UNKNOWN,UNKNOWN,0,1,1,,,1,1,1,1,unclear,0.9747326673375373,False,False
323418976,UNKNOWN,UNKNOWN,1,0,1,,,1,1,1,1,unclear,0.9747326673375373,False,False
325841922,UNKNOWN,UNKNOWN,0,1,1,,,1,1,1,1,unclear,0.9747326673375373,False,False
333801441,UNKNOWN,UNKNOWN,1,0,1,,,1,1,1,1,unclear,0.9747326673375373,False,False
335778812,UNKNOWN,UNKNOWN,0,1,1,,,1,1,1,1,unclear,0.9747326673375373,False,False
336643434,UNKNOWN,UNKNOWN,0,1,1,,,1,1,1,1,unclear,0.9747326673375373,False,False
338079118,UNKNOWN,UNKNOWN,0,1,1,,,1,1,1,1,unclear,0.9747326673375373,False,False
338229418,UNKNOWN,UNKNOWN,0,1,1,,,1,1,1,1,unclear,0.9747326673375373,False,False
341095278,UNKNOWN,UNKNOWN,1,0,1,,,1,1,1,1,unclear,0.9747326673375373,False,False
348744011,UNKNOWN,UNKNOWN,1,0,1,,,1,1,1,1,unclear,0.9747326673375373,False,False
349720240,UNKNOWN,UNKNOWN,1,0,1,,,1,1,1,1,unclear,0.9154148783977109,False,False
350338353,UNKNOWN,UNKNOWN,0,1,1,,,1,1,1,1,unclear,0.9747326673375373,False,False
351676445,UNKNOWN,UNKNOWN,1,0,1,,,1,1,1,1,unclear,0.9747326673375373,False,False
352735873,UNKNOWN,UNKNOWN,0,1,1,,,1,1,1,1,unclear,0.9747326673375373,False,False
356201646,UNKNOWN,UNKNOWN,0,1,1,,,1,1,1,1,unclear,0.9747326673375373,False,False
356746289,UNKNOWN,UNKNOWN,0,1,1,,,1,1,1,1,unclear,0.9747326673375373,False,False
359884132,UNKNOWN,UNKNOWN,1,0,1,,,1,1,1,1,unclear,0.9747326673375373,False,False
360167964,UNKNOWN,UNKNOWN,0,1,1,,,1,1,1,1,unclear,0.9747326673375373,False,False
360681146,UNKNOWN,UNKNOWN,1,0,1,,,1,1,1,1,unclear,0.884396610338137,False,False
362844162,UNKNOWN,UNKNOWN,1,0,1,,,1,1,1,1,unclear,0.9747326673375373,False,False
364748312,UNKNOWN,UNKNOWN,1,0,1,,,1,1,1,1,unclear,0.915414878397711,False,False
372022072,UNKNOWN,UNKNOWN,1,0,1,,,1,1,1,1,unclear,0.9747326673375373,False,False
374770462,UNKNOWN,UNKNOWN,1,0,1,,,1,1,1,1,unclear,0.9747326673375373,False,False
112673658,UNKNOWN,UNKNOWN,0,1,1,,,1,1,1,1,unclear,0.9747326673375373,False,False
109187207,UNKNOWN,UNKNOWN,1,0,1,,,1,1,1,1,unclear,0.9747326673375373,False,False
132768,Tm12,L,0,1,1,,,1,1,1,1,acetylcholine,0.9747326673375373,False,False
516011,Tm24,L,1,0,1,,,1,1,1,1,acetylcholine,0.9602895550140338,False,False
516705,TmY19a,L,1,0,1,,,1,1,1,1,gaba,0.868515941465069,False,False
517123,TmY17,L,0,1,1,,,1,1,1,1,acetylcholine,0.9704919151502577,False,False
517369,TmY19a,L,1,0,1,,,1,1,1,1,gaba,0.862663823786024,False,False
517557,TmY3,L,1,0,1,,,1,1,1,1,acetylcholine,0.9747326673375373,False,False
24786,TmY14,R,0,1,1,,,1,1,1,1,glutamate,0.6116449359388946,False,False
24774,LLPC1,R,1,0,1,,,1,1,1,1,acetylcholine,0.9682162462892226,False,False
517846,LC20b,L,0,1,1,,,1,1,1,1,glutamate,0.8173988888902406,False,False
517925,LT69,L,0,1,1,,,1,1,1,1,acetylcholine,0.9226483970874241,False,False
517996,LC17,L,1,0,1,,,1,1,1,1,acetylcholine,0.9462807653151677,False,False
518167,Tm5c,L,1,0,1,,,1,1,1,1,glutamate,0.7413107473590621,False,False
24297,Y14,L,1,0,1,,,1,1,1,1,glutamate,0.8098678817474818,False,False
24178,LC14b,R,1,0,1,,,1,1,1,1,acetylcholine,0.9625261789887846,False,False
24173,Tlp14,R,1,0,1,,,1,1,1,1,glutamate,0.7966444655652632,False,False
24114,LC20b,R,0,1,1,,,1,1,1,1,glutamate,0.7599964801205245,False,False
519803,LLPC3,L,1,0,1,,,1,1,1,1,acetylcholine,0.953259436501371,False,False
23911,MeLo10,L,1,0,1,,,1,1,1,1,glutamate,0.7436964973999094,False,False
23791,TmY14,R,0,1,1,,,1,1,1,1,acetylcholine,0.5451300564061673,False,False
520167,LLPC1,L,0,1,1,,,1,1,1,1,acetylcholine,0.9657814496925731,False,False
23765,TmY16,R,0,1,1,,,1,1,1,1,glutamate,0.7819110963503262,False,False
23674,Li20,R,0,1,1,,,1,1,1,1,glutamate,0.8090671644399332,False,False
23519,TmY14,R,0,1,1,,,1,1,1,1,acetylcholine,0.5250619252800743,False,False
23488,TmY15,R,0,1,1,,,1,1,1,1,gaba,0.8809083831334495,False,False
23478,Tm16,R,0,1,1,,,1,1,1,1,acetylcholine,0.9435431485981437,False,False
23347,MeLo10,R,1,0,1,,,1,1,1,1,glutamate,0.7362710688119618,False,False
521344,MeLo6,L,0,1,1,,,1,1,1,1,acetylcholine,0.9666008309873294,False,False
521371,Li15,L,1,0,1,,,1,1,1,1,gaba,0.8682368952533505,False,False
521407,TmY5a,L,0,1,1,,,1,1,1,1,glutamate,0.8198603535091413,False,False
22890,TmY14,R,0,1,1,,,1,1,1,1,glutamate,0.5204791788856966,False,False
22846,LPi2c,R,0,1,1,,,1,1,1,1,glutamate,0.8228939824951562,False,False
25202,LC10a,R,1,0,1,,,1,1,1,1,acetylcholine,0.9457945605087256,False,False
516000,MeLo12,L,0,1,1,,,1,1,1,1,glutamate,0.8246368609214997,False,False
22646,LC17,L,0,1,1,,,1,1,1,1,acetylcholine,0.936602223695693,False,False
515910,LC36,L,1,0,1,,,1,1,1,1,acetylcholine,0.9376921029459386,False,False
27468,LC10a,L,0,1,1,,,1,1,1,1,acetylcholine,0.9205116926042071,False,False
27418,LOLP1,R,1,0,1,,,1,1,1,1,gaba,0.8903204386045052,False,False
140050,Tm4,R,1,0,1,,,1,1,1,1,acetylcholine,0.9682584523316236,False,False
143468,Li13,R,0,1,1,,,1,1,1,1,gaba,0.8292665973374157,False,False
147555,TmY18,R,0,1,1,,,1,1,1,1,acetylcholine,0.8983746795409874,False,False
147793,LPi2e,R,0,1,1,,,1,1,1,1,glutamate,0.8397969611775188,False,False
151291,Tm6,R,0,1,1,,,1,1,1,1,acetylcholine,0.9747326673375373,False,False
27095,Y3,R,0,1,1,,,1,1,1,1,acetylcholine,0.9747326673375373,False,False
27007,Li13,R,0,1,1,,,1,1,1,1,gaba,0.8917769936198733,False,False
157275,TmY18,R,1,0,1,,,1,1,1,1,acetylcholine,0.9747326673375373,False,False
158586,Tm6,R,1,0,1,,,1,1,1,1,acetylcholine,0.9747326673375373,False,False
166237,Tm37,L,0,1,1,,,1,1,1,1,glutamate,0.8284050507957833,False,False
167492,TmY18,R,0,1,1,,,1,1,1,1,acetylcholine,0.9747326673375374,False,False
26859,LC9,R,1,0,1,,,1,1,1,1,acetylcholine,0.9581834808499565,False,False
236691,LOLP1,L,0,1,1,,,1,1,1,1,gaba,0.8963971392249771,False,False
26747,LC9,L,1,0,1,,,1,1,1,1,acetylcholine,0.9670846680762756,False,False
510982,UNKNOWN,UNKNOWN,0,1,1,,,1,1,1,1,unclear,0.9747326673375373,False,False
512295,OLVC4,L,0,1,1,,,1,1,1,1,unclear,0.4501950528810033,False,False
25981,Tm24,R,1,0,1,,,1,1,1,1,acetylcholine,0.6936630521391915,False,False
25814,Y3,L,0,1,1,,,1,1,1,1,acetylcholine,0.9747326673375373,False,False
25752,Tlp14,L,0,1,1,,,1,1,1,1,glutamate,0.8457108269680114,False,False
25742,LC17,R,1,0,1,,,1,1,1,1,acetylcholine,0.9261897494491275,False,False
25736,Y11,R,0,1,1,,,1,1,1,1,glutamate,0.7410822374421651,False,False
25680,Tlp13,L,0,1,1,,,1,1,1,1,glutamate,0.8007576214877585,False,False
25525,LC15,L,1,0,1,,,1,1,1,1,acetylcholine,0.9747326673375374,False,False
514869,LC11,L,1,0,1,,,1,1,1,1,acetylcholine,0.9680126081314627,False,False
25389,LoVP57,R,0,1,1,,,1,1,1,1,acetylcholine,0.960843826413736,False,False
515427,TmY18,L,1,0,1,,,1,1,1,1,acetylcholine,0.9634386908483491,False,False
515846,LC27,L,0,1,1,,,1,1,1,1,acetylcholine,0.8422280793517591,False,False
521564,TmY10,L,0,1,1,,,1,1,1,1,acetylcholine,0.9641929296068775,False,False
22586,LLPC1,L,0,1,1,,,1,1,1,1,acetylcholine,0.9747326673375373,False,False
107788539,UNKNOWN,UNKNOWN,0,1,1,,,1,1,1,1,unclear,0.9747326673375373,False,False
533040,Tm12,L,0,1,1,,,1,1,1,1,acetylcholine,0.9585413409520095,False,False
17267,MeLo11,R,1,0,1,,,1,1,1,1,glutamate,0.7540057445685114,False,False
16865,MeLo9,R,1,0,1,,,1,1,1,1,glutamate,0.7782022259424493,False,False
16810,TmY14,L,0,1,1,,,1,1,1,1,glutamate,0.5662134862874532,False,False
534659,LPC2,L,0,1,1,,,1,1,1,1,acetylcholine,0.9506237576488087,False,False
535233,LLPC3,L,0,1,1,,,1,1,1,1,acetylcholine,0.9657393156887393,False,False
535323,LLPC3,L,0,1,1,,,1,1,1,1,acetylcholine,0.9747326673375373,False,False
16435,TmY19a,R,1,0,1,,,1,1,1,1,gaba,0.8710523790795135,False,False
536368,TmY18,R,0,1,1,,,1,1,1,1,acetylcholine,0.960238156130268,False,False
536439,Y14,L,1,0,1,,,1,1,1,1,glutamate,0.7533674528936892,False,False
536538,TmY18,L,0,1,1,,,1,1,1,1,acetylcholine,0.9747326673375373,False,False
537796,Tm5b,L,0,1,1,,,1,1,1,1,acetylcholine,0.7535867038124305,False,False
537799,Tm24,L,1,0,1,,,1,1,1,1,acetylcholine,0.9582711068458569,False,False
537843,Tm4,L,1,0,1,,,1,1,1,1,acetylcholine,0.9747326673375373,False,False
539243,LLPC1,L,1,0,1,,,1,1,1,1,acetylcholine,0.9626412256540356,False,False
540260,LC13,L,1,0,1,,,1,1,1,1,acetylcholine,0.9064711975624302,False,False
542002,Li25,R,1,0,1,,,1,1,1,1,gaba,0.8698586501207576,False,False
542638,Li23,L,0,1,1,,,1,1,1,1,acetylcholine,0.9693566199726776,False,False
16140,TmY19a,R,0,1,1,,,1,1,1,1,gaba,0.877811176043033,False,False
545200,MeVP14,L,0,1,1,,,1,1,1,1,acetylcholine,0.827119163421053,False,False
549537,TmY18,L,0,1,1,,,1,1,1,1,acetylcholine,0.935488951051873,False,False
554592,Tm29,R,0,1,1,,,1,1,1,1,glutamate,0.8127333487565105,False,False
15779,LLPC1,L,1,0,1,,,1,1,1,1,acetylcholine,0.9465115813817887,False,False
567396,Y13,L,1,0,1,,,1,1,1,1,glutamate,0.8224979873946513,False,False
575600,Y12,L,0,1,1,,,1,1,1,1,glutamate,0.8188874799960308,False,False
580311,Y3,L,0,1,1,,,1,1,1,1,acetylcholine,0.9712318532156204,False,False
926170,Tm24,L,0,1,1,,,1,1,1,1,acetylcholine,0.9614491457592776,False,False
102885552,UNKNOWN,UNKNOWN,0,1,1,,,1,1,1,1,unclear,0.9747326673375373,False,False
103842199,UNKNOWN,UNKNOWN,1,0,1,,,1,1,1,1,unclear,0.9109141500795648,False,False
103992402,UNKNOWN,UNKNOWN,0,1,1,,,1,1,1,1,unclear,0.9747326673375373,False,False
533418,Tm37,L,0,1,1,,,1,1,1,1,glutamate,0.8182938415107035,False,False
532666,Tm16,L,1,0,1,,,1,1,1,1,acetylcholine,0.9747326673375374,False,False
22394,MeLo10,R,1,0,1,,,1,1,1,1,glutamate,0.7172166355761984,False,False
17586,MeLo10,R,1,0,1,,,1,1,1,1,glutamate,0.7619378224631029,False,False
22100,TmY14,R,0,1,1,,,1,1,1,1,acetylcholine,0.5295617607220332,False,False
21819,LLPC1,L,0,1,1,,,1,1,1,1,acetylcholine,0.929831511459159,False,False
21444,Tlp14,R,1,0,1,,,1,1,1,1,glutamate,0.8110187477393574,False,False
21255,Li25,L,1,0,1,,,1,1,1,1,gaba,0.8864843512351765,False,False
21199,LC10a,R,1,0,1,,,1,1,1,1,acetylcholine,0.9503714098524685,False,False
21156,TmY14,R,0,1,1,,,1,1,1,1,acetylcholine,0.5572846520229694,False,False
21129,LoVP32,R,0,1,1,,,1,1,1,1,acetylcholine,0.8944351261637903,False,False
20985,MeLo11,R,0,1,1,,,1,1,1,1,glutamate,0.7112295695155434,False,False
524404,LC40,L,0,1,1,,,1,1,1,1,acetylcholine,0.9369526203037839,False,False
525288,Tm37,L,0,1,1,,,1,1,1,1,glutamate,0.8190396360078456,False,False
19714,TmY14,R,0,1,1,,,1,1,1,1,acetylcholine,0.5862411968317834,False,False
19674,LC13,L,1,0,1,,,1,1,1,1,acetylcholine,0.9318145285963642,False,False
19537,LC10a,L,1,0,1,,,1,1,1,1,acetylcholine,0.955446800741944,False,False
526911,Tm4,L,0,1,1,,,1,1,1,1,acetylcholine,0.9747326673375374,False,False
527155,Tm6,L,1,0,1,,,1,1,1,1,acetylcholine,0.9747326673375373,False,False
529285,TmY10,L,0,1,1,,,1,1,1,1,acetylcholine,0.9704508597018084,False,False
529558,Tm5Y,L,0,1,1,,,1,1,1,1,acetylcholine,0.9678413397616994,False,False
529796,TmY18,L,1,0,1,,,1,1,1,1,acetylcholine,0.9747326673375373,False,False
530425,LLPC1,L,1,0,1,,,1,1,1,1,acetylcholine,0.960758345080712,False,False
530958,MeLo7,L,0,1,1,,,1,1,1,1,acetylcholine,0.8285351019912495,False,False
531368,TmY13,L,0,1,1,,,1,1,1,1,acetylcholine,0.9683528942337808,False,False
531371,MeLo2,L,0,1,1,,,1,1,1,1,acetylcholine,0.9589337528369062,False,False
18393,LOLP1,L,0,1,1,,,1,1,1,1,gaba,0.8842181039160403,False,False
18197,CB3376,L,1,0,1,,,1,1,1,1,acetylcholine,0.9580291117718477,False,False
18114,Y3,L,0,1,1,,,1,1,1,1,acetylcholine,0.9747326673375372,False,False
18067,Tm26,L,0,1,1,,,1,1,1,1,acetylcholine,0.9711878426000549,False,False
17834,MeLo9,R,1,0,1,,,1,1,1,1,glutamate,0.7745020770381046,False,False
17808,CB3598,L,0,1,1,,,1,1,1,1,acetylcholine,0.9208382157715175,False,False
532029,TmY4,L,0,1,1,,,1,1,1,1,acetylcholine,0.957765317458045,False,False
516910,LC17,L,1,0,1,,,1,1,1,1,acetylcholine,0.9297072426136415,False,False
