bodyId,type,side,circuit_role,predicted_nt,predicted_nt_confidence,consensus_nt,total_predictions,functional_sign_justified,functional_sign_limitation
12032,LC4,L,visual_projection_input,acetylcholine,0.9590470461080031,acetylcholine,433,False,Receptor identity unmapped; cholinergic synapses can act via muscarinic receptors (inhibitory) or nicotinic receptors (excitatory); glutamatergic transmission can be inhibitory via GluCl or excitatory via AMPA-like receptors. Unsigned weights maintained.
12349,LC4,L,visual_projection_input,acetylcholine,0.9604427416311759,acetylcholine,475,False,Receptor identity unmapped; cholinergic synapses can act via muscarinic receptors (inhibitory) or nicotinic receptors (excitatory); glutamatergic transmission can be inhibitory via GluCl or excitatory via AMPA-like receptors. Unsigned weights maintained.
12824,LC4,L,visual_projection_input,acetylcholine,0.9574091540797885,acetylcholine,392,False,Receptor identity unmapped; cholinergic synapses can act via muscarinic receptors (inhibitory) or nicotinic receptors (excitatory); glutamatergic transmission can be inhibitory via GluCl or excitatory via AMPA-like receptors. Unsigned weights maintained.
14888,LC4,L,visual_projection_input,acetylcholine,0.9609048330533637,acetylcholine,421,False,Receptor identity unmapped; cholinergic synapses can act via muscarinic receptors (inhibitory) or nicotinic receptors (excitatory); glutamatergic transmission can be inhibitory via GluCl or excitatory via AMPA-like receptors. Unsigned weights maintained.
15018,LC4,L,visual_projection_input,acetylcholine,0.9668874294010709,acetylcholine,371,False,Receptor identity unmapped; cholinergic synapses can act via muscarinic receptors (inhibitory) or nicotinic receptors (excitatory); glutamatergic transmission can be inhibitory via GluCl or excitatory via AMPA-like receptors. Unsigned weights maintained.
16128,LC4,R,visual_projection_input,acetylcholine,0.9510266116701801,acetylcholine,532,False,Receptor identity unmapped; cholinergic synapses can act via muscarinic receptors (inhibitory) or nicotinic receptors (excitatory); glutamatergic transmission can be inhibitory via GluCl or excitatory via AMPA-like receptors. Unsigned weights maintained.
16138,LC4,R,visual_projection_input,acetylcholine,0.9637571785129073,acetylcholine,353,False,Receptor identity unmapped; cholinergic synapses can act via muscarinic receptors (inhibitory) or nicotinic receptors (excitatory); glutamatergic transmission can be inhibitory via GluCl or excitatory via AMPA-like receptors. Unsigned weights maintained.
16628,LC4,R,visual_projection_input,acetylcholine,0.9614202036385276,acetylcholine,510,False,Receptor identity unmapped; cholinergic synapses can act via muscarinic receptors (inhibitory) or nicotinic receptors (excitatory); glutamatergic transmission can be inhibitory via GluCl or excitatory via AMPA-like receptors. Unsigned weights maintained.
16809,LC4,L,visual_projection_input,acetylcholine,0.9661320748283181,acetylcholine,338,False,Receptor identity unmapped; cholinergic synapses can act via muscarinic receptors (inhibitory) or nicotinic receptors (excitatory); glutamatergic transmission can be inhibitory via GluCl or excitatory via AMPA-like receptors. Unsigned weights maintained.
16917,LC4,L,visual_projection_input,acetylcholine,0.9296315119048634,acetylcholine,323,False,Receptor identity unmapped; cholinergic synapses can act via muscarinic receptors (inhibitory) or nicotinic receptors (excitatory); glutamatergic transmission can be inhibitory via GluCl or excitatory via AMPA-like receptors. Unsigned weights maintained.
17054,LC4,R,visual_projection_input,acetylcholine,0.961956356236583,acetylcholine,456,False,Receptor identity unmapped; cholinergic synapses can act via muscarinic receptors (inhibitory) or nicotinic receptors (excitatory); glutamatergic transmission can be inhibitory via GluCl or excitatory via AMPA-like receptors. Unsigned weights maintained.
17266,LC4,R,visual_projection_input,acetylcholine,0.9705763343828453,acetylcholine,467,False,Receptor identity unmapped; cholinergic synapses can act via muscarinic receptors (inhibitory) or nicotinic receptors (excitatory); glutamatergic transmission can be inhibitory via GluCl or excitatory via AMPA-like receptors. Unsigned weights maintained.
17270,LC4,L,visual_projection_input,acetylcholine,0.9660372286948378,acetylcholine,335,False,Receptor identity unmapped; cholinergic synapses can act via muscarinic receptors (inhibitory) or nicotinic receptors (excitatory); glutamatergic transmission can be inhibitory via GluCl or excitatory via AMPA-like receptors. Unsigned weights maintained.
17340,LC4,L,visual_projection_input,acetylcholine,0.9723143992283827,acetylcholine,401,False,Receptor identity unmapped; cholinergic synapses can act via muscarinic receptors (inhibitory) or nicotinic receptors (excitatory); glutamatergic transmission can be inhibitory via GluCl or excitatory via AMPA-like receptors. Unsigned weights maintained.
17364,LC4,R,visual_projection_input,acetylcholine,0.9531211457336789,acetylcholine,493,False,Receptor identity unmapped; cholinergic synapses can act via muscarinic receptors (inhibitory) or nicotinic receptors (excitatory); glutamatergic transmission can be inhibitory via GluCl or excitatory via AMPA-like receptors. Unsigned weights maintained.
17478,LC4,L,visual_projection_input,acetylcholine,0.9728713899636966,acetylcholine,521,False,Receptor identity unmapped; cholinergic synapses can act via muscarinic receptors (inhibitory) or nicotinic receptors (excitatory); glutamatergic transmission can be inhibitory via GluCl or excitatory via AMPA-like receptors. Unsigned weights maintained.
17548,LC4,R,visual_projection_input,acetylcholine,0.9587211573373126,acetylcholine,484,False,Receptor identity unmapped; cholinergic synapses can act via muscarinic receptors (inhibitory) or nicotinic receptors (excitatory); glutamatergic transmission can be inhibitory via GluCl or excitatory via AMPA-like receptors. Unsigned weights maintained.
17608,LC4,L,visual_projection_input,acetylcholine,0.9516361466954979,acetylcholine,420,False,Receptor identity unmapped; cholinergic synapses can act via muscarinic receptors (inhibitory) or nicotinic receptors (excitatory); glutamatergic transmission can be inhibitory via GluCl or excitatory via AMPA-like receptors. Unsigned weights maintained.
17653,LC4,L,visual_projection_input,acetylcholine,0.9747326673375373,acetylcholine,512,False,Receptor identity unmapped; cholinergic synapses can act via muscarinic receptors (inhibitory) or nicotinic receptors (excitatory); glutamatergic transmission can be inhibitory via GluCl or excitatory via AMPA-like receptors. Unsigned weights maintained.
17668,LC4,R,visual_projection_input,acetylcholine,0.93414647853245,acetylcholine,430,False,Receptor identity unmapped; cholinergic synapses can act via muscarinic receptors (inhibitory) or nicotinic receptors (excitatory); glutamatergic transmission can be inhibitory via GluCl or excitatory via AMPA-like receptors. Unsigned weights maintained.
17860,LC4,R,visual_projection_input,acetylcholine,0.9607147293581528,acetylcholine,415,False,Receptor identity unmapped; cholinergic synapses can act via muscarinic receptors (inhibitory) or nicotinic receptors (excitatory); glutamatergic transmission can be inhibitory via GluCl or excitatory via AMPA-like receptors. Unsigned weights maintained.
17926,LC4,R,visual_projection_input,acetylcholine,0.9271884278365842,acetylcholine,408,False,Receptor identity unmapped; cholinergic synapses can act via muscarinic receptors (inhibitory) or nicotinic receptors (excitatory); glutamatergic transmission can be inhibitory via GluCl or excitatory via AMPA-like receptors. Unsigned weights maintained.
17987,LC4,R,visual_projection_input,acetylcholine,0.9564677493587437,acetylcholine,425,False,Receptor identity unmapped; cholinergic synapses can act via muscarinic receptors (inhibitory) or nicotinic receptors (excitatory); glutamatergic transmission can be inhibitory via GluCl or excitatory via AMPA-like receptors. Unsigned weights maintained.
18127,LC4,R,visual_projection_input,acetylcholine,0.9676432550706602,acetylcholine,410,False,Receptor identity unmapped; cholinergic synapses can act via muscarinic receptors (inhibitory) or nicotinic receptors (excitatory); glutamatergic transmission can be inhibitory via GluCl or excitatory via AMPA-like receptors. Unsigned weights maintained.
18189,LC4,R,visual_projection_input,acetylcholine,0.9608231128189743,acetylcholine,418,False,Receptor identity unmapped; cholinergic synapses can act via muscarinic receptors (inhibitory) or nicotinic receptors (excitatory); glutamatergic transmission can be inhibitory via GluCl or excitatory via AMPA-like receptors. Unsigned weights maintained.
18396,LC4,L,visual_projection_input,acetylcholine,0.9410451221006999,acetylcholine,317,False,Receptor identity unmapped; cholinergic synapses can act via muscarinic receptors (inhibitory) or nicotinic receptors (excitatory); glutamatergic transmission can be inhibitory via GluCl or excitatory via AMPA-like receptors. Unsigned weights maintained.
18432,LC4,L,visual_projection_input,acetylcholine,0.9747326673375373,acetylcholine,304,False,Receptor identity unmapped; cholinergic synapses can act via muscarinic receptors (inhibitory) or nicotinic receptors (excitatory); glutamatergic transmission can be inhibitory via GluCl or excitatory via AMPA-like receptors. Unsigned weights maintained.
18478,LC4,L,visual_projection_input,acetylcholine,0.9646737400178687,acetylcholine,482,False,Receptor identity unmapped; cholinergic synapses can act via muscarinic receptors (inhibitory) or nicotinic receptors (excitatory); glutamatergic transmission can be inhibitory via GluCl or excitatory via AMPA-like receptors. Unsigned weights maintained.
19260,LC4,R,visual_projection_input,acetylcholine,0.9603373795067649,acetylcholine,404,False,Receptor identity unmapped; cholinergic synapses can act via muscarinic receptors (inhibitory) or nicotinic receptors (excitatory); glutamatergic transmission can be inhibitory via GluCl or excitatory via AMPA-like receptors. Unsigned weights maintained.
19420,LC4,R,visual_projection_input,acetylcholine,0.9615833943561014,acetylcholine,369,False,Receptor identity unmapped; cholinergic synapses can act via muscarinic receptors (inhibitory) or nicotinic receptors (excitatory); glutamatergic transmission can be inhibitory via GluCl or excitatory via AMPA-like receptors. Unsigned weights maintained.
19543,LC4,R,visual_projection_input,acetylcholine,0.9572497167980868,acetylcholine,388,False,Receptor identity unmapped; cholinergic synapses can act via muscarinic receptors (inhibitory) or nicotinic receptors (excitatory); glutamatergic transmission can be inhibitory via GluCl or excitatory via AMPA-like receptors. Unsigned weights maintained.
19550,LC4,R,visual_projection_input,acetylcholine,0.9663551449510355,acetylcholine,347,False,Receptor identity unmapped; cholinergic synapses can act via muscarinic receptors (inhibitory) or nicotinic receptors (excitatory); glutamatergic transmission can be inhibitory via GluCl or excitatory via AMPA-like receptors. Unsigned weights maintained.
19634,LC4,R,visual_projection_input,acetylcholine,0.9669544928610335,acetylcholine,374,False,Receptor identity unmapped; cholinergic synapses can act via muscarinic receptors (inhibitory) or nicotinic receptors (excitatory); glutamatergic transmission can be inhibitory via GluCl or excitatory via AMPA-like receptors. Unsigned weights maintained.
19794,LC4,R,visual_projection_input,acetylcholine,0.9543835203259792,acetylcholine,381,False,Receptor identity unmapped; cholinergic synapses can act via muscarinic receptors (inhibitory) or nicotinic receptors (excitatory); glutamatergic transmission can be inhibitory via GluCl or excitatory via AMPA-like receptors. Unsigned weights maintained.
19954,LC4,R,visual_projection_input,acetylcholine,0.9688685963712497,acetylcholine,331,False,Receptor identity unmapped; cholinergic synapses can act via muscarinic receptors (inhibitory) or nicotinic receptors (excitatory); glutamatergic transmission can be inhibitory via GluCl or excitatory via AMPA-like receptors. Unsigned weights maintained.
20016,LC4,R,visual_projection_input,acetylcholine,0.9693046046740365,acetylcholine,358,False,Receptor identity unmapped; cholinergic synapses can act via muscarinic receptors (inhibitory) or nicotinic receptors (excitatory); glutamatergic transmission can be inhibitory via GluCl or excitatory via AMPA-like receptors. Unsigned weights maintained.
20282,LC4,R,visual_projection_input,acetylcholine,0.9564473160461522,acetylcholine,371,False,Receptor identity unmapped; cholinergic synapses can act via muscarinic receptors (inhibitory) or nicotinic receptors (excitatory); glutamatergic transmission can be inhibitory via GluCl or excitatory via AMPA-like receptors. Unsigned weights maintained.
20399,LC4,R,visual_projection_input,acetylcholine,0.9598578910655974,acetylcholine,391,False,Receptor identity unmapped; cholinergic synapses can act via muscarinic receptors (inhibitory) or nicotinic receptors (excitatory); glutamatergic transmission can be inhibitory via GluCl or excitatory via AMPA-like receptors. Unsigned weights maintained.
20440,LC4,L,visual_projection_input,acetylcholine,0.9636730386480551,acetylcholine,351,False,Receptor identity unmapped; cholinergic synapses can act via muscarinic receptors (inhibitory) or nicotinic receptors (excitatory); glutamatergic transmission can be inhibitory via GluCl or excitatory via AMPA-like receptors. Unsigned weights maintained.
20542,LC4,R,visual_projection_input,acetylcholine,0.963687864545836,acetylcholine,351,False,Receptor identity unmapped; cholinergic synapses can act via muscarinic receptors (inhibitory) or nicotinic receptors (excitatory); glutamatergic transmission can be inhibitory via GluCl or excitatory via AMPA-like receptors. Unsigned weights maintained.
20572,LC4,L,visual_projection_input,acetylcholine,0.9610029490011104,acetylcholine,353,False,Receptor identity unmapped; cholinergic synapses can act via muscarinic receptors (inhibitory) or nicotinic receptors (excitatory); glutamatergic transmission can be inhibitory via GluCl or excitatory via AMPA-like receptors. Unsigned weights maintained.
20588,LC4,R,visual_projection_input,acetylcholine,0.9669595669385621,acetylcholine,374,False,Receptor identity unmapped; cholinergic synapses can act via muscarinic receptors (inhibitory) or nicotinic receptors (excitatory); glutamatergic transmission can be inhibitory via GluCl or excitatory via AMPA-like receptors. Unsigned weights maintained.
20673,LC4,R,visual_projection_input,acetylcholine,0.9747326673375373,acetylcholine,341,False,Receptor identity unmapped; cholinergic synapses can act via muscarinic receptors (inhibitory) or nicotinic receptors (excitatory); glutamatergic transmission can be inhibitory via GluCl or excitatory via AMPA-like receptors. Unsigned weights maintained.
20808,LC4,R,visual_projection_input,acetylcholine,0.968885231408207,acetylcholine,332,False,Receptor identity unmapped; cholinergic synapses can act via muscarinic receptors (inhibitory) or nicotinic receptors (excitatory); glutamatergic transmission can be inhibitory via GluCl or excitatory via AMPA-like receptors. Unsigned weights maintained.
20859,LC4,L,visual_projection_input,acetylcholine,0.9684721765596123,acetylcholine,465,False,Receptor identity unmapped; cholinergic synapses can act via muscarinic receptors (inhibitory) or nicotinic receptors (excitatory); glutamatergic transmission can be inhibitory via GluCl or excitatory via AMPA-like receptors. Unsigned weights maintained.
20917,LC4,R,visual_projection_input,acetylcholine,0.972118851941928,acetylcholine,371,False,Receptor identity unmapped; cholinergic synapses can act via muscarinic receptors (inhibitory) or nicotinic receptors (excitatory); glutamatergic transmission can be inhibitory via GluCl or excitatory via AMPA-like receptors. Unsigned weights maintained.
20967,LC4,L,visual_projection_input,acetylcholine,0.9694480596439623,acetylcholine,367,False,Receptor identity unmapped; cholinergic synapses can act via muscarinic receptors (inhibitory) or nicotinic receptors (excitatory); glutamatergic transmission can be inhibitory via GluCl or excitatory via AMPA-like receptors. Unsigned weights maintained.
20976,LC4,L,visual_projection_input,acetylcholine,0.9683753869973899,acetylcholine,305,False,Receptor identity unmapped; cholinergic synapses can act via muscarinic receptors (inhibitory) or nicotinic receptors (excitatory); glutamatergic transmission can be inhibitory via GluCl or excitatory via AMPA-like receptors. Unsigned weights maintained.
21151,LC4,R,visual_projection_input,acetylcholine,0.9661661064357494,acetylcholine,340,False,Receptor identity unmapped; cholinergic synapses can act via muscarinic receptors (inhibitory) or nicotinic receptors (excitatory); glutamatergic transmission can be inhibitory via GluCl or excitatory via AMPA-like receptors. Unsigned weights maintained.
21165,LC4,R,visual_projection_input,acetylcholine,0.9718246374630756,acetylcholine,334,False,Receptor identity unmapped; cholinergic synapses can act via muscarinic receptors (inhibitory) or nicotinic receptors (excitatory); glutamatergic transmission can be inhibitory via GluCl or excitatory via AMPA-like receptors. Unsigned weights maintained.
21225,LC4,R,visual_projection_input,acetylcholine,0.9592535038642727,acetylcholine,376,False,Receptor identity unmapped; cholinergic synapses can act via muscarinic receptors (inhibitory) or nicotinic receptors (excitatory); glutamatergic transmission can be inhibitory via GluCl or excitatory via AMPA-like receptors. Unsigned weights maintained.
21287,LC4,R,visual_projection_input,acetylcholine,0.9695368212585712,acetylcholine,374,False,Receptor identity unmapped; cholinergic synapses can act via muscarinic receptors (inhibitory) or nicotinic receptors (excitatory); glutamatergic transmission can be inhibitory via GluCl or excitatory via AMPA-like receptors. Unsigned weights maintained.
21313,LC4,R,visual_projection_input,acetylcholine,0.9605260154988619,acetylcholine,341,False,Receptor identity unmapped; cholinergic synapses can act via muscarinic receptors (inhibitory) or nicotinic receptors (excitatory); glutamatergic transmission can be inhibitory via GluCl or excitatory via AMPA-like receptors. Unsigned weights maintained.
21336,LC4,R,visual_projection_input,acetylcholine,0.960597381716312,acetylcholine,343,False,Receptor identity unmapped; cholinergic synapses can act via muscarinic receptors (inhibitory) or nicotinic receptors (excitatory); glutamatergic transmission can be inhibitory via GluCl or excitatory via AMPA-like receptors. Unsigned weights maintained.
21721,LC4,L,visual_projection_input,acetylcholine,0.9635012816132142,acetylcholine,345,False,Receptor identity unmapped; cholinergic synapses can act via muscarinic receptors (inhibitory) or nicotinic receptors (excitatory); glutamatergic transmission can be inhibitory via GluCl or excitatory via AMPA-like receptors. Unsigned weights maintained.
21804,LC4,R,visual_projection_input,acetylcholine,0.9639934289414493,acetylcholine,361,False,Receptor identity unmapped; cholinergic synapses can act via muscarinic receptors (inhibitory) or nicotinic receptors (excitatory); glutamatergic transmission can be inhibitory via GluCl or excitatory via AMPA-like receptors. Unsigned weights maintained.
22034,LC4,R,visual_projection_input,acetylcholine,0.9552901980097349,acetylcholine,349,False,Receptor identity unmapped; cholinergic synapses can act via muscarinic receptors (inhibitory) or nicotinic receptors (excitatory); glutamatergic transmission can be inhibitory via GluCl or excitatory via AMPA-like receptors. Unsigned weights maintained.
22194,LC4,R,visual_projection_input,acetylcholine,0.9692904930750493,acetylcholine,356,False,Receptor identity unmapped; cholinergic synapses can act via muscarinic receptors (inhibitory) or nicotinic receptors (excitatory); glutamatergic transmission can be inhibitory via GluCl or excitatory via AMPA-like receptors. Unsigned weights maintained.
22328,LC4,R,visual_projection_input,acetylcholine,0.9516347984461534,acetylcholine,336,False,Receptor identity unmapped; cholinergic synapses can act via muscarinic receptors (inhibitory) or nicotinic receptors (excitatory); glutamatergic transmission can be inhibitory via GluCl or excitatory via AMPA-like receptors. Unsigned weights maintained.
22772,LC4,L,visual_projection_input,acetylcholine,0.969100649786823,acetylcholine,344,False,Receptor identity unmapped; cholinergic synapses can act via muscarinic receptors (inhibitory) or nicotinic receptors (excitatory); glutamatergic transmission can be inhibitory via GluCl or excitatory via AMPA-like receptors. Unsigned weights maintained.
22847,LC4,R,visual_projection_input,acetylcholine,0.9488937559895709,acetylcholine,450,False,Receptor identity unmapped; cholinergic synapses can act via muscarinic receptors (inhibitory) or nicotinic receptors (excitatory); glutamatergic transmission can be inhibitory via GluCl or excitatory via AMPA-like receptors. Unsigned weights maintained.
22922,LC4,L,visual_projection_input,acetylcholine,0.9719277730602193,acetylcholine,345,False,Receptor identity unmapped; cholinergic synapses can act via muscarinic receptors (inhibitory) or nicotinic receptors (excitatory); glutamatergic transmission can be inhibitory via GluCl or excitatory via AMPA-like receptors. Unsigned weights maintained.
22966,LC4,R,visual_projection_input,acetylcholine,0.9526944848878423,acetylcholine,352,False,Receptor identity unmapped; cholinergic synapses can act via muscarinic receptors (inhibitory) or nicotinic receptors (excitatory); glutamatergic transmission can be inhibitory via GluCl or excitatory via AMPA-like receptors. Unsigned weights maintained.
22975,LC4,R,visual_projection_input,acetylcholine,0.971941627170669,acetylcholine,348,False,Receptor identity unmapped; cholinergic synapses can act via muscarinic receptors (inhibitory) or nicotinic receptors (excitatory); glutamatergic transmission can be inhibitory via GluCl or excitatory via AMPA-like receptors. Unsigned weights maintained.
23098,LC4,R,visual_projection_input,acetylcholine,0.9719326004304287,acetylcholine,347,False,Receptor identity unmapped; cholinergic synapses can act via muscarinic receptors (inhibitory) or nicotinic receptors (excitatory); glutamatergic transmission can be inhibitory via GluCl or excitatory via AMPA-like receptors. Unsigned weights maintained.
23202,LC4,L,visual_projection_input,acetylcholine,0.9609260859900681,acetylcholine,351,False,Receptor identity unmapped; cholinergic synapses can act via muscarinic receptors (inhibitory) or nicotinic receptors (excitatory); glutamatergic transmission can be inhibitory via GluCl or excitatory via AMPA-like receptors. Unsigned weights maintained.
23226,LC4,L,visual_projection_input,acetylcholine,0.9036210648736546,acetylcholine,300,False,Receptor identity unmapped; cholinergic synapses can act via muscarinic receptors (inhibitory) or nicotinic receptors (excitatory); glutamatergic transmission can be inhibitory via GluCl or excitatory via AMPA-like receptors. Unsigned weights maintained.
23392,LC4,R,visual_projection_input,acetylcholine,0.9551230104716241,acetylcholine,346,False,Receptor identity unmapped; cholinergic synapses can act via muscarinic receptors (inhibitory) or nicotinic receptors (excitatory); glutamatergic transmission can be inhibitory via GluCl or excitatory via AMPA-like receptors. Unsigned weights maintained.
23792,LC4,R,visual_projection_input,acetylcholine,0.9634046035132354,acetylcholine,342,False,Receptor identity unmapped; cholinergic synapses can act via muscarinic receptors (inhibitory) or nicotinic receptors (excitatory); glutamatergic transmission can be inhibitory via GluCl or excitatory via AMPA-like receptors. Unsigned weights maintained.
23929,LC4,R,visual_projection_input,acetylcholine,0.9643892999615815,acetylcholine,375,False,Receptor identity unmapped; cholinergic synapses can act via muscarinic receptors (inhibitory) or nicotinic receptors (excitatory); glutamatergic transmission can be inhibitory via GluCl or excitatory via AMPA-like receptors. Unsigned weights maintained.
24338,LC4,R,visual_projection_input,acetylcholine,0.972049567950603,acetylcholine,362,False,Receptor identity unmapped; cholinergic synapses can act via muscarinic receptors (inhibitory) or nicotinic receptors (excitatory); glutamatergic transmission can be inhibitory via GluCl or excitatory via AMPA-like receptors. Unsigned weights maintained.
24523,LC4,L,visual_projection_input,acetylcholine,0.9674370909986699,acetylcholine,399,False,Receptor identity unmapped; cholinergic synapses can act via muscarinic receptors (inhibitory) or nicotinic receptors (excitatory); glutamatergic transmission can be inhibitory via GluCl or excitatory via AMPA-like receptors. Unsigned weights maintained.
25584,LC4,R,visual_projection_input,acetylcholine,0.9682778328031957,acetylcholine,301,False,Receptor identity unmapped; cholinergic synapses can act via muscarinic receptors (inhibitory) or nicotinic receptors (excitatory); glutamatergic transmission can be inhibitory via GluCl or excitatory via AMPA-like receptors. Unsigned weights maintained.
26112,LC4,R,visual_projection_input,acetylcholine,0.9630496469580694,acetylcholine,332,False,Receptor identity unmapped; cholinergic synapses can act via muscarinic receptors (inhibitory) or nicotinic receptors (excitatory); glutamatergic transmission can be inhibitory via GluCl or excitatory via AMPA-like receptors. Unsigned weights maintained.
27624,LC4,L,visual_projection_input,acetylcholine,0.9503948571502981,acetylcholine,438,False,Receptor identity unmapped; cholinergic synapses can act via muscarinic receptors (inhibitory) or nicotinic receptors (excitatory); glutamatergic transmission can be inhibitory via GluCl or excitatory via AMPA-like receptors. Unsigned weights maintained.
27750,LC4,L,visual_projection_input,acetylcholine,0.9215149185560919,acetylcholine,365,False,Receptor identity unmapped; cholinergic synapses can act via muscarinic receptors (inhibitory) or nicotinic receptors (excitatory); glutamatergic transmission can be inhibitory via GluCl or excitatory via AMPA-like receptors. Unsigned weights maintained.
27829,LC4,L,visual_projection_input,acetylcholine,0.959426415822869,acetylcholine,317,False,Receptor identity unmapped; cholinergic synapses can act via muscarinic receptors (inhibitory) or nicotinic receptors (excitatory); glutamatergic transmission can be inhibitory via GluCl or excitatory via AMPA-like receptors. Unsigned weights maintained.
28945,LC4,R,visual_projection_input,acetylcholine,0.9280274184907913,acetylcholine,353,False,Receptor identity unmapped; cholinergic synapses can act via muscarinic receptors (inhibitory) or nicotinic receptors (excitatory); glutamatergic transmission can be inhibitory via GluCl or excitatory via AMPA-like receptors. Unsigned weights maintained.
28980,LC4,L,visual_projection_input,acetylcholine,0.9626759578262883,acetylcholine,322,False,Receptor identity unmapped; cholinergic synapses can act via muscarinic receptors (inhibitory) or nicotinic receptors (excitatory); glutamatergic transmission can be inhibitory via GluCl or excitatory via AMPA-like receptors. Unsigned weights maintained.
29417,LC4,L,visual_projection_input,acetylcholine,0.9508279270392025,acetylcholine,325,False,Receptor identity unmapped; cholinergic synapses can act via muscarinic receptors (inhibitory) or nicotinic receptors (excitatory); glutamatergic transmission can be inhibitory via GluCl or excitatory via AMPA-like receptors. Unsigned weights maintained.
29469,LC4,L,visual_projection_input,acetylcholine,0.955919793531394,acetylcholine,361,False,Receptor identity unmapped; cholinergic synapses can act via muscarinic receptors (inhibitory) or nicotinic receptors (excitatory); glutamatergic transmission can be inhibitory via GluCl or excitatory via AMPA-like receptors. Unsigned weights maintained.
29514,LC4,L,visual_projection_input,acetylcholine,0.961102319500704,acetylcholine,285,False,Receptor identity unmapped; cholinergic synapses can act via muscarinic receptors (inhibitory) or nicotinic receptors (excitatory); glutamatergic transmission can be inhibitory via GluCl or excitatory via AMPA-like receptors. Unsigned weights maintained.
29563,LC4,R,visual_projection_input,acetylcholine,0.9747326673375374,acetylcholine,354,False,Receptor identity unmapped; cholinergic synapses can act via muscarinic receptors (inhibitory) or nicotinic receptors (excitatory); glutamatergic transmission can be inhibitory via GluCl or excitatory via AMPA-like receptors. Unsigned weights maintained.
30087,LC4,L,visual_projection_input,acetylcholine,0.9580777169156861,acetylcholine,291,False,Receptor identity unmapped; cholinergic synapses can act via muscarinic receptors (inhibitory) or nicotinic receptors (excitatory); glutamatergic transmission can be inhibitory via GluCl or excitatory via AMPA-like receptors. Unsigned weights maintained.
30480,LC4,R,visual_projection_input,acetylcholine,0.9412277882761318,acetylcholine,376,False,Receptor identity unmapped; cholinergic synapses can act via muscarinic receptors (inhibitory) or nicotinic receptors (excitatory); glutamatergic transmission can be inhibitory via GluCl or excitatory via AMPA-like receptors. Unsigned weights maintained.
30803,LC4,R,visual_projection_input,acetylcholine,0.9201132097090077,acetylcholine,391,False,Receptor identity unmapped; cholinergic synapses can act via muscarinic receptors (inhibitory) or nicotinic receptors (excitatory); glutamatergic transmission can be inhibitory via GluCl or excitatory via AMPA-like receptors. Unsigned weights maintained.
31262,LC4,R,visual_projection_input,acetylcholine,0.9398639186994224,acetylcholine,361,False,Receptor identity unmapped; cholinergic synapses can act via muscarinic receptors (inhibitory) or nicotinic receptors (excitatory); glutamatergic transmission can be inhibitory via GluCl or excitatory via AMPA-like receptors. Unsigned weights maintained.
31301,LC4,L,visual_projection_input,acetylcholine,0.9688197068999093,acetylcholine,328,False,Receptor identity unmapped; cholinergic synapses can act via muscarinic receptors (inhibitory) or nicotinic receptors (excitatory); glutamatergic transmission can be inhibitory via GluCl or excitatory via AMPA-like receptors. Unsigned weights maintained.
31308,LC4,L,visual_projection_input,acetylcholine,0.9642624047418099,acetylcholine,278,False,Receptor identity unmapped; cholinergic synapses can act via muscarinic receptors (inhibitory) or nicotinic receptors (excitatory); glutamatergic transmission can be inhibitory via GluCl or excitatory via AMPA-like receptors. Unsigned weights maintained.
31429,LC4,L,visual_projection_input,acetylcholine,0.9629144217851269,acetylcholine,328,False,Receptor identity unmapped; cholinergic synapses can act via muscarinic receptors (inhibitory) or nicotinic receptors (excitatory); glutamatergic transmission can be inhibitory via GluCl or excitatory via AMPA-like receptors. Unsigned weights maintained.
32597,LC4,L,visual_projection_input,acetylcholine,0.9583741852104519,acetylcholine,356,False,Receptor identity unmapped; cholinergic synapses can act via muscarinic receptors (inhibitory) or nicotinic receptors (excitatory); glutamatergic transmission can be inhibitory via GluCl or excitatory via AMPA-like receptors. Unsigned weights maintained.
33137,LC4,L,visual_projection_input,acetylcholine,0.962822979681173,acetylcholine,326,False,Receptor identity unmapped; cholinergic synapses can act via muscarinic receptors (inhibitory) or nicotinic receptors (excitatory); glutamatergic transmission can be inhibitory via GluCl or excitatory via AMPA-like receptors. Unsigned weights maintained.
34845,LC4,L,visual_projection_input,acetylcholine,0.9480578821160757,acetylcholine,327,False,Receptor identity unmapped; cholinergic synapses can act via muscarinic receptors (inhibitory) or nicotinic receptors (excitatory); glutamatergic transmission can be inhibitory via GluCl or excitatory via AMPA-like receptors. Unsigned weights maintained.
35262,LC4,L,visual_projection_input,acetylcholine,0.9684090558439293,acetylcholine,307,False,Receptor identity unmapped; cholinergic synapses can act via muscarinic receptors (inhibitory) or nicotinic receptors (excitatory); glutamatergic transmission can be inhibitory via GluCl or excitatory via AMPA-like receptors. Unsigned weights maintained.
35616,LC4,L,visual_projection_input,acetylcholine,0.9714165471437943,acetylcholine,293,False,Receptor identity unmapped; cholinergic synapses can act via muscarinic receptors (inhibitory) or nicotinic receptors (excitatory); glutamatergic transmission can be inhibitory via GluCl or excitatory via AMPA-like receptors. Unsigned weights maintained.
37587,LC4,L,visual_projection_input,acetylcholine,0.9375773970050842,acetylcholine,365,False,Receptor identity unmapped; cholinergic synapses can act via muscarinic receptors (inhibitory) or nicotinic receptors (excitatory); glutamatergic transmission can be inhibitory via GluCl or excitatory via AMPA-like receptors. Unsigned weights maintained.
38065,LC4,R,visual_projection_input,acetylcholine,0.9571178561852994,acetylcholine,275,False,Receptor identity unmapped; cholinergic synapses can act via muscarinic receptors (inhibitory) or nicotinic receptors (excitatory); glutamatergic transmission can be inhibitory via GluCl or excitatory via AMPA-like receptors. Unsigned weights maintained.
77614,LC4,L,visual_projection_input,acetylcholine,0.9624433272474251,acetylcholine,395,False,Receptor identity unmapped; cholinergic synapses can act via muscarinic receptors (inhibitory) or nicotinic receptors (excitatory); glutamatergic transmission can be inhibitory via GluCl or excitatory via AMPA-like receptors. Unsigned weights maintained.
81112,LC4,L,visual_projection_input,acetylcholine,0.966254017960694,acetylcholine,457,False,Receptor identity unmapped; cholinergic synapses can act via muscarinic receptors (inhibitory) or nicotinic receptors (excitatory); glutamatergic transmission can be inhibitory via GluCl or excitatory via AMPA-like receptors. Unsigned weights maintained.
100485,LC4,L,visual_projection_input,acetylcholine,0.9441555173225762,acetylcholine,317,False,Receptor identity unmapped; cholinergic synapses can act via muscarinic receptors (inhibitory) or nicotinic receptors (excitatory); glutamatergic transmission can be inhibitory via GluCl or excitatory via AMPA-like receptors. Unsigned weights maintained.
107513,LC4,L,visual_projection_input,acetylcholine,0.9303247888138052,acetylcholine,284,False,Receptor identity unmapped; cholinergic synapses can act via muscarinic receptors (inhibitory) or nicotinic receptors (excitatory); glutamatergic transmission can be inhibitory via GluCl or excitatory via AMPA-like receptors. Unsigned weights maintained.
111787,LC4,L,visual_projection_input,acetylcholine,0.9413525424459154,acetylcholine,320,False,Receptor identity unmapped; cholinergic synapses can act via muscarinic receptors (inhibitory) or nicotinic receptors (excitatory); glutamatergic transmission can be inhibitory via GluCl or excitatory via AMPA-like receptors. Unsigned weights maintained.
511914,LC4,L,visual_projection_input,acetylcholine,0.9262266409151387,acetylcholine,360,False,Receptor identity unmapped; cholinergic synapses can act via muscarinic receptors (inhibitory) or nicotinic receptors (excitatory); glutamatergic transmission can be inhibitory via GluCl or excitatory via AMPA-like receptors. Unsigned weights maintained.
512366,LC4,L,visual_projection_input,acetylcholine,0.9609549569376338,acetylcholine,422,False,Receptor identity unmapped; cholinergic synapses can act via muscarinic receptors (inhibitory) or nicotinic receptors (excitatory); glutamatergic transmission can be inhibitory via GluCl or excitatory via AMPA-like receptors. Unsigned weights maintained.
512705,LC4,L,visual_projection_input,acetylcholine,0.968430694967923,acetylcholine,308,False,Receptor identity unmapped; cholinergic synapses can act via muscarinic receptors (inhibitory) or nicotinic receptors (excitatory); glutamatergic transmission can be inhibitory via GluCl or excitatory via AMPA-like receptors. Unsigned weights maintained.
514508,LC4,L,visual_projection_input,acetylcholine,0.9690175816813552,acetylcholine,339,False,Receptor identity unmapped; cholinergic synapses can act via muscarinic receptors (inhibitory) or nicotinic receptors (excitatory); glutamatergic transmission can be inhibitory via GluCl or excitatory via AMPA-like receptors. Unsigned weights maintained.
514956,LC4,L,visual_projection_input,acetylcholine,0.9716735963224868,acetylcholine,317,False,Receptor identity unmapped; cholinergic synapses can act via muscarinic receptors (inhibitory) or nicotinic receptors (excitatory); glutamatergic transmission can be inhibitory via GluCl or excitatory via AMPA-like receptors. Unsigned weights maintained.
515476,LC4,L,visual_projection_input,acetylcholine,0.961444491926156,acetylcholine,365,False,Receptor identity unmapped; cholinergic synapses can act via muscarinic receptors (inhibitory) or nicotinic receptors (excitatory); glutamatergic transmission can be inhibitory via GluCl or excitatory via AMPA-like receptors. Unsigned weights maintained.
515900,LC4,L,visual_projection_input,acetylcholine,0.9694046614297739,acetylcholine,546,False,Receptor identity unmapped; cholinergic synapses can act via muscarinic receptors (inhibitory) or nicotinic receptors (excitatory); glutamatergic transmission can be inhibitory via GluCl or excitatory via AMPA-like receptors. Unsigned weights maintained.
516909,LC4,L,visual_projection_input,acetylcholine,0.9690302532888261,acetylcholine,340,False,Receptor identity unmapped; cholinergic synapses can act via muscarinic receptors (inhibitory) or nicotinic receptors (excitatory); glutamatergic transmission can be inhibitory via GluCl or excitatory via AMPA-like receptors. Unsigned weights maintained.
517752,LC4,L,visual_projection_input,acetylcholine,0.9396756834544348,acetylcholine,277,False,Receptor identity unmapped; cholinergic synapses can act via muscarinic receptors (inhibitory) or nicotinic receptors (excitatory); glutamatergic transmission can be inhibitory via GluCl or excitatory via AMPA-like receptors. Unsigned weights maintained.
518016,LC4,L,visual_projection_input,acetylcholine,0.9682247287003968,acetylcholine,298,False,Receptor identity unmapped; cholinergic synapses can act via muscarinic receptors (inhibitory) or nicotinic receptors (excitatory); glutamatergic transmission can be inhibitory via GluCl or excitatory via AMPA-like receptors. Unsigned weights maintained.
518439,LC4,L,visual_projection_input,acetylcholine,0.9576842167613402,acetylcholine,455,False,Receptor identity unmapped; cholinergic synapses can act via muscarinic receptors (inhibitory) or nicotinic receptors (excitatory); glutamatergic transmission can be inhibitory via GluCl or excitatory via AMPA-like receptors. Unsigned weights maintained.
518544,LC4,L,visual_projection_input,acetylcholine,0.9535777840319114,acetylcholine,229,False,Receptor identity unmapped; cholinergic synapses can act via muscarinic receptors (inhibitory) or nicotinic receptors (excitatory); glutamatergic transmission can be inhibitory via GluCl or excitatory via AMPA-like receptors. Unsigned weights maintained.
518730,LC4,L,visual_projection_input,acetylcholine,0.9597557200792062,acetylcholine,324,False,Receptor identity unmapped; cholinergic synapses can act via muscarinic receptors (inhibitory) or nicotinic receptors (excitatory); glutamatergic transmission can be inhibitory via GluCl or excitatory via AMPA-like receptors. Unsigned weights maintained.
518983,LC4,L,visual_projection_input,acetylcholine,0.9693805752188591,acetylcholine,363,False,Receptor identity unmapped; cholinergic synapses can act via muscarinic receptors (inhibitory) or nicotinic receptors (excitatory); glutamatergic transmission can be inhibitory via GluCl or excitatory via AMPA-like receptors. Unsigned weights maintained.
519650,LC4,L,visual_projection_input,acetylcholine,0.9747326673375372,acetylcholine,298,False,Receptor identity unmapped; cholinergic synapses can act via muscarinic receptors (inhibitory) or nicotinic receptors (excitatory); glutamatergic transmission can be inhibitory via GluCl or excitatory via AMPA-like receptors. Unsigned weights maintained.
519931,LC4,L,visual_projection_input,acetylcholine,0.9718926615537063,acetylcholine,342,False,Receptor identity unmapped; cholinergic synapses can act via muscarinic receptors (inhibitory) or nicotinic receptors (excitatory); glutamatergic transmission can be inhibitory via GluCl or excitatory via AMPA-like receptors. Unsigned weights maintained.
520449,LC4,L,visual_projection_input,acetylcholine,0.9610306185695976,acetylcholine,354,False,Receptor identity unmapped; cholinergic synapses can act via muscarinic receptors (inhibitory) or nicotinic receptors (excitatory); glutamatergic transmission can be inhibitory via GluCl or excitatory via AMPA-like receptors. Unsigned weights maintained.
524899,LC4,L,visual_projection_input,acetylcholine,0.9698474002757187,acetylcholine,397,False,Receptor identity unmapped; cholinergic synapses can act via muscarinic receptors (inhibitory) or nicotinic receptors (excitatory); glutamatergic transmission can be inhibitory via GluCl or excitatory via AMPA-like receptors. Unsigned weights maintained.
526286,LC4,L,visual_projection_input,acetylcholine,0.9684498107033492,acetylcholine,309,False,Receptor identity unmapped; cholinergic synapses can act via muscarinic receptors (inhibitory) or nicotinic receptors (excitatory); glutamatergic transmission can be inhibitory via GluCl or excitatory via AMPA-like receptors. Unsigned weights maintained.
527408,LC4,R,visual_projection_input,acetylcholine,0.9601790157399877,acetylcholine,333,False,Receptor identity unmapped; cholinergic synapses can act via muscarinic receptors (inhibitory) or nicotinic receptors (excitatory); glutamatergic transmission can be inhibitory via GluCl or excitatory via AMPA-like receptors. Unsigned weights maintained.
530029,LC4,L,visual_projection_input,acetylcholine,0.9590374189282397,acetylcholine,371,False,Receptor identity unmapped; cholinergic synapses can act via muscarinic receptors (inhibitory) or nicotinic receptors (excitatory); glutamatergic transmission can be inhibitory via GluCl or excitatory via AMPA-like receptors. Unsigned weights maintained.
532254,LC4,L,visual_projection_input,acetylcholine,0.9747326673375373,acetylcholine,379,False,Receptor identity unmapped; cholinergic synapses can act via muscarinic receptors (inhibitory) or nicotinic receptors (excitatory); glutamatergic transmission can be inhibitory via GluCl or excitatory via AMPA-like receptors. Unsigned weights maintained.
533129,LC4,L,visual_projection_input,acetylcholine,0.9650506896155493,acetylcholine,400,False,Receptor identity unmapped; cholinergic synapses can act via muscarinic receptors (inhibitory) or nicotinic receptors (excitatory); glutamatergic transmission can be inhibitory via GluCl or excitatory via AMPA-like receptors. Unsigned weights maintained.
535341,LC4,L,visual_projection_input,acetylcholine,0.9682897711832469,acetylcholine,301,False,Receptor identity unmapped; cholinergic synapses can act via muscarinic receptors (inhibitory) or nicotinic receptors (excitatory); glutamatergic transmission can be inhibitory via GluCl or excitatory via AMPA-like receptors. Unsigned weights maintained.
11498,LPLC2,L,visual_projection_input,acetylcholine,0.9719990839316764,acetylcholine,354,False,Receptor identity unmapped; cholinergic synapses can act via muscarinic receptors (inhibitory) or nicotinic receptors (excitatory); glutamatergic transmission can be inhibitory via GluCl or excitatory via AMPA-like receptors. Unsigned weights maintained.
12384,LPLC2,L,visual_projection_input,acetylcholine,0.9638177385905793,acetylcholine,356,False,Receptor identity unmapped; cholinergic synapses can act via muscarinic receptors (inhibitory) or nicotinic receptors (excitatory); glutamatergic transmission can be inhibitory via GluCl or excitatory via AMPA-like receptors. Unsigned weights maintained.
13132,LPLC2,L,visual_projection_input,acetylcholine,0.9622623064173241,acetylcholine,311,False,Receptor identity unmapped; cholinergic synapses can act via muscarinic receptors (inhibitory) or nicotinic receptors (excitatory); glutamatergic transmission can be inhibitory via GluCl or excitatory via AMPA-like receptors. Unsigned weights maintained.
13726,LPLC2,L,visual_projection_input,acetylcholine,0.939632215019012,acetylcholine,442,False,Receptor identity unmapped; cholinergic synapses can act via muscarinic receptors (inhibitory) or nicotinic receptors (excitatory); glutamatergic transmission can be inhibitory via GluCl or excitatory via AMPA-like receptors. Unsigned weights maintained.
13764,LPLC2,L,visual_projection_input,acetylcholine,0.9597159223965809,acetylcholine,323,False,Receptor identity unmapped; cholinergic synapses can act via muscarinic receptors (inhibitory) or nicotinic receptors (excitatory); glutamatergic transmission can be inhibitory via GluCl or excitatory via AMPA-like receptors. Unsigned weights maintained.
14030,LPLC2,L,visual_projection_input,acetylcholine,0.9553313439349465,acetylcholine,300,False,Receptor identity unmapped; cholinergic synapses can act via muscarinic receptors (inhibitory) or nicotinic receptors (excitatory); glutamatergic transmission can be inhibitory via GluCl or excitatory via AMPA-like receptors. Unsigned weights maintained.
14102,LPLC2,L,visual_projection_input,acetylcholine,0.9594039737247122,acetylcholine,379,False,Receptor identity unmapped; cholinergic synapses can act via muscarinic receptors (inhibitory) or nicotinic receptors (excitatory); glutamatergic transmission can be inhibitory via GluCl or excitatory via AMPA-like receptors. Unsigned weights maintained.
14465,LPLC2,R,visual_projection_input,acetylcholine,0.9539464698220076,acetylcholine,327,False,Receptor identity unmapped; cholinergic synapses can act via muscarinic receptors (inhibitory) or nicotinic receptors (excitatory); glutamatergic transmission can be inhibitory via GluCl or excitatory via AMPA-like receptors. Unsigned weights maintained.
15804,LPLC2,L,visual_projection_input,acetylcholine,0.9670126567451541,acetylcholine,377,False,Receptor identity unmapped; cholinergic synapses can act via muscarinic receptors (inhibitory) or nicotinic receptors (excitatory); glutamatergic transmission can be inhibitory via GluCl or excitatory via AMPA-like receptors. Unsigned weights maintained.
17059,LPLC2,L,visual_projection_input,acetylcholine,0.9545057197690786,acetylcholine,336,False,Receptor identity unmapped; cholinergic synapses can act via muscarinic receptors (inhibitory) or nicotinic receptors (excitatory); glutamatergic transmission can be inhibitory via GluCl or excitatory via AMPA-like receptors. Unsigned weights maintained.
17544,LPLC2,L,visual_projection_input,acetylcholine,0.9507301245734692,acetylcholine,323,False,Receptor identity unmapped; cholinergic synapses can act via muscarinic receptors (inhibitory) or nicotinic receptors (excitatory); glutamatergic transmission can be inhibitory via GluCl or excitatory via AMPA-like receptors. Unsigned weights maintained.
17551,LPLC2,R,visual_projection_input,acetylcholine,0.9477360798295283,acetylcholine,431,False,Receptor identity unmapped; cholinergic synapses can act via muscarinic receptors (inhibitory) or nicotinic receptors (excitatory); glutamatergic transmission can be inhibitory via GluCl or excitatory via AMPA-like receptors. Unsigned weights maintained.
17774,LPLC2,L,visual_projection_input,acetylcholine,0.9456907438722101,acetylcholine,334,False,Receptor identity unmapped; cholinergic synapses can act via muscarinic receptors (inhibitory) or nicotinic receptors (excitatory); glutamatergic transmission can be inhibitory via GluCl or excitatory via AMPA-like receptors. Unsigned weights maintained.
17775,LPLC2,L,visual_projection_input,acetylcholine,0.931808503611733,acetylcholine,384,False,Receptor identity unmapped; cholinergic synapses can act via muscarinic receptors (inhibitory) or nicotinic receptors (excitatory); glutamatergic transmission can be inhibitory via GluCl or excitatory via AMPA-like receptors. Unsigned weights maintained.
17880,LPLC2,L,visual_projection_input,acetylcholine,0.9645065878433379,acetylcholine,285,False,Receptor identity unmapped; cholinergic synapses can act via muscarinic receptors (inhibitory) or nicotinic receptors (excitatory); glutamatergic transmission can be inhibitory via GluCl or excitatory via AMPA-like receptors. Unsigned weights maintained.
17990,LPLC2,L,visual_projection_input,acetylcholine,0.9501138157092308,acetylcholine,355,False,Receptor identity unmapped; cholinergic synapses can act via muscarinic receptors (inhibitory) or nicotinic receptors (excitatory); glutamatergic transmission can be inhibitory via GluCl or excitatory via AMPA-like receptors. Unsigned weights maintained.
18672,LPLC2,R,visual_projection_input,acetylcholine,0.9573228576665666,acetylcholine,446,False,Receptor identity unmapped; cholinergic synapses can act via muscarinic receptors (inhibitory) or nicotinic receptors (excitatory); glutamatergic transmission can be inhibitory via GluCl or excitatory via AMPA-like receptors. Unsigned weights maintained.
18900,LPLC2,L,visual_projection_input,acetylcholine,0.9504534276885411,acetylcholine,360,False,Receptor identity unmapped; cholinergic synapses can act via muscarinic receptors (inhibitory) or nicotinic receptors (excitatory); glutamatergic transmission can be inhibitory via GluCl or excitatory via AMPA-like receptors. Unsigned weights maintained.
18929,LPLC2,R,visual_projection_input,acetylcholine,0.969434933720748,acetylcholine,366,False,Receptor identity unmapped; cholinergic synapses can act via muscarinic receptors (inhibitory) or nicotinic receptors (excitatory); glutamatergic transmission can be inhibitory via GluCl or excitatory via AMPA-like receptors. Unsigned weights maintained.
18936,LPLC2,L,visual_projection_input,acetylcholine,0.9535206501303715,acetylcholine,412,False,Receptor identity unmapped; cholinergic synapses can act via muscarinic receptors (inhibitory) or nicotinic receptors (excitatory); glutamatergic transmission can be inhibitory via GluCl or excitatory via AMPA-like receptors. Unsigned weights maintained.
19034,LPLC2,R,visual_projection_input,acetylcholine,0.9557025591331909,acetylcholine,408,False,Receptor identity unmapped; cholinergic synapses can act via muscarinic receptors (inhibitory) or nicotinic receptors (excitatory); glutamatergic transmission can be inhibitory via GluCl or excitatory via AMPA-like receptors. Unsigned weights maintained.
19146,LPLC2,R,visual_projection_input,acetylcholine,0.9458815032166805,acetylcholine,403,False,Receptor identity unmapped; cholinergic synapses can act via muscarinic receptors (inhibitory) or nicotinic receptors (excitatory); glutamatergic transmission can be inhibitory via GluCl or excitatory via AMPA-like receptors. Unsigned weights maintained.
19229,LPLC2,R,visual_projection_input,acetylcholine,0.950219079323084,acetylcholine,396,False,Receptor identity unmapped; cholinergic synapses can act via muscarinic receptors (inhibitory) or nicotinic receptors (excitatory); glutamatergic transmission can be inhibitory via GluCl or excitatory via AMPA-like receptors. Unsigned weights maintained.
19249,LPLC2,R,visual_projection_input,acetylcholine,0.9565573814195529,acetylcholine,320,False,Receptor identity unmapped; cholinergic synapses can act via muscarinic receptors (inhibitory) or nicotinic receptors (excitatory); glutamatergic transmission can be inhibitory via GluCl or excitatory via AMPA-like receptors. Unsigned weights maintained.
19549,LPLC2,R,visual_projection_input,acetylcholine,0.958316212138652,acetylcholine,355,False,Receptor identity unmapped; cholinergic synapses can act via muscarinic receptors (inhibitory) or nicotinic receptors (excitatory); glutamatergic transmission can be inhibitory via GluCl or excitatory via AMPA-like receptors. Unsigned weights maintained.
19589,LPLC2,R,visual_projection_input,acetylcholine,0.9545327819107509,acetylcholine,384,False,Receptor identity unmapped; cholinergic synapses can act via muscarinic receptors (inhibitory) or nicotinic receptors (excitatory); glutamatergic transmission can be inhibitory via GluCl or excitatory via AMPA-like receptors. Unsigned weights maintained.
19608,LPLC2,R,visual_projection_input,acetylcholine,0.961024764794162,acetylcholine,425,False,Receptor identity unmapped; cholinergic synapses can act via muscarinic receptors (inhibitory) or nicotinic receptors (excitatory); glutamatergic transmission can be inhibitory via GluCl or excitatory via AMPA-like receptors. Unsigned weights maintained.
19787,LPLC2,L,visual_projection_input,acetylcholine,0.9388947765370255,acetylcholine,379,False,Receptor identity unmapped; cholinergic synapses can act via muscarinic receptors (inhibitory) or nicotinic receptors (excitatory); glutamatergic transmission can be inhibitory via GluCl or excitatory via AMPA-like receptors. Unsigned weights maintained.
19830,LPLC2,L,visual_projection_input,acetylcholine,0.9502299826415652,acetylcholine,396,False,Receptor identity unmapped; cholinergic synapses can act via muscarinic receptors (inhibitory) or nicotinic receptors (excitatory); glutamatergic transmission can be inhibitory via GluCl or excitatory via AMPA-like receptors. Unsigned weights maintained.
19842,LPLC2,R,visual_projection_input,acetylcholine,0.9716479778512098,acetylcholine,315,False,Receptor identity unmapped; cholinergic synapses can act via muscarinic receptors (inhibitory) or nicotinic receptors (excitatory); glutamatergic transmission can be inhibitory via GluCl or excitatory via AMPA-like receptors. Unsigned weights maintained.
19911,LPLC2,L,visual_projection_input,acetylcholine,0.9445652548418033,acetylcholine,257,False,Receptor identity unmapped; cholinergic synapses can act via muscarinic receptors (inhibitory) or nicotinic receptors (excitatory); glutamatergic transmission can be inhibitory via GluCl or excitatory via AMPA-like receptors. Unsigned weights maintained.
20047,LPLC2,R,visual_projection_input,acetylcholine,0.9510197194199255,acetylcholine,409,False,Receptor identity unmapped; cholinergic synapses can act via muscarinic receptors (inhibitory) or nicotinic receptors (excitatory); glutamatergic transmission can be inhibitory via GluCl or excitatory via AMPA-like receptors. Unsigned weights maintained.
20103,LPLC2,R,visual_projection_input,acetylcholine,0.9423148831387937,acetylcholine,419,False,Receptor identity unmapped; cholinergic synapses can act via muscarinic receptors (inhibitory) or nicotinic receptors (excitatory); glutamatergic transmission can be inhibitory via GluCl or excitatory via AMPA-like receptors. Unsigned weights maintained.
20162,LPLC2,R,visual_projection_input,acetylcholine,0.9248057134409159,acetylcholine,428,False,Receptor identity unmapped; cholinergic synapses can act via muscarinic receptors (inhibitory) or nicotinic receptors (excitatory); glutamatergic transmission can be inhibitory via GluCl or excitatory via AMPA-like receptors. Unsigned weights maintained.
20182,LPLC2,R,visual_projection_input,acetylcholine,0.9544594940057624,acetylcholine,383,False,Receptor identity unmapped; cholinergic synapses can act via muscarinic receptors (inhibitory) or nicotinic receptors (excitatory); glutamatergic transmission can be inhibitory via GluCl or excitatory via AMPA-like receptors. Unsigned weights maintained.
20240,LPLC2,L,visual_projection_input,acetylcholine,0.9604633783218115,acetylcholine,408,False,Receptor identity unmapped; cholinergic synapses can act via muscarinic receptors (inhibitory) or nicotinic receptors (excitatory); glutamatergic transmission can be inhibitory via GluCl or excitatory via AMPA-like receptors. Unsigned weights maintained.
20269,LPLC2,R,visual_projection_input,acetylcholine,0.9529461378362415,acetylcholine,401,False,Receptor identity unmapped; cholinergic synapses can act via muscarinic receptors (inhibitory) or nicotinic receptors (excitatory); glutamatergic transmission can be inhibitory via GluCl or excitatory via AMPA-like receptors. Unsigned weights maintained.
20329,LPLC2,L,visual_projection_input,acetylcholine,0.9469972934697559,acetylcholine,350,False,Receptor identity unmapped; cholinergic synapses can act via muscarinic receptors (inhibitory) or nicotinic receptors (excitatory); glutamatergic transmission can be inhibitory via GluCl or excitatory via AMPA-like receptors. Unsigned weights maintained.
20334,LPLC2,R,visual_projection_input,acetylcholine,0.9550554775295428,acetylcholine,345,False,Receptor identity unmapped; cholinergic synapses can act via muscarinic receptors (inhibitory) or nicotinic receptors (excitatory); glutamatergic transmission can be inhibitory via GluCl or excitatory via AMPA-like receptors. Unsigned weights maintained.
20471,LPLC2,R,visual_projection_input,acetylcholine,0.8695915342936203,acetylcholine,471,False,Receptor identity unmapped; cholinergic synapses can act via muscarinic receptors (inhibitory) or nicotinic receptors (excitatory); glutamatergic transmission can be inhibitory via GluCl or excitatory via AMPA-like receptors. Unsigned weights maintained.
20535,LPLC2,R,visual_projection_input,acetylcholine,0.949844081057672,acetylcholine,390,False,Receptor identity unmapped; cholinergic synapses can act via muscarinic receptors (inhibitory) or nicotinic receptors (excitatory); glutamatergic transmission can be inhibitory via GluCl or excitatory via AMPA-like receptors. Unsigned weights maintained.
20584,LPLC2,R,visual_projection_input,acetylcholine,0.9498452216448902,acetylcholine,312,False,Receptor identity unmapped; cholinergic synapses can act via muscarinic receptors (inhibitory) or nicotinic receptors (excitatory); glutamatergic transmission can be inhibitory via GluCl or excitatory via AMPA-like receptors. Unsigned weights maintained.
20694,LPLC2,R,visual_projection_input,acetylcholine,0.9629909970442846,acetylcholine,331,False,Receptor identity unmapped; cholinergic synapses can act via muscarinic receptors (inhibitory) or nicotinic receptors (excitatory); glutamatergic transmission can be inhibitory via GluCl or excitatory via AMPA-like receptors. Unsigned weights maintained.
20749,LPLC2,R,visual_projection_input,acetylcholine,0.9662125278096403,acetylcholine,342,False,Receptor identity unmapped; cholinergic synapses can act via muscarinic receptors (inhibitory) or nicotinic receptors (excitatory); glutamatergic transmission can be inhibitory via GluCl or excitatory via AMPA-like receptors. Unsigned weights maintained.
20799,LPLC2,L,visual_projection_input,acetylcholine,0.9535165024415005,acetylcholine,366,False,Receptor identity unmapped; cholinergic synapses can act via muscarinic receptors (inhibitory) or nicotinic receptors (excitatory); glutamatergic transmission can be inhibitory via GluCl or excitatory via AMPA-like receptors. Unsigned weights maintained.
21045,LPLC2,R,visual_projection_input,acetylcholine,0.9427957666126541,acetylcholine,395,False,Receptor identity unmapped; cholinergic synapses can act via muscarinic receptors (inhibitory) or nicotinic receptors (excitatory); glutamatergic transmission can be inhibitory via GluCl or excitatory via AMPA-like receptors. Unsigned weights maintained.
21299,LPLC2,L,visual_projection_input,acetylcholine,0.9600793540395027,acetylcholine,331,False,Receptor identity unmapped; cholinergic synapses can act via muscarinic receptors (inhibitory) or nicotinic receptors (excitatory); glutamatergic transmission can be inhibitory via GluCl or excitatory via AMPA-like receptors. Unsigned weights maintained.
21318,LPLC2,R,visual_projection_input,acetylcholine,0.9505722848527999,acetylcholine,281,False,Receptor identity unmapped; cholinergic synapses can act via muscarinic receptors (inhibitory) or nicotinic receptors (excitatory); glutamatergic transmission can be inhibitory via GluCl or excitatory via AMPA-like receptors. Unsigned weights maintained.
21361,LPLC2,L,visual_projection_input,acetylcholine,0.9576838130925643,acetylcholine,341,False,Receptor identity unmapped; cholinergic synapses can act via muscarinic receptors (inhibitory) or nicotinic receptors (excitatory); glutamatergic transmission can be inhibitory via GluCl or excitatory via AMPA-like receptors. Unsigned weights maintained.
21562,LPLC2,R,visual_projection_input,acetylcholine,0.9569848140052273,acetylcholine,383,False,Receptor identity unmapped; cholinergic synapses can act via muscarinic receptors (inhibitory) or nicotinic receptors (excitatory); glutamatergic transmission can be inhibitory via GluCl or excitatory via AMPA-like receptors. Unsigned weights maintained.
21703,LPLC2,R,visual_projection_input,acetylcholine,0.9315572619993122,acetylcholine,337,False,Receptor identity unmapped; cholinergic synapses can act via muscarinic receptors (inhibitory) or nicotinic receptors (excitatory); glutamatergic transmission can be inhibitory via GluCl or excitatory via AMPA-like receptors. Unsigned weights maintained.
21769,LPLC2,R,visual_projection_input,acetylcholine,0.9479825931088266,acetylcholine,399,False,Receptor identity unmapped; cholinergic synapses can act via muscarinic receptors (inhibitory) or nicotinic receptors (excitatory); glutamatergic transmission can be inhibitory via GluCl or excitatory via AMPA-like receptors. Unsigned weights maintained.
21808,LPLC2,R,visual_projection_input,acetylcholine,0.9586682634273505,acetylcholine,423,False,Receptor identity unmapped; cholinergic synapses can act via muscarinic receptors (inhibitory) or nicotinic receptors (excitatory); glutamatergic transmission can be inhibitory via GluCl or excitatory via AMPA-like receptors. Unsigned weights maintained.
21862,LPLC2,R,visual_projection_input,acetylcholine,0.9458691672392405,acetylcholine,370,False,Receptor identity unmapped; cholinergic synapses can act via muscarinic receptors (inhibitory) or nicotinic receptors (excitatory); glutamatergic transmission can be inhibitory via GluCl or excitatory via AMPA-like receptors. Unsigned weights maintained.
21899,LPLC2,R,visual_projection_input,acetylcholine,0.9602425736278616,acetylcholine,335,False,Receptor identity unmapped; cholinergic synapses can act via muscarinic receptors (inhibitory) or nicotinic receptors (excitatory); glutamatergic transmission can be inhibitory via GluCl or excitatory via AMPA-like receptors. Unsigned weights maintained.
22218,LPLC2,R,visual_projection_input,acetylcholine,0.9536272172486061,acetylcholine,322,False,Receptor identity unmapped; cholinergic synapses can act via muscarinic receptors (inhibitory) or nicotinic receptors (excitatory); glutamatergic transmission can be inhibitory via GluCl or excitatory via AMPA-like receptors. Unsigned weights maintained.
22253,LPLC2,L,visual_projection_input,acetylcholine,0.9475025459661386,acetylcholine,392,False,Receptor identity unmapped; cholinergic synapses can act via muscarinic receptors (inhibitory) or nicotinic receptors (excitatory); glutamatergic transmission can be inhibitory via GluCl or excitatory via AMPA-like receptors. Unsigned weights maintained.
22261,LPLC2,R,visual_projection_input,acetylcholine,0.897933191420056,acetylcholine,354,False,Receptor identity unmapped; cholinergic synapses can act via muscarinic receptors (inhibitory) or nicotinic receptors (excitatory); glutamatergic transmission can be inhibitory via GluCl or excitatory via AMPA-like receptors. Unsigned weights maintained.
22557,LPLC2,L,visual_projection_input,acetylcholine,0.9423776274910894,acetylcholine,390,False,Receptor identity unmapped; cholinergic synapses can act via muscarinic receptors (inhibitory) or nicotinic receptors (excitatory); glutamatergic transmission can be inhibitory via GluCl or excitatory via AMPA-like receptors. Unsigned weights maintained.
22677,LPLC2,R,visual_projection_input,acetylcholine,0.968966357445747,acetylcholine,337,False,Receptor identity unmapped; cholinergic synapses can act via muscarinic receptors (inhibitory) or nicotinic receptors (excitatory); glutamatergic transmission can be inhibitory via GluCl or excitatory via AMPA-like receptors. Unsigned weights maintained.
23247,LPLC2,L,visual_projection_input,acetylcholine,0.9585126702785411,acetylcholine,359,False,Receptor identity unmapped; cholinergic synapses can act via muscarinic receptors (inhibitory) or nicotinic receptors (excitatory); glutamatergic transmission can be inhibitory via GluCl or excitatory via AMPA-like receptors. Unsigned weights maintained.
23349,LPLC2,L,visual_projection_input,acetylcholine,0.9201390532994129,acetylcholine,391,False,Receptor identity unmapped; cholinergic synapses can act via muscarinic receptors (inhibitory) or nicotinic receptors (excitatory); glutamatergic transmission can be inhibitory via GluCl or excitatory via AMPA-like receptors. Unsigned weights maintained.
23497,LPLC2,R,visual_projection_input,acetylcholine,0.9492677940186429,acetylcholine,419,False,Receptor identity unmapped; cholinergic synapses can act via muscarinic receptors (inhibitory) or nicotinic receptors (excitatory); glutamatergic transmission can be inhibitory via GluCl or excitatory via AMPA-like receptors. Unsigned weights maintained.
23550,LPLC2,L,visual_projection_input,acetylcholine,0.9618776443664173,acetylcholine,302,False,Receptor identity unmapped; cholinergic synapses can act via muscarinic receptors (inhibitory) or nicotinic receptors (excitatory); glutamatergic transmission can be inhibitory via GluCl or excitatory via AMPA-like receptors. Unsigned weights maintained.
23590,LPLC2,R,visual_projection_input,acetylcholine,0.9437587268314594,acetylcholine,376,False,Receptor identity unmapped; cholinergic synapses can act via muscarinic receptors (inhibitory) or nicotinic receptors (excitatory); glutamatergic transmission can be inhibitory via GluCl or excitatory via AMPA-like receptors. Unsigned weights maintained.
23665,LPLC2,L,visual_projection_input,acetylcholine,0.9682830037875783,acetylcholine,301,False,Receptor identity unmapped; cholinergic synapses can act via muscarinic receptors (inhibitory) or nicotinic receptors (excitatory); glutamatergic transmission can be inhibitory via GluCl or excitatory via AMPA-like receptors. Unsigned weights maintained.
23878,LPLC2,R,visual_projection_input,acetylcholine,0.9540097659265037,acetylcholine,375,False,Receptor identity unmapped; cholinergic synapses can act via muscarinic receptors (inhibitory) or nicotinic receptors (excitatory); glutamatergic transmission can be inhibitory via GluCl or excitatory via AMPA-like receptors. Unsigned weights maintained.
23919,LPLC2,L,visual_projection_input,acetylcholine,0.9617293249738659,acetylcholine,373,False,Receptor identity unmapped; cholinergic synapses can act via muscarinic receptors (inhibitory) or nicotinic receptors (excitatory); glutamatergic transmission can be inhibitory via GluCl or excitatory via AMPA-like receptors. Unsigned weights maintained.
24118,LPLC2,R,visual_projection_input,acetylcholine,0.9417706342048847,acetylcholine,324,False,Receptor identity unmapped; cholinergic synapses can act via muscarinic receptors (inhibitory) or nicotinic receptors (excitatory); glutamatergic transmission can be inhibitory via GluCl or excitatory via AMPA-like receptors. Unsigned weights maintained.
24187,LPLC2,R,visual_projection_input,acetylcholine,0.9565906010618173,acetylcholine,374,False,Receptor identity unmapped; cholinergic synapses can act via muscarinic receptors (inhibitory) or nicotinic receptors (excitatory); glutamatergic transmission can be inhibitory via GluCl or excitatory via AMPA-like receptors. Unsigned weights maintained.
24268,LPLC2,R,visual_projection_input,acetylcholine,0.954882821803751,acetylcholine,391,False,Receptor identity unmapped; cholinergic synapses can act via muscarinic receptors (inhibitory) or nicotinic receptors (excitatory); glutamatergic transmission can be inhibitory via GluCl or excitatory via AMPA-like receptors. Unsigned weights maintained.
24308,LPLC2,L,visual_projection_input,acetylcholine,0.9585068167866044,acetylcholine,359,False,Receptor identity unmapped; cholinergic synapses can act via muscarinic receptors (inhibitory) or nicotinic receptors (excitatory); glutamatergic transmission can be inhibitory via GluCl or excitatory via AMPA-like receptors. Unsigned weights maintained.
24401,LPLC2,R,visual_projection_input,acetylcholine,0.9587004071225642,acetylcholine,303,False,Receptor identity unmapped; cholinergic synapses can act via muscarinic receptors (inhibitory) or nicotinic receptors (excitatory); glutamatergic transmission can be inhibitory via GluCl or excitatory via AMPA-like receptors. Unsigned weights maintained.
24568,LPLC2,L,visual_projection_input,acetylcholine,0.9599839206531233,acetylcholine,329,False,Receptor identity unmapped; cholinergic synapses can act via muscarinic receptors (inhibitory) or nicotinic receptors (excitatory); glutamatergic transmission can be inhibitory via GluCl or excitatory via AMPA-like receptors. Unsigned weights maintained.
24605,LPLC2,L,visual_projection_input,acetylcholine,0.9615981290535006,acetylcholine,295,False,Receptor identity unmapped; cholinergic synapses can act via muscarinic receptors (inhibitory) or nicotinic receptors (excitatory); glutamatergic transmission can be inhibitory via GluCl or excitatory via AMPA-like receptors. Unsigned weights maintained.
24800,LPLC2,R,visual_projection_input,acetylcholine,0.9622946530074762,acetylcholine,312,False,Receptor identity unmapped; cholinergic synapses can act via muscarinic receptors (inhibitory) or nicotinic receptors (excitatory); glutamatergic transmission can be inhibitory via GluCl or excitatory via AMPA-like receptors. Unsigned weights maintained.
24840,LPLC2,L,visual_projection_input,acetylcholine,0.9715259900544789,acetylcholine,303,False,Receptor identity unmapped; cholinergic synapses can act via muscarinic receptors (inhibitory) or nicotinic receptors (excitatory); glutamatergic transmission can be inhibitory via GluCl or excitatory via AMPA-like receptors. Unsigned weights maintained.
25027,LPLC2,L,visual_projection_input,acetylcholine,0.9602486152054528,acetylcholine,268,False,Receptor identity unmapped; cholinergic synapses can act via muscarinic receptors (inhibitory) or nicotinic receptors (excitatory); glutamatergic transmission can be inhibitory via GluCl or excitatory via AMPA-like receptors. Unsigned weights maintained.
25136,LPLC2,L,visual_projection_input,acetylcholine,0.9632587355091107,acetylcholine,254,False,Receptor identity unmapped; cholinergic synapses can act via muscarinic receptors (inhibitory) or nicotinic receptors (excitatory); glutamatergic transmission can be inhibitory via GluCl or excitatory via AMPA-like receptors. Unsigned weights maintained.
25209,LPLC2,L,visual_projection_input,acetylcholine,0.9601783531008817,acetylcholine,267,False,Receptor identity unmapped; cholinergic synapses can act via muscarinic receptors (inhibitory) or nicotinic receptors (excitatory); glutamatergic transmission can be inhibitory via GluCl or excitatory via AMPA-like receptors. Unsigned weights maintained.
25253,LPLC2,R,visual_projection_input,acetylcholine,0.9549329350841347,acetylcholine,343,False,Receptor identity unmapped; cholinergic synapses can act via muscarinic receptors (inhibitory) or nicotinic receptors (excitatory); glutamatergic transmission can be inhibitory via GluCl or excitatory via AMPA-like receptors. Unsigned weights maintained.
25267,LPLC2,R,visual_projection_input,acetylcholine,0.9610270932869746,acetylcholine,283,False,Receptor identity unmapped; cholinergic synapses can act via muscarinic receptors (inhibitory) or nicotinic receptors (excitatory); glutamatergic transmission can be inhibitory via GluCl or excitatory via AMPA-like receptors. Unsigned weights maintained.
25286,LPLC2,L,visual_projection_input,acetylcholine,0.9718148798997996,acetylcholine,333,False,Receptor identity unmapped; cholinergic synapses can act via muscarinic receptors (inhibitory) or nicotinic receptors (excitatory); glutamatergic transmission can be inhibitory via GluCl or excitatory via AMPA-like receptors. Unsigned weights maintained.
25316,LPLC2,R,visual_projection_input,acetylcholine,0.9646494927848596,acetylcholine,289,False,Receptor identity unmapped; cholinergic synapses can act via muscarinic receptors (inhibitory) or nicotinic receptors (excitatory); glutamatergic transmission can be inhibitory via GluCl or excitatory via AMPA-like receptors. Unsigned weights maintained.
25497,LPLC2,R,visual_projection_input,acetylcholine,0.967953050191576,acetylcholine,286,False,Receptor identity unmapped; cholinergic synapses can act via muscarinic receptors (inhibitory) or nicotinic receptors (excitatory); glutamatergic transmission can be inhibitory via GluCl or excitatory via AMPA-like receptors. Unsigned weights maintained.
25511,LPLC2,R,visual_projection_input,acetylcholine,0.9546025843319051,acetylcholine,289,False,Receptor identity unmapped; cholinergic synapses can act via muscarinic receptors (inhibitory) or nicotinic receptors (excitatory); glutamatergic transmission can be inhibitory via GluCl or excitatory via AMPA-like receptors. Unsigned weights maintained.
25524,LPLC2,L,visual_projection_input,acetylcholine,0.9575816270609004,acetylcholine,283,False,Receptor identity unmapped; cholinergic synapses can act via muscarinic receptors (inhibitory) or nicotinic receptors (excitatory); glutamatergic transmission can be inhibitory via GluCl or excitatory via AMPA-like receptors. Unsigned weights maintained.
25572,LPLC2,L,visual_projection_input,acetylcholine,0.9633756375241123,acetylcholine,342,False,Receptor identity unmapped; cholinergic synapses can act via muscarinic receptors (inhibitory) or nicotinic receptors (excitatory); glutamatergic transmission can be inhibitory via GluCl or excitatory via AMPA-like receptors. Unsigned weights maintained.
25575,LPLC2,L,visual_projection_input,acetylcholine,0.947882856391675,acetylcholine,253,False,Receptor identity unmapped; cholinergic synapses can act via muscarinic receptors (inhibitory) or nicotinic receptors (excitatory); glutamatergic transmission can be inhibitory via GluCl or excitatory via AMPA-like receptors. Unsigned weights maintained.
25636,LPLC2,R,visual_projection_input,acetylcholine,0.9600963523002438,acetylcholine,265,False,Receptor identity unmapped; cholinergic synapses can act via muscarinic receptors (inhibitory) or nicotinic receptors (excitatory); glutamatergic transmission can be inhibitory via GluCl or excitatory via AMPA-like receptors. Unsigned weights maintained.
25854,LPLC2,L,visual_projection_input,acetylcholine,0.952972835676604,acetylcholine,312,False,Receptor identity unmapped; cholinergic synapses can act via muscarinic receptors (inhibitory) or nicotinic receptors (excitatory); glutamatergic transmission can be inhibitory via GluCl or excitatory via AMPA-like receptors. Unsigned weights maintained.
26147,LPLC2,R,visual_projection_input,acetylcholine,0.9434178784590433,acetylcholine,310,False,Receptor identity unmapped; cholinergic synapses can act via muscarinic receptors (inhibitory) or nicotinic receptors (excitatory); glutamatergic transmission can be inhibitory via GluCl or excitatory via AMPA-like receptors. Unsigned weights maintained.
26393,LPLC2,R,visual_projection_input,acetylcholine,0.9379976560133138,acetylcholine,317,False,Receptor identity unmapped; cholinergic synapses can act via muscarinic receptors (inhibitory) or nicotinic receptors (excitatory); glutamatergic transmission can be inhibitory via GluCl or excitatory via AMPA-like receptors. Unsigned weights maintained.
26416,LPLC2,L,visual_projection_input,acetylcholine,0.9569553941520443,acetylcholine,327,False,Receptor identity unmapped; cholinergic synapses can act via muscarinic receptors (inhibitory) or nicotinic receptors (excitatory); glutamatergic transmission can be inhibitory via GluCl or excitatory via AMPA-like receptors. Unsigned weights maintained.
26528,LPLC2,L,visual_projection_input,acetylcholine,0.9483296309001391,acetylcholine,331,False,Receptor identity unmapped; cholinergic synapses can act via muscarinic receptors (inhibitory) or nicotinic receptors (excitatory); glutamatergic transmission can be inhibitory via GluCl or excitatory via AMPA-like receptors. Unsigned weights maintained.
26730,LPLC2,R,visual_projection_input,acetylcholine,0.9379301490459037,acetylcholine,343,False,Receptor identity unmapped; cholinergic synapses can act via muscarinic receptors (inhibitory) or nicotinic receptors (excitatory); glutamatergic transmission can be inhibitory via GluCl or excitatory via AMPA-like receptors. Unsigned weights maintained.
26915,LPLC2,R,visual_projection_input,acetylcholine,0.9506586390868356,acetylcholine,282,False,Receptor identity unmapped; cholinergic synapses can act via muscarinic receptors (inhibitory) or nicotinic receptors (excitatory); glutamatergic transmission can be inhibitory via GluCl or excitatory via AMPA-like receptors. Unsigned weights maintained.
27023,LPLC2,L,visual_projection_input,acetylcholine,0.9525317093794237,acetylcholine,306,False,Receptor identity unmapped; cholinergic synapses can act via muscarinic receptors (inhibitory) or nicotinic receptors (excitatory); glutamatergic transmission can be inhibitory via GluCl or excitatory via AMPA-like receptors. Unsigned weights maintained.
27355,LPLC2,L,visual_projection_input,acetylcholine,0.956293472356562,acetylcholine,368,False,Receptor identity unmapped; cholinergic synapses can act via muscarinic receptors (inhibitory) or nicotinic receptors (excitatory); glutamatergic transmission can be inhibitory via GluCl or excitatory via AMPA-like receptors. Unsigned weights maintained.
27399,LPLC2,L,visual_projection_input,acetylcholine,0.9417113013903196,acetylcholine,323,False,Receptor identity unmapped; cholinergic synapses can act via muscarinic receptors (inhibitory) or nicotinic receptors (excitatory); glutamatergic transmission can be inhibitory via GluCl or excitatory via AMPA-like receptors. Unsigned weights maintained.
27471,LPLC2,R,visual_projection_input,acetylcholine,0.9542469799173818,acetylcholine,284,False,Receptor identity unmapped; cholinergic synapses can act via muscarinic receptors (inhibitory) or nicotinic receptors (excitatory); glutamatergic transmission can be inhibitory via GluCl or excitatory via AMPA-like receptors. Unsigned weights maintained.
27566,LPLC2,R,visual_projection_input,acetylcholine,0.9568311848431221,acetylcholine,271,False,Receptor identity unmapped; cholinergic synapses can act via muscarinic receptors (inhibitory) or nicotinic receptors (excitatory); glutamatergic transmission can be inhibitory via GluCl or excitatory via AMPA-like receptors. Unsigned weights maintained.
27716,LPLC2,L,visual_projection_input,acetylcholine,0.944515162669542,acetylcholine,289,False,Receptor identity unmapped; cholinergic synapses can act via muscarinic receptors (inhibitory) or nicotinic receptors (excitatory); glutamatergic transmission can be inhibitory via GluCl or excitatory via AMPA-like receptors. Unsigned weights maintained.
27796,LPLC2,L,visual_projection_input,acetylcholine,0.9519621178308295,acetylcholine,298,False,Receptor identity unmapped; cholinergic synapses can act via muscarinic receptors (inhibitory) or nicotinic receptors (excitatory); glutamatergic transmission can be inhibitory via GluCl or excitatory via AMPA-like receptors. Unsigned weights maintained.
28003,LPLC2,R,visual_projection_input,acetylcholine,0.9396712586396865,acetylcholine,277,False,Receptor identity unmapped; cholinergic synapses can act via muscarinic receptors (inhibitory) or nicotinic receptors (excitatory); glutamatergic transmission can be inhibitory via GluCl or excitatory via AMPA-like receptors. Unsigned weights maintained.
28011,LPLC2,L,visual_projection_input,acetylcholine,0.9590233424419342,acetylcholine,309,False,Receptor identity unmapped; cholinergic synapses can act via muscarinic receptors (inhibitory) or nicotinic receptors (excitatory); glutamatergic transmission can be inhibitory via GluCl or excitatory via AMPA-like receptors. Unsigned weights maintained.
28044,LPLC2,R,visual_projection_input,acetylcholine,0.9492528312727224,acetylcholine,419,False,Receptor identity unmapped; cholinergic synapses can act via muscarinic receptors (inhibitory) or nicotinic receptors (excitatory); glutamatergic transmission can be inhibitory via GluCl or excitatory via AMPA-like receptors. Unsigned weights maintained.
28188,LPLC2,L,visual_projection_input,acetylcholine,0.9527599862886997,acetylcholine,309,False,Receptor identity unmapped; cholinergic synapses can act via muscarinic receptors (inhibitory) or nicotinic receptors (excitatory); glutamatergic transmission can be inhibitory via GluCl or excitatory via AMPA-like receptors. Unsigned weights maintained.
28741,LPLC2,R,visual_projection_input,acetylcholine,0.9522399056190392,acetylcholine,259,False,Receptor identity unmapped; cholinergic synapses can act via muscarinic receptors (inhibitory) or nicotinic receptors (excitatory); glutamatergic transmission can be inhibitory via GluCl or excitatory via AMPA-like receptors. Unsigned weights maintained.
28871,LPLC2,R,visual_projection_input,acetylcholine,0.9715259900544789,acetylcholine,303,False,Receptor identity unmapped; cholinergic synapses can act via muscarinic receptors (inhibitory) or nicotinic receptors (excitatory); glutamatergic transmission can be inhibitory via GluCl or excitatory via AMPA-like receptors. Unsigned weights maintained.
29014,LPLC2,R,visual_projection_input,acetylcholine,0.955114256050225,acetylcholine,297,False,Receptor identity unmapped; cholinergic synapses can act via muscarinic receptors (inhibitory) or nicotinic receptors (excitatory); glutamatergic transmission can be inhibitory via GluCl or excitatory via AMPA-like receptors. Unsigned weights maintained.
29183,LPLC2,R,visual_projection_input,acetylcholine,0.963734446916392,acetylcholine,265,False,Receptor identity unmapped; cholinergic synapses can act via muscarinic receptors (inhibitory) or nicotinic receptors (excitatory); glutamatergic transmission can be inhibitory via GluCl or excitatory via AMPA-like receptors. Unsigned weights maintained.
29216,LPLC2,R,visual_projection_input,acetylcholine,0.9445286190347973,acetylcholine,257,False,Receptor identity unmapped; cholinergic synapses can act via muscarinic receptors (inhibitory) or nicotinic receptors (excitatory); glutamatergic transmission can be inhibitory via GluCl or excitatory via AMPA-like receptors. Unsigned weights maintained.
29287,LPLC2,R,visual_projection_input,acetylcholine,0.9384881541068631,acetylcholine,294,False,Receptor identity unmapped; cholinergic synapses can act via muscarinic receptors (inhibitory) or nicotinic receptors (excitatory); glutamatergic transmission can be inhibitory via GluCl or excitatory via AMPA-like receptors. Unsigned weights maintained.
29319,LPLC2,L,visual_projection_input,acetylcholine,0.9453502442220237,acetylcholine,264,False,Receptor identity unmapped; cholinergic synapses can act via muscarinic receptors (inhibitory) or nicotinic receptors (excitatory); glutamatergic transmission can be inhibitory via GluCl or excitatory via AMPA-like receptors. Unsigned weights maintained.
29391,LPLC2,R,visual_projection_input,acetylcholine,0.9495595755236619,acetylcholine,308,False,Receptor identity unmapped; cholinergic synapses can act via muscarinic receptors (inhibitory) or nicotinic receptors (excitatory); glutamatergic transmission can be inhibitory via GluCl or excitatory via AMPA-like receptors. Unsigned weights maintained.
29598,LPLC2,R,visual_projection_input,acetylcholine,0.9615857649049515,acetylcholine,295,False,Receptor identity unmapped; cholinergic synapses can act via muscarinic receptors (inhibitory) or nicotinic receptors (excitatory); glutamatergic transmission can be inhibitory via GluCl or excitatory via AMPA-like receptors. Unsigned weights maintained.
29702,LPLC2,L,visual_projection_input,acetylcholine,0.9672635085034237,acetylcholine,390,False,Receptor identity unmapped; cholinergic synapses can act via muscarinic receptors (inhibitory) or nicotinic receptors (excitatory); glutamatergic transmission can be inhibitory via GluCl or excitatory via AMPA-like receptors. Unsigned weights maintained.
29753,LPLC2,L,visual_projection_input,acetylcholine,0.9581426365251651,acetylcholine,234,False,Receptor identity unmapped; cholinergic synapses can act via muscarinic receptors (inhibitory) or nicotinic receptors (excitatory); glutamatergic transmission can be inhibitory via GluCl or excitatory via AMPA-like receptors. Unsigned weights maintained.
29815,LPLC2,L,visual_projection_input,acetylcholine,0.9603634875626491,acetylcholine,270,False,Receptor identity unmapped; cholinergic synapses can act via muscarinic receptors (inhibitory) or nicotinic receptors (excitatory); glutamatergic transmission can be inhibitory via GluCl or excitatory via AMPA-like receptors. Unsigned weights maintained.
29873,LPLC2,R,visual_projection_input,acetylcholine,0.9524139849484892,acetylcholine,261,False,Receptor identity unmapped; cholinergic synapses can act via muscarinic receptors (inhibitory) or nicotinic receptors (excitatory); glutamatergic transmission can be inhibitory via GluCl or excitatory via AMPA-like receptors. Unsigned weights maintained.
29955,LPLC2,L,visual_projection_input,acetylcholine,0.9565816860245878,acetylcholine,267,False,Receptor identity unmapped; cholinergic synapses can act via muscarinic receptors (inhibitory) or nicotinic receptors (excitatory); glutamatergic transmission can be inhibitory via GluCl or excitatory via AMPA-like receptors. Unsigned weights maintained.
29986,LPLC2,R,visual_projection_input,acetylcholine,0.966928727614354,acetylcholine,248,False,Receptor identity unmapped; cholinergic synapses can act via muscarinic receptors (inhibitory) or nicotinic receptors (excitatory); glutamatergic transmission can be inhibitory via GluCl or excitatory via AMPA-like receptors. Unsigned weights maintained.
30041,LPLC2,R,visual_projection_input,acetylcholine,0.9446232919946487,acetylcholine,258,False,Receptor identity unmapped; cholinergic synapses can act via muscarinic receptors (inhibitory) or nicotinic receptors (excitatory); glutamatergic transmission can be inhibitory via GluCl or excitatory via AMPA-like receptors. Unsigned weights maintained.
30207,LPLC2,R,visual_projection_input,acetylcholine,0.9571748022220987,acetylcholine,276,False,Receptor identity unmapped; cholinergic synapses can act via muscarinic receptors (inhibitory) or nicotinic receptors (excitatory); glutamatergic transmission can be inhibitory via GluCl or excitatory via AMPA-like receptors. Unsigned weights maintained.
30512,LPLC2,L,visual_projection_input,acetylcholine,0.97076685828951,acetylcholine,245,False,Receptor identity unmapped; cholinergic synapses can act via muscarinic receptors (inhibitory) or nicotinic receptors (excitatory); glutamatergic transmission can be inhibitory via GluCl or excitatory via AMPA-like receptors. Unsigned weights maintained.
30893,LPLC2,L,visual_projection_input,acetylcholine,0.9582618126066118,acetylcholine,294,False,Receptor identity unmapped; cholinergic synapses can act via muscarinic receptors (inhibitory) or nicotinic receptors (excitatory); glutamatergic transmission can be inhibitory via GluCl or excitatory via AMPA-like receptors. Unsigned weights maintained.
30895,LPLC2,L,visual_projection_input,acetylcholine,0.9574850475935127,acetylcholine,225,False,Receptor identity unmapped; cholinergic synapses can act via muscarinic receptors (inhibitory) or nicotinic receptors (excitatory); glutamatergic transmission can be inhibitory via GluCl or excitatory via AMPA-like receptors. Unsigned weights maintained.
30938,LPLC2,R,visual_projection_input,acetylcholine,0.9396783761658377,acetylcholine,249,False,Receptor identity unmapped; cholinergic synapses can act via muscarinic receptors (inhibitory) or nicotinic receptors (excitatory); glutamatergic transmission can be inhibitory via GluCl or excitatory via AMPA-like receptors. Unsigned weights maintained.
31105,LPLC2,L,visual_projection_input,acetylcholine,0.9705253259215602,acetylcholine,230,False,Receptor identity unmapped; cholinergic synapses can act via muscarinic receptors (inhibitory) or nicotinic receptors (excitatory); glutamatergic transmission can be inhibitory via GluCl or excitatory via AMPA-like receptors. Unsigned weights maintained.
31257,LPLC2,R,visual_projection_input,acetylcholine,0.9553946587556852,acetylcholine,251,False,Receptor identity unmapped; cholinergic synapses can act via muscarinic receptors (inhibitory) or nicotinic receptors (excitatory); glutamatergic transmission can be inhibitory via GluCl or excitatory via AMPA-like receptors. Unsigned weights maintained.
31563,LPLC2,L,visual_projection_input,acetylcholine,0.9570000421934456,acetylcholine,383,False,Receptor identity unmapped; cholinergic synapses can act via muscarinic receptors (inhibitory) or nicotinic receptors (excitatory); glutamatergic transmission can be inhibitory via GluCl or excitatory via AMPA-like receptors. Unsigned weights maintained.
31964,LPLC2,R,visual_projection_input,acetylcholine,0.9460766902077404,acetylcholine,339,False,Receptor identity unmapped; cholinergic synapses can act via muscarinic receptors (inhibitory) or nicotinic receptors (excitatory); glutamatergic transmission can be inhibitory via GluCl or excitatory via AMPA-like receptors. Unsigned weights maintained.
31988,LPLC2,R,visual_projection_input,acetylcholine,0.9489390321740269,acetylcholine,263,False,Receptor identity unmapped; cholinergic synapses can act via muscarinic receptors (inhibitory) or nicotinic receptors (excitatory); glutamatergic transmission can be inhibitory via GluCl or excitatory via AMPA-like receptors. Unsigned weights maintained.
32223,LPLC2,L,visual_projection_input,acetylcholine,0.949509125377986,acetylcholine,269,False,Receptor identity unmapped; cholinergic synapses can act via muscarinic receptors (inhibitory) or nicotinic receptors (excitatory); glutamatergic transmission can be inhibitory via GluCl or excitatory via AMPA-like receptors. Unsigned weights maintained.
32237,LPLC2,L,visual_projection_input,acetylcholine,0.9709673423349119,acetylcholine,257,False,Receptor identity unmapped; cholinergic synapses can act via muscarinic receptors (inhibitory) or nicotinic receptors (excitatory); glutamatergic transmission can be inhibitory via GluCl or excitatory via AMPA-like receptors. Unsigned weights maintained.
32507,LPLC2,R,visual_projection_input,acetylcholine,0.9448088131435587,acetylcholine,227,False,Receptor identity unmapped; cholinergic synapses can act via muscarinic receptors (inhibitory) or nicotinic receptors (excitatory); glutamatergic transmission can be inhibitory via GluCl or excitatory via AMPA-like receptors. Unsigned weights maintained.
32737,LPLC2,L,visual_projection_input,acetylcholine,0.9530858947656322,acetylcholine,314,False,Receptor identity unmapped; cholinergic synapses can act via muscarinic receptors (inhibitory) or nicotinic receptors (excitatory); glutamatergic transmission can be inhibitory via GluCl or excitatory via AMPA-like receptors. Unsigned weights maintained.
33185,LPLC2,R,visual_projection_input,acetylcholine,0.9348149618337542,acetylcholine,243,False,Receptor identity unmapped; cholinergic synapses can act via muscarinic receptors (inhibitory) or nicotinic receptors (excitatory); glutamatergic transmission can be inhibitory via GluCl or excitatory via AMPA-like receptors. Unsigned weights maintained.
33303,LPLC2,L,visual_projection_input,acetylcholine,0.9391766103482229,acetylcholine,355,False,Receptor identity unmapped; cholinergic synapses can act via muscarinic receptors (inhibitory) or nicotinic receptors (excitatory); glutamatergic transmission can be inhibitory via GluCl or excitatory via AMPA-like receptors. Unsigned weights maintained.
33396,LPLC2,R,visual_projection_input,acetylcholine,0.9451278248313695,acetylcholine,262,False,Receptor identity unmapped; cholinergic synapses can act via muscarinic receptors (inhibitory) or nicotinic receptors (excitatory); glutamatergic transmission can be inhibitory via GluCl or excitatory via AMPA-like receptors. Unsigned weights maintained.
33406,LPLC2,L,visual_projection_input,acetylcholine,0.9619091653145942,acetylcholine,227,False,Receptor identity unmapped; cholinergic synapses can act via muscarinic receptors (inhibitory) or nicotinic receptors (excitatory); glutamatergic transmission can be inhibitory via GluCl or excitatory via AMPA-like receptors. Unsigned weights maintained.
33439,LPLC2,R,visual_projection_input,acetylcholine,0.935786446071104,acetylcholine,224,False,Receptor identity unmapped; cholinergic synapses can act via muscarinic receptors (inhibitory) or nicotinic receptors (excitatory); glutamatergic transmission can be inhibitory via GluCl or excitatory via AMPA-like receptors. Unsigned weights maintained.
33694,LPLC2,R,visual_projection_input,acetylcholine,0.9557784341822806,acetylcholine,256,False,Receptor identity unmapped; cholinergic synapses can act via muscarinic receptors (inhibitory) or nicotinic receptors (excitatory); glutamatergic transmission can be inhibitory via GluCl or excitatory via AMPA-like receptors. Unsigned weights maintained.
33965,LPLC2,L,visual_projection_input,acetylcholine,0.9662269140812154,acetylcholine,228,False,Receptor identity unmapped; cholinergic synapses can act via muscarinic receptors (inhibitory) or nicotinic receptors (excitatory); glutamatergic transmission can be inhibitory via GluCl or excitatory via AMPA-like receptors. Unsigned weights maintained.
34051,LPLC2,L,visual_projection_input,acetylcholine,0.9625527973348823,acetylcholine,239,False,Receptor identity unmapped; cholinergic synapses can act via muscarinic receptors (inhibitory) or nicotinic receptors (excitatory); glutamatergic transmission can be inhibitory via GluCl or excitatory via AMPA-like receptors. Unsigned weights maintained.
34110,LPLC2,R,visual_projection_input,acetylcholine,0.9620058871810008,acetylcholine,229,False,Receptor identity unmapped; cholinergic synapses can act via muscarinic receptors (inhibitory) or nicotinic receptors (excitatory); glutamatergic transmission can be inhibitory via GluCl or excitatory via AMPA-like receptors. Unsigned weights maintained.
34372,LPLC2,R,visual_projection_input,acetylcholine,0.9545148186385969,acetylcholine,240,False,Receptor identity unmapped; cholinergic synapses can act via muscarinic receptors (inhibitory) or nicotinic receptors (excitatory); glutamatergic transmission can be inhibitory via GluCl or excitatory via AMPA-like receptors. Unsigned weights maintained.
34407,LPLC2,L,visual_projection_input,acetylcholine,0.9366710911174456,acetylcholine,306,False,Receptor identity unmapped; cholinergic synapses can act via muscarinic receptors (inhibitory) or nicotinic receptors (excitatory); glutamatergic transmission can be inhibitory via GluCl or excitatory via AMPA-like receptors. Unsigned weights maintained.
34655,LPLC2,L,visual_projection_input,acetylcholine,0.9397874570404855,acetylcholine,250,False,Receptor identity unmapped; cholinergic synapses can act via muscarinic receptors (inhibitory) or nicotinic receptors (excitatory); glutamatergic transmission can be inhibitory via GluCl or excitatory via AMPA-like receptors. Unsigned weights maintained.
34681,LPLC2,R,visual_projection_input,acetylcholine,0.9618350140176259,acetylcholine,226,False,Receptor identity unmapped; cholinergic synapses can act via muscarinic receptors (inhibitory) or nicotinic receptors (excitatory); glutamatergic transmission can be inhibitory via GluCl or excitatory via AMPA-like receptors. Unsigned weights maintained.
35294,LPLC2,L,visual_projection_input,acetylcholine,0.9560499658895227,acetylcholine,208,False,Receptor identity unmapped; cholinergic synapses can act via muscarinic receptors (inhibitory) or nicotinic receptors (excitatory); glutamatergic transmission can be inhibitory via GluCl or excitatory via AMPA-like receptors. Unsigned weights maintained.
35632,LPLC2,R,visual_projection_input,acetylcholine,0.9634652244378623,acetylcholine,258,False,Receptor identity unmapped; cholinergic synapses can act via muscarinic receptors (inhibitory) or nicotinic receptors (excitatory); glutamatergic transmission can be inhibitory via GluCl or excitatory via AMPA-like receptors. Unsigned weights maintained.
35680,LPLC2,R,visual_projection_input,acetylcholine,0.9508398264427125,acetylcholine,203,False,Receptor identity unmapped; cholinergic synapses can act via muscarinic receptors (inhibitory) or nicotinic receptors (excitatory); glutamatergic transmission can be inhibitory via GluCl or excitatory via AMPA-like receptors. Unsigned weights maintained.
35838,LPLC2,R,visual_projection_input,acetylcholine,0.9508262242367057,acetylcholine,203,False,Receptor identity unmapped; cholinergic synapses can act via muscarinic receptors (inhibitory) or nicotinic receptors (excitatory); glutamatergic transmission can be inhibitory via GluCl or excitatory via AMPA-like receptors. Unsigned weights maintained.
35889,LPLC2,R,visual_projection_input,acetylcholine,0.9543256699763389,acetylcholine,333,False,Receptor identity unmapped; cholinergic synapses can act via muscarinic receptors (inhibitory) or nicotinic receptors (excitatory); glutamatergic transmission can be inhibitory via GluCl or excitatory via AMPA-like receptors. Unsigned weights maintained.
37431,LPLC2,R,visual_projection_input,acetylcholine,0.9539400820166709,acetylcholine,280,False,Receptor identity unmapped; cholinergic synapses can act via muscarinic receptors (inhibitory) or nicotinic receptors (excitatory); glutamatergic transmission can be inhibitory via GluCl or excitatory via AMPA-like receptors. Unsigned weights maintained.
37613,LPLC2,R,visual_projection_input,acetylcholine,0.8271125192258431,acetylcholine,243,False,Receptor identity unmapped; cholinergic synapses can act via muscarinic receptors (inhibitory) or nicotinic receptors (excitatory); glutamatergic transmission can be inhibitory via GluCl or excitatory via AMPA-like receptors. Unsigned weights maintained.
37925,LPLC2,R,visual_projection_input,acetylcholine,0.9543779853813951,acetylcholine,238,False,Receptor identity unmapped; cholinergic synapses can act via muscarinic receptors (inhibitory) or nicotinic receptors (excitatory); glutamatergic transmission can be inhibitory via GluCl or excitatory via AMPA-like receptors. Unsigned weights maintained.
38542,LPLC2,R,visual_projection_input,acetylcholine,0.9699182965630361,acetylcholine,201,False,Receptor identity unmapped; cholinergic synapses can act via muscarinic receptors (inhibitory) or nicotinic receptors (excitatory); glutamatergic transmission can be inhibitory via GluCl or excitatory via AMPA-like receptors. Unsigned weights maintained.
39620,LPLC2,R,visual_projection_input,acetylcholine,0.9653679396697173,acetylcholine,310,False,Receptor identity unmapped; cholinergic synapses can act via muscarinic receptors (inhibitory) or nicotinic receptors (excitatory); glutamatergic transmission can be inhibitory via GluCl or excitatory via AMPA-like receptors. Unsigned weights maintained.
40811,LPLC2,L,visual_projection_input,acetylcholine,0.9469148119222776,acetylcholine,279,False,Receptor identity unmapped; cholinergic synapses can act via muscarinic receptors (inhibitory) or nicotinic receptors (excitatory); glutamatergic transmission can be inhibitory via GluCl or excitatory via AMPA-like receptors. Unsigned weights maintained.
40841,LPLC2,L,visual_projection_input,acetylcholine,0.9587229666966514,acetylcholine,242,False,Receptor identity unmapped; cholinergic synapses can act via muscarinic receptors (inhibitory) or nicotinic receptors (excitatory); glutamatergic transmission can be inhibitory via GluCl or excitatory via AMPA-like receptors. Unsigned weights maintained.
41097,LPLC2,L,visual_projection_input,acetylcholine,0.9435632234223058,acetylcholine,280,False,Receptor identity unmapped; cholinergic synapses can act via muscarinic receptors (inhibitory) or nicotinic receptors (excitatory); glutamatergic transmission can be inhibitory via GluCl or excitatory via AMPA-like receptors. Unsigned weights maintained.
50287,LPLC2,R,visual_projection_input,acetylcholine,0.9266423461161072,acetylcholine,222,False,Receptor identity unmapped; cholinergic synapses can act via muscarinic receptors (inhibitory) or nicotinic receptors (excitatory); glutamatergic transmission can be inhibitory via GluCl or excitatory via AMPA-like receptors. Unsigned weights maintained.
55627,LPLC2,R,visual_projection_input,acetylcholine,0.9309102481568533,acetylcholine,221,False,Receptor identity unmapped; cholinergic synapses can act via muscarinic receptors (inhibitory) or nicotinic receptors (excitatory); glutamatergic transmission can be inhibitory via GluCl or excitatory via AMPA-like receptors. Unsigned weights maintained.
95241,LPLC2,L,visual_projection_input,acetylcholine,0.9573029407515503,acetylcholine,334,False,Receptor identity unmapped; cholinergic synapses can act via muscarinic receptors (inhibitory) or nicotinic receptors (excitatory); glutamatergic transmission can be inhibitory via GluCl or excitatory via AMPA-like receptors. Unsigned weights maintained.
100103,LPLC2,L,visual_projection_input,acetylcholine,0.9544844636887124,acetylcholine,383,False,Receptor identity unmapped; cholinergic synapses can act via muscarinic receptors (inhibitory) or nicotinic receptors (excitatory); glutamatergic transmission can be inhibitory via GluCl or excitatory via AMPA-like receptors. Unsigned weights maintained.
111903,LPLC2,L,visual_projection_input,acetylcholine,0.9552275849181461,acetylcholine,348,False,Receptor identity unmapped; cholinergic synapses can act via muscarinic receptors (inhibitory) or nicotinic receptors (excitatory); glutamatergic transmission can be inhibitory via GluCl or excitatory via AMPA-like receptors. Unsigned weights maintained.
112292,LPLC2,L,visual_projection_input,acetylcholine,0.9455155858521193,acetylcholine,299,False,Receptor identity unmapped; cholinergic synapses can act via muscarinic receptors (inhibitory) or nicotinic receptors (excitatory); glutamatergic transmission can be inhibitory via GluCl or excitatory via AMPA-like receptors. Unsigned weights maintained.
129687,LPLC2,L,visual_projection_input,acetylcholine,0.9649970989120924,acetylcholine,299,False,Receptor identity unmapped; cholinergic synapses can act via muscarinic receptors (inhibitory) or nicotinic receptors (excitatory); glutamatergic transmission can be inhibitory via GluCl or excitatory via AMPA-like receptors. Unsigned weights maintained.
134521,LPLC2,L,visual_projection_input,acetylcholine,0.9708926335054947,acetylcholine,252,False,Receptor identity unmapped; cholinergic synapses can act via muscarinic receptors (inhibitory) or nicotinic receptors (excitatory); glutamatergic transmission can be inhibitory via GluCl or excitatory via AMPA-like receptors. Unsigned weights maintained.
514670,LPLC2,L,visual_projection_input,acetylcholine,0.9492895379016489,acetylcholine,458,False,Receptor identity unmapped; cholinergic synapses can act via muscarinic receptors (inhibitory) or nicotinic receptors (excitatory); glutamatergic transmission can be inhibitory via GluCl or excitatory via AMPA-like receptors. Unsigned weights maintained.
515971,LPLC2,L,visual_projection_input,acetylcholine,0.9535103572756046,acetylcholine,457,False,Receptor identity unmapped; cholinergic synapses can act via muscarinic receptors (inhibitory) or nicotinic receptors (excitatory); glutamatergic transmission can be inhibitory via GluCl or excitatory via AMPA-like receptors. Unsigned weights maintained.
517078,LPLC2,L,visual_projection_input,acetylcholine,0.9690003769731321,acetylcholine,339,False,Receptor identity unmapped; cholinergic synapses can act via muscarinic receptors (inhibitory) or nicotinic receptors (excitatory); glutamatergic transmission can be inhibitory via GluCl or excitatory via AMPA-like receptors. Unsigned weights maintained.
517079,LPLC2,L,visual_projection_input,acetylcholine,0.9537772400409606,acetylcholine,324,False,Receptor identity unmapped; cholinergic synapses can act via muscarinic receptors (inhibitory) or nicotinic receptors (excitatory); glutamatergic transmission can be inhibitory via GluCl or excitatory via AMPA-like receptors. Unsigned weights maintained.
517819,LPLC2,L,visual_projection_input,acetylcholine,0.9472379566409055,acetylcholine,353,False,Receptor identity unmapped; cholinergic synapses can act via muscarinic receptors (inhibitory) or nicotinic receptors (excitatory); glutamatergic transmission can be inhibitory via GluCl or excitatory via AMPA-like receptors. Unsigned weights maintained.
518731,LPLC2,L,visual_projection_input,acetylcholine,0.9570130745045293,acetylcholine,438,False,Receptor identity unmapped; cholinergic synapses can act via muscarinic receptors (inhibitory) or nicotinic receptors (excitatory); glutamatergic transmission can be inhibitory via GluCl or excitatory via AMPA-like receptors. Unsigned weights maintained.
520764,LPLC2,L,visual_projection_input,acetylcholine,0.9524585654423383,acetylcholine,305,False,Receptor identity unmapped; cholinergic synapses can act via muscarinic receptors (inhibitory) or nicotinic receptors (excitatory); glutamatergic transmission can be inhibitory via GluCl or excitatory via AMPA-like receptors. Unsigned weights maintained.
521115,LPLC2,L,visual_projection_input,acetylcholine,0.9514549735444612,acetylcholine,292,False,Receptor identity unmapped; cholinergic synapses can act via muscarinic receptors (inhibitory) or nicotinic receptors (excitatory); glutamatergic transmission can be inhibitory via GluCl or excitatory via AMPA-like receptors. Unsigned weights maintained.
524366,LPLC2,L,visual_projection_input,acetylcholine,0.9465928786989192,acetylcholine,241,False,Receptor identity unmapped; cholinergic synapses can act via muscarinic receptors (inhibitory) or nicotinic receptors (excitatory); glutamatergic transmission can be inhibitory via GluCl or excitatory via AMPA-like receptors. Unsigned weights maintained.
525844,LPLC2,L,visual_projection_input,acetylcholine,0.9527713676731338,acetylcholine,309,False,Receptor identity unmapped; cholinergic synapses can act via muscarinic receptors (inhibitory) or nicotinic receptors (excitatory); glutamatergic transmission can be inhibitory via GluCl or excitatory via AMPA-like receptors. Unsigned weights maintained.
531014,LPLC2,L,visual_projection_input,acetylcholine,0.9529328227689858,acetylcholine,356,False,Receptor identity unmapped; cholinergic synapses can act via muscarinic receptors (inhibitory) or nicotinic receptors (excitatory); glutamatergic transmission can be inhibitory via GluCl or excitatory via AMPA-like receptors. Unsigned weights maintained.
533895,LPLC2,L,visual_projection_input,acetylcholine,0.9031805709828719,acetylcholine,380,False,Receptor identity unmapped; cholinergic synapses can act via muscarinic receptors (inhibitory) or nicotinic receptors (excitatory); glutamatergic transmission can be inhibitory via GluCl or excitatory via AMPA-like receptors. Unsigned weights maintained.
536444,LPLC2,L,visual_projection_input,acetylcholine,0.9484407271027219,acetylcholine,332,False,Receptor identity unmapped; cholinergic synapses can act via muscarinic receptors (inhibitory) or nicotinic receptors (excitatory); glutamatergic transmission can be inhibitory via GluCl or excitatory via AMPA-like receptors. Unsigned weights maintained.
10001,DNp01,R,candidate_descending_readout,acetylcholine,0.5004955542656235,acetylcholine,1015,False,Receptor identity unmapped; cholinergic synapses can act via muscarinic receptors (inhibitory) or nicotinic receptors (excitatory); glutamatergic transmission can be inhibitory via GluCl or excitatory via AMPA-like receptors. Unsigned weights maintained.
10010,DNp01,L,candidate_descending_readout,acetylcholine,0.557140683373016,acetylcholine,976,False,Receptor identity unmapped; cholinergic synapses can act via muscarinic receptors (inhibitory) or nicotinic receptors (excitatory); glutamatergic transmission can be inhibitory via GluCl or excitatory via AMPA-like receptors. Unsigned weights maintained.
10030,pIP1,L,candidate_descending_readout,acetylcholine,0.9402498666693837,acetylcholine,5744,False,Receptor identity unmapped; cholinergic synapses can act via muscarinic receptors (inhibitory) or nicotinic receptors (excitatory); glutamatergic transmission can be inhibitory via GluCl or excitatory via AMPA-like receptors. Unsigned weights maintained.
10038,pIP1,R,candidate_descending_readout,acetylcholine,0.9498214919317843,acetylcholine,5690,False,Receptor identity unmapped; cholinergic synapses can act via muscarinic receptors (inhibitory) or nicotinic receptors (excitatory); glutamatergic transmission can be inhibitory via GluCl or excitatory via AMPA-like receptors. Unsigned weights maintained.
10063,DNp27,R,candidate_descending_readout,acetylcholine,0.7339942789480343,acetylcholine,4441,False,Receptor identity unmapped; cholinergic synapses can act via muscarinic receptors (inhibitory) or nicotinic receptors (excitatory); glutamatergic transmission can be inhibitory via GluCl or excitatory via AMPA-like receptors. Unsigned weights maintained.
10065,DNb05,R,candidate_descending_readout,acetylcholine,0.9631576733796452,acetylcholine,3437,False,Receptor identity unmapped; cholinergic synapses can act via muscarinic receptors (inhibitory) or nicotinic receptors (excitatory); glutamatergic transmission can be inhibitory via GluCl or excitatory via AMPA-like receptors. Unsigned weights maintained.
10068,DNp30,R,candidate_descending_readout,glutamate,0.5157685968125202,glutamate,1249,False,Receptor identity unmapped; cholinergic synapses can act via muscarinic receptors (inhibitory) or nicotinic receptors (excitatory); glutamatergic transmission can be inhibitory via GluCl or excitatory via AMPA-like receptors. Unsigned weights maintained.
10091,DNpe042,L,candidate_descending_readout,acetylcholine,0.9563035114571165,acetylcholine,2476,False,Receptor identity unmapped; cholinergic synapses can act via muscarinic receptors (inhibitory) or nicotinic receptors (excitatory); glutamatergic transmission can be inhibitory via GluCl or excitatory via AMPA-like receptors. Unsigned weights maintained.
10106,DNp11,R,candidate_descending_readout,acetylcholine,0.9111542945898922,acetylcholine,3498,False,Receptor identity unmapped; cholinergic synapses can act via muscarinic receptors (inhibitory) or nicotinic receptors (excitatory); glutamatergic transmission can be inhibitory via GluCl or excitatory via AMPA-like receptors. Unsigned weights maintained.
10117,DNp02,R,candidate_descending_readout,acetylcholine,0.8450423680625282,acetylcholine,2756,False,Receptor identity unmapped; cholinergic synapses can act via muscarinic receptors (inhibitory) or nicotinic receptors (excitatory); glutamatergic transmission can be inhibitory via GluCl or excitatory via AMPA-like receptors. Unsigned weights maintained.
10118,DNb05,L,candidate_descending_readout,acetylcholine,0.9593688149511818,acetylcholine,3350,False,Receptor identity unmapped; cholinergic synapses can act via muscarinic receptors (inhibitory) or nicotinic receptors (excitatory); glutamatergic transmission can be inhibitory via GluCl or excitatory via AMPA-like receptors. Unsigned weights maintained.
10143,DNp30,L,candidate_descending_readout,glutamate,0.5203680449154414,glutamate,1118,False,Receptor identity unmapped; cholinergic synapses can act via muscarinic receptors (inhibitory) or nicotinic receptors (excitatory); glutamatergic transmission can be inhibitory via GluCl or excitatory via AMPA-like receptors. Unsigned weights maintained.
10197,DNp02,L,candidate_descending_readout,acetylcholine,0.9159098167097302,acetylcholine,2427,False,Receptor identity unmapped; cholinergic synapses can act via muscarinic receptors (inhibitory) or nicotinic receptors (excitatory); glutamatergic transmission can be inhibitory via GluCl or excitatory via AMPA-like receptors. Unsigned weights maintained.
10223,DNpe056,L,candidate_descending_readout,acetylcholine,0.9515824387694533,acetylcholine,3608,False,Receptor identity unmapped; cholinergic synapses can act via muscarinic receptors (inhibitory) or nicotinic receptors (excitatory); glutamatergic transmission can be inhibitory via GluCl or excitatory via AMPA-like receptors. Unsigned weights maintained.
10228,DNp06,L,candidate_descending_readout,acetylcholine,0.9495065879467789,acetylcholine,3003,False,Receptor identity unmapped; cholinergic synapses can act via muscarinic receptors (inhibitory) or nicotinic receptors (excitatory); glutamatergic transmission can be inhibitory via GluCl or excitatory via AMPA-like receptors. Unsigned weights maintained.
10234,DNp35,L,candidate_descending_readout,acetylcholine,0.9543729552314394,acetylcholine,2097,False,Receptor identity unmapped; cholinergic synapses can act via muscarinic receptors (inhibitory) or nicotinic receptors (excitatory); glutamatergic transmission can be inhibitory via GluCl or excitatory via AMPA-like receptors. Unsigned weights maintained.
10244,DNp55,L,candidate_descending_readout,acetylcholine,0.9030786062821096,acetylcholine,2549,False,Receptor identity unmapped; cholinergic synapses can act via muscarinic receptors (inhibitory) or nicotinic receptors (excitatory); glutamatergic transmission can be inhibitory via GluCl or excitatory via AMPA-like receptors. Unsigned weights maintained.
10259,DNp11,L,candidate_descending_readout,acetylcholine,0.9347718335345766,acetylcholine,3328,False,Receptor identity unmapped; cholinergic synapses can act via muscarinic receptors (inhibitory) or nicotinic receptors (excitatory); glutamatergic transmission can be inhibitory via GluCl or excitatory via AMPA-like receptors. Unsigned weights maintained.
10280,DNp47,R,candidate_descending_readout,acetylcholine,0.9637275124694087,acetylcholine,2558,False,Receptor identity unmapped; cholinergic synapses can act via muscarinic receptors (inhibitory) or nicotinic receptors (excitatory); glutamatergic transmission can be inhibitory via GluCl or excitatory via AMPA-like receptors. Unsigned weights maintained.
10283,DNp103,R,candidate_descending_readout,acetylcholine,0.9568302517284742,acetylcholine,2927,False,Receptor identity unmapped; cholinergic synapses can act via muscarinic receptors (inhibitory) or nicotinic receptors (excitatory); glutamatergic transmission can be inhibitory via GluCl or excitatory via AMPA-like receptors. Unsigned weights maintained.
10296,DNge054,R,candidate_descending_readout,gaba,0.8360325968376119,gaba,2032,False,Receptor identity unmapped; cholinergic synapses can act via muscarinic receptors (inhibitory) or nicotinic receptors (excitatory); glutamatergic transmission can be inhibitory via GluCl or excitatory via AMPA-like receptors. Unsigned weights maintained.
10342,DNc02,R,candidate_descending_readout,unclear,0.35523624783203644,unclear,1931,False,Receptor identity unmapped; cholinergic synapses can act via muscarinic receptors (inhibitory) or nicotinic receptors (excitatory); glutamatergic transmission can be inhibitory via GluCl or excitatory via AMPA-like receptors. Unsigned weights maintained.
10361,DNg40,L,candidate_descending_readout,glutamate,0.6216921144227514,glutamate,1432,False,Receptor identity unmapped; cholinergic synapses can act via muscarinic receptors (inhibitory) or nicotinic receptors (excitatory); glutamatergic transmission can be inhibitory via GluCl or excitatory via AMPA-like receptors. Unsigned weights maintained.
10377,DNge054,L,candidate_descending_readout,gaba,0.8057831587429196,gaba,2197,False,Receptor identity unmapped; cholinergic synapses can act via muscarinic receptors (inhibitory) or nicotinic receptors (excitatory); glutamatergic transmission can be inhibitory via GluCl or excitatory via AMPA-like receptors. Unsigned weights maintained.
10417,DNp103,L,candidate_descending_readout,acetylcholine,0.9518838304213051,acetylcholine,2761,False,Receptor identity unmapped; cholinergic synapses can act via muscarinic receptors (inhibitory) or nicotinic receptors (excitatory); glutamatergic transmission can be inhibitory via GluCl or excitatory via AMPA-like receptors. Unsigned weights maintained.
10449,DNpe025,L,candidate_descending_readout,acetylcholine,0.9564313841236908,acetylcholine,2281,False,Receptor identity unmapped; cholinergic synapses can act via muscarinic receptors (inhibitory) or nicotinic receptors (excitatory); glutamatergic transmission can be inhibitory via GluCl or excitatory via AMPA-like receptors. Unsigned weights maintained.
10558,DNp35,R,candidate_descending_readout,acetylcholine,0.9643233064380307,acetylcholine,2052,False,Receptor identity unmapped; cholinergic synapses can act via muscarinic receptors (inhibitory) or nicotinic receptors (excitatory); glutamatergic transmission can be inhibitory via GluCl or excitatory via AMPA-like receptors. Unsigned weights maintained.
10580,DNp70,L,candidate_descending_readout,acetylcholine,0.9345809268178248,acetylcholine,2489,False,Receptor identity unmapped; cholinergic synapses can act via muscarinic receptors (inhibitory) or nicotinic receptors (excitatory); glutamatergic transmission can be inhibitory via GluCl or excitatory via AMPA-like receptors. Unsigned weights maintained.
10584,DNp06,R,candidate_descending_readout,acetylcholine,0.9496455095554229,acetylcholine,2823,False,Receptor identity unmapped; cholinergic synapses can act via muscarinic receptors (inhibitory) or nicotinic receptors (excitatory); glutamatergic transmission can be inhibitory via GluCl or excitatory via AMPA-like receptors. Unsigned weights maintained.
10590,DNpe052,L,candidate_descending_readout,acetylcholine,0.9558673849112944,acetylcholine,2571,False,Receptor identity unmapped; cholinergic synapses can act via muscarinic receptors (inhibitory) or nicotinic receptors (excitatory); glutamatergic transmission can be inhibitory via GluCl or excitatory via AMPA-like receptors. Unsigned weights maintained.
10601,DNpe025,R,candidate_descending_readout,acetylcholine,0.9536421243962725,acetylcholine,2530,False,Receptor identity unmapped; cholinergic synapses can act via muscarinic receptors (inhibitory) or nicotinic receptors (excitatory); glutamatergic transmission can be inhibitory via GluCl or excitatory via AMPA-like receptors. Unsigned weights maintained.
10705,DNc02,L,candidate_descending_readout,unclear,0.3320798611111111,unclear,1800,False,Receptor identity unmapped; cholinergic synapses can act via muscarinic receptors (inhibitory) or nicotinic receptors (excitatory); glutamatergic transmission can be inhibitory via GluCl or excitatory via AMPA-like receptors. Unsigned weights maintained.
10713,DNp42,L,candidate_descending_readout,acetylcholine,0.9562302491101924,acetylcholine,3673,False,Receptor identity unmapped; cholinergic synapses can act via muscarinic receptors (inhibitory) or nicotinic receptors (excitatory); glutamatergic transmission can be inhibitory via GluCl or excitatory via AMPA-like receptors. Unsigned weights maintained.
10732,DNpe056,R,candidate_descending_readout,acetylcholine,0.9645276733681327,acetylcholine,3517,False,Receptor identity unmapped; cholinergic synapses can act via muscarinic receptors (inhibitory) or nicotinic receptors (excitatory); glutamatergic transmission can be inhibitory via GluCl or excitatory via AMPA-like receptors. Unsigned weights maintained.
10752,DNp03,L,candidate_descending_readout,acetylcholine,0.9533261965482178,acetylcholine,1769,False,Receptor identity unmapped; cholinergic synapses can act via muscarinic receptors (inhibitory) or nicotinic receptors (excitatory); glutamatergic transmission can be inhibitory via GluCl or excitatory via AMPA-like receptors. Unsigned weights maintained.
10783,DNp09,L,candidate_descending_readout,acetylcholine,0.9534627156106811,acetylcholine,2739,False,Receptor identity unmapped; cholinergic synapses can act via muscarinic receptors (inhibitory) or nicotinic receptors (excitatory); glutamatergic transmission can be inhibitory via GluCl or excitatory via AMPA-like receptors. Unsigned weights maintained.
10923,DNg40,R,candidate_descending_readout,glutamate,0.6188473742734429,glutamate,1463,False,Receptor identity unmapped; cholinergic synapses can act via muscarinic receptors (inhibitory) or nicotinic receptors (excitatory); glutamatergic transmission can be inhibitory via GluCl or excitatory via AMPA-like receptors. Unsigned weights maintained.
10931,DNpe045,L,candidate_descending_readout,acetylcholine,0.9581116723527302,acetylcholine,3562,False,Receptor identity unmapped; cholinergic synapses can act via muscarinic receptors (inhibitory) or nicotinic receptors (excitatory); glutamatergic transmission can be inhibitory via GluCl or excitatory via AMPA-like receptors. Unsigned weights maintained.
10957,DNp69,R,candidate_descending_readout,acetylcholine,0.9631105593636228,acetylcholine,2757,False,Receptor identity unmapped; cholinergic synapses can act via muscarinic receptors (inhibitory) or nicotinic receptors (excitatory); glutamatergic transmission can be inhibitory via GluCl or excitatory via AMPA-like receptors. Unsigned weights maintained.
10989,DNp03,R,candidate_descending_readout,acetylcholine,0.9595298909830432,acetylcholine,1661,False,Receptor identity unmapped; cholinergic synapses can act via muscarinic receptors (inhibitory) or nicotinic receptors (excitatory); glutamatergic transmission can be inhibitory via GluCl or excitatory via AMPA-like receptors. Unsigned weights maintained.
11020,DNp05,R,candidate_descending_readout,acetylcholine,0.9584000181046685,acetylcholine,1486,False,Receptor identity unmapped; cholinergic synapses can act via muscarinic receptors (inhibitory) or nicotinic receptors (excitatory); glutamatergic transmission can be inhibitory via GluCl or excitatory via AMPA-like receptors. Unsigned weights maintained.
11063,DNge032,L,candidate_descending_readout,acetylcholine,0.9434669802209595,acetylcholine,2794,False,Receptor identity unmapped; cholinergic synapses can act via muscarinic receptors (inhibitory) or nicotinic receptors (excitatory); glutamatergic transmission can be inhibitory via GluCl or excitatory via AMPA-like receptors. Unsigned weights maintained.
11088,DNp55,R,candidate_descending_readout,acetylcholine,0.9517212406869396,acetylcholine,2321,False,Receptor identity unmapped; cholinergic synapses can act via muscarinic receptors (inhibitory) or nicotinic receptors (excitatory); glutamatergic transmission can be inhibitory via GluCl or excitatory via AMPA-like receptors. Unsigned weights maintained.
11133,DNp70,R,candidate_descending_readout,acetylcholine,0.9351963996485984,acetylcholine,2184,False,Receptor identity unmapped; cholinergic synapses can act via muscarinic receptors (inhibitory) or nicotinic receptors (excitatory); glutamatergic transmission can be inhibitory via GluCl or excitatory via AMPA-like receptors. Unsigned weights maintained.
11137,DNp04,R,candidate_descending_readout,acetylcholine,0.966145372598192,acetylcholine,2486,False,Receptor identity unmapped; cholinergic synapses can act via muscarinic receptors (inhibitory) or nicotinic receptors (excitatory); glutamatergic transmission can be inhibitory via GluCl or excitatory via AMPA-like receptors. Unsigned weights maintained.
11159,DNp71,R,candidate_descending_readout,acetylcholine,0.9602533701981295,acetylcholine,2279,False,Receptor identity unmapped; cholinergic synapses can act via muscarinic receptors (inhibitory) or nicotinic receptors (excitatory); glutamatergic transmission can be inhibitory via GluCl or excitatory via AMPA-like receptors. Unsigned weights maintained.
11177,DNp09,R,candidate_descending_readout,acetylcholine,0.957317490972141,acetylcholine,2230,False,Receptor identity unmapped; cholinergic synapses can act via muscarinic receptors (inhibitory) or nicotinic receptors (excitatory); glutamatergic transmission can be inhibitory via GluCl or excitatory via AMPA-like receptors. Unsigned weights maintained.
11290,DNp66,R,candidate_descending_readout,acetylcholine,0.9544094554243171,acetylcholine,2099,False,Receptor identity unmapped; cholinergic synapses can act via muscarinic receptors (inhibitory) or nicotinic receptors (excitatory); glutamatergic transmission can be inhibitory via GluCl or excitatory via AMPA-like receptors. Unsigned weights maintained.
11334,DNpe045,R,candidate_descending_readout,acetylcholine,0.9567667316880828,acetylcholine,3132,False,Receptor identity unmapped; cholinergic synapses can act via muscarinic receptors (inhibitory) or nicotinic receptors (excitatory); glutamatergic transmission can be inhibitory via GluCl or excitatory via AMPA-like receptors. Unsigned weights maintained.
11513,DNp07,R,candidate_descending_readout,acetylcholine,0.9671115095405216,acetylcholine,2546,False,Receptor identity unmapped; cholinergic synapses can act via muscarinic receptors (inhibitory) or nicotinic receptors (excitatory); glutamatergic transmission can be inhibitory via GluCl or excitatory via AMPA-like receptors. Unsigned weights maintained.
11573,DNpe021,L,candidate_descending_readout,acetylcholine,0.9602079069685033,acetylcholine,2739,False,Receptor identity unmapped; cholinergic synapses can act via muscarinic receptors (inhibitory) or nicotinic receptors (excitatory); glutamatergic transmission can be inhibitory via GluCl or excitatory via AMPA-like receptors. Unsigned weights maintained.
11632,DNpe052,R,candidate_descending_readout,acetylcholine,0.9624135250199417,acetylcholine,2441,False,Receptor identity unmapped; cholinergic synapses can act via muscarinic receptors (inhibitory) or nicotinic receptors (excitatory); glutamatergic transmission can be inhibitory via GluCl or excitatory via AMPA-like receptors. Unsigned weights maintained.
12218,DNpe031,L,candidate_descending_readout,glutamate,0.7247571457382347,glutamate,2294,False,Receptor identity unmapped; cholinergic synapses can act via muscarinic receptors (inhibitory) or nicotinic receptors (excitatory); glutamatergic transmission can be inhibitory via GluCl or excitatory via AMPA-like receptors. Unsigned weights maintained.
12222,DNpe031,L,candidate_descending_readout,glutamate,0.7086808702736446,glutamate,2210,False,Receptor identity unmapped; cholinergic synapses can act via muscarinic receptors (inhibitory) or nicotinic receptors (excitatory); glutamatergic transmission can be inhibitory via GluCl or excitatory via AMPA-like receptors. Unsigned weights maintained.
12628,DNpe042,R,candidate_descending_readout,acetylcholine,0.9503861713096572,acetylcholine,2312,False,Receptor identity unmapped; cholinergic synapses can act via muscarinic receptors (inhibitory) or nicotinic receptors (excitatory); glutamatergic transmission can be inhibitory via GluCl or excitatory via AMPA-like receptors. Unsigned weights maintained.
33037,DNp69,L,candidate_descending_readout,acetylcholine,0.9573411706490921,acetylcholine,2791,False,Receptor identity unmapped; cholinergic synapses can act via muscarinic receptors (inhibitory) or nicotinic receptors (excitatory); glutamatergic transmission can be inhibitory via GluCl or excitatory via AMPA-like receptors. Unsigned weights maintained.
506334,DNp42,R,candidate_descending_readout,acetylcholine,0.9536809713527438,acetylcholine,3686,False,Receptor identity unmapped; cholinergic synapses can act via muscarinic receptors (inhibitory) or nicotinic receptors (excitatory); glutamatergic transmission can be inhibitory via GluCl or excitatory via AMPA-like receptors. Unsigned weights maintained.
519771,DNp71,L,candidate_descending_readout,acetylcholine,0.9524830888438928,acetylcholine,2313,False,Receptor identity unmapped; cholinergic synapses can act via muscarinic receptors (inhibitory) or nicotinic receptors (excitatory); glutamatergic transmission can be inhibitory via GluCl or excitatory via AMPA-like receptors. Unsigned weights maintained.
522345,DNpe037,L,candidate_descending_readout,acetylcholine,0.8610894538152789,acetylcholine,1509,False,Receptor identity unmapped; cholinergic synapses can act via muscarinic receptors (inhibitory) or nicotinic receptors (excitatory); glutamatergic transmission can be inhibitory via GluCl or excitatory via AMPA-like receptors. Unsigned weights maintained.
524001,DNp05,L,candidate_descending_readout,acetylcholine,0.9574082249222785,acetylcholine,1513,False,Receptor identity unmapped; cholinergic synapses can act via muscarinic receptors (inhibitory) or nicotinic receptors (excitatory); glutamatergic transmission can be inhibitory via GluCl or excitatory via AMPA-like receptors. Unsigned weights maintained.
531898,DNp04,L,candidate_descending_readout,acetylcholine,0.961419260534768,acetylcholine,2624,False,Receptor identity unmapped; cholinergic synapses can act via muscarinic receptors (inhibitory) or nicotinic receptors (excitatory); glutamatergic transmission can be inhibitory via GluCl or excitatory via AMPA-like receptors. Unsigned weights maintained.
536048,DNp27,L,candidate_descending_readout,acetylcholine,0.7222038360320772,acetylcholine,4736,False,Receptor identity unmapped; cholinergic synapses can act via muscarinic receptors (inhibitory) or nicotinic receptors (excitatory); glutamatergic transmission can be inhibitory via GluCl or excitatory via AMPA-like receptors. Unsigned weights maintained.
575082,DNpe021,R,candidate_descending_readout,acetylcholine,0.9643948601197233,acetylcholine,2723,False,Receptor identity unmapped; cholinergic synapses can act via muscarinic receptors (inhibitory) or nicotinic receptors (excitatory); glutamatergic transmission can be inhibitory via GluCl or excitatory via AMPA-like receptors. Unsigned weights maintained.
10074,PVLP010,L,candidate_intermediate_interneuron,glutamate,0.6151948465501277,glutamate,3386,False,Receptor identity unmapped; cholinergic synapses can act via muscarinic receptors (inhibitory) or nicotinic receptors (excitatory); glutamatergic transmission can be inhibitory via GluCl or excitatory via AMPA-like receptors. Unsigned weights maintained.
10297,LHAD1g1,R,candidate_intermediate_interneuron,gaba,0.8023775371779839,gaba,3260,False,Receptor identity unmapped; cholinergic synapses can act via muscarinic receptors (inhibitory) or nicotinic receptors (excitatory); glutamatergic transmission can be inhibitory via GluCl or excitatory via AMPA-like receptors. Unsigned weights maintained.
10147,LHAD1g1,L,candidate_intermediate_interneuron,gaba,0.8251751199406103,gaba,3234,False,Receptor identity unmapped; cholinergic synapses can act via muscarinic receptors (inhibitory) or nicotinic receptors (excitatory); glutamatergic transmission can be inhibitory via GluCl or excitatory via AMPA-like receptors. Unsigned weights maintained.
11677,PVLP151,R,candidate_intermediate_interneuron,acetylcholine,0.9645674201527171,acetylcholine,1433,False,Receptor identity unmapped; cholinergic synapses can act via muscarinic receptors (inhibitory) or nicotinic receptors (excitatory); glutamatergic transmission can be inhibitory via GluCl or excitatory via AMPA-like receptors. Unsigned weights maintained.
12275,PVLP151,L,candidate_intermediate_interneuron,acetylcholine,0.8991030091012537,acetylcholine,1436,False,Receptor identity unmapped; cholinergic synapses can act via muscarinic receptors (inhibitory) or nicotinic receptors (excitatory); glutamatergic transmission can be inhibitory via GluCl or excitatory via AMPA-like receptors. Unsigned weights maintained.
16659,PVLP011,R,candidate_intermediate_interneuron,gaba,0.8404627793236956,gaba,5254,False,Receptor identity unmapped; cholinergic synapses can act via muscarinic receptors (inhibitory) or nicotinic receptors (excitatory); glutamatergic transmission can be inhibitory via GluCl or excitatory via AMPA-like receptors. Unsigned weights maintained.
523921,PVLP122,R,candidate_intermediate_interneuron,acetylcholine,0.96167202764078,acetylcholine,1188,False,Receptor identity unmapped; cholinergic synapses can act via muscarinic receptors (inhibitory) or nicotinic receptors (excitatory); glutamatergic transmission can be inhibitory via GluCl or excitatory via AMPA-like receptors. Unsigned weights maintained.
531985,PVLP010,R,candidate_intermediate_interneuron,glutamate,0.6049111724290503,glutamate,2815,False,Receptor identity unmapped; cholinergic synapses can act via muscarinic receptors (inhibitory) or nicotinic receptors (excitatory); glutamatergic transmission can be inhibitory via GluCl or excitatory via AMPA-like receptors. Unsigned weights maintained.
10992,PVLP122,L,candidate_intermediate_interneuron,acetylcholine,0.9552597431537038,acetylcholine,1195,False,Receptor identity unmapped; cholinergic synapses can act via muscarinic receptors (inhibitory) or nicotinic receptors (excitatory); glutamatergic transmission can be inhibitory via GluCl or excitatory via AMPA-like receptors. Unsigned weights maintained.
12215,PVLP122,R,candidate_intermediate_interneuron,acetylcholine,0.9639865854552393,acetylcholine,1444,False,Receptor identity unmapped; cholinergic synapses can act via muscarinic receptors (inhibitory) or nicotinic receptors (excitatory); glutamatergic transmission can be inhibitory via GluCl or excitatory via AMPA-like receptors. Unsigned weights maintained.
11927,PVLP122,L,candidate_intermediate_interneuron,acetylcholine,0.9676638886005774,acetylcholine,1510,False,Receptor identity unmapped; cholinergic synapses can act via muscarinic receptors (inhibitory) or nicotinic receptors (excitatory); glutamatergic transmission can be inhibitory via GluCl or excitatory via AMPA-like receptors. Unsigned weights maintained.
11826,PVLP151,R,candidate_intermediate_interneuron,acetylcholine,0.9623985009148077,acetylcholine,1338,False,Receptor identity unmapped; cholinergic synapses can act via muscarinic receptors (inhibitory) or nicotinic receptors (excitatory); glutamatergic transmission can be inhibitory via GluCl or excitatory via AMPA-like receptors. Unsigned weights maintained.
10173,PVLP151,L,candidate_intermediate_interneuron,acetylcholine,0.9617031812209408,acetylcholine,1415,False,Receptor identity unmapped; cholinergic synapses can act via muscarinic receptors (inhibitory) or nicotinic receptors (excitatory); glutamatergic transmission can be inhibitory via GluCl or excitatory via AMPA-like receptors. Unsigned weights maintained.
10867,PVLP076,R,candidate_intermediate_interneuron,acetylcholine,0.9581168632896625,acetylcholine,2394,False,Receptor identity unmapped; cholinergic synapses can act via muscarinic receptors (inhibitory) or nicotinic receptors (excitatory); glutamatergic transmission can be inhibitory via GluCl or excitatory via AMPA-like receptors. Unsigned weights maintained.
16475,PVLP024,L,candidate_intermediate_interneuron,gaba,0.8617317275639672,gaba,582,False,Receptor identity unmapped; cholinergic synapses can act via muscarinic receptors (inhibitory) or nicotinic receptors (excitatory); glutamatergic transmission can be inhibitory via GluCl or excitatory via AMPA-like receptors. Unsigned weights maintained.
523564,PVLP011,L,candidate_intermediate_interneuron,gaba,0.8418892919787313,gaba,5338,False,Receptor identity unmapped; cholinergic synapses can act via muscarinic receptors (inhibitory) or nicotinic receptors (excitatory); glutamatergic transmission can be inhibitory via GluCl or excitatory via AMPA-like receptors. Unsigned weights maintained.
555383,PVLP076,L,candidate_intermediate_interneuron,acetylcholine,0.9301798124339802,acetylcholine,2482,False,Receptor identity unmapped; cholinergic synapses can act via muscarinic receptors (inhibitory) or nicotinic receptors (excitatory); glutamatergic transmission can be inhibitory via GluCl or excitatory via AMPA-like receptors. Unsigned weights maintained.
19454,PVLP024,R,candidate_intermediate_interneuron,gaba,0.8655004567993698,gaba,431,False,Receptor identity unmapped; cholinergic synapses can act via muscarinic receptors (inhibitory) or nicotinic receptors (excitatory); glutamatergic transmission can be inhibitory via GluCl or excitatory via AMPA-like receptors. Unsigned weights maintained.
530085,PVLP022,R,candidate_intermediate_interneuron,gaba,0.873355089752528,gaba,947,False,Receptor identity unmapped; cholinergic synapses can act via muscarinic receptors (inhibitory) or nicotinic receptors (excitatory); glutamatergic transmission can be inhibitory via GluCl or excitatory via AMPA-like receptors. Unsigned weights maintained.
16459,PVLP024,R,candidate_intermediate_interneuron,gaba,0.8827358195725109,gaba,411,False,Receptor identity unmapped; cholinergic synapses can act via muscarinic receptors (inhibitory) or nicotinic receptors (excitatory); glutamatergic transmission can be inhibitory via GluCl or excitatory via AMPA-like receptors. Unsigned weights maintained.
12041,AVLP396,R,candidate_intermediate_interneuron,acetylcholine,0.9416748726043863,acetylcholine,1291,False,Receptor identity unmapped; cholinergic synapses can act via muscarinic receptors (inhibitory) or nicotinic receptors (excitatory); glutamatergic transmission can be inhibitory via GluCl or excitatory via AMPA-like receptors. Unsigned weights maintained.
13122,PVLP130,R,candidate_intermediate_interneuron,gaba,0.8695302644888453,gaba,1683,False,Receptor identity unmapped; cholinergic synapses can act via muscarinic receptors (inhibitory) or nicotinic receptors (excitatory); glutamatergic transmission can be inhibitory via GluCl or excitatory via AMPA-like receptors. Unsigned weights maintained.
10145,PVLP130,L,candidate_intermediate_interneuron,gaba,0.8596009347069874,gaba,1694,False,Receptor identity unmapped; cholinergic synapses can act via muscarinic receptors (inhibitory) or nicotinic receptors (excitatory); glutamatergic transmission can be inhibitory via GluCl or excitatory via AMPA-like receptors. Unsigned weights maintained.
10780,AVLP396,L,candidate_intermediate_interneuron,acetylcholine,0.9625841918656945,acetylcholine,1279,False,Receptor identity unmapped; cholinergic synapses can act via muscarinic receptors (inhibitory) or nicotinic receptors (excitatory); glutamatergic transmission can be inhibitory via GluCl or excitatory via AMPA-like receptors. Unsigned weights maintained.
11895,PVLP022,L,candidate_intermediate_interneuron,gaba,0.873691386469614,gaba,883,False,Receptor identity unmapped; cholinergic synapses can act via muscarinic receptors (inhibitory) or nicotinic receptors (excitatory); glutamatergic transmission can be inhibitory via GluCl or excitatory via AMPA-like receptors. Unsigned weights maintained.
527690,PVLP022,L,candidate_intermediate_interneuron,gaba,0.849657090191552,gaba,594,False,Receptor identity unmapped; cholinergic synapses can act via muscarinic receptors (inhibitory) or nicotinic receptors (excitatory); glutamatergic transmission can be inhibitory via GluCl or excitatory via AMPA-like receptors. Unsigned weights maintained.
17375,SAD064,L,candidate_intermediate_interneuron,acetylcholine,0.9314365333352186,acetylcholine,493,False,Receptor identity unmapped; cholinergic synapses can act via muscarinic receptors (inhibitory) or nicotinic receptors (excitatory); glutamatergic transmission can be inhibitory via GluCl or excitatory via AMPA-like receptors. Unsigned weights maintained.
531899,AVLP452,L,candidate_intermediate_interneuron,acetylcholine,0.9347429975539172,acetylcholine,461,False,Receptor identity unmapped; cholinergic synapses can act via muscarinic receptors (inhibitory) or nicotinic receptors (excitatory); glutamatergic transmission can be inhibitory via GluCl or excitatory via AMPA-like receptors. Unsigned weights maintained.
12507,AVLP340,R,candidate_intermediate_interneuron,acetylcholine,0.9446814806430058,acetylcholine,1291,False,Receptor identity unmapped; cholinergic synapses can act via muscarinic receptors (inhibitory) or nicotinic receptors (excitatory); glutamatergic transmission can be inhibitory via GluCl or excitatory via AMPA-like receptors. Unsigned weights maintained.
25438,SAD064,L,candidate_intermediate_interneuron,acetylcholine,0.9401877084310687,acetylcholine,590,False,Receptor identity unmapped; cholinergic synapses can act via muscarinic receptors (inhibitory) or nicotinic receptors (excitatory); glutamatergic transmission can be inhibitory via GluCl or excitatory via AMPA-like receptors. Unsigned weights maintained.
534040,PVLP015,R,candidate_intermediate_interneuron,glutamate,0.7201674402881679,glutamate,1554,False,Receptor identity unmapped; cholinergic synapses can act via muscarinic receptors (inhibitory) or nicotinic receptors (excitatory); glutamatergic transmission can be inhibitory via GluCl or excitatory via AMPA-like receptors. Unsigned weights maintained.
21342,CL323,L,candidate_intermediate_interneuron,acetylcholine,0.9676405270691675,acetylcholine,548,False,Receptor identity unmapped; cholinergic synapses can act via muscarinic receptors (inhibitory) or nicotinic receptors (excitatory); glutamatergic transmission can be inhibitory via GluCl or excitatory via AMPA-like receptors. Unsigned weights maintained.
10943,AVLP531,R,candidate_intermediate_interneuron,gaba,0.798070783020641,gaba,2688,False,Receptor identity unmapped; cholinergic synapses can act via muscarinic receptors (inhibitory) or nicotinic receptors (excitatory); glutamatergic transmission can be inhibitory via GluCl or excitatory via AMPA-like receptors. Unsigned weights maintained.
13794,PVLP021,R,candidate_intermediate_interneuron,gaba,0.8631519006649535,gaba,1014,False,Receptor identity unmapped; cholinergic synapses can act via muscarinic receptors (inhibitory) or nicotinic receptors (excitatory); glutamatergic transmission can be inhibitory via GluCl or excitatory via AMPA-like receptors. Unsigned weights maintained.
527699,SAD064,R,candidate_intermediate_interneuron,acetylcholine,0.9361320449970115,acetylcholine,402,False,Receptor identity unmapped; cholinergic synapses can act via muscarinic receptors (inhibitory) or nicotinic receptors (excitatory); glutamatergic transmission can be inhibitory via GluCl or excitatory via AMPA-like receptors. Unsigned weights maintained.
15665,SAD064,R,candidate_intermediate_interneuron,acetylcholine,0.9520959783313615,acetylcholine,557,False,Receptor identity unmapped; cholinergic synapses can act via muscarinic receptors (inhibitory) or nicotinic receptors (excitatory); glutamatergic transmission can be inhibitory via GluCl or excitatory via AMPA-like receptors. Unsigned weights maintained.
10017,AMMC-A1,L,candidate_intermediate_interneuron,unclear,0.4749889901606193,acetylcholine,336,False,Receptor identity unmapped; cholinergic synapses can act via muscarinic receptors (inhibitory) or nicotinic receptors (excitatory); glutamatergic transmission can be inhibitory via GluCl or excitatory via AMPA-like receptors. Unsigned weights maintained.
529031,GNG300,L,candidate_intermediate_interneuron,gaba,0.8561895427087998,gaba,1621,False,Receptor identity unmapped; cholinergic synapses can act via muscarinic receptors (inhibitory) or nicotinic receptors (excitatory); glutamatergic transmission can be inhibitory via GluCl or excitatory via AMPA-like receptors. Unsigned weights maintained.
10146,AMMC-A1,R,candidate_intermediate_interneuron,acetylcholine,0.5266557394938229,acetylcholine,236,False,Receptor identity unmapped; cholinergic synapses can act via muscarinic receptors (inhibitory) or nicotinic receptors (excitatory); glutamatergic transmission can be inhibitory via GluCl or excitatory via AMPA-like receptors. Unsigned weights maintained.
12870,AVLP500,R,candidate_intermediate_interneuron,acetylcholine,0.9695968440061524,acetylcholine,1322,False,Receptor identity unmapped; cholinergic synapses can act via muscarinic receptors (inhibitory) or nicotinic receptors (excitatory); glutamatergic transmission can be inhibitory via GluCl or excitatory via AMPA-like receptors. Unsigned weights maintained.
15994,CB3513,L,candidate_intermediate_interneuron,gaba,0.845313577833457,gaba,605,False,Receptor identity unmapped; cholinergic synapses can act via muscarinic receptors (inhibitory) or nicotinic receptors (excitatory); glutamatergic transmission can be inhibitory via GluCl or excitatory via AMPA-like receptors. Unsigned weights maintained.
519389,AVLP452,L,candidate_intermediate_interneuron,acetylcholine,0.9067228134061512,acetylcholine,371,False,Receptor identity unmapped; cholinergic synapses can act via muscarinic receptors (inhibitory) or nicotinic receptors (excitatory); glutamatergic transmission can be inhibitory via GluCl or excitatory via AMPA-like receptors. Unsigned weights maintained.
10257,AMMC-A1,L,candidate_intermediate_interneuron,acetylcholine,0.5931804647614707,acetylcholine,267,False,Receptor identity unmapped; cholinergic synapses can act via muscarinic receptors (inhibitory) or nicotinic receptors (excitatory); glutamatergic transmission can be inhibitory via GluCl or excitatory via AMPA-like receptors. Unsigned weights maintained.
526031,PVLP021,L,candidate_intermediate_interneuron,gaba,0.8473104735836953,gaba,876,False,Receptor identity unmapped; cholinergic synapses can act via muscarinic receptors (inhibitory) or nicotinic receptors (excitatory); glutamatergic transmission can be inhibitory via GluCl or excitatory via AMPA-like receptors. Unsigned weights maintained.
11191,AVLP340,L,candidate_intermediate_interneuron,acetylcholine,0.9642890874998694,acetylcholine,1392,False,Receptor identity unmapped; cholinergic synapses can act via muscarinic receptors (inhibitory) or nicotinic receptors (excitatory); glutamatergic transmission can be inhibitory via GluCl or excitatory via AMPA-like receptors. Unsigned weights maintained.
65991,PVLP021,L,candidate_intermediate_interneuron,gaba,0.8581942676524303,gaba,919,False,Receptor identity unmapped; cholinergic synapses can act via muscarinic receptors (inhibitory) or nicotinic receptors (excitatory); glutamatergic transmission can be inhibitory via GluCl or excitatory via AMPA-like receptors. Unsigned weights maintained.
10020,AMMC-A1,L,candidate_intermediate_interneuron,unclear,0.4912820169458393,acetylcholine,249,False,Receptor identity unmapped; cholinergic synapses can act via muscarinic receptors (inhibitory) or nicotinic receptors (excitatory); glutamatergic transmission can be inhibitory via GluCl or excitatory via AMPA-like receptors. Unsigned weights maintained.
16445,PVLP123,R,candidate_intermediate_interneuron,acetylcholine,0.9484722053701019,acetylcholine,702,False,Receptor identity unmapped; cholinergic synapses can act via muscarinic receptors (inhibitory) or nicotinic receptors (excitatory); glutamatergic transmission can be inhibitory via GluCl or excitatory via AMPA-like receptors. Unsigned weights maintained.
10263,GNG300,R,candidate_intermediate_interneuron,gaba,0.8327103569609767,gaba,1568,False,Receptor identity unmapped; cholinergic synapses can act via muscarinic receptors (inhibitory) or nicotinic receptors (excitatory); glutamatergic transmission can be inhibitory via GluCl or excitatory via AMPA-like receptors. Unsigned weights maintained.
531983,AVLP452,R,candidate_intermediate_interneuron,acetylcholine,0.9403332524235261,acetylcholine,423,False,Receptor identity unmapped; cholinergic synapses can act via muscarinic receptors (inhibitory) or nicotinic receptors (excitatory); glutamatergic transmission can be inhibitory via GluCl or excitatory via AMPA-like receptors. Unsigned weights maintained.
