bodyId_pre,pre_type,pre_side,bodyId_post,post_type,post_side,weight
518439,LC4,left,10010,DNp01,left,82
17478,LC4,left,10010,DNp01,left,76
29469,LC4,left,10010,DNp01,left,73
20859,LC4,left,10010,DNp01,left,72
32597,LC4,left,10010,DNp01,left,69
533129,LC4,left,10010,DNp01,left,67
22847,LC4,right,10001,DNp01,right,66
17653,LC4,left,10010,DNp01,left,66
16128,LC4,right,10001,DNp01,right,65
512366,LC4,left,10010,DNp01,left,65
31563,LPLC2,left,10010,DNp01,left,64
515476,LC4,left,10010,DNp01,left,64
27829,LC4,left,10010,DNp01,left,64
24338,LC4,right,10001,DNp01,right,63
17668,LC4,right,10001,DNp01,right,63
12032,LC4,left,10010,DNp01,left,62
530029,LC4,left,10010,DNp01,left,62
22772,LC4,left,10010,DNp01,left,62
16917,LC4,left,10010,DNp01,left,62
20399,LC4,right,10001,DNp01,right,62
12349,LC4,left,10010,DNp01,left,62
31301,LC4,left,10010,DNp01,left,61
524899,LC4,left,10010,DNp01,left,61
35616,LC4,left,10010,DNp01,left,61
22966,LC4,right,10001,DNp01,right,61
22253,LPLC2,left,10010,DNp01,left,60
514956,LC4,left,10010,DNp01,left,60
18396,LC4,left,10010,DNp01,left,59
27750,LC4,left,10010,DNp01,left,59
20182,LPLC2,right,10001,DNp01,right,59
22194,LC4,right,10001,DNp01,right,59
100485,LC4,left,10010,DNp01,left,58
22975,LC4,right,10001,DNp01,right,58
29514,LC4,left,10010,DNp01,left,58
30803,LC4,right,10001,DNp01,right,57
20976,LC4,left,10010,DNp01,left,57
17270,LC4,left,10010,DNp01,left,57
18478,LC4,left,10010,DNp01,left,57
18127,LC4,right,10001,DNp01,right,57
23929,LC4,right,10001,DNp01,right,56
35262,LC4,left,10010,DNp01,left,56
19634,LC4,right,10001,DNp01,right,56
23392,LC4,right,10001,DNp01,right,56
81112,LC4,left,10010,DNp01,left,55
19787,LPLC2,left,10010,DNp01,left,55
14888,LC4,left,10010,DNp01,left,55
20572,LC4,left,10010,DNp01,left,55
517752,LC4,left,10010,DNp01,left,55
21336,LC4,right,10001,DNp01,right,55
511914,LC4,left,10010,DNp01,left,54
515900,LC4,left,10010,DNp01,left,54
22557,LPLC2,left,10010,DNp01,left,54
20269,LPLC2,right,10001,DNp01,right,53
512705,LC4,left,10010,DNp01,left,53
26112,LC4,right,10001,DNp01,right,53
16628,LC4,right,10001,DNp01,right,53
23226,LC4,left,10010,DNp01,left,52
77614,LC4,left,10010,DNp01,left,52
23792,LC4,right,10001,DNp01,right,52
16138,LC4,right,10001,DNp01,right,52
21225,LC4,right,10001,DNp01,right,52
22922,LC4,left,10010,DNp01,left,52
18432,LC4,left,10010,DNp01,left,52
34845,LC4,left,10010,DNp01,left,51
21721,LC4,left,10010,DNp01,left,51
28980,LC4,left,10010,DNp01,left,51
27624,LC4,left,10010,DNp01,left,51
518730,LC4,left,10010,DNp01,left,51
37587,LC4,left,10010,DNp01,left,51
30087,LC4,left,10010,DNp01,left,51
111903,LPLC2,left,10228,DNp06,left,51
533895,LPLC2,left,10010,DNp01,left,50
17860,LC4,right,10001,DNp01,right,50
19608,LPLC2,right,10001,DNp01,right,49
19543,LC4,right,10001,DNp01,right,49
17364,LC4,right,10001,DNp01,right,48
24187,LPLC2,right,10001,DNp01,right,48
20103,LPLC2,right,10001,DNp01,right,48
21804,LC4,right,10001,DNp01,right,48
25854,LPLC2,left,10010,DNp01,left,48
17926,LC4,right,10001,DNp01,right,48
518731,LPLC2,left,10010,DNp01,left,48
527408,LC4,right,10001,DNp01,right,47
23919,LPLC2,left,10010,DNp01,left,47
20047,LPLC2,right,10001,DNp01,right,47
21562,LPLC2,right,10001,DNp01,right,47
516909,LC4,left,10010,DNp01,left,47
17266,LC4,right,10001,DNp01,right,47
20542,LC4,right,10001,DNp01,right,47
518544,LC4,left,10010,DNp01,left,47
24401,LPLC2,right,10001,DNp01,right,47
17544,LPLC2,left,10228,DNp06,left,47
22328,LC4,right,10001,DNp01,right,47
518983,LC4,left,10010,DNp01,left,46
520764,LPLC2,left,10010,DNp01,left,46
20799,LPLC2,left,10010,DNp01,left,46
23878,LPLC2,right,10001,DNp01,right,46
519650,LC4,left,10010,DNp01,left,46
18189,LC4,right,10001,DNp01,right,46
30480,LC4,right,10001,DNp01,right,45
31429,LC4,left,10010,DNp01,left,45
20016,LC4,right,10001,DNp01,right,45
515971,LPLC2,left,10010,DNp01,left,45
20440,LC4,left,10010,DNp01,left,45
20162,LPLC2,right,10001,DNp01,right,45
19420,LC4,right,10001,DNp01,right,45
19794,LC4,right,10001,DNp01,right,44
31964,LPLC2,right,10001,DNp01,right,44
517819,LPLC2,left,10010,DNp01,left,44
12824,LC4,left,10010,DNp01,left,44
17608,LC4,left,10010,DNp01,left,44
17775,LPLC2,left,10010,DNp01,left,44
31308,LC4,left,10010,DNp01,left,43
23665,LPLC2,left,10010,DNp01,left,43
28044,LPLC2,right,10001,DNp01,right,43
13726,LPLC2,left,10010,DNp01,left,43
20588,LC4,right,10001,DNp01,right,43
25524,LPLC2,left,10010,DNp01,left,43
20673,LC4,right,10001,DNp01,right,43
21287,LC4,right,10001,DNp01,right,43
517079,LPLC2,left,10010,DNp01,left,43
20917,LC4,right,10001,DNp01,right,42
20808,LC4,right,10001,DNp01,right,42
520449,LC4,left,10010,DNp01,left,42
22034,LC4,right,10001,DNp01,right,42
28945,LC4,right,10001,DNp01,right,42
26147,LPLC2,right,10001,DNp01,right,42
24523,LC4,left,10010,DNp01,left,42
24800,LPLC2,right,10001,DNp01,right,41
21313,LC4,right,10001,DNp01,right,41
514508,LC4,left,10010,DNp01,left,41
28871,LPLC2,right,10001,DNp01,right,41
29417,LC4,left,10010,DNp01,left,41
23349,LPLC2,left,10010,DNp01,left,41
23497,LPLC2,right,10001,DNp01,right,41
20240,LPLC2,left,10010,DNp01,left,41
33185,LPLC2,right,10001,DNp01,right,41
15018,LC4,left,10010,DNp01,left,40
29563,LC4,right,10001,DNp01,right,40
18936,LPLC2,left,10010,DNp01,left,40
34407,LPLC2,left,10010,DNp01,left,40
21151,LC4,right,10001,DNp01,right,40
521115,LPLC2,left,10010,DNp01,left,40
16809,LC4,left,10010,DNp01,left,40
25286,LPLC2,left,10228,DNp06,left,40
518016,LC4,left,10010,DNp01,left,39
33137,LC4,left,10010,DNp01,left,39
17987,LC4,right,10001,DNp01,right,39
107513,LC4,left,10010,DNp01,left,39
20471,LPLC2,right,10001,DNp01,right,39
41097,LPLC2,left,10010,DNp01,left,39
24568,LPLC2,left,10010,DNp01,left,39
24840,LPLC2,left,10010,DNp01,left,38
35889,LPLC2,right,10001,DNp01,right,38
21808,LPLC2,right,10001,DNp01,right,38
19954,LC4,right,10001,DNp01,right,38
17990,LPLC2,left,10010,DNp01,left,38
18900,LPLC2,left,10010,DNp01,left,38
23202,LC4,left,10010,DNp01,left,38
26528,LPLC2,left,10010,DNp01,left,38
20535,LPLC2,right,10001,DNp01,right,37
17551,LPLC2,right,10001,DNp01,right,37
22261,LPLC2,right,10001,DNp01,right,37
19830,LPLC2,left,10228,DNp06,left,37
514670,LPLC2,left,10010,DNp01,left,37
17054,LC4,right,10001,DNp01,right,37
18672,LPLC2,right,10001,DNp01,right,36
100103,LPLC2,left,10010,DNp01,left,36
536444,LPLC2,left,10010,DNp01,left,36
26393,LPLC2,right,10001,DNp01,right,36
20967,LC4,left,10010,DNp01,left,36
20329,LPLC2,left,10010,DNp01,left,36
28188,LPLC2,left,10010,DNp01,left,36
38065,LC4,right,10001,DNp01,right,36
31262,LC4,right,10001,DNp01,right,36
33406,LPLC2,left,10010,DNp01,left,35
519931,LC4,left,10010,DNp01,left,35
26730,LPLC2,right,10584,DNp06,right,35
20282,LC4,right,10001,DNp01,right,35
24118,LPLC2,right,10001,DNp01,right,35
17548,LC4,right,10001,DNp01,right,35
19229,LPLC2,right,10001,DNp01,right,34
21361,LPLC2,left,10010,DNp01,left,34
19146,LPLC2,right,10001,DNp01,right,34
532254,LC4,left,10010,DNp01,left,34
17340,LC4,left,10010,DNp01,left,33
15804,LPLC2,left,10010,DNp01,left,33
23590,LPLC2,right,10001,DNp01,right,33
34655,LPLC2,left,10010,DNp01,left,33
32737,LPLC2,left,10010,DNp01,left,33
29702,LPLC2,left,10010,DNp01,left,33
25253,LPLC2,right,10001,DNp01,right,32
25497,LPLC2,right,10001,DNp01,right,32
526286,LC4,left,10010,DNp01,left,32
535341,LC4,left,10010,DNp01,left,32
23098,LC4,right,10001,DNp01,right,32
29391,LPLC2,right,10001,DNp01,right,32
23550,LPLC2,left,10010,DNp01,left,31
23247,LPLC2,left,10010,DNp01,left,31
30893,LPLC2,left,10228,DNp06,left,31
21165,LC4,right,10001,DNp01,right,31
29014,LPLC2,right,10001,DNp01,right,31
27716,LPLC2,left,10010,DNp01,left,30
27355,LPLC2,left,10010,DNp01,left,30
111787,LC4,left,10010,DNp01,left,30
21862,LPLC2,right,10001,DNp01,right,30
24308,LPLC2,left,10228,DNp06,left,30
25572,LPLC2,left,10010,DNp01,left,30
25584,LC4,right,10001,DNp01,right,30
19260,LC4,right,10001,DNp01,right,30
29753,LPLC2,left,10010,DNp01,left,29
24268,LPLC2,right,10001,DNp01,right,29
29287,LPLC2,right,10001,DNp01,right,29
27796,LPLC2,left,10010,DNp01,left,29
29955,LPLC2,left,10010,DNp01,left,29
35632,LPLC2,right,10584,DNp06,right,29
25209,LPLC2,left,10010,DNp01,left,28
19034,LPLC2,right,10001,DNp01,right,28
28741,LPLC2,right,10001,DNp01,right,28
30895,LPLC2,left,10010,DNp01,left,27
21045,LPLC2,right,10001,DNp01,right,27
525844,LPLC2,left,10010,DNp01,left,27
28011,LPLC2,left,10010,DNp01,left,27
24308,LPLC2,left,10010,DNp01,left,27
29815,LPLC2,left,10010,DNp01,left,27
14102,LPLC2,left,10010,DNp01,left,27
515900,LC4,left,10228,DNp06,left,26
28003,LPLC2,right,10001,DNp01,right,25
24268,LPLC2,right,10584,DNp06,right,25
27399,LPLC2,left,10010,DNp01,left,25
33303,LPLC2,left,10010,DNp01,left,24
31988,LPLC2,right,10001,DNp01,right,24
25575,LPLC2,left,10010,DNp01,left,24
25316,LPLC2,right,10584,DNp06,right,23
30938,LPLC2,right,10001,DNp01,right,23
531014,LPLC2,left,10010,DNp01,left,23
40841,LPLC2,left,10010,DNp01,left,23
26416,LPLC2,left,10228,DNp06,left,22
129687,LPLC2,left,10010,DNp01,left,22
23497,LPLC2,right,10584,DNp06,right,22
21299,LPLC2,left,10228,DNp06,left,22
25511,LPLC2,right,10001,DNp01,right,21
95241,LPLC2,left,514670,LPLC2,left,21
33396,LPLC2,right,10001,DNp01,right,21
13132,LPLC2,left,10228,DNp06,left,21
112292,LPLC2,left,10010,DNp01,left,21
13726,LPLC2,left,514670,LPLC2,left,21
39620,LPLC2,right,10001,DNp01,right,21
520764,LPLC2,left,536444,LPLC2,left,21
14465,LPLC2,right,10001,DNp01,right,21
37431,LPLC2,right,10001,DNp01,right,21
35680,LPLC2,right,10001,DNp01,right,21
19550,LC4,right,10001,DNp01,right,21
14888,LC4,left,10228,DNp06,left,21
26915,LPLC2,right,10001,DNp01,right,21
527408,LC4,right,23929,LC4,right,21
33439,LPLC2,right,10001,DNp01,right,21
27566,LPLC2,right,10584,DNp06,right,20
17987,LC4,right,19550,LC4,right,20
25636,LPLC2,right,10001,DNp01,right,20
516909,LC4,left,10228,DNp06,left,20
39620,LPLC2,right,10584,DNp06,right,20
19589,LPLC2,right,10001,DNp01,right,20
25027,LPLC2,left,10010,DNp01,left,20
524366,LPLC2,left,10010,DNp01,left,20
12384,LPLC2,left,10010,DNp01,left,20
17653,LC4,left,10228,DNp06,left,20
33965,LPLC2,left,10010,DNp01,left,20
29598,LPLC2,right,10584,DNp06,right,20
12384,LPLC2,left,10228,DNp06,left,20
33396,LPLC2,right,10584,DNp06,right,20
81112,LC4,left,10228,DNp06,left,19
19787,LPLC2,left,531014,LPLC2,left,19
17774,LPLC2,left,10010,DNp01,left,19
515971,LPLC2,left,514670,LPLC2,left,19
12824,LC4,left,515900,LC4,left,19
20240,LPLC2,left,100103,LPLC2,left,19
20694,LPLC2,right,10001,DNp01,right,19
17340,LC4,left,10228,DNp06,left,19
514670,LPLC2,left,95241,LPLC2,left,19
17478,LC4,left,10228,DNp06,left,19
32237,LPLC2,left,10010,DNp01,left,19
32507,LPLC2,right,10001,DNp01,right,19
34681,LPLC2,right,10001,DNp01,right,19
31257,LPLC2,right,10001,DNp01,right,19
20329,LPLC2,left,517819,LPLC2,left,18
29986,LPLC2,right,10001,DNp01,right,18
134521,LPLC2,left,10010,DNp01,left,18
27624,LC4,left,15018,LC4,left,18
19589,LPLC2,right,18672,LPLC2,right,18
518983,LC4,left,10228,DNp06,left,18
22677,LPLC2,right,19550,LC4,right,18
34845,LC4,left,10228,DNp06,left,18
531014,LPLC2,left,31563,LPLC2,left,18
18478,LC4,left,10228,DNp06,left,18
18929,LPLC2,right,10584,DNp06,right,18
37613,LPLC2,right,10584,DNp06,right,18
100103,LPLC2,left,20240,LPLC2,left,18
30512,LPLC2,left,10010,DNp01,left,18
15804,LPLC2,left,20329,LPLC2,left,18
29469,LC4,left,10228,DNp06,left,17
17653,LC4,left,10010,DNp01,left,17
50287,LPLC2,right,10001,DNp01,right,17
27471,LPLC2,right,10001,DNp01,right,17
40811,LPLC2,left,10010,DNp01,left,17
29319,LPLC2,left,10010,DNp01,left,17
24187,LPLC2,right,26393,LPLC2,right,17
16628,LC4,right,16128,LC4,right,17
17608,LC4,left,10228,DNp06,left,17
34051,LPLC2,left,10010,DNp01,left,17
29216,LPLC2,right,10001,DNp01,right,17
15018,LC4,left,530029,LC4,left,17
27624,LC4,left,518439,LC4,left,17
21769,LPLC2,right,10584,DNp06,right,17
515971,LPLC2,left,23349,LPLC2,left,17
21769,LPLC2,right,18189,LC4,right,17
15018,LC4,left,27624,LC4,left,16
23929,LC4,right,527408,LC4,right,16
12349,LC4,left,10228,DNp06,left,16
518731,LPLC2,left,515971,LPLC2,left,16
20440,LC4,left,520449,LC4,left,16
20471,LPLC2,right,23590,LPLC2,right,16
27355,LPLC2,left,10228,DNp06,left,16
55627,LPLC2,right,10001,DNp01,right,16
17775,LPLC2,left,100103,LPLC2,left,16
29873,LPLC2,right,10001,DNp01,right,16
19787,LPLC2,left,515971,LPLC2,left,16
34110,LPLC2,right,10001,DNp01,right,16
19608,LPLC2,right,20162,LPLC2,right,16
107513,LC4,left,10228,DNp06,left,16
18672,LPLC2,right,17551,LPLC2,right,16
518439,LC4,left,530029,LC4,left,16
20859,LC4,left,10228,DNp06,left,16
33303,LPLC2,left,10228,DNp06,left,16
20440,LC4,left,20967,LC4,left,16
19589,LPLC2,right,10584,DNp06,right,16
77614,LC4,left,16917,LC4,left,16
16128,LC4,right,16628,LC4,right,16
19608,LPLC2,right,17551,LPLC2,right,16
29183,LPLC2,right,10584,DNp06,right,15
17551,LPLC2,right,14465,LPLC2,right,15
18929,LPLC2,right,17551,LPLC2,right,15
27750,LC4,left,15018,LC4,left,15
17551,LPLC2,right,19589,LPLC2,right,15
21808,LPLC2,right,20471,LPLC2,right,15
20329,LPLC2,left,520764,LPLC2,left,15
515971,LPLC2,left,25854,LPLC2,left,15
515971,LPLC2,left,18936,LPLC2,left,15
531014,LPLC2,left,19787,LPLC2,left,15
27624,LC4,left,10228,DNp06,left,15
517078,LPLC2,left,10010,DNp01,left,15
515971,LPLC2,left,17990,LPLC2,left,15
19260,LC4,right,17668,LC4,right,15
13764,LPLC2,left,10228,DNp06,left,15
17608,LC4,left,37587,LC4,left,15
23202,LC4,left,10010,DNp01,left,15
20588,LC4,right,10584,DNp06,right,15
25136,LPLC2,left,10010,DNp01,left,15
28003,LPLC2,right,10584,DNp06,right,15
20240,LPLC2,left,517078,LPLC2,left,15
23202,LC4,left,24523,LC4,left,15
23590,LPLC2,right,28044,LPLC2,right,15
518731,LPLC2,left,531014,LPLC2,left,15
34681,LPLC2,right,10584,DNp06,right,15
24523,LC4,left,18478,LC4,left,15
18478,LC4,left,24523,LC4,left,15
21899,LPLC2,right,10001,DNp01,right,15
517079,LPLC2,left,28188,LPLC2,left,15
515971,LPLC2,left,518731,LPLC2,left,15
17551,LPLC2,right,18672,LPLC2,right,15
20584,LPLC2,right,17548,LC4,right,15
25584,LC4,right,19954,LC4,right,15
17880,LPLC2,left,10010,DNp01,left,15
23247,LPLC2,left,21361,LPLC2,left,15
518439,LC4,left,27624,LC4,left,15
13726,LPLC2,left,18936,LPLC2,left,14
29702,LPLC2,left,25572,LPLC2,left,14
21299,LPLC2,left,12384,LPLC2,left,14
515971,LPLC2,left,19787,LPLC2,left,14
533129,LC4,left,20859,LC4,left,14
35838,LPLC2,right,10584,DNp06,right,14
22218,LPLC2,right,10001,DNp01,right,14
20334,LPLC2,right,10001,DNp01,right,14
17551,LPLC2,right,20535,LPLC2,right,14
20694,LPLC2,right,20749,LPLC2,right,14
511914,LC4,left,23226,LC4,left,14
21318,LPLC2,right,10584,DNp06,right,14
100103,LPLC2,left,17775,LPLC2,left,14
29598,LPLC2,right,23929,LC4,right,14
22253,LPLC2,left,24568,LPLC2,left,14
20440,LC4,left,10228,DNp06,left,14
29598,LPLC2,right,10001,DNp01,right,14
20799,LPLC2,left,533895,LPLC2,left,14
29815,LPLC2,left,10228,DNp06,left,14
515900,LC4,left,17478,LC4,left,14
16128,LC4,right,18189,LC4,right,14
18929,LPLC2,right,19589,LPLC2,right,14
19146,LPLC2,right,14465,LPLC2,right,14
16917,LC4,left,77614,LC4,left,14
17340,LC4,left,533129,LC4,left,14
25524,LPLC2,left,19787,LPLC2,left,14
21361,LPLC2,left,17774,LPLC2,left,14
35889,LPLC2,right,31964,LPLC2,right,14
77614,LC4,left,10228,DNp06,left,14
19146,LPLC2,right,19608,LPLC2,right,14
28044,LPLC2,right,35889,LPLC2,right,14
100103,LPLC2,left,95241,LPLC2,left,14
14465,LPLC2,right,17551,LPLC2,right,14
12824,LC4,left,10010,DNp01,left,14
531014,LPLC2,left,33303,LPLC2,left,14
100103,LPLC2,left,515971,LPLC2,left,14
20535,LPLC2,right,19608,LPLC2,right,14
515971,LPLC2,left,95241,LPLC2,left,14
17990,LPLC2,left,20329,LPLC2,left,14
22677,LPLC2,right,10584,DNp06,right,14
30803,LC4,right,30480,LC4,right,14
19549,LPLC2,right,10584,DNp06,right,14
24308,LPLC2,left,29815,LPLC2,left,14
21899,LPLC2,right,20694,LPLC2,right,14
15804,LPLC2,left,23202,LC4,left,14
24605,LPLC2,left,10228,DNp06,left,14
14102,LPLC2,left,10228,DNp06,left,14
28044,LPLC2,right,23590,LPLC2,right,14
514670,LPLC2,left,515971,LPLC2,left,14
517819,LPLC2,left,20329,LPLC2,left,14
530029,LC4,left,518439,LC4,left,14
21899,LPLC2,right,17551,LPLC2,right,14
12384,LPLC2,left,21299,LPLC2,left,14
21703,LPLC2,right,17551,LPLC2,right,14
514670,LPLC2,left,23349,LPLC2,left,14
14465,LPLC2,right,19146,LPLC2,right,14
18672,LPLC2,right,19589,LPLC2,right,14
18396,LC4,left,530029,LC4,left,14
519650,LC4,left,20859,LC4,left,14
21703,LPLC2,right,10001,DNp01,right,14
15804,LPLC2,left,518731,LPLC2,left,14
12824,LC4,left,20859,LC4,left,14
30480,LC4,right,22034,LC4,right,14
19249,LPLC2,right,17054,LC4,right,14
14465,LPLC2,right,18929,LPLC2,right,13
27399,LPLC2,left,31563,LPLC2,left,13
515900,LC4,left,12824,LC4,left,13
20471,LPLC2,right,24187,LPLC2,right,13
18672,LPLC2,right,19034,LPLC2,right,13
516909,LC4,left,24523,LC4,left,13
95241,LPLC2,left,100103,LPLC2,left,13
100103,LPLC2,left,24605,LPLC2,left,13
29563,LC4,right,22847,LC4,right,13
517079,LPLC2,left,520764,LPLC2,left,13
95241,LPLC2,left,17653,LC4,left,13
20859,LC4,left,17270,LC4,left,13
40841,LPLC2,left,10228,DNp06,left,13
29183,LPLC2,right,10001,DNp01,right,13
20334,LPLC2,right,22261,LPLC2,right,13
531014,LPLC2,left,29702,LPLC2,left,13
24523,LC4,left,23202,LC4,left,13
21045,LPLC2,right,10584,DNp06,right,13
111903,LPLC2,left,12349,LC4,left,13
27399,LPLC2,left,22253,LPLC2,left,13
17364,LC4,right,19260,LC4,right,13
16128,LC4,right,17054,LC4,right,13
517819,LPLC2,left,19787,LPLC2,left,13
13726,LPLC2,left,25524,LPLC2,left,13
517819,LPLC2,left,17775,LPLC2,left,13
15018,LC4,left,514956,LC4,left,13
27471,LPLC2,right,10584,DNp06,right,13
530029,LC4,left,16809,LC4,left,13
26416,LPLC2,left,10010,DNp01,left,13
20047,LPLC2,right,23497,LPLC2,right,13
23919,LPLC2,left,10228,DNp06,left,13
28945,LC4,right,22975,LC4,right,13
17926,LC4,right,17364,LC4,right,13
517078,LPLC2,left,13132,LPLC2,left,13
26528,LPLC2,left,19787,LPLC2,left,13
100103,LPLC2,left,517078,LPLC2,left,13
27750,LC4,left,18396,LC4,left,13
515971,LPLC2,left,112292,LPLC2,left,13
20103,LPLC2,right,21808,LPLC2,right,13
21045,LPLC2,right,21862,LPLC2,right,13
24401,LPLC2,right,21562,LPLC2,right,13
20162,LPLC2,right,21045,LPLC2,right,13
20694,LPLC2,right,17551,LPLC2,right,13
18672,LPLC2,right,20103,LPLC2,right,13
20694,LPLC2,right,14465,LPLC2,right,13
77614,LC4,left,18432,LC4,left,13
23792,LC4,right,23392,LC4,right,13
17990,LPLC2,left,112292,LPLC2,left,13
26393,LPLC2,right,24187,LPLC2,right,13
17059,LPLC2,left,19830,LPLC2,left,13
20103,LPLC2,right,18672,LPLC2,right,13
19787,LPLC2,left,26528,LPLC2,left,13
17653,LC4,left,515900,LC4,left,13
31563,LPLC2,left,25854,LPLC2,left,13
21862,LPLC2,right,31964,LPLC2,right,13
21862,LPLC2,right,28044,LPLC2,right,13
21721,LC4,left,532254,LC4,left,13
19229,LPLC2,right,20103,LPLC2,right,13
19842,LPLC2,right,17054,LC4,right,13
17478,LC4,left,12824,LC4,left,13
29815,LPLC2,left,27796,LPLC2,left,13
22253,LPLC2,left,27399,LPLC2,left,13
21808,LPLC2,right,10584,DNp06,right,13
19549,LPLC2,right,19794,LC4,right,13
23392,LC4,right,10584,DNp06,right,13
31964,LPLC2,right,35889,LPLC2,right,13
19608,LPLC2,right,20535,LPLC2,right,13
19146,LPLC2,right,17551,LPLC2,right,13
21808,LPLC2,right,39620,LPLC2,right,13
22975,LC4,right,28945,LC4,right,13
23497,LPLC2,right,20047,LPLC2,right,13
519650,LC4,left,10228,DNp06,left,13
19249,LPLC2,right,10584,DNp06,right,13
12384,LPLC2,left,13132,LPLC2,left,13
22261,LPLC2,right,20334,LPLC2,right,13
29955,LPLC2,left,32737,LPLC2,left,13
29955,LPLC2,left,31105,LPLC2,left,13
29702,LPLC2,left,531014,LPLC2,left,13
518983,LC4,left,81112,LC4,left,13
18936,LPLC2,left,13726,LPLC2,left,13
12824,LC4,left,10228,DNp06,left,13
21721,LC4,left,10228,DNp06,left,13
536444,LPLC2,left,520764,LPLC2,left,13
20240,LPLC2,left,10228,DNp06,left,12
100485,LC4,left,20976,LC4,left,12
530029,LC4,left,18396,LC4,left,12
514956,LC4,left,15018,LC4,left,12
107513,LC4,left,512366,LC4,left,12
19830,LPLC2,left,10010,DNp01,left,12
15018,LC4,left,16809,LC4,left,12
20240,LPLC2,left,18936,LPLC2,left,12
17551,LPLC2,right,26147,LPLC2,right,12
22194,LC4,right,10584,DNp06,right,12
30041,LPLC2,right,10001,DNp01,right,12
23202,LC4,left,10228,DNp06,left,12
25286,LPLC2,left,512366,LC4,left,12
14102,LPLC2,left,24605,LPLC2,left,12
22557,LPLC2,left,10228,DNp06,left,12
20749,LPLC2,right,10001,DNp01,right,12
514670,LPLC2,left,13726,LPLC2,left,12
18900,LPLC2,left,18936,LPLC2,left,12
19249,LPLC2,right,19549,LPLC2,right,12
35262,LC4,left,77614,LC4,left,12
20799,LPLC2,left,19787,LPLC2,left,12
12384,LPLC2,left,14030,LPLC2,left,12
37613,LPLC2,right,24268,LPLC2,right,12
16809,LC4,left,518439,LC4,left,12
516909,LC4,left,23202,LC4,left,12
20967,LC4,left,519931,LC4,left,12
19420,LC4,right,17364,LC4,right,12
29955,LPLC2,left,41097,LPLC2,left,12
21769,LPLC2,right,19249,LPLC2,right,12
29287,LPLC2,right,10584,DNp06,right,12
25253,LPLC2,right,23878,LPLC2,right,12
20103,LPLC2,right,21769,LPLC2,right,12
17774,LPLC2,left,11498,LPLC2,left,12
18900,LPLC2,left,518731,LPLC2,left,12
21151,LC4,right,10584,DNp06,right,12
20240,LPLC2,left,17990,LPLC2,left,12
27023,LPLC2,left,129687,LPLC2,left,12
17990,LPLC2,left,515971,LPLC2,left,12
18936,LPLC2,left,95241,LPLC2,left,12
17987,LC4,right,17926,LC4,right,12
24523,LC4,left,10228,DNp06,left,12
27023,LPLC2,left,10228,DNp06,left,12
19787,LPLC2,left,517819,LPLC2,left,12
17270,LC4,left,10228,DNp06,left,12
26393,LPLC2,right,35889,LPLC2,right,12
22328,LC4,right,20588,LC4,right,12
17926,LC4,right,16128,LC4,right,12
20240,LPLC2,left,24568,LPLC2,left,12
27023,LPLC2,left,26416,LPLC2,left,12
20799,LPLC2,left,22557,LPLC2,left,12
14102,LPLC2,left,15804,LPLC2,left,12
20162,LPLC2,right,20535,LPLC2,right,12
23202,LC4,left,516909,LC4,left,12
21769,LPLC2,right,10001,DNp01,right,12
12824,LC4,left,17478,LC4,left,12
22261,LPLC2,right,28044,LPLC2,right,12
30041,LPLC2,right,28741,LPLC2,right,12
29014,LPLC2,right,23878,LPLC2,right,12
24523,LC4,left,516909,LC4,left,12
19787,LPLC2,left,25524,LPLC2,left,12
19146,LPLC2,right,20334,LPLC2,right,12
21562,LPLC2,right,24800,LPLC2,right,12
23349,LPLC2,left,515971,LPLC2,left,12
28011,LPLC2,left,520764,LPLC2,left,12
18900,LPLC2,left,17775,LPLC2,left,12
26393,LPLC2,right,24268,LPLC2,right,12
11498,LPLC2,left,10228,DNp06,left,12
20471,LPLC2,right,31964,LPLC2,right,12
17774,LPLC2,left,21361,LPLC2,left,12
14102,LPLC2,left,95241,LPLC2,left,12
31964,LPLC2,right,21862,LPLC2,right,12
19954,LC4,right,20542,LC4,right,12
13132,LPLC2,left,515971,LPLC2,left,12
29391,LPLC2,right,28871,LPLC2,right,12
29563,LC4,right,22966,LC4,right,12
13132,LPLC2,left,24605,LPLC2,left,12
20859,LC4,left,12824,LC4,left,12
38065,LC4,right,29563,LC4,right,12
23878,LPLC2,right,20269,LPLC2,right,12
515476,LC4,left,518439,LC4,left,12
17059,LPLC2,left,10010,DNp01,left,12
531014,LPLC2,left,17775,LPLC2,left,12
19608,LPLC2,right,19146,LPLC2,right,12
22966,LC4,right,29563,LC4,right,12
17653,LC4,left,520449,LC4,left,12
29563,LC4,right,38065,LC4,right,12
31563,LPLC2,left,10228,DNp06,left,12
19229,LPLC2,right,21318,LPLC2,right,12
514670,LPLC2,left,23247,LPLC2,left,12
533895,LPLC2,left,31563,LPLC2,left,12
14465,LPLC2,right,20694,LPLC2,right,12
21318,LPLC2,right,19549,LPLC2,right,12
14888,LC4,left,23202,LC4,left,12
17551,LPLC2,right,21899,LPLC2,right,12
17551,LPLC2,right,20694,LPLC2,right,12
21808,LPLC2,right,20103,LPLC2,right,12
17990,LPLC2,left,19787,LPLC2,left,12
112292,LPLC2,left,17990,LPLC2,left,12
526286,LC4,left,515900,LC4,left,12
17551,LPLC2,right,19146,LPLC2,right,12
100103,LPLC2,left,21361,LPLC2,left,12
517752,LC4,left,10228,DNp06,left,12
518731,LPLC2,left,15804,LPLC2,left,12
18189,LC4,right,10584,DNp06,right,12
24840,LPLC2,left,23550,LPLC2,left,12
20329,LPLC2,left,15804,LPLC2,left,12
18936,LPLC2,left,14102,LPLC2,left,12
31262,LC4,right,30803,LC4,right,12
27796,LPLC2,left,33303,LPLC2,left,12
25572,LPLC2,left,10228,DNp06,left,12
20103,LPLC2,right,14465,LPLC2,right,12
13726,LPLC2,left,17774,LPLC2,left,12
17548,LC4,right,19954,LC4,right,12
27566,LPLC2,right,25253,LPLC2,right,12
31301,LC4,left,10228,DNp06,left,12
16628,LC4,right,17926,LC4,right,12
31964,LPLC2,right,10584,DNp06,right,12
19229,LPLC2,right,18672,LPLC2,right,12
518730,LC4,left,519931,LC4,left,12
19911,LPLC2,left,10228,DNp06,left,12
19608,LPLC2,right,28044,LPLC2,right,12
100103,LPLC2,left,17059,LPLC2,left,12
21361,LPLC2,left,11498,LPLC2,left,12
20967,LC4,left,10228,DNp06,left,12
17478,LC4,left,20440,LC4,left,12
23098,LC4,right,10584,DNp06,right,12
22975,LC4,right,30803,LC4,right,12
536444,LPLC2,left,40811,LPLC2,left,12
19229,LPLC2,right,21899,LPLC2,right,12
17775,LPLC2,left,13726,LPLC2,left,11
512366,LC4,left,10228,DNp06,left,11
30803,LC4,right,19543,LC4,right,11
31964,LPLC2,right,28044,LPLC2,right,11
31964,LPLC2,right,20182,LPLC2,right,11
19787,LPLC2,left,20799,LPLC2,left,11
14030,LPLC2,left,514670,LPLC2,left,11
20334,LPLC2,right,21225,LC4,right,11
31563,LPLC2,left,533895,LPLC2,left,11
24401,LPLC2,right,21808,LPLC2,right,11
17990,LPLC2,left,517079,LPLC2,left,11
27023,LPLC2,left,10010,DNp01,left,11
514670,LPLC2,left,517819,LPLC2,left,11
28188,LPLC2,left,31563,LPLC2,left,11
19787,LPLC2,left,25572,LPLC2,left,11
21899,LPLC2,right,10584,DNp06,right,11
20799,LPLC2,left,22253,LPLC2,left,11
20471,LPLC2,right,21045,LPLC2,right,11
20399,LC4,right,22328,LC4,right,11
20917,LC4,right,10584,DNp06,right,11
32597,LC4,left,27750,LC4,left,11
32223,LPLC2,left,24840,LPLC2,left,11
28003,LPLC2,right,29014,LPLC2,right,11
20269,LPLC2,right,20103,LPLC2,right,11
20976,LC4,left,22772,LC4,left,11
516909,LC4,left,18478,LC4,left,11
19146,LPLC2,right,18672,LPLC2,right,11
19634,LC4,right,10584,DNp06,right,11
100103,LPLC2,left,518731,LPLC2,left,11
14102,LPLC2,left,517819,LPLC2,left,11
17774,LPLC2,left,100103,LPLC2,left,11
12032,LC4,left,20967,LC4,left,11
24568,LPLC2,left,32737,LPLC2,left,11
25136,LPLC2,left,10228,DNp06,left,11
40811,LPLC2,left,41097,LPLC2,left,11
19550,LC4,right,19954,LC4,right,11
32237,LPLC2,left,10228,DNp06,left,11
20282,LC4,right,20588,LC4,right,11
24568,LPLC2,left,20240,LPLC2,left,11
19608,LPLC2,right,20269,LPLC2,right,11
518731,LPLC2,left,517819,LPLC2,left,11
23202,LC4,left,526286,LC4,left,11
21721,LC4,left,17478,LC4,left,11
22922,LC4,left,31301,LC4,left,11
17551,LPLC2,right,21703,LPLC2,right,11
21045,LPLC2,right,19034,LPLC2,right,11
20859,LC4,left,35616,LC4,left,11
14102,LPLC2,left,17990,LPLC2,left,11
14102,LPLC2,left,18936,LPLC2,left,11
100485,LC4,left,12032,LC4,left,11
19034,LPLC2,right,21045,LPLC2,right,11
37925,LPLC2,right,10584,DNp06,right,11
22922,LC4,left,519650,LC4,left,11
31563,LPLC2,left,19787,LPLC2,left,11
17551,LPLC2,right,10584,DNp06,right,11
14465,LPLC2,right,19842,LPLC2,right,11
23202,LC4,left,33137,LC4,left,11
19034,LPLC2,right,28044,LPLC2,right,11
19550,LC4,right,17987,LC4,right,11
20588,LC4,right,22328,LC4,right,11
515971,LPLC2,left,17774,LPLC2,left,11
22218,LPLC2,right,10584,DNp06,right,11
520449,LC4,left,20440,LC4,left,11
16628,LC4,right,17548,LC4,right,11
21361,LPLC2,left,515971,LPLC2,left,11
23929,LC4,right,29563,LC4,right,11
25854,LPLC2,left,525844,LPLC2,left,11
35889,LPLC2,right,27471,LPLC2,right,11
18396,LC4,left,37587,LC4,left,11
517079,LPLC2,left,20799,LPLC2,left,11
20103,LPLC2,right,20471,LPLC2,right,11
37613,LPLC2,right,21045,LPLC2,right,11
41097,LPLC2,left,23550,LPLC2,left,11
29955,LPLC2,left,524366,LPLC2,left,11
19249,LPLC2,right,20694,LPLC2,right,11
17860,LC4,right,20016,LC4,right,11
33303,LPLC2,left,27796,LPLC2,left,11
24118,LPLC2,right,21862,LPLC2,right,11
21287,LC4,right,17860,LC4,right,11
12824,LC4,left,533129,LC4,left,11
19830,LPLC2,left,11498,LPLC2,left,11
30041,LPLC2,right,10584,DNp06,right,11
17478,LC4,left,515900,LC4,left,11
21225,LC4,right,23098,LC4,right,11
24187,LPLC2,right,20471,LPLC2,right,11
20162,LPLC2,right,19608,LPLC2,right,11
26393,LPLC2,right,23590,LPLC2,right,11
22253,LPLC2,left,517819,LPLC2,left,11
20047,LPLC2,right,20182,LPLC2,right,11
24187,LPLC2,right,31964,LPLC2,right,11
18929,LPLC2,right,21899,LPLC2,right,11
23665,LPLC2,left,10228,DNp06,left,11
29702,LPLC2,left,27355,LPLC2,left,11
23665,LPLC2,left,25209,LPLC2,left,11
23590,LPLC2,right,20471,LPLC2,right,11
526286,LC4,left,516909,LC4,left,11
25572,LPLC2,left,521115,LPLC2,left,11
22253,LPLC2,left,20799,LPLC2,left,11
20584,LPLC2,right,21318,LPLC2,right,11
29702,LPLC2,left,533895,LPLC2,left,11
19842,LPLC2,right,19549,LPLC2,right,11
29514,LC4,left,107513,LC4,left,11
13726,LPLC2,left,27355,LPLC2,left,11
33694,LPLC2,right,10001,DNp01,right,11
19954,LC4,right,19550,LC4,right,11
23792,LC4,right,22975,LC4,right,11
531014,LPLC2,left,524366,LPLC2,left,11
17880,LPLC2,left,22557,LPLC2,left,11
20016,LC4,right,21313,LC4,right,11
20584,LPLC2,right,18672,LPLC2,right,11
20047,LPLC2,right,10584,DNp06,right,11
18189,LC4,right,16128,LC4,right,11
515900,LC4,left,22772,LC4,left,11
25636,LPLC2,right,29216,LPLC2,right,11
23878,LPLC2,right,29014,LPLC2,right,11
532254,LC4,left,21721,LC4,left,11
17774,LPLC2,left,17653,LC4,left,11
14030,LPLC2,left,23247,LPLC2,left,11
24338,LC4,right,10584,DNp06,right,11
20535,LPLC2,right,21562,LPLC2,right,11
30512,LPLC2,left,10228,DNp06,left,11
17926,LC4,right,16628,LC4,right,11
30480,LC4,right,22975,LC4,right,11
26528,LPLC2,left,20799,LPLC2,left,11
26528,LPLC2,left,517079,LPLC2,left,11
517819,LPLC2,left,17059,LPLC2,left,11
17926,LC4,right,17548,LC4,right,11
17774,LPLC2,left,20240,LPLC2,left,11
20182,LPLC2,right,23878,LPLC2,right,11
129687,LPLC2,left,27023,LPLC2,left,11
35294,LPLC2,left,10010,DNp01,left,11
111787,LC4,left,16809,LC4,left,11
19787,LPLC2,left,533895,LPLC2,left,11
517819,LPLC2,left,514670,LPLC2,left,11
95241,LPLC2,left,10010,DNp01,left,11
37587,LC4,left,34845,LC4,left,11
17653,LC4,left,14888,LC4,left,11
23349,LPLC2,left,23247,LPLC2,left,11
33185,LPLC2,right,24401,LPLC2,right,11
23349,LPLC2,left,22557,LPLC2,left,11
23349,LPLC2,left,14102,LPLC2,left,11
12824,LC4,left,23202,LC4,left,11
95241,LPLC2,left,13132,LPLC2,left,10
18432,LC4,left,512705,LC4,left,10
17054,LC4,right,16128,LC4,right,10
32597,LC4,left,530029,LC4,left,10
25524,LPLC2,left,20329,LPLC2,left,10
22253,LPLC2,left,25854,LPLC2,left,10
20584,LPLC2,right,19842,LPLC2,right,10
517752,LC4,left,17478,LC4,left,10
17774,LPLC2,left,517078,LPLC2,left,10
22253,LPLC2,left,27716,LPLC2,left,10
512705,LC4,left,18432,LC4,left,10
20859,LC4,left,23202,LC4,left,10
18396,LC4,left,10228,DNp06,left,10
32223,LPLC2,left,10010,DNp01,left,10
22772,LC4,left,515900,LC4,left,10
11498,LPLC2,left,515900,LC4,left,10
514670,LPLC2,left,17774,LPLC2,left,10
21862,LPLC2,right,24118,LPLC2,right,10
517819,LPLC2,left,31563,LPLC2,left,10
22253,LPLC2,left,20329,LPLC2,left,10
100103,LPLC2,left,18900,LPLC2,left,10
15804,LPLC2,left,17775,LPLC2,left,10
17668,LC4,right,19260,LC4,right,10
517819,LPLC2,left,129687,LPLC2,left,10
22253,LPLC2,left,10228,DNp06,left,10
33694,LPLC2,right,34110,LPLC2,right,10
31964,LPLC2,right,24187,LPLC2,right,10
22557,LPLC2,left,23349,LPLC2,left,10
15804,LPLC2,left,19787,LPLC2,left,10
32737,LPLC2,left,41097,LPLC2,left,10
517079,LPLC2,left,525844,LPLC2,left,10
517079,LPLC2,left,531014,LPLC2,left,10
15804,LPLC2,left,13726,LPLC2,left,10
514670,LPLC2,left,17775,LPLC2,left,10
14888,LC4,left,12824,LC4,left,10
17551,LPLC2,right,20749,LPLC2,right,10
95241,LPLC2,left,14102,LPLC2,left,10
100103,LPLC2,left,14102,LPLC2,left,10
20584,LPLC2,right,21703,LPLC2,right,10
19589,LPLC2,right,18929,LPLC2,right,10
16138,LC4,right,10584,DNp06,right,10
22253,LPLC2,left,23349,LPLC2,left,10
15804,LPLC2,left,21361,LPLC2,left,10
20471,LPLC2,right,21808,LPLC2,right,10
524366,LPLC2,left,10228,DNp06,left,10
100103,LPLC2,left,12384,LPLC2,left,10
20694,LPLC2,right,18672,LPLC2,right,10
95241,LPLC2,left,515971,LPLC2,left,10
21899,LPLC2,right,20334,LPLC2,right,10
20749,LPLC2,right,10584,DNp06,right,10
32597,LC4,left,10228,DNp06,left,10
521115,LPLC2,left,520764,LPLC2,left,10
524899,LC4,left,519650,LC4,left,10
517819,LPLC2,left,22557,LPLC2,left,10
20749,LPLC2,right,21703,LPLC2,right,10
11498,LPLC2,left,22253,LPLC2,left,10
20440,LC4,left,14888,LC4,left,10
517079,LPLC2,left,10228,DNp06,left,10
25316,LPLC2,right,21804,LC4,right,10
95241,LPLC2,left,21361,LPLC2,left,10
26416,LPLC2,left,27023,LPLC2,left,10
26147,LPLC2,right,29216,LPLC2,right,10
22328,LC4,right,24338,LC4,right,10
33303,LPLC2,left,26528,LPLC2,left,10
32507,LPLC2,right,33694,LPLC2,right,10
21862,LPLC2,right,20269,LPLC2,right,10
531014,LPLC2,left,26528,LPLC2,left,10
20535,LPLC2,right,24187,LPLC2,right,10
22261,LPLC2,right,27471,LPLC2,right,10
27355,LPLC2,left,23919,LPLC2,left,10
19146,LPLC2,right,29873,LPLC2,right,10
19146,LPLC2,right,20535,LPLC2,right,10
95241,LPLC2,left,18900,LPLC2,left,10
17774,LPLC2,left,18936,LPLC2,left,10
34407,LPLC2,left,24308,LPLC2,left,10
22772,LC4,left,20976,LC4,left,10
22194,LC4,right,21313,LC4,right,10
20749,LPLC2,right,21899,LPLC2,right,10
26528,LPLC2,left,33303,LPLC2,left,10
17774,LPLC2,left,19830,LPLC2,left,10
41097,LPLC2,left,40811,LPLC2,left,10
16128,LC4,right,19954,LC4,right,10
19260,LC4,right,21165,LC4,right,10
517078,LPLC2,left,18936,LPLC2,left,10
18396,LC4,left,27624,LC4,left,10
16128,LC4,right,19420,LC4,right,10
20471,LPLC2,right,20103,LPLC2,right,10
55627,LPLC2,right,33396,LPLC2,right,10
25854,LPLC2,left,31563,LPLC2,left,10
20399,LC4,right,21151,LC4,right,10
33396,LPLC2,right,25267,LPLC2,right,10
19229,LPLC2,right,10584,DNp06,right,10
20535,LPLC2,right,19229,LPLC2,right,10
27023,LPLC2,left,25209,LPLC2,left,10
18127,LC4,right,23392,LC4,right,10
512366,LC4,left,530029,LC4,left,10
27355,LPLC2,left,536444,LPLC2,left,10
19146,LPLC2,right,20749,LPLC2,right,10
517819,LPLC2,left,21361,LPLC2,left,10
20542,LC4,right,16128,LC4,right,10
26528,LPLC2,left,24568,LPLC2,left,10
21899,LPLC2,right,18929,LPLC2,right,10
13726,LPLC2,left,14030,LPLC2,left,10
20240,LPLC2,left,21361,LPLC2,left,10
107513,LC4,left,29514,LC4,left,10
30803,LC4,right,23929,LC4,right,10
24401,LPLC2,right,19608,LPLC2,right,10
30803,LC4,right,23792,LC4,right,10
28188,LPLC2,left,517079,LPLC2,left,10
23919,LPLC2,left,31563,LPLC2,left,10
515971,LPLC2,left,100103,LPLC2,left,10
107513,LC4,left,27624,LC4,left,10
21361,LPLC2,left,100103,LPLC2,left,10
29873,LPLC2,right,26147,LPLC2,right,10
21045,LPLC2,right,29014,LPLC2,right,10
515971,LPLC2,left,13132,LPLC2,left,10
21703,LPLC2,right,20749,LPLC2,right,10
533895,LPLC2,left,20799,LPLC2,left,10
29319,LPLC2,left,27716,LPLC2,left,10
17478,LC4,left,20967,LC4,left,10
18900,LPLC2,left,24568,LPLC2,left,10
129687,LPLC2,left,40841,LPLC2,left,10
17860,LC4,right,21287,LC4,right,10
34845,LC4,left,17608,LC4,left,10
28044,LPLC2,right,19608,LPLC2,right,10
19787,LPLC2,left,12384,LPLC2,left,10
29873,LPLC2,right,19146,LPLC2,right,10
18936,LPLC2,left,23665,LPLC2,left,10
24523,LC4,left,20976,LC4,left,10
34845,LC4,left,37587,LC4,left,10
14102,LPLC2,left,18900,LPLC2,left,10
34845,LC4,left,514956,LC4,left,10
21287,LC4,right,17364,LC4,right,10
21703,LPLC2,right,21899,LPLC2,right,10
18900,LPLC2,left,12384,LPLC2,left,10
21045,LPLC2,right,20162,LPLC2,right,10
14102,LPLC2,left,13764,LPLC2,left,10
18900,LPLC2,left,14102,LPLC2,left,10
21045,LPLC2,right,20182,LPLC2,right,10
35262,LC4,left,27624,LC4,left,10
20240,LPLC2,left,13764,LPLC2,left,10
18900,LPLC2,left,24605,LPLC2,left,10
29955,LPLC2,left,10228,DNp06,left,10
17478,LC4,left,21721,LC4,left,10
19830,LPLC2,left,17059,LPLC2,left,10
18900,LPLC2,left,95241,LPLC2,left,10
30087,LC4,left,29469,LC4,left,10
111787,LC4,left,517752,LC4,left,10
17775,LPLC2,left,531014,LPLC2,left,10
21225,LC4,right,18127,LC4,right,10
21562,LPLC2,right,25497,LPLC2,right,10
23497,LPLC2,right,21045,LPLC2,right,10
19830,LPLC2,left,13132,LPLC2,left,10
29955,LPLC2,left,27355,LPLC2,left,10
23497,LPLC2,right,19589,LPLC2,right,10
18900,LPLC2,left,517078,LPLC2,left,10
21562,LPLC2,right,24401,LPLC2,right,10
20162,LPLC2,right,10584,DNp06,right,10
24118,LPLC2,right,24268,LPLC2,right,10
524899,LC4,left,10228,DNp06,left,10
23392,LC4,right,23792,LC4,right,10
18900,LPLC2,left,40811,LPLC2,left,10
515971,LPLC2,left,17775,LPLC2,left,10
20103,LPLC2,right,21703,LPLC2,right,10
35889,LPLC2,right,29598,LPLC2,right,10
515971,LPLC2,left,33303,LPLC2,left,10
17926,LC4,right,18127,LC4,right,10
31964,LPLC2,right,20269,LPLC2,right,10
20103,LPLC2,right,19229,LPLC2,right,10
30480,LC4,right,30803,LC4,right,10
35889,LPLC2,right,26393,LPLC2,right,10
23349,LPLC2,left,27399,LPLC2,left,10
111787,LC4,left,29417,LC4,left,10
23349,LPLC2,left,27716,LPLC2,left,10
19830,LPLC2,left,20329,LPLC2,left,10
14030,LPLC2,left,11498,LPLC2,left,10
17270,LC4,left,20859,LC4,left,10
29287,LPLC2,right,31964,LPLC2,right,10
24268,LPLC2,right,20269,LPLC2,right,10
37587,LC4,left,17608,LC4,left,10
30938,LPLC2,right,10584,DNp06,right,10
18929,LPLC2,right,14465,LPLC2,right,10
20240,LPLC2,left,517819,LPLC2,left,10
515900,LC4,left,14888,LC4,left,10
13132,LPLC2,left,514670,LPLC2,left,10
18672,LPLC2,right,19229,LPLC2,right,10
29563,LC4,right,23929,LC4,right,10
100103,LPLC2,left,26528,LPLC2,left,10
24800,LPLC2,right,21562,LPLC2,right,10
20917,LC4,right,20399,LC4,right,10
13726,LPLC2,left,24605,LPLC2,left,10
516909,LC4,left,515900,LC4,left,10
29514,LC4,left,35262,LC4,left,10
24523,LC4,left,524899,LC4,left,10
17478,LC4,left,10010,DNp01,left,10
20329,LPLC2,left,13726,LPLC2,left,10
19911,LPLC2,left,10010,DNp01,left,10
525844,LPLC2,left,33965,LPLC2,left,10
17059,LPLC2,left,20329,LPLC2,left,10
29563,LC4,right,30803,LC4,right,10
27716,LPLC2,left,27796,LPLC2,left,10
24605,LPLC2,left,10010,DNp01,left,10
521115,LPLC2,left,15804,LPLC2,left,10
27566,LPLC2,right,10001,DNp01,right,10
22847,LC4,right,20542,LC4,right,10
22847,LC4,right,29563,LC4,right,10
23665,LPLC2,left,22253,LPLC2,left,10
21336,LC4,right,10584,DNp06,right,10
23590,LPLC2,right,29391,LPLC2,right,10
19034,LPLC2,right,33694,LPLC2,right,10
23590,LPLC2,right,22218,LPLC2,right,10
517819,LPLC2,left,518731,LPLC2,left,10
520764,LPLC2,left,23550,LPLC2,left,10
19589,LPLC2,right,21703,LPLC2,right,10
12349,LC4,left,27829,LC4,left,10
17551,LPLC2,right,18929,LPLC2,right,10
27716,LPLC2,left,22253,LPLC2,left,10
31563,LPLC2,left,26528,LPLC2,left,10
20016,LC4,right,17860,LC4,right,10
112292,LPLC2,left,515971,LPLC2,left,10
20269,LPLC2,right,31964,LPLC2,right,10
23878,LPLC2,right,26147,LPLC2,right,10
20269,LPLC2,right,21862,LPLC2,right,10
520764,LPLC2,left,25854,LPLC2,left,10
518731,LPLC2,left,18900,LPLC2,left,10
19034,LPLC2,right,21862,LPLC2,right,10
21361,LPLC2,left,19830,LPLC2,left,10
20269,LPLC2,right,24268,LPLC2,right,10
23878,LPLC2,right,25253,LPLC2,right,10
27829,LC4,left,12349,LC4,left,10
134521,LPLC2,left,22253,LPLC2,left,10
13726,LPLC2,left,515971,LPLC2,left,10
20976,LC4,left,100485,LC4,left,10
19830,LPLC2,left,81112,LC4,left,10
23550,LPLC2,left,10228,DNp06,left,10
19034,LPLC2,right,23878,LPLC2,right,10
17653,LC4,left,511914,LC4,left,9
111903,LPLC2,left,17544,LPLC2,left,9
21313,LC4,right,16628,LC4,right,9
21287,LC4,right,26112,LC4,right,9
17860,LC4,right,23098,LC4,right,9
22253,LPLC2,left,29702,LPLC2,left,9
21361,LPLC2,left,15804,LPLC2,left,9
20694,LPLC2,right,19146,LPLC2,right,9
517079,LPLC2,left,19787,LPLC2,left,9
21287,LC4,right,18127,LC4,right,9
20673,LC4,right,23392,LC4,right,9
17478,LC4,left,14888,LC4,left,9
531014,LPLC2,left,518731,LPLC2,left,9
22253,LPLC2,left,15804,LPLC2,left,9
17668,LC4,right,17987,LC4,right,9
111903,LPLC2,left,77614,LC4,left,9
17364,LC4,right,19420,LC4,right,9
21361,LPLC2,left,20240,LPLC2,left,9
531014,LPLC2,left,517079,LPLC2,left,9
21313,LC4,right,10584,DNp06,right,9
20694,LPLC2,right,21899,LPLC2,right,9
16628,LC4,right,17860,LC4,right,9
23550,LPLC2,left,27716,LPLC2,left,9
55627,LPLC2,right,30938,LPLC2,right,9
55627,LPLC2,right,29216,LPLC2,right,9
512705,LC4,left,10228,DNp06,left,9
17668,LC4,right,10584,DNp06,right,9
515900,LC4,left,526286,LC4,left,9
531014,LPLC2,left,514670,LPLC2,left,9
23878,LPLC2,right,17551,LPLC2,right,9
23919,LPLC2,left,29753,LPLC2,left,9
20694,LPLC2,right,19229,LPLC2,right,9
25524,LPLC2,left,23550,LPLC2,left,9
23792,LC4,right,10584,DNp06,right,9
22253,LPLC2,left,23665,LPLC2,left,9
23550,LPLC2,left,41097,LPLC2,left,9
515900,LC4,left,17653,LC4,left,9
23878,LPLC2,right,19034,LPLC2,right,9
25511,LPLC2,right,37431,LPLC2,right,9
25497,LPLC2,right,21562,LPLC2,right,9
23590,LPLC2,right,10584,DNp06,right,9
23497,LPLC2,right,24268,LPLC2,right,9
524899,LC4,left,532254,LC4,left,9
22261,LPLC2,right,20182,LPLC2,right,9
16138,LC4,right,22194,LC4,right,9
23878,LPLC2,right,20182,LPLC2,right,9
21361,LPLC2,left,517819,LPLC2,left,9
514670,LPLC2,left,18936,LPLC2,left,9
17926,LC4,right,17987,LC4,right,9
21562,LPLC2,right,21862,LPLC2,right,9
23098,LC4,right,18189,LC4,right,9
17990,LPLC2,left,13726,LPLC2,left,9
517078,LPLC2,left,20240,LPLC2,left,9
22772,LC4,left,22922,LC4,left,9
21769,LPLC2,right,21045,LPLC2,right,9
20967,LC4,left,20440,LC4,left,9
21769,LPLC2,right,20749,LPLC2,right,9
20967,LC4,left,77614,LC4,left,9
17548,LC4,right,19420,LC4,right,9
20808,LC4,right,20588,LC4,right,9
16917,LC4,left,27624,LC4,left,9
20967,LC4,left,12032,LC4,left,9
20799,LPLC2,left,111903,LPLC2,left,9
25209,LPLC2,left,30087,LC4,left,9
17548,LC4,right,16138,LC4,right,9
517078,LPLC2,left,24605,LPLC2,left,9
530029,LC4,left,512366,LC4,left,9
25209,LPLC2,left,41097,LPLC2,left,9
22772,LC4,left,12349,LC4,left,9
20799,LPLC2,left,31563,LPLC2,left,9
23202,LC4,left,12824,LC4,left,9
95241,LPLC2,left,517078,LPLC2,left,9
20859,LC4,left,10010,DNp01,left,9
24523,LC4,left,22922,LC4,left,9
22922,LC4,left,27829,LC4,left,9
17054,LC4,right,19794,LC4,right,9
17990,LPLC2,left,23550,LPLC2,left,9
17551,LPLC2,right,19608,LPLC2,right,9
17551,LPLC2,right,20584,LPLC2,right,9
100103,LPLC2,left,17774,LPLC2,left,9
22922,LC4,left,17340,LC4,left,9
100103,LPLC2,left,22253,LPLC2,left,9
20859,LC4,left,81112,LC4,left,9
100103,LPLC2,left,14030,LPLC2,left,9
21808,LPLC2,right,20269,LPLC2,right,9
17059,LPLC2,left,15804,LPLC2,left,9
17990,LPLC2,left,20240,LPLC2,left,9
20917,LC4,right,17987,LC4,right,9
17990,LPLC2,left,18936,LPLC2,left,9
25027,LPLC2,left,23550,LPLC2,left,9
21808,LPLC2,right,19034,LPLC2,right,9
17059,LPLC2,left,10228,DNp06,left,9
17059,LPLC2,left,13132,LPLC2,left,9
514670,LPLC2,left,14030,LPLC2,left,9
17059,LPLC2,left,13726,LPLC2,left,9
530029,LC4,left,32597,LC4,left,9
530029,LC4,left,30087,LC4,left,9
25286,LPLC2,left,30893,LPLC2,left,9
21899,LPLC2,right,21703,LPLC2,right,9
515971,LPLC2,left,26416,LPLC2,left,9
530029,LC4,left,10228,DNp06,left,9
95241,LPLC2,left,12384,LPLC2,left,9
23349,LPLC2,left,23665,LPLC2,left,9
22328,LC4,right,20808,LC4,right,9
17775,LPLC2,left,517819,LPLC2,left,9
18127,LC4,right,17548,LC4,right,9
24268,LPLC2,right,26393,LPLC2,right,9
20749,LPLC2,right,20694,LPLC2,right,9
20749,LPLC2,right,19549,LPLC2,right,9
21703,LPLC2,right,19146,LPLC2,right,9
17544,LPLC2,left,10010,DNp01,left,9
21562,LPLC2,right,29391,LPLC2,right,9
16809,LC4,left,15018,LC4,left,9
18127,LC4,right,20542,LC4,right,9
21225,LC4,right,20917,LC4,right,9
111787,LC4,left,519931,LC4,left,9
22034,LC4,right,25584,LC4,right,9
527408,LC4,right,22975,LC4,right,9
22034,LC4,right,30480,LC4,right,9
17775,LPLC2,left,515971,LPLC2,left,9
21703,LPLC2,right,20103,LPLC2,right,9
514670,LPLC2,left,517078,LPLC2,left,9
25253,LPLC2,right,24401,LPLC2,right,9
17059,LPLC2,left,517819,LPLC2,left,9
129687,LPLC2,left,134521,LPLC2,left,9
22677,LPLC2,right,10001,DNp01,right,9
24401,LPLC2,right,24118,LPLC2,right,9
17775,LPLC2,left,33303,LPLC2,left,9
22557,LPLC2,left,41097,LPLC2,left,9
21899,LPLC2,right,17548,LC4,right,9
23247,LPLC2,left,23349,LPLC2,left,9
25253,LPLC2,right,24187,LPLC2,right,9
17926,LC4,right,23098,LC4,right,9
20799,LPLC2,left,10228,DNp06,left,9
107513,LC4,left,18396,LC4,left,9
25253,LPLC2,right,27566,LPLC2,right,9
25253,LPLC2,right,28741,LPLC2,right,9
16809,LC4,left,512366,LC4,left,9
24338,LC4,right,20808,LC4,right,9
22557,LPLC2,left,20799,LPLC2,left,9
20799,LPLC2,left,17775,LPLC2,left,9
21899,LPLC2,right,19229,LPLC2,right,9
22557,LPLC2,left,13726,LPLC2,left,9
525844,LPLC2,left,32237,LPLC2,left,9
22253,LPLC2,left,14102,LPLC2,left,9
27355,LPLC2,left,25286,LPLC2,left,9
31563,LPLC2,left,20799,LPLC2,left,9
19589,LPLC2,right,20535,LPLC2,right,9
517819,LPLC2,left,25572,LPLC2,left,9
14888,LC4,left,519650,LC4,left,9
31563,LPLC2,left,531014,LPLC2,left,9
18900,LPLC2,left,23349,LPLC2,left,9
31563,LPLC2,left,41097,LPLC2,left,9
37613,LPLC2,right,21769,LPLC2,right,9
518731,LPLC2,left,13764,LPLC2,left,9
18936,LPLC2,left,17774,LPLC2,left,9
39620,LPLC2,right,30938,LPLC2,right,9
533129,LC4,left,17340,LC4,left,9
18478,LC4,left,22772,LC4,left,9
29702,LPLC2,left,518731,LPLC2,left,9
12384,LPLC2,left,17059,LPLC2,left,9
12349,LC4,left,77614,LC4,left,9
19608,LPLC2,right,14465,LPLC2,right,9
18936,LPLC2,left,18900,LPLC2,left,9
19842,LPLC2,right,18929,LPLC2,right,9
18936,LPLC2,left,20240,LPLC2,left,9
20399,LC4,right,16138,LC4,right,9
34655,LPLC2,left,41097,LPLC2,left,9
518731,LPLC2,left,17775,LPLC2,left,9
19842,LPLC2,right,10584,DNp06,right,9
12384,LPLC2,left,11498,LPLC2,left,9
20334,LPLC2,right,31964,LPLC2,right,9
31262,LC4,right,30480,LC4,right,9
14888,LC4,left,520449,LC4,left,9
533129,LC4,left,10228,DNp06,left,9
19589,LPLC2,right,20334,LPLC2,right,9
31964,LPLC2,right,20047,LPLC2,right,9
19146,LPLC2,right,19229,LPLC2,right,9
13726,LPLC2,left,15804,LPLC2,left,9
35680,LPLC2,right,34681,LPLC2,right,9
20182,LPLC2,right,20047,LPLC2,right,9
15804,LPLC2,left,14030,LPLC2,left,9
26915,LPLC2,right,20047,LPLC2,right,9
29702,LPLC2,left,23919,LPLC2,left,9
20471,LPLC2,right,20047,LPLC2,right,9
20440,LC4,left,518730,LC4,left,9
19589,LPLC2,right,17551,LPLC2,right,9
31988,LPLC2,right,29287,LPLC2,right,9
39620,LPLC2,right,50287,LPLC2,right,9
39620,LPLC2,right,37613,LPLC2,right,9
20182,LPLC2,right,21703,LPLC2,right,9
31988,LPLC2,right,20047,LPLC2,right,9
30087,LC4,left,10228,DNp06,left,9
14030,LPLC2,left,24605,LPLC2,left,9
521115,LPLC2,left,23550,LPLC2,left,9
15018,LC4,left,10228,DNp06,left,9
27355,LPLC2,left,29702,LPLC2,left,9
27355,LPLC2,left,29955,LPLC2,left,9
19589,LPLC2,right,19146,LPLC2,right,9
20440,LC4,left,17478,LC4,left,9
12349,LC4,left,17270,LC4,left,9
29702,LPLC2,left,33303,LPLC2,left,9
29815,LPLC2,left,129687,LPLC2,left,9
14888,LC4,left,20440,LC4,left,9
32237,LPLC2,left,25286,LPLC2,left,9
18936,LPLC2,left,518731,LPLC2,left,9
30893,LPLC2,left,25286,LPLC2,left,9
30803,LC4,right,31262,LC4,right,9
12384,LPLC2,left,95241,LPLC2,left,9
14465,LPLC2,right,19034,LPLC2,right,9
18672,LPLC2,right,29873,LPLC2,right,9
14102,LPLC2,left,23349,LPLC2,left,9
14465,LPLC2,right,18672,LPLC2,right,9
19787,LPLC2,left,27796,LPLC2,left,9
27796,LPLC2,left,19787,LPLC2,left,9
19787,LPLC2,left,28011,LPLC2,left,9
30512,LPLC2,left,520764,LPLC2,left,9
19787,LPLC2,left,31563,LPLC2,left,9
18936,LPLC2,left,515971,LPLC2,left,9
20240,LPLC2,left,17774,LPLC2,left,9
27796,LPLC2,left,34407,LPLC2,left,9
27796,LPLC2,left,40841,LPLC2,left,9
28003,LPLC2,right,31257,LPLC2,right,9
18936,LPLC2,left,514670,LPLC2,left,9
14102,LPLC2,left,100103,LPLC2,left,9
533129,LC4,left,526286,LC4,left,9
20269,LPLC2,right,19608,LPLC2,right,9
19794,LC4,right,10584,DNp06,right,9
518731,LPLC2,left,29702,LPLC2,left,9
30087,LC4,left,530029,LC4,left,9
30087,LC4,left,512366,LC4,left,9
30041,LPLC2,right,33185,LPLC2,right,9
20329,LPLC2,left,17990,LPLC2,left,9
19787,LPLC2,left,22253,LPLC2,left,9
19830,LPLC2,left,18900,LPLC2,left,9
518731,LPLC2,left,23919,LPLC2,left,9
14888,LC4,left,17340,LC4,left,9
19034,LPLC2,right,22261,LPLC2,right,9
20334,LPLC2,right,19608,LPLC2,right,9
518731,LPLC2,left,19830,LPLC2,left,9
31105,LPLC2,left,29955,LPLC2,left,9
20334,LPLC2,right,10584,DNp06,right,9
31105,LPLC2,left,28011,LPLC2,left,9
517819,LPLC2,left,515971,LPLC2,left,9
27624,LC4,left,18396,LC4,left,9
31105,LPLC2,left,27355,LPLC2,left,9
29955,LPLC2,left,25136,LPLC2,left,9
31105,LPLC2,left,10010,DNp01,left,9
18672,LPLC2,right,14465,LPLC2,right,9
518731,LPLC2,left,22557,LPLC2,left,9
30938,LPLC2,right,39620,LPLC2,right,9
518731,LPLC2,left,100103,LPLC2,left,9
27716,LPLC2,left,23349,LPLC2,left,9
520764,LPLC2,left,517079,LPLC2,left,9
34845,LC4,left,15018,LC4,left,9
19034,LPLC2,right,20471,LPLC2,right,9
19787,LPLC2,left,14102,LPLC2,left,9
19787,LPLC2,left,15804,LPLC2,left,9
518439,LC4,left,10228,DNp06,left,9
37925,LPLC2,right,10001,DNp01,right,9
20329,LPLC2,left,22253,LPLC2,left,9
40811,LPLC2,left,533895,LPLC2,left,9
30041,LPLC2,right,37431,LPLC2,right,9
29702,LPLC2,left,10228,DNp06,left,9
20584,LPLC2,right,20535,LPLC2,right,9
13764,LPLC2,left,112292,LPLC2,left,9
29014,LPLC2,right,21562,LPLC2,right,9
520449,LC4,left,17653,LC4,left,9
11498,LPLC2,left,20329,LPLC2,left,9
19260,LC4,right,17364,LC4,right,9
29319,LPLC2,left,25209,LPLC2,left,9
11498,LPLC2,left,21361,LPLC2,left,9
33439,LPLC2,right,10584,DNp06,right,9
37431,LPLC2,right,30041,LPLC2,right,9
33137,LC4,left,519931,LC4,left,9
26147,LPLC2,right,31988,LPLC2,right,9
29014,LPLC2,right,20182,LPLC2,right,9
536444,LPLC2,left,27355,LPLC2,left,9
533895,LPLC2,left,29702,LPLC2,left,9
18189,LC4,right,23098,LC4,right,9
20572,LC4,left,17653,LC4,left,9
20016,LC4,right,19954,LC4,right,9
29469,LC4,left,512366,LC4,left,9
34372,LPLC2,right,10001,DNp01,right,9
26147,LPLC2,right,29873,LPLC2,right,9
33185,LPLC2,right,29287,LPLC2,right,9
18929,LPLC2,right,16128,LC4,right,9
19260,LC4,right,17054,LC4,right,9
20047,LPLC2,right,31964,LPLC2,right,9
519931,LC4,left,512705,LC4,left,9
519931,LC4,left,518730,LC4,left,9
25854,LPLC2,left,22253,LPLC2,left,9
19249,LPLC2,right,17551,LPLC2,right,9
29319,LPLC2,left,518731,LPLC2,left,9
18929,LPLC2,right,21318,LPLC2,right,9
25854,LPLC2,left,25027,LPLC2,left,9
25854,LPLC2,left,25575,LPLC2,left,9
11498,LPLC2,left,14030,LPLC2,left,9
20542,LC4,right,31262,LC4,right,9
16128,LC4,right,17548,LC4,right,9
20047,LPLC2,right,21808,LPLC2,right,9
519931,LC4,left,33137,LC4,left,9
33406,LPLC2,left,10228,DNp06,left,9
41097,LPLC2,left,29955,LPLC2,left,9
19146,LPLC2,right,30207,LPLC2,right,9
33303,LPLC2,left,17775,LPLC2,left,9
37431,LPLC2,right,29391,LPLC2,right,9
25854,LPLC2,left,515971,LPLC2,left,9
28945,LC4,right,30803,LC4,right,9
518544,LC4,left,515900,LC4,left,9
20535,LPLC2,right,19146,LPLC2,right,9
20162,LPLC2,right,39620,LPLC2,right,9
14030,LPLC2,left,17059,LPLC2,left,9
29563,LC4,right,28945,LC4,right,9
20016,LC4,right,10584,DNp06,right,9
518439,LC4,left,515476,LC4,left,9
20584,LPLC2,right,21899,LPLC2,right,9
11498,LPLC2,left,517079,LPLC2,left,9
11498,LPLC2,left,518731,LPLC2,left,9
533895,LPLC2,left,27399,LPLC2,left,9
14030,LPLC2,left,18900,LPLC2,left,9
20535,LPLC2,right,18672,LPLC2,right,9
26528,LPLC2,left,31563,LPLC2,left,9
13726,LPLC2,left,24568,LPLC2,left,9
20103,LPLC2,right,19589,LPLC2,right,9
35889,LPLC2,right,50287,LPLC2,right,9
35889,LPLC2,right,28044,LPLC2,right,9
20103,LPLC2,right,20269,LPLC2,right,9
20103,LPLC2,right,21862,LPLC2,right,9
13726,LPLC2,left,20240,LPLC2,left,9
19229,LPLC2,right,20535,LPLC2,right,9
32237,LPLC2,left,29955,LPLC2,left,9
33965,LPLC2,left,23247,LPLC2,left,9
536444,LPLC2,left,23550,LPLC2,left,9
19229,LPLC2,right,22218,LPLC2,right,9
33396,LPLC2,right,24268,LPLC2,right,9
28945,LC4,right,29563,LC4,right,9
14030,LPLC2,left,10228,DNp06,left,9
29514,LC4,left,530029,LC4,left,9
19543,LC4,right,19634,LC4,right,9
32737,LPLC2,left,29955,LPLC2,left,9
19420,LC4,right,18127,LC4,right,9
29514,LC4,left,17608,LC4,left,9
32737,LPLC2,left,24568,LPLC2,left,9
29563,LC4,right,17266,LC4,right,9
21299,LPLC2,left,12824,LC4,left,8
17860,LC4,right,16628,LC4,right,8
20103,LPLC2,right,19034,LPLC2,right,8
20103,LPLC2,right,19146,LPLC2,right,8
23392,LC4,right,17548,LC4,right,8
23497,LPLC2,right,21862,LPLC2,right,8
518731,LPLC2,left,27355,LPLC2,left,8
23929,LC4,right,22966,LC4,right,8
21361,LPLC2,left,524366,LPLC2,left,8
29287,LPLC2,right,37431,LPLC2,right,8
23392,LC4,right,21225,LC4,right,8
19830,LPLC2,left,23247,LPLC2,left,8
13132,LPLC2,left,10010,DNp01,left,8
19794,LC4,right,21165,LC4,right,8
515476,LC4,left,10228,DNp06,left,8
518731,LPLC2,left,25524,LPLC2,left,8
29986,LPLC2,right,22218,LPLC2,right,8
21562,LPLC2,right,24118,LPLC2,right,8
23929,LC4,right,10584,DNp06,right,8
19794,LC4,right,17054,LC4,right,8
19794,LC4,right,22194,LC4,right,8
515971,LPLC2,left,15804,LPLC2,left,8
17478,LC4,left,31429,LC4,left,8
23919,LPLC2,left,35294,LPLC2,left,8
21299,LPLC2,left,10010,DNp01,left,8
20047,LPLC2,right,25497,LPLC2,right,8
29319,LPLC2,left,515971,LPLC2,left,8
29986,LPLC2,right,29183,LPLC2,right,8
30041,LPLC2,right,27566,LPLC2,right,8
23392,LC4,right,20808,LC4,right,8
29391,LPLC2,right,24118,LPLC2,right,8
17340,LC4,left,22922,LC4,left,8
21318,LPLC2,right,21899,LPLC2,right,8
23590,LPLC2,right,20047,LPLC2,right,8
21361,LPLC2,left,14030,LPLC2,left,8
35838,LPLC2,right,30207,LPLC2,right,8
19954,LC4,right,19794,LC4,right,8
518730,LC4,left,20440,LC4,left,8
533895,LPLC2,left,40811,LPLC2,left,8
23590,LPLC2,right,24187,LPLC2,right,8
518730,LC4,left,20967,LC4,left,8
23590,LPLC2,right,26393,LPLC2,right,8
112292,LPLC2,left,20240,LPLC2,left,8
21336,LC4,right,20673,LC4,right,8
13132,LPLC2,left,515900,LC4,left,8
17364,LC4,right,17266,LC4,right,8
17364,LC4,right,17926,LC4,right,8
13726,LPLC2,left,11498,LPLC2,left,8
18936,LPLC2,left,12384,LPLC2,left,8
112292,LPLC2,left,25575,LPLC2,left,8
23665,LPLC2,left,25854,LPLC2,left,8
13726,LPLC2,left,20329,LPLC2,left,8
29598,LPLC2,right,35889,LPLC2,right,8
23665,LPLC2,left,21299,LPLC2,left,8
13726,LPLC2,left,17059,LPLC2,left,8
23792,LC4,right,30480,LC4,right,8
23550,LPLC2,left,520764,LPLC2,left,8
13132,LPLC2,left,17774,LPLC2,left,8
13726,LPLC2,left,17990,LPLC2,left,8
25524,LPLC2,left,533895,LPLC2,left,8
23919,LPLC2,left,25572,LPLC2,left,8
23497,LPLC2,right,23590,LPLC2,right,8
13726,LPLC2,left,517819,LPLC2,left,8
526286,LC4,left,23202,LC4,left,8
21313,LC4,right,21287,LC4,right,8
18936,LPLC2,left,24605,LPLC2,left,8
29873,LPLC2,right,26393,LPLC2,right,8
515476,LC4,left,27750,LC4,left,8
29873,LPLC2,right,24187,LPLC2,right,8
21361,LPLC2,left,23247,LPLC2,left,8
520764,LPLC2,left,27355,LPLC2,left,8
23550,LPLC2,left,24840,LPLC2,left,8
18929,LPLC2,right,22677,LPLC2,right,8
23550,LPLC2,left,25524,LPLC2,left,8
29815,LPLC2,left,30512,LPLC2,left,8
526286,LC4,left,31308,LC4,left,8
23878,LPLC2,right,26915,LPLC2,right,8
29391,LPLC2,right,35889,LPLC2,right,8
29753,LPLC2,left,33965,LPLC2,left,8
23550,LPLC2,left,29753,LPLC2,left,8
13132,LPLC2,left,95241,LPLC2,left,8
521115,LPLC2,left,33303,LPLC2,left,8
23202,LC4,left,14888,LC4,left,8
23349,LPLC2,left,514670,LPLC2,left,8
17774,LPLC2,left,24605,LPLC2,left,8
19543,LC4,right,30803,LC4,right,8
32737,LPLC2,left,25286,LPLC2,left,8
19420,LC4,right,21225,LC4,right,8
32737,LPLC2,left,27796,LPLC2,left,8
22557,LPLC2,left,25854,LPLC2,left,8
22557,LPLC2,left,25524,LPLC2,left,8
22557,LPLC2,left,23247,LPLC2,left,8
22557,LPLC2,left,19787,LPLC2,left,8
34407,LPLC2,left,31563,LPLC2,left,8
22557,LPLC2,left,17880,LPLC2,left,8
17608,LC4,left,34845,LC4,left,8
19420,LC4,right,10584,DNp06,right,8
33137,LC4,left,23202,LC4,left,8
512366,LC4,left,16917,LC4,left,8
19260,LC4,right,21336,LC4,right,8
33137,LC4,left,512705,LC4,left,8
32597,LC4,left,518439,LC4,left,8
22557,LPLC2,left,95241,LPLC2,left,8
519650,LC4,left,22922,LC4,left,8
22557,LPLC2,left,517079,LPLC2,left,8
19146,LPLC2,right,17668,LC4,right,8
22772,LC4,left,27829,LC4,left,8
32223,LPLC2,left,35294,LPLC2,left,8
32237,LPLC2,left,26528,LPLC2,left,8
19146,LPLC2,right,19249,LPLC2,right,8
19146,LPLC2,right,19589,LPLC2,right,8
511914,LC4,left,512705,LC4,left,8
34372,LPLC2,right,37925,LPLC2,right,8
22677,LPLC2,right,20694,LPLC2,right,8
22677,LPLC2,right,19842,LPLC2,right,8
32507,LPLC2,right,28003,LPLC2,right,8
19549,LPLC2,right,19608,LPLC2,right,8
511914,LC4,left,518544,LC4,left,8
22557,LPLC2,left,533895,LPLC2,left,8
32597,LC4,left,512366,LC4,left,8
512366,LC4,left,29469,LC4,left,8
33137,LC4,left,514508,LC4,left,8
21899,LPLC2,right,20749,LPLC2,right,8
19229,LPLC2,right,25316,LPLC2,right,8
33406,LPLC2,left,31563,LPLC2,left,8
520449,LC4,left,17478,LC4,left,8
22253,LPLC2,left,25524,LPLC2,left,8
22253,LPLC2,left,24840,LPLC2,left,8
512705,LC4,left,20859,LC4,left,8
19229,LPLC2,right,22261,LPLC2,right,8
19229,LPLC2,right,19842,LPLC2,right,8
33694,LPLC2,right,10584,DNp06,right,8
33694,LPLC2,right,19034,LPLC2,right,8
33965,LPLC2,left,525844,LPLC2,left,8
22253,LPLC2,left,19787,LPLC2,left,8
22253,LPLC2,left,18900,LPLC2,left,8
33965,LPLC2,left,32237,LPLC2,left,8
17668,LC4,right,19420,LC4,right,8
19229,LPLC2,right,20694,LPLC2,right,8
22253,LPLC2,left,34407,LPLC2,left,8
22218,LPLC2,right,22261,LPLC2,right,8
33185,LPLC2,right,21562,LPLC2,right,8
19229,LPLC2,right,19146,LPLC2,right,8
21899,LPLC2,right,21318,LPLC2,right,8
34110,LPLC2,right,30938,LPLC2,right,8
19260,LC4,right,17266,LC4,right,8
11498,LPLC2,left,19830,LPLC2,left,8
22261,LPLC2,right,29391,LPLC2,right,8
17774,LPLC2,left,14030,LPLC2,left,8
519931,LC4,left,20967,LC4,left,8
19249,LPLC2,right,22677,LPLC2,right,8
19249,LPLC2,right,19842,LPLC2,right,8
520449,LC4,left,20976,LC4,left,8
11498,LPLC2,left,13132,LPLC2,left,8
33303,LPLC2,left,515971,LPLC2,left,8
17653,LC4,left,27829,LC4,left,8
22194,LC4,right,26112,LC4,right,8
520449,LC4,left,10228,DNp06,left,8
17774,LPLC2,left,514670,LPLC2,left,8
17774,LPLC2,left,515971,LPLC2,left,8
30087,LC4,left,12349,LC4,left,8
514670,LPLC2,left,100103,LPLC2,left,8
19787,LPLC2,left,23349,LPLC2,left,8
23247,LPLC2,left,10228,DNp06,left,8
19787,LPLC2,left,17990,LPLC2,left,8
30893,LPLC2,left,525844,LPLC2,left,8
30895,LPLC2,left,10228,DNp06,left,8
23226,LC4,left,516909,LC4,left,8
23226,LC4,left,511914,LC4,left,8
30895,LPLC2,left,26416,LPLC2,left,8
34407,LPLC2,left,32237,LPLC2,left,8
23202,LC4,left,533129,LC4,left,8
19787,LPLC2,left,13726,LPLC2,left,8
23202,LC4,left,27829,LC4,left,8
30938,LPLC2,right,23590,LPLC2,right,8
20103,LPLC2,right,20584,LPLC2,right,8
19034,LPLC2,right,21769,LPLC2,right,8
19034,LPLC2,right,21808,LPLC2,right,8
23247,LPLC2,left,19830,LPLC2,left,8
12384,LPLC2,left,111903,LPLC2,left,8
19034,LPLC2,right,18672,LPLC2,right,8
30803,LC4,right,22966,LC4,right,8
21562,LPLC2,right,31988,LPLC2,right,8
12824,LC4,left,22922,LC4,left,8
23349,LPLC2,left,27355,LPLC2,left,8
12824,LC4,left,20967,LC4,left,8
12824,LC4,left,20572,LC4,left,8
18936,LPLC2,left,517078,LPLC2,left,8
12824,LC4,left,17653,LC4,left,8
23349,LPLC2,left,22253,LPLC2,left,8
19787,LPLC2,left,33303,LPLC2,left,8
23349,LPLC2,left,17990,LPLC2,left,8
21703,LPLC2,right,18672,LPLC2,right,8
19787,LPLC2,left,29702,LPLC2,left,8
514956,LC4,left,17608,LC4,left,8
23247,LPLC2,left,514670,LPLC2,left,8
21703,LPLC2,right,20182,LPLC2,right,8
17548,LC4,right,16628,LC4,right,8
31105,LPLC2,left,32237,LPLC2,left,8
31257,LPLC2,right,10584,DNp06,right,8
22922,LC4,left,533129,LC4,left,8
19589,LPLC2,right,21899,LPLC2,right,8
31563,LPLC2,left,32737,LPLC2,left,8
31563,LPLC2,left,33303,LPLC2,left,8
17775,LPLC2,left,15804,LPLC2,left,8
19589,LPLC2,right,21318,LPLC2,right,8
19589,LPLC2,right,20749,LPLC2,right,8
21808,LPLC2,right,24187,LPLC2,right,8
31964,LPLC2,right,20535,LPLC2,right,8
19589,LPLC2,right,19549,LPLC2,right,8
31964,LPLC2,right,29287,LPLC2,right,8
21808,LPLC2,right,24401,LPLC2,right,8
31988,LPLC2,right,21562,LPLC2,right,8
22772,LC4,left,533129,LC4,left,8
524899,LC4,left,27829,LC4,left,8
21808,LPLC2,right,29391,LPLC2,right,8
31563,LPLC2,left,27399,LPLC2,left,8
34655,LPLC2,left,27355,LPLC2,left,8
23098,LC4,right,21225,LC4,right,8
21808,LPLC2,right,18672,LPLC2,right,8
17548,LC4,right,17926,LC4,right,8
21769,LPLC2,right,19608,LPLC2,right,8
21769,LPLC2,right,20103,LPLC2,right,8
23098,LC4,right,17926,LC4,right,8
518731,LPLC2,left,533895,LPLC2,left,8
19608,LPLC2,right,23590,LPLC2,right,8
22975,LC4,right,30480,LC4,right,8
21769,LPLC2,right,37613,LPLC2,right,8
31308,LC4,left,20859,LC4,left,8
514670,LPLC2,left,25524,LPLC2,left,8
31429,LC4,left,10228,DNp06,left,8
22966,LC4,right,28945,LC4,right,8
22966,LC4,right,23929,LC4,right,8
22966,LC4,right,22975,LC4,right,8
17775,LPLC2,left,18900,LPLC2,left,8
29287,LPLC2,right,31988,LPLC2,right,8
20047,LPLC2,right,24118,LPLC2,right,8
17880,LPLC2,left,32223,LPLC2,left,8
14888,LC4,left,17478,LC4,left,8
27399,LPLC2,left,33303,LPLC2,left,8
25027,LPLC2,left,23665,LPLC2,left,8
17054,LC4,right,17364,LC4,right,8
20859,LC4,left,28980,LC4,left,8
17054,LC4,right,17926,LC4,right,8
39620,LPLC2,right,28741,LPLC2,right,8
14888,LC4,left,17653,LC4,left,8
24840,LPLC2,left,33303,LPLC2,left,8
39620,LPLC2,right,29873,LPLC2,right,8
20334,LPLC2,right,21769,LPLC2,right,8
39620,LPLC2,right,21808,LPLC2,right,8
17990,LPLC2,left,23247,LPLC2,left,8
27471,LPLC2,right,37613,LPLC2,right,8
20329,LPLC2,left,515971,LPLC2,left,8
18672,LPLC2,right,10584,DNp06,right,8
20859,LC4,left,533129,LC4,left,8
17054,LC4,right,10584,DNp06,right,8
517819,LPLC2,left,28011,LPLC2,left,8
20240,LPLC2,left,515971,LPLC2,left,8
20399,LC4,right,23392,LC4,right,8
531014,LPLC2,left,25572,LPLC2,left,8
25209,LPLC2,left,29319,LPLC2,left,8
25209,LPLC2,left,27023,LPLC2,left,8
25209,LPLC2,left,23665,LPLC2,left,8
25136,LPLC2,left,27355,LPLC2,left,8
517078,LPLC2,left,23349,LPLC2,left,8
27355,LPLC2,left,41097,LPLC2,left,8
27399,LPLC2,left,20799,LPLC2,left,8
20399,LC4,right,19543,LC4,right,8
16917,LC4,left,514956,LC4,left,8
533129,LC4,left,17478,LC4,left,8
20399,LC4,right,20917,LC4,right,8
517819,LPLC2,left,27399,LPLC2,left,8
16917,LC4,left,518439,LC4,left,8
18478,LC4,left,23226,LC4,left,8
95241,LPLC2,left,518731,LPLC2,left,8
20329,LPLC2,left,95241,LPLC2,left,8
27716,LPLC2,left,10228,DNp06,left,8
14465,LPLC2,right,21899,LPLC2,right,8
27829,LC4,left,23202,LC4,left,8
20282,LC4,right,24338,LC4,right,8
518016,LC4,left,17340,LC4,left,8
20967,LC4,left,17478,LC4,left,8
18672,LPLC2,right,21899,LPLC2,right,8
17059,LPLC2,left,22253,LPLC2,left,8
18672,LPLC2,right,24118,LPLC2,right,8
17059,LPLC2,left,24308,LPLC2,left,8
28003,LPLC2,right,19589,LPLC2,right,8
100103,LPLC2,left,24568,LPLC2,left,8
17987,LC4,right,21165,LC4,right,8
20269,LPLC2,right,23878,LPLC2,right,8
17987,LC4,right,20917,LC4,right,8
20269,LPLC2,right,20535,LPLC2,right,8
28003,LPLC2,right,25497,LPLC2,right,8
530029,LC4,left,37587,LC4,left,8
28011,LPLC2,left,22557,LPLC2,left,8
24605,LPLC2,left,15804,LPLC2,left,8
100103,LPLC2,left,517819,LPLC2,left,8
17059,LPLC2,left,17990,LPLC2,left,8
18672,LPLC2,right,21045,LPLC2,right,8
14465,LPLC2,right,21808,LPLC2,right,8
18672,LPLC2,right,19146,LPLC2,right,8
531014,LPLC2,left,14102,LPLC2,left,8
27716,LPLC2,left,29319,LPLC2,left,8
20917,LC4,right,18189,LC4,right,8
27716,LPLC2,left,521115,LPLC2,left,8
14465,LPLC2,right,20584,LPLC2,right,8
24800,LPLC2,right,20103,LPLC2,right,8
14465,LPLC2,right,20103,LPLC2,right,8
14465,LPLC2,right,19608,LPLC2,right,8
14465,LPLC2,right,19229,LPLC2,right,8
24605,LPLC2,left,100103,LPLC2,left,8
17059,LPLC2,left,14030,LPLC2,left,8
38065,LC4,right,24338,LC4,right,8
27750,LC4,left,514956,LC4,left,8
20799,LPLC2,left,33303,LPLC2,left,8
95241,LPLC2,left,19830,LPLC2,left,8
15018,LC4,left,18396,LC4,left,8
25511,LPLC2,right,10584,DNp06,right,8
25511,LPLC2,right,28044,LPLC2,right,8
41097,LPLC2,left,31563,LPLC2,left,8
16628,LC4,right,17364,LC4,right,8
25854,LPLC2,left,23349,LPLC2,left,8
20694,LPLC2,right,19249,LPLC2,right,8
16128,LC4,right,17926,LC4,right,8
16628,LC4,right,17987,LC4,right,8
517752,LC4,left,111787,LC4,left,8
517819,LPLC2,left,13726,LPLC2,left,8
25854,LPLC2,left,520764,LPLC2,left,8
25854,LPLC2,left,531014,LPLC2,left,8
25497,LPLC2,right,20103,LPLC2,right,8
517819,LPLC2,left,10228,DNp06,left,8
26147,LPLC2,right,23878,LPLC2,right,8
16628,LC4,right,21313,LC4,right,8
26147,LPLC2,right,24268,LPLC2,right,8
517752,LC4,left,29469,LC4,left,8
16628,LC4,right,10584,DNp06,right,8
20572,LC4,left,518983,LC4,left,8
20572,LC4,left,535341,LC4,left,8
517079,LPLC2,left,517819,LPLC2,left,8
25572,LPLC2,left,23919,LPLC2,left,8
20673,LC4,right,17364,LC4,right,8
25524,LPLC2,left,40841,LPLC2,left,8
18189,LC4,right,20917,LC4,right,8
55627,LPLC2,right,21562,LPLC2,right,8
25572,LPLC2,left,29702,LPLC2,left,8
25524,LPLC2,left,24568,LPLC2,left,8
25575,LPLC2,left,21299,LPLC2,left,8
20584,LPLC2,right,20694,LPLC2,right,8
25524,LPLC2,left,17990,LPLC2,left,8
521115,LPLC2,left,31105,LPLC2,left,8
16128,LC4,right,21336,LC4,right,8
20584,LPLC2,right,17551,LPLC2,right,8
20584,LPLC2,right,10001,DNp01,right,8
20535,LPLC2,right,28003,LPLC2,right,8
20535,LPLC2,right,26730,LPLC2,right,8
20799,LPLC2,left,29753,LPLC2,left,8
18432,LC4,left,35262,LC4,left,8
18127,LC4,right,10584,DNp06,right,8
517819,LPLC2,left,18900,LPLC2,left,8
20471,LPLC2,right,24800,LPLC2,right,8
20799,LPLC2,left,15804,LPLC2,left,8
26730,LPLC2,right,19549,LPLC2,right,8
40811,LPLC2,left,536444,LPLC2,left,8
16809,LC4,left,111787,LC4,left,8
25253,LPLC2,right,26915,LPLC2,right,8
26147,LPLC2,right,28871,LPLC2,right,8
40811,LPLC2,left,33303,LPLC2,left,8
18432,LC4,left,77614,LC4,left,8
517819,LPLC2,left,20240,LPLC2,left,8
26915,LPLC2,right,34110,LPLC2,right,8
27023,LPLC2,left,23349,LPLC2,left,8
517819,LPLC2,left,24840,LPLC2,left,8
20799,LPLC2,left,26528,LPLC2,left,8
16809,LC4,left,34845,LC4,left,8
20535,LPLC2,right,17551,LPLC2,right,8
16809,LC4,left,29514,LC4,left,8
517078,LPLC2,left,100103,LPLC2,left,8
26147,LPLC2,right,29287,LPLC2,right,8
20749,LPLC2,right,17551,LPLC2,right,8
26393,LPLC2,right,28945,LC4,right,8
25286,LPLC2,left,27355,LPLC2,left,8
40841,LPLC2,left,33303,LPLC2,left,8
517819,LPLC2,left,14102,LPLC2,left,8
20749,LPLC2,right,18929,LPLC2,right,8
18127,LC4,right,19954,LC4,right,8
40841,LPLC2,left,27796,LPLC2,left,8
26416,LPLC2,left,30895,LPLC2,left,8
20749,LPLC2,right,19842,LPLC2,right,8
18432,LC4,left,17270,LC4,left,8
20535,LPLC2,right,19589,LPLC2,right,8
517078,LPLC2,left,514670,LPLC2,left,8
18127,LC4,right,17054,LC4,right,8
28011,LPLC2,left,31563,LPLC2,left,8
22975,LC4,right,22966,LC4,right,8
520764,LPLC2,left,521115,LPLC2,left,8
533895,LPLC2,left,19787,LPLC2,left,8
524366,LPLC2,left,24840,LPLC2,left,8
18900,LPLC2,left,21299,LPLC2,left,8
29014,LPLC2,right,21045,LPLC2,right,8
18900,LPLC2,left,20240,LPLC2,left,8
18900,LPLC2,left,19830,LPLC2,left,8
28188,LPLC2,left,27355,LPLC2,left,8
28188,LPLC2,left,24840,LPLC2,left,8
37613,LPLC2,right,30207,LPLC2,right,8
21045,LPLC2,right,21769,LPLC2,right,8
20240,LPLC2,left,13726,LPLC2,left,8
24401,LPLC2,right,23590,LPLC2,right,8
18900,LPLC2,left,514670,LPLC2,left,8
28044,LPLC2,right,25511,LPLC2,right,8
24187,LPLC2,right,21808,LPLC2,right,8
21045,LPLC2,right,20471,LPLC2,right,8
24187,LPLC2,right,20535,LPLC2,right,8
100485,LC4,left,514508,LC4,left,8
18900,LPLC2,left,15804,LPLC2,left,8
515971,LPLC2,left,517079,LPLC2,left,8
24187,LPLC2,right,20269,LPLC2,right,8
515971,LPLC2,left,22253,LPLC2,left,8
20182,LPLC2,right,31964,LPLC2,right,8
20162,LPLC2,right,21808,LPLC2,right,8
24401,LPLC2,right,33185,LPLC2,right,8
17880,LPLC2,left,520764,LPLC2,left,8
28871,LPLC2,right,30938,LPLC2,right,8
28871,LPLC2,right,29391,LPLC2,right,8
518439,LC4,left,37587,LC4,left,8
14030,LPLC2,left,15804,LPLC2,left,8
24268,LPLC2,right,37613,LPLC2,right,8
28945,LC4,right,23792,LC4,right,8
520764,LPLC2,left,34051,LPLC2,left,8
530029,LC4,left,15018,LC4,left,8
14030,LPLC2,left,13726,LPLC2,left,8
37587,LC4,left,27624,LC4,left,8
28871,LPLC2,right,28044,LPLC2,right,8
14030,LPLC2,left,12384,LPLC2,left,8
20182,LPLC2,right,20694,LPLC2,right,8
24308,LPLC2,left,536444,LPLC2,left,8
20182,LPLC2,right,21045,LPLC2,right,8
24268,LPLC2,right,24187,LPLC2,right,8
21045,LPLC2,right,30207,LPLC2,right,8
515971,LPLC2,left,24605,LPLC2,left,8
20182,LPLC2,right,21769,LPLC2,right,8
515971,LPLC2,left,23919,LPLC2,left,8
20182,LPLC2,right,26915,LPLC2,right,8
20162,LPLC2,right,18672,LPLC2,right,8
28188,LPLC2,left,25027,LPLC2,left,8
14030,LPLC2,left,19830,LPLC2,left,8
518544,LC4,left,10228,DNp06,left,8
24118,LPLC2,right,25636,LPLC2,right,8
21045,LPLC2,right,18672,LPLC2,right,8
20103,LPLC2,right,31964,LPLC2,right,8
20103,LPLC2,right,21899,LPLC2,right,8
17987,LC4,right,17668,LC4,right,8
515971,LPLC2,left,21361,LPLC2,left,8
17059,LPLC2,left,100103,LPLC2,left,8
20240,LPLC2,left,20329,LPLC2,left,8
24118,LPLC2,right,23878,LPLC2,right,8
24118,LPLC2,right,37431,LPLC2,right,8
17059,LPLC2,left,517078,LPLC2,left,8
37431,LPLC2,right,25511,LPLC2,right,8
37431,LPLC2,right,19146,LPLC2,right,8
29216,LPLC2,right,21562,LPLC2,right,8
14102,LPLC2,left,20799,LPLC2,left,8
515971,LPLC2,left,20329,LPLC2,left,8
29287,LPLC2,right,24268,LPLC2,right,8
20240,LPLC2,left,29753,LPLC2,left,8
100485,LC4,left,111787,LC4,left,8
22218,LPLC2,right,28003,LPLC2,right,7
18432,LC4,left,17653,LC4,left,7
21318,LPLC2,right,20584,LPLC2,right,7
18127,LC4,right,16628,LC4,right,7
17926,LC4,right,10584,DNp06,right,7
19954,LC4,right,25584,LC4,right,7
19229,LPLC2,right,20047,LPLC2,right,7
21899,LPLC2,right,14465,LPLC2,right,7
22253,LPLC2,left,11498,LPLC2,left,7
517079,LPLC2,left,26528,LPLC2,left,7
21165,LC4,right,21225,LC4,right,7
514508,LC4,left,517752,LC4,left,7
20016,LC4,right,19794,LC4,right,7
20749,LPLC2,right,19249,LPLC2,right,7
20535,LPLC2,right,20584,LPLC2,right,7
20584,LPLC2,right,21045,LPLC2,right,7
20749,LPLC2,right,19146,LPLC2,right,7
20694,LPLC2,right,10584,DNp06,right,7
20162,LPLC2,right,22261,LPLC2,right,7
518544,LC4,left,518730,LC4,left,7
21318,LPLC2,right,20749,LPLC2,right,7
517079,LPLC2,left,28011,LPLC2,left,7
19954,LC4,right,18127,LC4,right,7
514670,LPLC2,left,12384,LPLC2,left,7
518730,LC4,left,512705,LC4,left,7
19911,LPLC2,left,27355,LPLC2,left,7
18929,LPLC2,right,19549,LPLC2,right,7
520764,LPLC2,left,24840,LPLC2,left,7
20471,LPLC2,right,23590,LPLC2,right,7
517819,LPLC2,left,18936,LPLC2,left,7
515900,LC4,left,17270,LC4,left,7
20162,LPLC2,right,29183,LPLC2,right,7
20162,LPLC2,right,24118,LPLC2,right,7
17774,LPLC2,left,95241,LPLC2,left,7
20673,LC4,right,17266,LC4,right,7
19146,LPLC2,right,19549,LPLC2,right,7
20103,LPLC2,right,28871,LPLC2,right,7
19549,LPLC2,right,19229,LPLC2,right,7
21862,LPLC2,right,20162,LPLC2,right,7
519650,LC4,left,14888,LC4,left,7
19549,LPLC2,right,20334,LPLC2,right,7
18432,LC4,left,27750,LC4,left,7
21862,LPLC2,right,21562,LPLC2,right,7
21862,LPLC2,right,23497,LPLC2,right,7
19229,LPLC2,right,20182,LPLC2,right,7
517819,LPLC2,left,17990,LPLC2,left,7
21862,LPLC2,right,25497,LPLC2,right,7
19420,LC4,right,17987,LC4,right,7
20673,LC4,right,21336,LC4,right,7
517078,LPLC2,left,95241,LPLC2,left,7
22218,LPLC2,right,27566,LPLC2,right,7
19229,LPLC2,right,29873,LPLC2,right,7
19229,LPLC2,right,23878,LPLC2,right,7
519931,LC4,left,10228,DNp06,left,7
20584,LPLC2,right,19549,LPLC2,right,7
517079,LPLC2,left,22253,LPLC2,left,7
517079,LPLC2,left,22557,LPLC2,left,7
21225,LC4,right,23392,LC4,right,7
20694,LPLC2,right,22677,LPLC2,right,7
18396,LC4,left,32597,LC4,left,7
18900,LPLC2,left,515971,LPLC2,left,7
22218,LPLC2,right,22677,LPLC2,right,7
19260,LC4,right,10001,DNp01,right,7
18127,LC4,right,23098,LC4,right,7
20542,LC4,right,19794,LC4,right,7
20542,LC4,right,22847,LC4,right,7
20694,LPLC2,right,20584,LPLC2,right,7
20694,LPLC2,right,20182,LPLC2,right,7
20694,LPLC2,right,19589,LPLC2,right,7
19249,LPLC2,right,20749,LPLC2,right,7
21313,LC4,right,20016,LC4,right,7
520764,LPLC2,left,28011,LPLC2,left,7
20047,LPLC2,right,23590,LPLC2,right,7
20162,LPLC2,right,19146,LPLC2,right,7
515900,LC4,left,516909,LC4,left,7
22194,LC4,right,22328,LC4,right,7
515900,LC4,left,518544,LC4,left,7
18396,LC4,left,27750,LC4,left,7
22194,LC4,right,24338,LC4,right,7
517752,LC4,left,22772,LC4,left,7
19229,LPLC2,right,17551,LPLC2,right,7
521115,LPLC2,left,28011,LPLC2,left,7
20535,LPLC2,right,35838,LPLC2,right,7
20535,LPLC2,right,23590,LPLC2,right,7
525844,LPLC2,left,10228,DNp06,left,7
20535,LPLC2,right,24118,LPLC2,right,7
20047,LPLC2,right,24800,LPLC2,right,7
21899,LPLC2,right,19249,LPLC2,right,7
19420,LC4,right,17548,LC4,right,7
19420,LC4,right,16128,LC4,right,7
21318,LPLC2,right,17551,LPLC2,right,7
20535,LPLC2,right,25253,LPLC2,right,7
21318,LPLC2,right,17548,LC4,right,7
520449,LC4,left,14888,LC4,left,7
18900,LPLC2,left,41097,LPLC2,left,7
519650,LC4,left,518016,LC4,left,7
22218,LPLC2,right,24118,LPLC2,right,7
21899,LPLC2,right,20584,LPLC2,right,7
21225,LC4,right,16628,LC4,right,7
18900,LPLC2,left,111903,LPLC2,left,7
18127,LC4,right,21287,LC4,right,7
20047,LPLC2,right,17551,LPLC2,right,7
20162,LPLC2,right,20471,LPLC2,right,7
517079,LPLC2,left,17990,LPLC2,left,7
19229,LPLC2,right,19549,LPLC2,right,7
19260,LC4,right,21313,LC4,right,7
21287,LC4,right,10584,DNp06,right,7
21313,LC4,right,38065,LC4,right,7
20584,LPLC2,right,20162,LPLC2,right,7
19589,LPLC2,right,14465,LPLC2,right,7
18929,LPLC2,right,17054,LC4,right,7
21225,LC4,right,21165,LC4,right,7
19420,LC4,right,17926,LC4,right,7
518439,LC4,left,31429,LC4,left,7
18432,LC4,left,515900,LC4,left,7
518731,LPLC2,left,31563,LPLC2,left,7
20329,LPLC2,left,17774,LPLC2,left,7
20329,LPLC2,left,17059,LPLC2,left,7
20917,LC4,right,21225,LC4,right,7
19034,LPLC2,right,18929,LPLC2,right,7
20240,LPLC2,left,19830,LPLC2,left,7
18672,LPLC2,right,20269,LPLC2,right,7
19787,LPLC2,left,27023,LPLC2,left,7
21703,LPLC2,right,20535,LPLC2,right,7
518731,LPLC2,left,20240,LPLC2,left,7
524899,LC4,left,17653,LC4,left,7
17775,LPLC2,left,41097,LPLC2,left,7
18672,LPLC2,right,20535,LPLC2,right,7
18672,LPLC2,right,20694,LPLC2,right,7
518731,LPLC2,left,20329,LPLC2,left,7
21361,LPLC2,left,514670,LPLC2,left,7
21703,LPLC2,right,37431,LPLC2,right,7
518731,LPLC2,left,18936,LPLC2,left,7
19787,LPLC2,left,21721,LC4,left,7
514670,LPLC2,left,112292,LPLC2,left,7
21361,LPLC2,left,18936,LPLC2,left,7
18929,LPLC2,right,19842,LPLC2,right,7
20240,LPLC2,left,13132,LPLC2,left,7
19830,LPLC2,left,514670,LPLC2,left,7
20329,LPLC2,left,25524,LPLC2,left,7
17990,LPLC2,left,18900,LPLC2,left,7
19034,LPLC2,right,20162,LPLC2,right,7
17990,LPLC2,left,17774,LPLC2,left,7
18936,LPLC2,left,22557,LPLC2,left,7
21721,LC4,left,17653,LC4,left,7
20917,LC4,right,19634,LC4,right,7
20240,LPLC2,left,17059,LPLC2,left,7
18672,LPLC2,right,19842,LPLC2,right,7
19787,LPLC2,left,20240,LPLC2,left,7
20967,LC4,left,17270,LC4,left,7
20282,LC4,right,30803,LC4,right,7
19911,LPLC2,left,16809,LC4,left,7
21703,LPLC2,right,18127,LC4,right,7
518016,LC4,left,519650,LC4,left,7
21562,LPLC2,right,25253,LPLC2,right,7
21562,LPLC2,right,10584,DNp06,right,7
20269,LPLC2,right,20047,LPLC2,right,7
18672,LPLC2,right,28044,LPLC2,right,7
515971,LPLC2,left,533895,LPLC2,left,7
20976,LC4,left,518730,LC4,left,7
19794,LC4,right,17548,LC4,right,7
515971,LPLC2,left,524366,LPLC2,left,7
20240,LPLC2,left,95241,LPLC2,left,7
514956,LC4,left,515476,LC4,left,7
518731,LPLC2,left,26528,LPLC2,left,7
20240,LPLC2,left,531014,LPLC2,left,7
20976,LC4,left,524899,LC4,left,7
20240,LPLC2,left,518731,LPLC2,left,7
20240,LPLC2,left,29815,LPLC2,left,7
21562,LPLC2,right,29014,LPLC2,right,7
19830,LPLC2,left,20240,LPLC2,left,7
520764,LPLC2,left,533895,LPLC2,left,7
20282,LC4,right,29563,LC4,right,7
518731,LPLC2,left,20799,LPLC2,left,7
18672,LPLC2,right,21808,LPLC2,right,7
21361,LPLC2,left,517078,LPLC2,left,7
20240,LPLC2,left,24605,LPLC2,left,7
18672,LPLC2,right,22218,LPLC2,right,7
21562,LPLC2,right,35889,LPLC2,right,7
21562,LPLC2,right,29287,LPLC2,right,7
17775,LPLC2,left,518731,LPLC2,left,7
18672,LPLC2,right,23590,LPLC2,right,7
19787,LPLC2,left,517079,LPLC2,left,7
516909,LC4,left,20976,LC4,left,7
524366,LPLC2,left,21361,LPLC2,left,7
518016,LC4,left,27829,LC4,left,7
20329,LPLC2,left,32737,LPLC2,left,7
19842,LPLC2,right,19249,LPLC2,right,7
517078,LPLC2,left,10228,DNp06,left,7
18936,LPLC2,left,17990,LPLC2,left,7
20799,LPLC2,left,531014,LPLC2,left,7
21336,LC4,right,17548,LC4,right,7
524899,LC4,left,22772,LC4,left,7
17990,LPLC2,left,33303,LPLC2,left,7
21336,LC4,right,17668,LC4,right,7
517078,LPLC2,left,21361,LPLC2,left,7
514670,LPLC2,left,21361,LPLC2,left,7
20399,LC4,right,24338,LC4,right,7
20182,LPLC2,right,20103,LPLC2,right,7
18478,LC4,left,20859,LC4,left,7
20399,LC4,right,21804,LC4,right,7
515476,LC4,left,514956,LC4,left,7
520449,LC4,left,518983,LC4,left,7
518983,LC4,left,28980,LC4,left,7
21045,LPLC2,right,39620,LPLC2,right,7
514670,LPLC2,left,19830,LPLC2,left,7
19034,LPLC2,right,35632,LPLC2,right,7
20799,LPLC2,left,518731,LPLC2,left,7
19589,LPLC2,right,19034,LPLC2,right,7
518439,LC4,left,32597,LC4,left,7
19589,LPLC2,right,17668,LC4,right,7
21151,LC4,right,23098,LC4,right,7
515971,LPLC2,left,29319,LPLC2,left,7
18936,LPLC2,left,11498,LPLC2,left,7
514670,LPLC2,left,18900,LPLC2,left,7
21151,LC4,right,16628,LC4,right,7
19830,LPLC2,left,12384,LPLC2,left,7
21336,LC4,right,16128,LC4,right,7
20440,LC4,left,17653,LC4,left,7
520764,LPLC2,left,41097,LPLC2,left,7
19589,LPLC2,right,20103,LPLC2,right,7
20799,LPLC2,left,517079,LPLC2,left,7
19589,LPLC2,right,20269,LPLC2,right,7
21808,LPLC2,right,20047,LPLC2,right,7
515476,LC4,left,512705,LC4,left,7
19608,LPLC2,right,10584,DNp06,right,7
21361,LPLC2,left,17059,LPLC2,left,7
20182,LPLC2,right,29216,LPLC2,right,7
21769,LPLC2,right,22677,LPLC2,right,7
20334,LPLC2,right,25267,LPLC2,right,7
18936,LPLC2,left,17653,LC4,left,7
18478,LC4,left,35616,LC4,left,7
518731,LPLC2,left,521115,LPLC2,left,7
21045,LPLC2,right,24118,LPLC2,right,7
19608,LPLC2,right,24401,LPLC2,right,7
518439,LC4,left,15018,LC4,left,7
20334,LPLC2,right,19549,LPLC2,right,7
18478,LC4,left,516909,LC4,left,7
20859,LC4,left,512705,LC4,left,7
20334,LPLC2,right,18672,LPLC2,right,7
21769,LPLC2,right,17054,LC4,right,7
19608,LPLC2,right,26915,LPLC2,right,7
524899,LC4,left,21721,LC4,left,7
19608,LPLC2,right,18929,LPLC2,right,7
518983,LC4,left,17270,LC4,left,7
21045,LPLC2,right,35632,LPLC2,right,7
21336,LC4,right,22034,LC4,right,7
19842,LPLC2,right,26730,LPLC2,right,7
20859,LC4,left,18478,LC4,left,7
19608,LPLC2,right,19034,LPLC2,right,7
19608,LPLC2,right,20047,LPLC2,right,7
20399,LC4,right,16128,LC4,right,7
19034,LPLC2,right,25497,LPLC2,right,7
19608,LPLC2,right,20471,LPLC2,right,7
19608,LPLC2,right,23497,LPLC2,right,7
518439,LC4,left,18396,LC4,left,7
19842,LPLC2,right,22677,LPLC2,right,7
518983,LC4,left,14888,LC4,left,7
20399,LC4,right,10584,DNp06,right,7
19034,LPLC2,right,20535,LPLC2,right,7
19229,LPLC2,right,20749,LPLC2,right,7
17668,LC4,right,17926,LC4,right,7
29702,LPLC2,left,19787,LPLC2,left,7
35680,LPLC2,right,55627,LPLC2,right,7
35838,LPLC2,right,20535,LPLC2,right,7
100103,LPLC2,left,19830,LPLC2,left,7
24840,LPLC2,left,27716,LPLC2,left,7
24840,LPLC2,left,28188,LPLC2,left,7
13726,LPLC2,left,21361,LPLC2,left,7
24840,LPLC2,left,520764,LPLC2,left,7
13726,LPLC2,left,22557,LPLC2,left,7
13726,LPLC2,left,23247,LPLC2,left,7
29563,LC4,right,10584,DNp06,right,7
25027,LPLC2,left,32737,LPLC2,left,7
13726,LPLC2,left,31563,LPLC2,left,7
29469,LC4,left,35262,LC4,left,7
25136,LPLC2,left,29753,LPLC2,left,7
29469,LC4,left,30087,LC4,left,7
13726,LPLC2,left,17775,LPLC2,left,7
29702,LPLC2,left,19830,LPLC2,left,7
17340,LC4,left,24523,LC4,left,7
24800,LPLC2,right,37431,LPLC2,right,7
29702,LPLC2,left,41097,LPLC2,left,7
13132,LPLC2,left,515900,LC4,left,7
24605,LPLC2,left,23247,LPLC2,left,7
24605,LPLC2,left,34407,LPLC2,left,7
13132,LPLC2,left,517078,LPLC2,left,7
24605,LPLC2,left,111903,LPLC2,left,7
17059,LPLC2,left,11498,LPLC2,left,7
35680,LPLC2,right,31257,LPLC2,right,7
24800,LPLC2,right,19034,LPLC2,right,7
17054,LC4,right,23792,LC4,right,7
531014,LPLC2,left,13764,LPLC2,left,7
24800,LPLC2,right,25511,LPLC2,right,7
24800,LPLC2,right,28003,LPLC2,right,7
29702,LPLC2,left,22557,LPLC2,left,7
29702,LPLC2,left,22253,LPLC2,left,7
95241,LPLC2,left,24605,LPLC2,left,7
25209,LPLC2,left,16917,LC4,left,7
95241,LPLC2,left,23247,LPLC2,left,7
25209,LPLC2,left,27796,LPLC2,left,7
29319,LPLC2,left,24840,LPLC2,left,7
25286,LPLC2,left,12349,LC4,left,7
81112,LC4,left,22922,LC4,left,7
81112,LC4,left,20859,LC4,left,7
25286,LPLC2,left,32737,LPLC2,left,7
77614,LC4,left,35262,LC4,left,7
77614,LC4,left,33137,LC4,left,7
35889,LPLC2,right,25511,LPLC2,right,7
29319,LPLC2,left,10228,DNp06,left,7
29287,LPLC2,right,28871,LPLC2,right,7
25497,LPLC2,right,19034,LPLC2,right,7
77614,LC4,left,12349,LC4,left,7
29216,LPLC2,right,37431,LPLC2,right,7
25497,LPLC2,right,31257,LPLC2,right,7
25497,LPLC2,right,33185,LPLC2,right,7
25267,LPLC2,right,33396,LPLC2,right,7
29319,LPLC2,left,27355,LPLC2,left,7
81112,LC4,left,33137,LC4,left,7
29391,LPLC2,right,23590,LPLC2,right,7
25209,LPLC2,left,29753,LPLC2,left,7
531014,LPLC2,left,25854,LPLC2,left,7
533895,LPLC2,left,29753,LPLC2,left,7
95241,LPLC2,left,19787,LPLC2,left,7
16809,LC4,left,530029,LC4,left,7
13726,LPLC2,left,517078,LPLC2,left,7
25253,LPLC2,right,33185,LPLC2,right,7
29319,LPLC2,left,521115,LPLC2,left,7
29391,LPLC2,right,22261,LPLC2,right,7
25267,LPLC2,right,10001,DNp01,right,7
29391,LPLC2,right,21808,LPLC2,right,7
25267,LPLC2,right,20334,LPLC2,right,7
81112,LC4,left,518983,LC4,left,7
13726,LPLC2,left,533895,LPLC2,left,7
24605,LPLC2,left,20240,LPLC2,left,7
17059,LPLC2,left,18936,LPLC2,left,7
100103,LPLC2,left,533129,LC4,left,7
24308,LPLC2,left,25136,LPLC2,left,7
24187,LPLC2,right,10584,DNp06,right,7
24187,LPLC2,right,23590,LPLC2,right,7
24187,LPLC2,right,23878,LPLC2,right,7
12824,LC4,left,14888,LC4,left,7
35294,LPLC2,left,10228,DNp06,left,7
24187,LPLC2,right,25253,LPLC2,right,7
24187,LPLC2,right,29391,LPLC2,right,7
24187,LPLC2,right,33396,LPLC2,right,7
30480,LC4,right,31262,LC4,right,7
35294,LPLC2,left,23919,LPLC2,left,7
24268,LPLC2,right,23497,LPLC2,right,7
24268,LPLC2,right,25316,LPLC2,right,7
30087,LC4,left,37587,LC4,left,7
17270,LC4,left,17478,LC4,left,7
527408,LC4,right,38065,LC4,right,7
30512,LPLC2,left,524366,LPLC2,left,7
30512,LPLC2,left,525844,LPLC2,left,7
111903,LPLC2,left,13132,LPLC2,left,7
17270,LC4,left,524899,LC4,left,7
35262,LC4,left,18432,LC4,left,7
30893,LPLC2,left,32237,LPLC2,left,7
23929,LC4,right,22975,LC4,right,7
17340,LC4,left,14888,LC4,left,7
35262,LC4,left,29469,LC4,left,7
24118,LPLC2,right,20047,LPLC2,right,7
30803,LC4,right,28945,LC4,right,7
12384,LPLC2,left,518983,LC4,left,7
24118,LPLC2,right,20182,LPLC2,right,7
24118,LPLC2,right,20535,LPLC2,right,7
24118,LPLC2,right,21562,LPLC2,right,7
17270,LC4,left,518730,LC4,left,7
24118,LPLC2,right,23590,LPLC2,right,7
30803,LC4,right,22975,LC4,right,7
24308,LPLC2,left,23550,LPLC2,left,7
24308,LPLC2,left,25209,LPLC2,left,7
24568,LPLC2,left,100103,LPLC2,left,7
30041,LPLC2,right,25511,LPLC2,right,7
35632,LPLC2,right,31262,LC4,right,7
24523,LC4,left,14888,LC4,left,7
14102,LPLC2,left,517078,LPLC2,left,7
24523,LC4,left,512705,LC4,left,7
530029,LC4,left,35262,LC4,left,7
533895,LPLC2,left,520764,LPLC2,left,7
24568,LPLC2,left,18900,LPLC2,left,7
24568,LPLC2,left,25575,LPLC2,left,7
17059,LPLC2,left,24840,LPLC2,left,7
24568,LPLC2,left,26528,LPLC2,left,7
29753,LPLC2,left,34655,LPLC2,left,7
24568,LPLC2,left,27399,LPLC2,left,7
29753,LPLC2,left,23550,LPLC2,left,7
100485,LC4,left,14888,LC4,left,7
29753,LPLC2,left,20240,LPLC2,left,7
17059,LPLC2,left,515971,LPLC2,left,7
24401,LPLC2,right,34372,LPLC2,right,7
24401,LPLC2,right,28003,LPLC2,right,7
29986,LPLC2,right,26147,LPLC2,right,7
24308,LPLC2,left,26528,LPLC2,left,7
35616,LC4,left,27829,LC4,left,7
35616,LC4,left,81112,LC4,left,7
29986,LPLC2,right,29014,LPLC2,right,7
12824,LC4,left,518983,LC4,left,7
24308,LPLC2,left,30512,LPLC2,left,7
107513,LC4,left,30087,LC4,left,7
24401,LPLC2,right,25253,LPLC2,right,7
13132,LPLC2,left,11498,LPLC2,left,7
24338,LC4,right,22328,LC4,right,7
107513,LC4,left,17608,LC4,left,7
29955,LPLC2,left,525844,LPLC2,left,7
17266,LC4,right,17364,LC4,right,7
29955,LPLC2,left,30512,LPLC2,left,7
25511,LPLC2,right,24268,LPLC2,right,7
29216,LPLC2,right,21336,LC4,right,7
25511,LPLC2,right,29183,LPLC2,right,7
14102,LPLC2,left,21299,LPLC2,left,7
27355,LPLC2,left,27399,LPLC2,left,7
27355,LPLC2,left,28188,LPLC2,left,7
27355,LPLC2,left,31105,LPLC2,left,7
28044,LPLC2,right,20749,LPLC2,right,7
28044,LPLC2,right,20471,LPLC2,right,7
27355,LPLC2,left,524366,LPLC2,left,7
14888,LC4,left,515900,LC4,left,7
27399,LPLC2,left,15804,LPLC2,left,7
28044,LPLC2,right,20269,LPLC2,right,7
14102,LPLC2,left,19787,LPLC2,left,7
14102,LPLC2,left,19830,LPLC2,left,7
533895,LPLC2,left,10228,DNp06,left,7
14888,LC4,left,31429,LC4,left,7
14102,LPLC2,left,20240,LPLC2,left,7
27399,LPLC2,left,30895,LPLC2,left,7
27355,LPLC2,left,25136,LPLC2,left,7
40811,LPLC2,left,10228,DNp06,left,7
15018,LC4,left,27750,LC4,left,7
28044,LPLC2,right,31964,LPLC2,right,7
26730,LPLC2,right,21769,LPLC2,right,7
28188,LPLC2,left,28011,LPLC2,left,7
26915,LPLC2,right,10584,DNp06,right,7
26915,LPLC2,right,19608,LPLC2,right,7
26915,LPLC2,right,25253,LPLC2,right,7
40811,LPLC2,left,27355,LPLC2,left,7
27023,LPLC2,left,25027,LPLC2,left,7
14102,LPLC2,left,14030,LPLC2,left,7
14102,LPLC2,left,11498,LPLC2,left,7
28044,LPLC2,right,24187,LPLC2,right,7
15018,LC4,left,37587,LC4,left,7
15018,LC4,left,34845,LC4,left,7
28044,LPLC2,right,21862,LPLC2,right,7
27355,LPLC2,left,13726,LPLC2,left,7
14888,LC4,left,27829,LC4,left,7
533129,LC4,left,20440,LC4,left,7
28188,LPLC2,left,517819,LPLC2,left,7
14102,LPLC2,left,22253,LPLC2,left,7
27829,LC4,left,22772,LC4,left,7
27716,LPLC2,left,517819,LPLC2,left,7
27750,LC4,left,10228,DNp06,left,7
37925,LPLC2,right,50287,LPLC2,right,7
27750,LC4,left,16809,LC4,left,7
27750,LC4,left,18432,LC4,left,7
27750,LC4,left,27624,LC4,left,7
14465,LPLC2,right,19249,LPLC2,right,7
27750,LC4,left,31301,LC4,left,7
27750,LC4,left,32597,LC4,left,7
27796,LPLC2,left,521115,LPLC2,left,7
14465,LPLC2,right,16128,LC4,right,7
27750,LC4,left,515476,LC4,left,7
38065,LC4,right,23929,LC4,right,7
14102,LPLC2,left,514670,LPLC2,left,7
27716,LPLC2,left,29702,LPLC2,left,7
27716,LPLC2,left,28188,LPLC2,left,7
27716,LPLC2,left,24840,LPLC2,left,7
27471,LPLC2,right,26730,LPLC2,right,7
14888,LC4,left,20967,LC4,left,7
28011,LPLC2,left,32237,LPLC2,left,7
27471,LPLC2,right,18189,LC4,right,7
27471,LPLC2,right,22261,LPLC2,right,7
27471,LPLC2,right,25636,LPLC2,right,7
28011,LPLC2,left,19787,LPLC2,left,7
27471,LPLC2,right,28741,LPLC2,right,7
27716,LPLC2,left,23247,LPLC2,left,7
27471,LPLC2,right,35632,LPLC2,right,7
27471,LPLC2,right,35889,LPLC2,right,7
28003,LPLC2,right,28044,LPLC2,right,7
38542,LPLC2,right,28741,LPLC2,right,7
28003,LPLC2,right,20535,LPLC2,right,7
27624,LC4,left,107513,LC4,left,7
26528,LPLC2,left,531014,LPLC2,left,7
26528,LPLC2,left,525844,LPLC2,left,7
29216,LPLC2,right,20182,LPLC2,right,7
14030,LPLC2,left,17774,LPLC2,left,7
25572,LPLC2,left,23550,LPLC2,left,7
37431,LPLC2,right,28044,LPLC2,right,7
25572,LPLC2,left,32737,LPLC2,left,7
37431,LPLC2,right,29287,LPLC2,right,7
37431,LPLC2,right,29598,LPLC2,right,7
29014,LPLC2,right,21862,LPLC2,right,7
16138,LC4,right,17364,LC4,right,7
13764,LPLC2,left,134521,LPLC2,left,7
28980,LC4,left,524899,LC4,left,7
37587,LC4,left,10228,DNp06,left,7
25575,LPLC2,left,129687,LPLC2,left,7
25584,LC4,right,16128,LC4,right,7
25584,LC4,right,19543,LC4,right,7
25636,LPLC2,right,10584,DNp06,right,7
37587,LC4,left,30087,LC4,left,7
25572,LPLC2,left,22557,LPLC2,left,7
25524,LPLC2,left,536444,LPLC2,left,7
50287,LPLC2,right,55627,LPLC2,right,7
37431,LPLC2,right,24800,LPLC2,right,7
25511,LPLC2,right,30041,LPLC2,right,7
29183,LPLC2,right,29216,LPLC2,right,7
29183,LPLC2,right,24401,LPLC2,right,7
25524,LPLC2,left,22557,LPLC2,left,7
25524,LPLC2,left,23665,LPLC2,left,7
25524,LPLC2,left,26528,LPLC2,left,7
29014,LPLC2,right,34110,LPLC2,right,7
533895,LPLC2,left,24568,LPLC2,left,7
37431,LPLC2,right,26147,LPLC2,right,7
25524,LPLC2,left,515971,LPLC2,left,7
25524,LPLC2,left,518731,LPLC2,left,7
25524,LPLC2,left,520764,LPLC2,left,7
13764,LPLC2,left,33303,LPLC2,left,7
29014,LPLC2,right,29216,LPLC2,right,7
16128,LC4,right,20917,LC4,right,7
16128,LC4,right,20542,LC4,right,7
15804,LPLC2,left,22253,LPLC2,left,7
41097,LPLC2,left,34655,LPLC2,left,7
41097,LPLC2,left,17775,LPLC2,left,7
28741,LPLC2,right,38542,LPLC2,right,7
40841,LPLC2,left,129687,LPLC2,left,7
40841,LPLC2,left,33406,LPLC2,left,7
26416,LPLC2,left,28188,LPLC2,left,7
26416,LPLC2,left,515971,LPLC2,left,7
28741,LPLC2,right,30041,LPLC2,right,7
28741,LPLC2,right,29183,LPLC2,right,7
26528,LPLC2,left,25572,LPLC2,left,7
40841,LPLC2,left,23665,LPLC2,left,7
37613,LPLC2,right,21808,LPLC2,right,7
37613,LPLC2,right,22261,LPLC2,right,7
26528,LPLC2,left,100103,LPLC2,left,7
28741,LPLC2,right,20182,LPLC2,right,7
26528,LPLC2,left,518731,LPLC2,left,7
26147,LPLC2,right,38542,LPLC2,right,7
28871,LPLC2,right,24118,LPLC2,right,7
28871,LPLC2,right,24187,LPLC2,right,7
25854,LPLC2,left,33406,LPLC2,left,7
28945,LC4,right,10584,DNp06,right,7
28871,LPLC2,right,33439,LPLC2,right,7
41097,LPLC2,left,31105,LPLC2,left,7
25854,LPLC2,left,18936,LPLC2,left,7
16128,LC4,right,17668,LC4,right,7
41097,LPLC2,left,29753,LPLC2,left,7
14030,LPLC2,left,20799,LPLC2,left,7
15804,LPLC2,left,514670,LPLC2,left,7
14030,LPLC2,left,21361,LPLC2,left,7
28871,LPLC2,right,26147,LPLC2,right,7
37587,LC4,left,518439,LC4,left,7
26147,LPLC2,right,17551,LPLC2,right,7
26147,LPLC2,right,20103,LPLC2,right,7
15804,LPLC2,left,515971,LPLC2,left,7
30895,LPLC2,left,25027,LPLC2,left,7
24523,LC4,left,17340,LC4,left,7
27796,LPLC2,left,29815,LPLC2,left,7
12349,LC4,left,31308,LC4,left,7
11498,LPLC2,left,14888,LC4,left,7
23349,LPLC2,left,517079,LPLC2,left,7
23349,LPLC2,left,517078,LPLC2,left,7
129687,LPLC2,left,23550,LPLC2,left,7
17478,LC4,left,526286,LC4,left,7
17478,LC4,left,533129,LC4,left,7
23349,LPLC2,left,31563,LPLC2,left,7
536444,LPLC2,left,10228,DNp06,left,7
31563,LPLC2,left,33406,LPLC2,left,7
23349,LPLC2,left,25854,LPLC2,left,7
23349,LPLC2,left,25572,LPLC2,left,7
22557,LPLC2,left,15804,LPLC2,left,7
33303,LPLC2,left,23919,LPLC2,left,7
22557,LPLC2,left,20240,LPLC2,left,7
12349,LC4,left,22772,LC4,left,7
23349,LPLC2,left,20240,LPLC2,left,7
12349,LC4,left,20976,LC4,left,7
22557,LPLC2,left,23665,LPLC2,left,7
31563,LPLC2,left,536444,LPLC2,left,7
33303,LPLC2,left,17990,LPLC2,left,7
22557,LPLC2,left,26528,LPLC2,left,7
11498,LPLC2,left,18900,LPLC2,left,7
22557,LPLC2,left,100103,LPLC2,left,7
23349,LPLC2,left,518731,LPLC2,left,7
17551,LPLC2,right,19249,LPLC2,right,7
31964,LPLC2,right,20471,LPLC2,right,7
22328,LC4,right,23929,LC4,right,7
31429,LC4,left,512366,LC4,left,7
31429,LC4,left,515476,LC4,left,7
31429,LC4,left,517752,LC4,left,7
23497,LPLC2,right,28871,LPLC2,right,7
23497,LPLC2,right,26915,LPLC2,right,7
535341,LC4,left,526286,LC4,left,7
33303,LPLC2,left,35294,LPLC2,left,7
17478,LC4,left,23226,LC4,left,7
31563,LPLC2,left,23349,LPLC2,left,7
23497,LPLC2,right,21808,LPLC2,right,7
512366,LC4,left,31301,LC4,left,7
17478,LC4,left,28980,LC4,left,7
512366,LC4,left,30087,LC4,left,7
17653,LC4,left,12824,LC4,left,7
23497,LPLC2,right,20269,LPLC2,right,7
526286,LC4,left,20572,LC4,left,7
23497,LPLC2,right,17364,LC4,right,7
512366,LC4,left,27750,LC4,left,7
22328,LC4,right,22194,LC4,right,7
23392,LC4,right,26112,LC4,right,7
23392,LC4,right,20673,LC4,right,7
23392,LC4,right,19954,LC4,right,7
526286,LC4,left,17478,LC4,left,7
31964,LPLC2,right,20103,LPLC2,right,7
22557,LPLC2,left,518731,LPLC2,left,7
34655,LPLC2,left,29702,LPLC2,left,7
34407,LPLC2,left,20329,LPLC2,left,7
32237,LPLC2,left,34407,LPLC2,left,7
32237,LPLC2,left,41097,LPLC2,left,7
17548,LC4,right,18127,LC4,right,7
17551,LPLC2,right,21318,LPLC2,right,7
32737,LPLC2,left,19911,LPLC2,left,7
23098,LC4,right,16128,LC4,right,7
22847,LC4,right,19634,LC4,right,7
17548,LC4,right,19794,LC4,right,7
22975,LC4,right,527408,LC4,right,7
22847,LC4,right,21804,LC4,right,7
17548,LC4,right,21313,LC4,right,7
134521,LPLC2,left,26416,LPLC2,left,7
134521,LPLC2,left,27716,LPLC2,left,7
22975,LC4,right,10584,DNp06,right,7
17548,LC4,right,23392,LC4,right,7
134521,LPLC2,left,525844,LPLC2,left,7
32597,LC4,left,81112,LC4,left,7
32507,LPLC2,right,29216,LPLC2,right,7
22966,LC4,right,10584,DNp06,right,7
525844,LPLC2,left,29955,LPLC2,left,7
22922,LC4,left,10228,DNp06,left,7
22922,LC4,left,516909,LC4,left,7
134521,LPLC2,left,129687,LPLC2,left,7
32737,LPLC2,left,22253,LPLC2,left,7
17548,LC4,right,17054,LC4,right,7
34407,LPLC2,left,533895,LPLC2,left,7
32737,LPLC2,left,23665,LPLC2,left,7
22677,LPLC2,right,19249,LPLC2,right,7
31988,LPLC2,right,10584,DNp06,right,7
525844,LPLC2,left,27355,LPLC2,left,7
23247,LPLC2,left,25286,LPLC2,left,7
31988,LPLC2,right,24187,LPLC2,right,7
33185,LPLC2,right,20269,LPLC2,right,7
23247,LPLC2,left,18900,LPLC2,left,7
17544,LPLC2,left,27624,LC4,left,7
12032,LC4,left,514956,LC4,left,7
511914,LC4,left,81112,LC4,left,7
23247,LPLC2,left,17775,LPLC2,left,7
23247,LPLC2,left,17774,LPLC2,left,7
23247,LPLC2,left,14102,LPLC2,left,7
33137,LC4,left,77614,LC4,left,7
33137,LC4,left,35262,LC4,left,7
23226,LC4,left,520449,LC4,left,7
17551,LPLC2,right,25636,LPLC2,right,7
32737,LPLC2,left,520764,LPLC2,left,7
22772,LC4,left,28980,LC4,left,7
23226,LC4,left,17478,LC4,left,7
34407,LPLC2,left,25575,LPLC2,left,7
32737,LPLC2,left,30893,LPLC2,left,7
32737,LPLC2,left,25572,LPLC2,left,7
17478,LC4,left,20572,LC4,left,7
23349,LPLC2,left,533895,LPLC2,left,7
17551,LPLC2,right,19229,LPLC2,right,7
22253,LPLC2,left,95241,LPLC2,left,7
22261,LPLC2,right,20162,LPLC2,right,7
23665,LPLC2,left,18936,LPLC2,left,7
23665,LPLC2,left,15804,LPLC2,left,7
33406,LPLC2,left,29702,LPLC2,left,7
31301,LC4,left,22922,LC4,left,7
33406,LPLC2,left,25209,LPLC2,left,7
23590,LPLC2,right,24118,LPLC2,right,7
31301,LC4,left,524899,LC4,left,7
33439,LPLC2,right,33185,LPLC2,right,7
23878,LPLC2,right,28871,LPLC2,right,7
31308,LC4,left,10228,DNp06,left,7
34655,LPLC2,left,134521,LPLC2,left,7
23590,LPLC2,right,21769,LPLC2,right,7
536444,LPLC2,left,41097,LPLC2,left,7
34681,LPLC2,right,35680,LPLC2,right,7
17653,LC4,left,516909,LC4,left,7
34681,LPLC2,right,30938,LPLC2,right,7
23665,LPLC2,left,23349,LPLC2,left,7
536444,LPLC2,left,33965,LPLC2,left,7
31257,LPLC2,right,28003,LPLC2,right,7
34681,LPLC2,right,20749,LPLC2,right,7
22253,LPLC2,left,517079,LPLC2,left,7
31257,LPLC2,right,35680,LPLC2,right,7
23665,LPLC2,left,32737,LPLC2,left,7
22253,LPLC2,left,521115,LPLC2,left,7
31262,LC4,right,38065,LC4,right,7
23665,LPLC2,left,27796,LPLC2,left,7
34051,LPLC2,left,25209,LPLC2,left,7
22261,LPLC2,right,19229,LPLC2,right,7
31257,LPLC2,right,25497,LPLC2,right,7
23665,LPLC2,left,27716,LPLC2,left,7
23792,LC4,right,21804,LC4,right,7
23665,LPLC2,left,25572,LPLC2,left,7
34051,LPLC2,left,25286,LPLC2,left,7
23665,LPLC2,left,25027,LPLC2,left,7
34681,LPLC2,right,25511,LPLC2,right,7
23590,LPLC2,right,19608,LPLC2,right,7
34655,LPLC2,left,520764,LPLC2,left,7
17364,LC4,right,10584,DNp06,right,7
23497,LPLC2,right,39620,LPLC2,right,7
33965,LPLC2,left,23919,LPLC2,left,7
33396,LPLC2,right,28741,LPLC2,right,7
22253,LPLC2,left,26528,LPLC2,left,7
31308,LC4,left,519650,LC4,left,7
22253,LPLC2,left,17774,LPLC2,left,7
23919,LPLC2,left,19787,LPLC2,left,7
23919,LPLC2,left,27355,LPLC2,left,7
30938,LPLC2,right,20162,LPLC2,right,7
34110,LPLC2,right,10584,DNp06,right,7
23497,LPLC2,right,35680,LPLC2,right,7
34655,LPLC2,left,33303,LPLC2,left,7
17653,LC4,left,20572,LC4,left,7
536444,LPLC2,left,33303,LPLC2,left,7
22261,LPLC2,right,25253,LPLC2,right,7
10228,DNp06,left,10010,DNp01,left,7
31308,LC4,left,81112,LC4,left,7
33396,LPLC2,right,37925,LPLC2,right,7
28741,LPLC2,right,39620,LPLC2,right,6
27796,LPLC2,left,30895,LPLC2,left,6
19549,LPLC2,right,19146,LPLC2,right,6
27796,LPLC2,left,134521,LPLC2,left,6
28741,LPLC2,right,34681,LPLC2,right,6
519650,LC4,left,524899,LC4,left,6
32737,LPLC2,left,517078,LPLC2,left,6
20182,LPLC2,right,19608,LPLC2,right,6
27829,LC4,left,22922,LC4,left,6
28980,LC4,left,518983,LC4,left,6
27829,LC4,left,511914,LC4,left,6
19420,LC4,right,17668,LC4,right,6
20282,LC4,right,20808,LC4,right,6
519650,LC4,left,21721,LC4,left,6
34110,LPLC2,right,39620,LPLC2,right,6
27796,LPLC2,left,32737,LPLC2,left,6
518439,LC4,left,27750,LC4,left,6
33137,LC4,left,12349,LC4,left,6
29014,LPLC2,right,17551,LPLC2,right,6
19420,LC4,right,16628,LC4,right,6
20182,LPLC2,right,19146,LPLC2,right,6
33137,LC4,left,17478,LC4,left,6
34051,LPLC2,left,17544,LPLC2,left,6
34372,LPLC2,right,10584,DNp06,right,6
37613,LPLC2,right,18929,LPLC2,right,6
20182,LPLC2,right,19229,LPLC2,right,6
28945,LC4,right,31262,LC4,right,6
28871,LPLC2,right,29014,LPLC2,right,6
19229,LPLC2,right,21769,LPLC2,right,6
28980,LC4,left,20859,LC4,left,6
19543,LC4,right,22847,LC4,right,6
33439,LPLC2,right,33396,LPLC2,right,6
33439,LPLC2,right,37613,LPLC2,right,6
20162,LPLC2,right,25511,LPLC2,right,6
20162,LPLC2,right,21862,LPLC2,right,6
33965,LPLC2,left,520764,LPLC2,left,6
32737,LPLC2,left,35294,LPLC2,left,6
519650,LC4,left,22772,LC4,left,6
20162,LPLC2,right,24401,LPLC2,right,6
33439,LPLC2,right,37925,LPLC2,right,6
33965,LPLC2,left,524366,LPLC2,left,6
28945,LC4,right,24338,LC4,right,6
32597,LC4,left,514956,LC4,left,6
34110,LPLC2,right,35680,LPLC2,right,6
37587,LC4,left,32597,LC4,left,6
33965,LPLC2,left,30512,LPLC2,left,6
20162,LPLC2,right,31964,LPLC2,right,6
19543,LC4,right,21336,LC4,right,6
20282,LC4,right,19954,LC4,right,6
19543,LC4,right,20399,LC4,right,6
20162,LPLC2,right,21703,LPLC2,right,6
19543,LC4,right,20282,LC4,right,6
19229,LPLC2,right,21703,LPLC2,right,6
37925,LPLC2,right,39620,LPLC2,right,6
19543,LC4,right,17364,LC4,right,6
28871,LPLC2,right,32507,LPLC2,right,6
33439,LPLC2,right,28871,LPLC2,right,6
20182,LPLC2,right,19034,LPLC2,right,6
20282,LC4,right,19543,LC4,right,6
20162,LPLC2,right,20749,LPLC2,right,6
37587,LC4,left,15018,LC4,left,6
33303,LPLC2,left,533895,LPLC2,left,6
20182,LPLC2,right,23497,LPLC2,right,6
37925,LPLC2,right,30803,LC4,right,6
33303,LPLC2,left,32737,LPLC2,left,6
28011,LPLC2,left,40841,LPLC2,left,6
28011,LPLC2,left,40811,LPLC2,left,6
28011,LPLC2,left,34407,LPLC2,left,6
28011,LPLC2,left,23665,LPLC2,left,6
34051,LPLC2,left,32237,LPLC2,left,6
20240,LPLC2,left,19787,LPLC2,left,6
19229,LPLC2,right,27566,LPLC2,right,6
28044,LPLC2,right,21562,LPLC2,right,6
33303,LPLC2,left,29702,LPLC2,left,6
28044,LPLC2,right,22261,LPLC2,right,6
19229,LPLC2,right,27471,LPLC2,right,6
519931,LC4,left,27829,LC4,left,6
20240,LPLC2,left,17775,LPLC2,left,6
28003,LPLC2,right,39620,LPLC2,right,6
28003,LPLC2,right,32507,LPLC2,right,6
20269,LPLC2,right,17551,LPLC2,right,6
20240,LPLC2,left,112292,LPLC2,left,6
33396,LPLC2,right,29598,LPLC2,right,6
33303,LPLC2,left,34655,LPLC2,left,6
33303,LPLC2,left,40811,LPLC2,left,6
28044,LPLC2,right,19034,LPLC2,right,6
28044,LPLC2,right,19146,LPLC2,right,6
28044,LPLC2,right,20182,LPLC2,right,6
33303,LPLC2,left,517079,LPLC2,left,6
19249,LPLC2,right,18672,LPLC2,right,6
19249,LPLC2,right,18929,LPLC2,right,6
20240,LPLC2,left,23665,LPLC2,left,6
20240,LPLC2,left,22557,LPLC2,left,6
37613,LPLC2,right,35889,LPLC2,right,6
519931,LC4,left,111787,LC4,left,6
20240,LPLC2,left,30512,LPLC2,left,6
33396,LPLC2,right,25511,LPLC2,right,6
20240,LPLC2,left,22253,LPLC2,left,6
28044,LPLC2,right,10584,DNp06,right,6
28044,LPLC2,right,20535,LPLC2,right,6
34051,LPLC2,left,520764,LPLC2,left,6
33303,LPLC2,left,25572,LPLC2,left,6
20269,LPLC2,right,18672,LPLC2,right,6
28044,LPLC2,right,25267,LPLC2,right,6
20182,LPLC2,right,29014,LPLC2,right,6
33185,LPLC2,right,30041,LPLC2,right,6
33185,LPLC2,right,25511,LPLC2,right,6
20269,LPLC2,right,24187,LPLC2,right,6
33303,LPLC2,left,531014,LPLC2,left,6
34051,LPLC2,left,19911,LPLC2,left,6
33185,LPLC2,right,24187,LPLC2,right,6
19260,LC4,right,17926,LC4,right,6
33185,LPLC2,right,24118,LPLC2,right,6
19260,LC4,right,10584,DNp06,right,6
28003,LPLC2,right,19034,LPLC2,right,6
28741,LPLC2,right,31257,LPLC2,right,6
27829,LC4,left,524899,LC4,left,6
20269,LPLC2,right,34681,LPLC2,right,6
34110,LPLC2,right,33694,LPLC2,right,6
28741,LPLC2,right,33396,LPLC2,right,6
28741,LPLC2,right,33694,LPLC2,right,6
20182,LPLC2,right,33396,LPLC2,right,6
28003,LPLC2,right,20047,LPLC2,right,6
20240,LPLC2,left,14102,LPLC2,left,6
28188,LPLC2,left,19787,LPLC2,left,6
519931,LC4,left,17478,LC4,left,6
19229,LPLC2,right,24401,LPLC2,right,6
37613,LPLC2,right,33396,LPLC2,right,6
28003,LPLC2,right,26915,LPLC2,right,6
28003,LPLC2,right,24800,LPLC2,right,6
28044,LPLC2,right,35680,LPLC2,right,6
37613,LPLC2,right,31988,LPLC2,right,6
20240,LPLC2,left,11498,LPLC2,left,6
518439,LC4,left,16917,LC4,left,6
33303,LPLC2,left,23550,LPLC2,left,6
28003,LPLC2,right,22677,LPLC2,right,6
28188,LPLC2,left,29319,LPLC2,left,6
34110,LPLC2,right,29014,LPLC2,right,6
28188,LPLC2,left,29702,LPLC2,left,6
28188,LPLC2,left,34407,LPLC2,left,6
20269,LPLC2,right,21808,LPLC2,right,6
33185,LPLC2,right,24268,LPLC2,right,6
34845,LC4,left,27624,LC4,left,6
20162,LPLC2,right,19842,LPLC2,right,6
19608,LPLC2,right,20334,LPLC2,right,6
29873,LPLC2,right,21318,LPLC2,right,6
31429,LC4,left,29514,LC4,left,6
34655,LPLC2,left,29955,LPLC2,left,6
31308,LC4,left,526286,LC4,left,6
518731,LPLC2,left,19787,LPLC2,left,6
29873,LPLC2,right,25253,LPLC2,right,6
35632,LPLC2,right,29183,LPLC2,right,6
29873,LPLC2,right,26915,LPLC2,right,6
29873,LPLC2,right,39620,LPLC2,right,6
29955,LPLC2,left,19911,LPLC2,left,6
518731,LPLC2,left,22253,LPLC2,left,6
29815,LPLC2,left,41097,LPLC2,left,6
31308,LC4,left,512705,LC4,left,6
29955,LPLC2,left,32237,LPLC2,left,6
29955,LPLC2,left,34655,LPLC2,left,6
29955,LPLC2,left,40811,LPLC2,left,6
29986,LPLC2,right,20182,LPLC2,right,6
19608,LPLC2,right,22261,LPLC2,right,6
29986,LPLC2,right,20334,LPLC2,right,6
19608,LPLC2,right,22677,LPLC2,right,6
31308,LC4,left,22772,LC4,left,6
29986,LPLC2,right,21225,LC4,right,6
34655,LPLC2,left,29753,LPLC2,left,6
19830,LPLC2,left,95241,LPLC2,left,6
32597,LC4,left,29514,LC4,left,6
35680,LPLC2,right,29563,LC4,right,6
29702,LPLC2,left,31563,LPLC2,left,6
518731,LPLC2,left,11498,LPLC2,left,6
29702,LPLC2,left,34655,LPLC2,left,6
19589,LPLC2,right,30041,LPLC2,right,6
31563,LPLC2,left,23919,LPLC2,left,6
518983,LC4,left,23202,LC4,left,6
518983,LC4,left,20859,LC4,left,6
19842,LPLC2,right,20694,LPLC2,right,6
518983,LC4,left,20440,LC4,left,6
19842,LPLC2,right,20584,LPLC2,right,6
35680,LPLC2,right,28741,LPLC2,right,6
19830,LPLC2,left,111903,LPLC2,left,6
29753,LPLC2,left,23919,LPLC2,left,6
518731,LPLC2,left,17544,LPLC2,left,6
29753,LPLC2,left,25136,LPLC2,left,6
29753,LPLC2,left,33303,LPLC2,left,6
29753,LPLC2,left,521115,LPLC2,left,6
19842,LPLC2,right,14465,LPLC2,right,6
29753,LPLC2,left,525844,LPLC2,left,6
19830,LPLC2,left,517078,LPLC2,left,6
29815,LPLC2,left,29319,LPLC2,left,6
29815,LPLC2,left,33965,LPLC2,left,6
29986,LPLC2,right,23878,LPLC2,right,6
29986,LPLC2,right,24268,LPLC2,right,6
35616,LC4,left,524899,LC4,left,6
30938,LPLC2,right,26393,LPLC2,right,6
30803,LC4,right,10584,DNp06,right,6
30803,LC4,right,20282,LC4,right,6
31105,LPLC2,left,41097,LPLC2,left,6
34681,LPLC2,right,29183,LPLC2,right,6
19634,LC4,right,16128,LC4,right,6
35262,LC4,left,32597,LC4,left,6
30938,LPLC2,right,30207,LPLC2,right,6
19634,LC4,right,17860,LC4,right,6
19634,LC4,right,17926,LC4,right,6
30893,LPLC2,left,10010,DNp01,left,6
34681,LPLC2,right,37613,LPLC2,right,6
19794,LC4,right,20016,LC4,right,6
19787,LPLC2,left,23247,LPLC2,left,6
30938,LPLC2,right,21562,LPLC2,right,6
30893,LPLC2,left,27624,LC4,left,6
30893,LPLC2,left,520764,LPLC2,left,6
19787,LPLC2,left,18936,LPLC2,left,6
19787,LPLC2,left,18900,LPLC2,left,6
30893,LPLC2,left,524366,LPLC2,left,6
30895,LPLC2,left,30512,LPLC2,left,6
34845,LC4,left,35262,LC4,left,6
34845,LC4,left,29514,LC4,left,6
19787,LPLC2,left,27355,LPLC2,left,6
35262,LC4,left,518016,LC4,left,6
31257,LPLC2,right,30041,LPLC2,right,6
30512,LPLC2,left,37587,LC4,left,6
35616,LC4,left,511914,LC4,left,6
19608,LPLC2,right,26730,LPLC2,right,6
19608,LPLC2,right,28003,LPLC2,right,6
31301,LC4,left,18432,LC4,left,6
518731,LPLC2,left,28011,LPLC2,left,6
30041,LPLC2,right,32507,LPLC2,right,6
30041,LPLC2,right,33439,LPLC2,right,6
30087,LC4,left,34845,LC4,left,6
31262,LC4,right,527408,LC4,right,6
30087,LC4,left,111787,LC4,left,6
19787,LPLC2,left,518731,LPLC2,left,6
30207,LPLC2,right,10584,DNp06,right,6
30207,LPLC2,right,21862,LPLC2,right,6
30480,LC4,right,23792,LC4,right,6
30480,LC4,right,26112,LC4,right,6
31262,LC4,right,29563,LC4,right,6
35294,LPLC2,left,20329,LPLC2,left,6
19608,LPLC2,right,29287,LPLC2,right,6
30512,LPLC2,left,32237,LPLC2,left,6
30512,LPLC2,left,34407,LPLC2,left,6
19787,LPLC2,left,29955,LPLC2,left,6
29702,LPLC2,left,26528,LPLC2,left,6
29702,LPLC2,left,24840,LPLC2,left,6
19589,LPLC2,right,26730,LPLC2,right,6
34407,LPLC2,left,24605,LPLC2,left,6
29287,LPLC2,right,21045,LPLC2,right,6
29287,LPLC2,right,24187,LPLC2,right,6
29287,LPLC2,right,25253,LPLC2,right,6
29287,LPLC2,right,26147,LPLC2,right,6
34407,LPLC2,left,21299,LPLC2,left,6
29287,LPLC2,right,29391,LPLC2,right,6
30895,LPLC2,left,40841,LPLC2,left,6
35889,LPLC2,right,25636,LPLC2,right,6
32237,LPLC2,left,27355,LPLC2,left,6
34407,LPLC2,left,23247,LPLC2,left,6
35889,LPLC2,right,25267,LPLC2,right,6
20047,LPLC2,right,26915,LPLC2,right,6
34407,LPLC2,left,25524,LPLC2,left,6
518983,LC4,left,518544,LC4,left,6
32223,LPLC2,left,41097,LPLC2,left,6
29319,LPLC2,left,25136,LPLC2,left,6
29319,LPLC2,left,26528,LPLC2,left,6
34407,LPLC2,left,27796,LPLC2,left,6
32223,LPLC2,left,28011,LPLC2,left,6
29319,LPLC2,left,29955,LPLC2,left,6
20047,LPLC2,right,29216,LPLC2,right,6
20047,LPLC2,right,28044,LPLC2,right,6
29216,LPLC2,right,31964,LPLC2,right,6
29216,LPLC2,right,29873,LPLC2,right,6
29216,LPLC2,right,26730,LPLC2,right,6
20103,LPLC2,right,28044,LPLC2,right,6
34372,LPLC2,right,31988,LPLC2,right,6
19549,LPLC2,right,19589,LPLC2,right,6
20162,LPLC2,right,19249,LPLC2,right,6
37431,LPLC2,right,27471,LPLC2,right,6
29014,LPLC2,right,28003,LPLC2,right,6
37431,LPLC2,right,26730,LPLC2,right,6
32507,LPLC2,right,28871,LPLC2,right,6
20162,LPLC2,right,17551,LPLC2,right,6
32507,LPLC2,right,21336,LC4,right,6
34407,LPLC2,left,17880,LPLC2,left,6
34407,LPLC2,left,17990,LPLC2,left,6
37431,LPLC2,right,24118,LPLC2,right,6
32237,LPLC2,left,520764,LPLC2,left,6
19549,LPLC2,right,20694,LPLC2,right,6
20103,LPLC2,right,32507,LPLC2,right,6
37431,LPLC2,right,20162,LPLC2,right,6
19549,LPLC2,right,22677,LPLC2,right,6
19549,LPLC2,right,24800,LPLC2,right,6
19549,LPLC2,right,29598,LPLC2,right,6
34407,LPLC2,left,18900,LPLC2,left,6
29216,LPLC2,right,25636,LPLC2,right,6
34407,LPLC2,left,28011,LPLC2,left,6
29319,LPLC2,left,32223,LPLC2,left,6
19589,LPLC2,right,24401,LPLC2,right,6
29514,LC4,left,32597,LC4,left,6
31964,LPLC2,right,21769,LPLC2,right,6
29469,LC4,left,514956,LC4,left,6
31964,LPLC2,right,19034,LPLC2,right,6
20016,LC4,right,17054,LC4,right,6
29469,LC4,left,517752,LC4,left,6
29469,LC4,left,518439,LC4,left,6
29514,LC4,left,10228,DNp06,left,6
518730,LC4,left,17340,LC4,left,6
19954,LC4,right,20917,LC4,right,6
29514,LC4,left,16917,LC4,left,6
29514,LC4,left,34845,LC4,left,6
35889,LPLC2,right,24187,LPLC2,right,6
29514,LC4,left,512366,LC4,left,6
19589,LPLC2,right,20694,LPLC2,right,6
29563,LC4,right,20282,LC4,right,6
19954,LC4,right,16128,LC4,right,6
518730,LC4,left,27829,LC4,left,6
19911,LPLC2,left,41097,LPLC2,left,6
518730,LC4,left,28980,LC4,left,6
29563,LC4,right,31262,LC4,right,6
31563,LPLC2,left,514670,LPLC2,left,6
29563,LC4,right,527408,LC4,right,6
29469,LC4,left,16917,LC4,left,6
31964,LPLC2,right,25267,LPLC2,right,6
31964,LPLC2,right,26393,LPLC2,right,6
29417,LC4,left,514956,LC4,left,6
20047,LPLC2,right,24187,LPLC2,right,6
32223,LPLC2,left,25286,LPLC2,left,6
35889,LPLC2,right,22034,LC4,right,6
29391,LPLC2,right,20182,LPLC2,right,6
32223,LPLC2,left,10228,DNp06,left,6
31988,LPLC2,right,34372,LPLC2,right,6
29391,LPLC2,right,20471,LPLC2,right,6
20047,LPLC2,right,20535,LPLC2,right,6
31988,LPLC2,right,30938,LPLC2,right,6
20047,LPLC2,right,19249,LPLC2,right,6
20047,LPLC2,right,18929,LPLC2,right,6
20047,LPLC2,right,18672,LPLC2,right,6
29391,LPLC2,right,28044,LPLC2,right,6
29391,LPLC2,right,31964,LPLC2,right,6
29391,LPLC2,right,37925,LPLC2,right,6
35889,LPLC2,right,19608,LPLC2,right,6
29417,LC4,left,35262,LC4,left,6
31988,LPLC2,right,22034,LC4,right,6
20016,LC4,right,22034,LC4,right,6
34407,LPLC2,left,515971,LPLC2,left,6
20016,LC4,right,21336,LC4,right,6
34407,LPLC2,left,21361,LPLC2,left,6
26528,LPLC2,left,23349,LPLC2,left,6
38065,LC4,right,20282,LC4,right,6
112292,LPLC2,left,17059,LPLC2,left,6
21361,LPLC2,left,12384,LPLC2,left,6
23590,LPLC2,right,21808,LPLC2,right,6
23590,LPLC2,right,23497,LPLC2,right,6
112292,LPLC2,left,27355,LPLC2,left,6
112292,LPLC2,left,27023,LPLC2,left,6
23590,LPLC2,right,30938,LPLC2,right,6
21336,LC4,right,17987,LC4,right,6
23590,LPLC2,right,31964,LPLC2,right,6
23665,LPLC2,left,23550,LPLC2,left,6
23665,LPLC2,left,28011,LPLC2,left,6
23665,LPLC2,left,30895,LPLC2,left,6
112292,LPLC2,left,22253,LPLC2,left,6
23665,LPLC2,left,40841,LPLC2,left,6
112292,LPLC2,left,17544,LPLC2,left,6
515900,LC4,left,20440,LC4,left,6
21299,LPLC2,left,34051,LPLC2,left,6
21318,LPLC2,right,19589,LPLC2,right,6
21318,LPLC2,right,19249,LPLC2,right,6
21318,LPLC2,right,19034,LPLC2,right,6
23792,LC4,right,25584,LC4,right,6
21318,LPLC2,right,18672,LPLC2,right,6
23878,LPLC2,right,24268,LPLC2,right,6
23878,LPLC2,right,24401,LPLC2,right,6
23878,LPLC2,right,28044,LPLC2,right,6
23878,LPLC2,right,34372,LPLC2,right,6
515900,LC4,left,24523,LC4,left,6
515900,LC4,left,29417,LC4,left,6
23878,LPLC2,right,37431,LPLC2,right,6
21313,LC4,right,20673,LC4,right,6
23919,LPLC2,left,17775,LPLC2,left,6
23550,LPLC2,left,525844,LPLC2,left,6
23550,LPLC2,left,29955,LPLC2,left,6
112292,LPLC2,left,517819,LPLC2,left,6
23550,LPLC2,left,25027,LPLC2,left,6
23349,LPLC2,left,18900,LPLC2,left,6
514956,LC4,left,27624,LC4,left,6
23349,LPLC2,left,18936,LPLC2,left,6
21703,LPLC2,right,14465,LPLC2,right,6
23349,LPLC2,left,24605,LPLC2,left,6
23349,LPLC2,left,26528,LPLC2,left,6
23349,LPLC2,left,29702,LPLC2,left,6
23349,LPLC2,left,41097,LPLC2,left,6
514956,LC4,left,35262,LC4,left,6
23349,LPLC2,left,531014,LPLC2,left,6
21562,LPLC2,right,24268,LPLC2,right,6
514956,LC4,left,111787,LC4,left,6
21562,LPLC2,right,20535,LPLC2,right,6
21562,LPLC2,right,20269,LPLC2,right,6
23497,LPLC2,right,20535,LPLC2,right,6
23497,LPLC2,right,21899,LPLC2,right,6
23497,LPLC2,right,26393,LPLC2,right,6
515476,LC4,left,17653,LC4,left,6
23497,LPLC2,right,30041,LPLC2,right,6
21361,LPLC2,left,95241,LPLC2,left,6
21361,LPLC2,left,34407,LPLC2,left,6
21361,LPLC2,left,32737,LPLC2,left,6
21361,LPLC2,left,29815,LPLC2,left,6
515476,LC4,left,21721,LC4,left,6
23497,LPLC2,right,33694,LPLC2,right,6
21361,LPLC2,left,24605,LPLC2,left,6
21361,LPLC2,left,24568,LPLC2,left,6
21361,LPLC2,left,23665,LPLC2,left,6
23550,LPLC2,left,15804,LPLC2,left,6
23919,LPLC2,left,27355,LPLC2,left,6
515900,LC4,left,518016,LC4,left,6
27796,LPLC2,left,27399,LPLC2,left,6
21151,LC4,right,17364,LC4,right,6
21165,LC4,right,22034,LC4,right,6
24268,LPLC2,right,23878,LPLC2,right,6
24268,LPLC2,right,25511,LPLC2,right,6
21165,LC4,right,20542,LC4,right,6
21165,LC4,right,19794,LC4,right,6
515971,LPLC2,left,25575,LPLC2,left,6
21165,LC4,right,19260,LC4,right,6
111787,LC4,left,30087,LC4,left,6
24268,LPLC2,right,30480,LC4,right,6
515971,LPLC2,left,26528,LPLC2,left,6
24308,LPLC2,left,27355,LPLC2,left,6
24308,LPLC2,left,27399,LPLC2,left,6
21151,LC4,right,20542,LC4,right,6
21151,LC4,right,18189,LC4,right,6
24308,LPLC2,left,27829,LC4,left,6
23919,LPLC2,left,29702,LPLC2,left,6
24308,LPLC2,left,28188,LPLC2,left,6
24308,LPLC2,left,30893,LPLC2,left,6
24308,LPLC2,left,34407,LPLC2,left,6
24338,LC4,right,20282,LC4,right,6
24338,LC4,right,20673,LC4,right,6
21045,LPLC2,right,26393,LPLC2,right,6
24338,LC4,right,29563,LC4,right,6
24401,LPLC2,right,10584,DNp06,right,6
21045,LPLC2,right,22261,LPLC2,right,6
107513,LC4,left,15018,LC4,left,6
515971,LPLC2,left,111903,LPLC2,left,6
24401,LPLC2,right,19229,LPLC2,right,6
21045,LPLC2,right,21808,LPLC2,right,6
100485,LC4,left,519931,LC4,left,6
21165,LC4,right,23098,LC4,right,6
24268,LPLC2,right,21562,LPLC2,right,6
24268,LPLC2,right,20471,LPLC2,right,6
111787,LC4,left,514956,LC4,left,6
515900,LC4,left,518730,LC4,left,6
23919,LPLC2,left,31105,LPLC2,left,6
23919,LPLC2,left,33303,LPLC2,left,6
23919,LPLC2,left,518731,LPLC2,left,6
515971,LPLC2,left,13726,LPLC2,left,6
21299,LPLC2,left,18900,LPLC2,left,6
21299,LPLC2,left,17340,LC4,left,6
21299,LPLC2,left,14102,LPLC2,left,6
111903,LPLC2,left,25209,LPLC2,left,6
111903,LPLC2,left,20799,LPLC2,left,6
23929,LC4,right,30480,LC4,right,6
515971,LPLC2,left,17059,LPLC2,left,6
111903,LPLC2,left,17340,LC4,left,6
21287,LC4,right,21313,LC4,right,6
21287,LC4,right,17987,LC4,right,6
24118,LPLC2,right,24187,LPLC2,right,6
24118,LPLC2,right,24401,LPLC2,right,6
515971,LPLC2,left,20240,LPLC2,left,6
24118,LPLC2,right,28871,LPLC2,right,6
24118,LPLC2,right,29391,LPLC2,right,6
24118,LPLC2,right,31964,LPLC2,right,6
24118,LPLC2,right,33185,LPLC2,right,6
111903,LPLC2,left,10010,DNp01,left,6
24187,LPLC2,right,24268,LPLC2,right,6
21225,LC4,right,20808,LC4,right,6
21225,LC4,right,20588,LC4,right,6
21225,LC4,right,19794,LC4,right,6
21225,LC4,right,19420,LC4,right,6
21225,LC4,right,17364,LC4,right,6
23349,LPLC2,left,13764,LPLC2,left,6
23349,LPLC2,left,12384,LPLC2,left,6
23349,LPLC2,left,10228,DNp06,left,6
21899,LPLC2,right,18672,LPLC2,right,6
22034,LC4,right,10584,DNp06,right,6
512366,LC4,left,35262,LC4,left,6
21899,LPLC2,right,50287,LPLC2,right,6
514508,LC4,left,27750,LC4,left,6
512366,LC4,left,32597,LC4,left,6
514508,LC4,left,33137,LC4,left,6
512366,LC4,left,31429,LC4,left,6
22328,LC4,right,20673,LC4,right,6
512366,LC4,left,16809,LC4,left,6
21899,LPLC2,right,20103,LPLC2,right,6
21899,LPLC2,right,19589,LPLC2,right,6
21899,LPLC2,right,19549,LPLC2,right,6
22557,LPLC2,left,17774,LPLC2,left,6
21899,LPLC2,right,19146,LPLC2,right,6
21899,LPLC2,right,17926,LC4,right,6
23247,LPLC2,left,526286,LC4,left,6
22557,LPLC2,left,28011,LPLC2,left,6
22557,LPLC2,left,29753,LPLC2,left,6
511914,LC4,left,518730,LC4,left,6
22677,LPLC2,right,19146,LPLC2,right,6
21862,LPLC2,right,29014,LPLC2,right,6
514508,LC4,left,524899,LC4,left,6
21862,LPLC2,right,24268,LPLC2,right,6
22677,LPLC2,right,20749,LPLC2,right,6
22677,LPLC2,right,21703,LPLC2,right,6
22677,LPLC2,right,23098,LC4,right,6
21862,LPLC2,right,21045,LPLC2,right,6
22677,LPLC2,right,29014,LPLC2,right,6
21862,LPLC2,right,20182,LPLC2,right,6
22677,LPLC2,right,37613,LPLC2,right,6
512366,LC4,left,37587,LC4,left,6
22034,LC4,right,19954,LC4,right,6
22034,LC4,right,21165,LC4,right,6
22034,LC4,right,21336,LC4,right,6
22253,LPLC2,left,17775,LPLC2,left,6
512705,LC4,left,22922,LC4,left,6
22218,LPLC2,right,28044,LPLC2,right,6
22253,LPLC2,left,23550,LPLC2,left,6
512705,LC4,left,20572,LC4,left,6
22218,LPLC2,right,26730,LPLC2,right,6
22218,LPLC2,right,23098,LC4,right,6
22253,LPLC2,left,41097,LPLC2,left,6
22253,LPLC2,left,515971,LPLC2,left,6
22218,LPLC2,right,21769,LPLC2,right,6
22218,LPLC2,right,21313,LC4,right,6
22218,LPLC2,right,19229,LPLC2,right,6
22253,LPLC2,left,533895,LPLC2,left,6
22194,LC4,right,25584,LC4,right,6
22261,LPLC2,right,19034,LPLC2,right,6
512705,LC4,left,519931,LC4,left,6
22261,LPLC2,right,21045,LPLC2,right,6
22194,LC4,right,20282,LC4,right,6
22261,LPLC2,right,21862,LPLC2,right,6
22261,LPLC2,right,22218,LPLC2,right,6
22194,LC4,right,19794,LC4,right,6
22261,LPLC2,right,24268,LPLC2,right,6
22194,LC4,right,16628,LC4,right,6
22194,LC4,right,16138,LC4,right,6
22261,LPLC2,right,26730,LPLC2,right,6
22034,LC4,right,30803,LC4,right,6
22261,LPLC2,right,29014,LPLC2,right,6
22261,LPLC2,right,31257,LPLC2,right,6
22261,LPLC2,right,32507,LPLC2,right,6
22772,LC4,left,10228,DNp06,left,6
21862,LPLC2,right,19229,LPLC2,right,6
21862,LPLC2,right,19034,LPLC2,right,6
514670,LPLC2,left,31563,LPLC2,left,6
21769,LPLC2,right,20182,LPLC2,right,6
23098,LC4,right,18127,LC4,right,6
21769,LPLC2,right,19550,LC4,right,6
21769,LPLC2,right,19549,LPLC2,right,6
23098,LC4,right,20917,LC4,right,6
134521,LPLC2,left,19911,LPLC2,left,6
23202,LC4,left,17653,LC4,left,6
23202,LC4,left,20859,LC4,left,6
21721,LC4,left,535341,LC4,left,6
23202,LC4,left,511914,LC4,left,6
21721,LC4,left,519650,LC4,left,6
21721,LC4,left,516909,LC4,left,6
129687,LPLC2,left,533895,LPLC2,left,6
23226,LC4,left,10228,DNp06,left,6
21721,LC4,left,28980,LC4,left,6
23226,LC4,left,18478,LC4,left,6
23226,LC4,left,518016,LC4,left,6
23226,LC4,left,533129,LC4,left,6
23247,LPLC2,left,11498,LPLC2,left,6
23247,LPLC2,left,14030,LPLC2,left,6
514670,LPLC2,left,536444,LPLC2,left,6
21703,LPLC2,right,22218,LPLC2,right,6
23247,LPLC2,left,22557,LPLC2,left,6
21703,LPLC2,right,20584,LPLC2,right,6
23247,LPLC2,left,27716,LPLC2,left,6
23247,LPLC2,left,29319,LPLC2,left,6
129687,LPLC2,left,32737,LPLC2,left,6
129687,LPLC2,left,32223,LPLC2,left,6
23247,LPLC2,left,41097,LPLC2,left,6
23098,LC4,right,17548,LC4,right,6
21769,LPLC2,right,35632,LPLC2,right,6
22772,LC4,left,16917,LC4,left,6
22975,LC4,right,23929,LC4,right,6
511914,LC4,left,23202,LC4,left,6
21862,LPLC2,right,10584,DNp06,right,6
22772,LC4,left,18478,LC4,left,6
22772,LC4,left,31301,LC4,left,6
22772,LC4,left,511914,LC4,left,6
22772,LC4,left,516909,LC4,left,6
511914,LC4,left,18432,LC4,left,6
514670,LPLC2,left,15804,LPLC2,left,6
21808,LPLC2,right,29598,LPLC2,right,6
22772,LC4,left,517752,LC4,left,6
21808,LPLC2,right,29287,LPLC2,right,6
511914,LC4,left,17653,LC4,left,6
514670,LPLC2,left,17059,LPLC2,left,6
22772,LC4,left,524899,LC4,left,6
22772,LC4,left,526286,LC4,left,6
22847,LC4,right,10584,DNp06,right,6
511914,LC4,left,10228,DNp06,left,6
21808,LPLC2,right,22218,LPLC2,right,6
22847,LC4,right,23392,LC4,right,6
514670,LPLC2,left,20329,LPLC2,left,6
21808,LPLC2,right,20535,LPLC2,right,6
22922,LC4,left,23226,LC4,left,6
134521,LPLC2,left,34655,LPLC2,left,6
21808,LPLC2,right,19589,LPLC2,right,6
21808,LPLC2,right,17266,LC4,right,6
134521,LPLC2,left,32737,LPLC2,left,6
22966,LC4,right,30803,LC4,right,6
21804,LC4,right,22328,LC4,right,6
514670,LPLC2,left,25027,LPLC2,left,6
21045,LPLC2,right,20535,LPLC2,right,6
24401,LPLC2,right,29014,LPLC2,right,6
21045,LPLC2,right,20269,LPLC2,right,6
22253,LPLC2,left,17059,LPLC2,left,6
26112,LC4,right,25584,LC4,right,6
41097,LPLC2,left,23665,LPLC2,left,6
20542,LC4,right,10584,DNp06,right,6
20535,LPLC2,right,31964,LPLC2,right,6
26147,LPLC2,right,25253,LPLC2,right,6
41097,LPLC2,left,19911,LPLC2,left,6
26147,LPLC2,right,28741,LPLC2,right,6
26147,LPLC2,right,30207,LPLC2,right,6
26393,LPLC2,right,21045,LPLC2,right,6
40841,LPLC2,left,521115,LPLC2,left,6
26416,LPLC2,left,19830,LPLC2,left,6
26416,LPLC2,left,24568,LPLC2,left,6
20535,LPLC2,right,20269,LPLC2,right,6
26528,LPLC2,left,17775,LPLC2,left,6
26528,LPLC2,left,24308,LPLC2,left,6
20588,LC4,right,20282,LC4,right,6
26528,LPLC2,left,25209,LPLC2,left,6
26528,LPLC2,left,29319,LPLC2,left,6
26528,LPLC2,left,32237,LPLC2,left,6
40841,LPLC2,left,19911,LPLC2,left,6
20471,LPLC2,right,28044,LPLC2,right,6
20471,LPLC2,right,25316,LPLC2,right,6
20471,LPLC2,right,25253,LPLC2,right,6
20471,LPLC2,right,24187,LPLC2,right,6
26528,LPLC2,left,536444,LPLC2,left,6
26730,LPLC2,right,21899,LPLC2,right,6
26730,LPLC2,right,34372,LPLC2,right,6
26915,LPLC2,right,23497,LPLC2,right,6
20471,LPLC2,right,21862,LPLC2,right,6
26915,LPLC2,right,23878,LPLC2,right,6
41097,LPLC2,left,25209,LPLC2,left,6
20542,LC4,right,17266,LC4,right,6
20542,LC4,right,18127,LC4,right,6
517752,LC4,left,516909,LC4,left,6
25572,LPLC2,left,20799,LPLC2,left,6
25572,LPLC2,left,27023,LPLC2,left,6
25572,LPLC2,left,33303,LPLC2,left,6
517079,LPLC2,left,536444,LPLC2,left,6
25572,LPLC2,left,517819,LPLC2,left,6
20584,LPLC2,right,23878,LPLC2,right,6
25572,LPLC2,left,525844,LPLC2,left,6
25575,LPLC2,left,17880,LPLC2,left,6
25575,LPLC2,left,20329,LPLC2,left,6
25575,LPLC2,left,21361,LPLC2,left,6
20584,LPLC2,right,20749,LPLC2,right,6
25575,LPLC2,left,24568,LPLC2,left,6
25575,LPLC2,left,24840,LPLC2,left,6
50287,LPLC2,right,22218,LPLC2,right,6
25575,LPLC2,left,517819,LPLC2,left,6
25584,LC4,right,10584,DNp06,right,6
20584,LPLC2,right,18929,LPLC2,right,6
41097,LPLC2,left,536444,LPLC2,left,6
41097,LPLC2,left,524366,LPLC2,left,6
25636,LPLC2,right,24118,LPLC2,right,6
25636,LPLC2,right,25253,LPLC2,right,6
25636,LPLC2,right,25511,LPLC2,right,6
25636,LPLC2,right,25584,LC4,right,6
20572,LC4,left,512705,LC4,left,6
25854,LPLC2,left,10228,DNp06,left,6
20572,LC4,left,12824,LC4,left,6
25854,LPLC2,left,20240,LPLC2,left,6
25854,LPLC2,left,26528,LPLC2,left,6
26112,LC4,right,21287,LC4,right,6
26915,LPLC2,right,24800,LPLC2,right,6
40811,LPLC2,left,28011,LPLC2,left,6
26915,LPLC2,right,37925,LPLC2,right,6
27399,LPLC2,left,536444,LPLC2,left,6
39620,LPLC2,right,26393,LPLC2,right,6
20334,LPLC2,right,19146,LPLC2,right,6
517819,LPLC2,left,100103,LPLC2,left,6
39620,LPLC2,right,20162,LPLC2,right,6
517819,LPLC2,left,112292,LPLC2,left,6
27471,LPLC2,right,31988,LPLC2,right,6
20329,LPLC2,left,521115,LPLC2,left,6
27566,LPLC2,right,20471,LPLC2,right,6
38542,LPLC2,right,34681,LPLC2,right,6
27566,LPLC2,right,30041,LPLC2,right,6
27624,LC4,left,27750,LC4,left,6
27624,LC4,left,37587,LC4,left,6
38542,LPLC2,right,26147,LPLC2,right,6
27624,LC4,left,514956,LC4,left,6
20329,LPLC2,left,31105,LPLC2,left,6
20329,LPLC2,left,28188,LPLC2,left,6
27716,LPLC2,left,25572,LPLC2,left,6
517819,LPLC2,left,531014,LPLC2,left,6
27716,LPLC2,left,28011,LPLC2,left,6
27716,LPLC2,left,32737,LPLC2,left,6
20329,LPLC2,left,24568,LPLC2,left,6
27716,LPLC2,left,134521,LPLC2,left,6
20329,LPLC2,left,22557,LPLC2,left,6
38065,LC4,right,31262,LC4,right,6
20329,LPLC2,left,18900,LPLC2,left,6
20329,LPLC2,left,14102,LPLC2,left,6
20329,LPLC2,left,11498,LPLC2,left,6
27796,LPLC2,left,22557,LPLC2,left,6
38065,LC4,right,20588,LC4,right,6
20334,LPLC2,right,21899,LPLC2,right,6
20334,LPLC2,right,23497,LPLC2,right,6
27023,LPLC2,left,25572,LPLC2,left,6
27399,LPLC2,left,520764,LPLC2,left,6
20471,LPLC2,right,19608,LPLC2,right,6
20471,LPLC2,right,19146,LPLC2,right,6
20471,LPLC2,right,19034,LPLC2,right,6
517819,LPLC2,left,21299,LPLC2,left,6
517819,LPLC2,left,22253,LPLC2,left,6
27023,LPLC2,left,31563,LPLC2,left,6
40811,LPLC2,left,18900,LPLC2,left,6
517819,LPLC2,left,23349,LPLC2,left,6
20440,LC4,left,27829,LC4,left,6
27355,LPLC2,left,32237,LPLC2,left,6
27355,LPLC2,left,32737,LPLC2,left,6
27355,LPLC2,left,33406,LPLC2,left,6
27355,LPLC2,left,112292,LPLC2,left,6
27355,LPLC2,left,520764,LPLC2,left,6
517819,LPLC2,left,25575,LPLC2,left,6
39620,LPLC2,right,34110,LPLC2,right,6
27399,LPLC2,left,19911,LPLC2,left,6
20399,LC4,right,21165,LC4,right,6
39620,LPLC2,right,31988,LPLC2,right,6
27399,LPLC2,left,24568,LPLC2,left,6
27399,LPLC2,left,25027,LPLC2,left,6
517819,LPLC2,left,27355,LPLC2,left,6
27399,LPLC2,left,25854,LPLC2,left,6
27399,LPLC2,left,26528,LPLC2,left,6
27399,LPLC2,left,27355,LPLC2,left,6
39620,LPLC2,right,29598,LPLC2,right,6
27399,LPLC2,left,34051,LPLC2,left,6
27399,LPLC2,left,40841,LPLC2,left,6
39620,LPLC2,right,29287,LPLC2,right,6
20588,LC4,right,19543,LC4,right,6
20588,LC4,right,20808,LC4,right,6
100485,LC4,left,512705,LC4,left,6
25027,LPLC2,left,23247,LPLC2,left,6
516909,LC4,left,526286,LC4,left,6
24800,LPLC2,right,33694,LPLC2,right,6
20917,LC4,right,16128,LC4,right,6
100103,LPLC2,left,22557,LPLC2,left,6
24840,LPLC2,left,17059,LPLC2,left,6
20859,LC4,left,519650,LC4,left,6
24840,LPLC2,left,19911,LPLC2,left,6
24840,LPLC2,left,22557,LPLC2,left,6
24840,LPLC2,left,29319,LPLC2,left,6
24840,LPLC2,left,32223,LPLC2,left,6
100103,LPLC2,left,13764,LPLC2,left,6
517078,LPLC2,left,13726,LPLC2,left,6
20859,LC4,left,31308,LC4,left,6
517078,LPLC2,left,14030,LPLC2,left,6
25027,LPLC2,left,25854,LPLC2,left,6
517079,LPLC2,left,33303,LPLC2,left,6
25027,LPLC2,left,27023,LPLC2,left,6
517078,LPLC2,left,17059,LPLC2,left,6
25027,LPLC2,left,27355,LPLC2,left,6
25027,LPLC2,left,27399,LPLC2,left,6
25027,LPLC2,left,27716,LPLC2,left,6
25027,LPLC2,left,30893,LPLC2,left,6
25027,LPLC2,left,30895,LPLC2,left,6
517078,LPLC2,left,18900,LPLC2,left,6
25027,LPLC2,left,111903,LPLC2,left,6
25027,LPLC2,left,514670,LPLC2,left,6
95241,LPLC2,left,34407,LPLC2,left,6
20808,LC4,right,20399,LC4,right,6
20808,LC4,right,20282,LC4,right,6
25136,LPLC2,left,24308,LPLC2,left,6
24800,LPLC2,right,26147,LPLC2,right,6
24800,LPLC2,right,25497,LPLC2,right,6
24800,LPLC2,right,20471,LPLC2,right,6
24800,LPLC2,right,19589,LPLC2,right,6
24401,LPLC2,right,31257,LPLC2,right,6
24401,LPLC2,right,31964,LPLC2,right,6
100485,LC4,left,81112,LC4,left,6
24523,LC4,left,17478,LC4,left,6
24523,LC4,left,519650,LC4,left,6
24568,LPLC2,left,13726,LPLC2,left,6
20976,LC4,left,520449,LC4,left,6
24568,LPLC2,left,17774,LPLC2,left,6
24568,LPLC2,left,17880,LPLC2,left,6
24568,LPLC2,left,20329,LPLC2,left,6
24568,LPLC2,left,22253,LPLC2,left,6
24568,LPLC2,left,23665,LPLC2,left,6
20976,LC4,left,24523,LC4,left,6
24568,LPLC2,left,26416,LPLC2,left,6
20976,LC4,left,17478,LC4,left,6
20976,LC4,left,12349,LC4,left,6
516909,LC4,left,20859,LC4,left,6
24568,LPLC2,left,30512,LPLC2,left,6
20967,LC4,left,518544,LC4,left,6
100485,LC4,left,17270,LC4,left,6
516909,LC4,left,21721,LC4,left,6
24568,LPLC2,left,95241,LPLC2,left,6
516909,LC4,left,23226,LC4,left,6
24568,LPLC2,left,518731,LPLC2,left,6
24568,LPLC2,left,533895,LPLC2,left,6
20967,LC4,left,14888,LC4,left,6
24605,LPLC2,left,22557,LPLC2,left,6
20917,LC4,right,24338,LC4,right,6
516909,LC4,left,517752,LC4,left,6
517078,LPLC2,left,23247,LPLC2,left,6
25136,LPLC2,left,25209,LPLC2,left,6
20808,LC4,right,16138,LC4,right,6
25267,LPLC2,right,35889,LPLC2,right,6
25316,LPLC2,right,10001,DNp01,right,6
77614,LC4,left,29469,LC4,left,6
517079,LPLC2,left,11498,LPLC2,left,6
517079,LPLC2,left,17775,LPLC2,left,6
77614,LC4,left,20967,LC4,left,6
77614,LC4,left,17340,LC4,left,6
25497,LPLC2,right,18672,LPLC2,right,6
25497,LPLC2,right,20047,LPLC2,right,6
25497,LPLC2,right,20269,LPLC2,right,6
25497,LPLC2,right,21808,LPLC2,right,6
25497,LPLC2,right,21862,LPLC2,right,6
25497,LPLC2,right,23590,LPLC2,right,6
25497,LPLC2,right,28003,LPLC2,right,6
55627,LPLC2,right,35889,LPLC2,right,6
20694,LPLC2,right,20535,LPLC2,right,6
55627,LPLC2,right,29598,LPLC2,right,6
25511,LPLC2,right,25636,LPLC2,right,6
25511,LPLC2,right,29873,LPLC2,right,6
25511,LPLC2,right,35632,LPLC2,right,6
25511,LPLC2,right,35889,LPLC2,right,6
25511,LPLC2,right,37613,LPLC2,right,6
25524,LPLC2,left,22253,LPLC2,left,6
25524,LPLC2,left,24840,LPLC2,left,6
20673,LC4,right,21313,LC4,right,6
25524,LPLC2,left,27355,LPLC2,left,6
25524,LPLC2,left,33303,LPLC2,left,6
517079,LPLC2,left,31563,LPLC2,left,6
55627,LPLC2,right,10584,DNp06,right,6
20588,LC4,right,21225,LC4,right,6
25286,LPLC2,left,10010,DNp01,left,6
81112,LC4,left,31308,LC4,left,6
25209,LPLC2,left,10228,DNp06,left,6
20749,LPLC2,right,20047,LPLC2,right,6
517078,LPLC2,left,23665,LPLC2,left,6
95241,LPLC2,left,22557,LPLC2,left,6
25209,LPLC2,left,33406,LPLC2,left,6
95241,LPLC2,left,20240,LPLC2,left,6
25209,LPLC2,left,517819,LPLC2,left,6
95241,LPLC2,left,18936,LPLC2,left,6
20799,LPLC2,left,23247,LPLC2,left,6
95241,LPLC2,left,17774,LPLC2,left,6
25253,LPLC2,right,21562,LPLC2,right,6
25253,LPLC2,right,22261,LPLC2,right,6
20799,LPLC2,left,20240,LPLC2,left,6
25253,LPLC2,right,29287,LPLC2,right,6
95241,LPLC2,left,15804,LPLC2,left,6
20799,LPLC2,left,14102,LPLC2,left,6
95241,LPLC2,left,14030,LPLC2,left,6
95241,LPLC2,left,13764,LPLC2,left,6
81112,LC4,left,533129,LC4,left,6
25267,LPLC2,right,20282,LC4,right,6
81112,LC4,left,518544,LC4,left,6
20749,LPLC2,right,27566,LPLC2,right,6
81112,LC4,left,514508,LC4,left,6
81112,LC4,left,107513,LC4,left,6
20749,LPLC2,right,22677,LPLC2,right,6
517078,LPLC2,left,517819,LPLC2,left,6
25267,LPLC2,right,25316,LPLC2,right,6
20749,LPLC2,right,21769,LPLC2,right,6
20749,LPLC2,right,21318,LPLC2,right,6
25267,LPLC2,right,31988,LPLC2,right,6
20749,LPLC2,right,20162,LPLC2,right,6
23550,LPLC2,left,34655,LPLC2,left,6
25497,LPLC2,right,19229,LPLC2,right,6
17987,LC4,right,21336,LC4,right,6
16628,LC4,right,20016,LC4,right,6
17059,LPLC2,left,514670,LPLC2,left,6
19034,LPLC2,right,21703,LPLC2,right,6
533895,LPLC2,left,13726,LPLC2,left,6
14102,LPLC2,left,17774,LPLC2,left,6
18432,LC4,left,10228,DNp06,left,6
533895,LPLC2,left,129687,LPLC2,left,6
520449,LC4,left,532254,LC4,left,6
521115,LPLC2,left,27355,LPLC2,left,6
18396,LC4,left,518439,LC4,left,6
525844,LPLC2,left,29753,LPLC2,left,6
17860,LC4,right,18189,LC4,right,6
17364,LC4,right,21225,LC4,right,6
18396,LC4,left,512705,LC4,left,6
535341,LC4,left,21721,LC4,left,6
18396,LC4,left,107513,LC4,left,6
17551,LPLC2,right,16128,LC4,right,6
12384,LPLC2,left,518731,LPLC2,left,6
19034,LPLC2,right,28003,LPLC2,right,6
525844,LPLC2,left,30893,LPLC2,left,6
17059,LPLC2,left,27399,LPLC2,left,6
17548,LC4,right,22034,LC4,right,6
13726,LPLC2,left,40841,LPLC2,left,6
15804,LPLC2,left,17880,LPLC2,left,6
526286,LC4,left,533129,LC4,left,6
19034,LPLC2,right,20749,LPLC2,right,6
17775,LPLC2,left,514670,LPLC2,left,6
17551,LPLC2,right,23878,LPLC2,right,6
19034,LPLC2,right,14465,LPLC2,right,6
535341,LC4,left,20572,LC4,left,6
14102,LPLC2,left,23247,LPLC2,left,6
17266,LC4,right,10584,DNp06,right,6
521115,LPLC2,left,23919,LPLC2,left,6
521115,LPLC2,left,24308,LPLC2,left,6
15804,LPLC2,left,20799,LPLC2,left,6
15804,LPLC2,left,20240,LPLC2,left,6
17059,LPLC2,left,533895,LPLC2,left,6
17551,LPLC2,right,22677,LPLC2,right,6
521115,LPLC2,left,24840,LPLC2,left,6
16628,LC4,right,17054,LC4,right,6
19034,LPLC2,right,20103,LPLC2,right,6
17364,LC4,right,17054,LC4,right,6
526286,LC4,left,535341,LC4,left,6
16628,LC4,right,17668,LC4,right,6
19034,LPLC2,right,20584,LPLC2,right,6
18432,LC4,left,31301,LC4,left,6
17775,LPLC2,left,95241,LPLC2,left,6
17551,LPLC2,right,20269,LPLC2,right,6
12384,LPLC2,left,100103,LPLC2,left,6
17548,LC4,right,21336,LC4,right,6
15018,LC4,left,18478,LC4,left,6
524366,LPLC2,left,29955,LPLC2,left,6
19146,LPLC2,right,20182,LPLC2,right,6
19146,LPLC2,right,20471,LPLC2,right,6
16809,LC4,left,32597,LC4,left,6
19146,LPLC2,right,20694,LPLC2,right,6
18127,LC4,right,21225,LC4,right,6
14465,LPLC2,right,30938,LPLC2,right,6
533895,LPLC2,left,34407,LPLC2,left,6
525844,LPLC2,left,134521,LPLC2,left,6
19146,LPLC2,right,21703,LPLC2,right,6
16809,LC4,left,81112,LC4,left,6
18127,LC4,right,19550,LC4,right,6
18396,LC4,left,16809,LC4,left,6
531014,LPLC2,left,17059,LPLC2,left,6
18127,LC4,right,18189,LC4,right,6
13726,LPLC2,left,13764,LPLC2,left,6
17478,LC4,left,17270,LC4,left,6
17054,LC4,right,21287,LC4,right,6
525844,LPLC2,left,517079,LPLC2,left,6
17880,LPLC2,left,112292,LPLC2,left,6
16917,LC4,left,10228,DNp06,left,6
524366,LPLC2,left,27750,LC4,left,6
14030,LPLC2,left,14888,LC4,left,6
16809,LC4,left,29417,LC4,left,6
533895,LPLC2,left,23550,LPLC2,left,6
19146,LPLC2,right,20103,LPLC2,right,6
526286,LC4,left,81112,LC4,left,6
17548,LC4,right,21151,LC4,right,6
17548,LC4,right,20917,LC4,right,6
14030,LPLC2,left,515900,LC4,left,6
17059,LPLC2,left,23247,LPLC2,left,6
13764,LPLC2,left,511914,LC4,left,6
17059,LPLC2,left,20967,LC4,left,6
526286,LC4,left,518016,LC4,left,6
17548,LC4,right,16128,LC4,right,6
17548,LC4,right,10584,DNp06,right,6
18189,LC4,right,19550,LC4,right,6
13764,LPLC2,left,515971,LPLC2,left,6
14030,LPLC2,left,100103,LPLC2,left,6
17059,LPLC2,left,18900,LPLC2,left,6
17880,LPLC2,left,23349,LPLC2,left,6
18189,LC4,right,17987,LC4,right,6
17880,LPLC2,left,24605,LPLC2,left,6
19146,LPLC2,right,19842,LPLC2,right,6
17059,LPLC2,left,14102,LPLC2,left,6
17059,LPLC2,left,12384,LPLC2,left,6
18189,LC4,right,17054,LC4,right,6
18189,LC4,right,16628,LC4,right,6
16138,LC4,right,38065,LC4,right,6
533895,LPLC2,left,517079,LPLC2,left,6
17775,LPLC2,left,27796,LPLC2,left,6
18900,LPLC2,left,17059,LPLC2,left,6
15804,LPLC2,left,112292,LPLC2,left,6
524899,LC4,left,518016,LC4,left,6
14465,LPLC2,right,10584,DNp06,right,6
18900,LPLC2,left,22253,LPLC2,left,6
12824,LC4,left,516909,LC4,left,6
18900,LPLC2,left,20859,LC4,left,6
16128,LC4,right,21165,LC4,right,6
17653,LC4,left,18432,LC4,left,6
18900,LPLC2,left,17774,LPLC2,left,6
12032,LC4,left,10228,DNp06,left,6
13764,LPLC2,left,25286,LPLC2,left,6
17775,LPLC2,left,27716,LPLC2,left,6
18900,LPLC2,left,13132,LPLC2,left,6
11498,LPLC2,left,24605,LPLC2,left,6
17774,LPLC2,left,20329,LPLC2,left,6
18900,LPLC2,left,11498,LPLC2,left,6
17774,LPLC2,left,21299,LPLC2,left,6
17774,LPLC2,left,23247,LPLC2,left,6
17774,LPLC2,left,24568,LPLC2,left,6
524899,LC4,left,100485,LC4,left,6
14465,LPLC2,right,20182,LPLC2,right,6
16128,LC4,right,22194,LC4,right,6
13132,LPLC2,left,18936,LPLC2,left,6
17653,LC4,left,21721,LC4,left,6
532254,LC4,left,20976,LC4,left,6
16128,LC4,right,20399,LC4,right,6
11498,LPLC2,left,95241,LPLC2,left,6
18929,LPLC2,right,19249,LPLC2,right,6
17668,LC4,right,16128,LC4,right,6
15804,LPLC2,left,533895,LPLC2,left,6
17340,LC4,left,17478,LC4,left,6
520764,LPLC2,left,30512,LPLC2,left,6
13132,LPLC2,left,12384,LPLC2,left,6
14102,LPLC2,left,531014,LPLC2,left,6
17668,LC4,right,20673,LC4,right,6
18900,LPLC2,left,517079,LPLC2,left,6
18900,LPLC2,left,100103,LPLC2,left,6
11498,LPLC2,left,514670,LPLC2,left,6
12824,LC4,left,526286,LC4,left,6
15804,LPLC2,left,517819,LPLC2,left,6
533129,LC4,left,518544,LC4,left,6
17653,LC4,left,77614,LC4,left,6
17270,LC4,left,100485,LC4,left,6
16128,LC4,right,19550,LC4,right,6
14102,LPLC2,left,111903,LPLC2,left,6
17774,LPLC2,left,13726,LPLC2,left,6
533129,LC4,left,516909,LC4,left,6
13764,LPLC2,left,10010,DNp01,left,6
14102,LPLC2,left,28188,LPLC2,left,6
536444,LPLC2,left,23349,LPLC2,left,6
18478,LC4,left,535341,LC4,left,6
18936,LPLC2,left,25572,LPLC2,left,6
18478,LC4,left,518544,LC4,left,6
530029,LC4,left,16917,LC4,left,6
17266,LC4,right,21313,LC4,right,6
18936,LPLC2,left,25854,LPLC2,left,6
527408,LC4,right,10584,DNp06,right,6
533129,LC4,left,31429,LC4,left,6
532254,LC4,left,12032,LC4,left,6
18478,LC4,left,81112,LC4,left,6
531014,LPLC2,left,533895,LPLC2,left,6
17775,LPLC2,left,23247,LPLC2,left,6
12032,LC4,left,100485,LC4,left,6
533895,LPLC2,left,521115,LPLC2,left,6
11498,LPLC2,left,14102,LPLC2,left,6
18478,LC4,left,20572,LC4,left,6
17775,LPLC2,left,26528,LPLC2,left,6
17775,LPLC2,left,27399,LPLC2,left,6
533895,LPLC2,left,518731,LPLC2,left,6
530029,LC4,left,27624,LC4,left,6
18936,LPLC2,left,517819,LPLC2,left,6
17551,LPLC2,right,25511,LPLC2,right,6
524899,LC4,left,20976,LC4,left,6
17266,LC4,right,22034,LC4,right,6
14465,LPLC2,right,20749,LPLC2,right,6
18672,LPLC2,right,17364,LC4,right,6
13726,LPLC2,left,531014,LPLC2,left,6
17608,LC4,left,29514,LC4,left,6
17340,LC4,left,111787,LC4,left,6
11498,LPLC2,left,18936,LPLC2,left,6
17270,LC4,left,12349,LC4,left,6
533129,LC4,left,81112,LC4,left,6
527408,LC4,right,16138,LC4,right,6
17270,LC4,left,10010,DNp01,left,6
13764,LPLC2,left,27829,LC4,left,6
524899,LC4,left,22922,LC4,left,6
525844,LPLC2,left,25286,LPLC2,left,6
17608,LC4,left,15018,LC4,left,6
16138,LC4,right,18127,LC4,right,6
17266,LC4,right,29563,LC4,right,6
18672,LPLC2,right,19549,LPLC2,right,6
17775,LPLC2,left,20240,LPLC2,left,6
11498,LPLC2,left,17775,LPLC2,left,6
18936,LPLC2,left,23247,LPLC2,left,6
18936,LPLC2,left,23349,LPLC2,left,6
14465,LPLC2,right,21769,LPLC2,right,6
18936,LPLC2,left,24308,LPLC2,left,6
533129,LC4,left,23202,LC4,left,6
17668,LC4,right,17364,LC4,right,6
524366,LPLC2,left,25136,LPLC2,left,6
533895,LPLC2,left,22557,LPLC2,left,6
19229,LPLC2,right,19034,LPLC2,right,6
19229,LPLC2,right,18929,LPLC2,right,6
531014,LPLC2,left,20240,LPLC2,left,6
17990,LPLC2,left,24568,LPLC2,left,6
17926,LC4,right,20542,LC4,right,6
14888,LC4,left,35616,LC4,left,6
520449,LC4,left,23226,LC4,left,6
525844,LPLC2,left,536444,LPLC2,left,6
17054,LC4,right,18127,LC4,right,6
533895,LPLC2,left,20240,LPLC2,left,6
17880,LPLC2,left,526286,LC4,left,6
536444,LPLC2,left,531014,LPLC2,left,6
526286,LC4,left,10228,DNp06,left,6
524366,LPLC2,left,25209,LPLC2,left,6
13726,LPLC2,left,27796,LPLC2,left,6
17990,LPLC2,left,24840,LPLC2,left,6
19146,LPLC2,right,25253,LPLC2,right,6
17478,LC4,left,17340,LC4,left,6
19229,LPLC2,right,20334,LPLC2,right,6
17987,LC4,right,17054,LC4,right,6
17990,LPLC2,left,23349,LPLC2,left,6
533129,LC4,left,20967,LC4,left,6
17478,LC4,left,517752,LC4,left,6
17926,LC4,right,17266,LC4,right,6
13726,LPLC2,left,23349,LPLC2,left,6
16917,LC4,left,518016,LC4,left,6
17926,LC4,right,17054,LC4,right,6
17926,LC4,right,17668,LC4,right,6
17987,LC4,right,10584,DNp06,right,6
525844,LPLC2,left,520764,LPLC2,left,6
17990,LPLC2,left,29815,LPLC2,left,6
16917,LC4,left,29469,LC4,left,6
12384,LPLC2,left,19787,LPLC2,left,6
17990,LPLC2,left,22253,LPLC2,left,6
17054,LC4,right,19260,LC4,right,6
19146,LPLC2,right,39620,LPLC2,right,6
15018,LC4,left,16917,LC4,left,6
17478,LC4,left,519931,LC4,left,6
16917,LC4,left,37587,LC4,left,6
13726,LPLC2,left,18900,LPLC2,left,6
12384,LPLC2,left,19830,LPLC2,left,6
19146,LPLC2,right,29014,LPLC2,right,6
17987,LC4,right,19954,LC4,right,6
533895,LPLC2,left,22253,LPLC2,left,6
17990,LPLC2,left,17775,LPLC2,left,6
17987,LC4,right,21287,LC4,right,6
17990,LPLC2,left,27716,LPLC2,left,6
17990,LPLC2,left,27399,LPLC2,left,6
524366,LPLC2,left,19787,LPLC2,left,6
531014,LPLC2,left,20799,LPLC2,left,6
14888,LC4,left,518983,LC4,left,6
14030,LPLC2,left,20240,LPLC2,left,6
17775,LPLC2,left,17059,LPLC2,left,5
95241,LPLC2,left,25854,LPLC2,left,5
20282,LC4,right,38065,LC4,right,5
24308,LPLC2,left,19830,LPLC2,left,5
21862,LPLC2,right,21808,LPLC2,right,5
29216,LPLC2,right,26147,LPLC2,right,5
514670,LPLC2,left,21299,LPLC2,left,5
12384,LPLC2,left,18936,LPLC2,left,5
32237,LPLC2,left,33406,LPLC2,left,5
111787,LC4,left,17340,LC4,left,5
25136,LPLC2,left,32223,LPLC2,left,5
18672,LPLC2,right,20749,LPLC2,right,5
527408,LC4,right,30480,LC4,right,5
17775,LPLC2,left,14102,LPLC2,left,5
25575,LPLC2,left,112292,LPLC2,left,5
32237,LPLC2,left,19911,LPLC2,left,5
18672,LPLC2,right,21703,LPLC2,right,5
111787,LC4,left,17608,LC4,left,5
35294,LPLC2,left,530029,LC4,left,5
21808,LPLC2,right,20162,LPLC2,right,5
18672,LPLC2,right,20584,LPLC2,right,5
34407,LPLC2,left,25027,LPLC2,left,5
32237,LPLC2,left,35294,LPLC2,left,5
17775,LPLC2,left,19787,LPLC2,left,5
18672,LPLC2,right,19608,LPLC2,right,5
515971,LPLC2,left,134521,LPLC2,left,5
24268,LPLC2,right,24118,LPLC2,right,5
532254,LC4,left,16917,LC4,left,5
536444,LPLC2,left,23919,LPLC2,left,5
17775,LPLC2,left,18936,LPLC2,left,5
35294,LPLC2,left,32223,LPLC2,left,5
32223,LPLC2,left,536444,LPLC2,left,5
20329,LPLC2,left,20240,LPLC2,left,5
21808,LPLC2,right,18929,LPLC2,right,5
25572,LPLC2,left,515971,LPLC2,left,5
20329,LPLC2,left,17775,LPLC2,left,5
25572,LPLC2,left,518731,LPLC2,left,5
12032,LC4,left,28980,LC4,left,5
18672,LPLC2,right,20182,LPLC2,right,5
18672,LPLC2,right,20334,LPLC2,right,5
50287,LPLC2,right,21899,LPLC2,right,5
17775,LPLC2,left,17990,LPLC2,left,5
25572,LPLC2,left,531014,LPLC2,left,5
24308,LPLC2,left,17775,LPLC2,left,5
20282,LC4,right,23792,LC4,right,5
24268,LPLC2,right,26730,LPLC2,right,5
17775,LPLC2,left,13764,LPLC2,left,5
24308,LPLC2,left,17059,LPLC2,left,5
21045,LPLC2,right,20047,LPLC2,right,5
18672,LPLC2,right,23878,LPLC2,right,5
13764,LPLC2,left,27716,LPLC2,left,5
28003,LPLC2,right,21313,LC4,right,5
20269,LPLC2,right,33185,LPLC2,right,5
25575,LPLC2,left,27796,LPLC2,left,5
514670,LPLC2,left,17990,LPLC2,left,5
24268,LPLC2,right,35632,LPLC2,right,5
518016,LC4,left,20976,LC4,left,5
20282,LC4,right,10584,DNp06,right,5
21808,LPLC2,right,28003,LPLC2,right,5
25575,LPLC2,left,25854,LPLC2,left,5
518016,LC4,left,22922,LC4,left,5
34407,LPLC2,left,22557,LPLC2,left,5
25575,LPLC2,left,27399,LPLC2,left,5
17774,LPLC2,left,518731,LPLC2,left,5
16917,LC4,left,532254,LC4,left,5
24268,LPLC2,right,33694,LPLC2,right,5
24268,LPLC2,right,33396,LPLC2,right,5
518016,LC4,left,23226,LC4,left,5
24268,LPLC2,right,33439,LPLC2,right,5
31257,LPLC2,right,25253,LPLC2,right,5
32237,LPLC2,left,27796,LPLC2,left,5
28003,LPLC2,right,20162,LPLC2,right,5
30087,LC4,left,27750,LC4,left,5
21862,LPLC2,right,20535,LPLC2,right,5
20269,LPLC2,right,35889,LPLC2,right,5
20282,LC4,right,22328,LC4,right,5
35889,LPLC2,right,37925,LPLC2,right,5
25027,LPLC2,left,26416,LPLC2,left,5
24308,LPLC2,left,13132,LPLC2,left,5
18672,LPLC2,right,25497,LPLC2,right,5
21808,LPLC2,right,23497,LPLC2,right,5
32237,LPLC2,left,30512,LPLC2,left,5
514670,LPLC2,left,13132,LPLC2,left,5
14102,LPLC2,left,25575,LPLC2,left,5
34681,LPLC2,right,21045,LPLC2,right,5
28003,LPLC2,right,21769,LPLC2,right,5
21045,LPLC2,right,20103,LPLC2,right,5
24268,LPLC2,right,39620,LPLC2,right,5
30087,LC4,left,31429,LC4,left,5
28003,LPLC2,right,20103,LPLC2,right,5
527408,LC4,right,31262,LC4,right,5
21808,LPLC2,right,50287,LPLC2,right,5
20282,LC4,right,20016,LC4,right,5
12032,LC4,left,24523,LC4,left,5
25572,LPLC2,left,27355,LPLC2,left,5
21045,LPLC2,right,20749,LPLC2,right,5
25524,LPLC2,left,514670,LPLC2,left,5
16917,LC4,left,32597,LC4,left,5
17775,LPLC2,left,23550,LPLC2,left,5
517819,LPLC2,left,33303,LPLC2,left,5
25524,LPLC2,left,32737,LPLC2,left,5
25524,LPLC2,left,34655,LPLC2,left,5
21769,LPLC2,right,20917,LC4,right,5
517078,LPLC2,left,14102,LPLC2,left,5
521115,LPLC2,left,20329,LPLC2,left,5
31257,LPLC2,right,32507,LPLC2,right,5
17775,LPLC2,left,22772,LC4,left,5
20334,LPLC2,right,23590,LPLC2,right,5
25524,LPLC2,left,134521,LPLC2,left,5
20334,LPLC2,right,22677,LPLC2,right,5
20329,LPLC2,left,24308,LPLC2,left,5
30207,LPLC2,right,28741,LPLC2,right,5
28011,LPLC2,left,10228,DNp06,left,5
24308,LPLC2,left,525844,LPLC2,left,5
34407,LPLC2,left,31105,LPLC2,left,5
20334,LPLC2,right,21808,LPLC2,right,5
18478,LC4,left,511914,LC4,left,5
20334,LPLC2,right,21562,LPLC2,right,5
532254,LC4,left,10228,DNp06,left,5
50287,LPLC2,right,39620,LPLC2,right,5
24308,LPLC2,left,521115,LPLC2,left,5
21769,LPLC2,right,25267,LPLC2,right,5
34407,LPLC2,left,30893,LPLC2,left,5
25524,LPLC2,left,31563,LPLC2,left,5
31988,LPLC2,right,50287,LPLC2,right,5
31988,LPLC2,right,39620,LPLC2,right,5
521115,LPLC2,left,20799,LPLC2,left,5
20399,LC4,right,21225,LC4,right,5
28011,LPLC2,left,29702,LPLC2,left,5
18478,LC4,left,20976,LC4,left,5
18478,LC4,left,21721,LC4,left,5
521115,LPLC2,left,22253,LPLC2,left,5
29183,LPLC2,right,26915,LPLC2,right,5
20399,LC4,right,20588,LC4,right,5
21721,LC4,left,515900,LC4,left,5
25524,LPLC2,left,20976,LC4,left,5
517819,LPLC2,left,27716,LPLC2,left,5
30207,LPLC2,right,37925,LPLC2,right,5
30207,LPLC2,right,37613,LPLC2,right,5
17775,LPLC2,left,25575,LPLC2,left,5
21721,LC4,left,524899,LC4,left,5
24338,LC4,right,21336,LC4,right,5
12032,LC4,left,512705,LC4,left,5
20859,LC4,left,24523,LC4,left,5
34407,LPLC2,left,33303,LPLC2,left,5
20399,LC4,right,17548,LC4,right,5
21769,LPLC2,right,17551,LPLC2,right,5
514670,LPLC2,left,33406,LPLC2,left,5
25524,LPLC2,left,25854,LPLC2,left,5
28011,LPLC2,left,23919,LPLC2,left,5
16138,LC4,right,21287,LC4,right,5
17775,LPLC2,left,24568,LPLC2,left,5
20334,LPLC2,right,20269,LPLC2,right,5
24308,LPLC2,left,517819,LPLC2,left,5
37431,LPLC2,right,20334,LPLC2,right,5
17054,LC4,right,17548,LC4,right,5
20329,LPLC2,left,34407,LPLC2,left,5
25572,LPLC2,left,25136,LPLC2,left,5
14030,LPLC2,left,22253,LPLC2,left,5
21804,LC4,right,18189,LC4,right,5
20329,LPLC2,left,33303,LPLC2,left,5
34407,LPLC2,left,27399,LPLC2,left,5
24308,LPLC2,left,29702,LPLC2,left,5
28871,LPLC2,right,27471,LPLC2,right,5
31257,LPLC2,right,29216,LPLC2,right,5
30207,LPLC2,right,21045,LPLC2,right,5
17926,LC4,right,25584,LC4,right,5
32223,LPLC2,left,34051,LPLC2,left,5
21804,LC4,right,19954,LC4,right,5
17270,LC4,left,20440,LC4,left,5
14102,LPLC2,left,25286,LPLC2,left,5
20329,LPLC2,left,26528,LPLC2,left,5
28003,LPLC2,right,28741,LPLC2,right,5
32223,LPLC2,left,111903,LPLC2,left,5
18672,LPLC2,right,19249,LPLC2,right,5
535341,LC4,left,515900,LC4,left,5
17775,LPLC2,left,20329,LPLC2,left,5
532254,LC4,left,14888,LC4,left,5
32223,LPLC2,left,129687,LPLC2,left,5
31257,LPLC2,right,28741,LPLC2,right,5
20917,LC4,right,16628,LC4,right,5
514670,LPLC2,left,24605,LPLC2,left,5
517819,LPLC2,left,517079,LPLC2,left,5
20334,LPLC2,right,20047,LPLC2,right,5
20329,LPLC2,left,100103,LPLC2,left,5
29183,LPLC2,right,37613,LPLC2,right,5
524366,LPLC2,left,25027,LPLC2,left,5
24308,LPLC2,left,112292,LPLC2,left,5
21769,LPLC2,right,26730,LPLC2,right,5
20334,LPLC2,right,19589,LPLC2,right,5
20334,LPLC2,right,19249,LPLC2,right,5
20334,LPLC2,right,19229,LPLC2,right,5
21045,LPLC2,right,24800,LPLC2,right,5
50287,LPLC2,right,37925,LPLC2,right,5
20859,LC4,left,516909,LC4,left,5
50287,LPLC2,right,35838,LPLC2,right,5
28003,LPLC2,right,33694,LPLC2,right,5
24308,LPLC2,left,33303,LPLC2,left,5
514670,LPLC2,left,25854,LPLC2,left,5
21769,LPLC2,right,31964,LPLC2,right,5
34407,LPLC2,left,28188,LPLC2,left,5
25572,LPLC2,left,22253,LPLC2,left,5
21045,LPLC2,right,24187,LPLC2,right,5
18478,LC4,left,526286,LC4,left,5
25572,LPLC2,left,23349,LPLC2,left,5
20329,LPLC2,left,518731,LPLC2,left,5
17926,LC4,right,22194,LC4,right,5
35294,LPLC2,left,30512,LPLC2,left,5
16138,LC4,right,19420,LC4,right,5
17266,LC4,right,22847,LC4,right,5
21862,LPLC2,right,24187,LPLC2,right,5
20799,LPLC2,left,18900,LPLC2,left,5
12824,LC4,left,33137,LC4,left,5
22194,LC4,right,16128,LC4,right,5
20162,LPLC2,right,26393,LPLC2,right,5
29287,LPLC2,right,26730,LPLC2,right,5
35889,LPLC2,right,30041,LPLC2,right,5
20967,LC4,left,31301,LC4,left,5
17270,LC4,left,512705,LC4,left,5
20162,LPLC2,right,25253,LPLC2,right,5
12824,LC4,left,524899,LC4,left,5
27796,LPLC2,left,35294,LPLC2,left,5
25854,LPLC2,left,22557,LPLC2,left,5
27796,LPLC2,left,34655,LPLC2,left,5
28871,LPLC2,right,23497,LPLC2,right,5
518439,LC4,left,518730,LC4,left,5
25854,LPLC2,left,23919,LPLC2,left,5
20967,LC4,left,100485,LC4,left,5
22218,LPLC2,right,18672,LPLC2,right,5
24118,LPLC2,right,25511,LPLC2,right,5
37587,LC4,left,530029,LC4,left,5
22218,LPLC2,right,19954,LC4,right,5
22218,LPLC2,right,20162,LPLC2,right,5
32597,LC4,left,518544,LC4,left,5
22218,LPLC2,right,20182,LPLC2,right,5
17270,LC4,left,515900,LC4,left,5
22218,LPLC2,right,20334,LPLC2,right,5
25027,LPLC2,left,40811,LPLC2,left,5
25854,LPLC2,left,27355,LPLC2,left,5
17270,LC4,left,518016,LC4,left,5
25854,LPLC2,left,27399,LPLC2,left,5
18900,LPLC2,left,31105,LPLC2,left,5
20162,LPLC2,right,27566,LPLC2,right,5
20162,LPLC2,right,28003,LPLC2,right,5
20967,LC4,left,28980,LC4,left,5
17774,LPLC2,left,10228,DNp06,left,5
20182,LPLC2,right,18672,LPLC2,right,5
25636,LPLC2,right,35632,LPLC2,right,5
32597,LC4,left,18396,LC4,left,5
16128,LC4,right,19794,LC4,right,5
111903,LPLC2,left,12384,LPLC2,left,5
24118,LPLC2,right,35632,LPLC2,right,5
28871,LPLC2,right,20182,LPLC2,right,5
24118,LPLC2,right,34372,LPLC2,right,5
24118,LPLC2,right,33439,LPLC2,right,5
41097,LPLC2,left,33303,LPLC2,left,5
24118,LPLC2,right,33396,LPLC2,right,5
41097,LPLC2,left,32237,LPLC2,left,5
32597,LC4,left,35262,LC4,left,5
25854,LPLC2,left,13764,LPLC2,left,5
41097,LPLC2,left,32223,LPLC2,left,5
27796,LPLC2,left,112292,LPLC2,left,5
24118,LPLC2,right,29183,LPLC2,right,5
24118,LPLC2,right,28741,LPLC2,right,5
24118,LPLC2,right,27566,LPLC2,right,5
32597,LC4,left,31429,LC4,left,5
20162,LPLC2,right,29287,LPLC2,right,5
32597,LC4,left,33137,LC4,left,5
22194,LC4,right,23792,LC4,right,5
25854,LPLC2,left,19787,LPLC2,left,5
29986,LPLC2,right,25511,LPLC2,right,5
25854,LPLC2,left,27716,LPLC2,left,5
29287,LPLC2,right,28741,LPLC2,right,5
25854,LPLC2,left,29753,LPLC2,left,5
24118,LPLC2,right,10584,DNp06,right,5
512705,LC4,left,24523,LC4,left,5
17270,LC4,left,533129,LC4,left,5
22218,LPLC2,right,34110,LPLC2,right,5
24118,LPLC2,right,19034,LPLC2,right,5
20967,LC4,left,520449,LC4,left,5
20103,LPLC2,right,25253,LPLC2,right,5
20103,LPLC2,right,24800,LPLC2,right,5
29287,LPLC2,right,35632,LPLC2,right,5
22218,LPLC2,right,35889,LPLC2,right,5
26112,LC4,right,10584,DNp06,right,5
20103,LPLC2,right,23590,LPLC2,right,5
32737,LPLC2,left,23349,LPLC2,left,5
35632,LPLC2,right,20535,LPLC2,right,5
22218,LPLC2,right,31257,LPLC2,right,5
20967,LC4,left,524899,LC4,left,5
18929,LPLC2,right,19229,LPLC2,right,5
37613,LPLC2,right,10001,DNp01,right,5
11498,LPLC2,left,111903,LPLC2,left,5
26112,LC4,right,17266,LC4,right,5
32737,LPLC2,left,24308,LPLC2,left,5
536444,LPLC2,left,25575,LPLC2,left,5
20103,LPLC2,right,21045,LPLC2,right,5
23929,LC4,right,38065,LC4,right,5
27796,LPLC2,left,25854,LPLC2,left,5
23929,LC4,right,30803,LC4,right,5
41097,LPLC2,left,26528,LPLC2,left,5
41097,LPLC2,left,28188,LPLC2,left,5
32737,LPLC2,left,20329,LPLC2,left,5
35889,LPLC2,right,29287,LPLC2,right,5
18929,LPLC2,right,10001,DNp01,right,5
22218,LPLC2,right,21703,LPLC2,right,5
29287,LPLC2,right,29183,LPLC2,right,5
520764,LPLC2,left,31563,LPLC2,left,5
32737,LPLC2,left,10228,DNp06,left,5
20967,LC4,left,516909,LC4,left,5
22218,LPLC2,right,21808,LPLC2,right,5
20162,LPLC2,right,19034,LPLC2,right,5
20162,LPLC2,right,19034,LPLC2,right,5
532254,LC4,left,27829,LC4,left,5
516909,LC4,left,17653,LC4,left,5
20162,LPLC2,right,14465,LPLC2,right,5
22218,LPLC2,right,23590,LPLC2,right,5
20976,LC4,left,20572,LC4,left,5
22218,LPLC2,right,30207,LPLC2,right,5
22218,LPLC2,right,24268,LPLC2,right,5
25854,LPLC2,left,33965,LPLC2,left,5
22218,LPLC2,right,25253,LPLC2,right,5
32737,LPLC2,left,17775,LPLC2,left,5
17270,LC4,left,519650,LC4,left,5
22218,LPLC2,right,26915,LPLC2,right,5
29986,LPLC2,right,19842,LPLC2,right,5
29287,LPLC2,right,31257,LPLC2,right,5
13764,LPLC2,left,21361,LPLC2,left,5
22218,LPLC2,right,29598,LPLC2,right,5
25027,LPLC2,left,129687,LPLC2,left,5
22218,LPLC2,right,29986,LPLC2,right,5
13764,LPLC2,left,24605,LPLC2,left,5
32597,LC4,left,16809,LC4,left,5
533895,LPLC2,left,25575,LPLC2,left,5
22034,LC4,right,38065,LC4,right,5
27829,LC4,left,518016,LC4,left,5
29216,LPLC2,right,30938,LPLC2,right,5
24187,LPLC2,right,55627,LPLC2,right,5
514508,LC4,left,512366,LC4,left,5
524899,LC4,left,514508,LC4,left,5
24187,LPLC2,right,37925,LPLC2,right,5
35616,LC4,left,18478,LC4,left,5
29216,LPLC2,right,32507,LPLC2,right,5
514508,LC4,left,511914,LC4,left,5
21899,LPLC2,right,19608,LPLC2,right,5
21899,LPLC2,right,20047,LPLC2,right,5
24187,LPLC2,right,35632,LPLC2,right,5
21045,LPLC2,right,19229,LPLC2,right,5
514508,LC4,left,100485,LC4,left,5
18672,LPLC2,right,35889,LPLC2,right,5
21899,LPLC2,right,20535,LPLC2,right,5
21899,LPLC2,right,21225,LC4,right,5
27829,LC4,left,111787,LC4,left,5
32507,LPLC2,right,24800,LPLC2,right,5
18900,LPLC2,left,10228,DNp06,left,5
37613,LPLC2,right,19549,LPLC2,right,5
37925,LPLC2,right,33396,LPLC2,right,5
37925,LPLC2,right,33439,LPLC2,right,5
16917,LC4,left,35262,LC4,left,5
25136,LPLC2,left,25027,LPLC2,left,5
34681,LPLC2,right,22218,LPLC2,right,5
20240,LPLC2,left,18900,LPLC2,left,5
518016,LC4,left,524899,LC4,left,5
20240,LPLC2,left,31563,LPLC2,left,5
30041,LPLC2,right,31257,LPLC2,right,5
515971,LPLC2,left,517819,LPLC2,left,5
12824,LC4,left,35262,LC4,left,5
21862,LPLC2,right,26147,LPLC2,right,5
35616,LC4,left,12349,LC4,left,5
21045,LPLC2,right,19608,LPLC2,right,5
20269,LPLC2,right,19229,LPLC2,right,5
29216,LPLC2,right,27566,LPLC2,right,5
12824,LC4,left,35616,LC4,left,5
29216,LPLC2,right,28871,LPLC2,right,5
32237,LPLC2,left,525844,LPLC2,left,5
31988,LPLC2,right,31964,LPLC2,right,5
25584,LC4,right,17548,LC4,right,5
17270,LC4,left,20967,LC4,left,5
20917,LC4,right,21336,LC4,right,5
514508,LC4,left,512705,LC4,left,5
18672,LPLC2,right,29014,LPLC2,right,5
514508,LC4,left,518439,LC4,left,5
111787,LC4,left,100485,LC4,left,5
35889,LPLC2,right,35838,LPLC2,right,5
32507,LPLC2,right,19034,LPLC2,right,5
20240,LPLC2,left,134521,LPLC2,left,5
514508,LC4,left,518016,LC4,left,5
32507,LPLC2,right,19229,LPLC2,right,5
24268,LPLC2,right,19608,LPLC2,right,5
25584,LC4,right,20282,LC4,right,5
20240,LPLC2,left,41097,LPLC2,left,5
35616,LC4,left,14888,LC4,left,5
17990,LPLC2,left,14102,LPLC2,left,5
18900,LPLC2,left,14030,LPLC2,left,5
20240,LPLC2,left,15804,LPLC2,left,5
20182,LPLC2,right,22677,LPLC2,right,5
22034,LC4,right,17548,LC4,right,5
28871,LPLC2,right,19608,LPLC2,right,5
95241,LPLC2,left,30512,LPLC2,left,5
20967,LC4,left,20859,LC4,left,5
24187,LPLC2,right,21045,LPLC2,right,5
29287,LPLC2,right,21165,LC4,right,5
22034,LC4,right,19543,LC4,right,5
32507,LPLC2,right,33185,LPLC2,right,5
20967,LC4,left,20976,LC4,left,5
35889,LPLC2,right,31988,LPLC2,right,5
25636,LPLC2,right,26730,LPLC2,right,5
29287,LPLC2,right,21808,LPLC2,right,5
37925,LPLC2,right,37613,LPLC2,right,5
12384,LPLC2,left,18900,LPLC2,left,5
20182,LPLC2,right,22261,LPLC2,right,5
22034,LC4,right,20588,LC4,right,5
27829,LC4,left,17653,LC4,left,5
22034,LC4,right,21313,LC4,right,5
18900,LPLC2,left,25286,LPLC2,left,5
20182,LPLC2,right,20749,LPLC2,right,5
27829,LC4,left,17270,LC4,left,5
17774,LPLC2,left,15804,LPLC2,left,5
27796,LPLC2,left,533895,LPLC2,left,5
518439,LC4,left,31301,LC4,left,5
24118,LPLC2,right,38542,LPLC2,right,5
22034,LC4,right,31262,LC4,right,5
22034,LC4,right,16128,LC4,right,5
29287,LPLC2,right,20471,LPLC2,right,5
16128,LC4,right,21287,LC4,right,5
532254,LC4,left,20859,LC4,left,5
17990,LPLC2,left,14030,LPLC2,left,5
17987,LC4,right,19420,LC4,right,5
25636,LPLC2,right,17551,LPLC2,right,5
25636,LPLC2,right,19034,LPLC2,right,5
18900,LPLC2,left,20329,LPLC2,left,5
24187,LPLC2,right,29287,LPLC2,right,5
20182,LPLC2,right,35889,LPLC2,right,5
21899,LPLC2,right,25316,LPLC2,right,5
17990,LPLC2,left,13764,LPLC2,left,5
30041,LPLC2,right,22218,LPLC2,right,5
30041,LPLC2,right,22194,LC4,right,5
24187,LPLC2,right,28044,LPLC2,right,5
34372,LPLC2,right,35680,LPLC2,right,5
29287,LPLC2,right,20269,LPLC2,right,5
25027,LPLC2,left,29702,LPLC2,left,5
20182,LPLC2,right,29391,LPLC2,right,5
20182,LPLC2,right,29287,LPLC2,right,5
516909,LC4,left,31308,LC4,left,5
14102,LPLC2,left,31563,LPLC2,left,5
18900,LPLC2,left,22557,LPLC2,left,5
21899,LPLC2,right,33185,LPLC2,right,5
20182,LPLC2,right,28741,LPLC2,right,5
24187,LPLC2,right,24401,LPLC2,right,5
31257,LPLC2,right,20588,LC4,right,5
20182,LPLC2,right,27566,LPLC2,right,5
41097,LPLC2,left,520764,LPLC2,left,5
21862,LPLC2,right,29873,LPLC2,right,5
95241,LPLC2,left,24568,LPLC2,left,5
21721,LC4,left,35616,LC4,left,5
17059,LPLC2,left,24605,LPLC2,left,5
20588,LC4,right,22975,LC4,right,5
21318,LPLC2,right,18929,LPLC2,right,5
20799,LPLC2,left,29702,LPLC2,left,5
24840,LPLC2,left,29753,LPLC2,left,5
21318,LPLC2,right,19229,LPLC2,right,5
30895,LPLC2,left,17608,LC4,left,5
24605,LPLC2,left,18936,LPLC2,left,5
535341,LC4,left,31429,LC4,left,5
31301,LC4,left,12349,LC4,left,5
18189,LC4,right,19794,LC4,right,5
24605,LPLC2,left,17880,LPLC2,left,5
29014,LPLC2,right,20471,LPLC2,right,5
17880,LPLC2,left,20240,LPLC2,left,5
20588,LC4,right,19954,LC4,right,5
24605,LPLC2,left,14030,LPLC2,left,5
28188,LPLC2,left,23226,LC4,left,5
31563,LPLC2,left,17880,LPLC2,left,5
21318,LPLC2,right,21045,LPLC2,right,5
81112,LC4,left,17340,LC4,left,5
24605,LPLC2,left,13764,LPLC2,left,5
524366,LPLC2,left,33965,LPLC2,left,5
31563,LPLC2,left,20240,LPLC2,left,5
12349,LC4,left,532254,LC4,left,5
517079,LPLC2,left,112292,LPLC2,left,5
12349,LC4,left,535341,LC4,left,5
531014,LPLC2,left,34407,LPLC2,left,5
12349,LC4,left,33137,LC4,left,5
517079,LPLC2,left,32737,LPLC2,left,5
517079,LPLC2,left,32237,LPLC2,left,5
20588,LC4,right,26112,LC4,right,5
17880,LPLC2,left,24568,LPLC2,left,5
21313,LC4,right,17364,LC4,right,5
517079,LPLC2,left,26416,LPLC2,left,5
515971,LPLC2,left,25572,LPLC2,left,5
21313,LC4,right,18189,LC4,right,5
517078,LPLC2,left,25854,LPLC2,left,5
21313,LC4,right,19550,LC4,right,5
100103,LPLC2,left,32737,LPLC2,left,5
28188,LPLC2,left,27716,LPLC2,left,5
517079,LPLC2,left,27796,LPLC2,left,5
34655,LPLC2,left,536444,LPLC2,left,5
21313,LC4,right,20588,LC4,right,5
20673,LC4,right,21165,LC4,right,5
28188,LPLC2,left,27399,LPLC2,left,5
531014,LPLC2,left,33406,LPLC2,left,5
16809,LC4,left,18396,LC4,left,5
29014,LPLC2,right,19589,LPLC2,right,5
20673,LC4,right,18189,LC4,right,5
24605,LPLC2,left,24523,LC4,left,5
21165,LC4,right,19420,LC4,right,5
18189,LC4,right,18127,LC4,right,5
25267,LPLC2,right,37613,LPLC2,right,5
31429,LC4,left,518439,LC4,left,5
20673,LC4,right,10584,DNp06,right,5
37613,LPLC2,right,26730,LPLC2,right,5
31429,LC4,left,535341,LC4,left,5
12349,LC4,left,35616,LC4,left,5
21318,LPLC2,right,22218,LPLC2,right,5
35262,LC4,left,16917,LC4,left,5
17880,LPLC2,left,17775,LPLC2,left,5
31563,LPLC2,left,32237,LPLC2,left,5
515476,LC4,left,111787,LC4,left,5
21336,LC4,right,20588,LC4,right,5
29014,LPLC2,right,23497,LPLC2,right,5
21336,LC4,right,20917,LC4,right,5
24568,LPLC2,left,33303,LPLC2,left,5
77614,LC4,left,512366,LC4,left,5
29014,LPLC2,right,24187,LPLC2,right,5
17990,LPLC2,left,95241,LPLC2,left,5
77614,LC4,left,111787,LC4,left,5
31563,LPLC2,left,31105,LPLC2,left,5
12384,LPLC2,left,13726,LPLC2,left,5
517752,LC4,left,17270,LC4,left,5
20584,LPLC2,right,19034,LPLC2,right,5
21165,LC4,right,16628,LC4,right,5
31563,LPLC2,left,34051,LPLC2,left,5
31563,LPLC2,left,34407,LPLC2,left,5
100485,LC4,left,18432,LC4,left,5
21336,LC4,right,24338,LC4,right,5
18396,LC4,left,15018,LC4,left,5
28044,LPLC2,right,33439,LPLC2,right,5
35262,LC4,left,29514,LC4,left,5
20584,LPLC2,right,10584,DNp06,right,5
28044,LPLC2,right,33396,LPLC2,right,5
21165,LC4,right,10584,DNp06,right,5
20572,LC4,left,533129,LC4,left,5
24568,LPLC2,left,27023,LPLC2,left,5
21336,LC4,right,20016,LC4,right,5
31563,LPLC2,left,28188,LPLC2,left,5
16809,LC4,left,10228,DNp06,left,5
30893,LPLC2,left,27355,LPLC2,left,5
515900,LC4,left,12349,LC4,left,5
28871,LPLC2,right,55627,LPLC2,right,5
17059,LPLC2,left,20967,LC4,left,5
531014,LPLC2,left,41097,LPLC2,left,5
24568,LPLC2,left,517819,LPLC2,left,5
21318,LPLC2,right,29873,LPLC2,right,5
12384,LPLC2,left,31105,LPLC2,left,5
517079,LPLC2,left,521115,LPLC2,left,5
24568,LPLC2,left,517078,LPLC2,left,5
30893,LPLC2,left,30512,LPLC2,left,5
24568,LPLC2,left,514670,LPLC2,left,5
20584,LPLC2,right,25511,LPLC2,right,5
13764,LPLC2,left,111903,LPLC2,left,5
21336,LC4,right,19634,LC4,right,5
31563,LPLC2,left,25524,LPLC2,left,5
21336,LC4,right,10584,DNp06,right,5
20799,LPLC2,left,33965,LPLC2,left,5
17059,LPLC2,left,23349,LPLC2,left,5
12349,LC4,left,31301,LC4,left,5
25286,LPLC2,left,525844,LPLC2,left,5
20584,LPLC2,right,22677,LPLC2,right,5
524366,LPLC2,left,40811,LPLC2,left,5
31563,LPLC2,left,27355,LPLC2,left,5
21336,LC4,right,19260,LC4,right,5
37431,LPLC2,right,29216,LPLC2,right,5
31563,LPLC2,left,27716,LPLC2,left,5
21313,LC4,right,17266,LC4,right,5
21313,LC4,right,17054,LC4,right,5
521115,LPLC2,left,34407,LPLC2,left,5
21287,LC4,right,20016,LC4,right,5
25253,LPLC2,right,24268,LPLC2,right,5
37613,LPLC2,right,23878,LPLC2,right,5
25253,LPLC2,right,24800,LPLC2,right,5
21287,LC4,right,19420,LC4,right,5
12349,LC4,left,520449,LC4,left,5
17990,LPLC2,left,514670,LPLC2,left,5
24800,LPLC2,right,31964,LPLC2,right,5
37587,LC4,left,18396,LC4,left,5
31301,LC4,left,22772,LC4,left,5
25253,LPLC2,right,25636,LPLC2,right,5
12349,LC4,left,518544,LC4,left,5
25253,LPLC2,right,26147,LPLC2,right,5
28980,LC4,left,12032,LC4,left,5
30938,LPLC2,right,23878,LPLC2,right,5
25253,LPLC2,right,26730,LPLC2,right,5
21165,LC4,right,23392,LC4,right,5
28188,LPLC2,left,533895,LPLC2,left,5
28188,LPLC2,left,520764,LPLC2,left,5
12349,LC4,left,518016,LC4,left,5
524366,LPLC2,left,30512,LPLC2,left,5
28980,LC4,left,17340,LC4,left,5
25253,LPLC2,right,29873,LPLC2,right,5
17880,LPLC2,left,31563,LPLC2,left,5
25253,LPLC2,right,31257,LPLC2,right,5
31308,LC4,left,23226,LC4,left,5
95241,LPLC2,left,17059,LPLC2,left,5
12349,LC4,left,518983,LC4,left,5
30938,LPLC2,right,24187,LPLC2,right,5
20799,LPLC2,left,23919,LPLC2,left,5
31301,LC4,left,512366,LC4,left,5
17990,LPLC2,left,521115,LPLC2,left,5
20799,LPLC2,left,13764,LPLC2,left,5
24840,LPLC2,left,22253,LPLC2,left,5
24840,LPLC2,left,21299,LPLC2,left,5
28945,LC4,right,22847,LC4,right,5
24840,LPLC2,left,23665,LPLC2,left,5
20799,LPLC2,left,12384,LPLC2,left,5
17990,LPLC2,left,533895,LPLC2,left,5
25253,LPLC2,right,20047,LPLC2,right,5
30938,LPLC2,right,29183,LPLC2,right,5
31301,LC4,left,511914,LC4,left,5
30938,LPLC2,right,28871,LPLC2,right,5
24840,LPLC2,left,23919,LPLC2,left,5
37613,LPLC2,right,23497,LPLC2,right,5
28945,LC4,right,23929,LC4,right,5
31301,LC4,left,515476,LC4,left,5
31301,LC4,left,27750,LC4,left,5
515971,LPLC2,left,23247,LPLC2,left,5
17990,LPLC2,left,517819,LPLC2,left,5
21225,LC4,right,21804,LC4,right,5
24840,LPLC2,left,25854,LPLC2,left,5
20799,LPLC2,left,21361,LPLC2,left,5
17054,LC4,right,21225,LC4,right,5
17990,LPLC2,left,517078,LPLC2,left,5
24800,LPLC2,right,35889,LPLC2,right,5
21287,LC4,right,16128,LC4,right,5
531014,LPLC2,left,29753,LPLC2,left,5
20749,LPLC2,right,14465,LPLC2,right,5
515971,LPLC2,left,25524,LPLC2,left,5
24800,LPLC2,right,18672,LPLC2,right,5
31429,LC4,left,17478,LC4,left,5
517079,LPLC2,left,23665,LPLC2,left,5
34845,LC4,left,27750,LC4,left,5
25267,LPLC2,right,20584,LPLC2,right,5
24800,LPLC2,right,20182,LPLC2,right,5
31429,LC4,left,20967,LC4,left,5
20694,LPLC2,right,21318,LPLC2,right,5
34845,LC4,left,30087,LC4,left,5
81112,LC4,left,517752,LC4,left,5
24800,LPLC2,right,19608,LPLC2,right,5
18127,LC4,right,26112,LC4,right,5
30938,LPLC2,right,35632,LPLC2,right,5
21165,LC4,right,20673,LC4,right,5
37613,LPLC2,right,25267,LPLC2,right,5
28980,LC4,left,512705,LC4,left,5
20694,LPLC2,right,19842,LPLC2,right,5
21299,LPLC2,left,514670,LPLC2,left,5
95241,LPLC2,left,20329,LPLC2,left,5
517079,LPLC2,left,25136,LPLC2,left,5
20694,LPLC2,right,19549,LPLC2,right,5
37431,LPLC2,right,38542,LPLC2,right,5
25267,LPLC2,right,23590,LPLC2,right,5
21299,LPLC2,left,518730,LC4,left,5
20694,LPLC2,right,18929,LPLC2,right,5
524366,LPLC2,left,25854,LPLC2,left,5
17880,LPLC2,left,24840,LPLC2,left,5
21299,LPLC2,left,25286,LPLC2,left,5
28188,LPLC2,left,40811,LPLC2,left,5
17880,LPLC2,left,29319,LPLC2,left,5
28980,LC4,left,22772,LC4,left,5
20799,LPLC2,left,24568,LPLC2,left,5
24800,LPLC2,right,26915,LPLC2,right,5
21299,LPLC2,left,13726,LPLC2,left,5
28188,LPLC2,left,515971,LPLC2,left,5
25253,LPLC2,right,37925,LPLC2,right,5
25253,LPLC2,right,39620,LPLC2,right,5
100103,LPLC2,left,18936,LPLC2,left,5
30938,LPLC2,right,14465,LPLC2,right,5
25267,LPLC2,right,10584,DNp06,right,5
515971,LPLC2,left,13764,LPLC2,left,5
24840,LPLC2,left,27399,LPLC2,left,5
20799,LPLC2,left,25209,LPLC2,left,5
34655,LPLC2,left,34051,LPLC2,left,5
21299,LPLC2,left,24840,LPLC2,left,5
30938,LPLC2,right,34110,LPLC2,right,5
95241,LPLC2,left,11498,LPLC2,left,5
95241,LPLC2,left,10228,DNp06,left,5
24800,LPLC2,right,24118,LPLC2,right,5
531014,LPLC2,left,30512,LPLC2,left,5
20799,LPLC2,left,25572,LPLC2,left,5
12349,LC4,left,512705,LC4,left,5
24800,LPLC2,right,23497,LPLC2,right,5
31429,LC4,left,14888,LC4,left,5
28741,LPLC2,right,24187,LPLC2,right,5
20694,LPLC2,right,25316,LPLC2,right,5
31429,LC4,left,16917,LC4,left,5
20572,LC4,left,526286,LC4,left,5
20572,LC4,left,519650,LC4,left,5
31988,LPLC2,right,29598,LPLC2,right,5
18396,LC4,left,16917,LC4,left,5
21703,LPLC2,right,19146,LPLC2,right,5
25511,LPLC2,right,20182,LPLC2,right,5
21703,LPLC2,right,19229,LPLC2,right,5
24401,LPLC2,right,29391,LPLC2,right,5
24401,LPLC2,right,29287,LPLC2,right,5
37587,LC4,left,512366,LC4,left,5
21703,LPLC2,right,19549,LPLC2,right,5
21703,LPLC2,right,19608,LPLC2,right,5
20471,LPLC2,right,24268,LPLC2,right,5
25209,LPLC2,left,24308,LPLC2,left,5
25511,LPLC2,right,21318,LPLC2,right,5
28011,LPLC2,left,531014,LPLC2,left,5
31262,LC4,right,17668,LC4,right,5
514956,LC4,left,16917,LC4,left,5
17775,LPLC2,left,33965,LPLC2,left,5
34681,LPLC2,right,20162,LPLC2,right,5
25511,LPLC2,right,21862,LPLC2,right,5
21703,LPLC2,right,21318,LPLC2,right,5
20471,LPLC2,right,21562,LPLC2,right,5
28011,LPLC2,left,521115,LPLC2,left,5
14102,LPLC2,left,22557,LPLC2,left,5
28011,LPLC2,left,517819,LPLC2,left,5
517078,LPLC2,left,19830,LPLC2,left,5
25209,LPLC2,left,23919,LPLC2,left,5
24840,LPLC2,left,134521,LPLC2,left,5
34407,LPLC2,left,112292,LPLC2,left,5
25511,LPLC2,right,24118,LPLC2,right,5
21703,LPLC2,right,19034,LPLC2,right,5
17775,LPLC2,left,112292,LPLC2,left,5
21151,LC4,right,16138,LC4,right,5
20471,LPLC2,right,34681,LPLC2,right,5
100485,LC4,left,31429,LC4,left,5
16628,LC4,right,19420,LC4,right,5
21151,LC4,right,17987,LC4,right,5
25209,LPLC2,left,27355,LPLC2,left,5
20535,LPLC2,right,17860,LC4,right,5
35262,LC4,left,530029,LC4,left,5
31964,LPLC2,right,29598,LPLC2,right,5
55627,LPLC2,right,34681,LPLC2,right,5
31262,LC4,right,20542,LC4,right,5
30512,LPLC2,left,25575,LPLC2,left,5
30512,LPLC2,left,25572,LPLC2,left,5
17059,LPLC2,left,517079,LPLC2,left,5
25497,LPLC2,right,35889,LPLC2,right,5
21703,LPLC2,right,17926,LC4,right,5
21562,LPLC2,right,37431,LPLC2,right,5
29287,LPLC2,right,35889,LPLC2,right,5
55627,LPLC2,right,34110,LPLC2,right,5
30512,LPLC2,left,24568,LPLC2,left,5
31262,LC4,right,20399,LC4,right,5
14102,LPLC2,left,17775,LPLC2,left,5
517078,LPLC2,left,21299,LPLC2,left,5
533895,LPLC2,left,12384,LPLC2,left,5
24401,LPLC2,right,31988,LPLC2,right,5
28044,LPLC2,right,18672,LPLC2,right,5
28044,LPLC2,right,17551,LPLC2,right,5
521115,LPLC2,left,25572,LPLC2,left,5
20471,LPLC2,right,20162,LPLC2,right,5
34681,LPLC2,right,20269,LPLC2,right,5
21703,LPLC2,right,22677,LPLC2,right,5
24840,LPLC2,left,521115,LPLC2,left,5
517819,LPLC2,left,24568,LPLC2,left,5
20808,LC4,right,38065,LC4,right,5
55627,LPLC2,right,26393,LPLC2,right,5
20440,LC4,left,21721,LC4,left,5
31988,LPLC2,right,25267,LPLC2,right,5
25511,LPLC2,right,34681,LPLC2,right,5
25511,LPLC2,right,35680,LPLC2,right,5
29183,LPLC2,right,25511,LPLC2,right,5
17266,LC4,right,19260,LC4,right,5
28011,LPLC2,left,31105,LPLC2,left,5
21721,LC4,left,18478,LC4,left,5
34681,LPLC2,right,29873,LPLC2,right,5
24840,LPLC2,left,524366,LPLC2,left,5
17266,LC4,right,17860,LC4,right,5
517819,LPLC2,left,25524,LPLC2,left,5
20799,LPLC2,left,17990,LPLC2,left,5
31988,LPLC2,right,27471,LPLC2,right,5
18478,LC4,left,17478,LC4,left,5
20859,LC4,left,20967,LC4,left,5
531014,LPLC2,left,520764,LPLC2,left,5
25524,LPLC2,left,12384,LPLC2,left,5
21721,LC4,left,27750,LC4,left,5
24338,LC4,right,23929,LC4,right,5
29183,LPLC2,right,26147,LPLC2,right,5
24338,LC4,right,23792,LC4,right,5
21045,LPLC2,right,28871,LPLC2,right,5
25511,LPLC2,right,33396,LPLC2,right,5
517819,LPLC2,left,23919,LPLC2,left,5
24401,LPLC2,right,24187,LPLC2,right,5
517078,LPLC2,left,17775,LPLC2,left,5
21703,LPLC2,right,23497,LPLC2,right,5
517819,LPLC2,left,20799,LPLC2,left,5
21703,LPLC2,right,23878,LPLC2,right,5
20808,LC4,right,24338,LC4,right,5
55627,LPLC2,right,28871,LPLC2,right,5
31988,LPLC2,right,21862,LPLC2,right,5
17059,LPLC2,left,536444,LPLC2,left,5
21703,LPLC2,right,25316,LPLC2,right,5
28741,LPLC2,right,29598,LPLC2,right,5
28871,LPLC2,right,33694,LPLC2,right,5
20440,LC4,left,533129,LC4,left,5
14102,LPLC2,left,23202,LC4,left,5
514670,LPLC2,left,531014,LPLC2,left,5
28011,LPLC2,left,32737,LPLC2,left,5
535341,LC4,left,18478,LC4,left,5
37431,LPLC2,right,21703,LPLC2,right,5
30480,LC4,right,527408,LC4,right,5
20440,LC4,left,517752,LC4,left,5
21045,LPLC2,right,34372,LPLC2,right,5
100485,LC4,left,520449,LC4,left,5
14030,LPLC2,left,18936,LPLC2,left,5
31257,LPLC2,right,35838,LPLC2,right,5
25511,LPLC2,right,29986,LPLC2,right,5
25511,LPLC2,right,30803,LC4,right,5
100485,LC4,left,524899,LC4,left,5
17775,LPLC2,left,29955,LPLC2,left,5
28044,LPLC2,right,20047,LPLC2,right,5
17059,LPLC2,left,112292,LPLC2,left,5
21562,LPLC2,right,30041,LPLC2,right,5
20542,LC4,right,25584,LC4,right,5
20572,LC4,left,18478,LC4,left,5
30803,LC4,right,22034,LC4,right,5
100485,LC4,left,23202,LC4,left,5
21361,LPLC2,left,25575,LPLC2,left,5
21361,LPLC2,left,27716,LPLC2,left,5
100485,LC4,left,24523,LC4,left,5
20572,LC4,left,12032,LC4,left,5
20572,LC4,left,10228,DNp06,left,5
20799,LPLC2,left,517819,LPLC2,left,5
521115,LPLC2,left,29753,LPLC2,left,5
16628,LC4,right,21225,LC4,right,5
20542,LC4,right,26112,LC4,right,5
12349,LC4,left,17653,LC4,left,5
12384,LPLC2,left,514670,LPLC2,left,5
524366,LPLC2,left,531014,LPLC2,left,5
21361,LPLC2,left,112292,LPLC2,left,5
29014,LPLC2,right,33694,LPLC2,right,5
515476,LC4,left,16917,LC4,left,5
17860,LC4,right,20673,LC4,right,5
21361,LPLC2,left,517079,LPLC2,left,5
20542,LC4,right,21151,LC4,right,5
533895,LPLC2,left,14102,LPLC2,left,5
25497,LPLC2,right,19842,LPLC2,right,5
16628,LC4,right,20917,LC4,right,5
20542,LC4,right,19954,LC4,right,5
20542,LC4,right,19543,LC4,right,5
29014,LPLC2,right,28871,LPLC2,right,5
21361,LPLC2,left,23349,LPLC2,left,5
517752,LC4,left,518730,LC4,left,5
28044,LPLC2,right,29287,LPLC2,right,5
34655,LPLC2,left,23919,LPLC2,left,5
21361,LPLC2,left,10228,DNp06,left,5
31563,LPLC2,left,515971,LPLC2,left,5
24568,LPLC2,left,25136,LPLC2,left,5
34655,LPLC2,left,23550,LPLC2,left,5
21361,LPLC2,left,14102,LPLC2,left,5
29014,LPLC2,right,26393,LPLC2,right,5
31563,LPLC2,left,517819,LPLC2,left,5
30938,LPLC2,right,37925,LPLC2,right,5
21151,LC4,right,25584,LC4,right,5
25316,LPLC2,right,24268,LPLC2,right,5
24568,LPLC2,left,24308,LPLC2,left,5
21361,LPLC2,left,18900,LPLC2,left,5
28044,LPLC2,right,28003,LPLC2,right,5
515971,LPLC2,left,28188,LPLC2,left,5
24568,LPLC2,left,23550,LPLC2,left,5
35262,LC4,left,33137,LC4,left,5
524366,LPLC2,left,515971,LPLC2,left,5
21151,LC4,right,21287,LC4,right,5
31563,LPLC2,left,521115,LPLC2,left,5
31563,LPLC2,left,524366,LPLC2,left,5
29014,LPLC2,right,28044,LPLC2,right,5
24568,LPLC2,left,21361,LPLC2,left,5
21361,LPLC2,left,20859,LC4,left,5
20572,LC4,left,23202,LC4,left,5
21361,LPLC2,left,22557,LPLC2,left,5
37613,LPLC2,right,34681,LPLC2,right,5
29014,LPLC2,right,34681,LPLC2,right,5
24523,LC4,left,12032,LC4,left,5
31262,LC4,right,22975,LC4,right,5
514956,LC4,left,512366,LC4,left,5
14102,LPLC2,left,13726,LPLC2,left,5
25209,LPLC2,left,29702,LPLC2,left,5
25497,LPLC2,right,25253,LPLC2,right,5
21562,LPLC2,right,24338,LC4,right,5
514956,LC4,left,107513,LC4,left,5
14102,LPLC2,left,17059,LPLC2,left,5
20808,LC4,right,10584,DNp06,right,5
21562,LPLC2,right,25267,LPLC2,right,5
20535,LPLC2,right,21862,LPLC2,right,5
17059,LPLC2,left,95241,LPLC2,left,5
20535,LPLC2,right,21808,LPLC2,right,5
30512,LPLC2,left,30893,LPLC2,left,5
20535,LPLC2,right,26147,LPLC2,right,5
20535,LPLC2,right,20694,LPLC2,right,5
21562,LPLC2,right,28871,LPLC2,right,5
100485,LC4,left,31308,LC4,left,5
514956,LC4,left,33137,LC4,left,5
21562,LPLC2,right,29216,LPLC2,right,5
20535,LPLC2,right,20162,LPLC2,right,5
12032,LC4,left,532254,LC4,left,5
517819,LPLC2,left,15804,LPLC2,left,5
55627,LPLC2,right,35680,LPLC2,right,5
20535,LPLC2,right,20047,LPLC2,right,5
20535,LPLC2,right,19634,LC4,right,5
31105,LPLC2,left,10228,DNp06,left,5
514956,LC4,left,514508,LC4,left,5
16628,LC4,right,19794,LC4,right,5
517752,LC4,left,526286,LC4,left,5
21151,LC4,right,20917,LC4,right,5
12384,LPLC2,left,517819,LPLC2,left,5
37431,LPLC2,right,25497,LPLC2,right,5
24840,LPLC2,left,33406,LPLC2,left,5
21562,LPLC2,right,19589,LPLC2,right,5
17926,LC4,right,19543,LC4,right,5
29014,LPLC2,right,37613,LPLC2,right,5
20799,LPLC2,left,519650,LC4,left,5
24523,LC4,left,35616,LC4,left,5
24523,LC4,left,31308,LC4,left,5
31262,LC4,right,26112,LC4,right,5
521115,LPLC2,left,27716,LPLC2,left,5
55627,LPLC2,right,50287,LPLC2,right,5
20535,LPLC2,right,33185,LPLC2,right,5
20535,LPLC2,right,26915,LPLC2,right,5
517819,LPLC2,left,11498,LPLC2,left,5
20535,LPLC2,right,30938,LPLC2,right,5
17990,LPLC2,left,34407,LPLC2,left,5
29183,LPLC2,right,16128,LC4,right,5
16628,LC4,right,19954,LC4,right,5
20535,LPLC2,right,29873,LPLC2,right,5
31964,LPLC2,right,25253,LPLC2,right,5
14102,LPLC2,left,13132,LPLC2,left,5
20535,LPLC2,right,28871,LPLC2,right,5
24523,LC4,left,20859,LC4,left,5
21151,LC4,right,20399,LC4,right,5
20799,LPLC2,left,536444,LPLC2,left,5
31964,LPLC2,right,31988,LPLC2,right,5
16917,LC4,left,22772,LC4,left,5
12824,LC4,left,512705,LC4,left,5
22677,LPLC2,right,21318,LPLC2,right,5
23550,LPLC2,left,29815,LPLC2,left,5
26528,LPLC2,left,20329,LPLC2,left,5
19830,LPLC2,left,17774,LPLC2,left,5
19549,LPLC2,right,18672,LPLC2,right,5
17551,LPLC2,right,29391,LPLC2,right,5
19146,LPLC2,right,21045,LPLC2,right,5
19549,LPLC2,right,19249,LPLC2,right,5
26528,LPLC2,left,22557,LPLC2,left,5
26528,LPLC2,left,23550,LPLC2,left,5
26528,LPLC2,left,23919,LPLC2,left,5
19830,LPLC2,left,14030,LPLC2,left,5
27716,LPLC2,left,25209,LPLC2,left,5
15804,LPLC2,left,25027,LPLC2,left,5
29702,LPLC2,left,24308,LPLC2,left,5
112292,LPLC2,left,15804,LPLC2,left,5
520764,LPLC2,left,20329,LPLC2,left,5
40841,LPLC2,left,24605,LPLC2,left,5
536444,LPLC2,left,29702,LPLC2,left,5
19146,LPLC2,right,20269,LPLC2,right,5
518731,LPLC2,left,25286,LPLC2,left,5
19794,LC4,right,25584,LC4,right,5
18936,LPLC2,left,29815,LPLC2,left,5
29391,LPLC2,right,26393,LPLC2,right,5
29391,LPLC2,right,26147,LPLC2,right,5
19549,LPLC2,right,17987,LC4,right,5
27023,LPLC2,left,35294,LPLC2,left,5
19543,LC4,right,22034,LC4,right,5
19830,LPLC2,left,30512,LPLC2,left,5
23878,LPLC2,right,19229,LPLC2,right,5
112292,LPLC2,left,12384,LPLC2,left,5
40841,LPLC2,left,25524,LPLC2,left,5
19543,LC4,right,22975,LC4,right,5
19543,LC4,right,23392,LC4,right,5
22677,LPLC2,right,17551,LPLC2,right,5
29702,LPLC2,left,20799,LPLC2,left,5
33303,LPLC2,left,19830,LPLC2,left,5
22677,LPLC2,right,18929,LPLC2,right,5
13726,LPLC2,left,12384,LPLC2,left,5
112292,LPLC2,left,13726,LPLC2,left,5
518731,LPLC2,left,23349,LPLC2,left,5
35680,LPLC2,right,33439,LPLC2,right,5
19549,LPLC2,right,14465,LPLC2,right,5
112292,LPLC2,left,514670,LPLC2,left,5
15018,LC4,left,29514,LC4,left,5
29469,LC4,left,515476,LC4,left,5
112292,LPLC2,left,13764,LPLC2,left,5
23792,LC4,right,28945,LC4,right,5
26528,LPLC2,left,25286,LPLC2,left,5
19549,LPLC2,right,19842,LPLC2,right,5
29391,LPLC2,right,29287,LPLC2,right,5
23792,LC4,right,17054,LC4,right,5
27716,LPLC2,left,19830,LPLC2,left,5
26528,LPLC2,left,29702,LPLC2,left,5
33303,LPLC2,left,31563,LPLC2,left,5
511914,LC4,left,31301,LC4,left,5
40811,LPLC2,left,23349,LPLC2,left,5
29815,LPLC2,left,33406,LPLC2,left,5
27023,LPLC2,left,27399,LPLC2,left,5
525844,LPLC2,left,111903,LPLC2,left,5
519650,LC4,left,17653,LC4,left,5
33303,LPLC2,left,33406,LPLC2,left,5
33303,LPLC2,left,34407,LPLC2,left,5
511914,LC4,left,27829,LC4,left,5
518731,LPLC2,left,29319,LPLC2,left,5
18936,LPLC2,left,100103,LPLC2,left,5
29815,LPLC2,left,31429,LC4,left,5
17364,LC4,right,16128,LC4,right,5
11498,LPLC2,left,13726,LPLC2,left,5
33303,LPLC2,left,40841,LPLC2,left,5
13726,LPLC2,left,129687,LPLC2,left,5
26528,LPLC2,left,33406,LPLC2,left,5
19787,LPLC2,left,129687,LPLC2,left,5
33303,LPLC2,left,31563,LPLC2,left,5
29815,LPLC2,left,34655,LPLC2,left,5
22677,LPLC2,right,25253,LPLC2,right,5
27023,LPLC2,left,30512,LPLC2,left,5
29391,LPLC2,right,30207,LPLC2,right,5
23226,LC4,left,27829,LC4,left,5
19146,LPLC2,right,20162,LPLC2,right,5
15018,LC4,left,32597,LC4,left,5
34110,LPLC2,right,23497,LPLC2,right,5
23226,LC4,left,22922,LC4,left,5
23792,LC4,right,19260,LC4,right,5
19549,LPLC2,right,20749,LPLC2,right,5
19549,LPLC2,right,20917,LC4,right,5
129687,LPLC2,left,517819,LPLC2,left,5
19794,LC4,right,21225,LC4,right,5
22677,LPLC2,right,26915,LPLC2,right,5
129687,LPLC2,left,518016,LC4,left,5
34051,LPLC2,left,23665,LPLC2,left,5
19549,LPLC2,right,21703,LPLC2,right,5
11498,LPLC2,left,14888,LC4,left,5
29469,LC4,left,111787,LC4,left,5
33303,LPLC2,left,29753,LPLC2,left,5
19794,LC4,right,19954,LC4,right,5
112292,LPLC2,left,18936,LPLC2,left,5
27716,LPLC2,left,20240,LPLC2,left,5
26416,LPLC2,left,134521,LPLC2,left,5
13726,LPLC2,left,13132,LPLC2,left,5
29391,LPLC2,right,37431,LPLC2,right,5
518731,LPLC2,left,10228,DNp06,left,5
22557,LPLC2,left,18900,LPLC2,left,5
22557,LPLC2,left,18936,LPLC2,left,5
23247,LPLC2,left,24840,LPLC2,left,5
34110,LPLC2,right,29873,LPLC2,right,5
27355,LPLC2,left,19911,LPLC2,left,5
533895,LPLC2,left,28011,LPLC2,left,5
40841,LPLC2,left,32737,LPLC2,left,5
18936,LPLC2,left,14030,LPLC2,left,5
27716,LPLC2,left,34051,LPLC2,left,5
23550,LPLC2,left,21299,LPLC2,left,5
17608,LC4,left,29417,LC4,left,5
26416,LPLC2,left,77614,LC4,left,5
22557,LPLC2,left,21361,LPLC2,left,5
112292,LPLC2,left,518731,LPLC2,left,5
33439,LPLC2,right,35680,LPLC2,right,5
33439,LPLC2,right,34110,LPLC2,right,5
26416,LPLC2,left,19911,LPLC2,left,5
40841,LPLC2,left,30895,LPLC2,left,5
18936,LPLC2,left,17059,LPLC2,left,5
29702,LPLC2,left,13726,LPLC2,left,5
19543,LC4,right,10584,DNp06,right,5
22557,LPLC2,left,25136,LPLC2,left,5
22557,LPLC2,left,17990,LPLC2,left,5
518730,LC4,left,518983,LC4,left,5
23247,LPLC2,left,25027,LPLC2,left,5
518730,LC4,left,518544,LC4,left,5
19420,LC4,right,16138,LC4,right,5
26393,LPLC2,right,31964,LPLC2,right,5
19146,LPLC2,right,25267,LPLC2,right,5
19420,LC4,right,17054,LC4,right,5
13726,LPLC2,left,29702,LPLC2,left,5
29514,LC4,left,16809,LC4,left,5
525844,LPLC2,left,24308,LPLC2,left,5
33965,LPLC2,left,531014,LPLC2,left,5
13726,LPLC2,left,18478,LC4,left,5
29514,LC4,left,15018,LC4,left,5
23550,LPLC2,left,17775,LPLC2,left,5
19146,LPLC2,right,24187,LPLC2,right,5
532254,LC4,left,533129,LC4,left,5
19420,LC4,right,19260,LC4,right,5
38542,LPLC2,right,10001,DNp01,right,5
23878,LPLC2,right,28741,LPLC2,right,5
39620,LPLC2,right,37925,LPLC2,right,5
19420,LC4,right,19794,LC4,right,5
112292,LPLC2,left,521115,LPLC2,left,5
38542,LPLC2,right,10584,DNp06,right,5
35838,LPLC2,right,29873,LPLC2,right,5
23878,LPLC2,right,24118,LPLC2,right,5
533895,LPLC2,left,28188,LPLC2,left,5
17608,LC4,left,23226,LC4,left,5
22557,LPLC2,left,33303,LPLC2,left,5
19842,LPLC2,right,10001,DNp01,right,5
14465,LPLC2,right,21703,LPLC2,right,5
519650,LC4,left,31308,LC4,left,5
23247,LPLC2,left,18936,LPLC2,left,5
22557,LPLC2,left,34051,LPLC2,left,5
22557,LPLC2,left,34407,LPLC2,left,5
525844,LPLC2,left,25572,LPLC2,left,5
27023,LPLC2,left,524366,LPLC2,left,5
19146,LPLC2,right,22261,LPLC2,right,5
29873,LPLC2,right,20584,LPLC2,right,5
22557,LPLC2,left,514670,LPLC2,left,5
22557,LPLC2,left,515971,LPLC2,left,5
29391,LPLC2,right,24187,LPLC2,right,5
29391,LPLC2,right,24268,LPLC2,right,5
129687,LPLC2,left,111903,LPLC2,left,5
11498,LPLC2,left,17774,LPLC2,left,5
19543,LC4,right,20588,LC4,right,5
22557,LPLC2,left,517819,LPLC2,left,5
26416,LPLC2,left,37587,LC4,left,5
525844,LPLC2,left,25854,LPLC2,left,5
23878,LPLC2,right,19608,LPLC2,right,5
22557,LPLC2,left,33965,LPLC2,left,5
19543,LC4,right,17926,LC4,right,5
33185,LPLC2,right,33439,LPLC2,right,5
13726,LPLC2,left,518731,LPLC2,left,5
19842,LPLC2,right,20749,LPLC2,right,5
22557,LPLC2,left,25572,LPLC2,left,5
520764,LPLC2,left,23247,LPLC2,left,5
34110,LPLC2,right,28871,LPLC2,right,5
19842,LPLC2,right,20162,LPLC2,right,5
15804,LPLC2,left,27023,LPLC2,left,5
33439,LPLC2,right,32507,LPLC2,right,5
22557,LPLC2,left,27399,LPLC2,left,5
22557,LPLC2,left,29319,LPLC2,left,5
19842,LPLC2,right,19229,LPLC2,right,5
22557,LPLC2,left,29702,LPLC2,left,5
29702,LPLC2,left,17544,LPLC2,left,5
23878,LPLC2,right,21862,LPLC2,right,5
19842,LPLC2,right,18672,LPLC2,right,5
19842,LPLC2,right,18189,LC4,right,5
22557,LPLC2,left,30512,LPLC2,left,5
17544,LPLC2,left,27023,LPLC2,left,5
27471,LPLC2,right,30938,LPLC2,right,5
22557,LPLC2,left,31105,LPLC2,left,5
19842,LPLC2,right,17551,LPLC2,right,5
29873,LPLC2,right,21703,LPLC2,right,5
19787,LPLC2,left,95241,LPLC2,left,5
38542,LPLC2,right,22975,LC4,right,5
17544,LPLC2,left,24840,LPLC2,left,5
520449,LC4,left,516909,LC4,left,5
518983,LC4,left,12824,LC4,left,5
19608,LPLC2,right,23878,LPLC2,right,5
23590,LPLC2,right,20535,LPLC2,right,5
22922,LC4,left,518730,LC4,left,5
33396,LPLC2,right,55627,LPLC2,right,5
134521,LPLC2,left,23550,LPLC2,left,5
26730,LPLC2,right,35632,LPLC2,right,5
22922,LC4,left,519931,LC4,left,5
35680,LPLC2,right,25511,LPLC2,right,5
22922,LC4,left,524899,LC4,left,5
19608,LPLC2,right,21808,LPLC2,right,5
22922,LC4,left,22772,LC4,left,5
525844,LPLC2,left,29815,LPLC2,left,5
23590,LPLC2,right,21562,LPLC2,right,5
23098,LC4,right,19550,LC4,right,5
22966,LC4,right,16138,LC4,right,5
29417,LC4,left,31429,LC4,left,5
40811,LPLC2,left,26528,LPLC2,left,5
29702,LPLC2,left,532254,LC4,left,5
29417,LC4,left,34845,LC4,left,5
23098,LC4,right,17860,LC4,right,5
17364,LC4,right,20673,LC4,right,5
27566,LPLC2,right,33694,LPLC2,right,5
19608,LPLC2,right,24268,LPLC2,right,5
19146,LPLC2,right,10584,DNp06,right,5
23098,LC4,right,21165,LC4,right,5
23590,LPLC2,right,20103,LPLC2,right,5
19608,LPLC2,right,29986,LPLC2,right,5
22922,LC4,left,24523,LC4,left,5
518731,LPLC2,left,536444,LPLC2,left,5
23590,LPLC2,right,20182,LPLC2,right,5
29702,LPLC2,left,517078,LPLC2,left,5
518983,LC4,left,111787,LC4,left,5
27566,LPLC2,right,39620,LPLC2,right,5
19608,LPLC2,right,29014,LPLC2,right,5
29417,LC4,left,27624,LC4,left,5
33396,LPLC2,right,33439,LPLC2,right,5
19146,LPLC2,right,18929,LPLC2,right,5
15804,LPLC2,left,17774,LPLC2,left,5
27566,LPLC2,right,37925,LPLC2,right,5
15018,LC4,left,518439,LC4,left,5
33396,LPLC2,right,35680,LPLC2,right,5
19589,LPLC2,right,16628,LC4,right,5
19608,LPLC2,right,25497,LPLC2,right,5
19608,LPLC2,right,25316,LPLC2,right,5
19608,LPLC2,right,25267,LPLC2,right,5
23590,LPLC2,right,20334,LPLC2,right,5
17548,LC4,right,19550,LC4,right,5
33406,LPLC2,left,15804,LPLC2,left,5
29417,LC4,left,37587,LC4,left,5
40811,LPLC2,left,31105,LPLC2,left,5
134521,LPLC2,left,28188,LPLC2,left,5
19589,LPLC2,right,23497,LPLC2,right,5
19034,LPLC2,right,29873,LPLC2,right,5
33406,LPLC2,left,25572,LPLC2,left,5
134521,LPLC2,left,25027,LPLC2,left,5
23590,LPLC2,right,25316,LPLC2,right,5
40811,LPLC2,left,29955,LPLC2,left,5
33406,LPLC2,left,23247,LPLC2,left,5
26915,LPLC2,right,21703,LPLC2,right,5
23590,LPLC2,right,25497,LPLC2,right,5
17364,LC4,right,21313,LC4,right,5
26915,LPLC2,right,22218,LPLC2,right,5
34051,LPLC2,left,31563,LPLC2,left,5
40811,LPLC2,left,29702,LPLC2,left,5
23590,LPLC2,right,28871,LPLC2,right,5
15804,LPLC2,left,13132,LPLC2,left,5
40811,LPLC2,left,29753,LPLC2,left,5
22975,LC4,right,20588,LC4,right,5
19589,LPLC2,right,28871,LPLC2,right,5
19589,LPLC2,right,28044,LPLC2,right,5
27566,LPLC2,right,29216,LPLC2,right,5
19034,LPLC2,right,29391,LPLC2,right,5
23590,LPLC2,right,24800,LPLC2,right,5
525844,LPLC2,left,30512,LPLC2,left,5
33406,LPLC2,left,25854,LPLC2,left,5
19608,LPLC2,right,20103,LPLC2,right,5
26915,LPLC2,right,28044,LPLC2,right,5
29753,LPLC2,left,25524,LPLC2,left,5
22966,LC4,right,24338,LC4,right,5
19589,LPLC2,right,20584,LPLC2,right,5
26915,LPLC2,right,28003,LPLC2,right,5
29417,LC4,left,532254,LC4,left,5
15804,LPLC2,left,14102,LPLC2,left,5
22975,LC4,right,31262,LC4,right,5
26915,LPLC2,right,25497,LPLC2,right,5
19589,LPLC2,right,21562,LPLC2,right,5
19589,LPLC2,right,21769,LPLC2,right,5
19589,LPLC2,right,21808,LPLC2,right,5
23590,LPLC2,right,24401,LPLC2,right,5
33406,LPLC2,left,26528,LPLC2,left,5
134521,LPLC2,left,29955,LPLC2,left,5
33406,LPLC2,left,19911,LPLC2,left,5
29753,LPLC2,left,24840,LPLC2,left,5
17364,LC4,right,20917,LC4,right,5
134521,LPLC2,left,29702,LPLC2,left,5
33406,LPLC2,left,20329,LPLC2,left,5
134521,LPLC2,left,20240,LPLC2,left,5
29753,LPLC2,left,40841,LPLC2,left,5
23665,LPLC2,left,517079,LPLC2,left,5
27624,LC4,left,530029,LC4,left,5
23202,LC4,left,31308,LC4,left,5
511914,LC4,left,18478,LC4,left,5
35889,LPLC2,right,19229,LPLC2,right,5
26730,LPLC2,right,16128,LC4,right,5
19787,LPLC2,left,22557,LPLC2,left,5
17364,LC4,right,16628,LC4,right,5
19034,LPLC2,right,19608,LPLC2,right,5
22772,LC4,left,518544,LC4,left,5
511914,LC4,left,17478,LC4,left,5
22772,LC4,left,519650,LC4,left,5
525844,LPLC2,left,41097,LPLC2,left,5
112292,LPLC2,left,24308,LPLC2,left,5
17551,LPLC2,right,21808,LPLC2,right,5
532254,LC4,left,524899,LC4,left,5
35680,LPLC2,right,31964,LPLC2,right,5
22772,LC4,left,535341,LC4,left,5
112292,LPLC2,left,22557,LPLC2,left,5
112292,LPLC2,left,33303,LPLC2,left,5
17364,LC4,right,17668,LC4,right,5
518983,LC4,left,526286,LC4,left,5
29815,LPLC2,left,17774,LPLC2,left,5
23202,LC4,left,22922,LC4,left,5
29417,LC4,left,10228,DNp06,left,5
536444,LPLC2,left,30895,LPLC2,left,5
112292,LPLC2,left,20799,LPLC2,left,5
22772,LC4,left,31308,LC4,left,5
15018,LC4,left,107513,LC4,left,5
27716,LPLC2,left,17775,LPLC2,left,5
23202,LC4,left,518983,LC4,left,5
29702,LPLC2,left,27023,LPLC2,left,5
29815,LPLC2,left,27399,LPLC2,left,5
27023,LPLC2,left,24840,LPLC2,left,5
11498,LPLC2,left,12384,LPLC2,left,5
19787,LPLC2,left,30512,LPLC2,left,5
19549,LPLC2,right,29014,LPLC2,right,5
23202,LC4,left,515900,LC4,left,5
23550,LPLC2,left,129687,LPLC2,left,5
18936,LPLC2,left,533895,LPLC2,left,5
511914,LC4,left,22772,LC4,left,5
29815,LPLC2,left,25524,LPLC2,left,5
29702,LPLC2,left,28011,LPLC2,left,5
23665,LPLC2,left,134521,LPLC2,left,5
134521,LPLC2,left,13726,LPLC2,left,5
26528,LPLC2,left,515971,LPLC2,left,5
13726,LPLC2,left,100103,LPLC2,left,5
17551,LPLC2,right,23590,LPLC2,right,5
532254,LC4,left,517752,LC4,left,5
27023,LPLC2,left,21361,LPLC2,left,5
19634,LC4,right,25584,LC4,right,5
518731,LPLC2,left,95241,LPLC2,left,5
23202,LC4,left,17478,LC4,left,5
29753,LPLC2,left,536444,LPLC2,left,5
20103,LPLC2,right,20047,LPLC2,right,5
19550,LC4,right,20673,LC4,right,5
33396,LPLC2,right,26915,LPLC2,right,5
29753,LPLC2,left,533895,LPLC2,left,5
23665,LPLC2,left,24840,LPLC2,left,5
22847,LC4,right,25584,LC4,right,5
23665,LPLC2,left,23919,LPLC2,left,5
525844,LPLC2,left,40811,LPLC2,left,5
33396,LPLC2,right,29183,LPLC2,right,5
526286,LC4,left,532254,LC4,left,5
26730,LPLC2,right,25316,LPLC2,right,5
29702,LPLC2,left,111903,LPLC2,left,5
34051,LPLC2,left,27355,LPLC2,left,5
17551,LPLC2,right,20047,LPLC2,right,5
19608,LPLC2,right,34681,LPLC2,right,5
22922,LC4,left,12824,LC4,left,5
134521,LPLC2,left,517079,LPLC2,left,5
17551,LPLC2,right,19549,LPLC2,right,5
134521,LPLC2,left,515971,LPLC2,left,5
27566,LPLC2,right,22218,LPLC2,right,5
518731,LPLC2,left,517078,LPLC2,left,5
13132,LPLC2,left,27796,LPLC2,left,5
19550,LC4,right,17266,LC4,right,5
536444,LPLC2,left,32223,LPLC2,left,5
19550,LC4,right,17548,LC4,right,5
33406,LPLC2,left,531014,LPLC2,left,5
518983,LC4,left,520449,LC4,left,5
40841,LPLC2,left,13726,LPLC2,left,5
35889,LPLC2,right,19034,LPLC2,right,5
29417,LC4,left,16809,LC4,left,5
27624,LC4,left,34845,LC4,left,5
23550,LPLC2,left,521115,LPLC2,left,5
17551,LPLC2,right,20334,LPLC2,right,5
26730,LPLC2,right,20917,LC4,right,5
19550,LC4,right,18127,LC4,right,5
15804,LPLC2,left,18900,LPLC2,left,5
38542,LPLC2,right,26915,LPLC2,right,5
29702,LPLC2,left,33406,LPLC2,left,5
33396,LPLC2,right,24118,LPLC2,right,5
19550,LC4,right,19794,LC4,right,5
35889,LPLC2,right,18672,LPLC2,right,5
27023,LPLC2,left,17544,LPLC2,left,5
27624,LC4,left,30087,LC4,left,5
23550,LPLC2,left,536444,LPLC2,left,5
33406,LPLC2,left,517079,LPLC2,left,5
33694,LPLC2,right,21045,LPLC2,right,5
34110,LPLC2,right,26393,LPLC2,right,5
23349,LPLC2,left,17775,LPLC2,left,5
518544,LC4,left,532254,LC4,left,5
23349,LPLC2,left,517819,LPLC2,left,5
23349,LPLC2,left,15804,LPLC2,left,5
17653,LC4,left,518544,LC4,left,5
26147,LPLC2,right,37431,LPLC2,right,5
18929,LPLC2,right,21703,LPLC2,right,5
13726,LPLC2,left,21299,LPLC2,left,5
29563,LC4,right,19543,LC4,right,5
19229,LPLC2,right,37431,LPLC2,right,5
13726,LPLC2,left,27023,LPLC2,left,5
41097,LPLC2,left,24840,LPLC2,left,5
20047,LPLC2,right,29287,LPLC2,right,5
29955,LPLC2,left,25854,LPLC2,left,5
23349,LPLC2,left,24568,LPLC2,left,5
23929,LC4,right,22328,LC4,right,5
26147,LPLC2,right,35889,LPLC2,right,5
33965,LPLC2,left,24308,LPLC2,left,5
129687,LPLC2,left,27796,LPLC2,left,5
22328,LC4,right,28945,LC4,right,5
27355,LPLC2,left,533895,LPLC2,left,5
518544,LC4,left,533129,LC4,left,5
111903,LPLC2,left,25027,LPLC2,left,5
23929,LC4,right,20282,LC4,right,5
519931,LC4,left,520449,LC4,left,5
26147,LPLC2,right,19229,LPLC2,right,5
29514,LC4,left,30087,LC4,left,5
35889,LPLC2,right,26730,LPLC2,right,5
526286,LC4,left,18478,LC4,left,5
20047,LPLC2,right,20749,LPLC2,right,5
512366,LC4,left,107513,LC4,left,5
27399,LPLC2,left,10228,DNp06,left,5
520449,LC4,left,12349,LC4,left,5
33694,LPLC2,right,29014,LPLC2,right,5
26393,LPLC2,right,10584,DNp06,right,5
19146,LPLC2,right,31257,LPLC2,right,5
17478,LC4,left,27829,LC4,left,5
19954,LC4,right,10584,DNp06,right,5
512705,LC4,left,12824,LC4,left,5
38065,LC4,right,30480,LC4,right,5
29287,LPLC2,right,39620,LPLC2,right,5
23349,LPLC2,left,536444,LPLC2,left,5
23919,LPLC2,left,18936,LPLC2,left,5
17478,LC4,left,20976,LC4,left,5
19954,LC4,right,16628,LC4,right,5
17340,LC4,left,28980,LC4,left,5
13764,LPLC2,left,13726,LPLC2,left,5
27399,LPLC2,left,27796,LPLC2,left,5
27471,LPLC2,right,21769,LPLC2,right,5
33965,LPLC2,left,29753,LPLC2,left,5
27399,LPLC2,left,24308,LPLC2,left,5
13764,LPLC2,left,20799,LPLC2,left,5
111903,LPLC2,left,33303,LPLC2,left,5
29319,LPLC2,left,29815,LPLC2,left,5
26393,LPLC2,right,19034,LPLC2,right,5
23497,LPLC2,right,19034,LPLC2,right,5
26147,LPLC2,right,19608,LPLC2,right,5
29563,LC4,right,19794,LC4,right,5
11498,LPLC2,left,33303,LPLC2,left,5
19954,LC4,right,17668,LC4,right,5
17653,LC4,left,524899,LC4,left,5
23349,LPLC2,left,14030,LPLC2,left,5
536444,LPLC2,left,27399,LPLC2,left,5
14888,LC4,left,24523,LC4,left,5
22253,LPLC2,left,518731,LPLC2,left,5
32737,LPLC2,left,31563,LPLC2,left,5
27399,LPLC2,left,23349,LPLC2,left,5
34110,LPLC2,right,37925,LPLC2,right,5
39620,LPLC2,right,33439,LPLC2,right,5
23349,LPLC2,left,17880,LPLC2,left,5
23919,LPLC2,left,531014,LPLC2,left,5
29955,LPLC2,left,29319,LPLC2,left,5
33137,LC4,left,512366,LC4,left,5
27750,LC4,left,512366,LC4,left,5
22253,LPLC2,left,31563,LPLC2,left,5
19249,LPLC2,right,21769,LPLC2,right,5
33137,LC4,left,81112,LC4,left,5
23497,LPLC2,right,23878,LPLC2,right,5
20047,LPLC2,right,24401,LPLC2,right,5
13764,LPLC2,left,14102,LPLC2,left,5
26147,LPLC2,right,26730,LPLC2,right,5
14888,LC4,left,100485,LC4,left,5
27750,LC4,left,517752,LC4,left,5
22261,LPLC2,right,24118,LPLC2,right,5
15804,LPLC2,left,95241,LPLC2,left,5
20016,LC4,right,19420,LC4,right,5
32737,LPLC2,left,100103,LPLC2,left,5
520764,LPLC2,left,29319,LPLC2,left,5
26147,LPLC2,right,27471,LPLC2,right,5
533129,LC4,left,18432,LC4,left,5
33965,LPLC2,left,20799,LPLC2,left,5
22261,LPLC2,right,23392,LC4,right,5
33137,LC4,left,27829,LC4,left,5
23497,LPLC2,right,17551,LPLC2,right,5
26147,LPLC2,right,29183,LPLC2,right,5
15804,LPLC2,left,521115,LPLC2,left,5
129687,LPLC2,left,19787,LPLC2,left,5
26147,LPLC2,right,27566,LPLC2,right,5
19229,LPLC2,right,30938,LPLC2,right,5
20047,LPLC2,right,22261,LPLC2,right,5
32737,LPLC2,left,134521,LPLC2,left,5
512366,LC4,left,517752,LC4,left,5
512705,LC4,left,18396,LC4,left,5
29514,LC4,left,31429,LC4,left,5
23349,LPLC2,left,40811,LPLC2,left,5
26147,LPLC2,right,33185,LPLC2,right,5
20016,LC4,right,20673,LC4,right,5
26112,LC4,right,30480,LC4,right,5
27399,LPLC2,left,28188,LPLC2,left,5
20047,LPLC2,right,25636,LPLC2,right,5
23919,LPLC2,left,25209,LPLC2,left,5
33694,LPLC2,right,32507,LPLC2,right,5
23349,LPLC2,left,19787,LPLC2,left,5
26147,LPLC2,right,25497,LPLC2,right,5
23919,LPLC2,left,25286,LPLC2,left,5
29955,LPLC2,left,20329,LPLC2,left,5
23497,LPLC2,right,18672,LPLC2,right,5
17653,LC4,left,20859,LC4,left,5
18929,LPLC2,right,20694,LPLC2,right,5
22261,LPLC2,right,26393,LPLC2,right,5
20047,LPLC2,right,25267,LPLC2,right,5
23349,LPLC2,left,19911,LPLC2,left,5
23497,LPLC2,right,25267,LPLC2,right,5
26147,LPLC2,right,25636,LPLC2,right,5
536444,LPLC2,left,524366,LPLC2,left,5
27471,LPLC2,right,19954,LC4,right,5
17478,LC4,left,520449,LC4,left,5
27399,LPLC2,left,533895,LPLC2,left,5
19229,LPLC2,right,32507,LPLC2,right,5
23919,LPLC2,left,25854,LPLC2,left,5
22261,LPLC2,right,25497,LPLC2,right,5
23349,LPLC2,left,20799,LPLC2,left,5
26147,LPLC2,right,30938,LPLC2,right,5
22253,LPLC2,left,31105,LPLC2,left,5
18929,LPLC2,right,27471,LPLC2,right,5
129687,LPLC2,left,25027,LPLC2,left,5
32737,LPLC2,left,517079,LPLC2,left,5
20016,LC4,right,17266,LC4,right,5
26393,LPLC2,right,25253,LPLC2,right,5
23497,LPLC2,right,20182,LPLC2,right,5
19249,LPLC2,right,18189,LC4,right,5
23929,LC4,right,24338,LC4,right,5
20103,LPLC2,right,17364,LC4,right,5
34372,LPLC2,right,22975,LC4,right,5
111903,LPLC2,left,512366,LC4,left,5
129687,LPLC2,left,10228,DNp06,left,5
23919,LPLC2,left,34051,LPLC2,left,5
23497,LPLC2,right,31964,LPLC2,right,5
26147,LPLC2,right,22218,LPLC2,right,5
15804,LPLC2,left,31563,LPLC2,left,5
23349,LPLC2,left,30512,LPLC2,left,5
19260,LC4,right,19794,LC4,right,5
27796,LPLC2,left,13132,LPLC2,left,5
111903,LPLC2,left,21299,LPLC2,left,5
35632,LPLC2,right,24268,LPLC2,right,5
22328,LC4,right,20399,LC4,right,5
512366,LC4,left,29514,LC4,left,5
27796,LPLC2,left,24308,LPLC2,left,5
23919,LPLC2,left,34655,LPLC2,left,5
26393,LPLC2,right,23878,LPLC2,right,5
32737,LPLC2,left,27355,LPLC2,left,5
22328,LC4,right,23792,LC4,right,5
129687,LPLC2,left,29815,LPLC2,left,5
23497,LPLC2,right,19842,LPLC2,right,5
23247,LPLC2,left,34407,LPLC2,left,5
512705,LC4,left,20967,LC4,left,5
35680,LPLC2,right,38542,LPLC2,right,5
19260,LC4,right,21151,LC4,right,5
35838,LPLC2,right,28741,LPLC2,right,5
34372,LPLC2,right,23590,LPLC2,right,5
27399,LPLC2,left,517819,LPLC2,left,5
35838,LPLC2,right,22975,LC4,right,5
27355,LPLC2,left,31563,LPLC2,left,5
17544,LPLC2,left,24605,LPLC2,left,5
17668,LC4,right,16628,LC4,right,5
23497,LPLC2,right,34110,LPLC2,right,5
23929,LC4,right,28945,LC4,right,5
29873,LPLC2,right,27566,LPLC2,right,5
23247,LPLC2,left,40841,LPLC2,left,5
27471,LPLC2,right,25497,LPLC2,right,5
20016,LC4,right,38065,LC4,right,5
29598,LPLC2,right,21045,LPLC2,right,5
13764,LPLC2,left,17775,LPLC2,left,5
18929,LPLC2,right,20162,LPLC2,right,5
17478,LC4,left,511914,LC4,left,5
39620,LPLC2,right,29183,LPLC2,right,5
26112,LC4,right,20588,LC4,right,5
34372,LPLC2,right,23878,LPLC2,right,5
27355,LPLC2,left,30893,LPLC2,left,5
17608,LC4,left,518439,LC4,left,5
129687,LPLC2,left,25575,LPLC2,left,5
14465,LPLC2,right,20471,LPLC2,right,5
129687,LPLC2,left,15804,LPLC2,left,5
33694,LPLC2,right,24268,LPLC2,right,5
29514,LC4,left,18432,LC4,left,5
19249,LPLC2,right,17987,LC4,right,5
17478,LC4,left,18478,LC4,left,5
27796,LPLC2,left,23665,LPLC2,left,5
520449,LC4,left,20967,LC4,left,5
19260,LC4,right,19420,LC4,right,5
23497,LPLC2,right,29391,LPLC2,right,5
129687,LPLC2,left,11498,LPLC2,left,5
518544,LC4,left,518016,LC4,left,5
14465,LPLC2,right,20162,LPLC2,right,5
33137,LC4,left,18432,LC4,left,5
20047,LPLC2,right,19589,LPLC2,right,5
38065,LC4,right,20808,LC4,right,5
29319,LPLC2,left,34655,LPLC2,left,5
23497,LPLC2,right,20694,LPLC2,right,5
27750,LC4,left,21721,LC4,left,5
27796,LPLC2,left,10228,DNp06,left,5
19229,LPLC2,right,14465,LPLC2,right,5
22261,LPLC2,right,50287,LPLC2,right,5
32737,LPLC2,left,29753,LPLC2,left,5
33694,LPLC2,right,28003,LPLC2,right,5
39620,LPLC2,right,23497,LPLC2,right,5
22261,LPLC2,right,37925,LPLC2,right,5
23878,LPLC2,right,29598,LPLC2,right,5
512366,LC4,left,15018,LC4,left,5
22261,LPLC2,right,37613,LPLC2,right,5
22328,LC4,right,25584,LC4,right,5
19229,LPLC2,right,21562,LPLC2,right,5
20016,LC4,right,21804,LC4,right,5
33185,LPLC2,right,20047,LPLC2,right,5
520449,LC4,left,23202,LC4,left,5
20047,LPLC2,right,19608,LPLC2,right,5
23497,LPLC2,right,21703,LPLC2,right,5
17653,LC4,left,23226,LC4,left,5
19146,LPLC2,right,35889,LPLC2,right,5
22261,LPLC2,right,18672,LPLC2,right,5
13726,LPLC2,left,19787,LPLC2,left,5
27796,LPLC2,left,22253,LPLC2,left,5
23247,LPLC2,left,520764,LPLC2,left,5
27355,LPLC2,left,40811,LPLC2,left,5
27750,LC4,left,16917,LC4,left,5
35838,LPLC2,right,29183,LPLC2,right,5
23247,LPLC2,left,33965,LPLC2,left,5
17340,LC4,left,31429,LC4,left,5
27355,LPLC2,left,27796,LPLC2,left,5
20047,LPLC2,right,38542,LPLC2,right,5
26393,LPLC2,right,23497,LPLC2,right,5
19911,LPLC2,left,33406,LPLC2,left,5
23392,LC4,right,17266,LC4,right,5
32737,LPLC2,left,27716,LPLC2,left,5
536444,LPLC2,left,28011,LPLC2,left,5
29319,LPLC2,left,23665,LPLC2,left,5
22261,LPLC2,right,19608,LPLC2,right,5
23878,LPLC2,right,37925,LPLC2,right,5
26147,LPLC2,right,20162,LPLC2,right,5
526286,LC4,left,24523,LC4,left,5
19146,LPLC2,right,28044,LPLC2,right,5
129687,LPLC2,left,26416,LPLC2,left,5
29563,LC4,right,24338,LC4,right,5
33965,LPLC2,left,29469,LC4,left,5
41097,LPLC2,left,22557,LPLC2,left,5
29873,LPLC2,right,27471,LPLC2,right,5
20047,LPLC2,right,35889,LPLC2,right,5
29702,LPLC2,left,40811,LPLC2,left,4
515900,LC4,left,18478,LC4,left,4
17987,LC4,right,17364,LC4,right,4
23590,LPLC2,right,18672,LPLC2,right,4
17880,LPLC2,left,20329,LPLC2,left,4
515900,LC4,left,22922,LC4,left,4
21318,LPLC2,right,10001,DNp01,right,4
35838,LPLC2,right,32507,LPLC2,right,4
24605,LPLC2,left,14102,LPLC2,left,4
21318,LPLC2,right,18189,LC4,right,4
17880,LPLC2,left,23665,LPLC2,left,4
29469,LC4,left,34845,LC4,left,4
30895,LPLC2,left,17880,LPLC2,left,4
23590,LPLC2,right,19034,LPLC2,right,4
31105,LPLC2,left,30893,LPLC2,left,4
23202,LC4,left,20976,LC4,left,4
23202,LC4,left,20859,LC4,left,4
29469,LC4,left,29417,LC4,left,4
28871,LPLC2,right,25511,LPLC2,right,4
29702,LPLC2,left,30893,LPLC2,left,4
17059,LPLC2,left,17775,LPLC2,left,4
21045,LPLC2,right,20016,LC4,right,4
17059,LPLC2,left,19787,LPLC2,left,4
129687,LPLC2,left,24840,LPLC2,left,4
13132,LPLC2,left,517079,LPLC2,left,4
21318,LPLC2,right,19842,LPLC2,right,4
34681,LPLC2,right,29014,LPLC2,right,4
35838,LPLC2,right,20588,LC4,right,4
29514,LC4,left,514956,LC4,left,4
29469,LC4,left,31301,LC4,left,4
37431,LPLC2,right,31964,LPLC2,right,4
24605,LPLC2,left,17990,LPLC2,left,4
23349,LPLC2,left,95241,LPLC2,left,4
35262,LC4,left,10228,DNp06,left,4
28871,LPLC2,right,26393,LPLC2,right,4
16917,LC4,left,524899,LC4,left,4
23497,LPLC2,right,20334,LPLC2,right,4
21318,LPLC2,right,17054,LC4,right,4
17478,LC4,left,17653,LC4,left,4
23349,LPLC2,left,112292,LPLC2,left,4
25027,LPLC2,left,33303,LPLC2,left,4
21336,LC4,right,21225,LC4,right,4
28871,LPLC2,right,22261,LPLC2,right,4
23392,LC4,right,17054,LC4,right,4
25027,LPLC2,left,34407,LPLC2,left,4
23590,LPLC2,right,23878,LPLC2,right,4
20976,LC4,left,29417,LC4,left,4
28871,LPLC2,right,23590,LPLC2,right,4
30893,LPLC2,left,22253,LPLC2,left,4
29014,LPLC2,right,22677,LPLC2,right,4
28871,LPLC2,right,23878,LPLC2,right,4
23392,LC4,right,22328,LC4,right,4
23590,LPLC2,right,22261,LPLC2,right,4
25027,LPLC2,left,32223,LPLC2,left,4
29014,LPLC2,right,24401,LPLC2,right,4
17548,LC4,right,19634,LC4,right,4
35838,LPLC2,right,22194,LC4,right,4
24568,LPLC2,left,34051,LPLC2,left,4
13132,LPLC2,left,81112,LC4,left,4
29469,LC4,left,15018,LC4,left,4
21336,LC4,right,19543,LC4,right,4
29702,LPLC2,left,536444,LPLC2,left,4
24568,LPLC2,left,34655,LPLC2,left,4
17880,LPLC2,left,10228,DNp06,left,4
23098,LC4,right,17668,LC4,right,4
29014,LPLC2,right,22261,LPLC2,right,4
20976,LC4,left,35616,LC4,left,4
100485,LC4,left,17478,LC4,left,4
37431,LPLC2,right,29014,LPLC2,right,4
23590,LPLC2,right,19549,LPLC2,right,4
23392,LC4,right,21287,LC4,right,4
29753,LPLC2,left,20799,LPLC2,left,4
29753,LPLC2,left,20329,LPLC2,left,4
524366,LPLC2,left,112292,LPLC2,left,4
23392,LC4,right,19420,LC4,right,4
516909,LC4,left,20572,LC4,left,4
515476,LC4,left,32597,LC4,left,4
23392,LC4,right,20399,LC4,right,4
29417,LC4,left,515900,LC4,left,4
17987,LC4,right,21151,LC4,right,4
17059,LPLC2,left,24568,LPLC2,left,4
535341,LC4,left,27750,LC4,left,4
95241,LPLC2,left,515900,LC4,left,4
22975,LC4,right,23792,LC4,right,4
12384,LPLC2,left,33137,LC4,left,4
23590,LPLC2,right,25253,LPLC2,right,4
516909,LC4,left,17478,LC4,left,4
100485,LC4,left,20440,LC4,left,4
20976,LC4,left,20967,LC4,left,4
22975,LC4,right,26112,LC4,right,4
35262,LC4,left,29469,LC4,left,4
533895,LPLC2,left,32237,LPLC2,left,4
533895,LPLC2,left,23919,LPLC2,left,4
25027,LPLC2,left,40841,LPLC2,left,4
31105,LPLC2,left,533895,LPLC2,left,4
24568,LPLC2,left,29815,LPLC2,left,4
29753,LPLC2,left,17544,LPLC2,left,4
17880,LPLC2,left,12384,LPLC2,left,4
524366,LPLC2,left,35294,LPLC2,left,4
12384,LPLC2,left,17990,LPLC2,left,4
515971,LPLC2,left,521115,LPLC2,left,4
31105,LPLC2,left,40811,LPLC2,left,4
21318,LPLC2,right,24401,LPLC2,right,4
35680,LPLC2,right,29598,LPLC2,right,4
13726,LPLC2,left,20240,LPLC2,left,4
17059,LPLC2,left,20240,LPLC2,left,4
21318,LPLC2,right,22677,LPLC2,right,4
24605,LPLC2,left,11498,LPLC2,left,4
31105,LPLC2,left,35294,LPLC2,left,4
35262,LC4,left,16809,LC4,left,4
17478,LC4,left,77614,LC4,left,4
20976,LC4,left,532254,LC4,left,4
29702,LPLC2,left,134521,LPLC2,left,4
35262,LC4,left,15018,LC4,left,4
23098,LC4,right,17987,LC4,right,4
30893,LPLC2,left,517079,LPLC2,left,4
526286,LC4,left,517752,LC4,left,4
24605,LPLC2,left,13132,LPLC2,left,4
25027,LPLC2,left,28188,LPLC2,left,4
29469,LC4,left,21721,LC4,left,4
17987,LC4,right,18189,LC4,right,4
23349,LPLC2,left,129687,LPLC2,left,4
515971,LPLC2,left,518731,LPLC2,left,4
12384,LPLC2,left,30895,LPLC2,left,4
12384,LPLC2,left,30893,LPLC2,left,4
34681,LPLC2,right,26915,LPLC2,right,4
21045,LPLC2,right,19146,LPLC2,right,4
23590,LPLC2,right,20269,LPLC2,right,4
23590,LPLC2,right,20269,LPLC2,right,4
13764,LPLC2,left,514670,LPLC2,left,4
515900,LC4,left,12032,LC4,left,4
17548,LC4,right,18189,LC4,right,4
23098,LC4,right,19420,LC4,right,4
95241,LPLC2,left,517819,LPLC2,left,4
13132,LPLC2,left,111903,LPLC2,left,4
30893,LPLC2,left,25572,LPLC2,left,4
23392,LC4,right,24338,LC4,right,4
35262,LC4,left,22772,LC4,left,4
100485,LC4,left,12349,LC4,left,4
16917,LC4,left,518544,LC4,left,4
34681,LPLC2,right,26147,LPLC2,right,4
13726,LPLC2,left,20799,LPLC2,left,4
20976,LC4,left,518016,LC4,left,4
17059,LPLC2,left,22557,LPLC2,left,4
23098,LC4,right,20542,LC4,right,4
23098,LC4,right,21151,LC4,right,4
25027,LPLC2,left,29815,LPLC2,left,4
21318,LPLC2,right,33396,LPLC2,right,4
17478,LC4,left,518983,LC4,left,4
29469,LC4,left,20859,LC4,left,4
37431,LPLC2,right,31988,LPLC2,right,4
23098,LC4,right,21313,LC4,right,4
30893,LPLC2,left,37587,LC4,left,4
21318,LPLC2,right,29014,LPLC2,right,4
25027,LPLC2,left,29469,LC4,left,4
17880,LPLC2,left,15804,LPLC2,left,4
100103,LPLC2,left,514670,LPLC2,left,4
17544,LPLC2,left,111903,LPLC2,left,4
17544,LPLC2,left,12384,LPLC2,left,4
21151,LC4,right,20673,LC4,right,4
515971,LPLC2,left,18478,LC4,left,4
24800,LPLC2,right,29391,LPLC2,right,4
17544,LPLC2,left,29753,LPLC2,left,4
24800,LPLC2,right,29873,LPLC2,right,4
37587,LC4,left,107513,LC4,left,4
515971,LPLC2,left,31563,LPLC2,left,4
515971,LPLC2,left,18900,LPLC2,left,4
23247,LPLC2,left,15804,LPLC2,left,4
129687,LPLC2,left,112292,LPLC2,left,4
29469,LC4,left,524899,LC4,left,4
23349,LPLC2,left,13726,LPLC2,left,4
23247,LPLC2,left,17544,LPLC2,left,4
100103,LPLC2,left,24523,LC4,left,4
23550,LPLC2,left,25136,LPLC2,left,4
12384,LPLC2,left,21361,LPLC2,left,4
29469,LC4,left,530029,LC4,left,4
23497,LPLC2,right,29014,LPLC2,right,4
21151,LC4,right,20016,LC4,right,4
23247,LPLC2,left,17990,LPLC2,left,4
30803,LC4,right,29563,LC4,right,4
112292,LPLC2,left,518730,LC4,left,4
24840,LPLC2,left,34051,LPLC2,left,4
129687,LPLC2,left,29319,LPLC2,left,4
21287,LC4,right,19260,LC4,right,4
12384,LPLC2,left,23919,LPLC2,left,4
23247,LPLC2,left,531014,LPLC2,left,4
21287,LC4,right,17054,LC4,right,4
24840,LPLC2,left,33965,LPLC2,left,4
17880,LPLC2,left,35294,LPLC2,left,4
23550,LPLC2,left,25572,LPLC2,left,4
24800,LPLC2,right,29287,LPLC2,right,4
23247,LPLC2,left,13726,LPLC2,left,4
21151,LC4,right,17054,LC4,right,4
17478,LC4,left,22922,LC4,left,4
17880,LPLC2,left,27716,LPLC2,left,4
515971,LPLC2,left,14102,LPLC2,left,4
23349,LPLC2,left,17059,LPLC2,left,4
28980,LC4,left,20967,LC4,left,4
23550,LPLC2,left,28188,LPLC2,left,4
100103,LPLC2,left,25524,LPLC2,left,4
21299,LPLC2,left,12349,LC4,left,4
13726,LPLC2,left,30895,LPLC2,left,4
17926,LC4,right,19954,LC4,right,4
524366,LPLC2,left,30893,LPLC2,left,4
28980,LC4,left,17653,LC4,left,4
17880,LPLC2,left,30895,LPLC2,left,4
35680,LPLC2,right,33439,LPLC2,right,4
24840,LPLC2,left,41097,LPLC2,left,4
535341,LC4,left,81112,LC4,left,4
23550,LPLC2,left,27023,LPLC2,left,4
23550,LPLC2,left,26528,LPLC2,left,4
515971,LPLC2,left,32237,LPLC2,left,4
21151,LC4,right,17266,LC4,right,4
21287,LC4,right,23392,LC4,right,4
17544,LPLC2,left,23247,LPLC2,left,4
17054,LC4,right,18189,LC4,right,4
24800,LPLC2,right,28871,LPLC2,right,4
21151,LC4,right,17548,LC4,right,4
34845,LC4,left,16809,LC4,left,4
35680,LPLC2,right,34110,LPLC2,right,4
29702,LPLC2,left,19911,LPLC2,left,4
35680,LPLC2,right,34372,LPLC2,right,4
23247,LPLC2,left,20799,LPLC2,left,4
21045,LPLC2,right,21703,LPLC2,right,4
35838,LPLC2,right,10001,DNp01,right,4
28945,LC4,right,22966,LC4,right,4
17880,LPLC2,left,517078,LPLC2,left,4
100103,LPLC2,left,20329,LPLC2,left,4
21165,LC4,right,17364,LC4,right,4
17926,LC4,right,17860,LC4,right,4
23247,LPLC2,left,129687,LPLC2,left,4
21165,LC4,right,17860,LC4,right,4
13726,LPLC2,left,17775,LPLC2,left,4
23247,LPLC2,left,112292,LPLC2,left,4
23247,LPLC2,left,25524,LPLC2,left,4
23550,LPLC2,left,20240,LPLC2,left,4
531014,LPLC2,left,17990,LPLC2,left,4
21225,LC4,right,17548,LC4,right,4
112292,LPLC2,left,520764,LPLC2,left,4
24840,LPLC2,left,23247,LPLC2,left,4
21225,LC4,right,17266,LC4,right,4
531014,LPLC2,left,18900,LPLC2,left,4
21225,LC4,right,16138,LC4,right,4
23550,LPLC2,left,17990,LPLC2,left,4
23247,LPLC2,left,27355,LPLC2,left,4
34681,LPLC2,right,34372,LPLC2,right,4
30938,LPLC2,right,31988,LPLC2,right,4
17544,LPLC2,left,25209,LPLC2,left,4
524366,LPLC2,left,27023,LPLC2,left,4
23247,LPLC2,left,33406,LPLC2,left,4
129687,LPLC2,left,30895,LPLC2,left,4
21165,LC4,right,22847,LC4,right,4
30938,LPLC2,right,33396,LPLC2,right,4
29514,LC4,left,17340,LC4,left,4
23247,LPLC2,left,511914,LC4,left,4
100103,LPLC2,left,20572,LC4,left,4
515971,LPLC2,left,27355,LPLC2,left,4
17926,LC4,right,19260,LC4,right,4
24800,LPLC2,right,35680,LPLC2,right,4
29514,LC4,left,27750,LC4,left,4
21151,LC4,right,21336,LC4,right,4
515971,LPLC2,left,20799,LPLC2,left,4
34681,LPLC2,right,38542,LPLC2,right,4
100103,LPLC2,left,23349,LPLC2,left,4
14030,LPLC2,left,10010,DNp01,left,4
17926,LC4,right,19420,LC4,right,4
30938,LPLC2,right,26147,LPLC2,right,4
23550,LPLC2,left,23919,LPLC2,left,4
24840,LPLC2,left,10228,DNp06,left,4
30938,LPLC2,right,37613,LPLC2,right,4
515971,LPLC2,left,27716,LPLC2,left,4
29469,LC4,left,533129,LC4,left,4
129687,LPLC2,left,35294,LPLC2,left,4
13726,LPLC2,left,14102,LPLC2,left,4
515971,LPLC2,left,22557,LPLC2,left,4
29598,LPLC2,right,29986,LPLC2,right,4
24840,LPLC2,left,14102,LPLC2,left,4
21165,LC4,right,10584,DNp06,right,4
21165,LC4,right,16128,LC4,right,4
14030,LPLC2,left,14102,LPLC2,left,4
129687,LPLC2,left,40811,LPLC2,left,4
100103,LPLC2,left,21299,LPLC2,left,4
30938,LPLC2,right,28741,LPLC2,right,4
21225,LC4,right,20399,LC4,right,4
23247,LPLC2,left,24308,LPLC2,left,4
23550,LPLC2,left,23247,LPLC2,left,4
100103,LPLC2,left,25854,LPLC2,left,4
21299,LPLC2,left,17544,LPLC2,left,4
30938,LPLC2,right,16138,LC4,right,4
21299,LPLC2,left,18936,LPLC2,left,4
28871,LPLC2,right,29287,LPLC2,right,4
23349,LPLC2,left,25286,LPLC2,left,4
17054,LC4,right,17668,LC4,right,4
21313,LC4,right,17548,LC4,right,4
23202,LC4,left,518016,LC4,left,4
23349,LPLC2,left,24840,LPLC2,left,4
28871,LPLC2,right,29598,LPLC2,right,4
29598,LPLC2,right,22218,LPLC2,right,4
37431,LPLC2,right,35680,LPLC2,right,4
29469,LC4,left,77614,LC4,left,4
524366,LPLC2,left,32223,LPLC2,left,4
17478,LC4,left,24523,LC4,left,4
23202,LC4,left,519931,LC4,left,4
28871,LPLC2,right,31964,LPLC2,right,4
28871,LPLC2,right,31988,LPLC2,right,4
13764,LPLC2,left,518731,LPLC2,left,4
21299,LPLC2,left,526286,LC4,left,4
515900,LC4,left,511914,LC4,left,4
24605,LPLC2,left,518731,LPLC2,left,4
21299,LPLC2,left,518983,LC4,left,4
31105,LPLC2,left,23919,LPLC2,left,4
21299,LPLC2,left,518731,LPLC2,left,4
23202,LC4,left,520449,LC4,left,4
28980,LC4,left,518544,LC4,left,4
21045,LPLC2,right,29183,LPLC2,right,4
21299,LPLC2,left,517819,LPLC2,left,4
23202,LC4,left,524899,LC4,left,4
29702,LPLC2,left,25575,LPLC2,left,4
30895,LPLC2,left,30893,LPLC2,left,4
29702,LPLC2,left,27399,LPLC2,left,4
17059,LPLC2,left,13764,LPLC2,left,4
23349,LPLC2,left,25524,LPLC2,left,4
21045,LPLC2,right,23590,LPLC2,right,4
23497,LPLC2,right,20584,LPLC2,right,4
24605,LPLC2,left,24568,LPLC2,left,4
23202,LC4,left,28980,LC4,left,4
23497,LPLC2,right,20749,LPLC2,right,4
24605,LPLC2,left,25027,LPLC2,left,4
21313,LC4,right,23098,LC4,right,4
28871,LPLC2,right,27566,LPLC2,right,4
29014,LPLC2,right,19549,LPLC2,right,4
17054,LC4,right,16628,LC4,right,4
30895,LPLC2,left,25286,LPLC2,left,4
21313,LC4,right,22034,LC4,right,4
29014,LPLC2,right,19420,LC4,right,4
112292,LPLC2,left,33965,LPLC2,left,4
19229,LPLC2,right,21045,LPLC2,right,4
37431,LPLC2,right,34681,LPLC2,right,4
21313,LC4,right,21165,LC4,right,4
21313,LC4,right,21151,LC4,right,4
29702,LPLC2,left,28188,LPLC2,left,4
29014,LPLC2,right,19249,LPLC2,right,4
134521,LPLC2,left,13764,LPLC2,left,4
23202,LC4,left,35616,LC4,left,4
95241,LPLC2,left,531014,LPLC2,left,4
29598,LPLC2,right,21769,LPLC2,right,4
17926,LC4,right,21336,LC4,right,4
21313,LC4,right,19954,LC4,right,4
29469,LC4,left,37587,LC4,left,4
100103,LPLC2,left,31105,LPLC2,left,4
28871,LPLC2,right,29216,LPLC2,right,4
23550,LPLC2,left,40811,LPLC2,left,4
21299,LPLC2,left,511914,LC4,left,4
25027,LPLC2,left,13132,LPLC2,left,4
21299,LPLC2,left,23550,LPLC2,left,4
24800,LPLC2,right,22218,LPLC2,right,4
23550,LPLC2,left,31563,LPLC2,left,4
129687,LPLC2,left,515971,LPLC2,left,4
24800,LPLC2,right,22261,LPLC2,right,4
13726,LPLC2,left,27716,LPLC2,left,4
28980,LC4,left,29417,LC4,left,4
531014,LPLC2,left,22557,LPLC2,left,4
515971,LPLC2,left,12384,LPLC2,left,4
17880,LPLC2,left,26416,LPLC2,left,4
17478,LC4,left,23202,LC4,left,4
29702,LPLC2,left,25027,LPLC2,left,4
29702,LPLC2,left,24605,LPLC2,left,4
21299,LPLC2,left,23665,LPLC2,left,4
37587,LC4,left,16809,LC4,left,4
23550,LPLC2,left,32223,LPLC2,left,4
21299,LPLC2,left,22557,LPLC2,left,4
21045,LPLC2,right,34681,LPLC2,right,4
112292,LPLC2,left,100103,LPLC2,left,4
23497,LPLC2,right,25497,LPLC2,right,4
30895,LPLC2,left,536444,LPLC2,left,4
24840,LPLC2,left,517079,LPLC2,left,4
23226,LC4,left,35616,LC4,left,4
100103,LPLC2,left,13726,LPLC2,left,4
28980,LC4,left,23202,LC4,left,4
29598,LPLC2,right,24268,LPLC2,right,4
23226,LC4,left,81112,LC4,left,4
17926,LC4,right,20673,LC4,right,4
34681,LPLC2,right,31257,LPLC2,right,4
515971,LPLC2,left,11498,LPLC2,left,4
17544,LPLC2,left,19830,LPLC2,left,4
112292,LPLC2,left,41097,LPLC2,left,4
23226,LC4,left,17653,LC4,left,4
21299,LPLC2,left,111903,LPLC2,left,4
31105,LPLC2,left,23349,LPLC2,left,4
23226,LC4,left,14888,LC4,left,4
28871,LPLC2,right,33396,LPLC2,right,4
34845,LC4,left,32597,LC4,left,4
515971,LPLC2,left,40811,LPLC2,left,4
21299,LPLC2,left,34407,LPLC2,left,4
24840,LPLC2,left,536444,LPLC2,left,4
24840,LPLC2,left,533895,LPLC2,left,4
17364,LC4,right,30803,LC4,right,4
24800,LPLC2,right,19420,LC4,right,4
21045,LPLC2,right,31257,LPLC2,right,4
21045,LPLC2,right,31964,LPLC2,right,4
24800,LPLC2,right,20047,LPLC2,right,4
21299,LPLC2,left,25575,LPLC2,left,4
30895,LPLC2,left,33965,LPLC2,left,4
23550,LPLC2,left,33303,LPLC2,left,4
29702,LPLC2,left,25209,LPLC2,left,4
21299,LPLC2,left,30893,LPLC2,left,4
31105,LPLC2,left,22253,LPLC2,left,4
28980,LC4,left,35616,LC4,left,4
17880,LPLC2,left,25575,LPLC2,left,4
23497,LPLC2,right,22218,LPLC2,right,4
17544,LPLC2,left,18936,LPLC2,left,4
34845,LC4,left,29417,LC4,left,4
30895,LPLC2,left,129687,LPLC2,left,4
129687,LPLC2,left,27829,LC4,left,4
21045,LPLC2,right,33439,LPLC2,right,4
22975,LC4,right,21336,LC4,right,4
17340,LC4,left,16917,LC4,left,4
29014,LPLC2,right,26147,LPLC2,right,4
13764,LPLC2,left,25572,LPLC2,left,4
525844,LPLC2,left,23550,LPLC2,left,4
17653,LC4,left,12032,LC4,left,4
527408,LC4,right,29563,LC4,right,4
17653,LC4,left,12349,LC4,left,4
21862,LPLC2,right,30041,LPLC2,right,4
29216,LPLC2,right,29183,LPLC2,right,4
29319,LPLC2,left,129687,LPLC2,left,4
21862,LPLC2,right,31988,LPLC2,right,4
514508,LC4,left,518730,LC4,left,4
30041,LPLC2,right,24268,LPLC2,right,4
21862,LPLC2,right,33439,LPLC2,right,4
24268,LPLC2,right,20047,LPLC2,right,4
21862,LPLC2,right,34372,LPLC2,right,4
17653,LC4,left,12824,LC4,left,4
22328,LC4,right,19634,LC4,right,4
17774,LPLC2,left,27023,LPLC2,left,4
21862,LPLC2,right,39620,LPLC2,right,4
23878,LPLC2,right,39620,LPLC2,right,4
30041,LPLC2,right,39620,LPLC2,right,4
29319,LPLC2,left,134521,LPLC2,left,4
30041,LPLC2,right,50287,LPLC2,right,4
21862,LPLC2,right,26915,LPLC2,right,4
23878,LPLC2,right,30938,LPLC2,right,4
12824,LC4,left,31429,LC4,left,4
525844,LPLC2,left,23919,LPLC2,left,4
24268,LPLC2,right,25253,LPLC2,right,4
13764,LPLC2,left,11498,LPLC2,left,4
24268,LPLC2,right,24401,LPLC2,right,4
514508,LC4,left,532254,LC4,left,4
23878,LPLC2,right,33185,LPLC2,right,4
17270,LC4,left,18432,LC4,left,4
23878,LPLC2,right,33396,LPLC2,right,4
17774,LPLC2,left,29702,LPLC2,left,4
22328,LC4,right,22847,LC4,right,4
13764,LPLC2,left,12384,LPLC2,left,4
22328,LC4,right,21804,LC4,right,4
21862,LPLC2,right,25511,LPLC2,right,4
21862,LPLC2,right,26393,LPLC2,right,4
23878,LPLC2,right,34110,LPLC2,right,4
29216,LPLC2,right,29986,LPLC2,right,4
22328,LC4,right,17364,LC4,right,4
22328,LC4,right,16138,LC4,right,4
35616,LC4,left,22772,LC4,left,4
21899,LPLC2,right,21562,LPLC2,right,4
35632,LPLC2,right,26730,LPLC2,right,4
29873,LPLC2,right,38542,LPLC2,right,4
24187,LPLC2,right,31988,LPLC2,right,4
35616,LC4,left,23202,LC4,left,4
22261,LPLC2,right,30041,LPLC2,right,4
13132,LPLC2,left,20240,LPLC2,left,4
35889,LPLC2,right,34681,LPLC2,right,4
514508,LC4,left,35262,LC4,left,4
29216,LPLC2,right,50287,LPLC2,right,4
35889,LPLC2,right,24800,LPLC2,right,4
22261,LPLC2,right,29873,LPLC2,right,4
24187,LPLC2,right,29873,LPLC2,right,4
13132,LPLC2,left,19830,LPLC2,left,4
25027,LPLC2,left,520764,LPLC2,left,4
30041,LPLC2,right,25253,LPLC2,right,4
512366,LC4,left,111787,LC4,left,4
22261,LPLC2,right,31964,LPLC2,right,4
29873,LPLC2,right,37431,LPLC2,right,4
35889,LPLC2,right,35680,LPLC2,right,4
17774,LPLC2,left,22253,LPLC2,left,4
535341,LC4,left,12824,LC4,left,4
30041,LPLC2,right,31988,LPLC2,right,4
13764,LPLC2,left,13132,LPLC2,left,4
22328,LC4,right,10584,DNp06,right,4
23919,LPLC2,left,17270,LC4,left,4
512366,LC4,left,33137,LC4,left,4
30041,LPLC2,right,30207,LPLC2,right,4
29873,LPLC2,right,34110,LPLC2,right,4
512366,LC4,left,77614,LC4,left,4
29319,LPLC2,left,32737,LPLC2,left,4
17774,LPLC2,left,23919,LPLC2,left,4
24187,LPLC2,right,35889,LPLC2,right,4
35616,LC4,left,20859,LC4,left,4
21899,LPLC2,right,20182,LPLC2,right,4
22261,LPLC2,right,34110,LPLC2,right,4
17774,LPLC2,left,22557,LPLC2,left,4
29216,LPLC2,right,35680,LPLC2,right,4
13764,LPLC2,left,26416,LPLC2,left,4
17774,LPLC2,left,29815,LPLC2,left,4
17270,LC4,left,17653,LC4,left,4
21808,LPLC2,right,21769,LPLC2,right,4
21808,LPLC2,right,21862,LPLC2,right,4
22557,LPLC2,left,24605,LPLC2,left,4
22557,LPLC2,left,24568,LPLC2,left,4
22557,LPLC2,left,23919,LPLC2,left,4
514670,LPLC2,left,19787,LPLC2,left,4
23878,LPLC2,right,24401,LPLC2,right,4
21808,LPLC2,right,23590,LPLC2,right,4
24268,LPLC2,right,55627,LPLC2,right,4
17608,LC4,left,27750,LC4,left,4
35632,LPLC2,right,30803,LC4,right,4
17775,LPLC2,left,11498,LPLC2,left,4
524899,LC4,left,23202,LC4,left,4
24268,LPLC2,right,37431,LPLC2,right,4
21808,LPLC2,right,25253,LPLC2,right,4
24268,LPLC2,right,35889,LPLC2,right,4
21808,LPLC2,right,25497,LPLC2,right,4
22557,LPLC2,left,20329,LPLC2,left,4
22557,LPLC2,left,24840,LPLC2,left,4
30087,LC4,left,532254,LC4,left,4
111787,LC4,left,27750,LC4,left,4
23878,LPLC2,right,23497,LPLC2,right,4
21804,LC4,right,30803,LC4,right,4
21804,LC4,right,38065,LC4,right,4
112292,LPLC2,left,10228,DNp06,left,4
514670,LPLC2,left,22557,LPLC2,left,4
24308,LPLC2,left,23919,LPLC2,left,4
17266,LC4,right,31262,LC4,right,4
24308,LPLC2,left,23349,LPLC2,left,4
13726,LPLC2,left,520764,LPLC2,left,4
29216,LPLC2,right,20334,LPLC2,right,4
29391,LPLC2,right,21562,LPLC2,right,4
514670,LPLC2,left,22253,LPLC2,left,4
21808,LPLC2,right,19608,LPLC2,right,4
22557,LPLC2,left,27796,LPLC2,left,4
111787,LC4,left,17270,LC4,left,4
35294,LPLC2,left,33303,LPLC2,left,4
22557,LPLC2,left,27355,LPLC2,left,4
29391,LPLC2,right,20535,LPLC2,right,4
524899,LC4,left,23226,LC4,left,4
29216,LPLC2,right,22218,LPLC2,right,4
29216,LPLC2,right,25511,LPLC2,right,4
35889,LPLC2,right,22218,LPLC2,right,4
524899,LC4,left,29469,LC4,left,4
29216,LPLC2,right,24401,LPLC2,right,4
30087,LC4,left,29514,LC4,left,4
533895,LPLC2,left,531014,LPLC2,left,4
24268,LPLC2,right,29287,LPLC2,right,4
21862,LPLC2,right,18672,LPLC2,right,4
30087,LC4,left,29417,LC4,left,4
30087,LC4,left,27829,LC4,left,4
22328,LC4,right,38065,LC4,right,4
30087,LC4,left,27624,LC4,left,4
21862,LPLC2,right,19608,LPLC2,right,4
21862,LPLC2,right,20047,LPLC2,right,4
21862,LPLC2,right,20103,LPLC2,right,4
17774,LPLC2,left,33303,LPLC2,left,4
29873,LPLC2,right,25511,LPLC2,right,4
23878,LPLC2,right,29287,LPLC2,right,4
13132,LPLC2,left,21361,LPLC2,left,4
111787,LC4,left,29469,LC4,left,4
30087,LC4,left,77614,LC4,left,4
29391,LPLC2,right,19608,LPLC2,right,4
30087,LC4,left,107513,LC4,left,4
23878,LPLC2,right,25316,LPLC2,right,4
514670,LPLC2,left,17478,LC4,left,4
525844,LPLC2,left,25027,LPLC2,left,4
35632,LPLC2,right,30207,LPLC2,right,4
17774,LPLC2,left,517079,LPLC2,left,4
22557,LPLC2,left,17059,LPLC2,left,4
37431,LPLC2,right,14465,LPLC2,right,4
29391,LPLC2,right,14465,LPLC2,right,4
12824,LC4,left,24523,LC4,left,4
29391,LPLC2,right,10584,DNp06,right,4
21808,LPLC2,right,31964,LPLC2,right,4
533895,LPLC2,left,27796,LPLC2,left,4
21808,LPLC2,right,33185,LPLC2,right,4
22557,LPLC2,left,13764,LPLC2,left,4
111787,LC4,left,27829,LC4,left,4
524899,LC4,left,28980,LC4,left,4
29873,LPLC2,right,24800,LPLC2,right,4
30041,LPLC2,right,24401,LPLC2,right,4
29319,LPLC2,left,28188,LPLC2,left,4
24568,LPLC2,left,25524,LPLC2,left,4
29986,LPLC2,right,20749,LPLC2,right,4
22253,LPLC2,left,32737,LPLC2,left,4
23919,LPLC2,left,533895,LPLC2,left,4
29955,LPLC2,left,29815,LPLC2,left,4
512705,LC4,left,511914,LC4,left,4
17270,LC4,left,516909,LC4,left,4
17270,LC4,left,517752,LC4,left,4
24118,LPLC2,right,22261,LPLC2,right,4
24118,LPLC2,right,22218,LPLC2,right,4
22218,LPLC2,right,21318,LPLC2,right,4
533895,LPLC2,left,25854,LPLC2,left,4
111903,LPLC2,left,26416,LPLC2,left,4
13132,LPLC2,left,17544,LPLC2,left,4
13132,LPLC2,left,17059,LPLC2,left,4
22253,LPLC2,left,27796,LPLC2,left,4
512705,LC4,left,100485,LC4,left,4
29986,LPLC2,right,20584,LPLC2,right,4
17668,LC4,right,21151,LC4,right,4
111903,LPLC2,left,24605,LPLC2,left,4
22253,LPLC2,left,33406,LPLC2,left,4
22253,LPLC2,left,33965,LPLC2,left,4
24118,LPLC2,right,24800,LPLC2,right,4
29986,LPLC2,right,22261,LPLC2,right,4
17668,LC4,right,21336,LC4,right,4
29986,LPLC2,right,25497,LPLC2,right,4
29287,LPLC2,right,26393,LPLC2,right,4
29319,LPLC2,left,20799,LPLC2,left,4
22253,LPLC2,left,514670,LPLC2,left,4
35889,LPLC2,right,26147,LPLC2,right,4
23919,LPLC2,left,520764,LPLC2,left,4
22218,LPLC2,right,14465,LPLC2,right,4
29955,LPLC2,left,27796,LPLC2,left,4
23919,LPLC2,left,525844,LPLC2,left,4
22218,LPLC2,right,16628,LC4,right,4
35632,LPLC2,right,17364,LC4,right,4
17653,LC4,left,515476,LC4,left,4
22253,LPLC2,left,34051,LPLC2,left,4
512705,LC4,left,515900,LC4,left,4
29287,LPLC2,right,27566,LPLC2,right,4
17668,LC4,right,21225,LC4,right,4
17270,LC4,left,518983,LC4,left,4
13132,LPLC2,left,15804,LPLC2,left,4
29319,LPLC2,left,13764,LPLC2,left,4
512705,LC4,left,27829,LC4,left,4
29955,LPLC2,left,517819,LPLC2,left,4
22218,LPLC2,right,35632,LPLC2,right,4
17668,LC4,right,19634,LC4,right,4
29955,LPLC2,left,520764,LPLC2,left,4
111903,LPLC2,left,17990,LPLC2,left,4
527408,LC4,right,20399,LC4,right,4
22218,LPLC2,right,50287,LPLC2,right,4
29986,LPLC2,right,10584,DNp06,right,4
17668,LC4,right,16138,LC4,right,4
23929,LC4,right,26112,LC4,right,4
22253,LPLC2,left,19911,LPLC2,left,4
111903,LPLC2,left,18936,LPLC2,left,4
17668,LC4,right,17054,LC4,right,4
22253,LPLC2,left,14030,LPLC2,left,4
13132,LPLC2,left,13764,LPLC2,left,4
23929,LC4,right,31262,LC4,right,4
22253,LPLC2,left,17880,LPLC2,left,4
512705,LC4,left,27750,LC4,left,4
29287,LPLC2,right,37613,LPLC2,right,4
525844,LPLC2,left,11498,LPLC2,left,4
512705,LC4,left,28980,LC4,left,4
22253,LPLC2,left,25575,LPLC2,left,4
24118,LPLC2,right,21318,LPLC2,right,4
24118,LPLC2,right,21045,LPLC2,right,4
22218,LPLC2,right,26147,LPLC2,right,4
13132,LPLC2,left,14102,LPLC2,left,4
17668,LC4,right,19954,LC4,right,4
24118,LPLC2,right,20162,LPLC2,right,4
512705,LC4,left,31308,LC4,left,4
22253,LPLC2,left,24308,LPLC2,left,4
17270,LC4,left,532254,LC4,left,4
29955,LPLC2,left,134521,LPLC2,left,4
29287,LPLC2,right,33185,LPLC2,right,4
29986,LPLC2,right,19146,LPLC2,right,4
29986,LPLC2,right,19034,LPLC2,right,4
512705,LC4,left,29417,LC4,left,4
22218,LPLC2,right,30041,LPLC2,right,4
29287,LPLC2,right,37925,LPLC2,right,4
524899,LC4,left,535341,LC4,left,4
29287,LPLC2,right,25511,LPLC2,right,4
22253,LPLC2,left,520764,LPLC2,left,4
21899,LPLC2,right,35632,LPLC2,right,4
22261,LPLC2,right,22218,LPLC2,right,4
22034,LC4,right,10584,DNp06,right,4
29955,LPLC2,left,19787,LPLC2,left,4
24187,LPLC2,right,21862,LPLC2,right,4
24187,LPLC2,right,21769,LPLC2,right,4
35889,LPLC2,right,31988,LPLC2,right,4
24187,LPLC2,right,20471,LPLC2,right,4
23919,LPLC2,left,28011,LPLC2,left,4
24187,LPLC2,right,20334,LPLC2,right,4
29287,LPLC2,right,21862,LPLC2,right,4
29287,LPLC2,right,23497,LPLC2,right,4
22034,LC4,right,20542,LC4,right,4
514508,LC4,left,17653,LC4,left,4
17774,LPLC2,left,17059,LPLC2,left,4
35616,LC4,left,514508,LC4,left,4
24187,LPLC2,right,18672,LPLC2,right,4
17653,LC4,left,22922,LC4,left,4
527408,LC4,right,23792,LC4,right,4
23919,LPLC2,left,27355,LPLC2,left,4
22261,LPLC2,right,20535,LPLC2,right,4
22261,LPLC2,right,23878,LPLC2,right,4
24187,LPLC2,right,29183,LPLC2,right,4
17653,LC4,left,20440,LC4,left,4
24187,LPLC2,right,29014,LPLC2,right,4
24187,LPLC2,right,28871,LPLC2,right,4
24187,LPLC2,right,28741,LPLC2,right,4
35616,LC4,left,28980,LC4,left,4
23919,LPLC2,left,25524,LPLC2,left,4
21899,LPLC2,right,26915,LPLC2,right,4
30041,LPLC2,right,21862,LPLC2,right,4
29287,LPLC2,right,19034,LPLC2,right,4
514508,LC4,left,31301,LC4,left,4
24187,LPLC2,right,26147,LPLC2,right,4
29287,LPLC2,right,20047,LPLC2,right,4
23919,LPLC2,left,26528,LPLC2,left,4
22261,LPLC2,right,25267,LPLC2,right,4
29955,LPLC2,left,18900,LPLC2,left,4
30041,LPLC2,right,20162,LPLC2,right,4
22261,LPLC2,right,20584,LPLC2,right,4
17653,LC4,left,23202,LC4,left,4
22253,LPLC2,left,525844,LPLC2,left,4
29986,LPLC2,right,29873,LPLC2,right,4
111903,LPLC2,left,29702,LPLC2,left,4
29986,LPLC2,right,28044,LPLC2,right,4
35616,LC4,left,533129,LC4,left,4
29319,LPLC2,left,23550,LPLC2,left,4
22261,LPLC2,right,17551,LPLC2,right,4
22194,LC4,right,20399,LC4,right,4
29287,LPLC2,right,24401,LPLC2,right,4
512366,LC4,left,532254,LC4,left,4
17270,LC4,left,111787,LC4,left,4
23919,LPLC2,left,33965,LPLC2,left,4
29287,LPLC2,right,24800,LPLC2,right,4
512705,LC4,left,524899,LC4,left,4
35632,LPLC2,right,10001,DNp01,right,4
22194,LC4,right,21336,LC4,right,4
525844,LPLC2,left,19911,LPLC2,left,4
17668,LC4,right,23098,LC4,right,4
29955,LPLC2,left,25209,LPLC2,left,4
23919,LPLC2,left,30893,LPLC2,left,4
22194,LC4,right,17926,LC4,right,4
24187,LPLC2,right,17551,LPLC2,right,4
29955,LPLC2,left,23550,LPLC2,left,4
22034,LC4,right,22194,LC4,right,4
29287,LPLC2,right,23590,LPLC2,right,4
24187,LPLC2,right,14465,LPLC2,right,4
514508,LC4,left,16917,LC4,left,4
29986,LPLC2,right,34110,LPLC2,right,4
24118,LPLC2,right,50287,LPLC2,right,4
29986,LPLC2,right,33396,LPLC2,right,4
512366,LC4,left,518439,LC4,left,4
29986,LPLC2,right,32507,LPLC2,right,4
13764,LPLC2,left,17544,LPLC2,left,4
17774,LPLC2,left,13132,LPLC2,left,4
22261,LPLC2,right,20103,LPLC2,right,4
22261,LPLC2,right,20047,LPLC2,right,4
17270,LC4,left,81112,LC4,left,4
24118,LPLC2,right,35838,LPLC2,right,4
514508,LC4,left,12349,LC4,left,4
29955,LPLC2,left,23349,LPLC2,left,4
30207,LPLC2,right,20182,LPLC2,right,4
21804,LC4,right,25584,LC4,right,4
23878,LPLC2,right,20584,LPLC2,right,4
29417,LC4,left,18396,LC4,left,4
514956,LC4,left,34845,LC4,left,4
22922,LC4,left,20976,LC4,left,4
21562,LPLC2,right,28044,LPLC2,right,4
22922,LC4,left,17653,LC4,left,4
21562,LPLC2,right,29183,LPLC2,right,4
23665,LPLC2,left,21361,LPLC2,left,4
524899,LC4,left,12824,LC4,left,4
23665,LPLC2,left,22557,LPLC2,left,4
514956,LC4,left,32597,LC4,left,4
24308,LPLC2,left,27023,LPLC2,left,4
29753,LPLC2,left,517819,LPLC2,left,4
17551,LPLC2,right,20103,LPLC2,right,4
13132,LPLC2,left,29702,LPLC2,left,4
37431,LPLC2,right,24401,LPLC2,right,4
134521,LPLC2,left,520764,LPLC2,left,4
24401,LPLC2,right,35838,LPLC2,right,4
100485,LC4,left,77614,LC4,left,4
17551,LPLC2,right,20103,LPLC2,right,4
17860,LC4,right,10584,DNp06,right,4
24523,LC4,left,12824,LC4,left,4
17551,LPLC2,right,19034,LPLC2,right,4
530029,LC4,left,29469,LC4,left,4
21562,LPLC2,right,23590,LPLC2,right,4
22922,LC4,left,81112,LC4,left,4
35262,LC4,left,518439,LC4,left,4
29753,LPLC2,left,32737,LPLC2,left,4
134521,LPLC2,left,511914,LC4,left,4
17860,LC4,right,17668,LC4,right,4
21562,LPLC2,right,24118,LPLC2,right,4
24523,LC4,left,20440,LC4,left,4
22922,LC4,left,33137,LC4,left,4
24523,LC4,left,18432,LC4,left,4
17860,LC4,right,17266,LC4,right,4
17551,LPLC2,right,17548,LC4,right,4
17860,LC4,right,16128,LC4,right,4
29417,LC4,left,20976,LC4,left,4
21562,LPLC2,right,25316,LPLC2,right,4
17059,LPLC2,left,40811,LPLC2,left,4
21562,LPLC2,right,26147,LPLC2,right,4
22847,LC4,right,22328,LC4,right,4
21562,LPLC2,right,35838,LPLC2,right,4
22847,LC4,right,22034,LC4,right,4
24401,LPLC2,right,27566,LPLC2,right,4
24401,LPLC2,right,26730,LPLC2,right,4
29183,LPLC2,right,21562,LPLC2,right,4
24401,LPLC2,right,26147,LPLC2,right,4
524899,LC4,left,18432,LC4,left,4
21703,LPLC2,right,20694,LPLC2,right,4
29815,LPLC2,left,17990,LPLC2,left,4
22847,LC4,right,17266,LC4,right,4
100485,LC4,left,518016,LC4,left,4
30512,LPLC2,left,18900,LPLC2,left,4
23665,LPLC2,left,29753,LPLC2,left,4
17551,LPLC2,right,21045,LPLC2,right,4
17551,LPLC2,right,21769,LPLC2,right,4
35889,LPLC2,right,19146,LPLC2,right,4
17775,LPLC2,left,33406,LPLC2,left,4
21703,LPLC2,right,21769,LPLC2,right,4
21703,LPLC2,right,21862,LPLC2,right,4
17059,LPLC2,left,531014,LPLC2,left,4
17775,LPLC2,left,34655,LPLC2,left,4
24401,LPLC2,right,28871,LPLC2,right,4
17364,LC4,right,19543,LC4,right,4
17364,LC4,right,17987,LC4,right,4
112292,LPLC2,left,23349,LPLC2,left,4
21562,LPLC2,right,39620,LPLC2,right,4
30512,LPLC2,left,24308,LPLC2,left,4
23665,LPLC2,left,25524,LPLC2,left,4
17059,LPLC2,left,518730,LC4,left,4
21703,LPLC2,right,10584,DNp06,right,4
30512,LPLC2,left,23665,LPLC2,left,4
37431,LPLC2,right,23878,LPLC2,right,4
29183,LPLC2,right,20282,LC4,right,4
22847,LC4,right,20588,LC4,right,4
17059,LPLC2,left,520764,LPLC2,left,4
514956,LC4,left,22772,LC4,left,4
21703,LPLC2,right,18929,LPLC2,right,4
30512,LPLC2,left,20799,LPLC2,left,4
22847,LC4,right,20399,LC4,right,4
29815,LPLC2,left,13764,LPLC2,left,4
22847,LC4,right,19543,LC4,right,4
24523,LC4,left,20572,LC4,left,4
29417,LC4,left,27829,LC4,left,4
17860,LC4,right,17926,LC4,right,4
21361,LPLC2,left,24308,LPLC2,left,4
23590,LPLC2,right,30207,LPLC2,right,4
21361,LPLC2,left,25027,LPLC2,left,4
17548,LC4,right,23098,LC4,right,4
13764,LPLC2,left,33137,LC4,left,4
17548,LC4,right,23792,LC4,right,4
21361,LPLC2,left,28011,LPLC2,left,4
12384,LPLC2,left,515971,LPLC2,left,4
35262,LC4,left,81112,LC4,left,4
17860,LC4,right,21804,LC4,right,4
515476,LC4,left,20572,LC4,left,4
29014,LPLC2,right,29986,LPLC2,right,4
112292,LPLC2,left,26416,LPLC2,left,4
24568,LPLC2,left,17059,LPLC2,left,4
29753,LPLC2,left,25209,LPLC2,left,4
29014,LPLC2,right,30041,LPLC2,right,4
30803,LC4,right,20542,LC4,right,4
29417,LC4,left,77614,LC4,left,4
17059,LPLC2,left,26528,LPLC2,left,4
35262,LC4,left,34845,LC4,left,4
24568,LPLC2,left,13764,LPLC2,left,4
17860,LC4,right,23392,LC4,right,4
22975,LC4,right,21225,LC4,right,4
24568,LPLC2,left,25209,LPLC2,left,4
17364,LC4,right,21287,LC4,right,4
17860,LC4,right,25584,LC4,right,4
23590,LPLC2,right,28741,LPLC2,right,4
524366,LPLC2,left,129687,LPLC2,left,4
21361,LPLC2,left,17990,LPLC2,left,4
22975,LC4,right,19543,LC4,right,4
134521,LPLC2,left,27796,LPLC2,left,4
22975,LC4,right,10584,DNp06,right,4
29014,LPLC2,right,27471,LPLC2,right,4
17364,LC4,right,21165,LC4,right,4
22966,LC4,right,527408,LC4,right,4
533895,LPLC2,left,111903,LPLC2,left,4
515476,LC4,left,29514,LC4,left,4
29417,LC4,left,111787,LC4,left,4
17364,LC4,right,21151,LC4,right,4
35680,LPLC2,right,26915,LPLC2,right,4
535341,LC4,left,22772,LC4,left,4
12824,LC4,left,12032,LC4,left,4
35262,LC4,left,514956,LC4,left,4
515476,LC4,left,12824,LC4,left,4
526286,LC4,left,519650,LC4,left,4
17548,LC4,right,26112,LC4,right,4
35680,LPLC2,right,25636,LPLC2,right,4
24523,LC4,left,515900,LC4,left,4
29014,LPLC2,right,37431,LPLC2,right,4
17860,LC4,right,19420,LC4,right,4
17551,LPLC2,right,16628,LC4,right,4
21562,LPLC2,right,20399,LC4,right,4
23665,LPLC2,left,13764,LPLC2,left,4
24523,LC4,left,23226,LC4,left,4
24523,LC4,left,22772,LC4,left,4
112292,LPLC2,left,25136,LPLC2,left,4
22922,LC4,left,515900,LC4,left,4
22922,LC4,left,512705,LC4,left,4
514956,LC4,left,518439,LC4,left,4
30512,LPLC2,left,35294,LPLC2,left,4
30803,LC4,right,10584,DNp06,right,4
23590,LPLC2,right,39620,LPLC2,right,4
533895,LPLC2,left,25027,LPLC2,left,4
17548,LC4,right,25584,LC4,right,4
524366,LPLC2,left,530029,LC4,left,4
515476,LC4,left,17608,LC4,left,4
30803,LC4,right,19794,LC4,right,4
524366,LPLC2,left,533895,LPLC2,left,4
24523,LC4,left,533129,LC4,left,4
29753,LPLC2,left,25854,LPLC2,left,4
21361,LPLC2,left,518731,LPLC2,left,4
23590,LPLC2,right,33694,LPLC2,right,4
35262,LC4,left,107513,LC4,left,4
17860,LC4,right,20399,LC4,right,4
29753,LPLC2,left,27716,LPLC2,left,4
23590,LPLC2,right,34372,LPLC2,right,4
24523,LC4,left,526286,LC4,left,4
35262,LC4,left,512366,LC4,left,4
515476,LC4,left,15018,LC4,left,4
35262,LC4,left,514508,LC4,left,4
30803,LC4,right,17364,LC4,right,4
112292,LPLC2,left,21361,LPLC2,left,4
524899,LC4,left,18478,LC4,left,4
514956,LC4,left,10228,DNp06,left,4
30207,LPLC2,right,26915,LPLC2,right,4
21769,LPLC2,right,24187,LPLC2,right,4
17551,LPLC2,right,29873,LPLC2,right,4
24308,LPLC2,left,520764,LPLC2,left,4
29183,LPLC2,right,35632,LPLC2,right,4
23792,LC4,right,26112,LC4,right,4
29873,LPLC2,right,10584,DNp06,right,4
29873,LPLC2,right,16628,LC4,right,4
511914,LC4,left,515900,LC4,left,4
29183,LPLC2,right,38542,LPLC2,right,4
23792,LC4,right,30803,LC4,right,4
533895,LPLC2,left,25524,LPLC2,left,4
29216,LPLC2,right,10584,DNp06,right,4
29873,LPLC2,right,18672,LPLC2,right,4
17551,LPLC2,right,30938,LPLC2,right,4
22677,LPLC2,right,19549,LPLC2,right,4
22677,LPLC2,right,19549,LPLC2,right,4
24308,LPLC2,left,34051,LPLC2,left,4
17340,LC4,left,518983,LC4,left,4
21769,LPLC2,right,23590,LPLC2,right,4
24308,LPLC2,left,33965,LPLC2,left,4
29391,LPLC2,right,27566,LPLC2,right,4
23792,LC4,right,19794,LC4,right,4
17775,LPLC2,left,23665,LPLC2,left,4
24338,LC4,right,18189,LC4,right,4
23792,LC4,right,20399,LC4,right,4
21769,LPLC2,right,20269,LPLC2,right,4
21769,LPLC2,right,20535,LPLC2,right,4
24338,LC4,right,17548,LC4,right,4
30207,LPLC2,right,29391,LPLC2,right,4
22677,LPLC2,right,23497,LPLC2,right,4
21769,LPLC2,right,21313,LC4,right,4
30207,LPLC2,right,29216,LPLC2,right,4
24338,LC4,right,16138,LC4,right,4
21769,LPLC2,right,21899,LPLC2,right,4
22677,LPLC2,right,22218,LPLC2,right,4
22677,LPLC2,right,21899,LPLC2,right,4
29815,LPLC2,left,517819,LPLC2,left,4
23792,LC4,right,22194,LC4,right,4
30207,LPLC2,right,22261,LPLC2,right,4
514670,LPLC2,left,26528,LPLC2,left,4
107513,LC4,left,81112,LC4,left,4
514670,LPLC2,left,24840,LPLC2,left,4
17551,LPLC2,right,35680,LPLC2,right,4
22557,LPLC2,left,536444,LPLC2,left,4
29873,LPLC2,right,20535,LPLC2,right,4
35294,LPLC2,left,30893,LPLC2,left,4
111787,LC4,left,14888,LC4,left,4
22557,LPLC2,left,517819,LPLC2,left,4
21804,LC4,right,20016,LC4,right,4
21804,LC4,right,20399,LC4,right,4
21804,LC4,right,20542,LC4,right,4
35294,LPLC2,left,31105,LPLC2,left,4
24308,LPLC2,left,28011,LPLC2,left,4
21804,LC4,right,21225,LC4,right,4
37431,LPLC2,right,20103,LPLC2,right,4
30207,LPLC2,right,20334,LPLC2,right,4
23878,LPLC2,right,20535,LPLC2,right,4
29873,LPLC2,right,21045,LPLC2,right,4
29873,LPLC2,right,21313,LC4,right,4
17551,LPLC2,right,35632,LPLC2,right,4
17266,LC4,right,23098,LC4,right,4
29391,LPLC2,right,25316,LPLC2,right,4
111787,LC4,left,12349,LC4,left,4
13764,LPLC2,left,29702,LPLC2,left,4
24308,LPLC2,left,32237,LPLC2,left,4
525844,LPLC2,left,26528,LPLC2,left,4
29873,LPLC2,right,19229,LPLC2,right,4
21769,LPLC2,right,32507,LPLC2,right,4
111787,LC4,left,10228,DNp06,left,4
23878,LPLC2,right,18672,LPLC2,right,4
21769,LPLC2,right,33439,LPLC2,right,4
112292,LPLC2,left,12824,LC4,left,4
29873,LPLC2,right,19842,LPLC2,right,4
21769,LPLC2,right,34681,LPLC2,right,4
21769,LPLC2,right,35680,LPLC2,right,4
24308,LPLC2,left,31105,LPLC2,left,4
22677,LPLC2,right,17548,LC4,right,4
17775,LPLC2,left,20799,LPLC2,left,4
21804,LC4,right,10584,DNp06,right,4
22677,LPLC2,right,14465,LPLC2,right,4
30207,LPLC2,right,30938,LPLC2,right,4
30207,LPLC2,right,31964,LPLC2,right,4
29815,LPLC2,left,23550,LPLC2,left,4
24401,LPLC2,right,20162,LPLC2,right,4
37431,LPLC2,right,21336,LC4,right,4
22772,LC4,left,24523,LC4,left,4
24401,LPLC2,right,19589,LPLC2,right,4
22772,LC4,left,23202,LC4,left,4
13726,LPLC2,left,112292,LPLC2,left,4
511914,LC4,left,22922,LC4,left,4
24401,LPLC2,right,19420,LC4,right,4
22772,LC4,left,20440,LC4,left,4
17266,LC4,right,17926,LC4,right,4
107513,LC4,left,16917,LC4,left,4
533895,LPLC2,left,517819,LPLC2,left,4
17551,LPLC2,right,25497,LPLC2,right,4
21721,LC4,left,20440,LC4,left,4
35889,LPLC2,right,20047,LPLC2,right,4
24338,LC4,right,28945,LC4,right,4
21721,LC4,left,22922,LC4,left,4
107513,LC4,left,22772,LC4,left,4
35294,LPLC2,left,23665,LPLC2,left,4
514670,LPLC2,left,518731,LPLC2,left,4
524899,LC4,left,20572,LC4,left,4
30480,LC4,right,23929,LC4,right,4
17775,LPLC2,left,31563,LPLC2,left,4
22772,LC4,left,514956,LC4,left,4
21703,LPLC2,right,24401,LPLC2,right,4
30512,LPLC2,left,13764,LPLC2,left,4
100485,LC4,left,519650,LC4,left,4
13726,LPLC2,left,95241,LPLC2,left,4
29815,LPLC2,left,24308,LPLC2,left,4
23665,LPLC2,left,35294,LPLC2,left,4
29391,LPLC2,right,55627,LPLC2,right,4
17364,LC4,right,16138,LC4,right,4
23665,LPLC2,left,41097,LPLC2,left,4
21703,LPLC2,right,25636,LPLC2,right,4
17266,LC4,right,10584,DNp06,right,4
17551,LPLC2,right,24187,LPLC2,right,4
30480,LC4,right,30041,LPLC2,right,4
30480,LC4,right,28945,LC4,right,4
24401,LPLC2,right,20269,LPLC2,right,4
21721,LC4,left,23226,LC4,left,4
21721,LC4,left,29469,LC4,left,4
21769,LPLC2,right,19550,LC4,right,4
30207,LPLC2,right,35838,LPLC2,right,4
17775,LPLC2,left,25136,LPLC2,left,4
21769,LPLC2,right,14465,LPLC2,right,4
107513,LC4,left,34845,LC4,left,4
37431,LPLC2,right,20535,LPLC2,right,4
23792,LC4,right,17860,LC4,right,4
22677,LPLC2,right,27566,LPLC2,right,4
24338,LC4,right,20588,LC4,right,4
107513,LC4,left,35262,LC4,left,4
21769,LPLC2,right,18929,LPLC2,right,4
24338,LC4,right,20399,LC4,right,4
21769,LPLC2,right,19146,LPLC2,right,4
22677,LPLC2,right,26730,LPLC2,right,4
21769,LPLC2,right,19229,LPLC2,right,4
29183,LPLC2,right,29287,LPLC2,right,4
112292,LPLC2,left,17775,LPLC2,left,4
17775,LPLC2,left,24308,LPLC2,left,4
13726,LPLC2,left,134521,LPLC2,left,4
29183,LPLC2,right,28741,LPLC2,right,4
35889,LPLC2,right,20584,LPLC2,right,4
525844,LPLC2,left,27796,LPLC2,left,4
29391,LPLC2,right,33439,LPLC2,right,4
29815,LPLC2,left,31563,LPLC2,left,4
29391,LPLC2,right,35632,LPLC2,right,4
21721,LC4,left,32597,LC4,left,4
24338,LC4,right,23392,LC4,right,4
29183,LPLC2,right,26393,LPLC2,right,4
35680,LPLC2,right,10584,DNp06,right,4
24338,LC4,right,22966,LC4,right,4
29391,LPLC2,right,34372,LPLC2,right,4
35889,LPLC2,right,20182,LPLC2,right,4
35889,LPLC2,right,20269,LPLC2,right,4
514670,LPLC2,left,41097,LPLC2,left,4
35294,LPLC2,left,25575,LPLC2,left,4
17775,LPLC2,left,25854,LPLC2,left,4
24338,LC4,right,22194,LC4,right,4
29183,LPLC2,right,27566,LPLC2,right,4
29815,LPLC2,left,40811,LPLC2,left,4
17775,LPLC2,left,25572,LPLC2,left,4
524899,LC4,left,17270,LC4,left,4
23392,LC4,right,20016,LC4,right,4
25584,LC4,right,26112,LC4,right,4
19787,LPLC2,left,20440,LC4,left,4
19787,LPLC2,left,17775,LPLC2,left,4
32223,LPLC2,left,524366,LPLC2,left,4
34110,LPLC2,right,20162,LPLC2,right,4
19787,LPLC2,left,17059,LPLC2,left,4
19034,LPLC2,right,20182,LPLC2,right,4
50287,LPLC2,right,29873,LPLC2,right,4
20329,LPLC2,left,23202,LC4,left,4
19034,LPLC2,right,20269,LPLC2,right,4
20329,LPLC2,left,23349,LPLC2,left,4
19787,LPLC2,left,13764,LPLC2,left,4
40841,LPLC2,left,14102,LPLC2,left,4
20329,LPLC2,left,25286,LPLC2,left,4
20329,LPLC2,left,25575,LPLC2,left,4
26730,LPLC2,right,19589,LPLC2,right,4
28003,LPLC2,right,29183,LPLC2,right,4
18672,LPLC2,right,18929,LPLC2,right,4
26730,LPLC2,right,19842,LPLC2,right,4
20329,LPLC2,left,29753,LPLC2,left,4
50287,LPLC2,right,31988,LPLC2,right,4
33396,LPLC2,right,19034,LPLC2,right,4
14465,LPLC2,right,24187,LPLC2,right,4
517819,LPLC2,left,524366,LPLC2,left,4
25572,LPLC2,left,517079,LPLC2,left,4
25575,LPLC2,left,17775,LPLC2,left,4
18672,LPLC2,right,21769,LPLC2,right,4
50287,LPLC2,right,26915,LPLC2,right,4
518016,LC4,left,17270,LC4,left,4
50287,LPLC2,right,27471,LPLC2,right,4
33303,LPLC2,left,520764,LPLC2,left,4
19787,LPLC2,left,25575,LPLC2,left,4
20282,LC4,right,23392,LC4,right,4
25575,LPLC2,left,15804,LPLC2,left,4
19034,LPLC2,right,19146,LPLC2,right,4
28003,LPLC2,right,23098,LC4,right,4
18672,LPLC2,right,21318,LPLC2,right,4
33303,LPLC2,left,536444,LPLC2,left,4
50287,LPLC2,right,28871,LPLC2,right,4
19787,LPLC2,left,23919,LPLC2,left,4
25572,LPLC2,left,532254,LC4,left,4
19034,LPLC2,right,19249,LPLC2,right,4
16138,LC4,right,17548,LC4,right,4
19034,LPLC2,right,19589,LPLC2,right,4
20329,LPLC2,left,29955,LPLC2,left,4
20329,LPLC2,left,32223,LPLC2,left,4
25497,LPLC2,right,24800,LPLC2,right,4
19634,LC4,right,20917,LC4,right,4
18478,LC4,left,519931,LC4,left,4
38542,LPLC2,right,27566,LPLC2,right,4
34407,LPLC2,left,29955,LPLC2,left,4
50287,LPLC2,right,38542,LPLC2,right,4
19634,LC4,right,19550,LC4,right,4
18478,LC4,left,515900,LC4,left,4
19634,LC4,right,19543,LC4,right,4
521115,LPLC2,left,18936,LPLC2,left,4
20334,LPLC2,right,19842,LPLC2,right,4
32223,LPLC2,left,23550,LPLC2,left,4
520449,LC4,left,533129,LC4,left,4
20334,LPLC2,right,20162,LPLC2,right,4
33396,LPLC2,right,28044,LPLC2,right,4
20334,LPLC2,right,20584,LPLC2,right,4
20334,LPLC2,right,20694,LPLC2,right,4
32223,LPLC2,left,20329,LPLC2,left,4
16138,LC4,right,20399,LC4,right,4
16138,LC4,right,20808,LC4,right,4
20334,LPLC2,right,24118,LPLC2,right,4
20334,LPLC2,right,17926,LC4,right,4
34110,LPLC2,right,18672,LPLC2,right,4
27624,LC4,left,35262,LC4,left,4
19634,LC4,right,21313,LC4,right,4
26730,LPLC2,right,20535,LPLC2,right,4
32223,LPLC2,left,29319,LPLC2,left,4
28003,LPLC2,right,29986,LPLC2,right,4
20329,LPLC2,left,40811,LPLC2,left,4
12032,LC4,left,33137,LC4,left,4
34407,LPLC2,left,27829,LC4,left,4
20329,LPLC2,left,112292,LPLC2,left,4
26730,LPLC2,right,20584,LPLC2,right,4
20329,LPLC2,left,134521,LPLC2,left,4
20329,LPLC2,left,514670,LPLC2,left,4
25572,LPLC2,left,23665,LPLC2,left,4
521115,LPLC2,left,17775,LPLC2,left,4
20329,LPLC2,left,517079,LPLC2,left,4
32223,LPLC2,left,27355,LPLC2,left,4
28003,LPLC2,right,30207,LPLC2,right,4
25572,LPLC2,left,21299,LPLC2,left,4
25572,LPLC2,left,20240,LPLC2,left,4
14102,LPLC2,left,25209,LPLC2,left,4
25572,LPLC2,left,19787,LPLC2,left,4
15804,LPLC2,left,22557,LPLC2,left,4
33303,LPLC2,left,517079,LPLC2,left,4
28003,LPLC2,right,22218,LPLC2,right,4
50287,LPLC2,right,21808,LPLC2,right,4
20269,LPLC2,right,20182,LPLC2,right,4
33303,LPLC2,left,27716,LPLC2,left,4
33303,LPLC2,left,28188,LPLC2,left,4
34407,LPLC2,left,19787,LPLC2,left,4
20269,LPLC2,right,20535,LPLC2,right,4
25575,LPLC2,left,520764,LPLC2,left,4
19794,LC4,right,20399,LC4,right,4
28003,LPLC2,right,17551,LPLC2,right,4
20269,LPLC2,right,21045,LPLC2,right,4
32237,LPLC2,left,40811,LPLC2,left,4
19794,LC4,right,19550,LC4,right,4
28003,LPLC2,right,18929,LPLC2,right,4
20269,LPLC2,right,21769,LPLC2,right,4
19794,LC4,right,19420,LC4,right,4
32237,LPLC2,left,34051,LPLC2,left,4
32237,LPLC2,left,33965,LPLC2,left,4
50287,LPLC2,right,22677,LPLC2,right,4
18936,LPLC2,left,32737,LPLC2,left,4
19794,LC4,right,16628,LC4,right,4
20269,LPLC2,right,20162,LPLC2,right,4
34407,LPLC2,left,18936,LPLC2,left,4
28003,LPLC2,right,21562,LPLC2,right,4
25575,LPLC2,left,533895,LPLC2,left,4
25584,LC4,right,19794,LC4,right,4
518731,LPLC2,left,24605,LPLC2,left,4
25584,LC4,right,19550,LC4,right,4
27716,LPLC2,left,21361,LPLC2,left,4
34407,LPLC2,left,17775,LPLC2,left,4
27829,LC4,left,520449,LC4,left,4
32507,LPLC2,right,18672,LPLC2,right,4
15804,LPLC2,left,24605,LPLC2,left,4
518731,LPLC2,left,25572,LPLC2,left,4
518016,LC4,left,518544,LC4,left,4
20240,LPLC2,left,533895,LPLC2,left,4
27829,LC4,left,532254,LC4,left,4
518731,LPLC2,left,25575,LPLC2,left,4
20269,LPLC2,right,10584,DNp06,right,4
536444,LPLC2,left,24308,LPLC2,left,4
26528,LPLC2,left,25854,LPLC2,left,4
26528,LPLC2,left,26416,LPLC2,left,4
19794,LC4,right,21313,LC4,right,4
16128,LC4,right,23098,LC4,right,4
20269,LPLC2,right,23497,LPLC2,right,4
18936,LPLC2,left,33303,LPLC2,left,4
20269,LPLC2,right,23590,LPLC2,right,4
32237,LPLC2,left,31105,LPLC2,left,4
19787,LPLC2,left,41097,LPLC2,left,4
18672,LPLC2,right,24800,LPLC2,right,4
518016,LC4,left,30087,LC4,left,4
28003,LPLC2,right,20182,LPLC2,right,4
12032,LC4,left,20859,LC4,left,4
518731,LPLC2,left,29815,LPLC2,left,4
26528,LPLC2,left,41097,LPLC2,left,4
12032,LC4,left,20976,LC4,left,4
518016,LC4,left,23202,LC4,left,4
50287,LPLC2,right,25253,LPLC2,right,4
18672,LPLC2,right,24187,LPLC2,right,4
28003,LPLC2,right,20749,LPLC2,right,4
20282,LC4,right,18189,LC4,right,4
18672,LPLC2,right,23497,LPLC2,right,4
25575,LPLC2,left,23202,LC4,left,4
32237,LPLC2,left,23919,LPLC2,left,4
518731,LPLC2,left,32737,LPLC2,left,4
26528,LPLC2,left,514670,LPLC2,left,4
532254,LC4,left,17270,LC4,left,4
50287,LPLC2,right,24187,LPLC2,right,4
20269,LPLC2,right,29287,LPLC2,right,4
33303,LPLC2,left,41097,LPLC2,left,4
20269,LPLC2,right,26730,LPLC2,right,4
19794,LC4,right,16128,LC4,right,4
28003,LPLC2,right,19229,LPLC2,right,4
18672,LPLC2,right,25253,LPLC2,right,4
518016,LC4,left,35262,LC4,left,4
28003,LPLC2,right,19249,LPLC2,right,4
520764,LPLC2,left,17880,LPLC2,left,4
20269,LPLC2,right,25497,LPLC2,right,4
20269,LPLC2,right,26393,LPLC2,right,4
19787,LPLC2,left,524366,LPLC2,left,4
15804,LPLC2,left,23550,LPLC2,left,4
26528,LPLC2,left,32223,LPLC2,left,4
20269,LPLC2,right,27471,LPLC2,right,4
25575,LPLC2,left,34407,LPLC2,left,4
20269,LPLC2,right,28003,LPLC2,right,4
20269,LPLC2,right,28044,LPLC2,right,4
520764,LPLC2,left,17059,LPLC2,left,4
14102,LPLC2,left,27716,LPLC2,left,4
20269,LPLC2,right,29216,LPLC2,right,4
26730,LPLC2,right,24800,LPLC2,right,4
20334,LPLC2,right,24187,LPLC2,right,4
25524,LPLC2,left,100103,LPLC2,left,4
12032,LC4,left,519650,LC4,left,4
20471,LPLC2,right,24401,LPLC2,right,4
18432,LC4,left,29514,LC4,left,4
33406,LPLC2,left,18900,LPLC2,left,4
520449,LC4,left,519931,LC4,left,4
34407,LPLC2,left,514670,LPLC2,left,4
16628,LC4,right,18127,LC4,right,4
19608,LPLC2,right,18672,LPLC2,right,4
20471,LPLC2,right,25511,LPLC2,right,4
28011,LPLC2,left,533895,LPLC2,left,4
55627,LPLC2,right,31964,LPLC2,right,4
20471,LPLC2,right,26147,LPLC2,right,4
25511,LPLC2,right,20162,LPLC2,right,4
19608,LPLC2,right,17668,LC4,right,4
20471,LPLC2,right,27566,LPLC2,right,4
20471,LPLC2,right,28003,LPLC2,right,4
26915,LPLC2,right,20182,LPLC2,right,4
55627,LPLC2,right,31988,LPLC2,right,4
28011,LPLC2,left,536444,LPLC2,left,4
518983,LC4,left,20572,LC4,left,4
19608,LPLC2,right,19229,LPLC2,right,4
18432,LC4,left,32597,LC4,left,4
20471,LPLC2,right,10584,DNp06,right,4
19608,LPLC2,right,19249,LPLC2,right,4
20471,LPLC2,right,17860,LC4,right,4
19034,LPLC2,right,26393,LPLC2,right,4
55627,LPLC2,right,29014,LPLC2,right,4
19034,LPLC2,right,26730,LPLC2,right,4
25511,LPLC2,right,25253,LPLC2,right,4
25511,LPLC2,right,24800,LPLC2,right,4
20471,LPLC2,right,19634,LC4,right,4
15804,LPLC2,left,17059,LPLC2,left,4
40811,LPLC2,left,32737,LPLC2,left,4
28011,LPLC2,left,517079,LPLC2,left,4
16628,LC4,right,17266,LC4,right,4
14102,LPLC2,left,21361,LPLC2,left,4
518983,LC4,left,17478,LC4,left,4
31988,LPLC2,right,19608,LPLC2,right,4
19608,LPLC2,right,19549,LPLC2,right,4
25511,LPLC2,right,21703,LPLC2,right,4
28011,LPLC2,left,525844,LPLC2,left,4
18432,LC4,left,33137,LC4,left,4
25511,LPLC2,right,20749,LPLC2,right,4
31964,LPLC2,right,33185,LPLC2,right,4
28044,LPLC2,right,18929,LPLC2,right,4
16628,LC4,right,19260,LC4,right,4
521115,LPLC2,left,25575,LPLC2,left,4
25497,LPLC2,right,27566,LPLC2,right,4
25497,LPLC2,right,27471,LPLC2,right,4
20535,LPLC2,right,20471,LPLC2,right,4
18432,LC4,left,12349,LC4,left,4
20535,LPLC2,right,20749,LPLC2,right,4
25497,LPLC2,right,26915,LPLC2,right,4
25497,LPLC2,right,26147,LPLC2,right,4
19589,LPLC2,right,29598,LPLC2,right,4
20535,LPLC2,right,21703,LPLC2,right,4
19589,LPLC2,right,29014,LPLC2,right,4
19589,LPLC2,right,28003,LPLC2,right,4
517819,LPLC2,left,14030,LPLC2,left,4
20535,LPLC2,right,21862,LPLC2,right,4
19589,LPLC2,right,27566,LPLC2,right,4
20535,LPLC2,right,21899,LPLC2,right,4
20535,LPLC2,right,22218,LPLC2,right,4
20535,LPLC2,right,22261,LPLC2,right,4
20535,LPLC2,right,23497,LPLC2,right,4
19589,LPLC2,right,27471,LPLC2,right,4
521115,LPLC2,left,26416,LPLC2,left,4
37613,LPLC2,right,37925,LPLC2,right,4
20535,LPLC2,right,19842,LPLC2,right,4
20471,LPLC2,right,39620,LPLC2,right,4
55627,LPLC2,right,33694,LPLC2,right,4
37613,LPLC2,right,55627,LPLC2,right,4
20471,LPLC2,right,35632,LPLC2,right,4
20471,LPLC2,right,35680,LPLC2,right,4
25497,LPLC2,right,35838,LPLC2,right,4
55627,LPLC2,right,34372,LPLC2,right,4
37613,LPLC2,right,39620,LPLC2,right,4
27566,LPLC2,right,29391,LPLC2,right,4
531014,LPLC2,left,515971,LPLC2,left,4
19589,LPLC2,right,29873,LPLC2,right,4
536444,LPLC2,left,34655,LPLC2,left,4
33406,LPLC2,left,23919,LPLC2,left,4
18432,LC4,left,20859,LC4,left,4
20535,LPLC2,right,19034,LPLC2,right,4
31964,LPLC2,right,29391,LPLC2,right,4
33406,LPLC2,left,24840,LPLC2,left,4
26915,LPLC2,right,22261,LPLC2,right,4
25497,LPLC2,right,30041,LPLC2,right,4
531014,LPLC2,left,517819,LPLC2,left,4
20471,LPLC2,right,10001,DNp01,right,4
32223,LPLC2,left,17880,LPLC2,left,4
31988,LPLC2,right,35889,LPLC2,right,4
19034,LPLC2,right,23497,LPLC2,right,4
19034,LPLC2,right,23590,LPLC2,right,4
19034,LPLC2,right,24118,LPLC2,right,4
16138,LC4,right,22966,LC4,right,4
33396,LPLC2,right,33185,LPLC2,right,4
31988,LPLC2,right,33439,LPLC2,right,4
28011,LPLC2,left,26528,LPLC2,left,4
33396,LPLC2,right,33694,LPLC2,right,4
20399,LC4,right,19794,LC4,right,4
33396,LPLC2,right,34681,LPLC2,right,4
25524,LPLC2,left,21361,LPLC2,left,4
16138,LC4,right,23392,LC4,right,4
27566,LPLC2,right,38542,LPLC2,right,4
27566,LPLC2,right,34681,LPLC2,right,4
536444,LPLC2,left,33406,LPLC2,left,4
28011,LPLC2,left,28188,LPLC2,left,4
16138,LC4,right,24338,LC4,right,4
31988,LPLC2,right,30207,LPLC2,right,4
28011,LPLC2,left,29815,LPLC2,left,4
34051,LPLC2,left,514670,LPLC2,left,4
28011,LPLC2,left,25209,LPLC2,left,4
19608,LPLC2,right,20535,LPLC2,right,4
20399,LC4,right,10584,DNp06,right,4
25524,LPLC2,left,40811,LPLC2,left,4
28011,LPLC2,left,14030,LPLC2,left,4
26730,LPLC2,right,25584,LC4,right,4
37925,LPLC2,right,21045,LPLC2,right,4
19608,LPLC2,right,35838,LPLC2,right,4
16138,LC4,right,21225,LC4,right,4
20334,LPLC2,right,29216,LPLC2,right,4
517819,LPLC2,left,32737,LPLC2,left,4
27624,LC4,left,16917,LC4,left,4
518731,LPLC2,left,525844,LPLC2,left,4
26730,LPLC2,right,27471,LPLC2,right,4
25524,LPLC2,left,29753,LPLC2,left,4
25524,LPLC2,left,27796,LPLC2,left,4
14465,LPLC2,right,26730,LPLC2,right,4
20334,LPLC2,right,37431,LPLC2,right,4
28011,LPLC2,left,24308,LPLC2,left,4
517819,LPLC2,left,29955,LPLC2,left,4
28011,LPLC2,left,24840,LPLC2,left,4
19608,LPLC2,right,31964,LPLC2,right,4
20399,LC4,right,22034,LC4,right,4
31988,LPLC2,right,30041,LPLC2,right,4
25524,LPLC2,left,15804,LPLC2,left,4
12032,LC4,left,515476,LC4,left,4
40811,LPLC2,left,34407,LPLC2,left,4
19608,LPLC2,right,21703,LPLC2,right,4
20440,LC4,left,31308,LC4,left,4
27566,LPLC2,right,33185,LPLC2,right,4
26730,LPLC2,right,37431,LPLC2,right,4
26730,LPLC2,right,37613,LPLC2,right,4
31988,LPLC2,right,24268,LPLC2,right,4
27566,LPLC2,right,32507,LPLC2,right,4
25511,LPLC2,right,31257,LPLC2,right,4
28011,LPLC2,left,34051,LPLC2,left,4
28011,LPLC2,left,34655,LPLC2,left,4
40811,LPLC2,left,33965,LPLC2,left,4
517819,LPLC2,left,22772,LC4,left,4
20440,LC4,left,515900,LC4,left,4
20440,LC4,left,516909,LC4,left,4
34407,LPLC2,left,41097,LPLC2,left,4
25511,LPLC2,right,29598,LPLC2,right,4
25511,LPLC2,right,29287,LPLC2,right,4
16138,LC4,right,527408,LC4,right,4
20440,LC4,left,29417,LC4,left,4
25511,LPLC2,right,33185,LPLC2,right,4
517819,LPLC2,left,24308,LPLC2,left,4
28011,LPLC2,left,30893,LPLC2,left,4
25524,LPLC2,left,13726,LPLC2,left,4
18478,LC4,left,18432,LC4,left,4
31988,LPLC2,right,28741,LPLC2,right,4
19608,LPLC2,right,24800,LPLC2,right,4
20399,LC4,right,31262,LC4,right,4
31988,LPLC2,right,27566,LPLC2,right,4
19034,LPLC2,right,25316,LPLC2,right,4
25511,LPLC2,right,39620,LPLC2,right,4
31988,LPLC2,right,26393,LPLC2,right,4
27566,LPLC2,right,33439,LPLC2,right,4
517819,LPLC2,left,25209,LPLC2,left,4
33396,LPLC2,right,38542,LPLC2,right,4
19034,LPLC2,right,26147,LPLC2,right,4
34051,LPLC2,left,41097,LPLC2,left,4
31988,LPLC2,right,25636,LPLC2,right,4
28011,LPLC2,left,32223,LPLC2,left,4
40811,LPLC2,left,34655,LPLC2,left,4
531014,LPLC2,left,518731,LPLC2,left,4
34110,LPLC2,right,24268,LPLC2,right,4
532254,LC4,left,20572,LC4,left,4
32507,LPLC2,right,20103,LPLC2,right,4
520764,LPLC2,left,23919,LPLC2,left,4
27796,LPLC2,left,23919,LPLC2,left,4
20103,LPLC2,right,10584,DNp06,right,4
26112,LC4,right,20808,LC4,right,4
20103,LPLC2,right,17551,LPLC2,right,4
32737,LPLC2,left,25575,LPLC2,left,4
18929,LPLC2,right,20182,LPLC2,right,4
27796,LPLC2,left,24840,LPLC2,left,4
26112,LC4,right,20399,LC4,right,4
40841,LPLC2,left,41097,LPLC2,left,4
20103,LPLC2,right,19549,LPLC2,right,4
38542,LPLC2,right,17364,LC4,right,4
27796,LPLC2,left,25572,LPLC2,left,4
518544,LC4,left,21721,LC4,left,4
32737,LPLC2,left,25136,LPLC2,left,4
20103,LPLC2,right,20182,LPLC2,right,4
27716,LPLC2,left,112292,LPLC2,left,4
26112,LC4,right,18127,LC4,right,4
26393,LPLC2,right,37613,LPLC2,right,4
20103,LPLC2,right,20535,LPLC2,right,4
27796,LPLC2,left,23550,LPLC2,left,4
20047,LPLC2,right,35680,LPLC2,right,4
33185,LPLC2,right,25497,LPLC2,right,4
26112,LC4,right,22194,LC4,right,4
15804,LPLC2,left,524366,LPLC2,left,4
38065,LC4,right,22034,LC4,right,4
518544,LC4,left,32597,LC4,left,4
20047,LPLC2,right,28003,LPLC2,right,4
18929,LPLC2,right,20584,LPLC2,right,4
26112,LC4,right,23929,LC4,right,4
20047,LPLC2,right,28871,LPLC2,right,4
20047,LPLC2,right,29014,LPLC2,right,4
20047,LPLC2,right,29014,LPLC2,right,4
26393,LPLC2,right,31964,LPLC2,right,4
26112,LC4,right,23792,LC4,right,4
26393,LPLC2,right,31988,LPLC2,right,4
41097,LPLC2,left,25136,LPLC2,left,4
38065,LC4,right,21804,LC4,right,4
38065,LC4,right,21313,LC4,right,4
26393,LPLC2,right,34372,LPLC2,right,4
20047,LPLC2,right,31988,LPLC2,right,4
26112,LC4,right,22328,LC4,right,4
20047,LPLC2,right,33185,LPLC2,right,4
26112,LC4,right,17548,LC4,right,4
26112,LC4,right,17364,LC4,right,4
20103,LPLC2,right,20749,LPLC2,right,4
518730,LC4,left,518439,LC4,left,4
20103,LPLC2,right,29014,LPLC2,right,4
533129,LC4,left,518016,LC4,left,4
20103,LPLC2,right,29598,LPLC2,right,4
25854,LPLC2,left,95241,LPLC2,left,4
11498,LPLC2,left,129687,LPLC2,left,4
518544,LC4,left,16917,LC4,left,4
32737,LPLC2,left,19787,LPLC2,left,4
520764,LPLC2,left,30893,LPLC2,left,4
20103,LPLC2,right,33396,LPLC2,right,4
15804,LPLC2,left,27399,LPLC2,left,4
518731,LPLC2,left,13726,LPLC2,left,4
20103,LPLC2,right,33694,LPLC2,right,4
27716,LPLC2,left,31563,LPLC2,left,4
18936,LPLC2,left,17544,LPLC2,left,4
34372,LPLC2,right,26730,LPLC2,right,4
20103,LPLC2,right,35889,LPLC2,right,4
532254,LC4,left,28980,LC4,left,4
20103,LPLC2,right,37613,LPLC2,right,4
18900,LPLC2,left,533895,LPLC2,left,4
518731,LPLC2,left,12032,LC4,left,4
536444,LPLC2,left,28188,LPLC2,left,4
18929,LPLC2,right,18672,LPLC2,right,4
518544,LC4,left,20572,LC4,left,4
27716,LPLC2,left,81112,LC4,left,4
41097,LPLC2,left,27355,LPLC2,left,4
18929,LPLC2,right,19146,LPLC2,right,4
27716,LPLC2,left,40841,LPLC2,left,4
32737,LPLC2,left,23550,LPLC2,left,4
27796,LPLC2,left,26416,LPLC2,left,4
25854,LPLC2,left,533895,LPLC2,left,4
20103,LPLC2,right,24268,LPLC2,right,4
532254,LC4,left,512366,LC4,left,4
33185,LPLC2,right,29216,LPLC2,right,4
20103,LPLC2,right,25316,LPLC2,right,4
25854,LPLC2,left,524366,LPLC2,left,4
27796,LPLC2,left,27716,LPLC2,left,4
518544,LC4,left,18478,LC4,left,4
27716,LPLC2,left,34407,LPLC2,left,4
15804,LPLC2,left,27716,LPLC2,left,4
32737,LPLC2,left,21361,LPLC2,left,4
25854,LPLC2,left,517079,LPLC2,left,4
38065,LC4,right,22328,LC4,right,4
20047,LPLC2,right,25511,LPLC2,right,4
20162,LPLC2,right,16128,LC4,right,4
19954,LC4,right,23392,LC4,right,4
14465,LPLC2,right,20047,LPLC2,right,4
26393,LPLC2,right,21862,LPLC2,right,4
26147,LPLC2,right,29391,LPLC2,right,4
536444,LPLC2,left,27023,LPLC2,left,4
19954,LC4,right,38065,LC4,right,4
536444,LPLC2,left,26528,LPLC2,left,4
20016,LC4,right,10584,DNp06,right,4
18929,LPLC2,right,37613,LPLC2,right,4
20016,LC4,right,16128,LC4,right,4
15804,LPLC2,left,32737,LPLC2,left,4
33185,LPLC2,right,21045,LPLC2,right,4
15804,LPLC2,left,129687,LPLC2,left,4
33137,LC4,left,22922,LC4,left,4
20016,LC4,right,20399,LC4,right,4
19911,LPLC2,left,32737,LPLC2,left,4
19911,LPLC2,left,32223,LPLC2,left,4
33185,LPLC2,right,21769,LPLC2,right,4
19911,LPLC2,left,30893,LPLC2,left,4
19911,LPLC2,left,29955,LPLC2,left,4
520764,LPLC2,left,25524,LPLC2,left,4
15804,LPLC2,left,33406,LPLC2,left,4
26393,LPLC2,right,30938,LPLC2,right,4
14465,LPLC2,right,16628,LC4,right,4
14465,LPLC2,right,19549,LPLC2,right,4
11498,LPLC2,left,24523,LC4,left,4
19954,LC4,right,17987,LC4,right,4
27750,LC4,left,29514,LC4,left,4
27750,LC4,left,30087,LC4,left,4
19954,LC4,right,19543,LC4,right,4
33185,LPLC2,right,19608,LPLC2,right,4
26393,LPLC2,right,20535,LPLC2,right,4
33137,LC4,left,518016,LC4,left,4
19911,LPLC2,left,517079,LPLC2,left,4
33137,LC4,left,517752,LC4,left,4
19911,LPLC2,left,134521,LPLC2,left,4
41097,LPLC2,left,12384,LPLC2,left,4
19954,LC4,right,21313,LC4,right,4
19954,LC4,right,21336,LC4,right,4
26147,LPLC2,right,32507,LPLC2,right,4
15804,LPLC2,left,35616,LC4,left,4
26147,LPLC2,right,31964,LPLC2,right,4
11498,LPLC2,left,25575,LPLC2,left,4
20016,LC4,right,21151,LC4,right,4
15804,LPLC2,left,511914,LC4,left,4
26147,LPLC2,right,24187,LPLC2,right,4
18929,LPLC2,right,26730,LPLC2,right,4
41097,LPLC2,left,23349,LPLC2,left,4
26393,LPLC2,right,29391,LPLC2,right,4
20047,LPLC2,right,21045,LPLC2,right,4
26393,LPLC2,right,29873,LPLC2,right,4
19911,LPLC2,left,23349,LPLC2,left,4
20047,LPLC2,right,21318,LPLC2,right,4
20047,LPLC2,right,21562,LPLC2,right,4
33185,LPLC2,right,25267,LPLC2,right,4
20047,LPLC2,right,21769,LPLC2,right,4
26147,LPLC2,right,16138,LC4,right,4
27796,LPLC2,left,17774,LPLC2,left,4
26112,LC4,right,31262,LC4,right,4
32737,LPLC2,left,129687,LPLC2,left,4
520764,LPLC2,left,28188,LPLC2,left,4
11498,LPLC2,left,20240,LPLC2,left,4
32737,LPLC2,left,111903,LPLC2,left,4
20047,LPLC2,right,24268,LPLC2,right,4
20047,LPLC2,right,25253,LPLC2,right,4
518730,LC4,left,511914,LC4,left,4
20047,LPLC2,right,20269,LPLC2,right,4
41097,LPLC2,left,23247,LPLC2,left,4
32737,LPLC2,left,517819,LPLC2,left,4
32737,LPLC2,left,533895,LPLC2,left,4
15804,LPLC2,left,512705,LC4,left,4
27750,LC4,left,12349,LC4,left,4
33137,LC4,left,17270,LC4,left,4
20016,LC4,right,23392,LC4,right,4
33137,LC4,left,12824,LC4,left,4
26147,LPLC2,right,21862,LPLC2,right,4
33137,LC4,left,12032,LC4,left,4
26147,LPLC2,right,21769,LPLC2,right,4
26147,LPLC2,right,21562,LPLC2,right,4
40841,LPLC2,left,517079,LPLC2,left,4
19911,LPLC2,left,26416,LPLC2,left,4
32737,LPLC2,left,525844,LPLC2,left,4
41097,LPLC2,left,22253,LPLC2,left,4
518730,LC4,left,35262,LC4,left,4
32737,LPLC2,left,524366,LPLC2,left,4
20047,LPLC2,right,19034,LPLC2,right,4
26393,LPLC2,right,28044,LPLC2,right,4
20047,LPLC2,right,19842,LPLC2,right,4
26416,LPLC2,left,23665,LPLC2,left,4
26416,LPLC2,left,25027,LPLC2,left,4
518731,LPLC2,left,24568,LPLC2,left,4
25636,LPLC2,right,21769,LPLC2,right,4
20182,LPLC2,right,29986,LPLC2,right,4
20182,LPLC2,right,30207,LPLC2,right,4
26528,LPLC2,left,17059,LPLC2,left,4
27716,LPLC2,left,23665,LPLC2,left,4
32507,LPLC2,right,29391,LPLC2,right,4
27829,LC4,left,23226,LC4,left,4
20182,LPLC2,right,32507,LPLC2,right,4
27716,LPLC2,left,23550,LPLC2,left,4
37925,LPLC2,right,35680,LPLC2,right,4
18900,LPLC2,left,20967,LC4,left,4
41097,LPLC2,left,525844,LPLC2,left,4
25636,LPLC2,right,20162,LPLC2,right,4
41097,LPLC2,left,531014,LPLC2,left,4
20182,LPLC2,right,35680,LPLC2,right,4
11498,LPLC2,left,533895,LPLC2,left,4
37925,LPLC2,right,34372,LPLC2,right,4
518439,LC4,left,16809,LC4,left,4
34372,LPLC2,right,37613,LPLC2,right,4
25636,LPLC2,right,19543,LC4,right,4
25636,LPLC2,right,21045,LPLC2,right,4
20182,LPLC2,right,28871,LPLC2,right,4
33303,LPLC2,left,13764,LPLC2,left,4
25636,LPLC2,right,21899,LPLC2,right,4
37925,LPLC2,right,37431,LPLC2,right,4
518731,LPLC2,left,19911,LPLC2,left,4
518439,LC4,left,22772,LC4,left,4
20182,LPLC2,right,24800,LPLC2,right,4
518439,LC4,left,21721,LC4,left,4
20182,LPLC2,right,25253,LPLC2,right,4
25636,LPLC2,right,25497,LPLC2,right,4
25636,LPLC2,right,25316,LPLC2,right,4
25636,LPLC2,right,25267,LPLC2,right,4
27716,LPLC2,left,25136,LPLC2,left,4
27829,LC4,left,20967,LC4,left,4
41097,LPLC2,left,517079,LPLC2,left,4
25636,LPLC2,right,24800,LPLC2,right,4
26416,LPLC2,left,518731,LPLC2,left,4
33303,LPLC2,left,19787,LPLC2,left,4
19830,LPLC2,left,27716,LPLC2,left,4
26416,LPLC2,left,525844,LPLC2,left,4
25636,LPLC2,right,23098,LC4,right,4
26528,LPLC2,left,10228,DNp06,left,4
18936,LPLC2,left,25575,LPLC2,left,4
32507,LPLC2,right,27471,LPLC2,right,4
19830,LPLC2,left,22557,LPLC2,left,4
32507,LPLC2,right,26730,LPLC2,right,4
25584,LC4,right,22847,LC4,right,4
40841,LPLC2,left,25027,LPLC2,left,4
25584,LC4,right,22034,LC4,right,4
50287,LPLC2,right,19146,LPLC2,right,4
518016,LC4,left,532254,LC4,left,4
20240,LPLC2,left,27716,LPLC2,left,4
34407,LPLC2,left,10228,DNp06,left,4
518016,LC4,left,526286,LC4,left,4
34407,LPLC2,left,12384,LPLC2,left,4
536444,LPLC2,left,24568,LPLC2,left,4
33303,LPLC2,left,24568,LPLC2,left,4
14465,LPLC2,right,22677,LPLC2,right,4
26528,LPLC2,left,22253,LPLC2,left,4
34407,LPLC2,left,13726,LPLC2,left,4
27829,LC4,left,518730,LC4,left,4
19830,LPLC2,left,14102,LPLC2,left,4
25584,LC4,right,20673,LC4,right,4
19830,LPLC2,left,13764,LPLC2,left,4
532254,LC4,left,515900,LC4,left,4
20240,LPLC2,left,25209,LPLC2,left,4
18672,LPLC2,right,34110,LPLC2,right,4
20240,LPLC2,left,25027,LPLC2,left,4
20240,LPLC2,left,20799,LPLC2,left,4
32507,LPLC2,right,26147,LPLC2,right,4
20240,LPLC2,left,17478,LC4,left,4
520764,LPLC2,left,515971,LPLC2,left,4
15804,LPLC2,left,25524,LPLC2,left,4
518439,LC4,left,12349,LC4,left,4
18900,LPLC2,left,13764,LPLC2,left,4
18900,LPLC2,left,13726,LPLC2,left,4
27829,LC4,left,35616,LC4,left,4
20240,LPLC2,left,23247,LPLC2,left,4
11498,LPLC2,left,17270,LC4,left,4
25027,LPLC2,left,524366,LPLC2,left,4
25584,LC4,right,24338,LC4,right,4
34372,LPLC2,right,55627,LPLC2,right,4
20240,LPLC2,left,23919,LPLC2,left,4
25584,LC4,right,23792,LC4,right,4
19830,LPLC2,left,20799,LPLC2,left,4
26528,LPLC2,left,18936,LPLC2,left,4
27829,LC4,left,512705,LC4,left,4
25636,LPLC2,right,27471,LPLC2,right,4
27829,LC4,left,20440,LC4,left,4
25854,LPLC2,left,31105,LPLC2,left,4
27716,LPLC2,left,30512,LPLC2,left,4
32597,LC4,left,517752,LC4,left,4
520764,LPLC2,left,33965,LPLC2,left,4
19842,LPLC2,right,19589,LPLC2,right,4
25854,LPLC2,left,24568,LPLC2,left,4
25854,LPLC2,left,23665,LPLC2,left,4
14102,LPLC2,left,134521,LPLC2,left,4
20162,LPLC2,right,24800,LPLC2,right,4
16128,LC4,right,18127,LC4,right,4
27796,LPLC2,left,40811,LPLC2,left,4
18900,LPLC2,left,31563,LPLC2,left,4
18936,LPLC2,left,19787,LPLC2,left,4
19842,LPLC2,right,19146,LPLC2,right,4
32597,LC4,left,37587,LC4,left,4
27716,LPLC2,left,29815,LPLC2,left,4
518439,LC4,left,514956,LC4,left,4
20162,LPLC2,right,28871,LPLC2,right,4
518439,LC4,left,512366,LC4,left,4
16128,LC4,right,19260,LC4,right,4
25854,LPLC2,left,17990,LPLC2,left,4
25854,LPLC2,left,24840,LPLC2,left,4
26416,LPLC2,left,27355,LPLC2,left,4
20182,LPLC2,right,21862,LPLC2,right,4
25854,LPLC2,left,25136,LPLC2,left,4
33185,LPLC2,right,32507,LPLC2,right,4
20162,LPLC2,right,18929,LPLC2,right,4
25854,LPLC2,left,30512,LPLC2,left,4
20162,LPLC2,right,19420,LC4,right,4
20162,LPLC2,right,19589,LPLC2,right,4
25854,LPLC2,left,29955,LPLC2,left,4
33185,LPLC2,right,33396,LPLC2,right,4
520764,LPLC2,left,32223,LPLC2,left,4
32597,LC4,left,533129,LC4,left,4
25854,LPLC2,left,27796,LPLC2,left,4
20162,LPLC2,right,20103,LPLC2,right,4
20162,LPLC2,right,20269,LPLC2,right,4
11498,LPLC2,left,512705,LC4,left,4
20162,LPLC2,right,20694,LPLC2,right,4
26416,LPLC2,left,25286,LPLC2,left,4
533129,LC4,left,518439,LC4,left,4
38065,LC4,right,16138,LC4,right,4
38542,LPLC2,right,20182,LPLC2,right,4
27796,LPLC2,left,33965,LPLC2,left,4
25854,LPLC2,left,17774,LPLC2,left,4
26416,LPLC2,left,29955,LPLC2,left,4
20162,LPLC2,right,30938,LPLC2,right,4
18936,LPLC2,left,20329,LPLC2,left,4
20182,LPLC2,right,19249,LPLC2,right,4
20182,LPLC2,right,19260,LC4,right,4
32597,LC4,left,15018,LC4,left,4
18936,LPLC2,left,21361,LPLC2,left,4
32597,LC4,left,12349,LC4,left,4
18900,LPLC2,left,25854,LPLC2,left,4
520764,LPLC2,left,22253,LPLC2,left,4
19830,LPLC2,left,515900,LC4,left,4
20182,LPLC2,right,20162,LPLC2,right,4
27716,LPLC2,left,25854,LPLC2,left,4
19830,LPLC2,left,112292,LPLC2,left,4
14102,LPLC2,left,40841,LPLC2,left,4
32507,LPLC2,right,38542,LPLC2,right,4
27829,LC4,left,10228,DNp06,left,4
20182,LPLC2,right,20584,LPLC2,right,4
19830,LPLC2,left,100103,LPLC2,left,4
18936,LPLC2,left,23919,LPLC2,left,4
41097,LPLC2,left,112292,LPLC2,left,4
19830,LPLC2,left,35294,LPLC2,left,4
32597,LC4,left,16917,LC4,left,4
27796,LPLC2,left,525844,LPLC2,left,4
18900,LPLC2,left,28188,LPLC2,left,4
20162,LPLC2,right,37431,LPLC2,right,4
16128,LC4,right,19543,LC4,right,4
18936,LPLC2,left,20799,LPLC2,left,4
32597,LC4,left,29469,LC4,left,4
14102,LPLC2,left,112292,LPLC2,left,4
15804,LPLC2,left,25575,LPLC2,left,4
20162,LPLC2,right,34372,LPLC2,right,4
20162,LPLC2,right,34681,LPLC2,right,4
41097,LPLC2,left,32737,LPLC2,left,4
518731,LPLC2,left,17880,LPLC2,left,4
20182,LPLC2,right,18929,LPLC2,right,4
41097,LPLC2,left,33406,LPLC2,left,4
18900,LPLC2,left,29815,LPLC2,left,4
40841,LPLC2,left,27399,LPLC2,left,4
27716,LPLC2,left,26528,LPLC2,left,4
520764,LPLC2,left,34655,LPLC2,left,4
14102,LPLC2,left,41097,LPLC2,left,4
26416,LPLC2,left,33406,LPLC2,left,4
34372,LPLC2,right,31257,LPLC2,right,4
31964,LPLC2,right,26147,LPLC2,right,4
20440,LC4,left,518983,LC4,left,4
19034,LPLC2,right,31964,LPLC2,right,4
14888,LC4,left,532254,LC4,left,4
20749,LPLC2,right,19034,LPLC2,right,4
27355,LPLC2,left,29319,LPLC2,left,4
31308,LC4,left,22922,LC4,left,4
531014,LPLC2,left,29702,LPLC2,left,4
25253,LPLC2,right,29183,LPLC2,right,4
25253,LPLC2,right,28871,LPLC2,right,4
39620,LPLC2,right,20535,LPLC2,right,4
31308,LC4,left,20572,LC4,left,4
519650,LC4,left,526286,LC4,left,4
25253,LPLC2,right,24118,LPLC2,right,4
533895,LPLC2,left,18900,LPLC2,left,4
28741,LPLC2,right,10584,DNp06,right,4
18127,LC4,right,19260,LC4,right,4
25253,LPLC2,right,25497,LPLC2,right,4
18127,LC4,right,17926,LC4,right,4
521115,LPLC2,left,517079,LPLC2,left,4
19260,LC4,right,21287,LC4,right,4
33694,LPLC2,right,24800,LPLC2,right,4
536444,LPLC2,left,521115,LPLC2,left,4
533129,LC4,left,22772,LC4,left,4
25253,LPLC2,right,33185,LPLC2,right,4
14030,LPLC2,left,30512,LPLC2,left,4
517079,LPLC2,left,18900,LPLC2,left,4
18127,LC4,right,21313,LC4,right,4
27355,LPLC2,left,23349,LPLC2,left,4
31308,LC4,left,516909,LC4,left,4
33694,LPLC2,right,20103,LPLC2,right,4
517079,LPLC2,left,15804,LPLC2,left,4
16809,LC4,left,35262,LC4,left,4
12349,LC4,left,515900,LC4,left,4
27471,LPLC2,right,26915,LPLC2,right,4
16809,LC4,left,37587,LC4,left,4
520449,LC4,left,28980,LC4,left,4
20694,LPLC2,right,35889,LPLC2,right,4
27355,LPLC2,left,25524,LPLC2,left,4
27355,LPLC2,left,25572,LPLC2,left,4
95241,LPLC2,left,14888,LC4,left,4
19420,LC4,right,10584,DNp06,right,4
18127,LC4,right,20673,LC4,right,4
531014,LPLC2,left,27716,LPLC2,left,4
27355,LPLC2,left,33965,LPLC2,left,4
27355,LPLC2,left,23247,LPLC2,left,4
33965,LPLC2,left,40811,LPLC2,left,4
12349,LC4,left,519931,LC4,left,4
25253,LPLC2,right,20471,LPLC2,right,4
39620,LPLC2,right,23590,LPLC2,right,4
27355,LPLC2,left,518731,LPLC2,left,4
519931,LC4,left,12824,LC4,left,4
31301,LC4,left,100485,LC4,left,4
34655,LPLC2,left,521115,LPLC2,left,4
33694,LPLC2,right,28871,LPLC2,right,4
20799,LPLC2,left,14030,LPLC2,left,4
31301,LC4,left,530029,LC4,left,4
16917,LC4,left,12032,LC4,left,4
27355,LPLC2,left,525844,LPLC2,left,4
25253,LPLC2,right,18929,LPLC2,right,4
33965,LPLC2,left,35294,LPLC2,left,4
19249,LPLC2,right,29014,LPLC2,right,4
33965,LPLC2,left,35262,LC4,left,4
28741,LPLC2,right,22194,LC4,right,4
27399,LPLC2,left,13132,LPLC2,left,4
519931,LC4,left,12349,LC4,left,4
31301,LC4,left,514508,LC4,left,4
95241,LPLC2,left,17775,LPLC2,left,4
37613,LPLC2,right,22218,LPLC2,right,4
27355,LPLC2,left,34051,LPLC2,left,4
27355,LPLC2,left,34655,LPLC2,left,4
28741,LPLC2,right,20047,LPLC2,right,4
25253,LPLC2,right,22218,LPLC2,right,4
39620,LPLC2,right,35632,LPLC2,right,4
33694,LPLC2,right,26915,LPLC2,right,4
20749,LPLC2,right,26147,LPLC2,right,4
19146,LPLC2,right,29287,LPLC2,right,4
28741,LPLC2,right,20103,LPLC2,right,4
25253,LPLC2,right,21808,LPLC2,right,4
517078,LPLC2,left,112292,LPLC2,left,4
25253,LPLC2,right,21769,LPLC2,right,4
27355,LPLC2,left,515971,LPLC2,left,4
533895,LPLC2,left,18936,LPLC2,left,4
20749,LPLC2,right,29391,LPLC2,right,4
18127,LC4,right,16128,LC4,right,4
31301,LC4,left,518439,LC4,left,4
28188,LPLC2,left,129687,LPLC2,left,4
28188,LPLC2,left,95241,LPLC2,left,4
33694,LPLC2,right,31257,LPLC2,right,4
81112,LC4,left,35616,LC4,left,4
18189,LC4,right,17860,LC4,right,4
27023,LPLC2,left,34655,LPLC2,left,4
519650,LC4,left,20976,LC4,left,4
81112,LC4,left,34845,LC4,left,4
33439,LPLC2,right,26730,LPLC2,right,4
521115,LPLC2,left,34051,LPLC2,left,4
19146,LPLC2,right,21318,LPLC2,right,4
28188,LPLC2,left,27796,LPLC2,left,4
27023,LPLC2,left,112292,LPLC2,left,4
12349,LC4,left,111787,LC4,left,4
18189,LC4,right,17548,LC4,right,4
517079,LPLC2,left,27355,LPLC2,left,4
19543,LC4,right,29563,LC4,right,4
20673,LC4,right,25584,LC4,right,4
40811,LPLC2,left,17775,LPLC2,left,4
20673,LC4,right,29563,LC4,right,4
28188,LPLC2,left,29815,LPLC2,left,4
27023,LPLC2,left,514670,LPLC2,left,4
18189,LC4,right,17926,LC4,right,4
19549,LPLC2,right,18929,LPLC2,right,4
20673,LC4,right,20542,LC4,right,4
19549,LPLC2,right,19550,LC4,right,4
19549,LPLC2,right,21769,LPLC2,right,4
34051,LPLC2,left,23919,LPLC2,left,4
28188,LPLC2,left,25286,LPLC2,left,4
519650,LC4,left,20572,LC4,left,4
19549,LPLC2,right,21045,LPLC2,right,4
25267,LPLC2,right,37925,LPLC2,right,4
25267,LPLC2,right,37431,LPLC2,right,4
535341,LC4,left,524899,LC4,left,4
520449,LC4,left,81112,LC4,left,4
20673,LC4,right,17926,LC4,right,4
31429,LC4,left,516909,LC4,left,4
81112,LC4,left,29469,LC4,left,4
33439,LPLC2,right,24268,LPLC2,right,4
27023,LPLC2,left,32237,LPLC2,left,4
14030,LPLC2,left,95241,LPLC2,left,4
20673,LC4,right,20016,LC4,right,4
25267,LPLC2,right,33185,LPLC2,right,4
19543,LC4,right,25584,LC4,right,4
20694,LPLC2,right,17926,LC4,right,4
33439,LPLC2,right,39620,LPLC2,right,4
28188,LPLC2,left,33965,LPLC2,left,4
55627,LPLC2,right,37925,LPLC2,right,4
533129,LC4,left,24523,LC4,left,4
517079,LPLC2,left,24605,LPLC2,left,4
19146,LPLC2,right,22677,LPLC2,right,4
19543,LC4,right,16138,LC4,right,4
19146,LPLC2,right,23497,LPLC2,right,4
27355,LPLC2,left,17880,LPLC2,left,4
20694,LPLC2,right,22218,LPLC2,right,4
19420,LC4,right,23392,LC4,right,4
25267,LPLC2,right,25497,LPLC2,right,4
12349,LC4,left,512366,LC4,left,4
27471,LPLC2,right,28871,LPLC2,right,4
536444,LPLC2,left,517079,LPLC2,left,4
20694,LPLC2,right,23878,LPLC2,right,4
531014,LPLC2,left,30893,LPLC2,left,4
536444,LPLC2,left,517079,LPLC2,left,4
19420,LC4,right,21287,LC4,right,4
25267,LPLC2,right,19842,LPLC2,right,4
27023,LPLC2,left,536444,LPLC2,left,4
517079,LPLC2,left,24840,LPLC2,left,4
521115,LPLC2,left,41097,LPLC2,left,4
40811,LPLC2,left,14102,LPLC2,left,4
27023,LPLC2,left,517819,LPLC2,left,4
19146,LPLC2,right,21862,LPLC2,right,4
517079,LPLC2,left,25572,LPLC2,left,4
81112,LC4,left,511914,LC4,left,4
19543,LC4,right,21313,LC4,right,4
31429,LC4,left,29417,LC4,left,4
27023,LPLC2,left,518730,LC4,left,4
25267,LPLC2,right,22677,LPLC2,right,4
19543,LC4,right,20542,LC4,right,4
25267,LPLC2,right,22218,LPLC2,right,4
20694,LPLC2,right,20162,LPLC2,right,4
521115,LPLC2,left,40841,LPLC2,left,4
19146,LPLC2,right,22218,LPLC2,right,4
19543,LC4,right,20016,LC4,right,4
28188,LPLC2,left,31105,LPLC2,left,4
19543,LC4,right,19954,LC4,right,4
33439,LPLC2,right,29216,LPLC2,right,4
20799,LPLC2,left,20329,LPLC2,left,4
517078,LPLC2,left,27796,LPLC2,left,4
19549,LPLC2,right,21804,LC4,right,4
31257,LPLC2,right,26730,LPLC2,right,4
34681,LPLC2,right,20808,LC4,right,4
39620,LPLC2,right,30207,LPLC2,right,4
27399,LPLC2,left,29815,LPLC2,left,4
17990,LPLC2,left,20799,LPLC2,left,4
12384,LPLC2,left,17544,LPLC2,left,4
31257,LPLC2,right,27566,LPLC2,right,4
516909,LC4,left,520449,LC4,left,4
37613,LPLC2,right,19842,LPLC2,right,4
17990,LPLC2,left,19911,LPLC2,left,4
20917,LC4,right,22034,LC4,right,4
17990,LPLC2,left,19830,LPLC2,left,4
516909,LC4,left,518730,LC4,left,4
19229,LPLC2,right,29986,LPLC2,right,4
20917,LC4,right,19550,LC4,right,4
28741,LPLC2,right,35680,LPLC2,right,4
25136,LPLC2,left,34051,LPLC2,left,4
28741,LPLC2,right,37925,LPLC2,right,4
25136,LPLC2,left,32237,LPLC2,left,4
27399,LPLC2,left,29702,LPLC2,left,4
17990,LPLC2,left,21361,LPLC2,left,4
20859,LC4,left,532254,LC4,left,4
20859,LC4,left,526286,LC4,left,4
16917,LC4,left,31301,LC4,left,4
16917,LC4,left,31429,LC4,left,4
20859,LC4,left,23202,LC4,left,4
17990,LPLC2,left,25524,LPLC2,left,4
19229,LPLC2,right,35889,LPLC2,right,4
19229,LPLC2,right,35680,LPLC2,right,4
17990,LPLC2,left,23919,LPLC2,left,4
25136,LPLC2,left,525844,LPLC2,left,4
31257,LPLC2,right,30207,LPLC2,right,4
28741,LPLC2,right,32507,LPLC2,right,4
28741,LPLC2,right,33185,LPLC2,right,4
27399,LPLC2,left,28011,LPLC2,left,4
17990,LPLC2,left,22557,LPLC2,left,4
533895,LPLC2,left,20329,LPLC2,left,4
33965,LPLC2,left,17775,LPLC2,left,4
31257,LPLC2,right,29287,LPLC2,right,4
516909,LC4,left,533129,LC4,left,4
524366,LPLC2,left,15804,LPLC2,left,4
28871,LPLC2,right,10584,DNp06,right,4
28741,LPLC2,right,30938,LPLC2,right,4
39620,LPLC2,right,29391,LPLC2,right,4
27399,LPLC2,left,521115,LPLC2,left,4
25136,LPLC2,left,17880,LPLC2,left,4
25136,LPLC2,left,17544,LPLC2,left,4
14888,LC4,left,20572,LC4,left,4
19229,LPLC2,right,22677,LPLC2,right,4
516909,LC4,left,22772,LC4,left,4
95241,LPLC2,left,111903,LPLC2,left,4
17987,LC4,right,24338,LC4,right,4
20967,LC4,left,512705,LC4,left,4
520449,LC4,left,12032,LC4,left,4
28871,LPLC2,right,20694,LPLC2,right,4
20967,LC4,left,515900,LC4,left,4
516909,LC4,left,20967,LC4,left,4
37613,LPLC2,right,17551,LPLC2,right,4
20967,LC4,left,518016,LC4,left,4
27399,LPLC2,left,112292,LPLC2,left,4
19229,LPLC2,right,21808,LPLC2,right,4
20967,LC4,left,526286,LC4,left,4
31257,LPLC2,right,20535,LPLC2,right,4
28871,LPLC2,right,20103,LPLC2,right,4
20967,LC4,left,20572,LC4,left,4
19229,LPLC2,right,24800,LPLC2,right,4
533129,LC4,left,18478,LC4,left,4
516909,LC4,left,81112,LC4,left,4
39620,LPLC2,right,27566,LPLC2,right,4
33965,LPLC2,left,24568,LPLC2,left,4
19229,LPLC2,right,26730,LPLC2,right,4
31257,LPLC2,right,22261,LPLC2,right,4
33965,LPLC2,left,29815,LPLC2,left,4
19229,LPLC2,right,26147,LPLC2,right,4
31257,LPLC2,right,22194,LC4,right,4
31257,LPLC2,right,21562,LPLC2,right,4
33965,LPLC2,left,24840,LPLC2,left,4
20967,LC4,left,12824,LC4,left,4
31257,LPLC2,right,21045,LPLC2,right,4
25136,LPLC2,left,24568,LPLC2,left,4
19229,LPLC2,right,25511,LPLC2,right,4
25136,LPLC2,left,23665,LPLC2,left,4
17990,LPLC2,left,12384,LPLC2,left,4
517078,LPLC2,left,15804,LPLC2,left,4
17990,LPLC2,left,25575,LPLC2,left,4
20799,LPLC2,left,23665,LPLC2,left,4
17990,LPLC2,left,41097,LPLC2,left,4
19249,LPLC2,right,21318,LPLC2,right,4
20799,LPLC2,left,32223,LPLC2,left,4
20799,LPLC2,left,33406,LPLC2,left,4
27399,LPLC2,left,19830,LPLC2,left,4
28741,LPLC2,right,26147,LPLC2,right,4
20799,LPLC2,left,40811,LPLC2,left,4
20799,LPLC2,left,95241,LPLC2,left,4
95241,LPLC2,left,21299,LPLC2,left,4
20799,LPLC2,left,112292,LPLC2,left,4
17990,LPLC2,left,40811,LPLC2,left,4
517078,LPLC2,left,24523,LC4,left,4
20799,LPLC2,left,134521,LPLC2,left,4
535341,LC4,left,518544,LC4,left,4
25209,LPLC2,left,30512,LPLC2,left,4
14888,LC4,left,111787,LC4,left,4
20799,LPLC2,left,517078,LPLC2,left,4
31262,LC4,right,28945,LC4,right,4
27399,LPLC2,left,22557,LPLC2,left,4
25209,LPLC2,left,33965,LPLC2,left,4
39620,LPLC2,right,24268,LPLC2,right,4
20799,LPLC2,left,30512,LPLC2,left,4
27399,LPLC2,left,17990,LPLC2,left,4
28741,LPLC2,right,23878,LPLC2,right,4
16917,LC4,left,15018,LC4,left,4
31301,LC4,left,20572,LC4,left,4
28741,LPLC2,right,24118,LPLC2,right,4
39620,LPLC2,right,23878,LPLC2,right,4
31301,LC4,left,17653,LC4,left,4
19249,LPLC2,right,23878,LPLC2,right,4
33694,LPLC2,right,33396,LPLC2,right,4
28741,LPLC2,right,24268,LPLC2,right,4
28741,LPLC2,right,25253,LPLC2,right,4
33694,LPLC2,right,33396,LPLC2,right,4
28741,LPLC2,right,25267,LPLC2,right,4
27471,LPLC2,right,20269,LPLC2,right,4
14030,LPLC2,left,27355,LPLC2,left,4
31301,LC4,left,16917,LC4,left,4
25209,LPLC2,left,34655,LPLC2,left,4
521115,LPLC2,left,517819,LPLC2,left,4
27471,LPLC2,right,19608,LPLC2,right,4
31262,LC4,right,25511,LPLC2,right,4
17990,LPLC2,left,25854,LPLC2,left,4
517078,LPLC2,left,17774,LPLC2,left,4
25209,LPLC2,left,22557,LPLC2,left,4
19249,LPLC2,right,16128,LC4,right,4
19249,LPLC2,right,14465,LPLC2,right,4
20808,LC4,right,26112,LC4,right,4
20808,LC4,right,29563,LC4,right,4
34681,LPLC2,right,20471,LPLC2,right,4
20808,LC4,right,30803,LC4,right,4
28741,LPLC2,right,29873,LPLC2,right,4
521115,LPLC2,left,536444,LPLC2,left,4
27399,LPLC2,left,23550,LPLC2,left,4
27399,LPLC2,left,25575,LPLC2,left,4
28741,LPLC2,right,30207,LPLC2,right,4
14888,LC4,left,33137,LC4,left,4
95241,LPLC2,left,24523,LC4,left,4
33965,LPLC2,left,13132,LPLC2,left,4
533129,LC4,left,20976,LC4,left,4
20859,LC4,left,17653,LC4,left,4
20859,LC4,left,18432,LC4,left,4
533129,LC4,left,17653,LC4,left,4
20808,LC4,right,22847,LC4,right,4
33965,LPLC2,left,32223,LPLC2,left,4
519931,LC4,left,511914,LC4,left,4
521115,LPLC2,left,518731,LPLC2,left,4
39620,LPLC2,right,30803,LC4,right,4
519931,LC4,left,100485,LC4,left,4
25209,LPLC2,left,28011,LPLC2,left,4
19146,LPLC2,right,37431,LPLC2,right,4
25209,LPLC2,left,27399,LPLC2,left,4
31262,LC4,right,21804,LC4,right,4
536444,LPLC2,left,525844,LPLC2,left,4
31262,LC4,right,20588,LC4,right,4
19249,LPLC2,right,19034,LPLC2,right,4
28741,LPLC2,right,28044,LPLC2,right,4
95241,LPLC2,left,22253,LPLC2,left,4
25209,LPLC2,left,25575,LPLC2,left,4
25209,LPLC2,left,25572,LPLC2,left,4
19249,LPLC2,right,17926,LC4,right,4
27399,LPLC2,left,24840,LPLC2,left,4
20808,LC4,right,21225,LC4,right,4
37613,LPLC2,right,27471,LPLC2,right,4
518730,LC4,left,20976,LC4,left,4
20542,LC4,right,22034,LC4,right,4
31563,LPLC2,left,27796,LPLC2,left,4
27023,LPLC2,left,24568,LPLC2,left,4
19034,LPLC2,right,34681,LPLC2,right,4
31964,LPLC2,right,21808,LPLC2,right,4
28188,LPLC2,left,18900,LPLC2,left,4
521115,LPLC2,left,29319,LPLC2,left,4
26915,LPLC2,right,29183,LPLC2,right,4
33439,LPLC2,right,20047,LPLC2,right,4
27023,LPLC2,left,19787,LPLC2,left,4
20584,LPLC2,right,29986,LPLC2,right,4
19549,LPLC2,right,29986,LPLC2,right,4
31964,LPLC2,right,21703,LPLC2,right,4
31563,LPLC2,left,29753,LPLC2,left,4
33406,LPLC2,left,33303,LPLC2,left,4
517079,LPLC2,left,518731,LPLC2,left,4
25286,LPLC2,left,32237,LPLC2,left,4
18189,LC4,right,20808,LC4,right,4
20542,LC4,right,21165,LC4,right,4
19589,LPLC2,right,20162,LPLC2,right,4
20584,LPLC2,right,29183,LPLC2,right,4
20584,LPLC2,right,21769,LPLC2,right,4
518983,LC4,left,35616,LC4,left,4
19034,LPLC2,right,37431,LPLC2,right,4
15018,LC4,left,512366,LC4,left,4
519650,LC4,left,17270,LC4,left,4
25497,LPLC2,right,20535,LPLC2,right,4
40811,LPLC2,left,27716,LPLC2,left,4
25316,LPLC2,right,19550,LC4,right,4
517752,LC4,left,518983,LC4,left,4
14102,LPLC2,left,12384,LPLC2,left,4
20572,LC4,left,31301,LC4,left,4
15018,LC4,left,35262,LC4,left,4
25286,LPLC2,left,26416,LPLC2,left,4
518983,LC4,left,512705,LC4,left,4
27023,LPLC2,left,25854,LPLC2,left,4
517079,LPLC2,left,134521,LPLC2,left,4
81112,LC4,left,16809,LC4,left,4
25286,LPLC2,left,27624,LC4,left,4
519650,LC4,left,17340,LC4,left,4
20584,LPLC2,right,20103,LPLC2,right,4
77614,LC4,left,17653,LC4,left,4
26915,LPLC2,right,35680,LPLC2,right,4
20584,LPLC2,right,20182,LPLC2,right,4
27023,LPLC2,left,25524,LPLC2,left,4
28044,LPLC2,right,28871,LPLC2,right,4
19549,LPLC2,right,26730,LPLC2,right,4
25316,LPLC2,right,29391,LPLC2,right,4
20584,LPLC2,right,20334,LPLC2,right,4
519650,LC4,left,17478,LC4,left,4
20542,LC4,right,21804,LC4,right,4
77614,LC4,left,519650,LC4,left,4
20584,LPLC2,right,28044,LPLC2,right,4
517752,LC4,left,32597,LC4,left,4
25497,LPLC2,right,10584,DNp06,right,4
26915,LPLC2,right,30207,LPLC2,right,4
77614,LC4,left,517752,LC4,left,4
28044,LPLC2,right,24800,LPLC2,right,4
25316,LPLC2,right,37613,LPLC2,right,4
12349,LC4,left,30087,LC4,left,4
19549,LPLC2,right,37613,LPLC2,right,4
34051,LPLC2,left,29319,LPLC2,left,4
20584,LPLC2,right,25267,LPLC2,right,4
18189,LC4,right,21225,LC4,right,4
26915,LPLC2,right,33396,LPLC2,right,4
20572,LC4,left,22922,LC4,left,4
25286,LPLC2,left,518731,LPLC2,left,4
19146,LPLC2,right,19229,LPLC2,right,4
16628,LC4,right,21336,LC4,right,4
19034,LPLC2,right,50287,LPLC2,right,4
20572,LC4,left,14888,LC4,left,4
33406,LPLC2,left,29815,LPLC2,left,4
38542,LPLC2,right,35680,LPLC2,right,4
18189,LC4,right,21313,LC4,right,4
25316,LPLC2,right,33439,LPLC2,right,4
20572,LC4,left,17478,LC4,left,4
28044,LPLC2,right,24401,LPLC2,right,4
28044,LPLC2,right,24268,LPLC2,right,4
20572,LC4,left,20859,LC4,left,4
518983,LC4,left,533129,LC4,left,4
25286,LPLC2,left,34051,LPLC2,left,4
27566,LPLC2,right,19229,LPLC2,right,4
517752,LC4,left,514508,LC4,left,4
33406,LPLC2,left,32237,LPLC2,left,4
16628,LC4,right,21151,LC4,right,4
19589,LPLC2,right,20047,LPLC2,right,4
12349,LC4,left,31429,LC4,left,4
20572,LC4,left,20976,LC4,left,4
19589,LPLC2,right,19842,LPLC2,right,4
20584,LPLC2,right,21769,LPLC2,right,4
519650,LC4,left,12032,LC4,left,4
20542,LC4,right,23098,LC4,right,4
27023,LPLC2,left,23550,LPLC2,left,4
20584,LPLC2,right,21808,LPLC2,right,4
38542,LPLC2,right,39620,LPLC2,right,4
517752,LC4,left,12824,LC4,left,4
31563,LPLC2,left,24840,LPLC2,left,4
19549,LPLC2,right,35632,LPLC2,right,4
37613,LPLC2,right,31262,LC4,right,4
518983,LC4,left,535341,LC4,left,4
517079,LPLC2,left,533895,LPLC2,left,4
28044,LPLC2,right,37431,LPLC2,right,4
37613,LPLC2,right,29183,LPLC2,right,4
25497,LPLC2,right,20584,LPLC2,right,4
533129,LC4,left,28980,LC4,left,4
25497,LPLC2,right,24187,LPLC2,right,4
20572,LC4,left,516909,LC4,left,4
19034,LPLC2,right,31988,LPLC2,right,4
28188,LPLC2,left,21361,LPLC2,left,4
31563,LPLC2,left,15804,LPLC2,left,4
34051,LPLC2,left,30893,LPLC2,left,4
28188,LPLC2,left,23550,LPLC2,left,4
16628,LC4,right,20542,LC4,right,4
19589,LPLC2,right,23878,LPLC2,right,4
16628,LC4,right,22194,LC4,right,4
26915,LPLC2,right,38542,LPLC2,right,4
27023,LPLC2,left,14030,LPLC2,left,4
19550,LC4,right,20588,LC4,right,4
19550,LC4,right,20399,LC4,right,4
31964,LPLC2,right,23590,LPLC2,right,4
14102,LPLC2,left,12824,LC4,left,4
31964,LPLC2,right,23497,LPLC2,right,4
19589,LPLC2,right,22677,LPLC2,right,4
25286,LPLC2,left,16809,LC4,left,4
25286,LPLC2,left,13764,LPLC2,left,4
34655,LPLC2,left,27023,LPLC2,left,4
20535,LPLC2,right,39620,LPLC2,right,4
27023,LPLC2,left,15804,LPLC2,left,4
20588,LC4,right,21336,LC4,right,4
38542,LPLC2,right,31988,LPLC2,right,4
20535,LPLC2,right,28741,LPLC2,right,4
521115,LPLC2,left,29955,LPLC2,left,4
38542,LPLC2,right,32507,LPLC2,right,4
25497,LPLC2,right,21899,LPLC2,right,4
20572,LC4,left,515476,LC4,left,4
19549,LPLC2,right,21899,LPLC2,right,4
517819,LPLC2,left,12384,LPLC2,left,4
20535,LPLC2,right,26393,LPLC2,right,4
28188,LPLC2,left,24308,LPLC2,left,4
518983,LC4,left,518730,LC4,left,4
25497,LPLC2,right,23878,LPLC2,right,4
20584,LPLC2,right,14465,LPLC2,right,4
31964,LPLC2,right,24401,LPLC2,right,4
28044,LPLC2,right,33694,LPLC2,right,4
19589,LPLC2,right,24800,LPLC2,right,4
521115,LPLC2,left,33406,LPLC2,left,4
25497,LPLC2,right,21769,LPLC2,right,4
33406,LPLC2,left,26416,LPLC2,left,4
28188,LPLC2,left,24605,LPLC2,left,4
533129,LC4,left,29469,LC4,left,4
31563,LPLC2,left,518731,LPLC2,left,4
38542,LPLC2,right,37613,LPLC2,right,4
20588,LC4,right,22966,LC4,right,4
28044,LPLC2,right,29391,LPLC2,right,4
18189,LC4,right,19954,LC4,right,4
20572,LC4,left,31429,LC4,left,4
40811,LPLC2,left,25209,LPLC2,left,4
19589,LPLC2,right,26147,LPLC2,right,4
19550,LC4,right,23098,LC4,right,4
20588,LC4,right,24338,LC4,right,4
28044,LPLC2,right,35632,LPLC2,right,4
533895,LPLC2,left,17059,LPLC2,left,4
25286,LPLC2,left,20329,LPLC2,left,4
31964,LPLC2,right,22261,LPLC2,right,4
25286,LPLC2,left,23349,LPLC2,left,4
28044,LPLC2,right,29183,LPLC2,right,4
14030,LPLC2,left,517078,LPLC2,left,4
28044,LPLC2,right,29014,LPLC2,right,4
27023,LPLC2,left,27796,LPLC2,left,4
81112,LC4,left,17478,LC4,left,4
40811,LPLC2,left,28188,LPLC2,left,4
28044,LPLC2,right,21769,LPLC2,right,4
517752,LC4,left,532254,LC4,left,4
518983,LC4,left,517752,LC4,left,4
20588,LC4,right,20399,LC4,right,4
33439,LPLC2,right,22261,LPLC2,right,4
77614,LC4,left,30087,LC4,left,4
20535,LPLC2,right,50287,LPLC2,right,4
19034,LPLC2,right,32507,LPLC2,right,4
19550,LC4,right,21313,LC4,right,4
20588,LC4,right,22847,LC4,right,4
81112,LC4,left,18478,LC4,left,4
25316,LPLC2,right,22966,LC4,right,4
19549,LPLC2,right,23590,LPLC2,right,4
28044,LPLC2,right,29986,LPLC2,right,4
26915,LPLC2,right,33439,LPLC2,right,3
27750,LC4,left,29417,LC4,left,3
35838,LPLC2,right,26730,LPLC2,right,3
23497,LPLC2,right,20535,LPLC2,right,3
39620,LPLC2,right,24187,LPLC2,right,3
532254,LC4,left,518544,LC4,left,3
27566,LPLC2,right,24268,LPLC2,right,3
23878,LPLC2,right,22261,LPLC2,right,3
35889,LPLC2,right,21899,LPLC2,right,3
27716,LPLC2,left,40811,LPLC2,left,3
112292,LPLC2,left,25209,LPLC2,left,3
23590,LPLC2,right,19249,LPLC2,right,3
26416,LPLC2,left,25575,LPLC2,left,3
15804,LPLC2,left,29702,LPLC2,left,3
526286,LC4,left,21721,LC4,left,3
26915,LPLC2,right,33694,LPLC2,right,3
23878,LPLC2,right,24187,LPLC2,right,3
27716,LPLC2,left,33303,LPLC2,left,3
40841,LPLC2,left,31105,LPLC2,left,3
27566,LPLC2,right,22677,LPLC2,right,3
27566,LPLC2,right,24118,LPLC2,right,3
27399,LPLC2,left,23202,LC4,left,3
38542,LPLC2,right,35889,LPLC2,right,3
29469,LC4,left,20967,LC4,left,3
23497,LPLC2,right,22261,LPLC2,right,3
40811,LPLC2,left,25524,LPLC2,left,3
29391,LPLC2,right,20334,LPLC2,right,3
14888,LC4,left,37587,LC4,left,3
26915,LPLC2,right,35838,LPLC2,right,3
29417,LC4,left,31308,LC4,left,3
26416,LPLC2,left,24605,LPLC2,left,3
15804,LPLC2,left,27355,LPLC2,left,3
29469,LC4,left,20976,LC4,left,3
26416,LPLC2,left,17880,LPLC2,left,3
17364,LC4,right,20588,LC4,right,3
111903,LPLC2,left,525844,LPLC2,left,3
23497,LPLC2,right,22677,LPLC2,right,3
23590,LPLC2,right,35889,LPLC2,right,3
26915,LPLC2,right,34681,LPLC2,right,3
26416,LPLC2,left,14888,LC4,left,3
23590,LPLC2,right,37613,LPLC2,right,3
23497,LPLC2,right,21562,LPLC2,right,3
15018,LC4,left,515476,LC4,left,3
40841,LPLC2,left,30512,LPLC2,left,3
26915,LPLC2,right,50287,LPLC2,right,3
23590,LPLC2,right,50287,LPLC2,right,3
27399,LPLC2,left,24605,LPLC2,left,3
23665,LPLC2,left,13726,LPLC2,left,3
39620,LPLC2,right,33185,LPLC2,right,3
23497,LPLC2,right,21769,LPLC2,right,3
39620,LPLC2,right,25253,LPLC2,right,3
27566,LPLC2,right,31988,LPLC2,right,3
23878,LPLC2,right,25636,LPLC2,right,3
26730,LPLC2,right,10001,DNp01,right,3
27399,LPLC2,left,25209,LPLC2,left,3
27399,LPLC2,left,33965,LPLC2,left,3
23878,LPLC2,right,35680,LPLC2,right,3
533129,LC4,left,514508,LC4,left,3
15018,LC4,left,535341,LC4,left,3
27566,LPLC2,right,29287,LPLC2,right,3
40841,LPLC2,left,520764,LPLC2,left,3
27566,LPLC2,right,26393,LPLC2,right,3
17364,LC4,right,21336,LC4,right,3
26915,LPLC2,right,21318,LPLC2,right,3
26393,LPLC2,right,24800,LPLC2,right,3
27566,LPLC2,right,26147,LPLC2,right,3
533129,LC4,left,511914,LC4,left,3
40811,LPLC2,left,27796,LPLC2,left,3
23590,LPLC2,right,22677,LPLC2,right,3
29563,LC4,right,17860,LC4,right,3
40811,LPLC2,left,30895,LPLC2,left,3
14888,LC4,left,29469,LC4,left,3
27566,LPLC2,right,29873,LPLC2,right,3
27399,LPLC2,left,31308,LC4,left,3
27399,LPLC2,left,31105,LPLC2,left,3
23878,LPLC2,right,33694,LPLC2,right,3
27716,LPLC2,left,533895,LPLC2,left,3
532254,LC4,left,100485,LC4,left,3
14465,LPLC2,right,20535,LPLC2,right,3
35838,LPLC2,right,37431,LPLC2,right,3
26393,LPLC2,right,29183,LPLC2,right,3
27750,LC4,left,17608,LC4,left,3
23878,LPLC2,right,37613,LPLC2,right,3
38542,LPLC2,right,30938,LPLC2,right,3
27566,LPLC2,right,27471,LPLC2,right,3
23392,LC4,right,20282,LC4,right,3
41097,LPLC2,left,14030,LPLC2,left,3
27399,LPLC2,left,514670,LPLC2,left,3
29417,LC4,left,512705,LC4,left,3
27399,LPLC2,left,129687,LPLC2,left,3
29563,LC4,right,20588,LC4,right,3
23392,LC4,right,20542,LC4,right,3
26393,LPLC2,right,20471,LPLC2,right,3
29319,LPLC2,left,33303,LPLC2,left,3
29319,LPLC2,left,34051,LPLC2,left,3
14465,LPLC2,right,19589,LPLC2,right,3
17478,LC4,left,512705,LC4,left,3
29563,LC4,right,20542,LC4,right,3
13726,LPLC2,left,34407,LPLC2,left,3
532254,LC4,left,77614,LC4,left,3
27566,LPLC2,right,28871,LPLC2,right,3
23392,LC4,right,21313,LC4,right,3
39620,LPLC2,right,28871,LPLC2,right,3
14888,LC4,left,20859,LC4,left,3
35889,LPLC2,right,24118,LPLC2,right,3
29417,LC4,left,518016,LC4,left,3
23392,LC4,right,22194,LC4,right,3
27399,LPLC2,left,34407,LPLC2,left,3
23878,LPLC2,right,55627,LPLC2,right,3
14888,LC4,left,23226,LC4,left,3
27716,LPLC2,left,524366,LPLC2,left,3
27716,LPLC2,left,520764,LPLC2,left,3
29514,LC4,left,514508,LC4,left,3
40841,LPLC2,left,111903,LPLC2,left,3
26393,LPLC2,right,33396,LPLC2,right,3
26393,LPLC2,right,33694,LPLC2,right,3
17340,LC4,left,77614,LC4,left,3
35838,LPLC2,right,25636,LPLC2,right,3
26915,LPLC2,right,29986,LPLC2,right,3
23497,LPLC2,right,19229,LPLC2,right,3
29514,LC4,left,517752,LC4,left,3
23497,LPLC2,right,19608,LPLC2,right,3
29514,LC4,left,515476,LC4,left,3
27566,LPLC2,right,30207,LPLC2,right,3
26915,LPLC2,right,30938,LPLC2,right,3
40811,LPLC2,left,31563,LPLC2,left,3
17478,LC4,left,33137,LC4,left,3
40811,LPLC2,left,32237,LPLC2,left,3
23497,LPLC2,right,20162,LPLC2,right,3
40811,LPLC2,left,26416,LPLC2,left,3
26393,LPLC2,right,35680,LPLC2,right,3
29469,LC4,left,18478,LC4,left,3
26915,LPLC2,right,16138,LC4,right,3
26915,LPLC2,right,14465,LPLC2,right,3
27399,LPLC2,left,25524,LPLC2,left,3
17478,LC4,left,32597,LC4,left,3
38542,LPLC2,right,29986,LPLC2,right,3
17364,LC4,right,23392,LC4,right,3
23497,LPLC2,right,20471,LPLC2,right,3
35838,LPLC2,right,34372,LPLC2,right,3
26915,LPLC2,right,29873,LPLC2,right,3
112292,LPLC2,left,28011,LPLC2,left,3
14465,LPLC2,right,28044,LPLC2,right,3
23878,LPLC2,right,31964,LPLC2,right,3
35889,LPLC2,right,23590,LPLC2,right,3
533129,LC4,left,20572,LC4,left,3
26915,LPLC2,right,20535,LPLC2,right,3
23497,LPLC2,right,14465,LPLC2,right,3
29417,LC4,left,107513,LC4,left,3
40841,LPLC2,left,134521,LPLC2,left,3
111903,LPLC2,left,518731,LPLC2,left,3
112292,LPLC2,left,26528,LPLC2,left,3
26393,LPLC2,right,30041,LPLC2,right,3
27399,LPLC2,left,29955,LPLC2,left,3
26915,LPLC2,right,20471,LPLC2,right,3
14465,LPLC2,right,28003,LPLC2,right,3
129687,LPLC2,left,18900,LPLC2,left,3
23590,LPLC2,right,21862,LPLC2,right,3
29469,LC4,left,14888,LC4,left,3
111903,LPLC2,left,520449,LC4,left,3
40811,LPLC2,left,27355,LPLC2,left,3
40841,LPLC2,left,129687,LPLC2,left,3
29514,LC4,left,519650,LC4,left,3
526286,LC4,left,518983,LC4,left,3
23878,LPLC2,right,29216,LPLC2,right,3
26730,LPLC2,right,34681,LPLC2,right,3
40811,LPLC2,left,31105,LPLC2,left,3
35838,LPLC2,right,35680,LPLC2,right,3
27471,LPLC2,right,20584,LPLC2,right,3
129687,LPLC2,left,12384,LPLC2,left,3
526286,LC4,left,519931,LC4,left,3
26730,LPLC2,right,22218,LPLC2,right,3
26528,LPLC2,left,27355,LPLC2,left,3
23792,LC4,right,18189,LC4,right,3
27471,LPLC2,right,33439,LPLC2,right,3
26528,LPLC2,left,27399,LPLC2,left,3
112292,LPLC2,left,17880,LPLC2,left,3
29417,LC4,left,16917,LC4,left,3
26528,LPLC2,left,27796,LPLC2,left,3
40811,LPLC2,left,23550,LPLC2,left,3
23792,LC4,right,17926,LC4,right,3
26528,LPLC2,left,28011,LPLC2,left,3
40811,LPLC2,left,17059,LPLC2,left,3
27471,LPLC2,right,34110,LPLC2,right,3
26528,LPLC2,left,28188,LPLC2,left,3
29469,LC4,left,100485,LC4,left,3
29469,LC4,left,519650,LC4,left,3
112292,LPLC2,left,35294,LPLC2,left,3
23792,LC4,right,17266,LC4,right,3
27023,LPLC2,left,518016,LC4,left,3
23665,LPLC2,left,27355,LPLC2,left,3
40841,LPLC2,left,23247,LPLC2,left,3
26528,LPLC2,left,29753,LPLC2,left,3
26528,LPLC2,left,29955,LPLC2,left,3
26730,LPLC2,right,20269,LPLC2,right,3
112292,LPLC2,left,517079,LPLC2,left,3
40811,LPLC2,left,17608,LC4,left,3
35889,LPLC2,right,20103,LPLC2,right,3
112292,LPLC2,left,517078,LPLC2,left,3
23665,LPLC2,left,27399,LPLC2,left,3
26528,LPLC2,left,30512,LPLC2,left,3
27471,LPLC2,right,32507,LPLC2,right,3
38542,LPLC2,right,22261,LPLC2,right,3
26730,LPLC2,right,20584,LPLC2,right,3
27471,LPLC2,right,29014,LPLC2,right,3
29514,LC4,left,12349,LC4,left,3
26528,LPLC2,left,20240,LPLC2,left,3
27355,LPLC2,left,22557,LPLC2,left,3
39620,LPLC2,right,38542,LPLC2,right,3
13726,LPLC2,left,29815,LPLC2,left,3
27566,LPLC2,right,19146,LPLC2,right,3
29391,LPLC2,right,26915,LPLC2,right,3
27355,LPLC2,left,20240,LPLC2,left,3
26730,LPLC2,right,21862,LPLC2,right,3
17340,LC4,left,519650,LC4,left,3
26730,LPLC2,right,21808,LPLC2,right,3
17364,LC4,right,18189,LC4,right,3
23792,LC4,right,21287,LC4,right,3
23550,LPLC2,left,134521,LPLC2,left,3
23792,LC4,right,20016,LC4,right,3
27355,LPLC2,left,17990,LPLC2,left,3
23550,LPLC2,left,112292,LPLC2,left,3
532254,LC4,left,526286,LC4,left,3
27355,LPLC2,left,14030,LPLC2,left,3
15804,LPLC2,left,19830,LPLC2,left,3
23792,LC4,right,20808,LC4,right,3
23550,LPLC2,left,24308,LPLC2,left,3
15018,LC4,left,27829,LC4,left,3
29391,LPLC2,right,29598,LPLC2,right,3
23550,LPLC2,left,24568,LPLC2,left,3
27355,LPLC2,left,13132,LPLC2,left,3
23792,LC4,right,20282,LC4,right,3
26528,LPLC2,left,25524,LPLC2,left,3
14465,LPLC2,right,31257,LPLC2,right,3
40841,LPLC2,left,22557,LPLC2,left,3
17364,LC4,right,17860,LC4,right,3
27023,LPLC2,left,31301,LC4,left,3
15804,LPLC2,left,23247,LPLC2,left,3
29391,LPLC2,right,39620,LPLC2,right,3
27716,LPLC2,left,17270,LC4,left,3
27716,LPLC2,left,17059,LPLC2,left,3
26528,LPLC2,left,134521,LPLC2,left,3
40811,LPLC2,left,19911,LPLC2,left,3
39620,LPLC2,right,18127,LC4,right,3
23550,LPLC2,left,31105,LPLC2,left,3
38542,LPLC2,right,24338,LC4,right,3
27023,LPLC2,left,32737,LPLC2,left,3
26528,LPLC2,left,517078,LPLC2,left,3
23550,LPLC2,left,34407,LPLC2,left,3
29391,LPLC2,right,50287,LPLC2,right,3
26528,LPLC2,left,524366,LPLC2,left,3
15804,LPLC2,left,23247,LPLC2,left,3
26730,LPLC2,right,18929,LPLC2,right,3
40841,LPLC2,left,17774,LPLC2,left,3
40811,LPLC2,left,20329,LPLC2,left,3
23665,LPLC2,left,31563,LPLC2,left,3
29469,LC4,left,511914,LC4,left,3
23665,LPLC2,left,32237,LPLC2,left,3
23550,LPLC2,left,33965,LPLC2,left,3
27716,LPLC2,left,13764,LPLC2,left,3
27716,LPLC2,left,12384,LPLC2,left,3
23550,LPLC2,left,32737,LPLC2,left,3
26528,LPLC2,left,533895,LPLC2,left,3
26730,LPLC2,right,18189,LC4,right,3
23665,LPLC2,left,34051,LPLC2,left,3
112292,LPLC2,left,111903,LPLC2,left,3
35889,LPLC2,right,19842,LPLC2,right,3
27023,LPLC2,left,27829,LC4,left,3
23665,LPLC2,left,29702,LPLC2,left,3
40841,LPLC2,left,22253,LPLC2,left,3
14465,LPLC2,right,25316,LPLC2,right,3
15804,LPLC2,left,23665,LPLC2,left,3
26730,LPLC2,right,19550,LC4,right,3
15018,LC4,left,29469,LC4,left,3
23550,LPLC2,left,27399,LPLC2,left,3
23550,LPLC2,left,35294,LPLC2,left,3
112292,LPLC2,left,516909,LC4,left,3
27023,LPLC2,left,111903,LPLC2,left,3
23665,LPLC2,left,28188,LPLC2,left,3
23665,LPLC2,left,29319,LPLC2,left,3
40811,LPLC2,left,17990,LPLC2,left,3
14465,LPLC2,right,24800,LPLC2,right,3
23665,LPLC2,left,521115,LPLC2,left,3
27471,LPLC2,right,37431,LPLC2,right,3
15804,LPLC2,left,23349,LPLC2,left,3
26730,LPLC2,right,19146,LPLC2,right,3
27716,LPLC2,left,18900,LPLC2,left,3
23550,LPLC2,left,29319,LPLC2,left,3
26528,LPLC2,left,34051,LPLC2,left,3
38542,LPLC2,right,24118,LPLC2,right,3
27023,LPLC2,left,40841,LPLC2,left,3
23665,LPLC2,left,29815,LPLC2,left,3
23665,LPLC2,left,30512,LPLC2,left,3
26730,LPLC2,right,19034,LPLC2,right,3
23665,LPLC2,left,517078,LPLC2,left,3
26528,LPLC2,left,41097,LPLC2,left,3
29391,LPLC2,right,38065,LC4,right,3
40811,LPLC2,left,525844,LPLC2,left,3
15804,LPLC2,left,25286,LPLC2,left,3
112292,LPLC2,left,30512,LPLC2,left,3
27471,LPLC2,right,27566,LPLC2,right,3
14465,LPLC2,right,27566,LPLC2,right,3
29514,LC4,left,29417,LC4,left,3
29469,LC4,left,28980,LC4,left,3
26730,LPLC2,right,29287,LPLC2,right,3
29417,LC4,left,20967,LC4,left,3
27716,LPLC2,left,26416,LPLC2,left,3
27566,LPLC2,right,21045,LPLC2,right,3
29417,LC4,left,20440,LC4,left,3
23497,LPLC2,right,29287,LPLC2,right,3
13726,LPLC2,left,517079,LPLC2,left,3
13726,LPLC2,left,33303,LPLC2,left,3
27355,LPLC2,left,517079,LPLC2,left,3
23497,LPLC2,right,29598,LPLC2,right,3
27023,LPLC2,left,17880,LPLC2,left,3
40811,LPLC2,left,112292,LPLC2,left,3
27355,LPLC2,left,514670,LPLC2,left,3
27716,LPLC2,left,25575,LPLC2,left,3
27566,LPLC2,right,20182,LPLC2,right,3
27023,LPLC2,left,20329,LPLC2,left,3
17340,LC4,left,515900,LC4,left,3
23665,LPLC2,left,20799,LPLC2,left,3
17340,LC4,left,516909,LC4,left,3
27355,LPLC2,left,134521,LPLC2,left,3
29391,LPLC2,right,24800,LPLC2,right,3
27471,LPLC2,right,22677,LPLC2,right,3
23878,LPLC2,right,19634,LC4,right,3
112292,LPLC2,left,23919,LPLC2,left,3
40811,LPLC2,left,134521,LPLC2,left,3
23878,LPLC2,right,19589,LPLC2,right,3
40841,LPLC2,left,27023,LPLC2,left,3
29417,LC4,left,12032,LC4,left,3
27355,LPLC2,left,521115,LPLC2,left,3
23878,LPLC2,right,21318,LPLC2,right,3
27716,LPLC2,left,29955,LPLC2,left,3
29391,LPLC2,right,20749,LPLC2,right,3
27471,LPLC2,right,20749,LPLC2,right,3
29417,LC4,left,29469,LC4,left,3
15804,LPLC2,left,17653,LC4,left,3
23497,LPLC2,right,25511,LPLC2,right,3
26416,LPLC2,left,27796,LPLC2,left,3
35838,LPLC2,right,33185,LPLC2,right,3
27399,LPLC2,left,13764,LPLC2,left,3
23878,LPLC2,right,21703,LPLC2,right,3
40841,LPLC2,left,29753,LPLC2,left,3
40841,LPLC2,left,28011,LPLC2,left,3
23590,LPLC2,right,14465,LPLC2,right,3
26730,LPLC2,right,33396,LPLC2,right,3
23497,LPLC2,right,28003,LPLC2,right,3
27399,LPLC2,left,12384,LPLC2,left,3
29469,LC4,left,27750,LC4,left,3
14465,LPLC2,right,21318,LPLC2,right,3
533129,LC4,left,35616,LC4,left,3
526286,LC4,left,22772,LC4,left,3
533129,LC4,left,12824,LC4,left,3
23878,LPLC2,right,20694,LPLC2,right,3
17364,LC4,right,26112,LC4,right,3
40811,LPLC2,left,25286,LPLC2,left,3
23665,LPLC2,left,17990,LPLC2,left,3
35838,LPLC2,right,27566,LPLC2,right,3
23550,LPLC2,left,535341,LC4,left,3
40841,LPLC2,left,27716,LPLC2,left,3
26416,LPLC2,left,100103,LPLC2,left,3
533129,LC4,left,21721,LC4,left,3
23665,LPLC2,left,20967,LC4,left,3
112292,LPLC2,left,14102,LPLC2,left,3
35889,LPLC2,right,21165,LC4,right,3
14888,LC4,left,535341,LC4,left,3
26730,LPLC2,right,24401,LPLC2,right,3
15018,LC4,left,12349,LC4,left,3
26730,LPLC2,right,24268,LPLC2,right,3
23792,LC4,right,527408,LC4,right,3
23497,LPLC2,right,50287,LPLC2,right,3
27355,LPLC2,left,26416,LPLC2,left,3
23665,LPLC2,left,24308,LPLC2,left,3
40811,LPLC2,left,520764,LPLC2,left,3
38542,LPLC2,right,28044,LPLC2,right,3
112292,LPLC2,left,23550,LPLC2,left,3
27355,LPLC2,left,25854,LPLC2,left,3
112292,LPLC2,left,526286,LC4,left,3
23497,LPLC2,right,37613,LPLC2,right,3
23665,LPLC2,left,24568,LPLC2,left,3
26528,LPLC2,left,17880,LPLC2,left,3
23792,LC4,right,29563,LC4,right,3
15018,LC4,left,17608,LC4,left,3
26528,LPLC2,left,18900,LPLC2,left,3
35838,LPLC2,right,29287,LPLC2,right,3
27355,LPLC2,left,25209,LPLC2,left,3
533129,LC4,left,22922,LC4,left,3
40811,LPLC2,left,524366,LPLC2,left,3
27023,LPLC2,left,23665,LPLC2,left,3
26730,LPLC2,right,22677,LPLC2,right,3
27023,LPLC2,left,24308,LPLC2,left,3
27355,LPLC2,left,23919,LPLC2,left,3
27624,LC4,left,20859,LC4,left,3
533895,LPLC2,left,30512,LPLC2,left,3
26416,LPLC2,left,111903,LPLC2,left,3
533129,LC4,left,31308,LC4,left,3
14888,LC4,left,519931,LC4,left,3
23497,LPLC2,right,33396,LPLC2,right,3
23878,LPLC2,right,19249,LPLC2,right,3
29514,LC4,left,20572,LC4,left,3
29417,LC4,left,18478,LC4,left,3
26416,LPLC2,left,517079,LPLC2,left,3
27355,LPLC2,left,33303,LPLC2,left,3
40841,LPLC2,left,25286,LPLC2,left,3
14888,LC4,left,526286,LC4,left,3
27624,LC4,left,17608,LC4,left,3
27566,LPLC2,right,19589,LPLC2,right,3
40841,LPLC2,left,25209,LPLC2,left,3
39620,LPLC2,right,21045,LPLC2,right,3
27355,LPLC2,left,32223,LPLC2,left,3
29417,LC4,left,17608,LC4,left,3
40841,LPLC2,left,25209,LPLC2,left,3
27716,LPLC2,left,24308,LPLC2,left,3
27566,LPLC2,right,19543,LC4,right,3
17478,LC4,left,18432,LC4,left,3
17340,LC4,left,518016,LC4,left,3
29469,LC4,left,32597,LC4,left,3
27716,LPLC2,left,23919,LPLC2,left,3
26528,LPLC2,left,14030,LPLC2,left,3
26730,LPLC2,right,25497,LPLC2,right,3
112292,LPLC2,left,536444,LPLC2,left,3
27023,LPLC2,left,23247,LPLC2,left,3
26730,LPLC2,right,25267,LPLC2,right,3
14888,LC4,left,533129,LC4,left,3
15804,LPLC2,left,24568,LPLC2,left,3
28871,LPLC2,right,21562,LPLC2,right,3
26393,LPLC2,right,19608,LPLC2,right,3
77614,LC4,left,518016,LC4,left,3
25286,LPLC2,left,41097,LPLC2,left,3
100485,LC4,left,10228,DNp06,left,3
17059,LPLC2,left,21361,LPLC2,left,3
25286,LPLC2,left,32223,LPLC2,left,3
24568,LPLC2,left,520764,LPLC2,left,3
28188,LPLC2,left,17775,LPLC2,left,3
37613,LPLC2,right,29287,LPLC2,right,3
28188,LPLC2,left,18936,LPLC2,left,3
24568,LPLC2,left,531014,LPLC2,left,3
530029,LC4,left,518730,LC4,left,3
24568,LPLC2,left,536444,LPLC2,left,3
533895,LPLC2,left,17774,LPLC2,left,3
17059,LPLC2,left,20799,LPLC2,left,3
25286,LPLC2,left,28188,LPLC2,left,3
28188,LPLC2,left,20240,LPLC2,left,3
25286,LPLC2,left,26528,LPLC2,left,3
28188,LPLC2,left,20329,LPLC2,left,3
81112,LC4,left,17270,LC4,left,3
24605,LPLC2,left,13726,LPLC2,left,3
28188,LPLC2,left,22557,LPLC2,left,3
24605,LPLC2,left,14888,LC4,left,3
17059,LPLC2,left,19911,LPLC2,left,3
29014,LPLC2,right,20269,LPLC2,right,3
28188,LPLC2,left,14102,LPLC2,left,3
531014,LPLC2,left,95241,LPLC2,left,3
25511,LPLC2,right,20584,LPLC2,right,3
28188,LPLC2,left,13726,LPLC2,left,3
100485,LC4,left,17653,LC4,left,3
24568,LPLC2,left,29319,LPLC2,left,3
25316,LPLC2,right,20282,LC4,right,3
25316,LPLC2,right,20269,LPLC2,right,3
28044,LPLC2,right,34372,LPLC2,right,3
25316,LPLC2,right,20162,LPLC2,right,3
25316,LPLC2,right,19229,LPLC2,right,3
28044,LPLC2,right,38542,LPLC2,right,3
28044,LPLC2,right,39620,LPLC2,right,3
14030,LPLC2,left,515971,LPLC2,left,3
16628,LC4,right,23098,LC4,right,3
24568,LPLC2,left,34407,LPLC2,left,3
531014,LPLC2,left,100103,LPLC2,left,3
25286,LPLC2,left,536444,LPLC2,left,3
13764,LPLC2,left,40841,LPLC2,left,3
24568,LPLC2,left,40841,LPLC2,left,3
24568,LPLC2,left,41097,LPLC2,left,3
25286,LPLC2,left,520764,LPLC2,left,3
13764,LPLC2,left,95241,LPLC2,left,3
13764,LPLC2,left,100103,LPLC2,left,3
37431,LPLC2,right,29873,LPLC2,right,3
37431,LPLC2,right,29986,LPLC2,right,3
13764,LPLC2,left,129687,LPLC2,left,3
24605,LPLC2,left,17775,LPLC2,left,3
25286,LPLC2,left,17544,LPLC2,left,3
29014,LPLC2,right,20162,LPLC2,right,3
16809,LC4,left,16917,LC4,left,3
37431,LPLC2,right,33439,LPLC2,right,3
25267,LPLC2,right,29986,LPLC2,right,3
24605,LPLC2,left,33303,LPLC2,left,3
29014,LPLC2,right,18672,LPLC2,right,3
81112,LC4,left,77614,LC4,left,3
25267,LPLC2,right,28741,LPLC2,right,3
24605,LPLC2,left,81112,LC4,left,3
14030,LPLC2,left,35616,LC4,left,3
25267,LPLC2,right,27566,LPLC2,right,3
25267,LPLC2,right,26730,LPLC2,right,3
13764,LPLC2,left,517078,LPLC2,left,3
28188,LPLC2,left,29955,LPLC2,left,3
28980,LC4,left,533129,LC4,left,3
81112,LC4,left,100485,LC4,left,3
24605,LPLC2,left,517078,LPLC2,left,3
25267,LPLC2,right,25511,LPLC2,right,3
16809,LC4,left,27750,LC4,left,3
28980,LC4,left,520449,LC4,left,3
25267,LPLC2,right,24401,LPLC2,right,3
28188,LPLC2,left,30895,LPLC2,left,3
24800,LPLC2,right,14465,LPLC2,right,3
25267,LPLC2,right,23497,LPLC2,right,3
25267,LPLC2,right,22966,LC4,right,3
24605,LPLC2,left,29753,LPLC2,left,3
100103,LPLC2,left,34655,LPLC2,left,3
24605,LPLC2,left,29319,LPLC2,left,3
28188,LPLC2,left,25854,LPLC2,left,3
37431,LPLC2,right,30938,LPLC2,right,3
14030,LPLC2,left,111903,LPLC2,left,3
29014,LPLC2,right,20103,LPLC2,right,3
29014,LPLC2,right,20047,LPLC2,right,3
100103,LPLC2,left,517079,LPLC2,left,3
28188,LPLC2,left,25524,LPLC2,left,3
17059,LPLC2,left,17774,LPLC2,left,3
37613,LPLC2,right,26393,LPLC2,right,3
17059,LPLC2,left,17653,LC4,left,3
17059,LPLC2,left,14888,LC4,left,3
28188,LPLC2,left,26416,LPLC2,left,3
25267,LPLC2,right,30207,LPLC2,right,3
81112,LC4,left,30087,LC4,left,3
24605,LPLC2,left,24840,LPLC2,left,3
28188,LPLC2,left,27023,LPLC2,left,3
24605,LPLC2,left,25286,LPLC2,left,3
531014,LPLC2,left,32737,LPLC2,left,3
100103,LPLC2,left,112292,LPLC2,left,3
531014,LPLC2,left,32237,LPLC2,left,3
100103,LPLC2,left,41097,LPLC2,left,3
100103,LPLC2,left,40811,LPLC2,left,3
28188,LPLC2,left,27399,LPLC2,left,3
16628,LC4,right,22847,LC4,right,3
25316,LPLC2,right,20542,LC4,right,3
25316,LPLC2,right,21562,LPLC2,right,3
25497,LPLC2,right,20182,LPLC2,right,3
37431,LPLC2,right,25267,LPLC2,right,3
25497,LPLC2,right,24268,LPLC2,right,3
28044,LPLC2,right,21703,LPLC2,right,3
25497,LPLC2,right,23497,LPLC2,right,3
28044,LPLC2,right,21808,LPLC2,right,3
25497,LPLC2,right,22261,LPLC2,right,3
530029,LC4,left,29514,LC4,left,3
13764,LPLC2,left,30895,LPLC2,left,3
37613,LPLC2,right,35632,LPLC2,right,3
24523,LC4,left,28980,LC4,left,3
29014,LPLC2,right,55627,LPLC2,right,3
28044,LPLC2,right,22218,LPLC2,right,3
29014,LPLC2,right,39620,LPLC2,right,3
24523,LC4,left,81112,LC4,left,3
24523,LC4,left,511914,LC4,left,3
25497,LPLC2,right,21045,LPLC2,right,3
530029,LC4,left,31301,LC4,left,3
24523,LC4,left,518016,LC4,left,3
28044,LPLC2,right,23497,LPLC2,right,3
16628,LC4,right,20588,LC4,right,3
29014,LPLC2,right,35889,LPLC2,right,3
24523,LC4,left,518730,LC4,left,3
16628,LC4,right,20673,LC4,right,3
25497,LPLC2,right,25267,LPLC2,right,3
100485,LC4,left,31301,LC4,left,3
24523,LC4,left,17653,LC4,left,3
24401,LPLC2,right,33439,LPLC2,right,3
29183,LPLC2,right,20584,LPLC2,right,3
25511,LPLC2,right,20047,LPLC2,right,3
24401,LPLC2,right,29598,LPLC2,right,3
25511,LPLC2,right,19608,LPLC2,right,3
25511,LPLC2,right,19589,LPLC2,right,3
55627,LPLC2,right,32507,LPLC2,right,3
14102,LPLC2,left,20967,LC4,left,3
16628,LC4,right,18189,LC4,right,3
17059,LPLC2,left,518731,LPLC2,left,3
533895,LPLC2,left,11498,LPLC2,left,3
25497,LPLC2,right,37431,LPLC2,right,3
24523,LC4,left,17270,LC4,left,3
17059,LPLC2,left,517078,LPLC2,left,3
28044,LPLC2,right,19589,LPLC2,right,3
25497,LPLC2,right,33396,LPLC2,right,3
533895,LPLC2,left,25136,LPLC2,left,3
100485,LC4,left,33137,LC4,left,3
25497,LPLC2,right,30207,LPLC2,right,3
17059,LPLC2,left,111903,LPLC2,left,3
25497,LPLC2,right,29986,LPLC2,right,3
55627,LPLC2,right,37613,LPLC2,right,3
25497,LPLC2,right,25511,LPLC2,right,3
13764,LPLC2,left,31563,LPLC2,left,3
25497,LPLC2,right,20162,LPLC2,right,3
24568,LPLC2,left,27716,LPLC2,left,3
37613,LPLC2,right,34372,LPLC2,right,3
28044,LPLC2,right,26915,LPLC2,right,3
24568,LPLC2,left,20799,LPLC2,left,3
28044,LPLC2,right,27566,LPLC2,right,3
28044,LPLC2,right,28741,LPLC2,right,3
530029,LC4,left,111787,LC4,left,3
24568,LPLC2,left,21299,LPLC2,left,3
25316,LPLC2,right,28871,LPLC2,right,3
25316,LPLC2,right,28741,LPLC2,right,3
24568,LPLC2,left,23349,LPLC2,left,3
17059,LPLC2,left,25209,LPLC2,left,3
24568,LPLC2,left,23919,LPLC2,left,3
13764,LPLC2,left,35294,LPLC2,left,3
37613,LPLC2,right,33694,LPLC2,right,3
77614,LC4,left,27829,LC4,left,3
28044,LPLC2,right,30041,LPLC2,right,3
25316,LPLC2,right,23590,LPLC2,right,3
77614,LC4,left,29417,LC4,left,3
24568,LPLC2,left,25854,LPLC2,left,3
25316,LPLC2,right,21899,LPLC2,right,3
16628,LC4,right,22034,LC4,right,3
25316,LPLC2,right,21769,LPLC2,right,3
37431,LPLC2,right,28003,LPLC2,right,3
28044,LPLC2,right,32507,LPLC2,right,3
25316,LPLC2,right,31262,LC4,right,3
28044,LPLC2,right,26393,LPLC2,right,3
25316,LPLC2,right,32507,LPLC2,right,3
24568,LPLC2,left,10228,DNp06,left,3
28044,LPLC2,right,24118,LPLC2,right,3
24523,LC4,left,532254,LC4,left,3
25497,LPLC2,right,19549,LPLC2,right,3
25497,LPLC2,right,19249,LPLC2,right,3
10001,DNp01,right,10584,DNp06,right,3
25497,LPLC2,right,19146,LPLC2,right,3
17059,LPLC2,left,29815,LPLC2,left,3
16628,LC4,right,21151,LC4,right,3
16628,LC4,right,21165,LC4,right,3
25497,LPLC2,right,17551,LPLC2,right,3
29014,LPLC2,right,31262,LC4,right,3
29014,LPLC2,right,29183,LPLC2,right,3
77614,LC4,left,12824,LC4,left,3
100485,LC4,left,27624,LC4,left,3
28044,LPLC2,right,25253,LPLC2,right,3
533895,LPLC2,left,15804,LPLC2,left,3
25316,LPLC2,right,35838,LPLC2,right,3
25316,LPLC2,right,35680,LPLC2,right,3
14030,LPLC2,left,520449,LC4,left,3
28044,LPLC2,right,25636,LPLC2,right,3
77614,LC4,left,17478,LC4,left,3
100485,LC4,left,22772,LC4,left,3
25267,LPLC2,right,22261,LPLC2,right,3
37431,LPLC2,right,39620,LPLC2,right,3
531014,LPLC2,left,10228,DNp06,left,3
25027,LPLC2,left,10228,DNp06,left,3
25209,LPLC2,left,27716,LPLC2,left,3
37587,LC4,left,100485,LC4,left,3
28741,LPLC2,right,28003,LPLC2,right,3
25209,LPLC2,left,26528,LPLC2,left,3
24840,LPLC2,left,100103,LPLC2,left,3
16917,LC4,left,29417,LC4,left,3
25209,LPLC2,left,24568,LPLC2,left,3
24840,LPLC2,left,129687,LPLC2,left,3
28741,LPLC2,right,29287,LPLC2,right,3
24840,LPLC2,left,514670,LPLC2,left,3
25209,LPLC2,left,23247,LPLC2,left,3
28741,LPLC2,right,29391,LPLC2,right,3
25209,LPLC2,left,21361,LPLC2,left,3
25209,LPLC2,left,21299,LPLC2,left,3
28871,LPLC2,right,34372,LPLC2,right,3
28871,LPLC2,right,34110,LPLC2,right,3
25209,LPLC2,left,20329,LPLC2,left,3
95241,LPLC2,left,23550,LPLC2,left,3
28741,LPLC2,right,29986,LPLC2,right,3
25209,LPLC2,left,18936,LPLC2,left,3
25209,LPLC2,left,17775,LPLC2,left,3
24840,LPLC2,left,525844,LPLC2,left,3
25209,LPLC2,left,17059,LPLC2,left,3
100103,LPLC2,left,15804,LPLC2,left,3
28871,LPLC2,right,37613,LPLC2,right,3
24840,LPLC2,left,34407,LPLC2,left,3
28741,LPLC2,right,25511,LPLC2,right,3
28945,LC4,right,17860,LC4,right,3
100103,LPLC2,left,17990,LPLC2,left,3
100103,LPLC2,left,17880,LPLC2,left,3
24840,LPLC2,left,27796,LPLC2,left,3
25209,LPLC2,left,40841,LPLC2,left,3
95241,LPLC2,left,20799,LPLC2,left,3
24840,LPLC2,left,29702,LPLC2,left,3
28945,LC4,right,16138,LC4,right,3
25209,LPLC2,left,34051,LPLC2,left,3
17054,LC4,right,19420,LC4,right,3
14030,LPLC2,left,17990,LPLC2,left,3
25209,LPLC2,left,28188,LPLC2,left,3
25209,LPLC2,left,33303,LPLC2,left,3
28741,LPLC2,right,25636,LPLC2,right,3
25209,LPLC2,left,31105,LPLC2,left,3
24840,LPLC2,left,32237,LPLC2,left,3
24840,LPLC2,left,32737,LPLC2,left,3
28871,LPLC2,right,39620,LPLC2,right,3
25209,LPLC2,left,29955,LPLC2,left,3
28741,LPLC2,right,26915,LPLC2,right,3
17478,LC4,left,514956,LC4,left,3
16917,LC4,left,27750,LC4,left,3
16917,LC4,left,30087,LC4,left,3
28871,LPLC2,right,33185,LPLC2,right,3
28945,LC4,right,20016,LC4,right,3
25209,LPLC2,left,13726,LPLC2,left,3
25136,LPLC2,left,24605,LPLC2,left,3
531014,LPLC2,left,25027,LPLC2,left,3
28871,LPLC2,right,24800,LPLC2,right,3
14030,LPLC2,left,23349,LPLC2,left,3
28871,LPLC2,right,20047,LPLC2,right,3
28871,LPLC2,right,20162,LPLC2,right,3
25136,LPLC2,left,19830,LPLC2,left,3
25027,LPLC2,left,31563,LPLC2,left,3
16917,LC4,left,517752,LC4,left,3
28871,LPLC2,right,20471,LPLC2,right,3
28871,LPLC2,right,20584,LPLC2,right,3
531014,LPLC2,left,24840,LPLC2,left,3
25027,LPLC2,left,33965,LPLC2,left,3
95241,LPLC2,left,112292,LPLC2,left,3
16917,LC4,left,107513,LC4,left,3
28871,LPLC2,right,21045,LPLC2,right,3
25027,LPLC2,left,536444,LPLC2,left,3
25027,LPLC2,left,533895,LPLC2,left,3
25027,LPLC2,left,100103,LPLC2,left,3
16917,LC4,left,512366,LC4,left,3
25027,LPLC2,left,531014,LPLC2,left,3
531014,LPLC2,left,24568,LPLC2,left,3
25027,LPLC2,left,525844,LPLC2,left,3
28871,LPLC2,right,25253,LPLC2,right,3
28871,LPLC2,right,19034,LPLC2,right,3
25136,LPLC2,left,25286,LPLC2,left,3
25027,LPLC2,left,25136,LPLC2,left,3
25027,LPLC2,left,17059,LPLC2,left,3
28871,LPLC2,right,31257,LPLC2,right,3
25136,LPLC2,left,531014,LPLC2,left,3
28741,LPLC2,right,31964,LPLC2,right,3
95241,LPLC2,left,25524,LPLC2,left,3
25027,LPLC2,left,21299,LPLC2,left,3
25027,LPLC2,left,22253,LPLC2,left,3
28871,LPLC2,right,26915,LPLC2,right,3
25027,LPLC2,left,24840,LPLC2,left,3
95241,LPLC2,left,25572,LPLC2,left,3
25027,LPLC2,left,25286,LPLC2,left,3
25027,LPLC2,left,28011,LPLC2,left,3
531014,LPLC2,left,23349,LPLC2,left,3
25136,LPLC2,left,41097,LPLC2,left,3
25136,LPLC2,left,37587,LC4,left,3
28741,LPLC2,right,35838,LPLC2,right,3
25136,LPLC2,left,30893,LPLC2,left,3
16917,LC4,left,33137,LC4,left,3
531014,LPLC2,left,25136,LPLC2,left,3
28871,LPLC2,right,25316,LPLC2,right,3
28871,LPLC2,right,25267,LPLC2,right,3
25136,LPLC2,left,27023,LPLC2,left,3
16917,LC4,left,18396,LC4,left,3
37613,LPLC2,right,21703,LPLC2,right,3
531014,LPLC2,left,31105,LPLC2,left,3
24800,LPLC2,right,28044,LPLC2,right,3
25267,LPLC2,right,19608,LPLC2,right,3
81112,LC4,left,535341,LC4,left,3
16809,LC4,left,31429,LC4,left,3
24800,LPLC2,right,23590,LPLC2,right,3
25267,LPLC2,right,19543,LC4,right,3
25267,LPLC2,right,19034,LPLC2,right,3
28188,LPLC2,left,134521,LPLC2,left,3
95241,LPLC2,left,13726,LPLC2,left,3
24800,LPLC2,right,25253,LPLC2,right,3
17054,LC4,right,23392,LC4,right,3
531014,LPLC2,left,29815,LPLC2,left,3
17054,LC4,right,22847,LC4,right,3
28980,LC4,left,21721,LC4,left,3
25253,LPLC2,right,37613,LPLC2,right,3
24800,LPLC2,right,26393,LPLC2,right,3
25253,LPLC2,right,35889,LPLC2,right,3
25253,LPLC2,right,34681,LPLC2,right,3
14030,LPLC2,left,30893,LPLC2,left,3
25253,LPLC2,right,33439,LPLC2,right,3
13764,LPLC2,left,531014,LPLC2,left,3
28980,LC4,left,17478,LC4,left,3
25253,LPLC2,right,31988,LPLC2,right,3
25253,LPLC2,right,30938,LPLC2,right,3
28188,LPLC2,left,41097,LPLC2,left,3
25267,LPLC2,right,20047,LPLC2,right,3
81112,LC4,left,526286,LC4,left,3
28980,LC4,left,81112,LC4,left,3
13764,LPLC2,left,524366,LPLC2,left,3
25267,LPLC2,right,21769,LPLC2,right,3
37613,LPLC2,right,25636,LPLC2,right,3
24800,LPLC2,right,19549,LPLC2,right,3
531014,LPLC2,left,11498,LPLC2,left,3
37613,LPLC2,right,25511,LPLC2,right,3
531014,LPLC2,left,12384,LPLC2,left,3
24800,LPLC2,right,20162,LPLC2,right,3
25267,LPLC2,right,20749,LPLC2,right,3
37613,LPLC2,right,25316,LPLC2,right,3
81112,LC4,left,519650,LC4,left,3
28188,LPLC2,left,34655,LPLC2,left,3
28188,LPLC2,left,33303,LPLC2,left,3
17054,LC4,right,25584,LC4,right,3
37587,LC4,left,12032,LC4,left,3
100103,LPLC2,left,27796,LPLC2,left,3
24800,LPLC2,right,20749,LPLC2,right,3
37587,LC4,left,12349,LC4,left,3
24800,LPLC2,right,21318,LPLC2,right,3
533895,LPLC2,left,17990,LPLC2,left,3
24800,LPLC2,right,21808,LPLC2,right,3
24800,LPLC2,right,21899,LPLC2,right,3
37613,LPLC2,right,24187,LPLC2,right,3
25253,LPLC2,right,29391,LPLC2,right,3
25209,LPLC2,left,533895,LPLC2,left,3
24800,LPLC2,right,29183,LPLC2,right,3
24840,LPLC2,left,11498,LPLC2,left,3
14030,LPLC2,left,13132,LPLC2,left,3
25253,LPLC2,right,20749,LPLC2,right,3
28945,LC4,right,25584,LC4,right,3
25253,LPLC2,right,20535,LPLC2,right,3
28741,LPLC2,right,20808,LC4,right,3
100103,LPLC2,left,20799,LPLC2,left,3
24840,LPLC2,left,17990,LPLC2,left,3
25253,LPLC2,right,20182,LPLC2,right,3
25253,LPLC2,right,20162,LPLC2,right,3
24840,LPLC2,left,20329,LPLC2,left,3
25253,LPLC2,right,19608,LPLC2,right,3
25253,LPLC2,right,19549,LPLC2,right,3
28741,LPLC2,right,21703,LPLC2,right,3
95241,LPLC2,left,17990,LPLC2,left,3
16917,LC4,left,12349,LC4,left,3
28945,LC4,right,22328,LC4,right,3
25253,LPLC2,right,18672,LPLC2,right,3
28741,LPLC2,right,21808,LPLC2,right,3
25253,LPLC2,right,17551,LPLC2,right,3
25253,LPLC2,right,10584,DNp06,right,3
24840,LPLC2,left,24308,LPLC2,left,3
24840,LPLC2,left,24605,LPLC2,left,3
28741,LPLC2,right,20162,LPLC2,right,3
28945,LC4,right,30480,LC4,right,3
100103,LPLC2,left,23247,LPLC2,left,3
24800,LPLC2,right,32507,LPLC2,right,3
24800,LPLC2,right,29216,LPLC2,right,3
28188,LPLC2,left,521115,LPLC2,left,3
531014,LPLC2,left,28011,LPLC2,left,3
100103,LPLC2,left,24840,LPLC2,left,3
25253,LPLC2,right,27471,LPLC2,right,3
531014,LPLC2,left,27796,LPLC2,left,3
24800,LPLC2,right,30938,LPLC2,right,3
25253,LPLC2,right,25511,LPLC2,right,3
25253,LPLC2,right,25316,LPLC2,right,3
24800,LPLC2,right,31988,LPLC2,right,3
24800,LPLC2,right,33185,LPLC2,right,3
25253,LPLC2,right,21899,LPLC2,right,3
533895,LPLC2,left,23349,LPLC2,left,3
100103,LPLC2,left,23665,LPLC2,left,3
531014,LPLC2,left,17544,LPLC2,left,3
24800,LPLC2,right,34110,LPLC2,right,3
28741,LPLC2,right,19034,LPLC2,right,3
25253,LPLC2,right,22677,LPLC2,right,3
24800,LPLC2,right,34681,LPLC2,right,3
25253,LPLC2,right,22328,LC4,right,3
17054,LC4,right,21313,LC4,right,3
16809,LC4,left,526286,LC4,left,3
37431,LPLC2,right,23497,LPLC2,right,3
37431,LPLC2,right,23392,LC4,right,3
111903,LPLC2,left,34407,LPLC2,left,3
27796,LPLC2,left,520764,LPLC2,left,3
25636,LPLC2,right,34681,LPLC2,right,3
16128,LC4,right,20016,LC4,right,3
24118,LPLC2,right,37613,LPLC2,right,3
24118,LPLC2,right,39620,LPLC2,right,3
25636,LPLC2,right,33185,LPLC2,right,3
37925,LPLC2,right,55627,LPLC2,right,3
25636,LPLC2,right,31988,LPLC2,right,3
29287,LPLC2,right,23792,LC4,right,3
25636,LPLC2,right,29873,LPLC2,right,3
27829,LC4,left,17340,LC4,left,3
27829,LC4,left,17478,LC4,left,3
25636,LPLC2,right,29014,LPLC2,right,3
24187,LPLC2,right,19034,LPLC2,right,3
24187,LPLC2,right,19146,LPLC2,right,3
27829,LC4,left,18432,LC4,left,3
41097,LPLC2,left,515971,LPLC2,left,3
17270,LC4,left,33137,LC4,left,3
29287,LPLC2,right,21769,LPLC2,right,3
25636,LPLC2,right,26147,LPLC2,right,3
41097,LPLC2,left,517078,LPLC2,left,3
111787,LC4,left,530029,LC4,left,3
35889,LPLC2,right,32507,LPLC2,right,3
111787,LC4,left,526286,LC4,left,3
25636,LPLC2,right,35889,LPLC2,right,3
24118,LPLC2,right,34681,LPLC2,right,3
37431,LPLC2,right,23098,LC4,right,3
24118,LPLC2,right,34110,LPLC2,right,3
17270,LC4,left,514508,LC4,left,3
27796,LPLC2,left,33965,LPLC2,left,3
24118,LPLC2,right,25253,LPLC2,right,3
35889,LPLC2,right,29391,LPLC2,right,3
27796,LPLC2,left,34051,LPLC2,left,3
25854,LPLC2,left,24308,LPLC2,left,3
111903,LPLC2,left,13764,LPLC2,left,3
35889,LPLC2,right,30938,LPLC2,right,3
25854,LPLC2,left,20329,LPLC2,left,3
532254,LC4,left,22922,LC4,left,3
27796,LPLC2,left,41097,LPLC2,left,3
41097,LPLC2,left,30895,LPLC2,left,3
24118,LPLC2,right,28003,LPLC2,right,3
24118,LPLC2,right,28044,LPLC2,right,3
38065,LC4,right,10584,DNp06,right,3
24118,LPLC2,right,29216,LPLC2,right,3
24118,LPLC2,right,29873,LPLC2,right,3
24118,LPLC2,right,29986,LPLC2,right,3
24118,LPLC2,right,30041,LPLC2,right,3
532254,LC4,left,22772,LC4,left,3
24118,LPLC2,right,31988,LPLC2,right,3
27796,LPLC2,left,515971,LPLC2,left,3
27796,LPLC2,left,517079,LPLC2,left,3
25636,LPLC2,right,24401,LPLC2,right,3
35889,LPLC2,right,33185,LPLC2,right,3
16128,LC4,right,21151,LC4,right,3
25636,LPLC2,right,23878,LPLC2,right,3
25584,LC4,right,21804,LC4,right,3
37925,LPLC2,right,31964,LPLC2,right,3
25584,LC4,right,21225,LC4,right,3
29216,LPLC2,right,30938,LPLC2,right,3
527408,LC4,right,28945,LC4,right,3
29216,LPLC2,right,30207,LPLC2,right,3
25584,LC4,right,20808,LC4,right,3
533129,LC4,left,519931,LC4,left,3
50287,LPLC2,right,20182,LPLC2,right,3
25584,LC4,right,20399,LC4,right,3
29216,LPLC2,right,30041,LPLC2,right,3
111787,LC4,left,512366,LC4,left,3
25584,LC4,right,19634,LC4,right,3
27829,LC4,left,519931,LC4,left,3
25584,LC4,right,18189,LC4,right,3
25584,LC4,right,18127,LC4,right,3
14102,LPLC2,left,29702,LPLC2,left,3
50287,LPLC2,right,20535,LPLC2,right,3
29216,LPLC2,right,29014,LPLC2,right,3
25584,LC4,right,17668,LC4,right,3
50287,LPLC2,right,20694,LPLC2,right,3
24268,LPLC2,right,20334,LPLC2,right,3
25584,LC4,right,17054,LC4,right,3
25584,LC4,right,22328,LC4,right,3
29216,LPLC2,right,33185,LPLC2,right,3
29216,LPLC2,right,33694,LPLC2,right,3
24187,LPLC2,right,26730,LPLC2,right,3
24187,LPLC2,right,24118,LPLC2,right,3
27829,LC4,left,21721,LC4,left,3
25636,LPLC2,right,22261,LPLC2,right,3
29287,LPLC2,right,20182,LPLC2,right,3
111787,LC4,left,518983,LC4,left,3
24187,LPLC2,right,25497,LPLC2,right,3
29287,LPLC2,right,19608,LPLC2,right,3
527408,LC4,right,23929,LC4,right,3
35889,LPLC2,right,33439,LPLC2,right,3
35889,LPLC2,right,34110,LPLC2,right,3
24187,LPLC2,right,28044,LPLC2,right,3
50287,LPLC2,right,19034,LPLC2,right,3
25636,LPLC2,right,20047,LPLC2,right,3
527408,LC4,right,24338,LC4,right,3
25636,LPLC2,right,19229,LPLC2,right,3
29216,LPLC2,right,55627,LPLC2,right,3
29216,LPLC2,right,38542,LPLC2,right,3
27829,LC4,left,35262,LC4,left,3
25584,LC4,right,28945,LC4,right,3
35889,LPLC2,right,35632,LPLC2,right,3
24187,LPLC2,right,33185,LPLC2,right,3
29216,LPLC2,right,34681,LPLC2,right,3
16128,LC4,right,17860,LC4,right,3
16128,LC4,right,17364,LC4,right,3
27796,LPLC2,left,32237,LPLC2,left,3
111903,LPLC2,left,26528,LPLC2,left,3
23919,LPLC2,left,29815,LPLC2,left,3
14102,LPLC2,left,533895,LPLC2,left,3
533895,LPLC2,left,27716,LPLC2,left,3
41097,LPLC2,left,20799,LPLC2,left,3
27796,LPLC2,left,11498,LPLC2,left,3
27796,LPLC2,left,13726,LPLC2,left,3
29319,LPLC2,left,24308,LPLC2,left,3
26147,LPLC2,right,21045,LPLC2,right,3
35889,LPLC2,right,25316,LPLC2,right,3
26147,LPLC2,right,20471,LPLC2,right,3
26147,LPLC2,right,20269,LPLC2,right,3
17340,LC4,left,20572,LC4,left,3
29319,LPLC2,left,22557,LPLC2,left,3
15804,LPLC2,left,517078,LPLC2,left,3
23919,LPLC2,left,41097,LPLC2,left,3
29319,LPLC2,left,22253,LPLC2,left,3
13764,LPLC2,left,18900,LPLC2,left,3
38065,LC4,right,22847,LC4,right,3
15804,LPLC2,left,517079,LPLC2,left,3
23919,LPLC2,left,129687,LPLC2,left,3
23919,LPLC2,left,514670,LPLC2,left,3
23919,LPLC2,left,515971,LPLC2,left,3
29319,LPLC2,left,18936,LPLC2,left,3
29319,LPLC2,left,25524,LPLC2,left,3
26147,LPLC2,right,24800,LPLC2,right,3
29319,LPLC2,left,25575,LPLC2,left,3
41097,LPLC2,left,19787,LPLC2,left,3
29319,LPLC2,left,30512,LPLC2,left,3
15804,LPLC2,left,34407,LPLC2,left,3
27750,LC4,left,31429,LC4,left,3
14465,LPLC2,right,18127,LC4,right,3
26147,LPLC2,right,35680,LPLC2,right,3
26147,LPLC2,right,35632,LPLC2,right,3
27750,LC4,left,34845,LC4,left,3
23919,LPLC2,left,23665,LPLC2,left,3
23919,LPLC2,left,24568,LPLC2,left,3
35889,LPLC2,right,25253,LPLC2,right,3
23919,LPLC2,left,24840,LPLC2,left,3
35889,LPLC2,right,25253,LPLC2,right,3
17340,LC4,left,27829,LC4,left,3
27750,LC4,left,512705,LC4,left,3
27750,LC4,left,514508,LC4,left,3
13764,LPLC2,left,15804,LPLC2,left,3
23919,LPLC2,left,27399,LPLC2,left,3
26147,LPLC2,right,29014,LPLC2,right,3
15804,LPLC2,left,111903,LPLC2,left,3
26147,LPLC2,right,28044,LPLC2,right,3
23919,LPLC2,left,27716,LPLC2,left,3
27750,LC4,left,518439,LC4,left,3
26147,LPLC2,right,19034,LPLC2,right,3
29319,LPLC2,left,17880,LPLC2,left,3
25854,LPLC2,left,28188,LPLC2,left,3
26147,LPLC2,right,18672,LPLC2,right,3
24118,LPLC2,right,18672,LPLC2,right,3
35889,LPLC2,right,29014,LPLC2,right,3
25854,LPLC2,left,519931,LC4,left,3
29287,LPLC2,right,33396,LPLC2,right,3
27796,LPLC2,left,28188,LPLC2,left,3
532254,LC4,left,29417,LC4,left,3
25854,LPLC2,left,514670,LPLC2,left,3
25854,LPLC2,left,134521,LPLC2,left,3
27796,LPLC2,left,29955,LPLC2,left,3
29287,LPLC2,right,30803,LC4,right,3
25854,LPLC2,left,41097,LPLC2,left,3
24118,LPLC2,right,20334,LPLC2,right,3
25854,LPLC2,left,35294,LPLC2,left,3
111903,LPLC2,left,17059,LPLC2,left,3
25854,LPLC2,left,34407,LPLC2,left,3
24118,LPLC2,right,20749,LPLC2,right,3
41097,LPLC2,left,29702,LPLC2,left,3
29287,LPLC2,right,29598,LPLC2,right,3
25854,LPLC2,left,33303,LPLC2,left,3
13764,LPLC2,left,22557,LPLC2,left,3
25854,LPLC2,left,32237,LPLC2,left,3
24118,LPLC2,right,21769,LPLC2,right,3
41097,LPLC2,left,29815,LPLC2,left,3
27796,LPLC2,left,27023,LPLC2,left,3
26112,LC4,right,10584,DNp06,right,3
41097,LPLC2,left,27796,LPLC2,left,3
111903,LPLC2,left,23919,LPLC2,left,3
41097,LPLC2,left,23919,LPLC2,left,3
41097,LPLC2,left,24308,LPLC2,left,3
27796,LPLC2,left,17775,LPLC2,left,3
17340,LC4,left,18478,LC4,left,3
17340,LC4,left,18432,LC4,left,3
13764,LPLC2,left,19787,LPLC2,left,3
17340,LC4,left,17653,LC4,left,3
13764,LPLC2,left,20240,LPLC2,left,3
41097,LPLC2,left,25027,LPLC2,left,3
35889,LPLC2,right,28741,LPLC2,right,3
13764,LPLC2,left,20329,LPLC2,left,3
111903,LPLC2,left,18900,LPLC2,left,3
111903,LPLC2,left,23550,LPLC2,left,3
111903,LPLC2,left,23247,LPLC2,left,3
26112,LC4,right,21336,LC4,right,3
27796,LPLC2,left,25209,LPLC2,left,3
17340,LC4,left,17270,LC4,left,3
27796,LPLC2,left,25524,LPLC2,left,3
13764,LPLC2,left,21299,LPLC2,left,3
27796,LPLC2,left,25575,LPLC2,left,3
17340,LC4,left,12032,LC4,left,3
29287,LPLC2,right,35680,LPLC2,right,3
24268,LPLC2,right,21045,LPLC2,right,3
29216,LPLC2,right,28741,LPLC2,right,3
50287,LPLC2,right,20749,LPLC2,right,3
25524,LPLC2,left,23919,LPLC2,left,3
28011,LPLC2,left,13764,LPLC2,left,3
29183,LPLC2,right,33396,LPLC2,right,3
25524,LPLC2,left,34051,LPLC2,left,3
29183,LPLC2,right,31988,LPLC2,right,3
29183,LPLC2,right,31257,LPLC2,right,3
24338,LC4,right,17987,LC4,right,3
37925,LPLC2,right,20471,LPLC2,right,3
14102,LPLC2,left,24568,LPLC2,left,3
29183,LPLC2,right,30938,LPLC2,right,3
28011,LPLC2,left,19911,LPLC2,left,3
25524,LPLC2,left,29815,LPLC2,left,3
29183,LPLC2,right,29873,LPLC2,right,3
25524,LPLC2,left,29319,LPLC2,left,3
55627,LPLC2,right,20471,LPLC2,right,3
25524,LPLC2,left,27399,LPLC2,left,3
533129,LC4,left,532254,LC4,left,3
28011,LPLC2,left,25027,LPLC2,left,3
29183,LPLC2,right,29014,LPLC2,right,3
28011,LPLC2,left,25524,LPLC2,left,3
16138,LC4,right,22328,LC4,right,3
24338,LC4,right,21151,LC4,right,3
25524,LPLC2,left,24308,LPLC2,left,3
107513,LC4,left,31429,LC4,left,3
29183,LPLC2,right,33439,LPLC2,right,3
17266,LC4,right,21225,LC4,right,3
29183,LPLC2,right,34110,LPLC2,right,3
37431,LPLC2,right,20182,LPLC2,right,3
111787,LC4,left,12032,LC4,left,3
24308,LPLC2,left,31563,LPLC2,left,3
25572,LPLC2,left,18936,LPLC2,left,3
25572,LPLC2,left,18900,LPLC2,left,3
25572,LPLC2,left,17775,LPLC2,left,3
28003,LPLC2,right,35889,LPLC2,right,3
50287,LPLC2,right,37613,LPLC2,right,3
28003,LPLC2,right,37431,LPLC2,right,3
24308,LPLC2,left,34655,LPLC2,left,3
24308,LPLC2,left,40841,LPLC2,left,3
29183,LPLC2,right,37925,LPLC2,right,3
55627,LPLC2,right,19034,LPLC2,right,3
37925,LPLC2,right,22261,LPLC2,right,3
37925,LPLC2,right,22218,LPLC2,right,3
24308,LPLC2,left,517078,LPLC2,left,3
16138,LC4,right,19954,LC4,right,3
16138,LC4,right,20016,LC4,right,3
29183,LPLC2,right,34681,LPLC2,right,3
25524,LPLC2,left,517819,LPLC2,left,3
29183,LPLC2,right,34372,LPLC2,right,3
37431,LPLC2,right,20471,LPLC2,right,3
28011,LPLC2,left,11498,LPLC2,left,3
17266,LC4,right,20282,LC4,right,3
16138,LC4,right,22847,LC4,right,3
25572,LPLC2,left,24568,LPLC2,left,3
28011,LPLC2,left,25854,LPLC2,left,3
25511,LPLC2,right,31262,LC4,right,3
29183,LPLC2,right,24800,LPLC2,right,3
24401,LPLC2,right,20694,LPLC2,right,3
37431,LPLC2,right,21562,LPLC2,right,3
24401,LPLC2,right,21318,LPLC2,right,3
17266,LC4,right,16128,LC4,right,3
24401,LPLC2,right,21703,LPLC2,right,3
25511,LPLC2,right,29391,LPLC2,right,3
25511,LPLC2,right,28871,LPLC2,right,3
28011,LPLC2,left,41097,LPLC2,left,3
16628,LC4,right,16138,LC4,right,3
28011,LPLC2,left,129687,LPLC2,left,3
28011,LPLC2,left,134521,LPLC2,left,3
24401,LPLC2,right,24268,LPLC2,right,3
25511,LPLC2,right,24401,LPLC2,right,3
24401,LPLC2,right,24800,LPLC2,right,3
28011,LPLC2,left,515971,LPLC2,left,3
37431,LPLC2,right,22218,LPLC2,right,3
28011,LPLC2,left,518731,LPLC2,left,3
29183,LPLC2,right,21899,LPLC2,right,3
55627,LPLC2,right,29391,LPLC2,right,3
25511,LPLC2,right,20694,LPLC2,right,3
24401,LPLC2,right,27471,LPLC2,right,3
24401,LPLC2,right,20182,LPLC2,right,3
25511,LPLC2,right,31964,LPLC2,right,3
24401,LPLC2,right,20103,LPLC2,right,3
55627,LPLC2,right,24118,LPLC2,right,3
16138,LC4,right,22975,LC4,right,3
29183,LPLC2,right,28003,LPLC2,right,3
28011,LPLC2,left,27355,LPLC2,left,3
17266,LC4,right,20016,LC4,right,3
25524,LPLC2,left,20240,LPLC2,left,3
25524,LPLC2,left,19911,LPLC2,left,3
29183,LPLC2,right,27471,LPLC2,right,3
28011,LPLC2,left,29955,LPLC2,left,3
55627,LPLC2,right,23497,LPLC2,right,3
25524,LPLC2,left,10228,DNp06,left,3
28011,LPLC2,left,30512,LPLC2,left,3
24401,LPLC2,right,20047,LPLC2,right,3
107513,LC4,left,20976,LC4,left,3
37431,LPLC2,right,21045,LPLC2,right,3
16138,LC4,right,25584,LC4,right,3
24338,LC4,right,38065,LC4,right,3
16138,LC4,right,26112,LC4,right,3
17266,LC4,right,18127,LC4,right,3
530029,LC4,left,27750,LC4,left,3
14102,LPLC2,left,23665,LPLC2,left,3
29183,LPLC2,right,25253,LPLC2,right,3
28011,LPLC2,left,33303,LPLC2,left,3
24308,LPLC2,left,30895,LPLC2,left,3
50287,LPLC2,right,33396,LPLC2,right,3
29216,LPLC2,right,28044,LPLC2,right,3
25575,LPLC2,left,22557,LPLC2,left,3
35889,LPLC2,right,38542,LPLC2,right,3
28003,LPLC2,right,19260,LC4,right,3
24268,LPLC2,right,29391,LPLC2,right,3
14102,LPLC2,left,27796,LPLC2,left,3
24268,LPLC2,right,29986,LPLC2,right,3
29216,LPLC2,right,24187,LPLC2,right,3
17270,LC4,left,14888,LC4,left,3
35889,LPLC2,right,55627,LPLC2,right,3
25575,LPLC2,left,30512,LPLC2,left,3
50287,LPLC2,right,24268,LPLC2,right,3
25575,LPLC2,left,29319,LPLC2,left,3
24268,LPLC2,right,31257,LPLC2,right,3
25575,LPLC2,left,27716,LPLC2,left,3
24268,LPLC2,right,33185,LPLC2,right,3
25575,LPLC2,left,27355,LPLC2,left,3
28003,LPLC2,right,20269,LPLC2,right,3
25575,LPLC2,left,26528,LPLC2,left,3
14102,LPLC2,left,27399,LPLC2,left,3
37431,LPLC2,right,16138,LC4,right,3
25575,LPLC2,left,24605,LPLC2,left,3
532254,LC4,left,17478,LC4,left,3
37431,LPLC2,right,17054,LC4,right,3
37925,LPLC2,right,29391,LPLC2,right,3
25575,LPLC2,left,35294,LPLC2,left,3
24268,LPLC2,right,28741,LPLC2,right,3
24268,LPLC2,right,28044,LPLC2,right,3
35889,LPLC2,right,37431,LPLC2,right,3
27829,LC4,left,533129,LC4,left,3
37925,LPLC2,right,30207,LPLC2,right,3
50287,LPLC2,right,21703,LPLC2,right,3
29216,LPLC2,right,27471,LPLC2,right,3
24268,LPLC2,right,22218,LPLC2,right,3
29216,LPLC2,right,26915,LPLC2,right,3
24268,LPLC2,right,22677,LPLC2,right,3
28003,LPLC2,right,16628,LC4,right,3
37925,LPLC2,right,30041,LPLC2,right,3
17270,LC4,left,18478,LC4,left,3
532254,LC4,left,18478,LC4,left,3
28003,LPLC2,right,19146,LPLC2,right,3
25575,LPLC2,left,514670,LPLC2,left,3
25575,LPLC2,left,134521,LPLC2,left,3
35889,LPLC2,right,37613,LPLC2,right,3
25575,LPLC2,left,111903,LPLC2,left,3
25575,LPLC2,left,100103,LPLC2,left,3
111787,LC4,left,31301,LC4,left,3
24268,LPLC2,right,26147,LPLC2,right,3
25575,LPLC2,left,81112,LC4,left,3
527408,LC4,right,30803,LC4,right,3
111787,LC4,left,29514,LC4,left,3
50287,LPLC2,right,26147,LPLC2,right,3
25575,LPLC2,left,22253,LPLC2,left,3
50287,LPLC2,right,32507,LPLC2,right,3
24268,LPLC2,right,50287,LPLC2,right,3
24308,LPLC2,left,24605,LPLC2,left,3
533895,LPLC2,left,25572,LPLC2,left,3
29216,LPLC2,right,20103,LPLC2,right,3
37925,LPLC2,right,26393,LPLC2,right,3
29216,LPLC2,right,20047,LPLC2,right,3
25572,LPLC2,left,32223,LPLC2,left,3
37431,LPLC2,right,19608,LPLC2,right,3
24308,LPLC2,left,26416,LPLC2,left,3
50287,LPLC2,right,30041,LPLC2,right,3
28003,LPLC2,right,27471,LPLC2,right,3
25572,LPLC2,left,29955,LPLC2,left,3
14102,LPLC2,left,25572,LPLC2,left,3
17266,LC4,right,26112,LC4,right,3
29216,LPLC2,right,19146,LPLC2,right,3
17266,LC4,right,23792,LC4,right,3
24308,LPLC2,left,27716,LPLC2,left,3
24308,LPLC2,left,27796,LPLC2,left,3
25572,LPLC2,left,27716,LPLC2,left,3
17266,LC4,right,23392,LC4,right,3
16138,LC4,right,19260,LC4,right,3
25572,LPLC2,left,26528,LPLC2,left,3
29216,LPLC2,right,18672,LPLC2,right,3
37925,LPLC2,right,25267,LPLC2,right,3
25572,LPLC2,left,100103,LPLC2,left,3
24308,LPLC2,left,24568,LPLC2,left,3
25572,LPLC2,left,129687,LPLC2,left,3
50287,LPLC2,right,28741,LPLC2,right,3
28003,LPLC2,right,21899,LPLC2,right,3
25575,LPLC2,left,18936,LPLC2,left,3
25575,LPLC2,left,18900,LPLC2,left,3
28003,LPLC2,right,22261,LPLC2,right,3
13764,LPLC2,left,27796,LPLC2,left,3
50287,LPLC2,right,27566,LPLC2,right,3
111787,LC4,left,18396,LC4,left,3
24308,LPLC2,left,18900,LPLC2,left,3
14102,LPLC2,left,27023,LPLC2,left,3
24308,LPLC2,left,18936,LPLC2,left,3
25575,LPLC2,left,13726,LPLC2,left,3
37925,LPLC2,right,27566,LPLC2,right,3
24308,LPLC2,left,19911,LPLC2,left,3
25575,LPLC2,left,12824,LC4,left,3
28003,LPLC2,right,23878,LPLC2,right,3
24308,LPLC2,left,21299,LPLC2,left,3
24308,LPLC2,left,22253,LPLC2,left,3
533129,LC4,left,520449,LC4,left,3
28003,LPLC2,right,25253,LPLC2,right,3
25572,LPLC2,left,514670,LPLC2,left,3
25572,LPLC2,left,514508,LC4,left,3
24308,LPLC2,left,23665,LPLC2,left,3
22253,LPLC2,left,100103,LPLC2,left,3
39620,LPLC2,right,29014,LPLC2,right,3
21336,LC4,right,22194,LC4,right,3
34681,LPLC2,right,29287,LPLC2,right,3
515971,LPLC2,left,41097,LPLC2,left,3
21045,LPLC2,right,26730,LPLC2,right,3
31105,LPLC2,left,24308,LPLC2,left,3
518730,LC4,left,17478,LC4,left,3
19954,LC4,right,24338,LC4,right,3
31105,LPLC2,left,25209,LPLC2,left,3
21045,LPLC2,right,24268,LPLC2,right,3
17926,LC4,right,23792,LC4,right,3
21045,LPLC2,right,23497,LPLC2,right,3
518730,LC4,left,17270,LC4,left,3
21045,LPLC2,right,22677,LPLC2,right,3
524366,LPLC2,left,24568,LPLC2,left,3
17926,LC4,right,23392,LC4,right,3
31105,LPLC2,left,25854,LPLC2,left,3
19954,LC4,right,22328,LC4,right,3
21045,LPLC2,right,27566,LPLC2,right,3
21045,LPLC2,right,28003,LPLC2,right,3
21045,LPLC2,right,28044,LPLC2,right,3
19954,LC4,right,21804,LC4,right,3
21045,LPLC2,right,29287,LPLC2,right,3
21045,LPLC2,right,29598,LPLC2,right,3
21045,LPLC2,right,29986,LPLC2,right,3
31105,LPLC2,left,22557,LPLC2,left,3
17926,LC4,right,20917,LC4,right,3
21045,LPLC2,right,32507,LPLC2,right,3
515971,LPLC2,left,34407,LPLC2,left,3
21045,LPLC2,right,33694,LPLC2,right,3
21045,LPLC2,right,34110,LPLC2,right,3
21045,LPLC2,right,35680,LPLC2,right,3
31105,LPLC2,left,20329,LPLC2,left,3
21045,LPLC2,right,37431,LPLC2,right,3
21045,LPLC2,right,21899,LPLC2,right,3
524366,LPLC2,left,23550,LPLC2,left,3
20976,LC4,left,22922,LC4,left,3
18929,LPLC2,right,26915,LPLC2,right,3
33137,LC4,left,31429,LC4,left,3
18929,LPLC2,right,28003,LPLC2,right,3
34110,LPLC2,right,55627,LPLC2,right,3
20016,LC4,right,19543,LC4,right,3
20976,LC4,left,511914,LC4,left,3
18929,LPLC2,right,27566,LPLC2,right,3
31105,LPLC2,left,521115,LPLC2,left,3
33137,LC4,left,100485,LC4,left,3
31105,LPLC2,left,524366,LPLC2,left,3
516909,LC4,left,12824,LC4,left,3
516909,LC4,left,14888,LC4,left,3
20976,LC4,left,29469,LC4,left,3
516909,LC4,left,16809,LC4,left,3
17987,LC4,right,20542,LC4,right,3
34681,LPLC2,right,26730,LPLC2,right,3
20976,LC4,left,519650,LC4,left,3
17987,LC4,right,19634,LC4,right,3
20976,LC4,left,533129,LC4,left,3
20016,LC4,right,17364,LC4,right,3
31105,LPLC2,left,33965,LPLC2,left,3
34681,LPLC2,right,27566,LPLC2,right,3
17987,LC4,right,17548,LC4,right,3
21045,LPLC2,right,19589,LPLC2,right,3
21045,LPLC2,right,19842,LPLC2,right,3
20016,LC4,right,16628,LC4,right,3
20016,LC4,right,16138,LC4,right,3
21045,LPLC2,right,20399,LC4,right,3
518730,LC4,left,12349,LC4,left,3
21045,LPLC2,right,20584,LPLC2,right,3
18929,LPLC2,right,29216,LPLC2,right,3
11498,LPLC2,left,25854,LPLC2,left,3
21045,LPLC2,right,37613,LPLC2,right,3
12384,LPLC2,left,20799,LPLC2,left,3
515971,LPLC2,left,33406,LPLC2,left,3
17880,LPLC2,left,517819,LPLC2,left,3
21225,LC4,right,19543,LC4,right,3
34681,LPLC2,right,37431,LPLC2,right,3
21225,LC4,right,18189,LC4,right,3
33185,LPLC2,right,20535,LPLC2,right,3
21225,LC4,right,17987,LC4,right,3
19911,LPLC2,left,40841,LPLC2,left,3
21225,LC4,right,17054,LC4,right,3
33137,LC4,left,514956,LC4,left,3
17880,LPLC2,left,518731,LPLC2,left,3
21225,LC4,right,10584,DNp06,right,3
19911,LPLC2,left,111903,LPLC2,left,3
33185,LPLC2,right,20182,LPLC2,right,3
33185,LPLC2,right,20162,LPLC2,right,3
518730,LC4,left,24523,LC4,left,3
30938,LPLC2,right,29216,LPLC2,right,3
19911,LPLC2,left,35294,LPLC2,left,3
17880,LPLC2,left,515971,LPLC2,left,3
19911,LPLC2,left,34655,LPLC2,left,3
21225,LC4,right,20282,LC4,right,3
17880,LPLC2,left,514670,LPLC2,left,3
17880,LPLC2,left,134521,LPLC2,left,3
21225,LC4,right,21151,LC4,right,3
30938,LPLC2,right,27566,LPLC2,right,3
30938,LPLC2,right,27471,LPLC2,right,3
21225,LC4,right,21336,LC4,right,3
19911,LPLC2,left,32237,LPLC2,left,3
30938,LPLC2,right,26730,LPLC2,right,3
21225,LC4,right,22966,LC4,right,3
12384,LPLC2,left,23349,LPLC2,left,3
17880,LPLC2,left,100103,LPLC2,left,3
34110,LPLC2,right,32507,LPLC2,right,3
34110,LPLC2,right,33439,LPLC2,right,3
19911,LPLC2,left,525844,LPLC2,left,3
520764,LPLC2,left,24568,LPLC2,left,3
30938,LPLC2,right,38542,LPLC2,right,3
34681,LPLC2,right,31988,LPLC2,right,3
17926,LC4,right,20016,LC4,right,3
19954,LC4,right,20282,LC4,right,3
515971,LPLC2,left,31105,LPLC2,left,3
30938,LPLC2,right,55627,LPLC2,right,3
19954,LC4,right,20016,LC4,right,3
34681,LPLC2,right,33396,LPLC2,right,3
18929,LPLC2,right,31257,LPLC2,right,3
515971,LPLC2,left,29702,LPLC2,left,3
17926,LC4,right,19550,LC4,right,3
21151,LC4,right,21165,LC4,right,3
34110,LPLC2,right,37431,LPLC2,right,3
21151,LC4,right,21225,LC4,right,3
21151,LC4,right,21313,LC4,right,3
515971,LPLC2,left,27796,LPLC2,left,3
21165,LC4,right,21336,LC4,right,3
21165,LC4,right,17266,LC4,right,3
30938,LPLC2,right,37431,LPLC2,right,3
17926,LC4,right,18189,LC4,right,3
33137,LC4,left,520449,LC4,left,3
21165,LC4,right,17987,LC4,right,3
21165,LC4,right,18127,LC4,right,3
518730,LC4,left,18432,LC4,left,3
18929,LPLC2,right,33396,LPLC2,right,3
21165,LC4,right,20588,LC4,right,3
19954,LC4,right,17548,LC4,right,3
30938,LPLC2,right,34372,LPLC2,right,3
524366,LPLC2,left,26416,LPLC2,left,3
515971,LPLC2,left,24840,LPLC2,left,3
21165,LC4,right,21313,LC4,right,3
20976,LC4,left,23202,LC4,left,3
31105,LPLC2,left,536444,LPLC2,left,3
19911,LPLC2,left,30895,LPLC2,left,3
20808,LC4,right,19550,LC4,right,3
32737,LPLC2,left,33303,LPLC2,left,3
517078,LPLC2,left,20572,LC4,left,3
517078,LPLC2,left,20799,LPLC2,left,3
520764,LPLC2,left,29702,LPLC2,left,3
32737,LPLC2,left,29815,LPLC2,left,3
517078,LPLC2,left,20967,LC4,left,3
32737,LPLC2,left,29319,LPLC2,left,3
20047,LPLC2,right,50287,LPLC2,right,3
20808,LC4,right,17860,LC4,right,3
32737,LPLC2,left,28011,LPLC2,left,3
17990,LPLC2,left,30895,LPLC2,left,3
20808,LC4,right,17266,LC4,right,3
536444,LPLC2,left,25854,LPLC2,left,3
31262,LC4,right,23929,LC4,right,3
17990,LPLC2,left,28188,LPLC2,left,3
20808,LC4,right,22194,LC4,right,3
20808,LC4,right,22328,LC4,right,3
20047,LPLC2,right,29183,LPLC2,right,3
34372,LPLC2,right,21862,LPLC2,right,3
11498,LPLC2,left,32737,LPLC2,left,3
34372,LPLC2,right,21769,LPLC2,right,3
20859,LC4,left,14888,LC4,left,3
11498,LPLC2,left,32237,LPLC2,left,3
31257,LPLC2,right,34681,LPLC2,right,3
20047,LPLC2,right,22966,LC4,right,3
20047,LPLC2,right,22218,LPLC2,right,3
20047,LPLC2,right,21899,LPLC2,right,3
20859,LC4,left,20976,LC4,left,3
34681,LPLC2,right,20694,LPLC2,right,3
20859,LC4,left,22772,LC4,left,3
20859,LC4,left,27624,LC4,left,3
20047,LPLC2,right,39620,LPLC2,right,3
18929,LPLC2,right,20334,LPLC2,right,3
12384,LPLC2,left,17880,LPLC2,left,3
34655,LPLC2,left,525844,LPLC2,left,3
20799,LPLC2,left,24840,LPLC2,left,3
31301,LC4,left,20967,LC4,left,3
32737,LPLC2,left,25027,LPLC2,left,3
29563,LC4,right,20808,LC4,right,3
20799,LPLC2,left,21299,LPLC2,left,3
18929,LPLC2,right,19842,LPLC2,right,3
20799,LPLC2,left,18936,LPLC2,left,3
535341,LC4,left,518016,LC4,left,3
20799,LPLC2,left,17880,LPLC2,left,3
20103,LPLC2,right,20588,LC4,right,3
20799,LPLC2,left,17774,LPLC2,left,3
20799,LPLC2,left,17059,LPLC2,left,3
20103,LPLC2,right,20694,LPLC2,right,3
20103,LPLC2,right,21562,LPLC2,right,3
20799,LPLC2,left,25136,LPLC2,left,3
34372,LPLC2,right,24118,LPLC2,right,3
20799,LPLC2,left,25575,LPLC2,left,3
20799,LPLC2,left,25854,LPLC2,left,3
20799,LPLC2,left,25854,LPLC2,left,3
18929,LPLC2,right,20047,LPLC2,right,3
17990,LPLC2,left,134521,LPLC2,left,3
20799,LPLC2,left,27355,LPLC2,left,3
32737,LPLC2,left,25524,LPLC2,left,3
20799,LPLC2,left,27399,LPLC2,left,3
20799,LPLC2,left,27399,LPLC2,left,3
517078,LPLC2,left,25286,LPLC2,left,3
18929,LPLC2,right,20103,LPLC2,right,3
20103,LPLC2,right,18929,LPLC2,right,3
12384,LPLC2,left,12824,LC4,left,3
517078,LPLC2,left,24568,LPLC2,left,3
20799,LPLC2,left,100103,LPLC2,left,3
517078,LPLC2,left,13764,LPLC2,left,3
31257,LPLC2,right,31988,LPLC2,right,3
20047,LPLC2,right,21862,LPLC2,right,3
31257,LPLC2,right,20269,LPLC2,right,3
34681,LPLC2,right,24118,LPLC2,right,3
11498,LPLC2,left,29815,LPLC2,left,3
33137,LC4,left,16917,LC4,left,3
33137,LC4,left,14888,LC4,left,3
516909,LC4,left,22922,LC4,left,3
20016,LC4,right,28945,LC4,right,3
20967,LC4,left,27829,LC4,left,3
31257,LPLC2,right,30938,LPLC2,right,3
20967,LC4,left,24523,LC4,left,3
20967,LC4,left,22922,LC4,left,3
17987,LC4,right,26112,LC4,right,3
17990,LPLC2,left,10228,DNp06,left,3
516909,LC4,left,27829,LC4,left,3
34372,LPLC2,right,20269,LPLC2,right,3
18929,LPLC2,right,25267,LPLC2,right,3
34681,LPLC2,right,24338,LC4,right,3
20967,LC4,left,514508,LC4,left,3
20967,LC4,left,517752,LC4,left,3
33137,LC4,left,18478,LC4,left,3
20967,LC4,left,518730,LC4,left,3
34372,LPLC2,right,18929,LPLC2,right,3
20967,LC4,left,519650,LC4,left,3
34681,LPLC2,right,24800,LPLC2,right,3
33137,LC4,left,20572,LC4,left,3
20967,LC4,left,533129,LC4,left,3
20976,LC4,left,10228,DNp06,left,3
11498,LPLC2,left,29319,LPLC2,left,3
11498,LPLC2,left,28188,LPLC2,left,3
20976,LC4,left,12824,LC4,left,3
20976,LC4,left,18478,LC4,left,3
518544,LC4,left,535341,LC4,left,3
518544,LC4,left,511914,LC4,left,3
20967,LC4,left,17340,LC4,left,3
34681,LPLC2,right,22677,LPLC2,right,3
20917,LC4,right,19954,LC4,right,3
18929,LPLC2,right,21562,LPLC2,right,3
12384,LPLC2,left,17478,LC4,left,3
31257,LPLC2,right,29986,LPLC2,right,3
31257,LPLC2,right,29873,LPLC2,right,3
20859,LC4,left,518983,LC4,left,3
31257,LPLC2,right,28871,LPLC2,right,3
20917,LC4,right,17548,LC4,right,3
518544,LC4,left,81112,LC4,left,3
31257,LPLC2,right,26915,LPLC2,right,3
31257,LPLC2,right,26393,LPLC2,right,3
20047,LPLC2,right,21151,LC4,right,3
32737,LPLC2,left,514670,LPLC2,left,3
17990,LPLC2,left,17880,LPLC2,left,3
20917,LC4,right,19794,LC4,right,3
20047,LPLC2,right,20471,LPLC2,right,3
516909,LC4,left,31429,LC4,left,3
34681,LPLC2,right,21562,LPLC2,right,3
20047,LPLC2,right,20334,LPLC2,right,3
31257,LPLC2,right,25316,LPLC2,right,3
18929,LPLC2,right,21769,LPLC2,right,3
20917,LC4,right,21151,LC4,right,3
11498,LPLC2,left,31563,LPLC2,left,3
516909,LC4,left,100485,LC4,left,3
20047,LPLC2,right,19229,LPLC2,right,3
20917,LC4,right,23098,LC4,right,3
20917,LC4,right,23392,LC4,right,3
17990,LPLC2,left,17059,LPLC2,left,3
18929,LPLC2,right,22218,LPLC2,right,3
31257,LPLC2,right,22218,LPLC2,right,3
34681,LPLC2,right,22261,LPLC2,right,3
21225,LC4,right,23792,LC4,right,3
33185,LPLC2,right,22328,LC4,right,3
514956,LC4,left,17478,LC4,left,3
21361,LPLC2,left,17775,LPLC2,left,3
19830,LPLC2,left,26416,LPLC2,left,3
30803,LC4,right,25511,LPLC2,right,3
21361,LPLC2,left,18936,LPLC2,left,3
19830,LPLC2,left,27023,LPLC2,left,3
515476,LC4,left,31429,LC4,left,3
12384,LPLC2,left,112292,LPLC2,left,3
17860,LC4,right,24338,LC4,right,3
30803,LC4,right,527408,LC4,right,3
21361,LPLC2,left,13764,LPLC2,left,3
21361,LPLC2,left,13726,LPLC2,left,3
21361,LPLC2,left,13132,LPLC2,left,3
35262,LC4,left,31308,LC4,left,3
19830,LPLC2,left,29702,LPLC2,left,3
30803,LC4,right,38065,LC4,right,3
21361,LPLC2,left,19911,LPLC2,left,3
21361,LPLC2,left,20799,LPLC2,left,3
33303,LPLC2,left,20329,LPLC2,left,3
21361,LPLC2,left,21299,LPLC2,left,3
515476,LC4,left,29469,LC4,left,3
33303,LPLC2,left,21299,LPLC2,left,3
33303,LPLC2,left,21361,LPLC2,left,3
21361,LPLC2,left,25209,LPLC2,left,3
30803,LC4,right,21804,LC4,right,3
33303,LPLC2,left,22557,LPLC2,left,3
35262,LC4,left,37587,LC4,left,3
21361,LPLC2,left,27023,LPLC2,left,3
515476,LC4,left,23226,LC4,left,3
21361,LPLC2,left,30512,LPLC2,left,3
21361,LPLC2,left,31563,LPLC2,left,3
524366,LPLC2,left,520764,LPLC2,left,3
21361,LPLC2,left,33303,LPLC2,left,3
35262,LC4,left,31301,LC4,left,3
30893,LPLC2,left,12384,LPLC2,left,3
21318,LPLC2,right,27566,LPLC2,right,3
19830,LPLC2,left,518983,LC4,left,3
21336,LC4,right,16628,LC4,right,3
30893,LPLC2,left,25027,LPLC2,left,3
30893,LPLC2,left,25136,LPLC2,left,3
17880,LPLC2,left,13132,LPLC2,left,3
19830,LPLC2,left,518731,LPLC2,left,3
30893,LPLC2,left,26416,LPLC2,left,3
19830,LPLC2,left,520449,LC4,left,3
21336,LC4,right,23792,LC4,right,3
515476,LC4,left,518544,LC4,left,3
30893,LPLC2,left,29702,LPLC2,left,3
34110,LPLC2,right,26915,LPLC2,right,3
19830,LPLC2,left,526286,LC4,left,3
33185,LPLC2,right,39620,LPLC2,right,3
30893,LPLC2,left,34051,LPLC2,left,3
19830,LPLC2,left,518730,LC4,left,3
21336,LC4,right,17266,LC4,right,3
21336,LC4,right,17364,LC4,right,3
18936,LPLC2,left,22253,LPLC2,left,3
515476,LC4,left,514508,LC4,left,3
30893,LPLC2,left,23919,LPLC2,left,3
35262,LC4,left,27829,LC4,left,3
21336,LC4,right,19954,LC4,right,3
524366,LPLC2,left,41097,LPLC2,left,3
21336,LC4,right,21151,LC4,right,3
19830,LPLC2,left,81112,LC4,left,3
21336,LC4,right,21165,LC4,right,3
34110,LPLC2,right,25316,LPLC2,right,3
18936,LPLC2,left,25136,LPLC2,left,3
515476,LC4,left,81112,LC4,left,3
11498,LPLC2,left,17653,LC4,left,3
30893,LPLC2,left,17544,LPLC2,left,3
11498,LPLC2,left,17478,LC4,left,3
19830,LPLC2,left,21361,LPLC2,left,3
21361,LPLC2,left,40841,LPLC2,left,3
30512,LPLC2,left,29955,LPLC2,left,3
30512,LPLC2,left,27750,LC4,left,3
34110,LPLC2,right,24187,LPLC2,right,3
19794,LC4,right,29563,LC4,right,3
35262,LC4,left,520449,LC4,left,3
518731,LPLC2,left,25027,LPLC2,left,3
33303,LPLC2,left,25524,LPLC2,left,3
17775,LPLC2,left,536444,LPLC2,left,3
33303,LPLC2,left,23665,LPLC2,left,3
21562,LPLC2,right,26730,LPLC2,right,3
21562,LPLC2,right,26147,LPLC2,right,3
514956,LC4,left,37587,LC4,left,3
30512,LPLC2,left,30895,LPLC2,left,3
35262,LC4,left,519650,LC4,left,3
30512,LPLC2,left,31563,LPLC2,left,3
30512,LPLC2,left,27716,LPLC2,left,3
30512,LPLC2,left,27023,LPLC2,left,3
30512,LPLC2,left,26528,LPLC2,left,3
30512,LPLC2,left,25854,LPLC2,left,3
21562,LPLC2,right,34372,LPLC2,right,3
12824,LC4,left,17270,LC4,left,3
30512,LPLC2,left,24605,LPLC2,left,3
21562,LPLC2,right,55627,LPLC2,right,3
34110,LPLC2,right,23878,LPLC2,right,3
30512,LPLC2,left,23919,LPLC2,left,3
30512,LPLC2,left,23349,LPLC2,left,3
536444,LPLC2,left,29753,LPLC2,left,3
514956,LC4,left,27750,LC4,left,3
17775,LPLC2,left,517078,LPLC2,left,3
30512,LPLC2,left,22253,LPLC2,left,3
33303,LPLC2,left,27023,LPLC2,left,3
21703,LPLC2,right,19229,LPLC2,right,3
524899,LC4,left,12032,LC4,left,3
35262,LC4,left,518730,LC4,left,3
17860,LC4,right,17551,LPLC2,right,3
30512,LPLC2,left,533895,LPLC2,left,3
21361,LPLC2,left,41097,LPLC2,left,3
524366,LPLC2,left,525844,LPLC2,left,3
21361,LPLC2,left,129687,LPLC2,left,3
18936,LPLC2,left,26528,LPLC2,left,3
30803,LC4,right,19634,LC4,right,3
19830,LPLC2,left,18936,LPLC2,left,3
524899,LC4,left,10010,DNp01,left,3
515476,LC4,left,12349,LC4,left,3
21562,LPLC2,right,19034,LPLC2,right,3
19830,LPLC2,left,17990,LPLC2,left,3
515476,LC4,left,12032,LC4,left,3
21562,LPLC2,right,19229,LPLC2,right,3
33303,LPLC2,left,24308,LPLC2,left,3
21562,LPLC2,right,19634,LC4,right,3
30512,LPLC2,left,531014,LPLC2,left,3
18936,LPLC2,left,27716,LPLC2,left,3
17860,LC4,right,19543,LC4,right,3
19830,LPLC2,left,17775,LPLC2,left,3
21562,LPLC2,right,20047,LPLC2,right,3
34110,LPLC2,right,24338,LC4,right,3
514956,LC4,left,532254,LC4,left,3
12384,LPLC2,left,520449,LC4,left,3
12384,LPLC2,left,525844,LPLC2,left,3
21562,LPLC2,right,20334,LPLC2,right,3
33303,LPLC2,left,24840,LPLC2,left,3
35262,LC4,left,517752,LC4,left,3
18936,LPLC2,left,27399,LPLC2,left,3
19830,LPLC2,left,14888,LC4,left,3
33303,LPLC2,left,25209,LPLC2,left,3
30512,LPLC2,left,33965,LPLC2,left,3
30893,LPLC2,left,35294,LPLC2,left,3
18936,LPLC2,left,20859,LC4,left,3
34110,LPLC2,right,31257,LPLC2,right,3
21299,LPLC2,left,24568,LPLC2,left,3
12384,LPLC2,left,25854,LPLC2,left,3
19842,LPLC2,right,35680,LPLC2,right,3
515900,LC4,left,535341,LC4,left,3
34110,LPLC2,right,29986,LPLC2,right,3
518730,LC4,left,517752,LC4,left,3
18936,LPLC2,left,13132,LPLC2,left,3
518730,LC4,left,516909,LC4,left,3
19911,LPLC2,left,17544,LPLC2,left,3
33185,LPLC2,right,26147,LPLC2,right,3
33185,LPLC2,right,25636,LPLC2,right,3
18929,LPLC2,right,55627,LPLC2,right,3
11498,LPLC2,left,19911,LPLC2,left,3
21299,LPLC2,left,19830,LPLC2,left,3
524366,LPLC2,left,31563,LPLC2,left,3
30895,LPLC2,left,40811,LPLC2,left,3
21299,LPLC2,left,29702,LPLC2,left,3
30895,LPLC2,left,37587,LC4,left,3
515900,LC4,left,519650,LC4,left,3
17880,LPLC2,left,25572,LPLC2,left,3
30895,LPLC2,left,34407,LPLC2,left,3
21299,LPLC2,left,33137,LC4,left,3
19842,LPLC2,right,31257,LPLC2,right,3
30895,LPLC2,left,32737,LPLC2,left,3
21299,LPLC2,left,33965,LPLC2,left,3
17880,LPLC2,left,25136,LPLC2,left,3
33185,LPLC2,right,28741,LPLC2,right,3
30895,LPLC2,left,32223,LPLC2,left,3
19842,LPLC2,right,30803,LC4,right,3
21299,LPLC2,left,81112,LC4,left,3
18936,LPLC2,left,13764,LPLC2,left,3
17880,LPLC2,left,25027,LPLC2,left,3
17880,LPLC2,left,27355,LPLC2,left,3
21299,LPLC2,left,15804,LPLC2,left,3
19842,LPLC2,right,16628,LC4,right,3
17880,LPLC2,left,34407,LPLC2,left,3
30938,LPLC2,right,21899,LPLC2,right,3
11498,LPLC2,left,21299,LPLC2,left,3
30938,LPLC2,right,22261,LPLC2,right,3
21287,LC4,right,19794,LC4,right,3
518730,LC4,left,77614,LC4,left,3
518730,LC4,left,35616,LC4,left,3
21287,LC4,right,17668,LC4,right,3
515971,LPLC2,left,14030,LPLC2,left,3
21287,LC4,right,17548,LC4,right,3
17880,LPLC2,left,34407,LPLC2,left,3
21287,LC4,right,17266,LC4,right,3
17880,LPLC2,left,41097,LPLC2,left,3
520764,LPLC2,left,24308,LPLC2,left,3
19911,LPLC2,left,27399,LPLC2,left,3
524366,LPLC2,left,29815,LPLC2,left,3
19911,LPLC2,left,24840,LPLC2,left,3
30938,LPLC2,right,21862,LPLC2,right,3
11498,LPLC2,left,20799,LPLC2,left,3
19911,LPLC2,left,24568,LPLC2,left,3
19911,LPLC2,left,24308,LPLC2,left,3
12384,LPLC2,left,24605,LPLC2,left,3
21287,LC4,right,22034,LC4,right,3
30938,LPLC2,right,20471,LPLC2,right,3
33185,LPLC2,right,25253,LPLC2,right,3
17880,LPLC2,left,29955,LPLC2,left,3
30938,LPLC2,right,19229,LPLC2,right,3
19911,LPLC2,left,21361,LPLC2,left,3
518730,LC4,left,512366,LC4,left,3
21299,LPLC2,left,13132,LPLC2,left,3
30938,LPLC2,right,17551,LPLC2,right,3
18929,LPLC2,right,39620,LPLC2,right,3
21299,LPLC2,left,134521,LPLC2,left,3
21299,LPLC2,left,517078,LPLC2,left,3
12384,LPLC2,left,27399,LPLC2,left,3
19842,LPLC2,right,19608,LPLC2,right,3
17880,LPLC2,left,20799,LPLC2,left,3
515900,LC4,left,20967,LC4,left,3
33185,LPLC2,right,34681,LPLC2,right,3
30895,LPLC2,left,14102,LPLC2,left,3
17880,LPLC2,left,21361,LPLC2,left,3
17880,LPLC2,left,22253,LPLC2,left,3
30895,LPLC2,left,19830,LPLC2,left,3
518730,LC4,left,524899,LC4,left,3
19842,LPLC2,right,20047,LPLC2,right,3
21318,LPLC2,right,17987,LC4,right,3
34110,LPLC2,right,28741,LPLC2,right,3
34845,LC4,left,519650,LC4,left,3
30895,LPLC2,left,21361,LPLC2,left,3
19842,LPLC2,right,20182,LPLC2,right,3
21318,LPLC2,right,20103,LPLC2,right,3
30895,LPLC2,left,12384,LPLC2,left,3
21318,LPLC2,right,20334,LPLC2,right,3
515900,LC4,left,18432,LC4,left,3
535341,LC4,left,31301,LC4,left,3
21318,LPLC2,right,20694,LPLC2,right,3
30893,LPLC2,left,533895,LPLC2,left,3
21318,LPLC2,right,21336,LC4,right,3
515900,LC4,left,18396,LC4,left,3
19842,LPLC2,right,17987,LC4,right,3
17880,LPLC2,left,17990,LPLC2,left,3
21318,LPLC2,right,22677,LPLC2,right,3
35262,LC4,left,17653,LC4,left,3
21318,LPLC2,right,24118,LPLC2,right,3
17880,LPLC2,left,17544,LPLC2,left,3
21318,LPLC2,right,24800,LPLC2,right,3
21318,LPLC2,right,25511,LPLC2,right,3
515900,LC4,left,23202,LC4,left,3
19842,LPLC2,right,20269,LPLC2,right,3
18936,LPLC2,left,17775,LPLC2,left,3
515900,LC4,left,32597,LC4,left,3
21299,LPLC2,left,521115,LPLC2,left,3
30895,LPLC2,left,29702,LPLC2,left,3
518730,LC4,left,535341,LC4,left,3
34845,LC4,left,107513,LC4,left,3
520764,LPLC2,left,23665,LPLC2,left,3
21313,LC4,right,16128,LC4,right,3
21313,LC4,right,16138,LC4,right,3
17880,LPLC2,left,24605,LPLC2,left,3
21313,LC4,right,17860,LC4,right,3
515900,LC4,left,35262,LC4,left,3
21313,LC4,right,19260,LC4,right,3
19842,LPLC2,right,25267,LPLC2,right,3
19842,LPLC2,right,24401,LPLC2,right,3
21313,LC4,right,19543,LC4,right,3
21313,LC4,right,19794,LC4,right,3
34845,LC4,left,518730,LC4,left,3
515900,LC4,left,31308,LC4,left,3
21313,LC4,right,20399,LC4,right,3
30895,LPLC2,left,27399,LPLC2,left,3
19842,LPLC2,right,22966,LC4,right,3
33185,LPLC2,right,31988,LPLC2,right,3
19842,LPLC2,right,21808,LPLC2,right,3
21313,LC4,right,21336,LC4,right,3
515900,LC4,left,30087,LC4,left,3
524366,LPLC2,left,32737,LPLC2,left,3
518731,LPLC2,left,14102,LPLC2,left,3
21313,LC4,right,22194,LC4,right,3
30895,LPLC2,left,25136,LPLC2,left,3
21313,LC4,right,22975,LC4,right,3
21313,LC4,right,23392,LC4,right,3
31301,LC4,left,29469,LC4,left,3
31301,LC4,left,29514,LC4,left,3
31301,LC4,left,30087,LC4,left,3
20240,LPLC2,left,25854,LPLC2,left,3
32507,LPLC2,right,23497,LPLC2,right,3
20471,LPLC2,right,20269,LPLC2,right,3
31988,LPLC2,right,20471,LPLC2,right,3
518016,LC4,left,535341,LC4,left,3
34407,LPLC2,left,100103,LPLC2,left,3
20471,LPLC2,right,19589,LPLC2,right,3
34407,LPLC2,left,95241,LPLC2,left,3
517819,LPLC2,left,22253,LPLC2,left,3
12032,LC4,left,518730,LC4,left,3
518016,LC4,left,533129,LC4,left,3
31988,LPLC2,right,21808,LPLC2,right,3
32507,LPLC2,right,22194,LC4,right,3
18672,LPLC2,right,32507,LPLC2,right,3
20471,LPLC2,right,14465,LPLC2,right,3
521115,LPLC2,left,25136,LPLC2,left,3
18432,LC4,left,511914,LC4,left,3
20471,LPLC2,right,21287,LC4,right,3
32507,LPLC2,right,23590,LPLC2,right,3
32507,LPLC2,right,23878,LPLC2,right,3
20471,LPLC2,right,21318,LPLC2,right,3
20471,LPLC2,right,21703,LPLC2,right,3
20471,LPLC2,right,21769,LPLC2,right,3
20240,LPLC2,left,23550,LPLC2,left,3
20471,LPLC2,right,22218,LPLC2,right,3
20240,LPLC2,left,23349,LPLC2,left,3
18432,LC4,left,81112,LC4,left,3
18672,LPLC2,right,50287,LPLC2,right,3
32507,LPLC2,right,25253,LPLC2,right,3
32507,LPLC2,right,25316,LPLC2,right,3
18432,LC4,left,29469,LC4,left,3
31964,LPLC2,right,37925,LPLC2,right,3
20440,LC4,left,526286,LC4,left,3
18432,LC4,left,524899,LC4,left,3
20240,LPLC2,left,34407,LPLC2,left,3
31988,LPLC2,right,26147,LPLC2,right,3
18478,LC4,left,12032,LC4,left,3
20440,LC4,left,20859,LC4,left,3
20440,LC4,left,20572,LC4,left,3
518016,LC4,left,520449,LC4,left,3
18478,LC4,left,14888,LC4,left,3
20440,LC4,left,17270,LC4,left,3
18478,LC4,left,15018,LC4,left,3
18672,LPLC2,right,31964,LPLC2,right,3
18478,LC4,left,17340,LC4,left,3
20399,LC4,right,30803,LC4,right,3
31988,LPLC2,right,28003,LPLC2,right,3
31988,LPLC2,right,28044,LPLC2,right,3
517819,LPLC2,left,25854,LPLC2,left,3
20399,LC4,right,26112,LC4,right,3
31988,LPLC2,right,25253,LPLC2,right,3
517819,LPLC2,left,24605,LPLC2,left,3
20440,LC4,left,22922,LC4,left,3
34407,LPLC2,left,40841,LPLC2,left,3
31988,LPLC2,right,24401,LPLC2,right,3
517819,LPLC2,left,23665,LPLC2,left,3
517819,LPLC2,left,23550,LPLC2,left,3
18432,LC4,left,533129,LC4,left,3
12032,LC4,left,515900,LC4,left,3
34407,LPLC2,left,13764,LPLC2,left,3
31988,LPLC2,right,24118,LPLC2,right,3
20440,LC4,left,81112,LC4,left,3
20440,LC4,left,100485,LC4,left,3
20440,LC4,left,511914,LC4,left,3
31988,LPLC2,right,22261,LPLC2,right,3
31988,LPLC2,right,22218,LPLC2,right,3
20440,LC4,left,519650,LC4,left,3
31964,LPLC2,right,37431,LPLC2,right,3
20471,LPLC2,right,26393,LPLC2,right,3
20471,LPLC2,right,26915,LPLC2,right,3
521115,LPLC2,left,26528,LPLC2,left,3
20535,LPLC2,right,24401,LPLC2,right,3
20535,LPLC2,right,24268,LPLC2,right,3
18396,LC4,left,532254,LC4,left,3
20535,LPLC2,right,22677,LPLC2,right,3
536444,LPLC2,left,19787,LPLC2,left,3
20535,LPLC2,right,21318,LPLC2,right,3
34372,LPLC2,right,35838,LPLC2,right,3
18432,LC4,left,27829,LC4,left,3
31964,LPLC2,right,26393,LPLC2,right,3
31964,LPLC2,right,26730,LPLC2,right,3
34655,LPLC2,left,10228,DNp06,left,3
11498,LPLC2,left,526286,LC4,left,3
536444,LPLC2,left,24840,LPLC2,left,3
32507,LPLC2,right,28741,LPLC2,right,3
34655,LPLC2,left,15804,LPLC2,left,3
31964,LPLC2,right,25511,LPLC2,right,3
20535,LPLC2,right,25316,LPLC2,right,3
20535,LPLC2,right,25636,LPLC2,right,3
20535,LPLC2,right,27471,LPLC2,right,3
521115,LPLC2,left,27399,LPLC2,left,3
20535,LPLC2,right,28044,LPLC2,right,3
31964,LPLC2,right,25253,LPLC2,right,3
517819,LPLC2,left,13132,LPLC2,left,3
20535,LPLC2,right,29391,LPLC2,right,3
31964,LPLC2,right,24800,LPLC2,right,3
20535,LPLC2,right,30207,LPLC2,right,3
20535,LPLC2,right,31257,LPLC2,right,3
32507,LPLC2,right,30207,LPLC2,right,3
20182,LPLC2,right,28003,LPLC2,right,3
20535,LPLC2,right,37431,LPLC2,right,3
521115,LPLC2,left,27796,LPLC2,left,3
31964,LPLC2,right,28871,LPLC2,right,3
18432,LC4,left,16917,LC4,left,3
20182,LPLC2,right,34372,LPLC2,right,3
18900,LPLC2,left,19911,LPLC2,left,3
20240,LPLC2,left,17880,LPLC2,left,3
20240,LPLC2,left,14030,LPLC2,left,3
34407,LPLC2,left,517079,LPLC2,left,3
20471,LPLC2,right,28871,LPLC2,right,3
31964,LPLC2,right,34681,LPLC2,right,3
20471,LPLC2,right,29391,LPLC2,right,3
31964,LPLC2,right,33396,LPLC2,right,3
20471,LPLC2,right,29986,LPLC2,right,3
20471,LPLC2,right,30041,LPLC2,right,3
517819,LPLC2,left,17880,LPLC2,left,3
20471,LPLC2,right,30938,LPLC2,right,3
34407,LPLC2,left,521115,LPLC2,left,3
20471,LPLC2,right,31988,LPLC2,right,3
32507,LPLC2,right,26915,LPLC2,right,3
20471,LPLC2,right,33396,LPLC2,right,3
31964,LPLC2,right,29216,LPLC2,right,3
34407,LPLC2,left,531014,LPLC2,left,3
20471,LPLC2,right,34110,LPLC2,right,3
18900,LPLC2,left,20799,LPLC2,left,3
20182,LPLC2,right,38542,LPLC2,right,3
20471,LPLC2,right,37613,LPLC2,right,3
20471,LPLC2,right,50287,LPLC2,right,3
18432,LC4,left,20967,LC4,left,3
20535,LPLC2,right,14465,LPLC2,right,3
521115,LPLC2,left,25854,LPLC2,left,3
20182,LPLC2,right,37431,LPLC2,right,3
20535,LPLC2,right,18929,LPLC2,right,3
18432,LC4,left,18478,LC4,left,3
20535,LPLC2,right,19249,LPLC2,right,3
20535,LPLC2,right,19549,LPLC2,right,3
31988,LPLC2,right,28871,LPLC2,right,3
31988,LPLC2,right,29391,LPLC2,right,3
518544,LC4,left,20967,LC4,left,3
12032,LC4,left,18478,LC4,left,3
12032,LC4,left,31308,LC4,left,3
32237,LPLC2,left,29702,LPLC2,left,3
32223,LPLC2,left,29955,LPLC2,left,3
20269,LPLC2,right,29183,LPLC2,right,3
12032,LC4,left,18396,LC4,left,3
20269,LPLC2,right,29598,LPLC2,right,3
32237,LPLC2,left,28011,LPLC2,left,3
18672,LPLC2,right,24401,LPLC2,right,3
34407,LPLC2,left,26528,LPLC2,left,3
20269,LPLC2,right,30207,LPLC2,right,3
20329,LPLC2,left,27399,LPLC2,left,3
20329,LPLC2,left,27355,LPLC2,left,3
34407,LPLC2,left,22253,LPLC2,left,3
20269,LPLC2,right,34372,LPLC2,right,3
20329,LPLC2,left,129687,LPLC2,left,3
32237,LPLC2,left,29753,LPLC2,left,3
518016,LC4,left,34845,LC4,left,3
18478,LC4,left,524899,LC4,left,3
18478,LC4,left,524899,LC4,left,3
18672,LPLC2,right,25316,LPLC2,right,3
20329,LPLC2,left,533895,LPLC2,left,3
34407,LPLC2,left,29815,LPLC2,left,3
518016,LC4,left,77614,LC4,left,3
32223,LPLC2,left,25572,LPLC2,left,3
34407,LPLC2,left,20240,LPLC2,left,3
20269,LPLC2,right,22261,LPLC2,right,3
32223,LPLC2,left,25209,LPLC2,left,3
20334,LPLC2,right,17054,LC4,right,3
20334,LPLC2,right,17551,LPLC2,right,3
20334,LPLC2,right,18127,LC4,right,3
32223,LPLC2,left,25136,LPLC2,left,3
20329,LPLC2,left,25209,LPLC2,left,3
20329,LPLC2,left,24605,LPLC2,left,3
20399,LC4,right,22966,LC4,right,3
12032,LC4,left,27624,LC4,left,3
20329,LPLC2,left,13132,LPLC2,left,3
20282,LC4,right,20399,LC4,right,3
18672,LPLC2,right,22261,LPLC2,right,3
32237,LPLC2,left,23665,LPLC2,left,3
32237,LPLC2,left,23550,LPLC2,left,3
18672,LPLC2,right,21862,LPLC2,right,3
521115,LPLC2,left,10228,DNp06,left,3
32237,LPLC2,left,25575,LPLC2,left,3
20282,LC4,right,21225,LC4,right,3
20282,LC4,right,26112,LC4,right,3
20282,LC4,right,23929,LC4,right,3
20282,LC4,right,22975,LC4,right,3
518016,LC4,left,16917,LC4,left,3
20282,LC4,right,22194,LC4,right,3
20329,LPLC2,left,13764,LPLC2,left,3
518016,LC4,left,20572,LC4,left,3
18672,LPLC2,right,20162,LPLC2,right,3
32237,LPLC2,left,24840,LPLC2,left,3
34407,LPLC2,left,23349,LPLC2,left,3
20329,LPLC2,left,18936,LPLC2,left,3
20329,LPLC2,left,19787,LPLC2,left,3
20282,LC4,right,16138,LC4,right,3
518016,LC4,left,12349,LC4,left,3
20269,LPLC2,right,55627,LPLC2,right,3
34407,LPLC2,left,25854,LPLC2,left,3
20329,LPLC2,left,21299,LPLC2,left,3
32223,LPLC2,left,520764,LPLC2,left,3
32223,LPLC2,left,518731,LPLC2,left,3
20329,LPLC2,left,23247,LPLC2,left,3
18672,LPLC2,right,24268,LPLC2,right,3
20329,LPLC2,left,23349,LPLC2,left,3
20269,LPLC2,right,22218,LPLC2,right,3
520764,LPLC2,left,531014,LPLC2,left,3
20269,LPLC2,right,21703,LPLC2,right,3
536444,LPLC2,left,20329,LPLC2,left,3
517819,LPLC2,left,29815,LPLC2,left,3
32507,LPLC2,right,10584,DNp06,right,3
18478,LC4,left,29469,LC4,left,3
521115,LPLC2,left,21299,LPLC2,left,3
31988,LPLC2,right,37431,LPLC2,right,3
31988,LPLC2,right,37613,LPLC2,right,3
20334,LPLC2,right,35838,LPLC2,right,3
20269,LPLC2,right,21562,LPLC2,right,3
20240,LPLC2,left,536444,LPLC2,left,3
20334,LPLC2,right,35680,LPLC2,right,3
517819,LPLC2,left,31105,LPLC2,left,3
20334,LPLC2,right,33185,LPLC2,right,3
34407,LPLC2,left,17880,LPLC2,left,3
20334,LPLC2,right,31988,LPLC2,right,3
517819,LPLC2,left,29753,LPLC2,left,3
20399,LC4,right,17266,LC4,right,3
31988,LPLC2,right,35838,LPLC2,right,3
517819,LPLC2,left,28188,LPLC2,left,3
31988,LPLC2,right,34110,LPLC2,right,3
34407,LPLC2,left,33406,LPLC2,left,3
20240,LPLC2,left,517079,LPLC2,left,3
20399,LC4,right,19550,LC4,right,3
520764,LPLC2,left,524366,LPLC2,left,3
20399,LC4,right,20282,LC4,right,3
34407,LPLC2,left,17544,LPLC2,left,3
18672,LPLC2,right,30041,LPLC2,right,3
20399,LC4,right,20673,LC4,right,3
18478,LC4,left,23202,LC4,left,3
34407,LPLC2,left,15804,LPLC2,left,3
31988,LPLC2,right,31257,LPLC2,right,3
521115,LPLC2,left,22557,LPLC2,left,3
31988,LPLC2,right,38542,LPLC2,right,3
20334,LPLC2,right,30207,LPLC2,right,3
517819,LPLC2,left,32223,LPLC2,left,3
20334,LPLC2,right,23878,LPLC2,right,3
518016,LC4,left,511914,LC4,left,3
518016,LC4,left,512705,LC4,left,3
518016,LC4,left,514508,LC4,left,3
20334,LPLC2,right,21045,LPLC2,right,3
20269,LPLC2,right,20535,LPLC2,right,3
20334,LPLC2,right,21318,LPLC2,right,3
20334,LPLC2,right,21703,LPLC2,right,3
20269,LPLC2,right,20471,LPLC2,right,3
12032,LC4,left,81112,LC4,left,3
20269,LPLC2,right,20334,LPLC2,right,3
20334,LPLC2,right,22218,LPLC2,right,3
18672,LPLC2,right,26730,LPLC2,right,3
32223,LPLC2,left,17990,LPLC2,left,3
18478,LC4,left,77614,LC4,left,3
20334,LPLC2,right,24268,LPLC2,right,3
32237,LPLC2,left,521115,LPLC2,left,3
517819,LPLC2,left,34407,LPLC2,left,3
32223,LPLC2,left,16809,LC4,left,3
20334,LPLC2,right,26147,LPLC2,right,3
12032,LC4,left,17478,LC4,left,3
32223,LPLC2,left,12384,LPLC2,left,3
20269,LPLC2,right,19589,LPLC2,right,3
20334,LPLC2,right,27471,LPLC2,right,3
20334,LPLC2,right,27566,LPLC2,right,3
20269,LPLC2,right,19249,LPLC2,right,3
20269,LPLC2,right,19146,LPLC2,right,3
20334,LPLC2,right,29391,LPLC2,right,3
20334,LPLC2,right,29873,LPLC2,right,3
20269,LPLC2,right,19034,LPLC2,right,3
518016,LC4,left,515900,LC4,left,3
518439,LC4,left,17478,LC4,left,3
31964,LPLC2,right,22847,LC4,right,3
20542,LC4,right,16628,LC4,right,3
20694,LPLC2,right,20542,LC4,right,3
20694,LPLC2,right,21703,LPLC2,right,3
31429,LC4,left,22772,LC4,left,3
20694,LPLC2,right,21045,LPLC2,right,3
520764,LPLC2,left,32237,LPLC2,left,3
521115,LPLC2,left,100485,LC4,left,3
520764,LPLC2,left,33303,LPLC2,left,3
34655,LPLC2,left,31105,LPLC2,left,3
31429,LC4,left,30087,LC4,left,3
31429,LC4,left,27624,LC4,left,3
518439,LC4,left,519931,LC4,left,3
20694,LPLC2,right,19608,LPLC2,right,3
18900,LPLC2,left,34407,LPLC2,left,3
34372,LPLC2,right,28044,LPLC2,right,3
521115,LPLC2,left,35294,LPLC2,left,3
20694,LPLC2,right,21769,LPLC2,right,3
517079,LPLC2,left,24308,LPLC2,left,3
521115,LPLC2,left,112292,LPLC2,left,3
20162,LPLC2,right,20584,LPLC2,right,3
18900,LPLC2,left,112292,LPLC2,left,3
20162,LPLC2,right,20182,LPLC2,right,3
517079,LPLC2,left,23550,LPLC2,left,3
517079,LPLC2,left,23349,LPLC2,left,3
20694,LPLC2,right,24401,LPLC2,right,3
20162,LPLC2,right,20182,LPLC2,right,3
18900,LPLC2,left,129687,LPLC2,left,3
20694,LPLC2,right,25584,LC4,right,3
31429,LC4,left,12349,LC4,left,3
11498,LPLC2,left,134521,LPLC2,left,3
18900,LPLC2,left,134521,LPLC2,left,3
20694,LPLC2,right,28044,LPLC2,right,3
31308,LC4,left,533129,LC4,left,3
12349,LC4,left,511914,LC4,left,3
12349,LC4,left,111903,LPLC2,left,3
20542,LC4,right,17364,LC4,right,3
12349,LC4,left,100485,LC4,left,3
517079,LPLC2,left,29514,LC4,left,3
31429,LC4,left,514508,LC4,left,3
20673,LC4,right,19550,LC4,right,3
20162,LPLC2,right,25316,LPLC2,right,3
20673,LC4,right,19543,LC4,right,3
20162,LPLC2,right,25497,LPLC2,right,3
20673,LC4,right,17860,LC4,right,3
20162,LPLC2,right,21899,LPLC2,right,3
20673,LC4,right,17548,LC4,right,3
34655,LPLC2,left,27796,LPLC2,left,3
20162,LPLC2,right,26147,LPLC2,right,3
20162,LPLC2,right,28044,LPLC2,right,3
518439,LC4,left,129687,LPLC2,left,3
517079,LPLC2,left,29955,LPLC2,left,3
20673,LC4,right,20282,LC4,right,3
20673,LC4,right,20399,LC4,right,3
32597,LC4,left,514508,LC4,left,3
18900,LPLC2,left,32223,LPLC2,left,3
31429,LC4,left,100485,LC4,left,3
20673,LC4,right,22034,LC4,right,3
20673,LC4,right,22194,LC4,right,3
20673,LC4,right,22328,LC4,right,3
11498,LPLC2,left,515971,LPLC2,left,3
34655,LPLC2,left,28188,LPLC2,left,3
20162,LPLC2,right,23590,LPLC2,right,3
18189,LC4,right,17364,LC4,right,3
20673,LC4,right,26112,LC4,right,3
20162,LPLC2,right,22677,LPLC2,right,3
521115,LPLC2,left,34655,LPLC2,left,3
31429,LC4,left,33137,LC4,left,3
31429,LC4,left,32597,LC4,left,3
517079,LPLC2,left,18936,LPLC2,left,3
12349,LC4,left,514508,LC4,left,3
18900,LPLC2,left,517819,LPLC2,left,3
518544,LC4,left,17653,LC4,left,3
20749,LPLC2,right,25316,LPLC2,right,3
517078,LPLC2,left,134521,LPLC2,left,3
18127,LC4,right,17364,LC4,right,3
517078,LPLC2,left,515971,LPLC2,left,3
20103,LPLC2,right,26147,LPLC2,right,3
32737,LPLC2,left,21299,LPLC2,left,3
31308,LC4,left,12349,LC4,left,3
20694,LPLC2,right,29986,LPLC2,right,3
20103,LPLC2,right,28003,LPLC2,right,3
31308,LC4,left,12824,LC4,left,3
31308,LC4,left,14888,LC4,left,3
20103,LPLC2,right,28741,LPLC2,right,3
517078,LPLC2,left,520449,LC4,left,3
20749,LPLC2,right,21045,LPLC2,right,3
31301,LC4,left,519931,LC4,left,3
20103,LPLC2,right,25497,LPLC2,right,3
20749,LPLC2,right,26915,LPLC2,right,3
18127,LC4,right,17266,LC4,right,3
20749,LPLC2,right,28003,LPLC2,right,3
20103,LPLC2,right,24118,LPLC2,right,3
517078,LPLC2,left,111903,LPLC2,left,3
18127,LC4,right,16138,LC4,right,3
34372,LPLC2,right,25316,LPLC2,right,3
517078,LPLC2,left,32737,LPLC2,left,3
20749,LPLC2,right,34681,LPLC2,right,3
20103,LPLC2,right,22677,LPLC2,right,3
20749,LPLC2,right,35889,LPLC2,right,3
31301,LC4,left,111787,LC4,left,3
20103,LPLC2,right,22261,LPLC2,right,3
18929,LPLC2,right,19034,LPLC2,right,3
34655,LPLC2,left,524366,LPLC2,left,3
520764,LPLC2,left,30087,LC4,left,3
18127,LC4,right,19420,LC4,right,3
20749,LPLC2,right,20584,LPLC2,right,3
32737,LPLC2,left,15804,LPLC2,left,3
12349,LC4,left,515476,LC4,left,3
34655,LPLC2,left,40811,LPLC2,left,3
517079,LPLC2,left,17059,LPLC2,left,3
31308,LC4,left,515900,LC4,left,3
20694,LPLC2,right,33694,LPLC2,right,3
12349,LC4,left,517752,LC4,left,3
517079,LPLC2,left,13726,LPLC2,left,3
31308,LC4,left,100485,LC4,left,3
18127,LC4,right,21165,LC4,right,3
20103,LPLC2,right,37431,LPLC2,right,3
31308,LC4,left,35262,LC4,left,3
18127,LC4,right,20917,LC4,right,3
18127,LC4,right,20808,LC4,right,3
20749,LPLC2,right,16128,LC4,right,3
31308,LC4,left,29514,LC4,left,3
20749,LPLC2,right,20535,LPLC2,right,3
34655,LPLC2,left,100103,LPLC2,left,3
20749,LPLC2,right,18672,LPLC2,right,3
518544,LC4,left,12349,LC4,left,3
18127,LC4,right,20282,LC4,right,3
20749,LPLC2,right,19229,LPLC2,right,3
18127,LC4,right,19794,LC4,right,3
32737,LPLC2,left,18900,LPLC2,left,3
20749,LPLC2,right,19608,LPLC2,right,3
12349,LC4,left,518439,LC4,left,3
32737,LPLC2,left,18936,LPLC2,left,3
34372,LPLC2,right,26393,LPLC2,right,3
31308,LC4,left,20440,LC4,left,3
20103,LPLC2,right,29216,LPLC2,right,3
20749,LPLC2,right,20334,LPLC2,right,3
18189,LC4,right,19420,LC4,right,3
535341,LC4,left,532254,LC4,left,3
20588,LC4,right,25584,LC4,right,3
31563,LPLC2,left,520764,LPLC2,left,3
517752,LC4,left,27829,LC4,left,3
32507,LPLC2,right,35680,LPLC2,right,3
517752,LC4,left,29417,LC4,left,3
20572,LC4,left,33137,LC4,left,3
20182,LPLC2,right,22218,LPLC2,right,3
20572,LC4,left,31308,LC4,left,3
517752,LC4,left,30087,LC4,left,3
517752,LC4,left,18478,LC4,left,3
20572,LC4,left,24523,LC4,left,3
20572,LC4,left,23226,LC4,left,3
31563,LPLC2,left,525844,LPLC2,left,3
20182,LPLC2,right,22261,LPLC2,right,3
517752,LC4,left,31429,LC4,left,3
12349,LC4,left,20967,LC4,left,3
517752,LC4,left,27750,LC4,left,3
517752,LC4,left,27624,LC4,left,3
31563,LPLC2,left,517079,LPLC2,left,3
20572,LC4,left,511914,LC4,left,3
18396,LC4,left,17608,LC4,left,3
520764,LPLC2,left,111903,LPLC2,left,3
32507,LPLC2,right,35838,LPLC2,right,3
34655,LPLC2,left,23665,LPLC2,left,3
518439,LC4,left,29469,LC4,left,3
18900,LPLC2,left,25524,LPLC2,left,3
20572,LC4,left,519931,LC4,left,3
31563,LPLC2,left,111903,LPLC2,left,3
517752,LC4,left,20572,LC4,left,3
20572,LC4,left,532254,LC4,left,3
34655,LPLC2,left,24308,LPLC2,left,3
32507,LPLC2,right,37431,LPLC2,right,3
20584,LPLC2,right,17054,LC4,right,3
20182,LPLC2,right,23392,LC4,right,3
20182,LPLC2,right,23590,LPLC2,right,3
18396,LC4,left,18478,LC4,left,3
20542,LC4,right,22194,LC4,right,3
517752,LC4,left,519931,LC4,left,3
20542,LC4,right,17987,LC4,right,3
18396,LC4,left,34845,LC4,left,3
18900,LPLC2,left,23247,LPLC2,left,3
20182,LPLC2,right,26730,LPLC2,right,3
34372,LPLC2,right,34681,LPLC2,right,3
521115,LPLC2,left,29702,LPLC2,left,3
20542,LC4,right,20016,LC4,right,3
518439,LC4,left,17608,LC4,left,3
517752,LC4,left,515900,LC4,left,3
34655,LPLC2,left,17880,LPLC2,left,3
31964,LPLC2,right,21045,LPLC2,right,3
536444,LPLC2,left,17880,LPLC2,left,3
20182,LPLC2,right,26147,LPLC2,right,3
18396,LC4,left,30087,LC4,left,3
517752,LC4,left,35262,LC4,left,3
32507,LPLC2,right,31257,LPLC2,right,3
20182,LPLC2,right,25511,LPLC2,right,3
34372,LPLC2,right,33396,LPLC2,right,3
31964,LPLC2,right,20162,LPLC2,right,3
18396,LC4,left,29514,LC4,left,3
20542,LC4,right,29563,LC4,right,3
536444,LPLC2,left,17775,LPLC2,left,3
20542,LC4,right,30803,LC4,right,3
517752,LC4,left,81112,LC4,left,3
518439,LC4,left,18396,LC4,left,3
31964,LPLC2,right,19589,LPLC2,right,3
12349,LC4,left,18432,LC4,left,3
32507,LPLC2,right,33439,LPLC2,right,3
20182,LPLC2,right,24118,LPLC2,right,3
521115,LPLC2,left,30895,LPLC2,left,3
32507,LPLC2,right,39620,LPLC2,right,3
32597,LC4,left,34845,LC4,left,3
20584,LPLC2,right,35838,LPLC2,right,3
20588,LC4,right,17548,LC4,right,3
20588,LC4,right,17364,LC4,right,3
20588,LC4,right,16628,LC4,right,3
18189,LC4,right,20282,LC4,right,3
31563,LPLC2,left,20329,LPLC2,left,3
20584,LPLC2,right,35889,LPLC2,right,3
517079,LPLC2,left,514670,LPLC2,left,3
31563,LPLC2,left,34655,LPLC2,left,3
20584,LPLC2,right,34681,LPLC2,right,3
517079,LPLC2,left,515971,LPLC2,left,3
31563,LPLC2,left,21361,LPLC2,left,3
31563,LPLC2,left,21721,LC4,left,3
31563,LPLC2,left,22253,LPLC2,left,3
20584,LPLC2,right,31964,LPLC2,right,3
20162,LPLC2,right,34110,LPLC2,right,3
517079,LPLC2,left,100485,LC4,left,3
20162,LPLC2,right,31988,LPLC2,right,3
18900,LPLC2,left,30512,LPLC2,left,3
31563,LPLC2,left,17775,LPLC2,left,3
20162,LPLC2,right,31257,LPLC2,right,3
20588,LC4,right,19794,LC4,right,3
20162,LPLC2,right,30207,LPLC2,right,3
517079,LPLC2,left,33965,LPLC2,left,3
31563,LPLC2,left,14102,LPLC2,left,3
20162,LPLC2,right,30041,LPLC2,right,3
31563,LPLC2,left,13764,LPLC2,left,3
20588,LC4,right,21313,LC4,right,3
518439,LC4,left,107513,LC4,left,3
20588,LC4,right,21804,LC4,right,3
31563,LPLC2,left,13726,LPLC2,left,3
20588,LC4,right,22194,LC4,right,3
32597,LC4,left,27624,LC4,left,3
18189,LC4,right,20673,LC4,right,3
20584,LPLC2,right,30207,LPLC2,right,3
517752,LC4,left,12349,LC4,left,3
12349,LC4,left,27750,LC4,left,3
20584,LPLC2,right,19146,LPLC2,right,3
32507,LPLC2,right,55627,LPLC2,right,3
18189,LC4,right,31262,LC4,right,3
18189,LC4,right,29563,LC4,right,3
31563,LPLC2,left,30893,LPLC2,left,3
20584,LPLC2,right,19842,LPLC2,right,3
20182,LPLC2,right,19842,LPLC2,right,3
18189,LC4,right,23792,LC4,right,3
34655,LPLC2,left,25027,LPLC2,left,3
31563,LPLC2,left,29815,LPLC2,left,3
20182,LPLC2,right,19543,LC4,right,3
32597,LC4,left,17608,LC4,left,3
517752,LC4,left,14888,LC4,left,3
31563,LPLC2,left,27023,LPLC2,left,3
31563,LPLC2,left,22557,LPLC2,left,3
31563,LPLC2,left,25572,LPLC2,left,3
20584,LPLC2,right,24187,LPLC2,right,3
32597,LC4,left,18478,LC4,left,3
31563,LPLC2,left,25136,LPLC2,left,3
18189,LC4,right,21151,LC4,right,3
20584,LPLC2,right,26147,LPLC2,right,3
31563,LPLC2,left,24308,LPLC2,left,3
20162,LPLC2,right,55627,LPLC2,right,3
20584,LPLC2,right,26730,LPLC2,right,3
32597,LC4,left,21721,LC4,left,3
18900,LPLC2,left,29955,LPLC2,left,3
20162,LPLC2,right,37431,LPLC2,right,3
20584,LPLC2,right,28871,LPLC2,right,3
20584,LPLC2,right,29287,LPLC2,right,3
21703,LPLC2,right,19249,LPLC2,right,3
32237,LPLC2,left,22253,LPLC2,left,3
35294,LPLC2,left,17880,LPLC2,left,3
22261,LPLC2,right,10584,DNp06,right,3
19146,LPLC2,right,19034,LPLC2,right,3
19550,LC4,right,20917,LC4,right,3
23202,LC4,left,519650,LC4,left,3
525844,LPLC2,left,19787,LPLC2,left,3
22253,LPLC2,left,519650,LC4,left,3
29702,LPLC2,left,27716,LPLC2,left,3
23202,LC4,left,512705,LC4,left,3
22253,LPLC2,left,519931,LC4,left,3
17544,LPLC2,left,129687,LPLC2,left,3
29955,LPLC2,left,25572,LPLC2,left,3
512705,LC4,left,12032,LC4,left,3
34051,LPLC2,left,26528,LPLC2,left,3
519931,LC4,left,23202,LC4,left,3
533895,LPLC2,left,34655,LPLC2,left,3
29702,LPLC2,left,27796,LPLC2,left,3
17653,LC4,left,31308,LC4,left,3
33406,LPLC2,left,520764,LPLC2,left,3
19550,LC4,right,19543,LC4,right,3
17653,LC4,left,31301,LC4,left,3
19550,LC4,right,19420,LC4,right,3
17544,LPLC2,left,514670,LPLC2,left,3
134521,LPLC2,left,14102,LPLC2,left,3
17653,LC4,left,28980,LC4,left,3
35632,LPLC2,right,24187,LPLC2,right,3
17653,LC4,left,24523,LC4,left,3
29702,LPLC2,left,30512,LPLC2,left,3
33406,LPLC2,left,514670,LPLC2,left,3
519931,LC4,left,28980,LC4,left,3
22253,LPLC2,left,112292,LPLC2,left,3
512705,LC4,left,17270,LC4,left,3
29955,LPLC2,left,34407,LPLC2,left,3
34051,LPLC2,left,28011,LPLC2,left,3
19146,LPLC2,right,33694,LPLC2,right,3
129687,LPLC2,left,517079,LPLC2,left,3
19550,LC4,right,25584,LC4,right,3
33406,LPLC2,left,33965,LPLC2,left,3
23226,LC4,left,22772,LC4,left,3
22253,LPLC2,left,29319,LPLC2,left,3
29955,LPLC2,left,32223,LPLC2,left,3
129687,LPLC2,left,518439,LC4,left,3
33406,LPLC2,left,35294,LPLC2,left,3
23226,LC4,left,18432,LC4,left,3
129687,LPLC2,left,518731,LPLC2,left,3
19550,LC4,right,22328,LC4,right,3
35680,LPLC2,right,32507,LPLC2,right,3
33406,LPLC2,left,40841,LPLC2,left,3
512705,LC4,left,17478,LC4,left,3
23226,LC4,left,17340,LC4,left,3
22253,LPLC2,left,34655,LPLC2,left,3
33694,LPLC2,right,34681,LPLC2,right,3
17544,LPLC2,left,37587,LC4,left,3
17544,LPLC2,left,41097,LPLC2,left,3
33406,LPLC2,left,41097,LPLC2,left,3
27399,LPLC2,left,517079,LPLC2,left,3
34051,LPLC2,left,27750,LC4,left,3
23202,LC4,left,23226,LC4,left,3
29955,LPLC2,left,23919,LPLC2,left,3
512366,LC4,left,518544,LC4,left,3
17653,LC4,left,17478,LC4,left,3
19249,LPLC2,right,28003,LPLC2,right,3
35632,LPLC2,right,26915,LPLC2,right,3
23202,LC4,left,17340,LC4,left,3
519931,LC4,left,18478,LC4,left,3
533895,LPLC2,left,41097,LPLC2,left,3
23202,LC4,left,17270,LC4,left,3
29873,LPLC2,right,35632,LPLC2,right,3
22261,LPLC2,right,34681,LPLC2,right,3
23202,LC4,left,12824,LC4,left,3
29873,LPLC2,right,34372,LPLC2,right,3
29873,LPLC2,right,33439,LPLC2,right,3
35632,LPLC2,right,27471,LPLC2,right,3
29873,LPLC2,right,32507,LPLC2,right,3
33439,LPLC2,right,20471,LPLC2,right,3
134521,LPLC2,left,17990,LPLC2,left,3
17544,LPLC2,left,531014,LPLC2,left,3
525844,LPLC2,left,21361,LPLC2,left,3
29873,LPLC2,right,31257,LPLC2,right,3
33439,LPLC2,right,20694,LPLC2,right,3
34051,LPLC2,left,24840,LPLC2,left,3
29873,LPLC2,right,29986,LPLC2,right,3
525844,LPLC2,left,34655,LPLC2,left,3
19249,LPLC2,right,33396,LPLC2,right,3
35632,LPLC2,right,28044,LPLC2,right,3
29873,LPLC2,right,29216,LPLC2,right,3
519650,LC4,left,15018,LC4,left,3
17653,LC4,left,17478,LC4,left,3
29955,LPLC2,left,22557,LPLC2,left,3
29873,LPLC2,right,50287,LPLC2,right,3
29955,LPLC2,left,22253,LPLC2,left,3
33965,LPLC2,left,33406,LPLC2,left,3
512366,LC4,left,518016,LC4,left,3
23202,LC4,left,22772,LC4,left,3
33406,LPLC2,left,525844,LPLC2,left,3
29702,LPLC2,left,31105,LPLC2,left,3
519931,LC4,left,20859,LC4,left,3
512366,LC4,left,515476,LC4,left,3
512366,LC4,left,514956,LC4,left,3
23202,LC4,left,20572,LC4,left,3
21703,LPLC2,right,19842,LPLC2,right,3
13132,LPLC2,left,517819,LPLC2,left,3
19550,LC4,right,16128,LC4,right,3
29955,LPLC2,left,17775,LPLC2,left,3
19550,LC4,right,10584,DNp06,right,3
10010,DNp01,left,20859,LC4,left,3
29702,LPLC2,left,33965,LPLC2,left,3
22261,LPLC2,right,26147,LPLC2,right,3
19146,LPLC2,right,19543,LC4,right,3
22261,LPLC2,right,28003,LPLC2,right,3
29955,LPLC2,left,13764,LPLC2,left,3
22261,LPLC2,right,28871,LPLC2,right,3
23202,LC4,left,18432,LC4,left,3
520449,LC4,left,100485,LC4,left,3
525844,LPLC2,left,20799,LPLC2,left,3
17653,LC4,left,519650,LC4,left,3
29702,LPLC2,left,24568,LPLC2,left,3
29598,LPLC2,right,50287,LPLC2,right,3
29702,LPLC2,left,15804,LPLC2,left,3
35632,LPLC2,right,16628,LC4,right,3
19589,LPLC2,right,25497,LPLC2,right,3
23247,LPLC2,left,23665,LPLC2,left,3
19589,LPLC2,right,25316,LPLC2,right,3
19589,LPLC2,right,25267,LPLC2,right,3
512705,LC4,left,515476,LC4,left,3
23247,LPLC2,left,23202,LC4,left,3
22218,LPLC2,right,19842,LPLC2,right,3
12824,LC4,left,532254,LC4,left,3
29986,LPLC2,right,21862,LPLC2,right,3
29986,LPLC2,right,21808,LPLC2,right,3
29702,LPLC2,left,14102,LPLC2,left,3
29986,LPLC2,right,21703,LPLC2,right,3
525844,LPLC2,left,17653,LC4,left,3
22218,LPLC2,right,20694,LPLC2,right,3
29702,LPLC2,left,17774,LPLC2,left,3
29702,LPLC2,left,17880,LPLC2,left,3
520449,LC4,left,22772,LC4,left,3
17544,LPLC2,left,27796,LPLC2,left,3
17544,LPLC2,left,28011,LPLC2,left,3
33406,LPLC2,left,27355,LPLC2,left,3
19034,LPLC2,right,33396,LPLC2,right,3
518983,LC4,left,34845,LC4,left,3
17668,LC4,right,21165,LC4,right,3
35632,LPLC2,right,17987,LC4,right,3
518983,LC4,left,35262,LC4,left,3
17668,LC4,right,21313,LC4,right,3
533895,LPLC2,left,112292,LPLC2,left,3
29986,LPLC2,right,25267,LPLC2,right,3
23247,LPLC2,left,24523,LC4,left,3
33406,LPLC2,left,22253,LPLC2,left,3
33406,LPLC2,left,23349,LPLC2,left,3
514508,LC4,left,10228,DNp06,left,3
22194,LC4,right,19634,LC4,right,3
518983,LC4,left,22772,LC4,left,3
535341,LC4,left,10228,DNp06,left,3
518983,LC4,left,22922,LC4,left,3
524899,LC4,left,520449,LC4,left,3
22194,LC4,right,20542,LC4,right,3
22194,LC4,right,20588,LC4,right,3
22194,LC4,right,20673,LC4,right,3
17544,LPLC2,left,25286,LPLC2,left,3
35616,LC4,left,535341,LC4,left,3
17668,LC4,right,24800,LPLC2,right,3
34051,LPLC2,left,32223,LPLC2,left,3
22194,LC4,right,21804,LC4,right,3
29986,LPLC2,right,26915,LPLC2,right,3
33406,LPLC2,left,25027,LPLC2,left,3
23247,LPLC2,left,24605,LPLC2,left,3
22194,LC4,right,22975,LC4,right,3
22194,LC4,right,22975,LC4,right,3
519931,LC4,left,34845,LC4,left,3
512705,LC4,left,518983,LC4,left,3
19589,LPLC2,right,25636,LPLC2,right,3
512705,LC4,left,518544,LC4,left,3
23247,LPLC2,left,17059,LPLC2,left,3
22218,LPLC2,right,24800,LPLC2,right,3
22218,LPLC2,right,25267,LPLC2,right,3
29955,LPLC2,left,533895,LPLC2,left,3
19249,LPLC2,right,20282,LC4,right,3
22253,LPLC2,left,13726,LPLC2,left,3
19249,LPLC2,right,20334,LPLC2,right,3
23226,LC4,left,515900,LC4,left,3
22253,LPLC2,left,13764,LPLC2,left,3
17668,LC4,right,18189,LC4,right,3
29702,LPLC2,left,23550,LPLC2,left,3
33694,LPLC2,right,37431,LPLC2,right,3
17668,LC4,right,17860,LC4,right,3
19034,LPLC2,right,37925,LPLC2,right,3
19589,LPLC2,right,19249,LPLC2,right,3
19589,LPLC2,right,19229,LPLC2,right,3
13132,LPLC2,left,14030,LPLC2,left,3
22253,LPLC2,left,19830,LPLC2,left,3
22253,LPLC2,left,20240,LPLC2,left,3
29955,LPLC2,left,521115,LPLC2,left,3
35632,LPLC2,right,21336,LC4,right,3
23226,LC4,left,31429,LC4,left,3
33406,LPLC2,left,29753,LPLC2,left,3
17653,LC4,left,535341,LC4,left,3
22253,LPLC2,left,23919,LPLC2,left,3
19589,LPLC2,right,18127,LC4,right,3
19589,LPLC2,right,17551,LPLC2,right,3
19146,LPLC2,right,17364,LC4,right,3
22253,LPLC2,left,25209,LPLC2,left,3
33694,LPLC2,right,37613,LPLC2,right,3
13132,LPLC2,left,13726,LPLC2,left,3
533895,LPLC2,left,536444,LPLC2,left,3
23226,LC4,left,519650,LC4,left,3
512705,LC4,left,33137,LC4,left,3
17544,LPLC2,left,29702,LPLC2,left,3
23247,LPLC2,left,13764,LPLC2,left,3
29986,LPLC2,right,19954,LC4,right,3
29986,LPLC2,right,19608,LPLC2,right,3
17668,LC4,right,19794,LC4,right,3
29986,LPLC2,right,19549,LPLC2,right,3
22218,LPLC2,right,29183,LPLC2,right,3
19034,LPLC2,right,34110,LPLC2,right,3
19034,LPLC2,right,34372,LPLC2,right,3
23247,LPLC2,left,12824,LC4,left,3
29986,LPLC2,right,19229,LPLC2,right,3
22218,LPLC2,right,29391,LPLC2,right,3
22218,LPLC2,right,31964,LPLC2,right,3
512705,LC4,left,23202,LC4,left,3
17544,LPLC2,left,30895,LPLC2,left,3
35680,LPLC2,right,33694,LPLC2,right,3
29986,LPLC2,right,18127,LC4,right,3
19589,LPLC2,right,20471,LPLC2,right,3
17544,LPLC2,left,32237,LPLC2,left,3
520449,LC4,left,518016,LC4,left,3
22218,LPLC2,right,37613,LPLC2,right,3
22218,LPLC2,right,37925,LPLC2,right,3
19249,LPLC2,right,20182,LPLC2,right,3
17668,LC4,right,19543,LC4,right,3
29873,LPLC2,right,29183,LPLC2,right,3
29873,LPLC2,right,29014,LPLC2,right,3
29873,LPLC2,right,28741,LPLC2,right,3
22772,LC4,left,29469,LC4,left,3
29815,LPLC2,left,28188,LPLC2,left,3
19260,LC4,right,22194,LC4,right,3
19146,LPLC2,right,26730,LPLC2,right,3
33694,LPLC2,right,23878,LPLC2,right,3
29815,LPLC2,left,28011,LPLC2,left,3
29815,LPLC2,left,27716,LPLC2,left,3
29753,LPLC2,left,27750,LC4,left,3
17551,LPLC2,right,25253,LPLC2,right,3
22772,LC4,left,21721,LC4,left,3
17551,LPLC2,right,24401,LPLC2,right,3
29815,LPLC2,left,26416,LPLC2,left,3
511914,LC4,left,20976,LC4,left,3
19420,LC4,right,21313,LC4,right,3
134521,LPLC2,left,20572,LC4,left,3
35680,LPLC2,right,20269,LPLC2,right,3
29815,LPLC2,left,24605,LPLC2,left,3
22772,LC4,left,34845,LC4,left,3
22772,LC4,left,35262,LC4,left,3
29815,LPLC2,left,24568,LPLC2,left,3
19146,LPLC2,right,23878,LPLC2,right,3
22966,LC4,right,20542,LC4,right,3
17551,LPLC2,right,23497,LPLC2,right,3
29753,LPLC2,left,28011,LPLC2,left,3
519650,LC4,left,518730,LC4,left,3
29815,LPLC2,left,23665,LPLC2,left,3
22772,LC4,left,514508,LC4,left,3
22772,LC4,left,17270,LC4,left,3
134521,LPLC2,left,30895,LPLC2,left,3
22772,LC4,left,12824,LC4,left,3
29815,LPLC2,left,32223,LPLC2,left,3
22677,LPLC2,right,24401,LPLC2,right,3
19260,LC4,right,20542,LC4,right,3
19543,LC4,right,17668,LC4,right,3
22677,LPLC2,right,25316,LPLC2,right,3
22677,LPLC2,right,25497,LPLC2,right,3
35680,LPLC2,right,28044,LPLC2,right,3
511914,LC4,left,100485,LC4,left,3
17551,LPLC2,right,28741,LPLC2,right,3
19543,LC4,right,17054,LC4,right,3
134521,LPLC2,left,27355,LPLC2,left,3
525844,LPLC2,left,31105,LPLC2,left,3
19260,LC4,right,20808,LC4,right,3
22966,LC4,right,38065,LC4,right,3
35680,LPLC2,right,27566,LPLC2,right,3
13132,LPLC2,left,33303,LPLC2,left,3
22677,LPLC2,right,27471,LPLC2,right,3
22677,LPLC2,right,28003,LPLC2,right,3
511914,LC4,left,35616,LC4,left,3
29753,LPLC2,left,24568,LPLC2,left,3
17551,LPLC2,right,28044,LPLC2,right,3
29815,LPLC2,left,40841,LPLC2,left,3
29815,LPLC2,left,34407,LPLC2,left,3
134521,LPLC2,left,29753,LPLC2,left,3
525844,LPLC2,left,30895,LPLC2,left,3
511914,LC4,left,29469,LC4,left,3
525844,LPLC2,left,28011,LPLC2,left,3
17551,LPLC2,right,22261,LPLC2,right,3
17551,LPLC2,right,22218,LPLC2,right,3
33694,LPLC2,right,19146,LPLC2,right,3
19420,LC4,right,18189,LC4,right,3
520449,LC4,left,35262,LC4,left,3
22847,LC4,right,23792,LC4,right,3
22847,LC4,right,23929,LC4,right,3
33694,LPLC2,right,20162,LPLC2,right,3
22847,LC4,right,26112,LC4,right,3
22847,LC4,right,28945,LC4,right,3
19420,LC4,right,17860,LC4,right,3
22847,LC4,right,30803,LC4,right,3
35680,LPLC2,right,23497,LPLC2,right,3
35680,LPLC2,right,23590,LPLC2,right,3
33694,LPLC2,right,20182,LPLC2,right,3
17551,LPLC2,right,19842,LPLC2,right,3
22922,LC4,left,14888,LC4,left,3
29753,LPLC2,left,134521,LPLC2,left,3
536444,LPLC2,left,521115,LPLC2,left,3
35680,LPLC2,right,23878,LPLC2,right,3
35680,LPLC2,right,24401,LPLC2,right,3
19420,LC4,right,17266,LC4,right,3
33694,LPLC2,right,20471,LPLC2,right,3
35680,LPLC2,right,25497,LPLC2,right,3
520449,LC4,left,27829,LC4,left,3
533895,LPLC2,left,134521,LPLC2,left,3
19146,LPLC2,right,25497,LPLC2,right,3
22922,LC4,left,31308,LC4,left,3
29815,LPLC2,left,12384,LPLC2,left,3
29815,LPLC2,left,13132,LPLC2,left,3
35680,LPLC2,right,20334,LPLC2,right,3
22847,LC4,right,20808,LC4,right,3
19420,LC4,right,21165,LC4,right,3
511914,LC4,left,17340,LC4,left,3
33694,LPLC2,right,22261,LPLC2,right,3
17551,LPLC2,right,21862,LPLC2,right,3
134521,LPLC2,left,34407,LPLC2,left,3
22772,LC4,left,532254,LC4,left,3
33439,LPLC2,right,50287,LPLC2,right,3
29753,LPLC2,left,30512,LPLC2,left,3
33965,LPLC2,left,536444,LPLC2,left,3
29815,LPLC2,left,20329,LPLC2,left,3
22922,LC4,left,518983,LC4,left,3
29815,LPLC2,left,20240,LPLC2,left,3
511914,LC4,left,17270,LC4,left,3
22922,LC4,left,518016,LC4,left,3
35680,LPLC2,right,21862,LPLC2,right,3
511914,LC4,left,12824,LC4,left,3
536444,LPLC2,left,517079,LPLC2,left,3
22922,LC4,left,517752,LC4,left,3
536444,LPLC2,left,518731,LPLC2,left,3
19420,LC4,right,19954,LC4,right,3
511914,LC4,left,12349,LC4,left,3
17551,LPLC2,right,16628,LC4,right,3
17551,LPLC2,right,20542,LC4,right,3
22847,LC4,right,20282,LC4,right,3
134521,LPLC2,left,533895,LPLC2,left,3
134521,LPLC2,left,25854,LPLC2,left,3
33439,LPLC2,right,31988,LPLC2,right,3
33439,LPLC2,right,30041,LPLC2,right,3
22557,LPLC2,left,14102,LPLC2,left,3
19260,LC4,right,16628,LC4,right,3
22557,LPLC2,left,17775,LPLC2,left,3
17608,LC4,left,30087,LC4,left,3
19146,LPLC2,right,29391,LPLC2,right,3
22557,LPLC2,left,19787,LPLC2,left,3
134521,LPLC2,left,23665,LPLC2,left,3
22557,LPLC2,left,19830,LPLC2,left,3
533895,LPLC2,left,526286,LC4,left,3
525844,LPLC2,left,25136,LPLC2,left,3
22557,LPLC2,left,20440,LC4,left,3
29873,LPLC2,right,24118,LPLC2,right,3
29873,LPLC2,right,23590,LPLC2,right,3
19549,LPLC2,right,22194,LC4,right,3
533895,LPLC2,left,100103,LPLC2,left,3
519931,LC4,left,12032,LC4,left,3
525844,LPLC2,left,25209,LPLC2,left,3
23098,LC4,right,17266,LC4,right,3
33439,LPLC2,right,23590,LPLC2,right,3
23098,LC4,right,17054,LC4,right,3
22557,LPLC2,left,25209,LPLC2,left,3
34051,LPLC2,left,23550,LPLC2,left,3
22557,LPLC2,left,25575,LPLC2,left,3
17608,LC4,left,18396,LC4,left,3
23098,LC4,right,16628,LC4,right,3
17548,LC4,right,20399,LC4,right,3
134521,LPLC2,left,23349,LPLC2,left,3
512366,LC4,left,12349,LC4,left,3
29873,LPLC2,right,21862,LPLC2,right,3
34051,LPLC2,left,24308,LPLC2,left,3
519650,LC4,left,18432,LC4,left,3
22328,LC4,right,21287,LC4,right,3
512366,LC4,left,21721,LC4,left,3
35632,LPLC2,right,28871,LPLC2,right,3
22328,LC4,right,22966,LC4,right,3
22328,LC4,right,22975,LC4,right,3
13132,LPLC2,left,20329,LPLC2,left,3
134521,LPLC2,left,20799,LPLC2,left,3
13132,LPLC2,left,21299,LPLC2,left,3
22328,LC4,right,23929,LC4,right,3
33694,LPLC2,right,28741,LPLC2,right,3
17608,LC4,left,514956,LC4,left,3
134521,LPLC2,left,21299,LPLC2,left,3
519931,LC4,left,16917,LC4,left,3
17608,LC4,left,111787,LC4,left,3
17608,LC4,left,107513,LC4,left,3
22328,LC4,right,26112,LC4,right,3
35632,LPLC2,right,29287,LPLC2,right,3
22328,LC4,right,31262,LC4,right,3
23098,LC4,right,21287,LC4,right,3
22557,LPLC2,left,12032,LC4,left,3
19146,LPLC2,right,30041,LPLC2,right,3
33694,LPLC2,right,28044,LPLC2,right,3
22557,LPLC2,left,13132,LPLC2,left,3
19260,LC4,right,16138,LC4,right,3
19549,LPLC2,right,20103,LPLC2,right,3
19146,LPLC2,right,20584,LPLC2,right,3
33439,LPLC2,right,29873,LPLC2,right,3
19146,LPLC2,right,21769,LPLC2,right,3
29873,LPLC2,right,19034,LPLC2,right,3
22677,LPLC2,right,19589,LPLC2,right,3
22677,LPLC2,right,19608,LPLC2,right,3
519650,LC4,left,23226,LC4,left,3
29873,LPLC2,right,17551,LPLC2,right,3
33965,LPLC2,left,27399,LPLC2,left,3
525844,LPLC2,left,27023,LPLC2,left,3
511914,LC4,left,516909,LC4,left,3
19260,LC4,right,19543,LC4,right,3
19146,LPLC2,right,21808,LPLC2,right,3
519650,LC4,left,24523,LC4,left,3
22677,LPLC2,right,20334,LPLC2,right,3
533895,LPLC2,left,524366,LPLC2,left,3
33965,LPLC2,left,111903,LPLC2,left,3
35680,LPLC2,right,29014,LPLC2,right,3
22677,LPLC2,right,20584,LPLC2,right,3
33439,LPLC2,right,28044,LPLC2,right,3
536444,LPLC2,left,515476,LC4,left,3
22677,LPLC2,right,21045,LPLC2,right,3
33439,LPLC2,right,29183,LPLC2,right,3
19146,LPLC2,right,21899,LPLC2,right,3
29815,LPLC2,left,520764,LPLC2,left,3
19543,LC4,right,19550,LC4,right,3
22975,LC4,right,21313,LC4,right,3
519650,LC4,left,30087,LC4,left,3
525844,LPLC2,left,32737,LPLC2,left,3
22677,LPLC2,right,19229,LPLC2,right,3
17548,LC4,right,20588,LC4,right,3
519650,LC4,left,23202,LC4,left,3
22557,LPLC2,left,29955,LPLC2,left,3
29753,LPLC2,left,10228,DNp06,left,3
22557,LPLC2,left,32237,LPLC2,left,3
19549,LPLC2,right,18127,LC4,right,3
29873,LPLC2,right,21336,LC4,right,3
520449,LC4,left,24523,LC4,left,3
22557,LPLC2,left,111903,LPLC2,left,3
22557,LPLC2,left,134521,LPLC2,left,3
511914,LC4,left,519931,LC4,left,3
17551,LPLC2,right,37613,LPLC2,right,3
22557,LPLC2,left,520764,LPLC2,left,3
22557,LPLC2,left,521115,LPLC2,left,3
19260,LC4,right,18189,LC4,right,3
22557,LPLC2,left,524366,LPLC2,left,3
22557,LPLC2,left,531014,LPLC2,left,3
134521,LPLC2,left,24568,LPLC2,left,3
10010,DNp01,left,18396,LC4,left,3
22557,LPLC2,left,533895,LPLC2,left,3
35680,LPLC2,right,29287,LPLC2,right,3
35632,LPLC2,right,33396,LPLC2,right,3
35632,LPLC2,right,34372,LPLC2,right,3
33965,LPLC2,left,40841,LPLC2,left,3
29873,LPLC2,right,20047,LPLC2,right,3
536444,LPLC2,left,514670,LPLC2,left,3
29873,LPLC2,right,19608,LPLC2,right,3
22194,LC4,right,17860,LC4,right,3
19589,LPLC2,right,25511,LPLC2,right,3
524899,LC4,left,518730,LC4,left,3
34110,LPLC2,right,19608,LPLC2,right,3
514670,LPLC2,left,25575,LPLC2,left,3
21769,LPLC2,right,33185,LPLC2,right,3
19229,LPLC2,right,29287,LPLC2,right,3
21769,LPLC2,right,35889,LPLC2,right,3
514670,LPLC2,left,25572,LPLC2,left,3
17775,LPLC2,left,21299,LPLC2,left,3
514670,LPLC2,left,25286,LPLC2,left,3
129687,LPLC2,left,25524,LPLC2,left,3
30207,LPLC2,right,21769,LPLC2,right,3
23349,LPLC2,left,31105,LPLC2,left,3
21804,LC4,right,19550,LC4,right,3
23349,LPLC2,left,30895,LPLC2,left,3
21804,LC4,right,20282,LC4,right,3
518731,LPLC2,left,112292,LPLC2,left,3
30207,LPLC2,right,20588,LC4,right,3
514670,LPLC2,left,23665,LPLC2,left,3
33396,LPLC2,right,21318,LPLC2,right,3
129687,LPLC2,left,25572,LPLC2,left,3
30207,LPLC2,right,20584,LPLC2,right,3
21804,LC4,right,22847,LC4,right,3
21804,LC4,right,22966,LC4,right,3
30207,LPLC2,right,20282,LC4,right,3
30207,LPLC2,right,20269,LPLC2,right,3
17775,LPLC2,left,19830,LPLC2,left,3
21804,LC4,right,26112,LC4,right,3
19229,LPLC2,right,29014,LPLC2,right,3
21769,LPLC2,right,30041,LPLC2,right,3
33396,LPLC2,right,21808,LPLC2,right,3
33965,LPLC2,left,23349,LPLC2,left,3
21769,LPLC2,right,23497,LPLC2,right,3
23349,LPLC2,left,100103,LPLC2,left,3
19787,LPLC2,left,20329,LPLC2,left,3
21769,LPLC2,right,25253,LPLC2,right,3
29598,LPLC2,right,18929,LPLC2,right,3
29598,LPLC2,right,19249,LPLC2,right,3
34110,LPLC2,right,20103,LPLC2,right,3
19034,LPLC2,right,20334,LPLC2,right,3
23349,LPLC2,left,34407,LPLC2,left,3
23349,LPLC2,left,33965,LPLC2,left,3
21769,LPLC2,right,25636,LPLC2,right,3
129687,LPLC2,left,25136,LPLC2,left,3
35294,LPLC2,left,29815,LPLC2,left,3
21769,LPLC2,right,26393,LPLC2,right,3
30207,LPLC2,right,24401,LPLC2,right,3
35294,LPLC2,left,29955,LPLC2,left,3
30207,LPLC2,right,24187,LPLC2,right,3
19787,LPLC2,left,10228,DNp06,left,3
21769,LPLC2,right,28044,LPLC2,right,3
514670,LPLC2,left,27355,LPLC2,left,3
29598,LPLC2,right,19549,LPLC2,right,3
30207,LPLC2,right,23590,LPLC2,right,3
30207,LPLC2,right,22677,LPLC2,right,3
21769,LPLC2,right,29598,LPLC2,right,3
33396,LPLC2,right,20182,LPLC2,right,3
19634,LC4,right,22328,LC4,right,3
33396,LPLC2,right,21862,LPLC2,right,3
19034,LPLC2,right,21562,LPLC2,right,3
21808,LPLC2,right,21045,LPLC2,right,3
10010,DNp01,left,516909,LC4,left,3
35294,LPLC2,left,33965,LPLC2,left,3
29598,LPLC2,right,21804,LC4,right,3
35838,LPLC2,right,20182,LPLC2,right,3
526286,LC4,left,12824,LC4,left,3
21808,LPLC2,right,22677,LPLC2,right,3
29598,LPLC2,right,22261,LPLC2,right,3
23349,LPLC2,left,24308,LPLC2,left,3
21808,LPLC2,right,22966,LC4,right,3
35294,LPLC2,left,40811,LPLC2,left,3
21808,LPLC2,right,23590,LPLC2,right,3
30087,LC4,left,519650,LC4,left,3
29598,LPLC2,right,22966,LC4,right,3
30087,LC4,left,518439,LC4,left,3
17775,LPLC2,left,12384,LPLC2,left,3
21808,LPLC2,right,24800,LPLC2,right,3
33965,LPLC2,left,30893,LPLC2,left,3
33965,LPLC2,left,17544,LPLC2,left,3
518731,LPLC2,left,517079,LPLC2,left,3
30087,LC4,left,517752,LC4,left,3
17774,LPLC2,left,533895,LPLC2,left,3
30087,LC4,left,515900,LC4,left,3
21808,LPLC2,right,26393,LPLC2,right,3
19034,LPLC2,right,21318,LPLC2,right,3
21808,LPLC2,right,28044,LPLC2,right,3
21808,LPLC2,right,21318,LPLC2,right,3
17544,LPLC2,left,16809,LC4,left,3
19634,LC4,right,21804,LC4,right,3
17544,LPLC2,left,15804,LPLC2,left,3
30207,LPLC2,right,19842,LPLC2,right,3
21808,LPLC2,right,14465,LPLC2,right,3
30207,LPLC2,right,19794,LC4,right,3
35294,LPLC2,left,32237,LPLC2,left,3
526286,LC4,left,14888,LC4,left,3
30207,LPLC2,right,19146,LPLC2,right,3
21808,LPLC2,right,19146,LPLC2,right,3
35838,LPLC2,right,20334,LPLC2,right,3
23349,LPLC2,left,28188,LPLC2,left,3
29598,LPLC2,right,21562,LPLC2,right,3
30207,LPLC2,right,18929,LPLC2,right,3
19634,LC4,right,21225,LC4,right,3
35294,LPLC2,left,32737,LPLC2,left,3
33396,LPLC2,right,23878,LPLC2,right,3
33965,LPLC2,left,20240,LPLC2,left,3
518731,LPLC2,left,514670,LPLC2,left,3
33396,LPLC2,right,24187,LPLC2,right,3
19229,LPLC2,right,31257,LPLC2,right,3
30207,LPLC2,right,10001,DNp01,right,3
21808,LPLC2,right,20182,LPLC2,right,3
17544,LPLC2,left,13764,LPLC2,left,3
21808,LPLC2,right,20334,LPLC2,right,3
17775,LPLC2,left,14030,LPLC2,left,3
514670,LPLC2,left,20967,LC4,left,3
23349,LPLC2,left,27023,LPLC2,left,3
35838,LPLC2,right,21862,LPLC2,right,3
10001,DNp01,right,10584,DNp06,right,3
19229,LPLC2,right,25497,LPLC2,right,3
19787,LPLC2,left,533895,LPLC2,left,3
21703,LPLC2,right,28741,LPLC2,right,3
19787,LPLC2,left,525844,LPLC2,left,3
35294,LPLC2,left,22253,LPLC2,left,3
11498,LPLC2,left,13764,LPLC2,left,3
520764,LPLC2,left,13726,LPLC2,left,3
34110,LPLC2,right,20808,LC4,right,3
19787,LPLC2,left,134521,LPLC2,left,3
514670,LPLC2,left,521115,LPLC2,left,3
19787,LPLC2,left,40811,LPLC2,left,3
33303,LPLC2,left,111903,LPLC2,left,3
19229,LPLC2,right,21703,LPLC2,right,3
19229,LPLC2,right,20471,LPLC2,right,3
514670,LPLC2,left,518730,LC4,left,3
19229,LPLC2,right,21862,LPLC2,right,3
21703,LPLC2,right,33185,LPLC2,right,3
30480,LC4,right,22966,LC4,right,3
33303,LPLC2,left,112292,LPLC2,left,3
30480,LC4,right,22847,LC4,right,3
17775,LPLC2,left,29702,LPLC2,left,3
514670,LPLC2,left,517079,LPLC2,left,3
21703,LPLC2,right,50287,LPLC2,right,3
524899,LC4,left,18478,LC4,left,3
33965,LPLC2,left,27796,LPLC2,left,3
12824,LC4,left,20976,LC4,left,3
23392,LC4,right,17364,LC4,right,3
13726,LPLC2,left,25136,LPLC2,left,3
21703,LPLC2,right,27566,LPLC2,right,3
520449,LC4,left,535341,LC4,left,3
21703,LPLC2,right,26730,LPLC2,right,3
21703,LPLC2,right,20047,LPLC2,right,3
17775,LPLC2,left,40811,LPLC2,left,3
21703,LPLC2,right,20162,LPLC2,right,3
29563,LC4,right,21313,LC4,right,3
30512,LPLC2,left,19830,LPLC2,left,3
23392,LC4,right,19543,LC4,right,3
21703,LPLC2,right,20334,LPLC2,right,3
19794,LC4,right,21287,LC4,right,3
17775,LPLC2,left,34407,LPLC2,left,3
35838,LPLC2,right,22677,LPLC2,right,3
29563,LC4,right,22194,LC4,right,3
19794,LC4,right,20917,LC4,right,3
33303,LPLC2,left,28011,LPLC2,left,3
33303,LPLC2,left,29815,LPLC2,left,3
17775,LPLC2,left,32737,LPLC2,left,3
514956,LC4,left,12032,LC4,left,3
23392,LC4,right,18127,LC4,right,3
19794,LC4,right,18127,LC4,right,3
19794,LC4,right,17926,LC4,right,3
29563,LC4,right,22328,LC4,right,3
518731,LPLC2,left,27796,LPLC2,left,3
18936,LPLC2,left,34407,LPLC2,left,3
21703,LPLC2,right,25267,LPLC2,right,3
535341,LC4,left,20859,LC4,left,3
33303,LPLC2,left,32237,LPLC2,left,3
21721,LC4,left,12824,LC4,left,3
21721,LC4,left,14888,LC4,left,3
524899,LC4,left,20440,LC4,left,3
18936,LPLC2,left,521115,LPLC2,left,3
23349,LPLC2,left,524366,LPLC2,left,3
13726,LPLC2,left,22253,LPLC2,left,3
35294,LPLC2,left,27355,LPLC2,left,3
33303,LPLC2,left,521115,LPLC2,left,3
21769,LPLC2,right,19034,LPLC2,right,3
35838,LPLC2,right,21899,LPLC2,right,3
17775,LPLC2,left,24605,LPLC2,left,3
19229,LPLC2,right,19589,LPLC2,right,3
33303,LPLC2,left,525844,LPLC2,left,3
19229,LPLC2,right,24118,LPLC2,right,3
533895,LPLC2,left,33303,LPLC2,left,3
21769,LPLC2,right,19954,LC4,right,3
30207,LPLC2,right,30041,LPLC2,right,3
33965,LPLC2,left,29702,LPLC2,left,3
21769,LPLC2,right,20334,LPLC2,right,3
33965,LPLC2,left,25209,LPLC2,left,3
21769,LPLC2,right,20471,LPLC2,right,3
19034,LPLC2,right,19229,LPLC2,right,3
30207,LPLC2,right,29598,LPLC2,right,3
23349,LPLC2,left,134521,LPLC2,left,3
17775,LPLC2,left,23349,LPLC2,left,3
35294,LPLC2,left,27796,LPLC2,left,3
21769,LPLC2,right,21703,LPLC2,right,3
21769,LPLC2,right,21808,LPLC2,right,3
536444,LPLC2,left,31563,LPLC2,left,3
19229,LPLC2,right,23497,LPLC2,right,3
30207,LPLC2,right,34110,LPLC2,right,3
524899,LC4,left,20967,LC4,left,3
23392,LC4,right,16138,LC4,right,3
33303,LPLC2,left,134521,LPLC2,left,3
21721,LC4,left,17340,LC4,left,3
33303,LPLC2,left,514670,LPLC2,left,3
518731,LPLC2,left,30893,LPLC2,left,3
19787,LPLC2,left,30893,LPLC2,left,3
21721,LC4,left,20976,LC4,left,3
518731,LPLC2,left,32223,LPLC2,left,3
514670,LPLC2,left,512705,LC4,left,3
30480,LC4,right,20808,LC4,right,3
18936,LPLC2,left,536444,LPLC2,left,3
19787,LPLC2,left,28188,LPLC2,left,3
19787,LPLC2,left,27716,LPLC2,left,3
30207,LPLC2,right,34372,LPLC2,right,3
35838,LPLC2,right,22194,LC4,right,3
520764,LPLC2,left,10228,DNp06,left,3
17775,LPLC2,left,26416,LPLC2,left,3
21721,LC4,left,515476,LC4,left,3
520449,LC4,left,17270,LC4,left,3
21721,LC4,left,517752,LC4,left,3
21721,LC4,left,518439,LC4,left,3
35294,LPLC2,left,25854,LPLC2,left,3
35294,LPLC2,left,27023,LPLC2,left,3
33303,LPLC2,left,517079,LPLC2,left,3
514670,LPLC2,left,34407,LPLC2,left,3
21808,LPLC2,right,28741,LPLC2,right,3
17775,LPLC2,left,13132,LPLC2,left,3
17774,LPLC2,left,517819,LPLC2,left,3
35616,LC4,left,21721,LC4,left,3
535341,LC4,left,12349,LC4,left,3
19608,LPLC2,right,25253,LPLC2,right,3
35616,LC4,left,23226,LC4,left,3
19034,LPLC2,right,25267,LPLC2,right,3
21899,LPLC2,right,21862,LPLC2,right,3
518983,LC4,left,12349,LC4,left,3
19229,LPLC2,right,16628,LC4,right,3
21899,LPLC2,right,22261,LPLC2,right,3
23247,LPLC2,left,111903,LPLC2,left,3
30041,LPLC2,right,25584,LC4,right,3
35616,LC4,left,24523,LC4,left,3
19034,LPLC2,right,25636,LPLC2,right,3
21899,LPLC2,right,24401,LPLC2,right,3
21899,LPLC2,right,24800,LPLC2,right,3
19608,LPLC2,right,21899,LPLC2,right,3
12824,LC4,left,515476,LC4,left,3
23247,LPLC2,left,100103,LPLC2,left,3
23247,LPLC2,left,95241,LPLC2,left,3
21899,LPLC2,right,25511,LPLC2,right,3
30041,LPLC2,right,23497,LPLC2,right,3
34051,LPLC2,left,40811,LPLC2,left,3
29598,LPLC2,right,31988,LPLC2,right,3
30041,LPLC2,right,21808,LPLC2,right,3
19608,LPLC2,right,21769,LPLC2,right,3
21899,LPLC2,right,28044,LPLC2,right,3
21899,LPLC2,right,21045,LPLC2,right,3
33396,LPLC2,right,35889,LPLC2,right,3
514508,LC4,left,518544,LC4,left,3
30041,LPLC2,right,29014,LPLC2,right,3
23247,LPLC2,left,536444,LPLC2,left,3
21862,LPLC2,right,35680,LPLC2,right,3
35616,LC4,left,12824,LC4,left,3
30041,LPLC2,right,34110,LPLC2,right,3
21862,LPLC2,right,38542,LPLC2,right,3
29598,LPLC2,right,28741,LPLC2,right,3
519931,LC4,left,517752,LC4,left,3
12824,LC4,left,77614,LC4,left,3
535341,LC4,left,14888,LC4,left,3
35616,LC4,left,17653,LC4,left,3
23247,LPLC2,left,521115,LPLC2,left,3
30041,LPLC2,right,30803,LC4,right,3
29598,LPLC2,right,29391,LPLC2,right,3
21899,LPLC2,right,17987,LC4,right,3
33396,LPLC2,right,34372,LPLC2,right,3
35680,LPLC2,right,527408,LC4,right,3
17774,LPLC2,left,24840,LPLC2,left,3
23247,LPLC2,left,515971,LPLC2,left,3
19608,LPLC2,right,26393,LPLC2,right,3
35616,LC4,left,20440,LC4,left,3
30041,LPLC2,right,29287,LPLC2,right,3
35294,LPLC2,left,515971,LPLC2,left,3
35616,LC4,left,20976,LC4,left,3
21899,LPLC2,right,20269,LPLC2,right,3
518983,LC4,left,12032,LC4,left,3
536444,LPLC2,left,34407,LPLC2,left,3
19608,LPLC2,right,21318,LPLC2,right,3
29598,LPLC2,right,33396,LPLC2,right,3
23247,LPLC2,left,34051,LPLC2,left,3
12824,LC4,left,517752,LC4,left,3
19034,LPLC2,right,29216,LPLC2,right,3
17774,LPLC2,left,17544,LPLC2,left,3
22034,LC4,right,20016,LC4,right,3
29986,LPLC2,right,39620,LPLC2,right,3
518983,LC4,left,18432,LC4,left,3
33406,LPLC2,left,20799,LPLC2,left,3
22034,LC4,right,20399,LC4,right,3
29986,LPLC2,right,38542,LPLC2,right,3
22034,LC4,right,20917,LC4,right,3
19034,LPLC2,right,29598,LPLC2,right,3
23247,LPLC2,left,26528,LPLC2,left,3
22034,LC4,right,21804,LC4,right,3
35616,LC4,left,515900,LC4,left,3
35616,LC4,left,517752,LC4,left,3
29986,LPLC2,right,34681,LPLC2,right,3
19589,LPLC2,right,50287,LPLC2,right,3
19034,LPLC2,right,29986,LPLC2,right,3
22034,LC4,right,23392,LC4,right,3
35616,LC4,left,518544,LC4,left,3
29986,LPLC2,right,31257,LPLC2,right,3
518983,LC4,left,20967,LC4,left,3
35680,LPLC2,right,35838,LPLC2,right,3
23247,LPLC2,left,25854,LPLC2,left,3
35616,LC4,left,518983,LC4,left,3
35680,LPLC2,right,37431,LPLC2,right,3
34051,LPLC2,left,34655,LPLC2,left,3
518983,LC4,left,17340,LC4,left,3
520449,LC4,left,526286,LC4,left,3
514508,LC4,left,29514,LC4,left,3
35616,LC4,left,33137,LC4,left,3
21899,LPLC2,right,30207,LPLC2,right,3
19608,LPLC2,right,21045,LPLC2,right,3
30041,LPLC2,right,20471,LPLC2,right,3
514508,LC4,left,27829,LC4,left,3
19608,LPLC2,right,20749,LPLC2,right,3
23247,LPLC2,left,30895,LPLC2,left,3
33406,LPLC2,left,13726,LPLC2,left,3
30041,LPLC2,right,20103,LPLC2,right,3
21899,LPLC2,right,35889,LPLC2,right,3
19608,LPLC2,right,20182,LPLC2,right,3
19608,LPLC2,right,19842,LPLC2,right,3
17774,LPLC2,left,17990,LPLC2,left,3
17774,LPLC2,left,17880,LPLC2,left,3
19034,LPLC2,right,28741,LPLC2,right,3
22034,LC4,right,16628,LC4,right,3
22034,LC4,right,17266,LC4,right,3
29598,LPLC2,right,34372,LPLC2,right,3
19146,LPLC2,right,50287,LPLC2,right,3
519931,LC4,left,81112,LC4,left,3
514508,LC4,left,22772,LC4,left,3
19034,LPLC2,right,28871,LPLC2,right,3
29598,LPLC2,right,37431,LPLC2,right,3
129687,LPLC2,left,29319,LPLC2,left,3
29598,LPLC2,right,30207,LPLC2,right,3
19146,LPLC2,right,25511,LPLC2,right,3
23349,LPLC2,left,21361,LPLC2,left,3
21862,LPLC2,right,18929,LPLC2,right,3
23349,LPLC2,left,20329,LPLC2,left,3
29598,LPLC2,right,25253,LPLC2,right,3
30087,LC4,left,29417,LC4,left,3
19608,LPLC2,right,33185,LPLC2,right,3
21862,LPLC2,right,23590,LPLC2,right,3
13726,LPLC2,left,19830,LPLC2,left,3
525844,LPLC2,left,524366,LPLC2,left,3
21862,LPLC2,right,23878,LPLC2,right,3
29598,LPLC2,right,23878,LPLC2,right,3
524899,LC4,left,35616,LC4,left,3
29598,LPLC2,right,25511,LPLC2,right,3
21862,LPLC2,right,25253,LPLC2,right,3
29598,LPLC2,right,23590,LPLC2,right,3
514670,LPLC2,left,13726,LPLC2,left,3
19608,LPLC2,right,39620,LPLC2,right,3
21862,LPLC2,right,25267,LPLC2,right,3
33965,LPLC2,left,30895,LPLC2,left,3
29598,LPLC2,right,24187,LPLC2,right,3
17544,LPLC2,left,21299,LPLC2,left,3
23349,LPLC2,left,17774,LPLC2,left,3
30087,LC4,left,21721,LC4,left,3
33965,LPLC2,left,15804,LPLC2,left,3
21862,LPLC2,right,20694,LPLC2,right,3
35294,LPLC2,left,524366,LPLC2,left,3
129687,LPLC2,left,28188,LPLC2,left,3
524899,LC4,left,32597,LC4,left,3
19608,LPLC2,right,35889,LPLC2,right,3
21862,LPLC2,right,20016,LC4,right,3
21862,LPLC2,right,22677,LPLC2,right,3
19034,LPLC2,right,24187,LPLC2,right,3
19608,LPLC2,right,34110,LPLC2,right,3
525844,LPLC2,left,533895,LPLC2,left,3
30087,LC4,left,17608,LC4,left,3
33396,LPLC2,right,30938,LPLC2,right,3
21862,LPLC2,right,22261,LPLC2,right,3
524899,LC4,left,31308,LC4,left,3
35616,LC4,left,10228,DNp06,left,3
518731,LPLC2,left,520764,LPLC2,left,3
21808,LPLC2,right,34681,LPLC2,right,3
514670,LPLC2,left,14102,LPLC2,left,3
514508,LC4,left,519931,LC4,left,3
17544,LPLC2,left,19911,LPLC2,left,3
19634,LC4,right,16628,LC4,right,3
30041,LPLC2,right,35889,LPLC2,right,3
21862,LPLC2,right,29287,LPLC2,right,3
21862,LPLC2,right,29216,LPLC2,right,3
30087,LC4,left,81112,LC4,left,3
29598,LPLC2,right,26730,LPLC2,right,3
21862,LPLC2,right,29598,LPLC2,right,3
19608,LPLC2,right,31988,LPLC2,right,3
30041,LPLC2,right,35838,LPLC2,right,3
19034,LPLC2,right,21899,LPLC2,right,3
21808,LPLC2,right,33396,LPLC2,right,3
10010,DNp01,left,107513,LC4,left,3
21862,LPLC2,right,26147,LPLC2,right,3
535341,LC4,left,17270,LC4,left,3
21862,LPLC2,right,25584,LC4,right,3
19034,LPLC2,right,22218,LPLC2,right,3
19608,LPLC2,right,29598,LPLC2,right,3
21862,LPLC2,right,31257,LPLC2,right,3
27829,LC4,left,519650,LC4,left,2
32507,LPLC2,right,19146,LPLC2,right,2
27471,LPLC2,right,25584,LC4,right,2
27399,LPLC2,left,518544,LC4,left,2
34407,LPLC2,left,23919,LPLC2,left,2
32237,LPLC2,left,22557,LPLC2,left,2
32507,LPLC2,right,31988,LPLC2,right,2
33694,LPLC2,right,21562,LPLC2,right,2
33694,LPLC2,right,31964,LPLC2,right,2
33965,LPLC2,left,19911,LPLC2,left,2
34372,LPLC2,right,39620,LPLC2,right,2
33694,LPLC2,right,22677,LPLC2,right,2
28003,LPLC2,right,18127,LC4,right,2
27471,LPLC2,right,18929,LPLC2,right,2
27471,LPLC2,right,19229,LPLC2,right,2
39620,LPLC2,right,20471,LPLC2,right,2
32237,LPLC2,left,31563,LPLC2,left,2
28003,LPLC2,right,18672,LPLC2,right,2
27829,LC4,left,31301,LC4,left,2
27829,LC4,left,526286,LC4,left,2
37925,LPLC2,right,35889,LPLC2,right,2
28003,LPLC2,right,21808,LPLC2,right,2
32507,LPLC2,right,17551,LPLC2,right,2
37925,LPLC2,right,34110,LPLC2,right,2
32507,LPLC2,right,17548,LC4,right,2
33694,LPLC2,right,29986,LPLC2,right,2
33694,LPLC2,right,29216,LPLC2,right,2
33694,LPLC2,right,39620,LPLC2,right,2
32507,LPLC2,right,24187,LPLC2,right,2
32507,LPLC2,right,20162,LPLC2,right,2
32507,LPLC2,right,20182,LPLC2,right,2
33694,LPLC2,right,22966,LC4,right,2
32237,LPLC2,left,34655,LPLC2,left,2
27471,LPLC2,right,21703,LPLC2,right,2
32237,LPLC2,left,23349,LPLC2,left,2
27829,LC4,left,33137,LC4,left,2
34407,LPLC2,left,24568,LPLC2,left,2
27471,LPLC2,right,19249,LPLC2,right,2
32507,LPLC2,right,30938,LPLC2,right,2
33965,LPLC2,left,27716,LPLC2,left,2
32507,LPLC2,right,19608,LPLC2,right,2
33965,LPLC2,left,17880,LPLC2,left,2
33694,LPLC2,right,22218,LPLC2,right,2
33965,LPLC2,left,18900,LPLC2,left,2
33694,LPLC2,right,39620,LPLC2,right,2
27471,LPLC2,right,21318,LPLC2,right,2
27471,LPLC2,right,21562,LPLC2,right,2
12032,LC4,left,15018,LC4,left,2
39620,LPLC2,right,20182,LPLC2,right,2
39620,LPLC2,right,22261,LPLC2,right,2
33965,LPLC2,left,10228,DNp06,left,2
39620,LPLC2,right,25636,LPLC2,right,2
14102,LPLC2,left,29319,LPLC2,left,2
33694,LPLC2,right,35680,LPLC2,right,2
32507,LPLC2,right,29873,LPLC2,right,2
27471,LPLC2,right,20047,LPLC2,right,2
27399,LPLC2,left,531014,LPLC2,left,2
28003,LPLC2,right,19608,LPLC2,right,2
32237,LPLC2,left,25854,LPLC2,left,2
28003,LPLC2,right,19549,LPLC2,right,2
14102,LPLC2,left,30895,LPLC2,left,2
39620,LPLC2,right,28003,LPLC2,right,2
33694,LPLC2,right,35838,LPLC2,right,2
33965,LPLC2,left,112292,LPLC2,left,2
33694,LPLC2,right,34372,LPLC2,right,2
33694,LPLC2,right,25253,LPLC2,right,2
33694,LPLC2,right,35889,LPLC2,right,2
12032,LC4,left,16917,LC4,left,2
27471,LPLC2,right,24401,LPLC2,right,2
12032,LC4,left,20572,LC4,left,2
33965,LPLC2,left,21299,LPLC2,left,2
37925,LPLC2,right,30938,LPLC2,right,2
27471,LPLC2,right,17551,LPLC2,right,2
32507,LPLC2,right,20535,LPLC2,right,2
32507,LPLC2,right,29014,LPLC2,right,2
533129,LC4,left,519931,LC4,left,2
27471,LPLC2,right,23590,LPLC2,right,2
39620,LPLC2,right,22677,LPLC2,right,2
33694,LPLC2,right,27471,LPLC2,right,2
33965,LPLC2,left,12824,LC4,left,2
37925,LPLC2,right,31257,LPLC2,right,2
27471,LPLC2,right,20103,LPLC2,right,2
34372,LPLC2,right,37431,LPLC2,right,2
33965,LPLC2,left,23550,LPLC2,left,2
33694,LPLC2,right,35632,LPLC2,right,2
10001,DNp01,right,10584,DNp06,right,2
28003,LPLC2,right,19842,LPLC2,right,2
39620,LPLC2,right,24401,LPLC2,right,2
33965,LPLC2,left,13726,LPLC2,left,2
32237,LPLC2,left,30895,LPLC2,left,2
14888,LC4,left,17270,LC4,left,2
27471,LPLC2,right,18127,LC4,right,2
14102,LPLC2,left,32237,LPLC2,left,2
33965,LPLC2,left,28188,LPLC2,left,2
33694,LPLC2,right,37925,LPLC2,right,2
32237,LPLC2,left,30893,LPLC2,left,2
33694,LPLC2,right,24187,LPLC2,right,2
33694,LPLC2,right,24118,LPLC2,right,2
33694,LPLC2,right,33185,LPLC2,right,2
32507,LPLC2,right,29986,LPLC2,right,2
34407,LPLC2,left,23665,LPLC2,left,2
33694,LPLC2,right,38542,LPLC2,right,2
27471,LPLC2,right,21808,LPLC2,right,2
32507,LPLC2,right,27566,LPLC2,right,2
33965,LPLC2,left,31563,LPLC2,left,2
33694,LPLC2,right,23497,LPLC2,right,2
14465,LPLC2,right,37613,LPLC2,right,2
33965,LPLC2,left,517079,LPLC2,left,2
32237,LPLC2,left,25027,LPLC2,left,2
12032,LC4,left,16809,LC4,left,2
32237,LPLC2,left,514670,LPLC2,left,2
33694,LPLC2,right,27566,LPLC2,right,2
27829,LC4,left,516909,LC4,left,2
33965,LPLC2,left,25027,LPLC2,left,2
27471,LPLC2,right,20535,LPLC2,right,2
33965,LPLC2,left,33303,LPLC2,left,2
28003,LPLC2,right,14465,LPLC2,right,2
37925,LPLC2,right,29873,LPLC2,right,2
536444,LPLC2,left,23226,LC4,left,2
32237,LPLC2,left,29815,LPLC2,left,2
27829,LC4,left,29417,LC4,left,2
12032,LC4,left,17653,LC4,left,2
27471,LPLC2,right,21899,LPLC2,right,2
34372,LPLC2,right,527408,LC4,right,2
32507,LPLC2,right,20334,LPLC2,right,2
34372,LPLC2,right,35632,LPLC2,right,2
28003,LPLC2,right,21045,LPLC2,right,2
33406,LPLC2,left,536444,LPLC2,left,2
32507,LPLC2,right,33396,LPLC2,right,2
34051,LPLC2,left,517078,LPLC2,left,2
533129,LC4,left,107513,LC4,left,2
533129,LC4,left,31301,LC4,left,2
11498,LPLC2,left,23247,LPLC2,left,2
27716,LPLC2,left,536444,LPLC2,left,2
11498,LPLC2,left,23349,LPLC2,left,2
33185,LPLC2,right,23878,LPLC2,right,2
27750,LC4,left,12032,LC4,left,2
27566,LPLC2,right,527408,LC4,right,2
33185,LPLC2,right,22034,LC4,right,2
33185,LPLC2,right,21899,LPLC2,right,2
27566,LPLC2,right,50287,LPLC2,right,2
34051,LPLC2,left,134521,LPLC2,left,2
33396,LPLC2,right,35632,LPLC2,right,2
33185,LPLC2,right,21703,LPLC2,right,2
33185,LPLC2,right,21318,LPLC2,right,2
27566,LPLC2,right,35680,LPLC2,right,2
27566,LPLC2,right,34372,LPLC2,right,2
27750,LC4,left,18478,LC4,left,2
536444,LPLC2,left,27796,LPLC2,left,2
33185,LPLC2,right,24800,LPLC2,right,2
27716,LPLC2,left,518544,LC4,left,2
34110,LPLC2,right,35632,LPLC2,right,2
38542,LPLC2,right,29183,LPLC2,right,2
27716,LPLC2,left,34655,LPLC2,left,2
38542,LPLC2,right,20047,LPLC2,right,2
27716,LPLC2,left,35616,LC4,left,2
33185,LPLC2,right,28741,LPLC2,right,2
38542,LPLC2,right,18929,LPLC2,right,2
10010,DNp01,left,32597,LC4,left,2
33185,LPLC2,right,28044,LPLC2,right,2
33185,LPLC2,right,27566,LPLC2,right,2
33396,LPLC2,right,29873,LPLC2,right,2
34110,LPLC2,right,30041,LPLC2,right,2
34110,LPLC2,right,30207,LPLC2,right,2
27716,LPLC2,left,515971,LPLC2,left,2
14465,LPLC2,right,26147,LPLC2,right,2
33185,LPLC2,right,26393,LPLC2,right,2
27716,LPLC2,left,517079,LPLC2,left,2
33396,LPLC2,right,29986,LPLC2,right,2
33396,LPLC2,right,30207,LPLC2,right,2
27624,LC4,left,16809,LC4,left,2
33185,LPLC2,right,25253,LPLC2,right,2
11498,LPLC2,left,24308,LPLC2,left,2
33185,LPLC2,right,19146,LPLC2,right,2
536444,LPLC2,left,25027,LPLC2,left,2
27750,LC4,left,111787,LC4,left,2
33406,LPLC2,left,21361,LPLC2,left,2
33137,LC4,left,35616,LC4,left,2
34051,LPLC2,left,32737,LPLC2,left,2
27566,LPLC2,right,29216,LPLC2,right,2
34110,LPLC2,right,50287,LPLC2,right,2
34051,LPLC2,left,30895,LPLC2,left,2
536444,LPLC2,left,100103,LPLC2,left,2
11498,LPLC2,left,28011,LPLC2,left,2
33137,LC4,left,22772,LC4,left,2
27566,LPLC2,right,29183,LPLC2,right,2
38542,LPLC2,right,31257,LPLC2,right,2
33137,LC4,left,21721,LC4,left,2
34051,LPLC2,left,30512,LPLC2,left,2
27750,LC4,left,518544,LC4,left,2
27750,LC4,left,518730,LC4,left,2
38065,LC4,right,23792,LC4,right,2
27750,LC4,left,532254,LC4,left,2
27750,LC4,left,535341,LC4,left,2
33137,LC4,left,20976,LC4,left,2
27566,LPLC2,right,29598,LPLC2,right,2
27750,LC4,left,107513,LC4,left,2
33185,LPLC2,right,19034,LPLC2,right,2
34110,LPLC2,right,38542,LPLC2,right,2
27750,LC4,left,29469,LC4,left,2
38065,LC4,right,28945,LC4,right,2
33137,LC4,left,535341,LC4,left,2
10010,DNp01,left,28980,LC4,left,2
533129,LC4,left,515900,LC4,left,2
27750,LC4,left,31308,LC4,left,2
33406,LPLC2,left,11498,LPLC2,left,2
33406,LPLC2,left,14888,LC4,left,2
33406,LPLC2,left,17775,LPLC2,left,2
33137,LC4,left,518983,LC4,left,2
33137,LC4,left,518544,LC4,left,2
34110,LPLC2,right,37613,LPLC2,right,2
27566,LPLC2,right,30938,LPLC2,right,2
38065,LC4,right,25584,LC4,right,2
27566,LPLC2,right,30480,LC4,right,2
27750,LC4,left,37587,LC4,left,2
33406,LPLC2,left,20240,LPLC2,left,2
27566,LPLC2,right,29986,LPLC2,right,2
11498,LPLC2,left,24840,LPLC2,left,2
33185,LPLC2,right,29014,LPLC2,right,2
33185,LPLC2,right,29183,LPLC2,right,2
27716,LPLC2,left,33965,LPLC2,left,2
33303,LPLC2,left,23349,LPLC2,left,2
34110,LPLC2,right,24800,LPLC2,right,2
27716,LPLC2,left,14030,LPLC2,left,2
33303,LPLC2,left,20799,LPLC2,left,2
33303,LPLC2,left,19911,LPLC2,left,2
27716,LPLC2,left,24568,LPLC2,left,2
33303,LPLC2,left,517819,LPLC2,left,2
38542,LPLC2,right,25253,LPLC2,right,2
33303,LPLC2,left,524366,LPLC2,left,2
536444,LPLC2,left,30893,LPLC2,left,2
33303,LPLC2,left,18936,LPLC2,left,2
33303,LPLC2,left,18900,LPLC2,left,2
536444,LPLC2,left,31105,LPLC2,left,2
14465,LPLC2,right,21862,LPLC2,right,2
27716,LPLC2,left,25027,LPLC2,left,2
11498,LPLC2,left,17544,LPLC2,left,2
14465,LPLC2,right,24118,LPLC2,right,2
37925,LPLC2,right,29216,LPLC2,right,2
33303,LPLC2,left,17774,LPLC2,left,2
33303,LPLC2,left,17608,LC4,left,2
27716,LPLC2,left,14102,LPLC2,left,2
11498,LPLC2,left,10010,DNp01,left,2
14465,LPLC2,right,25636,LPLC2,right,2
33303,LPLC2,left,517078,LPLC2,left,2
33303,LPLC2,left,27355,LPLC2,left,2
33303,LPLC2,left,26528,LPLC2,left,2
38542,LPLC2,right,22218,LPLC2,right,2
33303,LPLC2,left,27399,LPLC2,left,2
27716,LPLC2,left,20329,LPLC2,left,2
33303,LPLC2,left,29955,LPLC2,left,2
34110,LPLC2,right,22218,LPLC2,right,2
33303,LPLC2,left,32223,LPLC2,left,2
27716,LPLC2,left,21299,LPLC2,left,2
27716,LPLC2,left,19787,LPLC2,left,2
33303,LPLC2,left,100103,LPLC2,left,2
14465,LPLC2,right,23497,LPLC2,right,2
27716,LPLC2,left,22557,LPLC2,left,2
33303,LPLC2,left,25027,LPLC2,left,2
27716,LPLC2,left,23202,LC4,left,2
33303,LPLC2,left,129687,LPLC2,left,2
38542,LPLC2,right,24187,LPLC2,right,2
27716,LPLC2,left,17544,LPLC2,left,2
33303,LPLC2,left,23919,LPLC2,left,2
33396,LPLC2,right,14465,LPLC2,right,2
34110,LPLC2,right,25511,LPLC2,right,2
27716,LPLC2,left,25524,LPLC2,left,2
33303,LPLC2,left,13726,LPLC2,left,2
27624,LC4,left,32597,LC4,left,2
38542,LPLC2,right,26393,LPLC2,right,2
536444,LPLC2,left,28980,LC4,left,2
33185,LPLC2,right,31988,LPLC2,right,2
27716,LPLC2,left,31105,LPLC2,left,2
38542,LPLC2,right,27471,LPLC2,right,2
27624,LC4,left,29417,LC4,left,2
38542,LPLC2,right,20162,LPLC2,right,2
536444,LPLC2,left,31563,LPLC2,left,2
33185,LPLC2,right,31964,LPLC2,right,2
27716,LPLC2,left,32237,LPLC2,left,2
33185,LPLC2,right,30938,LPLC2,right,2
33185,LPLC2,right,30207,LPLC2,right,2
33396,LPLC2,right,25253,LPLC2,right,2
34051,LPLC2,left,536444,LPLC2,left,2
34110,LPLC2,right,29216,LPLC2,right,2
33396,LPLC2,right,26730,LPLC2,right,2
27716,LPLC2,left,33406,LPLC2,left,2
33185,LPLC2,right,29598,LPLC2,right,2
38542,LPLC2,right,20334,LPLC2,right,2
33396,LPLC2,right,22034,LC4,right,2
33396,LPLC2,right,21562,LPLC2,right,2
33185,LPLC2,right,38542,LPLC2,right,2
33396,LPLC2,right,18929,LPLC2,right,2
33303,LPLC2,left,11498,LPLC2,left,2
33396,LPLC2,right,19146,LPLC2,right,2
33396,LPLC2,right,20103,LPLC2,right,2
27624,LC4,left,517752,LC4,left,2
33396,LPLC2,right,20162,LPLC2,right,2
14465,LPLC2,right,25267,LPLC2,right,2
27624,LC4,left,111787,LC4,left,2
27624,LC4,left,100485,LC4,left,2
33185,LPLC2,right,35889,LPLC2,right,2
34110,LPLC2,right,19549,LPLC2,right,2
33185,LPLC2,right,37925,LPLC2,right,2
33396,LPLC2,right,21045,LPLC2,right,2
14465,LPLC2,right,21225,LC4,right,2
14465,LPLC2,right,25497,LPLC2,right,2
14465,LPLC2,right,21045,LPLC2,right,2
33185,LPLC2,right,37613,LPLC2,right,2
34110,LPLC2,right,27566,LPLC2,right,2
33406,LPLC2,left,27023,LPLC2,left,2
34051,LPLC2,left,30512,LPLC2,left,2
38542,LPLC2,right,33396,LPLC2,right,2
33439,LPLC2,right,25316,LPLC2,right,2
32597,LC4,left,524899,LC4,left,2
33439,LPLC2,right,25497,LPLC2,right,2
14102,LPLC2,left,511914,LC4,left,2
39620,LPLC2,right,18672,LPLC2,right,2
34372,LPLC2,right,28741,LPLC2,right,2
32597,LC4,left,515900,LC4,left,2
33439,LPLC2,right,25636,LPLC2,right,2
32597,LC4,left,515476,LC4,left,2
34372,LPLC2,right,29183,LPLC2,right,2
11498,LPLC2,left,517078,LPLC2,left,2
33439,LPLC2,right,27566,LPLC2,right,2
32597,LC4,left,107513,LC4,left,2
34051,LPLC2,left,17059,LPLC2,left,2
39620,LPLC2,right,18929,LPLC2,right,2
11498,LPLC2,left,517819,LPLC2,left,2
34051,LPLC2,left,15804,LPLC2,left,2
39620,LPLC2,right,19034,LPLC2,right,2
34372,LPLC2,right,29598,LPLC2,right,2
33439,LPLC2,right,29391,LPLC2,right,2
27471,LPLC2,right,35838,LPLC2,right,2
34051,LPLC2,left,20240,LPLC2,left,2
38065,LC4,right,20016,LC4,right,2
34051,LPLC2,left,21299,LPLC2,left,2
32737,LPLC2,left,17774,LPLC2,left,2
33439,LPLC2,right,21862,LPLC2,right,2
27566,LPLC2,right,14465,LPLC2,right,2
32737,LPLC2,left,14102,LPLC2,left,2
32737,LPLC2,left,13764,LPLC2,left,2
34372,LPLC2,right,26915,LPLC2,right,2
32737,LPLC2,left,12384,LPLC2,left,2
33439,LPLC2,right,22034,LC4,right,2
27471,LPLC2,right,55627,LPLC2,right,2
14102,LPLC2,left,516909,LC4,left,2
27471,LPLC2,right,50287,LPLC2,right,2
34372,LPLC2,right,27471,LPLC2,right,2
27471,LPLC2,right,38542,LPLC2,right,2
27796,LPLC2,left,31563,LPLC2,left,2
38065,LC4,right,17364,LC4,right,2
32597,LC4,left,532254,LC4,left,2
33439,LPLC2,right,24118,LPLC2,right,2
14465,LPLC2,right,30207,LPLC2,right,2
34051,LPLC2,left,22253,LPLC2,left,2
39620,LPLC2,right,19146,LPLC2,right,2
27471,LPLC2,right,31257,LPLC2,right,2
27796,LPLC2,left,111903,LPLC2,left,2
34051,LPLC2,left,10228,DNp06,left,2
32597,LC4,left,17478,LC4,left,2
32597,LC4,left,17270,LC4,left,2
533129,LC4,left,23226,LC4,left,2
27796,LPLC2,left,531014,LPLC2,left,2
11498,LPLC2,left,520764,LPLC2,left,2
11498,LPLC2,left,524899,LC4,left,2
27796,LPLC2,left,536444,LPLC2,left,2
27471,LPLC2,right,28003,LPLC2,right,2
32507,LPLC2,right,37613,LPLC2,right,2
14102,LPLC2,left,33406,LPLC2,left,2
33439,LPLC2,right,55627,LPLC2,right,2
37925,LPLC2,right,39620,LPLC2,right,2
10001,DNp01,right,22034,LC4,right,2
27829,LC4,left,15018,LC4,left,2
32507,LPLC2,right,35889,LPLC2,right,2
34372,LPLC2,right,33185,LPLC2,right,2
32507,LPLC2,right,34372,LPLC2,right,2
32507,LPLC2,right,34110,LPLC2,right,2
27471,LPLC2,right,26147,LPLC2,right,2
27796,LPLC2,left,524366,LPLC2,left,2
32597,LC4,left,18432,LC4,left,2
34372,LPLC2,right,30041,LPLC2,right,2
536444,LPLC2,left,515971,LPLC2,left,2
11498,LPLC2,left,520449,LC4,left,2
32597,LC4,left,29417,LC4,left,2
27796,LPLC2,left,129687,LPLC2,left,2
10010,DNp01,left,10228,DNp06,left,2
32597,LC4,left,28980,LC4,left,2
536444,LPLC2,left,25524,LPLC2,left,2
39620,LPLC2,right,19608,LPLC2,right,2
39620,LPLC2,right,19842,LPLC2,right,2
39620,LPLC2,right,20047,LPLC2,right,2
32597,LC4,left,23226,LC4,left,2
33439,LPLC2,right,33694,LPLC2,right,2
33439,LPLC2,right,34681,LPLC2,right,2
27471,LPLC2,right,29598,LPLC2,right,2
27471,LPLC2,right,29216,LPLC2,right,2
33439,LPLC2,right,35889,LPLC2,right,2
27796,LPLC2,left,517078,LPLC2,left,2
32597,LC4,left,25524,LPLC2,left,2
33439,LPLC2,right,37431,LPLC2,right,2
32737,LPLC2,left,17880,LPLC2,left,2
33439,LPLC2,right,21808,LPLC2,right,2
27566,LPLC2,right,25584,LC4,right,2
38542,LPLC2,right,35632,LPLC2,right,2
33406,LPLC2,left,30895,LPLC2,left,2
27796,LPLC2,left,17544,LPLC2,left,2
33406,LPLC2,left,31105,LPLC2,left,2
33406,LPLC2,left,32223,LPLC2,left,2
33406,LPLC2,left,34655,LPLC2,left,2
32737,LPLC2,left,112292,LPLC2,left,2
34372,LPLC2,right,21045,LPLC2,right,2
32737,LPLC2,left,40811,LPLC2,left,2
27566,LPLC2,right,23497,LPLC2,right,2
38065,LC4,right,22194,LC4,right,2
32737,LPLC2,left,34051,LPLC2,left,2
32737,LPLC2,left,33965,LPLC2,left,2
27796,LPLC2,left,19830,LPLC2,left,2
34372,LPLC2,right,22218,LPLC2,right,2
27566,LPLC2,right,22261,LPLC2,right,2
27796,LPLC2,left,19911,LPLC2,left,2
34372,LPLC2,right,22261,LPLC2,right,2
32737,LPLC2,left,30512,LPLC2,left,2
27566,LPLC2,right,21862,LPLC2,right,2
33406,LPLC2,left,29955,LPLC2,left,2
27566,LPLC2,right,24401,LPLC2,right,2
27796,LPLC2,left,30087,LC4,left,2
34051,LPLC2,left,29702,LPLC2,left,2
38542,LPLC2,right,33439,LPLC2,right,2
11498,LPLC2,left,30893,LPLC2,left,2
27796,LPLC2,left,13764,LPLC2,left,2
11498,LPLC2,left,30895,LPLC2,left,2
27566,LPLC2,right,25497,LPLC2,right,2
38065,LC4,right,22966,LC4,right,2
38542,LPLC2,right,34110,LPLC2,right,2
33406,LPLC2,left,27796,LPLC2,left,2
27796,LPLC2,left,14102,LPLC2,left,2
27796,LPLC2,left,15804,LPLC2,left,2
34051,LPLC2,left,29955,LPLC2,left,2
11498,LPLC2,left,31105,LPLC2,left,2
27796,LPLC2,left,16917,LC4,left,2
32737,LPLC2,left,518731,LPLC2,left,2
32737,LPLC2,left,518730,LC4,left,2
32737,LPLC2,left,518016,LC4,left,2
27566,LPLC2,right,24800,LPLC2,right,2
33406,LPLC2,left,29319,LPLC2,left,2
34372,LPLC2,right,20584,LPLC2,right,2
32737,LPLC2,left,29702,LPLC2,left,2
38542,LPLC2,right,37431,LPLC2,right,2
27566,LPLC2,right,21318,LPLC2,right,2
533129,LC4,left,517752,LC4,left,2
27796,LPLC2,left,26528,LPLC2,left,2
33439,LPLC2,right,20103,LPLC2,right,2
27566,LPLC2,right,18929,LPLC2,right,2
32737,LPLC2,left,23202,LC4,left,2
32737,LPLC2,left,22557,LPLC2,left,2
536444,LPLC2,left,514508,LC4,left,2
27796,LPLC2,left,27355,LPLC2,left,2
10010,DNp01,left,18478,LC4,left,2
14465,LPLC2,right,29391,LPLC2,right,2
14102,LPLC2,left,520449,LC4,left,2
11498,LPLC2,left,112292,LPLC2,left,2
34051,LPLC2,left,25136,LPLC2,left,2
27796,LPLC2,left,28011,LPLC2,left,2
34372,LPLC2,right,25511,LPLC2,right,2
27566,LPLC2,right,17860,LC4,right,2
34051,LPLC2,left,24605,LPLC2,left,2
27566,LPLC2,right,17364,LC4,right,2
14102,LPLC2,left,518731,LPLC2,left,2
34051,LPLC2,left,24568,LPLC2,left,2
34051,LPLC2,left,25572,LPLC2,left,2
27566,LPLC2,right,19249,LPLC2,right,2
33439,LPLC2,right,19034,LPLC2,right,2
27566,LPLC2,right,20694,LPLC2,right,2
33406,LPLC2,left,515971,LPLC2,left,2
32737,LPLC2,left,27399,LPLC2,left,2
14102,LPLC2,left,520764,LPLC2,left,2
34372,LPLC2,right,22966,LC4,right,2
33406,LPLC2,left,518731,LPLC2,left,2
38065,LC4,right,20542,LC4,right,2
11498,LPLC2,left,40841,LPLC2,left,2
27796,LPLC2,left,25027,LPLC2,left,2
27566,LPLC2,right,20334,LPLC2,right,2
10010,DNp01,left,21721,LC4,left,2
27566,LPLC2,right,20282,LC4,right,2
33406,LPLC2,left,521115,LPLC2,left,2
33406,LPLC2,left,524366,LPLC2,left,2
38542,LPLC2,right,37925,LPLC2,right,2
33406,LPLC2,left,533895,LPLC2,left,2
34372,LPLC2,right,24187,LPLC2,right,2
38542,LPLC2,right,50287,LPLC2,right,2
32737,LPLC2,left,24605,LPLC2,left,2
29563,LC4,right,20673,LC4,right,2
14030,LPLC2,left,27716,LPLC2,left,2
32237,LPLC2,left,21299,LPLC2,left,2
30041,LPLC2,right,33694,LPLC2,right,2
29216,LPLC2,right,33439,LPLC2,right,2
30041,LPLC2,right,29873,LPLC2,right,2
13764,LPLC2,left,25524,LPLC2,left,2
29216,LPLC2,right,31257,LPLC2,right,2
30041,LPLC2,right,30480,LC4,right,2
35616,LC4,left,18396,LC4,left,2
30041,LPLC2,right,35680,LPLC2,right,2
30041,LPLC2,right,19608,LPLC2,right,2
30041,LPLC2,right,35680,LPLC2,right,2
30041,LPLC2,right,37613,LPLC2,right,2
30041,LPLC2,right,37925,LPLC2,right,2
30087,LC4,left,15018,LC4,left,2
29216,LPLC2,right,26393,LPLC2,right,2
30087,LC4,left,16809,LC4,left,2
29216,LPLC2,right,34110,LPLC2,right,2
12824,LC4,left,511914,LC4,left,2
29216,LPLC2,right,35680,LPLC2,right,2
29216,LPLC2,right,35889,LPLC2,right,2
30041,LPLC2,right,26393,LPLC2,right,2
29216,LPLC2,right,39620,LPLC2,right,2
30041,LPLC2,right,24338,LC4,right,2
35616,LC4,left,27750,LC4,left,2
30041,LPLC2,right,21899,LPLC2,right,2
533895,LPLC2,left,25854,LPLC2,left,2
35616,LC4,left,31308,LC4,left,2
35616,LC4,left,31429,LC4,left,2
30041,LPLC2,right,21562,LPLC2,right,2
30041,LPLC2,right,20808,LC4,right,2
29287,LPLC2,right,20103,LPLC2,right,2
29287,LPLC2,right,20162,LPLC2,right,2
30041,LPLC2,right,20334,LPLC2,right,2
30087,LC4,left,16917,LC4,left,2
30087,LC4,left,18396,LC4,left,2
35294,LPLC2,left,531014,LPLC2,left,2
37431,LPLC2,right,18672,LPLC2,right,2
29216,LPLC2,right,19842,LPLC2,right,2
29216,LPLC2,right,20269,LPLC2,right,2
30207,LPLC2,right,19229,LPLC2,right,2
30207,LPLC2,right,19034,LPLC2,right,2
35294,LPLC2,left,32237,LPLC2,left,2
29216,LPLC2,right,20535,LPLC2,right,2
535341,LC4,left,17478,LC4,left,2
37431,LPLC2,right,19229,LPLC2,right,2
13764,LPLC2,left,28011,LPLC2,left,2
29216,LPLC2,right,21045,LPLC2,right,2
30087,LC4,left,533129,LC4,left,2
535341,LC4,left,17340,LC4,left,2
35294,LPLC2,left,33406,LPLC2,left,2
29216,LPLC2,right,21703,LPLC2,right,2
37431,LPLC2,right,17551,LPLC2,right,2
30087,LC4,left,20440,LC4,left,2
35294,LPLC2,left,134521,LPLC2,left,2
30087,LC4,left,515476,LC4,left,2
30087,LC4,left,514956,LC4,left,2
29216,LPLC2,right,23590,LPLC2,right,2
13764,LPLC2,left,27023,LPLC2,left,2
535341,LC4,left,15018,LC4,left,2
12824,LC4,left,28980,LC4,left,2
35294,LPLC2,left,517819,LPLC2,left,2
29216,LPLC2,right,24338,LC4,right,2
12824,LC4,left,31308,LC4,left,2
29216,LPLC2,right,25316,LPLC2,right,2
30087,LC4,left,22772,LC4,left,2
30087,LC4,left,20976,LC4,left,2
30087,LC4,left,20967,LC4,left,2
30041,LPLC2,right,20269,LPLC2,right,2
29287,LPLC2,right,20399,LC4,right,2
29955,LPLC2,left,35294,LPLC2,left,2
35632,LPLC2,right,19034,LPLC2,right,2
29287,LPLC2,right,34681,LPLC2,right,2
13764,LPLC2,left,22253,LPLC2,left,2
35632,LPLC2,right,19794,LC4,right,2
29287,LPLC2,right,30938,LPLC2,right,2
29986,LPLC2,right,20047,LPLC2,right,2
29287,LPLC2,right,30041,LPLC2,right,2
29986,LPLC2,right,20471,LPLC2,right,2
30041,LPLC2,right,19589,LPLC2,right,2
29986,LPLC2,right,20694,LPLC2,right,2
12824,LC4,left,535341,LC4,left,2
29986,LPLC2,right,21313,LC4,right,2
13764,LPLC2,left,23247,LPLC2,left,2
29986,LPLC2,right,21769,LPLC2,right,2
35632,LPLC2,right,17548,LC4,right,2
35632,LPLC2,right,20471,LPLC2,right,2
29986,LPLC2,right,17551,LPLC2,right,2
29986,LPLC2,right,17364,LC4,right,2
29986,LPLC2,right,17266,LC4,right,2
29287,LPLC2,right,35838,LPLC2,right,2
29955,LPLC2,left,531014,LPLC2,left,2
29287,LPLC2,right,35889,LPLC2,right,2
35889,LPLC2,right,28871,LPLC2,right,2
29955,LPLC2,left,530029,LC4,left,2
35632,LPLC2,right,20749,LPLC2,right,2
35632,LPLC2,right,21045,LPLC2,right,2
35632,LPLC2,right,21562,LPLC2,right,2
29287,LPLC2,right,38542,LPLC2,right,2
29955,LPLC2,left,111903,LPLC2,left,2
29955,LPLC2,left,100103,LPLC2,left,2
29955,LPLC2,left,40841,LPLC2,left,2
13132,LPLC2,left,14888,LC4,left,2
13764,LPLC2,left,23349,LPLC2,left,2
29986,LPLC2,right,23497,LPLC2,right,2
29986,LPLC2,right,23590,LPLC2,right,2
29287,LPLC2,right,23878,LPLC2,right,2
30041,LPLC2,right,19549,LPLC2,right,2
29287,LPLC2,right,20588,LC4,right,2
30041,LPLC2,right,19543,LC4,right,2
29287,LPLC2,right,20673,LC4,right,2
30041,LPLC2,right,19146,LPLC2,right,2
30041,LPLC2,right,19034,LPLC2,right,2
533895,LPLC2,left,26528,LPLC2,left,2
30041,LPLC2,right,18672,LPLC2,right,2
535341,LC4,left,12032,LC4,left,2
12824,LC4,left,518016,LC4,left,2
29287,LPLC2,right,21899,LPLC2,right,2
533895,LPLC2,left,27023,LPLC2,left,2
29986,LPLC2,right,37431,LPLC2,right,2
29287,LPLC2,right,23878,LPLC2,right,2
29287,LPLC2,right,24118,LPLC2,right,2
29986,LPLC2,right,24401,LPLC2,right,2
35616,LC4,left,519650,LC4,left,2
12824,LC4,left,518544,LC4,left,2
35616,LC4,left,532254,LC4,left,2
29986,LPLC2,right,29216,LPLC2,right,2
13764,LPLC2,left,24568,LPLC2,left,2
12824,LC4,left,518730,LC4,left,2
29986,LPLC2,right,28003,LPLC2,right,2
29986,LPLC2,right,27566,LPLC2,right,2
13764,LPLC2,left,24523,LC4,left,2
29287,LPLC2,right,25267,LPLC2,right,2
29986,LPLC2,right,26730,LPLC2,right,2
12824,LC4,left,519931,LC4,left,2
13764,LPLC2,left,23665,LPLC2,left,2
35632,LPLC2,right,16128,LC4,right,2
37431,LPLC2,right,19589,LPLC2,right,2
30207,LPLC2,right,20162,LPLC2,right,2
29216,LPLC2,right,19249,LPLC2,right,2
35262,LC4,left,516909,LC4,left,2
30512,LPLC2,left,33303,LPLC2,left,2
30512,LPLC2,left,34051,LPLC2,left,2
12384,LPLC2,left,533895,LPLC2,left,2
12384,LPLC2,left,531014,LPLC2,left,2
30512,LPLC2,left,40811,LPLC2,left,2
13764,LPLC2,left,31105,LPLC2,left,2
30512,LPLC2,left,514670,LPLC2,left,2
30207,LPLC2,right,20471,LPLC2,right,2
30512,LPLC2,left,518731,LPLC2,left,2
37431,LPLC2,right,25316,LPLC2,right,2
29014,LPLC2,right,37925,LPLC2,right,2
30512,LPLC2,left,536444,LPLC2,left,2
29014,LPLC2,right,35680,LPLC2,right,2
30803,LC4,right,18189,LC4,right,2
30512,LPLC2,left,29815,LPLC2,left,2
30512,LPLC2,left,29753,LPLC2,left,2
30512,LPLC2,left,28011,LPLC2,left,2
29183,LPLC2,right,17548,LC4,right,2
29183,LPLC2,right,18672,LPLC2,right,2
37431,LPLC2,right,24268,LPLC2,right,2
29183,LPLC2,right,19543,LC4,right,2
29183,LPLC2,right,20047,LPLC2,right,2
29183,LPLC2,right,20182,LPLC2,right,2
35294,LPLC2,left,16917,LC4,left,2
29183,LPLC2,right,20917,LC4,right,2
30512,LPLC2,left,19787,LPLC2,left,2
37431,LPLC2,right,22261,LPLC2,right,2
35294,LPLC2,left,19787,LPLC2,left,2
37431,LPLC2,right,22218,LPLC2,right,2
35294,LPLC2,left,19830,LPLC2,left,2
35294,LPLC2,left,19911,LPLC2,left,2
12384,LPLC2,left,517079,LPLC2,left,2
30803,LC4,right,20016,LC4,right,2
29014,LPLC2,right,32507,LPLC2,right,2
29014,LPLC2,right,25511,LPLC2,right,2
30893,LPLC2,left,24605,LPLC2,left,2
30893,LPLC2,left,24308,LPLC2,left,2
30893,LPLC2,left,22557,LPLC2,left,2
29014,LPLC2,right,23590,LPLC2,right,2
13764,LPLC2,left,40811,LPLC2,left,2
29014,LPLC2,right,24118,LPLC2,right,2
35262,LC4,left,28980,LC4,left,2
29014,LPLC2,right,24268,LPLC2,right,2
30893,LPLC2,left,19911,LPLC2,left,2
35262,LC4,left,29417,LC4,left,2
37431,LPLC2,right,28871,LPLC2,right,2
30893,LPLC2,left,17608,LC4,left,2
535341,LC4,left,24523,LC4,left,2
535341,LC4,left,23226,LC4,left,2
29014,LPLC2,right,25636,LPLC2,right,2
30803,LC4,right,20399,LC4,right,2
35262,LC4,left,31429,LC4,left,2
37431,LPLC2,right,27566,LPLC2,right,2
30803,LC4,right,25636,LPLC2,right,2
37431,LPLC2,right,26915,LPLC2,right,2
13764,LPLC2,left,34407,LPLC2,left,2
30803,LC4,right,24338,LC4,right,2
12384,LPLC2,left,129687,LPLC2,left,2
533895,LPLC2,left,24605,LPLC2,left,2
30803,LC4,right,22847,LC4,right,2
30803,LC4,right,22328,LC4,right,2
13764,LPLC2,left,33965,LPLC2,left,2
29014,LPLC2,right,29598,LPLC2,right,2
30803,LC4,right,20588,LC4,right,2
29014,LPLC2,right,30938,LPLC2,right,2
30512,LPLC2,left,17775,LPLC2,left,2
30512,LPLC2,left,16809,LC4,left,2
29183,LPLC2,right,22261,LPLC2,right,2
30207,LPLC2,right,25267,LPLC2,right,2
30207,LPLC2,right,33185,LPLC2,right,2
13764,LPLC2,left,29815,LPLC2,left,2
29183,LPLC2,right,29598,LPLC2,right,2
30207,LPLC2,right,32507,LPLC2,right,2
30207,LPLC2,right,31257,LPLC2,right,2
29183,LPLC2,right,29986,LPLC2,right,2
30207,LPLC2,right,29986,LPLC2,right,2
29183,LPLC2,right,33185,LPLC2,right,2
35294,LPLC2,left,27829,LC4,left,2
30207,LPLC2,right,28003,LPLC2,right,2
30207,LPLC2,right,28003,LPLC2,right,2
30207,LPLC2,right,25636,LPLC2,right,2
30207,LPLC2,right,25497,LPLC2,right,2
30207,LPLC2,right,25316,LPLC2,right,2
29183,LPLC2,right,35680,LPLC2,right,2
30207,LPLC2,right,34681,LPLC2,right,2
35294,LPLC2,left,29753,LPLC2,left,2
29183,LPLC2,right,35838,LPLC2,right,2
29183,LPLC2,right,37431,LPLC2,right,2
30207,LPLC2,right,24800,LPLC2,right,2
30207,LPLC2,right,24118,LPLC2,right,2
30207,LPLC2,right,23878,LPLC2,right,2
30207,LPLC2,right,22218,LPLC2,right,2
29216,LPLC2,right,16138,LC4,right,2
30207,LPLC2,right,21899,LPLC2,right,2
12824,LC4,left,23226,LC4,left,2
30207,LPLC2,right,21703,LPLC2,right,2
35294,LPLC2,left,30895,LPLC2,left,2
35294,LPLC2,left,31563,LPLC2,left,2
29216,LPLC2,right,19034,LPLC2,right,2
30207,LPLC2,right,33694,LPLC2,right,2
30207,LPLC2,right,35632,LPLC2,right,2
30512,LPLC2,left,14888,LC4,left,2
29183,LPLC2,right,25267,LPLC2,right,2
29183,LPLC2,right,23098,LC4,right,2
30512,LPLC2,left,12384,LPLC2,left,2
29183,LPLC2,right,23497,LPLC2,right,2
29183,LPLC2,right,23878,LPLC2,right,2
30480,LC4,right,38065,LC4,right,2
12824,LC4,left,18432,LC4,left,2
30480,LC4,right,29986,LPLC2,right,2
30480,LC4,right,26112,LC4,right,2
30480,LC4,right,26112,LC4,right,2
29183,LPLC2,right,24268,LPLC2,right,2
13764,LPLC2,left,29955,LPLC2,left,2
12824,LC4,left,20440,LC4,left,2
12824,LC4,left,20572,LC4,left,2
35294,LPLC2,left,23550,LPLC2,left,2
29183,LPLC2,right,25497,LPLC2,right,2
35294,LPLC2,left,25572,LPLC2,left,2
12824,LC4,left,21721,LC4,left,2
37431,LPLC2,right,21313,LC4,right,2
29183,LPLC2,right,25584,LC4,right,2
29183,LPLC2,right,25636,LPLC2,right,2
29183,LPLC2,right,25636,LPLC2,right,2
30480,LC4,right,21287,LC4,right,2
30480,LC4,right,21165,LC4,right,2
35294,LPLC2,left,25209,LPLC2,left,2
30480,LC4,right,20588,LC4,right,2
30480,LC4,right,20282,LC4,right,2
35294,LPLC2,left,25524,LPLC2,left,2
30480,LC4,right,19543,LC4,right,2
29183,LPLC2,right,26730,LPLC2,right,2
30480,LC4,right,17266,LC4,right,2
29955,LPLC2,left,37587,LC4,left,2
35632,LPLC2,right,21808,LPLC2,right,2
32237,LPLC2,left,20799,LPLC2,left,2
29702,LPLC2,left,525844,LPLC2,left,2
29702,LPLC2,left,515971,LPLC2,left,2
13132,LPLC2,left,129687,LPLC2,left,2
29702,LPLC2,left,520764,LPLC2,left,2
29702,LPLC2,left,521115,LPLC2,left,2
29702,LPLC2,left,524366,LPLC2,left,2
29469,LC4,left,20440,LC4,left,2
35838,LPLC2,right,33694,LPLC2,right,2
13132,LPLC2,left,531014,LPLC2,left,2
29469,LC4,left,18396,LC4,left,2
13132,LPLC2,left,100103,LPLC2,left,2
13726,LPLC2,left,33406,LPLC2,left,2
29753,LPLC2,left,13132,LPLC2,left,2
13726,LPLC2,left,33965,LPLC2,left,2
533895,LPLC2,left,29955,LPLC2,left,2
35680,LPLC2,right,29986,LPLC2,right,2
29702,LPLC2,left,129687,LPLC2,left,2
35680,LPLC2,right,30041,LPLC2,right,2
29469,LC4,left,23226,LC4,left,2
13132,LPLC2,left,512705,LC4,left,2
29469,LC4,left,27624,LC4,left,2
29702,LPLC2,left,34051,LPLC2,left,2
29702,LPLC2,left,32737,LPLC2,left,2
29702,LPLC2,left,32237,LPLC2,left,2
35838,LPLC2,right,31988,LPLC2,right,2
29469,LC4,left,31308,LC4,left,2
29702,LPLC2,left,29319,LPLC2,left,2
35838,LPLC2,right,31257,LPLC2,right,2
29469,LC4,left,81112,LC4,left,2
13132,LPLC2,left,526286,LC4,left,2
29702,LPLC2,left,25854,LPLC2,left,2
35680,LPLC2,right,31988,LPLC2,right,2
29753,LPLC2,left,13726,LPLC2,left,2
29753,LPLC2,left,13764,LPLC2,left,2
35838,LPLC2,right,37613,LPLC2,right,2
29753,LPLC2,left,28188,LPLC2,left,2
29753,LPLC2,left,41097,LPLC2,left,2
29753,LPLC2,left,40811,LPLC2,left,2
29753,LPLC2,left,35294,LPLC2,left,2
29417,LC4,left,22772,LC4,left,2
29417,LC4,left,27750,LC4,left,2
35680,LPLC2,right,25316,LPLC2,right,2
29417,LC4,left,28980,LC4,left,2
35889,LPLC2,right,14465,LPLC2,right,2
35889,LPLC2,right,10584,DNp06,right,2
29417,LC4,left,31301,LC4,left,2
29753,LPLC2,left,31563,LPLC2,left,2
29753,LPLC2,left,29815,LPLC2,left,2
29753,LPLC2,left,29702,LPLC2,left,2
29753,LPLC2,left,29417,LC4,left,2
29417,LC4,left,32597,LC4,left,2
29753,LPLC2,left,17774,LPLC2,left,2
35680,LPLC2,right,26393,LPLC2,right,2
29753,LPLC2,left,27399,LPLC2,left,2
29753,LPLC2,left,26528,LPLC2,left,2
13726,LPLC2,left,41097,LPLC2,left,2
29753,LPLC2,left,25572,LPLC2,left,2
13132,LPLC2,left,32223,LPLC2,left,2
35680,LPLC2,right,26915,LPLC2,right,2
35680,LPLC2,right,28003,LPLC2,right,2
13132,LPLC2,left,34051,LPLC2,left,2
13132,LPLC2,left,40811,LPLC2,left,2
29753,LPLC2,left,19911,LPLC2,left,2
29417,LC4,left,517752,LC4,left,2
35680,LPLC2,right,29183,LPLC2,right,2
35680,LPLC2,right,29216,LPLC2,right,2
29469,LC4,left,107513,LC4,left,2
29702,LPLC2,left,25524,LPLC2,left,2
29319,LPLC2,left,14102,LPLC2,left,2
29598,LPLC2,right,20535,LPLC2,right,2
35838,LPLC2,right,21562,LPLC2,right,2
35838,LPLC2,right,26393,LPLC2,right,2
29514,LC4,left,515476,LC4,left,2
29598,LPLC2,right,19589,LPLC2,right,2
29598,LPLC2,right,19608,LPLC2,right,2
29598,LPLC2,right,20269,LPLC2,right,2
13726,LPLC2,left,25854,LPLC2,left,2
29702,LPLC2,left,25136,LPLC2,left,2
29598,LPLC2,right,21703,LPLC2,right,2
29514,LC4,left,111787,LC4,left,2
35838,LPLC2,right,20162,LPLC2,right,2
29598,LPLC2,right,22975,LC4,right,2
29598,LPLC2,right,23497,LPLC2,right,2
35838,LPLC2,right,26915,LPLC2,right,2
13726,LPLC2,left,25854,LPLC2,left,2
35838,LPLC2,right,25497,LPLC2,right,2
29598,LPLC2,right,14465,LPLC2,right,2
13726,LPLC2,left,25575,LPLC2,left,2
533895,LPLC2,left,31563,LPLC2,left,2
13726,LPLC2,left,25524,LPLC2,left,2
29563,LC4,right,18189,LC4,right,2
29563,LC4,right,19420,LC4,right,2
29563,LC4,right,19634,LC4,right,2
13726,LPLC2,left,23665,LPLC2,left,2
29563,LC4,right,19794,LC4,right,2
35838,LPLC2,right,24268,LPLC2,right,2
13726,LPLC2,left,24308,LPLC2,left,2
29563,LC4,right,23392,LC4,right,2
35838,LPLC2,right,24187,LPLC2,right,2
35838,LPLC2,right,23929,LC4,right,2
533895,LPLC2,left,32737,LPLC2,left,2
13726,LPLC2,left,28188,LPLC2,left,2
29514,LC4,left,31308,LC4,left,2
29598,LPLC2,right,24401,LPLC2,right,2
533895,LPLC2,left,34051,LPLC2,left,2
29469,LC4,left,512705,LC4,left,2
29469,LC4,left,514508,LC4,left,2
29702,LPLC2,left,23919,LPLC2,left,2
13726,LPLC2,left,32223,LPLC2,left,2
35680,LPLC2,right,33396,LPLC2,right,2
533895,LPLC2,left,30895,LPLC2,left,2
29702,LPLC2,left,23349,LPLC2,left,2
13726,LPLC2,left,10228,DNp06,left,2
29469,LC4,left,518544,LC4,left,2
533895,LPLC2,left,31105,LPLC2,left,2
29702,LPLC2,left,20240,LPLC2,left,2
29469,LC4,left,518983,LC4,left,2
29702,LPLC2,left,18936,LPLC2,left,2
13726,LPLC2,left,29955,LPLC2,left,2
29598,LPLC2,right,55627,LPLC2,right,2
35838,LPLC2,right,19549,LPLC2,right,2
35680,LPLC2,right,35889,LPLC2,right,2
29598,LPLC2,right,35680,LPLC2,right,2
29598,LPLC2,right,35632,LPLC2,right,2
35680,LPLC2,right,37613,LPLC2,right,2
29514,LC4,left,17270,LC4,left,2
29598,LPLC2,right,34110,LPLC2,right,2
13726,LPLC2,left,29319,LPLC2,left,2
29598,LPLC2,right,33694,LPLC2,right,2
35838,LPLC2,right,28871,LPLC2,right,2
35680,LPLC2,right,50287,LPLC2,right,2
29598,LPLC2,right,30938,LPLC2,right,2
29598,LPLC2,right,29287,LPLC2,right,2
29598,LPLC2,right,28044,LPLC2,right,2
35838,LPLC2,right,19229,LPLC2,right,2
35889,LPLC2,right,16128,LC4,right,2
29753,LPLC2,left,520764,LPLC2,left,2
29753,LPLC2,left,531014,LPLC2,left,2
29319,LPLC2,left,29702,LPLC2,left,2
35889,LPLC2,right,24268,LPLC2,right,2
29319,LPLC2,left,32237,LPLC2,left,2
29873,LPLC2,right,34681,LPLC2,right,2
29319,LPLC2,left,30893,LPLC2,left,2
29873,LPLC2,right,35838,LPLC2,right,2
13764,LPLC2,left,14030,LPLC2,left,2
13132,LPLC2,left,19787,LPLC2,left,2
533895,LPLC2,left,515971,LPLC2,left,2
35632,LPLC2,right,26147,LPLC2,right,2
29955,LPLC2,left,15804,LPLC2,left,2
35632,LPLC2,right,25511,LPLC2,right,2
29319,LPLC2,left,28011,LPLC2,left,2
29955,LPLC2,left,17774,LPLC2,left,2
29319,LPLC2,left,27796,LPLC2,left,2
29319,LPLC2,left,33406,LPLC2,left,2
29873,LPLC2,right,31964,LPLC2,right,2
29319,LPLC2,left,35294,LPLC2,left,2
29873,LPLC2,right,30041,LPLC2,right,2
29319,LPLC2,left,41097,LPLC2,left,2
29319,LPLC2,left,100103,LPLC2,left,2
35632,LPLC2,right,27566,LPLC2,right,2
29873,LPLC2,right,28003,LPLC2,right,2
13132,LPLC2,left,20799,LPLC2,left,2
29319,LPLC2,left,525844,LPLC2,left,2
29319,LPLC2,left,533895,LPLC2,left,2
35632,LPLC2,right,29598,LPLC2,right,2
29319,LPLC2,left,536444,LPLC2,left,2
35632,LPLC2,right,29873,LPLC2,right,2
29391,LPLC2,right,17551,LPLC2,right,2
29391,LPLC2,right,19146,LPLC2,right,2
35889,LPLC2,right,21808,LPLC2,right,2
29955,LPLC2,left,17880,LPLC2,left,2
35632,LPLC2,right,25316,LPLC2,right,2
35632,LPLC2,right,25267,LPLC2,right,2
35632,LPLC2,right,23590,LPLC2,right,2
35889,LPLC2,right,28003,LPLC2,right,2
29955,LPLC2,left,33406,LPLC2,left,2
29319,LPLC2,left,16809,LC4,left,2
29955,LPLC2,left,33303,LPLC2,left,2
13132,LPLC2,left,17775,LPLC2,left,2
35632,LPLC2,right,21899,LPLC2,right,2
13132,LPLC2,left,17880,LPLC2,left,2
29319,LPLC2,left,17775,LPLC2,left,2
29955,LPLC2,left,28188,LPLC2,left,2
29955,LPLC2,left,28011,LPLC2,left,2
29319,LPLC2,left,17990,LPLC2,left,2
13132,LPLC2,left,17990,LPLC2,left,2
13764,LPLC2,left,18936,LPLC2,left,2
29955,LPLC2,left,27023,LPLC2,left,2
29319,LPLC2,left,20329,LPLC2,left,2
29319,LPLC2,left,27023,LPLC2,left,2
35632,LPLC2,right,23929,LC4,right,2
35889,LPLC2,right,25497,LPLC2,right,2
29955,LPLC2,left,25524,LPLC2,left,2
29319,LPLC2,left,23247,LPLC2,left,2
13132,LPLC2,left,18900,LPLC2,left,2
29955,LPLC2,left,25027,LPLC2,left,2
35632,LPLC2,right,23929,LC4,right,2
29319,LPLC2,left,24568,LPLC2,left,2
29319,LPLC2,left,24605,LPLC2,left,2
13764,LPLC2,left,17774,LPLC2,left,2
35632,LPLC2,right,24800,LPLC2,right,2
29955,LPLC2,left,21299,LPLC2,left,2
13764,LPLC2,left,17059,LPLC2,left,2
29955,LPLC2,left,20240,LPLC2,left,2
29873,LPLC2,right,23497,LPLC2,right,2
29873,LPLC2,right,23098,LC4,right,2
29873,LPLC2,right,22677,LPLC2,right,2
29815,LPLC2,left,29955,LPLC2,left,2
13132,LPLC2,left,24308,LPLC2,left,2
29815,LPLC2,left,112292,LPLC2,left,2
29815,LPLC2,left,95241,LPLC2,left,2
29391,LPLC2,right,30938,LPLC2,right,2
29815,LPLC2,left,81112,LC4,left,2
29815,LPLC2,left,77614,LC4,left,2
29391,LPLC2,right,31988,LPLC2,right,2
29391,LPLC2,right,32507,LPLC2,right,2
35632,LPLC2,right,39620,LPLC2,right,2
29815,LPLC2,left,34845,LC4,left,2
13132,LPLC2,left,25136,LPLC2,left,2
533895,LPLC2,left,519931,LC4,left,2
29815,LPLC2,left,33303,LPLC2,left,2
35680,LPLC2,right,17551,LPLC2,right,2
29391,LPLC2,right,37613,LPLC2,right,2
29815,LPLC2,left,517079,LPLC2,left,2
35680,LPLC2,right,20182,LPLC2,right,2
29815,LPLC2,left,23919,LPLC2,left,2
35889,LPLC2,right,19589,LPLC2,right,2
35680,LPLC2,right,20471,LPLC2,right,2
35680,LPLC2,right,20535,LPLC2,right,2
29815,LPLC2,left,21361,LPLC2,left,2
29815,LPLC2,left,20799,LPLC2,left,2
35680,LPLC2,right,21045,LPLC2,right,2
35680,LPLC2,right,22034,LC4,right,2
29815,LPLC2,left,17059,LPLC2,left,2
29815,LPLC2,left,14102,LPLC2,left,2
29417,LC4,left,14888,LC4,left,2
35889,LPLC2,right,17551,LPLC2,right,2
35680,LPLC2,right,22261,LPLC2,right,2
35632,LPLC2,right,38542,LPLC2,right,2
35889,LPLC2,right,20694,LPLC2,right,2
29873,LPLC2,right,22261,LPLC2,right,2
35632,LPLC2,right,35889,LPLC2,right,2
29873,LPLC2,right,22218,LPLC2,right,2
29391,LPLC2,right,21045,LPLC2,right,2
29873,LPLC2,right,21899,LPLC2,right,2
13726,LPLC2,left,521115,LPLC2,left,2
29391,LPLC2,right,21862,LPLC2,right,2
29873,LPLC2,right,21808,LPLC2,right,2
29391,LPLC2,right,23497,LPLC2,right,2
29873,LPLC2,right,21769,LPLC2,right,2
13132,LPLC2,left,23247,LPLC2,left,2
13132,LPLC2,left,23550,LPLC2,left,2
29391,LPLC2,right,24401,LPLC2,right,2
29873,LPLC2,right,20334,LPLC2,right,2
29391,LPLC2,right,25253,LPLC2,right,2
29391,LPLC2,right,25267,LPLC2,right,2
533895,LPLC2,left,525844,LPLC2,left,2
29815,LPLC2,left,518731,LPLC2,left,2
29391,LPLC2,right,25511,LPLC2,right,2
29391,LPLC2,right,25636,LPLC2,right,2
35889,LPLC2,right,21045,LPLC2,right,2
29873,LPLC2,right,17548,LC4,right,2
29873,LPLC2,right,17054,LC4,right,2
29815,LPLC2,left,536444,LPLC2,left,2
35632,LPLC2,right,37613,LPLC2,right,2
29815,LPLC2,left,525844,LPLC2,left,2
29815,LPLC2,left,524366,LPLC2,left,2
533895,LPLC2,left,29319,LPLC2,left,2
29391,LPLC2,right,28741,LPLC2,right,2
29815,LPLC2,left,521115,LPLC2,left,2
13726,LPLC2,left,514670,LPLC2,left,2
29391,LPLC2,right,28945,LC4,right,2
12384,LPLC2,left,32737,LPLC2,left,2
30893,LPLC2,left,26528,LPLC2,left,2
12384,LPLC2,left,32223,LPLC2,left,2
31563,LPLC2,left,40811,LPLC2,left,2
34655,LPLC2,left,24840,LPLC2,left,2
28044,LPLC2,right,37613,LPLC2,right,2
28044,LPLC2,right,35838,LPLC2,right,2
536444,LPLC2,left,12824,LC4,left,2
28044,LPLC2,right,34681,LPLC2,right,2
31563,LPLC2,left,33303,LPLC2,left,2
14030,LPLC2,left,517819,LPLC2,left,2
37613,LPLC2,right,28741,LPLC2,right,2
31563,LPLC2,left,40841,LPLC2,left,2
12349,LC4,left,27624,LC4,left,2
28044,LPLC2,right,33185,LPLC2,right,2
31563,LPLC2,left,112292,LPLC2,left,2
28044,LPLC2,right,31988,LPLC2,right,2
31563,LPLC2,left,134521,LPLC2,left,2
37613,LPLC2,right,32507,LPLC2,right,2
31563,LPLC2,left,29702,LPLC2,left,2
34655,LPLC2,left,25136,LPLC2,left,2
31563,LPLC2,left,28011,LPLC2,left,2
12349,LC4,left,29514,LC4,left,2
34655,LPLC2,left,25209,LPLC2,left,2
28188,LPLC2,left,12384,LPLC2,left,2
37613,LPLC2,right,30938,LPLC2,right,2
28188,LPLC2,left,14888,LC4,left,2
37613,LPLC2,right,30207,LPLC2,right,2
28188,LPLC2,left,16809,LC4,left,2
31563,LPLC2,left,23665,LPLC2,left,2
14030,LPLC2,left,129687,LPLC2,left,2
37613,LPLC2,right,30041,LPLC2,right,2
12349,LC4,left,32597,LC4,left,2
37613,LPLC2,right,29216,LPLC2,right,2
37613,LPLC2,right,29014,LPLC2,right,2
37613,LPLC2,right,33439,LPLC2,right,2
536444,LPLC2,left,13726,LPLC2,left,2
28044,LPLC2,right,30938,LPLC2,right,2
28044,LPLC2,right,24187,LPLC2,right,2
31964,LPLC2,right,25316,LPLC2,right,2
536444,LPLC2,left,18900,LPLC2,left,2
31964,LPLC2,right,24268,LPLC2,right,2
12349,LC4,left,12384,LPLC2,left,2
31964,LPLC2,right,24118,LPLC2,right,2
34655,LPLC2,left,17544,LPLC2,left,2
28044,LPLC2,right,22847,LC4,right,2
31964,LPLC2,right,22218,LPLC2,right,2
34655,LPLC2,left,17775,LPLC2,left,2
536444,LPLC2,left,17990,LPLC2,left,2
12349,LC4,left,15018,LC4,left,2
31964,LPLC2,right,20584,LPLC2,right,2
12349,LC4,left,16917,LC4,left,2
31964,LPLC2,right,20334,LPLC2,right,2
12349,LC4,left,16917,LC4,left,2
28044,LPLC2,right,29598,LPLC2,right,2
12349,LC4,left,17478,LC4,left,2
34655,LPLC2,left,19911,LPLC2,left,2
31964,LPLC2,right,19608,LPLC2,right,2
31964,LPLC2,right,18672,LPLC2,right,2
31964,LPLC2,right,17551,LPLC2,right,2
34655,LPLC2,left,20240,LPLC2,left,2
536444,LPLC2,left,17544,LPLC2,left,2
28044,LPLC2,right,26147,LPLC2,right,2
536444,LPLC2,left,17059,LPLC2,left,2
34655,LPLC2,left,22253,LPLC2,left,2
31563,LPLC2,left,533895,LPLC2,left,2
28044,LPLC2,right,26393,LPLC2,right,2
12349,LC4,left,21721,LC4,left,2
31563,LPLC2,left,520449,LC4,left,2
34655,LPLC2,left,25854,LPLC2,left,2
34655,LPLC2,left,26528,LPLC2,left,2
30893,LPLC2,left,29815,LPLC2,left,2
34655,LPLC2,left,33406,LPLC2,left,2
34655,LPLC2,left,35294,LPLC2,left,2
31308,LC4,left,524899,LC4,left,2
31308,LC4,left,532254,LC4,left,2
28188,LPLC2,left,100103,LPLC2,left,2
31308,LC4,left,535341,LC4,left,2
31429,LC4,left,12824,LC4,left,2
31429,LC4,left,16809,LC4,left,2
37613,LPLC2,right,28044,LPLC2,right,2
31429,LC4,left,17270,LC4,left,2
31429,LC4,left,17340,LC4,left,2
31429,LC4,left,17653,LC4,left,2
34655,LPLC2,left,32223,LPLC2,left,2
31429,LC4,left,20572,LC4,left,2
28188,LPLC2,left,32223,LPLC2,left,2
37613,LPLC2,right,24800,LPLC2,right,2
34655,LPLC2,left,41097,LPLC2,left,2
12349,LC4,left,517752,LC4,left,2
14030,LPLC2,left,31563,LPLC2,left,2
31308,LC4,left,35616,LC4,left,2
31308,LC4,left,31429,LC4,left,2
31308,LC4,left,27829,LC4,left,2
31308,LC4,left,24523,LC4,left,2
31308,LC4,left,23202,LC4,left,2
31308,LC4,left,23202,LC4,left,2
28188,LPLC2,left,518731,LPLC2,left,2
31308,LC4,left,21721,LC4,left,2
31308,LC4,left,20572,LC4,left,2
37613,LPLC2,right,23929,LC4,right,2
31308,LC4,left,18478,LC4,left,2
28188,LPLC2,left,536444,LPLC2,left,2
34655,LPLC2,left,129687,LPLC2,left,2
14030,LPLC2,left,33965,LPLC2,left,2
34655,LPLC2,left,31563,LPLC2,left,2
34655,LPLC2,left,29955,LPLC2,left,2
31429,LC4,left,514956,LC4,left,2
31563,LPLC2,left,18900,LPLC2,left,2
31563,LPLC2,left,17990,LPLC2,left,2
28188,LPLC2,left,22922,LC4,left,2
28188,LPLC2,left,23349,LPLC2,left,2
31563,LPLC2,left,17059,LPLC2,left,2
28188,LPLC2,left,23665,LPLC2,left,2
37613,LPLC2,right,27566,LPLC2,right,2
28188,LPLC2,left,24568,LPLC2,left,2
31563,LPLC2,left,13132,LPLC2,left,2
12349,LC4,left,35262,LC4,left,2
31429,LC4,left,533129,LC4,left,2
31429,LC4,left,518983,LC4,left,2
31429,LC4,left,518730,LC4,left,2
28188,LPLC2,left,25575,LPLC2,left,2
37613,LPLC2,right,26147,LPLC2,right,2
12349,LC4,left,511914,LC4,left,2
34655,LPLC2,left,28011,LPLC2,left,2
12349,LC4,left,107513,LC4,left,2
31429,LC4,left,111787,LC4,left,2
31429,LC4,left,107513,LC4,left,2
31429,LC4,left,81112,LC4,left,2
31429,LC4,left,77614,LC4,left,2
34655,LPLC2,left,29319,LPLC2,left,2
28188,LPLC2,left,29753,LPLC2,left,2
31429,LC4,left,35262,LC4,left,2
31429,LC4,left,31308,LC4,left,2
28188,LPLC2,left,30512,LPLC2,left,2
31429,LC4,left,31301,LC4,left,2
34655,LPLC2,left,29815,LPLC2,left,2
31429,LC4,left,27829,LC4,left,2
34655,LPLC2,left,13764,LPLC2,left,2
28044,LPLC2,right,20694,LPLC2,right,2
533895,LPLC2,left,13764,LPLC2,left,2
32223,LPLC2,left,26528,LPLC2,left,2
37925,LPLC2,right,24118,LPLC2,right,2
536444,LPLC2,left,21299,LPLC2,left,2
32223,LPLC2,left,25524,LPLC2,left,2
14102,LPLC2,left,25136,LPLC2,left,2
28003,LPLC2,right,31988,LPLC2,right,2
28003,LPLC2,right,30207,LPLC2,right,2
28003,LPLC2,right,30041,LPLC2,right,2
14102,LPLC2,left,17270,LC4,left,2
32223,LPLC2,left,27023,LPLC2,left,2
28003,LPLC2,right,29986,LPLC2,right,2
32223,LPLC2,left,27624,LC4,left,2
12032,LC4,left,34845,LC4,left,2
28003,LPLC2,right,29986,LPLC2,right,2
32223,LPLC2,left,28188,LPLC2,left,2
32223,LPLC2,left,25027,LPLC2,left,2
12032,LC4,left,77614,LC4,left,2
32223,LPLC2,left,24568,LPLC2,left,2
32223,LPLC2,left,24308,LPLC2,left,2
34407,LPLC2,left,30512,LPLC2,left,2
14102,LPLC2,left,25027,LPLC2,left,2
32223,LPLC2,left,22557,LPLC2,left,2
37925,LPLC2,right,22194,LC4,right,2
32223,LPLC2,left,20799,LPLC2,left,2
34407,LPLC2,left,30895,LPLC2,left,2
32223,LPLC2,left,19911,LPLC2,left,2
14102,LPLC2,left,24840,LPLC2,left,2
32223,LPLC2,left,18900,LPLC2,left,2
37925,LPLC2,right,21318,LPLC2,right,2
28011,LPLC2,left,13726,LPLC2,left,2
32223,LPLC2,left,15804,LPLC2,left,2
32223,LPLC2,left,14030,LPLC2,left,2
28003,LPLC2,right,29873,LPLC2,right,2
32223,LPLC2,left,33406,LPLC2,left,2
32223,LPLC2,left,33965,LPLC2,left,2
32237,LPLC2,left,11498,LPLC2,left,2
37925,LPLC2,right,29183,LPLC2,right,2
34407,LPLC2,left,24568,LPLC2,left,2
32237,LPLC2,left,18900,LPLC2,left,2
32237,LPLC2,left,17990,LPLC2,left,2
28003,LPLC2,right,23497,LPLC2,right,2
34407,LPLC2,left,24840,LPLC2,left,2
28003,LPLC2,right,24118,LPLC2,right,2
37925,LPLC2,right,28741,LPLC2,right,2
28003,LPLC2,right,24401,LPLC2,right,2
32237,LPLC2,left,17544,LPLC2,left,2
28003,LPLC2,right,24800,LPLC2,right,2
34407,LPLC2,left,25286,LPLC2,left,2
12032,LC4,left,27750,LC4,left,2
28003,LPLC2,right,25267,LPLC2,right,2
12032,LC4,left,29417,LC4,left,2
32223,LPLC2,left,34407,LPLC2,left,2
536444,LPLC2,left,22557,LPLC2,left,2
32223,LPLC2,left,531014,LPLC2,left,2
37925,LPLC2,right,26915,LPLC2,right,2
28003,LPLC2,right,25511,LPLC2,right,2
28003,LPLC2,right,26730,LPLC2,right,2
32223,LPLC2,left,517819,LPLC2,left,2
32223,LPLC2,left,517079,LPLC2,left,2
32223,LPLC2,left,134521,LPLC2,left,2
536444,LPLC2,left,22253,LPLC2,left,2
37925,LPLC2,right,25316,LPLC2,right,2
32223,LPLC2,left,40841,LPLC2,left,2
28003,LPLC2,right,29216,LPLC2,right,2
34407,LPLC2,left,27023,LPLC2,left,2
34407,LPLC2,left,27355,LPLC2,left,2
32223,LPLC2,left,13726,LPLC2,left,2
28011,LPLC2,left,17544,LPLC2,left,2
32223,LPLC2,left,11498,LPLC2,left,2
31964,LPLC2,right,35889,LPLC2,right,2
31988,LPLC2,right,21045,LPLC2,right,2
28011,LPLC2,left,514670,LPLC2,left,2
31988,LPLC2,right,20673,LC4,right,2
31988,LPLC2,right,20334,LPLC2,right,2
34407,LPLC2,left,129687,LPLC2,left,2
31988,LPLC2,right,20162,LPLC2,right,2
37925,LPLC2,right,19034,LPLC2,right,2
31988,LPLC2,right,19589,LPLC2,right,2
31988,LPLC2,right,19549,LPLC2,right,2
34407,LPLC2,left,129687,LPLC2,left,2
34407,LPLC2,left,134521,LPLC2,left,2
31988,LPLC2,right,19034,LPLC2,right,2
12032,LC4,left,518983,LC4,left,2
12032,LC4,left,519931,LC4,left,2
12032,LC4,left,520449,LC4,left,2
28011,LPLC2,left,112292,LPLC2,left,2
31964,LPLC2,right,35680,LPLC2,right,2
14102,LPLC2,left,20329,LPLC2,left,2
28044,LPLC2,right,14465,LPLC2,right,2
31964,LPLC2,right,31988,LPLC2,right,2
31964,LPLC2,right,31988,LPLC2,right,2
37613,LPLC2,right,50287,LPLC2,right,2
31964,LPLC2,right,30207,LPLC2,right,2
31964,LPLC2,right,29986,LPLC2,right,2
12032,LC4,left,524899,LC4,left,2
28044,LPLC2,right,20016,LC4,right,2
28044,LPLC2,right,20103,LPLC2,right,2
37613,LPLC2,right,38542,LPLC2,right,2
14102,LPLC2,left,17544,LPLC2,left,2
12032,LC4,left,533129,LC4,left,2
31988,LPLC2,right,21769,LPLC2,right,2
31988,LPLC2,right,21899,LPLC2,right,2
34407,LPLC2,left,32223,LPLC2,left,2
31988,LPLC2,right,33396,LPLC2,right,2
28011,LPLC2,left,19830,LPLC2,left,2
28011,LPLC2,left,21299,LPLC2,left,2
28011,LPLC2,left,21361,LPLC2,left,2
28011,LPLC2,left,22253,LPLC2,left,2
14102,LPLC2,left,24523,LC4,left,2
37925,LPLC2,right,20334,LPLC2,right,2
28011,LPLC2,left,23349,LPLC2,left,2
28011,LPLC2,left,23550,LPLC2,left,2
34407,LPLC2,left,32737,LPLC2,left,2
37925,LPLC2,right,19842,LPLC2,right,2
28011,LPLC2,left,25572,LPLC2,left,2
31988,LPLC2,right,33694,LPLC2,right,2
28011,LPLC2,left,26416,LPLC2,left,2
28011,LPLC2,left,27023,LPLC2,left,2
28011,LPLC2,left,27399,LPLC2,left,2
12032,LC4,left,518439,LC4,left,2
31988,LPLC2,right,33185,LPLC2,right,2
28011,LPLC2,left,27716,LPLC2,left,2
31988,LPLC2,right,33185,LPLC2,right,2
31988,LPLC2,right,33185,LPLC2,right,2
31988,LPLC2,right,31964,LPLC2,right,2
28011,LPLC2,left,29753,LPLC2,left,2
31988,LPLC2,right,29183,LPLC2,right,2
28011,LPLC2,left,29955,LPLC2,left,2
14102,LPLC2,left,23919,LPLC2,left,2
34407,LPLC2,left,40811,LPLC2,left,2
28011,LPLC2,left,33406,LPLC2,left,2
533129,LC4,left,535341,LC4,left,2
31988,LPLC2,right,23590,LPLC2,right,2
28011,LPLC2,left,35294,LPLC2,left,2
31308,LC4,left,17270,LC4,left,2
28741,LPLC2,right,14465,LPLC2,right,2
28741,LPLC2,right,17551,LPLC2,right,2
30938,LPLC2,right,25511,LPLC2,right,2
30938,LPLC2,right,24268,LPLC2,right,2
28945,LC4,right,38065,LC4,right,2
30938,LPLC2,right,25253,LPLC2,right,2
13764,LPLC2,left,536444,LPLC2,left,2
30938,LPLC2,right,25267,LPLC2,right,2
30938,LPLC2,right,25511,LPLC2,right,2
28945,LC4,right,30803,LC4,right,2
28871,LPLC2,right,34681,LPLC2,right,2
28945,LC4,right,30803,LC4,right,2
30938,LPLC2,right,25636,LPLC2,right,2
28945,LC4,right,30480,LC4,right,2
28945,LC4,right,29563,LC4,right,2
14030,LPLC2,left,11498,LPLC2,left,2
37587,LC4,left,27750,LC4,left,2
12384,LPLC2,left,23665,LPLC2,left,2
34681,LPLC2,right,55627,LPLC2,right,2
30938,LPLC2,right,22328,LC4,right,2
30938,LPLC2,right,22218,LPLC2,right,2
28980,LC4,left,15018,LC4,left,2
12384,LPLC2,left,24308,LPLC2,left,2
28980,LC4,left,16917,LC4,left,2
34845,LC4,left,12349,LC4,left,2
12384,LPLC2,left,24568,LPLC2,left,2
30938,LPLC2,right,20749,LPLC2,right,2
30938,LPLC2,right,20182,LPLC2,right,2
30938,LPLC2,right,20103,LPLC2,right,2
30938,LPLC2,right,19034,LPLC2,right,2
13764,LPLC2,left,526286,LC4,left,2
34845,LC4,left,20572,LC4,left,2
28980,LC4,left,20976,LC4,left,2
34845,LC4,left,21721,LC4,left,2
30938,LPLC2,right,28044,LPLC2,right,2
30938,LPLC2,right,29014,LPLC2,right,2
533895,LPLC2,left,23247,LPLC2,left,2
30938,LPLC2,right,34681,LPLC2,right,2
31105,LPLC2,left,14888,LC4,left,2
34681,LPLC2,right,33185,LPLC2,right,2
31105,LPLC2,left,13132,LPLC2,left,2
31105,LPLC2,left,12384,LPLC2,left,2
28871,LPLC2,right,37431,LPLC2,right,2
12384,LPLC2,left,22253,LPLC2,left,2
28871,LPLC2,right,37925,LPLC2,right,2
14030,LPLC2,left,17880,LPLC2,left,2
37587,LC4,left,35262,LC4,left,2
34681,LPLC2,right,33694,LPLC2,right,2
30938,LPLC2,right,35838,LPLC2,right,2
14030,LPLC2,left,17775,LPLC2,left,2
533895,LPLC2,left,22772,LC4,left,2
28945,LC4,right,17364,LC4,right,2
28945,LC4,right,18189,LC4,right,2
30938,LPLC2,right,29287,LPLC2,right,2
28945,LC4,right,19543,LC4,right,2
30938,LPLC2,right,33694,LPLC2,right,2
30938,LPLC2,right,33185,LPLC2,right,2
28945,LC4,right,20282,LC4,right,2
28945,LC4,right,20399,LC4,right,2
28945,LC4,right,20808,LC4,right,2
28945,LC4,right,21151,LC4,right,2
28945,LC4,right,21225,LC4,right,2
37587,LC4,left,29469,LC4,left,2
30938,LPLC2,right,31964,LPLC2,right,2
28945,LC4,right,21336,LC4,right,2
12384,LPLC2,left,22557,LPLC2,left,2
12384,LPLC2,left,23202,LC4,left,2
30938,LPLC2,right,29391,LPLC2,right,2
12384,LPLC2,left,25027,LPLC2,left,2
28980,LC4,left,23226,LC4,left,2
34845,LC4,left,22772,LC4,left,2
30895,LPLC2,left,20799,LPLC2,left,2
37431,LPLC2,right,34110,LPLC2,right,2
37431,LPLC2,right,33694,LPLC2,right,2
535341,LC4,left,33137,LC4,left,2
30895,LPLC2,left,25575,LPLC2,left,2
29014,LPLC2,right,19260,LC4,right,2
30895,LPLC2,left,25524,LPLC2,left,2
29014,LPLC2,right,19543,LC4,right,2
12384,LPLC2,left,28188,LPLC2,left,2
30895,LPLC2,left,23665,LPLC2,left,2
34845,LC4,left,517752,LC4,left,2
29014,LPLC2,right,19608,LPLC2,right,2
37431,LPLC2,right,32507,LPLC2,right,2
34845,LC4,left,518983,LC4,left,2
30895,LPLC2,left,22253,LPLC2,left,2
30895,LPLC2,left,19911,LPLC2,left,2
37431,LPLC2,right,34372,LPLC2,right,2
34845,LC4,left,519931,LC4,left,2
30895,LPLC2,left,13764,LPLC2,left,2
535341,LC4,left,31308,LC4,left,2
29014,LPLC2,right,20334,LPLC2,right,2
35262,LC4,left,12349,LC4,left,2
29014,LPLC2,right,20535,LPLC2,right,2
30893,LPLC2,left,518731,LPLC2,left,2
29014,LPLC2,right,20694,LPLC2,right,2
30893,LPLC2,left,100103,LPLC2,left,2
30893,LPLC2,left,40841,LPLC2,left,2
29014,LPLC2,right,21151,LC4,right,2
30893,LPLC2,left,33965,LPLC2,left,2
30893,LPLC2,left,31563,LPLC2,left,2
30893,LPLC2,left,31105,LPLC2,left,2
29014,LPLC2,right,19034,LPLC2,right,2
34845,LC4,left,111787,LC4,left,2
34845,LC4,left,22922,LC4,left,2
30895,LPLC2,left,32237,LPLC2,left,2
30895,LPLC2,left,526286,LC4,left,2
30895,LPLC2,left,525844,LPLC2,left,2
28980,LC4,left,27829,LC4,left,2
30895,LPLC2,left,520764,LPLC2,left,2
30895,LPLC2,left,518731,LPLC2,left,2
30895,LPLC2,left,518439,LC4,left,2
28980,LC4,left,29469,LC4,left,2
12384,LPLC2,left,25524,LPLC2,left,2
13764,LPLC2,left,525844,LPLC2,left,2
28980,LC4,left,31429,LC4,left,2
30895,LPLC2,left,134521,LPLC2,left,2
30895,LPLC2,left,41097,LPLC2,left,2
535341,LC4,left,35616,LC4,left,2
30895,LPLC2,left,33406,LPLC2,left,2
37431,LPLC2,right,55627,LPLC2,right,2
29014,LPLC2,right,17987,LC4,right,2
28980,LC4,left,512366,LC4,left,2
535341,LC4,left,34845,LC4,left,2
28980,LC4,left,514508,LC4,left,2
12384,LPLC2,left,27716,LPLC2,left,2
28980,LC4,left,518730,LC4,left,2
28980,LC4,left,519650,LC4,left,2
34845,LC4,left,81112,LC4,left,2
28980,LC4,left,526286,LC4,left,2
28980,LC4,left,532254,LC4,left,2
37431,LPLC2,right,35889,LPLC2,right,2
13764,LPLC2,left,517079,LPLC2,left,2
37431,LPLC2,right,35632,LPLC2,right,2
30895,LPLC2,left,28188,LPLC2,left,2
30895,LPLC2,left,27796,LPLC2,left,2
34681,LPLC2,right,31964,LPLC2,right,2
34681,LPLC2,right,29986,LPLC2,right,2
31308,LC4,left,12032,LC4,left,2
31262,LC4,right,20282,LC4,right,2
37613,LPLC2,right,20471,LPLC2,right,2
34681,LPLC2,right,20103,LPLC2,right,2
533895,LPLC2,left,19830,LPLC2,left,2
37613,LPLC2,right,20535,LPLC2,right,2
34681,LPLC2,right,19842,LPLC2,right,2
31262,LC4,right,19794,LC4,right,2
31262,LC4,right,20808,LC4,right,2
28871,LPLC2,right,33396,LPLC2,right,2
31262,LC4,right,22328,LC4,right,2
28741,LPLC2,right,27566,LPLC2,right,2
34681,LPLC2,right,19034,LPLC2,right,2
31262,LC4,right,23792,LC4,right,2
28741,LPLC2,right,27471,LPLC2,right,2
31262,LC4,right,23929,LC4,right,2
31262,LC4,right,17266,LC4,right,2
31262,LC4,right,16138,LC4,right,2
31262,LC4,right,10584,DNp06,right,2
535341,LC4,left,517752,LC4,left,2
31257,LPLC2,right,50287,LPLC2,right,2
31257,LPLC2,right,38542,LPLC2,right,2
31257,LPLC2,right,37925,LPLC2,right,2
31257,LPLC2,right,37431,LPLC2,right,2
12384,LPLC2,left,15804,LPLC2,left,2
533895,LPLC2,left,19911,LPLC2,left,2
31257,LPLC2,right,35632,LPLC2,right,2
34681,LPLC2,right,20535,LPLC2,right,2
31257,LPLC2,right,34681,LPLC2,right,2
31257,LPLC2,right,34372,LPLC2,right,2
34681,LPLC2,right,20584,LPLC2,right,2
31257,LPLC2,right,33694,LPLC2,right,2
12384,LPLC2,left,17340,LC4,left,2
31262,LC4,right,25584,LC4,right,2
12384,LPLC2,left,14102,LPLC2,left,2
37613,LPLC2,right,20588,LC4,right,2
28741,LPLC2,right,21045,LPLC2,right,2
31308,LC4,left,10228,DNp06,left,2
31301,LC4,left,535341,LC4,left,2
31301,LC4,left,533129,LC4,left,2
535341,LC4,left,519931,LC4,left,2
31301,LC4,left,520449,LC4,left,2
31301,LC4,left,518983,LC4,left,2
31301,LC4,left,518730,LC4,left,2
34655,LPLC2,left,515971,LPLC2,left,2
37613,LPLC2,right,22677,LPLC2,right,2
14030,LPLC2,left,28011,LPLC2,left,2
31301,LC4,left,517752,LC4,left,2
31301,LC4,left,514956,LC4,left,2
37613,LPLC2,right,21899,LPLC2,right,2
31301,LC4,left,77614,LC4,left,2
31301,LC4,left,31429,LC4,left,2
31262,LC4,right,30480,LC4,right,2
28741,LPLC2,right,21769,LPLC2,right,2
31301,LC4,left,29417,LC4,left,2
31301,LC4,left,28980,LC4,left,2
31301,LC4,left,27829,LC4,left,2
14030,LPLC2,left,27796,LPLC2,left,2
28741,LPLC2,right,22328,LC4,right,2
34655,LPLC2,left,533895,LPLC2,left,2
12349,LC4,left,524899,LC4,left,2
31301,LC4,left,17340,LC4,left,2
28741,LPLC2,right,25316,LPLC2,right,2
31301,LC4,left,12824,LC4,left,2
31301,LC4,left,12032,LC4,left,2
535341,LC4,left,518983,LC4,left,2
535341,LC4,left,518730,LC4,left,2
31257,LPLC2,right,31964,LPLC2,right,2
37613,LPLC2,right,20334,LPLC2,right,2
37613,LPLC2,right,19608,LPLC2,right,2
14030,LPLC2,left,22922,LC4,left,2
12384,LPLC2,left,17775,LPLC2,left,2
28871,LPLC2,right,22034,LC4,right,2
28871,LPLC2,right,22194,LC4,right,2
28871,LPLC2,right,22218,LPLC2,right,2
31105,LPLC2,left,525844,LPLC2,left,2
31105,LPLC2,left,518731,LPLC2,left,2
31105,LPLC2,left,517819,LPLC2,left,2
31105,LPLC2,left,515971,LPLC2,left,2
31105,LPLC2,left,514956,LC4,left,2
14030,LPLC2,left,23665,LPLC2,left,2
31105,LPLC2,left,111903,LPLC2,left,2
28871,LPLC2,right,24268,LPLC2,right,2
31105,LPLC2,left,100103,LPLC2,left,2
31105,LPLC2,left,34655,LPLC2,left,2
34681,LPLC2,right,28741,LPLC2,right,2
31257,LPLC2,right,17364,LC4,right,2
31105,LPLC2,left,29702,LPLC2,left,2
14030,LPLC2,left,22557,LPLC2,left,2
31105,LPLC2,left,27796,LPLC2,left,2
28871,LPLC2,right,26730,LPLC2,right,2
31105,LPLC2,left,27399,LPLC2,left,2
535341,LC4,left,514956,LC4,left,2
14030,LPLC2,left,21299,LPLC2,left,2
28871,LPLC2,right,29183,LPLC2,right,2
34681,LPLC2,right,29216,LPLC2,right,2
14030,LPLC2,left,20967,LC4,left,2
34681,LPLC2,right,29391,LPLC2,right,2
28871,LPLC2,right,31964,LPLC2,right,2
14030,LPLC2,left,19787,LPLC2,left,2
31105,LPLC2,left,23550,LPLC2,left,2
34681,LPLC2,right,25497,LPLC2,right,2
28871,LPLC2,right,21862,LPLC2,right,2
533895,LPLC2,left,21299,LPLC2,left,2
31257,LPLC2,right,23497,LPLC2,right,2
28741,LPLC2,right,34110,LPLC2,right,2
31257,LPLC2,right,25511,LPLC2,right,2
28741,LPLC2,right,35889,LPLC2,right,2
533895,LPLC2,left,21721,LC4,left,2
31257,LPLC2,right,24800,LPLC2,right,2
31257,LPLC2,right,24401,LPLC2,right,2
28741,LPLC2,right,55627,LPLC2,right,2
31257,LPLC2,right,24268,LPLC2,right,2
31257,LPLC2,right,24187,LPLC2,right,2
28871,LPLC2,right,17054,LC4,right,2
28871,LPLC2,right,17551,LPLC2,right,2
34681,LPLC2,right,21769,LPLC2,right,2
37613,LPLC2,right,19146,LPLC2,right,2
34681,LPLC2,right,21808,LPLC2,right,2
14030,LPLC2,left,24308,LPLC2,left,2
28871,LPLC2,right,21769,LPLC2,right,2
28871,LPLC2,right,19589,LPLC2,right,2
28871,LPLC2,right,19842,LPLC2,right,2
31257,LPLC2,right,20584,LPLC2,right,2
31257,LPLC2,right,20334,LPLC2,right,2
28871,LPLC2,right,20269,LPLC2,right,2
28871,LPLC2,right,20334,LPLC2,right,2
31257,LPLC2,right,20162,LPLC2,right,2
28871,LPLC2,right,20535,LPLC2,right,2
34681,LPLC2,right,22975,LC4,right,2
31257,LPLC2,right,19549,LPLC2,right,2
34681,LPLC2,right,24401,LPLC2,right,2
31257,LPLC2,right,19229,LPLC2,right,2
34681,LPLC2,right,25253,LPLC2,right,2
34681,LPLC2,right,25316,LPLC2,right,2
100103,LPLC2,left,35294,LPLC2,left,2
33965,LPLC2,left,27355,LPLC2,left,2
17653,LC4,left,23202,LC4,left,2
512366,LC4,left,18478,LC4,left,2
17608,LC4,left,31429,LC4,left,2
22557,LPLC2,left,12384,LPLC2,left,2
18900,LPLC2,left,21361,LPLC2,left,2
22328,LC4,right,30803,LC4,right,2
20182,LPLC2,right,31988,LPLC2,right,2
512366,LC4,left,14888,LC4,left,2
20182,LPLC2,right,33185,LPLC2,right,2
20182,LPLC2,right,33439,LPLC2,right,2
512366,LC4,left,17608,LC4,left,2
22328,LC4,right,22975,LC4,right,2
17608,LC4,left,517752,LC4,left,2
18900,LPLC2,left,17880,LPLC2,left,2
20182,LPLC2,right,33694,LPLC2,right,2
20182,LPLC2,right,34110,LPLC2,right,2
512366,LC4,left,29417,LC4,left,2
20182,LPLC2,right,35838,LPLC2,right,2
22328,LC4,right,20542,LC4,right,2
22328,LC4,right,20016,LC4,right,2
22328,LC4,right,19794,LC4,right,2
18900,LPLC2,left,19787,LPLC2,left,2
22328,LC4,right,19260,LC4,right,2
22328,LC4,right,18127,LC4,right,2
20182,LPLC2,right,30938,LPLC2,right,2
22557,LPLC2,left,17544,LPLC2,left,2
22557,LPLC2,left,19911,LPLC2,left,2
22557,LPLC2,left,21299,LPLC2,left,2
17551,LPLC2,right,35889,LPLC2,right,2
20182,LPLC2,right,25511,LPLC2,right,2
20182,LPLC2,right,25584,LC4,right,2
17551,LPLC2,right,38542,LPLC2,right,2
17551,LPLC2,right,50287,LPLC2,right,2
22557,LPLC2,left,40841,LPLC2,left,2
22557,LPLC2,left,33406,LPLC2,left,2
20182,LPLC2,right,26393,LPLC2,right,2
22557,LPLC2,left,31563,LPLC2,left,2
511914,LC4,left,526286,LC4,left,2
20182,LPLC2,right,28044,LPLC2,right,2
17608,LC4,left,10010,DNp01,left,2
17608,LC4,left,12032,LC4,left,2
22557,LPLC2,left,28188,LPLC2,left,2
20182,LPLC2,right,29183,LPLC2,right,2
17608,LC4,left,16809,LC4,left,2
20182,LPLC2,right,29873,LPLC2,right,2
22557,LPLC2,left,24308,LPLC2,left,2
22557,LPLC2,left,23550,LPLC2,left,2
17608,LC4,left,27624,LC4,left,2
22557,LPLC2,left,22253,LPLC2,left,2
18900,LPLC2,left,17990,LPLC2,left,2
525844,LPLC2,left,21299,LPLC2,left,2
17653,LC4,left,514956,LC4,left,2
22261,LPLC2,right,19146,LPLC2,right,2
22261,LPLC2,right,21769,LPLC2,right,2
22261,LPLC2,right,21336,LC4,right,2
22261,LPLC2,right,21318,LPLC2,right,2
22261,LPLC2,right,20749,LPLC2,right,2
22261,LPLC2,right,20694,LPLC2,right,2
22261,LPLC2,right,20269,LPLC2,right,2
14888,LC4,left,20976,LC4,left,2
518439,LC4,left,12032,LC4,left,2
22261,LPLC2,right,19549,LPLC2,right,2
18900,LPLC2,left,12824,LC4,left,2
22261,LPLC2,right,18929,LPLC2,right,2
22261,LPLC2,right,39620,LPLC2,right,2
22261,LPLC2,right,16628,LC4,right,2
20240,LPLC2,left,21299,LPLC2,left,2
20240,LPLC2,left,22772,LC4,left,2
17653,LC4,left,35262,LC4,left,2
17653,LC4,left,35616,LC4,left,2
512705,LC4,left,15018,LC4,left,2
20240,LPLC2,left,23202,LC4,left,2
22253,LPLC2,left,134521,LPLC2,left,2
18672,LPLC2,right,37431,LPLC2,right,2
20240,LPLC2,left,24308,LPLC2,left,2
22261,LPLC2,right,21899,LPLC2,right,2
17653,LC4,left,20976,LC4,left,2
22261,LPLC2,right,23590,LPLC2,right,2
17653,LC4,left,20967,LC4,left,2
22261,LPLC2,right,37431,LPLC2,right,2
17653,LC4,left,17270,LC4,left,2
17653,LC4,left,17340,LC4,left,2
22261,LPLC2,right,35632,LPLC2,right,2
22261,LPLC2,right,34372,LPLC2,right,2
22261,LPLC2,right,33439,LPLC2,right,2
22261,LPLC2,right,33185,LPLC2,right,2
22261,LPLC2,right,31988,LPLC2,right,2
512366,LC4,left,100485,LC4,left,2
22261,LPLC2,right,30207,LPLC2,right,2
22261,LPLC2,right,29986,LPLC2,right,2
22261,LPLC2,right,29873,LPLC2,right,2
22261,LPLC2,right,29598,LPLC2,right,2
22261,LPLC2,right,29183,LPLC2,right,2
18900,LPLC2,left,17544,LPLC2,left,2
525844,LPLC2,left,20329,LPLC2,left,2
22261,LPLC2,right,26915,LPLC2,right,2
22261,LPLC2,right,25636,LPLC2,right,2
22261,LPLC2,right,25511,LPLC2,right,2
22261,LPLC2,right,25316,LPLC2,right,2
512366,LC4,left,514508,LC4,left,2
18900,LPLC2,left,23665,LPLC2,left,2
20182,LPLC2,right,25316,LPLC2,right,2
20182,LPLC2,right,24401,LPLC2,right,2
518439,LC4,left,32597,LC4,left,2
22772,LC4,left,518439,LC4,left,2
17551,LPLC2,right,22966,LC4,right,2
22772,LC4,left,512705,LC4,left,2
511914,LC4,left,20440,LC4,left,2
20182,LPLC2,right,16128,LC4,right,2
518439,LC4,left,35262,LC4,left,2
511914,LC4,left,20859,LC4,left,2
22772,LC4,left,31429,LC4,left,2
22772,LC4,left,30087,LC4,left,2
20182,LPLC2,right,17364,LC4,right,2
20182,LPLC2,right,18189,LC4,right,2
20182,LPLC2,right,24401,LPLC2,right,2
520764,LPLC2,left,40811,LPLC2,left,2
22772,LC4,left,23919,LPLC2,left,2
18900,LPLC2,left,27399,LPLC2,left,2
22772,LC4,left,23226,LC4,left,2
22772,LC4,left,20967,LC4,left,2
22772,LC4,left,20859,LC4,left,2
17551,LPLC2,right,25267,LPLC2,right,2
17551,LPLC2,right,25316,LPLC2,right,2
22772,LC4,left,17478,LC4,left,2
20182,LPLC2,right,19549,LPLC2,right,2
22772,LC4,left,518983,LC4,left,2
17551,LPLC2,right,21562,LPLC2,right,2
518439,LC4,left,35616,LC4,left,2
20182,LPLC2,right,10584,DNp06,right,2
20162,LPLC2,right,33439,LPLC2,right,2
22847,LC4,right,26112,LC4,right,2
22847,LC4,right,24187,LPLC2,right,2
134521,LPLC2,left,521115,LPLC2,left,2
17551,LPLC2,right,20162,LPLC2,right,2
525844,LPLC2,left,29319,LPLC2,left,2
20162,LPLC2,right,33694,LPLC2,right,2
20162,LPLC2,right,35680,LPLC2,right,2
22847,LC4,right,21165,LC4,right,2
20162,LPLC2,right,35889,LPLC2,right,2
17551,LPLC2,right,20749,LPLC2,right,2
22847,LC4,right,19260,LC4,right,2
22847,LC4,right,18127,LC4,right,2
511914,LC4,left,14888,LC4,left,2
511914,LC4,left,16917,LC4,left,2
22847,LC4,right,17266,LC4,right,2
20162,LPLC2,right,38542,LPLC2,right,2
20162,LPLC2,right,50287,LPLC2,right,2
22847,LC4,right,16138,LC4,right,2
22847,LC4,right,16128,LC4,right,2
22847,LC4,right,10584,DNp06,right,2
22772,LC4,left,16809,LC4,left,2
18900,LPLC2,left,26416,LPLC2,left,2
18900,LPLC2,left,25575,LPLC2,left,2
22677,LPLC2,right,21769,LPLC2,right,2
22677,LPLC2,right,21562,LPLC2,right,2
511914,LC4,left,514508,LC4,left,2
22677,LPLC2,right,20917,LC4,right,2
22677,LPLC2,right,20808,LC4,right,2
22677,LPLC2,right,20535,LPLC2,right,2
22677,LPLC2,right,20471,LPLC2,right,2
22677,LPLC2,right,20269,LPLC2,right,2
22677,LPLC2,right,20182,LPLC2,right,2
22677,LPLC2,right,20162,LPLC2,right,2
22677,LPLC2,right,19794,LC4,right,2
22677,LPLC2,right,19634,LC4,right,2
511914,LC4,left,518016,LC4,left,2
520764,LPLC2,left,129687,LPLC2,left,2
22677,LPLC2,right,19034,LPLC2,right,2
525844,LPLC2,left,26416,LPLC2,left,2
18900,LPLC2,left,24308,LPLC2,left,2
17551,LPLC2,right,34372,LPLC2,right,2
22677,LPLC2,right,17926,LC4,right,2
20182,LPLC2,right,24187,LPLC2,right,2
22677,LPLC2,right,17054,LC4,right,2
520764,LPLC2,left,134521,LPLC2,left,2
17551,LPLC2,right,29183,LPLC2,right,2
22677,LPLC2,right,21808,LPLC2,right,2
18900,LPLC2,left,25572,LPLC2,left,2
17551,LPLC2,right,29014,LPLC2,right,2
17551,LPLC2,right,26393,LPLC2,right,2
525844,LPLC2,left,27716,LPLC2,left,2
22677,LPLC2,right,50287,LPLC2,right,2
20182,LPLC2,right,20269,LPLC2,right,2
20182,LPLC2,right,20334,LPLC2,right,2
17551,LPLC2,right,27471,LPLC2,right,2
20182,LPLC2,right,20471,LPLC2,right,2
22677,LPLC2,right,33396,LPLC2,right,2
518439,LC4,left,30895,LPLC2,left,2
518439,LC4,left,30087,LC4,left,2
22677,LPLC2,right,30938,LPLC2,right,2
22677,LPLC2,right,30207,LPLC2,right,2
22677,LPLC2,right,29873,LPLC2,right,2
22677,LPLC2,right,29598,LPLC2,right,2
22677,LPLC2,right,29183,LPLC2,right,2
22677,LPLC2,right,26147,LPLC2,right,2
511914,LC4,left,111787,LC4,left,2
17551,LPLC2,right,28871,LPLC2,right,2
22677,LPLC2,right,24118,LPLC2,right,2
22677,LPLC2,right,23590,LPLC2,right,2
18900,LPLC2,left,25209,LPLC2,left,2
17653,LC4,left,514508,LC4,left,2
22253,LPLC2,left,40841,LPLC2,left,2
22847,LC4,right,30480,LC4,right,2
518016,LC4,left,33137,LC4,left,2
17774,LPLC2,left,18900,LPLC2,left,2
21899,LPLC2,right,31964,LPLC2,right,2
518016,LC4,left,81112,LC4,left,2
21899,LPLC2,right,31257,LPLC2,right,2
21899,LPLC2,right,30938,LPLC2,right,2
20269,LPLC2,right,24118,LPLC2,right,2
514508,LC4,left,28980,LC4,left,2
20269,LPLC2,right,24800,LPLC2,right,2
20269,LPLC2,right,25253,LPLC2,right,2
514508,LC4,left,31308,LC4,left,2
21899,LPLC2,right,28003,LPLC2,right,2
20269,LPLC2,right,29391,LPLC2,right,2
20269,LPLC2,right,27566,LPLC2,right,2
21899,LPLC2,right,27471,LPLC2,right,2
21899,LPLC2,right,26730,LPLC2,right,2
514508,LC4,left,34845,LC4,left,2
21899,LPLC2,right,25636,LPLC2,right,2
21899,LPLC2,right,25497,LPLC2,right,2
21899,LPLC2,right,25253,LPLC2,right,2
20269,LPLC2,right,29014,LPLC2,right,2
21899,LPLC2,right,24187,LPLC2,right,2
21899,LPLC2,right,23878,LPLC2,right,2
20269,LPLC2,right,22677,LPLC2,right,2
514508,LC4,left,23226,LC4,left,2
21899,LPLC2,right,35838,LPLC2,right,2
21899,LPLC2,right,37613,LPLC2,right,2
22034,LC4,right,29563,LC4,right,2
22034,LC4,right,26112,LC4,right,2
17774,LPLC2,left,14102,LPLC2,left,2
520764,LPLC2,left,526286,LC4,left,2
20269,LPLC2,right,19842,LPLC2,right,2
18672,LPLC2,right,26915,LPLC2,right,2
514508,LC4,left,17270,LC4,left,2
22034,LC4,right,22847,LC4,right,2
18672,LPLC2,right,26393,LPLC2,right,2
22034,LC4,right,22328,LC4,right,2
20269,LPLC2,right,20694,LPLC2,right,2
22034,LC4,right,21225,LC4,right,2
514508,LC4,left,17608,LC4,left,2
514508,LC4,left,18432,LC4,left,2
22034,LC4,right,19550,LC4,right,2
22034,LC4,right,18189,LC4,right,2
18672,LPLC2,right,25511,LPLC2,right,2
20269,LPLC2,right,21899,LPLC2,right,2
20269,LPLC2,right,22194,LC4,right,2
22034,LC4,right,17860,LC4,right,2
514508,LC4,left,23202,LC4,left,2
21899,LPLC2,right,23590,LPLC2,right,2
21899,LPLC2,right,23497,LPLC2,right,2
22253,LPLC2,left,40811,LPLC2,left,2
21862,LPLC2,right,28003,LPLC2,right,2
524899,LC4,left,107513,LC4,left,2
518016,LC4,left,28980,LC4,left,2
514508,LC4,left,515476,LC4,left,2
21862,LPLC2,right,37613,LPLC2,right,2
21862,LPLC2,right,35838,LPLC2,right,2
21862,LPLC2,right,30207,LPLC2,right,2
20269,LPLC2,right,527408,LC4,right,2
21862,LPLC2,right,29391,LPLC2,right,2
21862,LPLC2,right,28871,LPLC2,right,2
17774,LPLC2,left,27796,LPLC2,left,2
17774,LPLC2,left,28011,LPLC2,left,2
21899,LPLC2,right,23098,LC4,right,2
21862,LPLC2,right,26730,LPLC2,right,2
17774,LPLC2,left,28188,LPLC2,left,2
20282,LC4,right,17548,LC4,right,2
518016,LC4,left,20967,LC4,left,2
21862,LPLC2,right,24401,LPLC2,right,2
21862,LPLC2,right,23878,LPLC2,right,2
17774,LPLC2,left,29753,LPLC2,left,2
514508,LC4,left,533129,LC4,left,2
21862,LPLC2,right,21703,LPLC2,right,2
518016,LC4,left,20859,LC4,left,2
524899,LC4,left,111787,LC4,left,2
17774,LPLC2,left,25854,LPLC2,left,2
21899,LPLC2,right,16128,LC4,right,2
20269,LPLC2,right,35632,LPLC2,right,2
21899,LPLC2,right,22677,LPLC2,right,2
21899,LPLC2,right,22677,LPLC2,right,2
21899,LPLC2,right,21808,LPLC2,right,2
20269,LPLC2,right,29873,LPLC2,right,2
518016,LC4,left,31429,LC4,left,2
21899,LPLC2,right,21769,LPLC2,right,2
17774,LPLC2,left,20799,LPLC2,left,2
514508,LC4,left,77614,LC4,left,2
21899,LPLC2,right,20584,LPLC2,right,2
514508,LC4,left,81112,LC4,left,2
20269,LPLC2,right,31257,LPLC2,right,2
17774,LPLC2,left,23349,LPLC2,left,2
20269,LPLC2,right,33396,LPLC2,right,2
514508,LC4,left,111787,LC4,left,2
17774,LPLC2,left,23665,LPLC2,left,2
17774,LPLC2,left,24523,LC4,left,2
21899,LPLC2,right,18189,LC4,right,2
524899,LC4,left,511914,LC4,left,2
17774,LPLC2,left,25575,LPLC2,left,2
21899,LPLC2,right,17054,LC4,right,2
21899,LPLC2,right,16628,LC4,right,2
18672,LPLC2,right,27566,LPLC2,right,2
17774,LPLC2,left,14030,LPLC2,left,2
518016,LC4,left,516909,LC4,left,2
17668,LC4,right,19589,LPLC2,right,2
22253,LPLC2,left,22557,LPLC2,left,2
22253,LPLC2,left,21361,LPLC2,left,2
20240,LPLC2,left,33406,LPLC2,left,2
22253,LPLC2,left,18936,LPLC2,left,2
22253,LPLC2,left,17990,LPLC2,left,2
20240,LPLC2,left,33965,LPLC2,left,2
22253,LPLC2,left,17544,LPLC2,left,2
20240,LPLC2,left,34655,LPLC2,left,2
22253,LPLC2,left,12384,LPLC2,left,2
20240,LPLC2,left,81112,LC4,left,2
22218,LPLC2,right,38542,LPLC2,right,2
514508,LC4,left,15018,LC4,left,2
22218,LPLC2,right,35838,LPLC2,right,2
22218,LPLC2,right,34681,LPLC2,right,2
22218,LPLC2,right,34372,LPLC2,right,2
22218,LPLC2,right,33694,LPLC2,right,2
18672,LPLC2,right,30938,LPLC2,right,2
512705,LC4,left,29469,LC4,left,2
22218,LPLC2,right,29873,LPLC2,right,2
20240,LPLC2,left,100103,LPLC2,left,2
22218,LPLC2,right,28741,LPLC2,right,2
17668,LC4,right,20016,LC4,right,2
22253,LPLC2,left,23226,LC4,left,2
22253,LPLC2,left,23247,LPLC2,left,2
20240,LPLC2,left,29955,LPLC2,left,2
17653,LC4,left,533129,LC4,left,2
20240,LPLC2,left,24840,LPLC2,left,2
22253,LPLC2,left,30893,LPLC2,left,2
22253,LPLC2,left,30512,LPLC2,left,2
20240,LPLC2,left,26528,LPLC2,left,2
22253,LPLC2,left,29955,LPLC2,left,2
22253,LPLC2,left,29753,LPLC2,left,2
525844,LPLC2,left,17880,LPLC2,left,2
20240,LPLC2,left,27796,LPLC2,left,2
22253,LPLC2,left,28188,LPLC2,left,2
512705,LC4,left,20440,LC4,left,2
20240,LPLC2,left,28188,LPLC2,left,2
17653,LC4,left,518730,LC4,left,2
22253,LPLC2,left,27355,LPLC2,left,2
525844,LPLC2,left,17775,LPLC2,left,2
22253,LPLC2,left,25572,LPLC2,left,2
22253,LPLC2,left,25136,LPLC2,left,2
22253,LPLC2,left,25027,LPLC2,left,2
525844,LPLC2,left,17544,LPLC2,left,2
20240,LPLC2,left,29702,LPLC2,left,2
17653,LC4,left,532254,LC4,left,2
17653,LC4,left,533129,LC4,left,2
525844,LPLC2,left,13132,LPLC2,left,2
22218,LPLC2,right,25584,LC4,right,2
18672,LPLC2,right,29986,LPLC2,right,2
17668,LC4,right,21287,LC4,right,2
22194,LC4,right,30803,LC4,right,2
22194,LC4,right,29563,LC4,right,2
512705,LC4,left,518730,LC4,left,2
20240,LPLC2,left,526286,LC4,left,2
524899,LC4,left,533129,LC4,left,2
22194,LC4,right,23392,LC4,right,2
18672,LPLC2,right,28871,LPLC2,right,2
524899,LC4,left,526286,LC4,left,2
22194,LC4,right,21287,LC4,right,2
20269,LPLC2,right,16628,LC4,right,2
22194,LC4,right,21165,LC4,right,2
22194,LC4,right,20808,LC4,right,2
20269,LPLC2,right,17054,LC4,right,2
524899,LC4,left,519931,LC4,left,2
22194,LC4,right,19954,LC4,right,2
17668,LC4,right,527408,LC4,right,2
22194,LC4,right,19260,LC4,right,2
514508,LC4,left,12032,LC4,left,2
22194,LC4,right,18127,LC4,right,2
22194,LC4,right,17364,LC4,right,2
18672,LPLC2,right,28003,LPLC2,right,2
22194,LC4,right,527408,LC4,right,2
20240,LPLC2,left,520764,LPLC2,left,2
20240,LPLC2,left,129687,LPLC2,left,2
512705,LC4,left,517752,LC4,left,2
22218,LPLC2,right,25316,LPLC2,right,2
512705,LC4,left,35616,LC4,left,2
22218,LPLC2,right,23497,LPLC2,right,2
20240,LPLC2,left,514670,LPLC2,left,2
17668,LC4,right,20917,LC4,right,2
520764,LPLC2,left,525844,LPLC2,left,2
22218,LPLC2,right,21336,LC4,right,2
17668,LC4,right,21165,LC4,right,2
22218,LPLC2,right,21045,LPLC2,right,2
22218,LPLC2,right,20749,LPLC2,right,2
22218,LPLC2,right,20584,LPLC2,right,2
512705,LC4,left,111787,LC4,left,2
22218,LPLC2,right,20471,LPLC2,right,2
512705,LC4,left,514508,LC4,left,2
22218,LPLC2,right,20103,LPLC2,right,2
22218,LPLC2,right,19608,LPLC2,right,2
18672,LPLC2,right,29216,LPLC2,right,2
22218,LPLC2,right,19420,LC4,right,2
22218,LPLC2,right,19146,LPLC2,right,2
22218,LPLC2,right,19034,LPLC2,right,2
18672,LPLC2,right,29183,LPLC2,right,2
20162,LPLC2,right,33396,LPLC2,right,2
134521,LPLC2,left,517819,LPLC2,left,2
23792,LC4,right,21165,LC4,right,2
23497,LPLC2,right,29183,LPLC2,right,2
23550,LPLC2,left,11498,LPLC2,left,2
20047,LPLC2,right,19549,LPLC2,right,2
23497,LPLC2,right,55627,LPLC2,right,2
20047,LPLC2,right,20016,LC4,right,2
23497,LPLC2,right,37431,LPLC2,right,2
20047,LPLC2,right,20103,LPLC2,right,2
17478,LC4,left,20859,LC4,left,2
23497,LPLC2,right,30938,LPLC2,right,2
518544,LC4,left,111787,LC4,left,2
23497,LPLC2,right,29986,LPLC2,right,2
23497,LPLC2,right,27566,LPLC2,right,2
526286,LC4,left,20967,LC4,left,2
20047,LPLC2,right,20584,LPLC2,right,2
20047,LPLC2,right,20694,LPLC2,right,2
129687,LPLC2,left,13764,LPLC2,left,2
20047,LPLC2,right,22677,LPLC2,right,2
23497,LPLC2,right,25316,LPLC2,right,2
23497,LPLC2,right,24800,LPLC2,right,2
23497,LPLC2,right,24187,LPLC2,right,2
129687,LPLC2,left,14102,LPLC2,left,2
23497,LPLC2,right,21318,LPLC2,right,2
17478,LC4,left,29417,LC4,left,2
18929,LPLC2,right,21808,LPLC2,right,2
23550,LPLC2,left,13726,LPLC2,left,2
112292,LPLC2,left,524366,LPLC2,left,2
23550,LPLC2,left,16917,LC4,left,2
23550,LPLC2,left,111903,LPLC2,left,2
112292,LPLC2,left,34407,LPLC2,left,2
23550,LPLC2,left,95241,LPLC2,left,2
112292,LPLC2,left,40811,LPLC2,left,2
112292,LPLC2,left,95241,LPLC2,left,2
23550,LPLC2,left,32237,LPLC2,left,2
112292,LPLC2,left,129687,LPLC2,left,2
23550,LPLC2,left,29702,LPLC2,left,2
112292,LPLC2,left,134521,LPLC2,left,2
520764,LPLC2,left,27716,LPLC2,left,2
112292,LPLC2,left,516909,LC4,left,2
17478,LC4,left,12032,LC4,left,2
520764,LPLC2,left,27796,LPLC2,left,2
23550,LPLC2,left,25209,LPLC2,left,2
18929,LPLC2,right,21862,LPLC2,right,2
23550,LPLC2,left,23665,LPLC2,left,2
20047,LPLC2,right,19146,LPLC2,right,2
23550,LPLC2,left,22253,LPLC2,left,2
23550,LPLC2,left,20799,LPLC2,left,2
23550,LPLC2,left,20329,LPLC2,left,2
23550,LPLC2,left,19787,LPLC2,left,2
20047,LPLC2,right,23878,LPLC2,right,2
18929,LPLC2,right,20749,LPLC2,right,2
518544,LC4,left,23226,LC4,left,2
23392,LC4,right,16628,LC4,right,2
23392,LC4,right,19550,LC4,right,2
129687,LPLC2,left,21361,LPLC2,left,2
23392,LC4,right,19260,LC4,right,2
518544,LC4,left,28980,LC4,left,2
23392,LC4,right,18189,LC4,right,2
23392,LC4,right,17987,LC4,right,2
518544,LC4,left,27750,LC4,left,2
23392,LC4,right,17926,LC4,right,2
23392,LC4,right,17668,LC4,right,2
17478,LC4,left,516909,LC4,left,2
129687,LPLC2,left,23247,LPLC2,left,2
18929,LPLC2,right,20694,LPLC2,right,2
17478,LC4,left,518544,LC4,left,2
526286,LC4,left,17340,LC4,left,2
23349,LPLC2,left,519650,LC4,left,2
17478,LC4,left,518730,LC4,left,2
129687,LPLC2,left,23349,LPLC2,left,2
17478,LC4,left,519650,LC4,left,2
23349,LPLC2,left,516909,LC4,left,2
17478,LC4,left,532254,LC4,left,2
129687,LPLC2,left,24308,LPLC2,left,2
20047,LPLC2,right,32507,LPLC2,right,2
18929,LPLC2,right,20535,LPLC2,right,2
23392,LC4,right,19634,LC4,right,2
518544,LC4,left,29469,LC4,left,2
23392,LC4,right,20917,LC4,right,2
20047,LPLC2,right,25316,LPLC2,right,2
23497,LPLC2,right,19146,LPLC2,right,2
23497,LPLC2,right,18929,LPLC2,right,2
526286,LC4,left,20240,LPLC2,left,2
23497,LPLC2,right,17266,LC4,right,2
17478,LC4,left,81112,LC4,left,2
23392,LC4,right,527408,LC4,right,2
518544,LC4,left,35616,LC4,left,2
20047,LPLC2,right,26730,LPLC2,right,2
23392,LC4,right,38065,LC4,right,2
129687,LPLC2,left,19830,LPLC2,left,2
23392,LC4,right,29563,LC4,right,2
129687,LPLC2,left,19911,LPLC2,left,2
129687,LPLC2,left,20329,LPLC2,left,2
17478,LC4,left,100485,LC4,left,2
23392,LC4,right,22975,LC4,right,2
23392,LC4,right,22847,LC4,right,2
23392,LC4,right,22034,LC4,right,2
20047,LPLC2,right,27471,LPLC2,right,2
526286,LC4,left,18432,LC4,left,2
23392,LC4,right,21165,LC4,right,2
23550,LPLC2,left,514670,LPLC2,left,2
518544,LC4,left,514508,LC4,left,2
23550,LPLC2,left,517079,LPLC2,left,2
18929,LPLC2,right,28044,LPLC2,right,2
23665,LPLC2,left,35262,LC4,left,2
23665,LPLC2,left,33965,LPLC2,left,2
23665,LPLC2,left,33303,LPLC2,left,2
112292,LPLC2,left,21299,LPLC2,left,2
23665,LPLC2,left,30893,LPLC2,left,2
23665,LPLC2,left,27023,LPLC2,left,2
23665,LPLC2,left,26416,LPLC2,left,2
17364,LC4,right,18127,LC4,right,2
112292,LPLC2,left,23247,LPLC2,left,2
520764,LPLC2,left,25575,LPLC2,left,2
17364,LC4,right,20016,LC4,right,2
20016,LC4,right,25584,LC4,right,2
20016,LC4,right,17668,LC4,right,2
23665,LPLC2,left,20240,LPLC2,left,2
112292,LPLC2,left,24568,LPLC2,left,2
23665,LPLC2,left,19830,LPLC2,left,2
23665,LPLC2,left,19787,LPLC2,left,2
20016,LC4,right,17926,LC4,right,2
23665,LPLC2,left,18900,LPLC2,left,2
23665,LPLC2,left,17880,LPLC2,left,2
23665,LPLC2,left,17775,LPLC2,left,2
20016,LC4,right,18127,LC4,right,2
112292,LPLC2,left,20859,LC4,left,2
23665,LPLC2,left,111787,LC4,left,2
23665,LPLC2,left,111903,LPLC2,left,2
23665,LPLC2,left,512705,LC4,left,2
23792,LC4,right,20542,LC4,right,2
17340,LC4,left,520449,LC4,left,2
17340,LC4,left,524899,LC4,left,2
112292,LPLC2,left,17774,LPLC2,left,2
17340,LC4,left,526286,LC4,left,2
112292,LPLC2,left,18900,LPLC2,left,2
23792,LC4,right,17548,LC4,right,2
518730,LC4,left,16809,LC4,left,2
518730,LC4,left,15018,LC4,left,2
23792,LC4,right,16628,LC4,right,2
112292,LPLC2,left,19787,LPLC2,left,2
17340,LC4,left,535341,LC4,left,2
17364,LC4,right,10584,DNp06,right,2
112292,LPLC2,left,19830,LPLC2,left,2
23665,LPLC2,left,533895,LPLC2,left,2
112292,LPLC2,left,20329,LPLC2,left,2
23665,LPLC2,left,520764,LPLC2,left,2
112292,LPLC2,left,20329,LPLC2,left,2
112292,LPLC2,left,20572,LC4,left,2
23665,LPLC2,left,515971,LPLC2,left,2
23665,LPLC2,left,514670,LPLC2,left,2
23665,LPLC2,left,17544,LPLC2,left,2
112292,LPLC2,left,24605,LPLC2,left,2
23665,LPLC2,left,14102,LPLC2,left,2
518544,LC4,left,518983,LC4,left,2
17364,LC4,right,23098,LC4,right,2
520764,LPLC2,left,26416,LPLC2,left,2
23590,LPLC2,right,21703,LPLC2,right,2
23590,LPLC2,right,21045,LPLC2,right,2
112292,LPLC2,left,29815,LPLC2,left,2
20584,LPLC2,right,19589,LPLC2,right,2
23590,LPLC2,right,20471,LPLC2,right,2
23590,LPLC2,right,20269,LPLC2,right,2
23590,LPLC2,right,20162,LPLC2,right,2
23590,LPLC2,right,19842,LPLC2,right,2
20016,LC4,right,21562,LPLC2,right,2
23590,LPLC2,right,17860,LC4,right,2
23590,LPLC2,right,17551,LPLC2,right,2
18929,LPLC2,right,24268,LPLC2,right,2
112292,LPLC2,left,31563,LPLC2,left,2
526286,LC4,left,512705,LC4,left,2
20016,LC4,right,23792,LC4,right,2
112292,LPLC2,left,32237,LPLC2,left,2
526286,LC4,left,511914,LC4,left,2
518544,LC4,left,515476,LC4,left,2
23550,LPLC2,left,517819,LPLC2,left,2
17364,LC4,right,22328,LC4,right,2
518544,LC4,left,519650,LC4,left,2
23665,LPLC2,left,12384,LPLC2,left,2
17364,LC4,right,22261,LPLC2,right,2
518730,LC4,left,12032,LC4,left,2
112292,LPLC2,left,25572,LPLC2,left,2
23590,LPLC2,right,34681,LPLC2,right,2
23590,LPLC2,right,33439,LPLC2,right,2
112292,LPLC2,left,25854,LPLC2,left,2
23590,LPLC2,right,32507,LPLC2,right,2
23590,LPLC2,right,29598,LPLC2,right,2
23590,LPLC2,right,29287,LPLC2,right,2
23590,LPLC2,right,29014,LPLC2,right,2
20016,LC4,right,19260,LC4,right,2
23590,LPLC2,right,27471,LPLC2,right,2
112292,LPLC2,left,27399,LPLC2,left,2
518730,LC4,left,10228,DNp06,left,2
20016,LC4,right,20542,LC4,right,2
23590,LPLC2,right,25636,LPLC2,right,2
23590,LPLC2,right,25267,LPLC2,right,2
518544,LC4,left,526286,LC4,left,2
526286,LC4,left,518730,LC4,left,2
23590,LPLC2,right,23497,LPLC2,right,2
17364,LC4,right,22194,LC4,right,2
112292,LPLC2,left,27796,LPLC2,left,2
20047,LPLC2,right,33396,LPLC2,right,2
20047,LPLC2,right,34110,LPLC2,right,2
22847,LC4,right,38065,LC4,right,2
518439,LC4,left,532254,LC4,left,2
23202,LC4,left,17478,LC4,left,2
23202,LC4,left,17270,LC4,left,2
23202,LC4,left,17059,LPLC2,left,2
23202,LC4,left,15018,LC4,left,2
23202,LC4,left,12032,LC4,left,2
134521,LPLC2,left,18900,LPLC2,left,2
134521,LPLC2,left,19787,LPLC2,left,2
20162,LPLC2,right,19229,LPLC2,right,2
134521,LPLC2,left,20976,LC4,left,2
17548,LC4,right,17054,LC4,right,2
134521,LPLC2,left,22557,LPLC2,left,2
20162,LPLC2,right,20334,LPLC2,right,2
134521,LPLC2,left,23247,LPLC2,left,2
17548,LC4,right,17266,LC4,right,2
525844,LPLC2,left,34407,LPLC2,left,2
23098,LC4,right,20399,LC4,right,2
23098,LC4,right,19794,LC4,right,2
17548,LC4,right,17987,LC4,right,2
20162,LPLC2,right,20047,LPLC2,right,2
23098,LC4,right,17860,LC4,right,2
23098,LC4,right,17364,LC4,right,2
23098,LC4,right,16138,LC4,right,2
17544,LPLC2,left,518731,LPLC2,left,2
23202,LC4,left,18478,LC4,left,2
23202,LC4,left,18478,LC4,left,2
18900,LPLC2,left,520764,LPLC2,left,2
17544,LPLC2,left,34407,LPLC2,left,2
20103,LPLC2,right,34110,LPLC2,right,2
20103,LPLC2,right,34372,LPLC2,right,2
20103,LPLC2,right,34681,LPLC2,right,2
129687,LPLC2,left,525844,LPLC2,left,2
17544,LPLC2,left,77614,LC4,left,2
129687,LPLC2,left,526286,LC4,left,2
17544,LPLC2,left,95241,LPLC2,left,2
20103,LPLC2,right,35680,LPLC2,right,2
17544,LPLC2,left,112292,LPLC2,left,2
134521,LPLC2,left,12384,LPLC2,left,2
23202,LC4,left,100485,LC4,left,2
23202,LC4,left,77614,LC4,left,2
23202,LC4,left,31308,LC4,left,2
23202,LC4,left,27399,LPLC2,left,2
23202,LC4,left,23247,LPLC2,left,2
134521,LPLC2,left,17270,LC4,left,2
134521,LPLC2,left,17544,LPLC2,left,2
18900,LPLC2,left,531014,LPLC2,left,2
525844,LPLC2,left,40841,LPLC2,left,2
23202,LC4,left,20572,LC4,left,2
525844,LPLC2,left,33406,LPLC2,left,2
22975,LC4,right,38065,LC4,right,2
20047,LPLC2,right,34372,LPLC2,right,2
22922,LC4,left,77614,LC4,left,2
22966,LC4,right,20917,LC4,right,2
20162,LPLC2,right,24800,LPLC2,right,2
22966,LC4,right,18189,LC4,right,2
20162,LPLC2,right,26730,LPLC2,right,2
134521,LPLC2,left,34051,LPLC2,left,2
17548,LC4,right,29873,LPLC2,right,2
22922,LC4,left,520449,LC4,left,2
134521,LPLC2,left,40841,LPLC2,left,2
518439,LC4,left,514508,LC4,left,2
22922,LC4,left,511914,LC4,left,2
22922,LC4,left,34845,LC4,left,2
20162,LPLC2,right,21151,LC4,right,2
525844,LPLC2,left,29702,LPLC2,left,2
134521,LPLC2,left,511914,LC4,left,2
20162,LPLC2,right,29216,LPLC2,right,2
22922,LC4,left,21721,LC4,left,2
22922,LC4,left,20967,LC4,left,2
518439,LC4,left,111787,LC4,left,2
22922,LC4,left,20572,LC4,left,2
20162,LPLC2,right,32507,LPLC2,right,2
22922,LC4,left,18478,LC4,left,2
134521,LPLC2,left,517078,LPLC2,left,2
22966,LC4,right,21804,LC4,right,2
134521,LPLC2,left,32223,LPLC2,left,2
22966,LC4,right,22328,LC4,right,2
22966,LC4,right,22328,LC4,right,2
525844,LPLC2,left,33303,LPLC2,left,2
134521,LPLC2,left,24840,LPLC2,left,2
22975,LC4,right,23392,LC4,right,2
134521,LPLC2,left,25524,LPLC2,left,2
20162,LPLC2,right,21318,LPLC2,right,2
22975,LC4,right,22194,LC4,right,2
22975,LC4,right,22034,LC4,right,2
18900,LPLC2,left,33965,LPLC2,left,2
134521,LPLC2,left,26528,LPLC2,left,2
17548,LC4,right,22847,LC4,right,2
22966,LC4,right,38065,LC4,right,2
20162,LPLC2,right,22218,LPLC2,right,2
22966,LC4,right,33694,LPLC2,right,2
20162,LPLC2,right,22261,LPLC2,right,2
22966,LC4,right,31262,LC4,right,2
20162,LPLC2,right,23497,LPLC2,right,2
20162,LPLC2,right,23878,LPLC2,right,2
22966,LC4,right,25584,LC4,right,2
18900,LPLC2,left,32737,LPLC2,left,2
22966,LC4,right,24338,LC4,right,2
22966,LC4,right,22847,LC4,right,2
129687,LPLC2,left,517078,LPLC2,left,2
20103,LPLC2,right,33185,LPLC2,right,2
518544,LC4,left,12824,LC4,left,2
23349,LPLC2,left,13132,LPLC2,left,2
23349,LPLC2,left,21299,LPLC2,left,2
23349,LPLC2,left,20976,LC4,left,2
23349,LPLC2,left,20329,LPLC2,left,2
23349,LPLC2,left,19830,LPLC2,left,2
20103,LPLC2,right,19608,LPLC2,right,2
23349,LPLC2,left,17544,LPLC2,left,2
20103,LPLC2,right,20162,LPLC2,right,2
23349,LPLC2,left,14888,LC4,left,2
18929,LPLC2,right,19842,LPLC2,right,2
20103,LPLC2,right,20334,LPLC2,right,2
23349,LPLC2,left,12824,LC4,left,2
23226,LC4,left,31308,LC4,left,2
525844,LPLC2,left,521115,LPLC2,left,2
17544,LPLC2,left,23919,LPLC2,left,2
23247,LPLC2,left,533895,LPLC2,left,2
129687,LPLC2,left,29702,LPLC2,left,2
20103,LPLC2,right,21318,LPLC2,right,2
23247,LPLC2,left,525844,LPLC2,left,2
23247,LPLC2,left,524366,LPLC2,left,2
18929,LPLC2,right,19608,LPLC2,right,2
23247,LPLC2,left,517079,LPLC2,left,2
23247,LPLC2,left,517078,LPLC2,left,2
23349,LPLC2,left,23202,LC4,left,2
23349,LPLC2,left,23550,LPLC2,left,2
20103,LPLC2,right,19589,LPLC2,right,2
129687,LPLC2,left,27399,LPLC2,left,2
20047,LPLC2,right,35838,LPLC2,right,2
20047,LPLC2,right,37613,LPLC2,right,2
23349,LPLC2,left,33303,LPLC2,left,2
23349,LPLC2,left,32237,LPLC2,left,2
20047,LPLC2,right,55627,LPLC2,right,2
518544,LC4,left,22772,LC4,left,2
23349,LPLC2,left,30893,LPLC2,left,2
20103,LPLC2,right,17668,LC4,right,2
23349,LPLC2,left,29955,LPLC2,left,2
18929,LPLC2,right,20269,LPLC2,right,2
23349,LPLC2,left,29319,LPLC2,left,2
23349,LPLC2,left,28011,LPLC2,left,2
20103,LPLC2,right,18672,LPLC2,right,2
129687,LPLC2,left,25854,LPLC2,left,2
17544,LPLC2,left,13132,LPLC2,left,2
17544,LPLC2,left,17059,LPLC2,left,2
20103,LPLC2,right,19229,LPLC2,right,2
23349,LPLC2,left,25524,LPLC2,left,2
23349,LPLC2,left,25136,LPLC2,left,2
20103,LPLC2,right,19249,LPLC2,right,2
17544,LPLC2,left,17880,LPLC2,left,2
20103,LPLC2,right,22218,LPLC2,right,2
129687,LPLC2,left,30893,LPLC2,left,2
23247,LPLC2,left,134521,LPLC2,left,2
23247,LPLC2,left,19911,LPLC2,left,2
518544,LC4,left,17478,LC4,left,2
129687,LPLC2,left,41097,LPLC2,left,2
518544,LC4,left,17270,LC4,left,2
23247,LPLC2,left,13132,LPLC2,left,2
23247,LPLC2,left,12384,LPLC2,left,2
17544,LPLC2,left,29815,LPLC2,left,2
17544,LPLC2,left,29955,LPLC2,left,2
525844,LPLC2,left,515900,LC4,left,2
525844,LPLC2,left,514956,LC4,left,2
23226,LC4,left,532254,LC4,left,2
23226,LC4,left,524899,LC4,left,2
23226,LC4,left,518730,LC4,left,2
23226,LC4,left,518544,LC4,left,2
17544,LPLC2,left,33965,LPLC2,left,2
23226,LC4,left,515476,LC4,left,2
23226,LC4,left,514508,LC4,left,2
20103,LPLC2,right,30041,LPLC2,right,2
23226,LC4,left,100485,LC4,left,2
23226,LC4,left,32597,LC4,left,2
20103,LPLC2,right,30938,LPLC2,right,2
23226,LC4,left,31308,LC4,left,2
17544,LPLC2,left,27355,LPLC2,left,2
23247,LPLC2,left,21299,LPLC2,left,2
23247,LPLC2,left,40811,LPLC2,left,2
17544,LPLC2,left,26528,LPLC2,left,2
23247,LPLC2,left,35294,LPLC2,left,2
20103,LPLC2,right,23878,LPLC2,right,2
23247,LPLC2,left,34655,LPLC2,left,2
23247,LPLC2,left,32223,LPLC2,left,2
518544,LC4,left,20440,LC4,left,2
23247,LPLC2,left,29955,LPLC2,left,2
20103,LPLC2,right,25511,LPLC2,right,2
23247,LPLC2,left,29753,LPLC2,left,2
129687,LPLC2,left,33303,LPLC2,left,2
17544,LPLC2,left,25136,LPLC2,left,2
518544,LC4,left,18432,LC4,left,2
129687,LPLC2,left,33965,LPLC2,left,2
129687,LPLC2,left,34407,LPLC2,left,2
129687,LPLC2,left,34407,LPLC2,left,2
129687,LPLC2,left,34655,LPLC2,left,2
23247,LPLC2,left,25209,LPLC2,left,2
23247,LPLC2,left,25136,LPLC2,left,2
20103,LPLC2,right,26730,LPLC2,right,2
17544,LPLC2,left,25286,LPLC2,left,2
23247,LPLC2,left,23202,LC4,left,2
518544,LC4,left,18396,LC4,left,2
21862,LPLC2,right,21562,LPLC2,right,2
21862,LPLC2,right,21318,LPLC2,right,2
17774,LPLC2,left,30893,LPLC2,left,2
20917,LC4,right,21165,LC4,right,2
17990,LPLC2,left,15804,LPLC2,left,2
516909,LC4,left,35262,LC4,left,2
20917,LC4,right,26112,LC4,right,2
516909,LC4,left,35616,LC4,left,2
20471,LPLC2,right,29014,LPLC2,right,2
20471,LPLC2,right,29873,LPLC2,right,2
20917,LC4,right,25584,LC4,right,2
20917,LC4,right,22847,LC4,right,2
20471,LPLC2,right,30207,LPLC2,right,2
18432,LC4,left,22922,LC4,left,2
17990,LPLC2,left,17478,LC4,left,2
18432,LC4,left,14888,LC4,left,2
20471,LPLC2,right,32507,LPLC2,right,2
20917,LC4,right,20282,LC4,right,2
20471,LPLC2,right,33185,LPLC2,right,2
20471,LPLC2,right,33694,LPLC2,right,2
517819,LPLC2,left,17544,LPLC2,left,2
20471,LPLC2,right,37431,LPLC2,right,2
20471,LPLC2,right,37925,LPLC2,right,2
20917,LC4,right,17668,LC4,right,2
20535,LPLC2,right,10584,DNp06,right,2
18432,LC4,left,18396,LC4,left,2
20967,LC4,left,10010,DNp01,left,2
20967,LC4,left,12349,LC4,left,2
517819,LPLC2,left,17990,LPLC2,left,2
20471,LPLC2,right,28044,LPLC2,right,2
516909,LC4,left,17270,LC4,left,2
20471,LPLC2,right,25497,LPLC2,right,2
20976,LC4,left,21721,LC4,left,2
516909,LC4,left,18432,LC4,left,2
20976,LC4,left,17653,LC4,left,2
20471,LPLC2,right,25584,LC4,right,2
516909,LC4,left,20440,LC4,left,2
20976,LC4,left,12032,LC4,left,2
20967,LC4,left,532254,LC4,left,2
20967,LC4,left,518983,LC4,left,2
17987,LC4,right,23098,LC4,right,2
17987,LC4,right,23392,LC4,right,2
20471,LPLC2,right,25636,LPLC2,right,2
521115,LPLC2,left,25524,LPLC2,left,2
20967,LC4,left,31429,LC4,left,2
20967,LC4,left,30087,LC4,left,2
20967,LC4,left,29417,LC4,left,2
17987,LC4,right,25584,LC4,right,2
20967,LC4,left,22772,LC4,left,2
20471,LPLC2,right,28044,LPLC2,right,2
20967,LC4,left,17270,LC4,left,2
18432,LC4,left,17340,LC4,left,2
20859,LC4,left,535341,LC4,left,2
517078,LPLC2,left,23550,LPLC2,left,2
20535,LPLC2,right,30041,LPLC2,right,2
517078,LPLC2,left,19787,LPLC2,left,2
20808,LC4,right,21804,LC4,right,2
20535,LPLC2,right,25497,LPLC2,right,2
18396,LC4,left,518544,LC4,left,2
20808,LC4,right,20673,LC4,right,2
20535,LPLC2,right,29014,LPLC2,right,2
17990,LPLC2,left,29319,LPLC2,left,2
20535,LPLC2,right,29986,LPLC2,right,2
20808,LC4,right,19634,LC4,right,2
521115,LPLC2,left,525844,LPLC2,left,2
20808,LC4,right,18189,LC4,right,2
20859,LC4,left,519931,LC4,left,2
18396,LC4,left,515900,LC4,left,2
20535,LPLC2,right,33396,LPLC2,right,2
18396,LC4,left,514956,LC4,left,2
517752,LC4,left,535341,LC4,left,2
517078,LPLC2,left,23202,LC4,left,2
17990,LPLC2,left,31563,LPLC2,left,2
20808,LC4,right,16138,LC4,right,2
17990,LPLC2,left,32237,LPLC2,left,2
20535,LPLC2,right,35889,LPLC2,right,2
17990,LPLC2,left,33406,LPLC2,left,2
20808,LC4,right,22975,LC4,right,2
20808,LC4,right,23392,LC4,right,2
17990,LPLC2,left,28011,LPLC2,left,2
18396,LC4,left,518730,LC4,left,2
17990,LPLC2,left,22922,LC4,left,2
517078,LPLC2,left,11498,LPLC2,left,2
20859,LC4,left,515900,LC4,left,2
517078,LPLC2,left,12384,LPLC2,left,2
17990,LPLC2,left,23665,LPLC2,left,2
17990,LPLC2,left,24308,LPLC2,left,2
17990,LPLC2,left,24605,LPLC2,left,2
20859,LC4,left,29469,LC4,left,2
17990,LPLC2,left,25572,LPLC2,left,2
517078,LPLC2,left,17059,LPLC2,left,2
20535,LPLC2,right,20103,LPLC2,right,2
517078,LPLC2,left,17478,LC4,left,2
20535,LPLC2,right,20162,LPLC2,right,2
517078,LPLC2,left,17653,LC4,left,2
20535,LPLC2,right,20269,LPLC2,right,2
20535,LPLC2,right,21045,LPLC2,right,2
20808,LC4,right,31262,LC4,right,2
20535,LPLC2,right,21769,LPLC2,right,2
20535,LPLC2,right,23878,LPLC2,right,2
20808,LC4,right,25584,LC4,right,2
517078,LPLC2,left,17990,LPLC2,left,2
17987,LC4,right,20399,LC4,right,2
17987,LC4,right,20282,LC4,right,2
20976,LC4,left,33137,LC4,left,2
515971,LPLC2,left,25027,LPLC2,left,2
20440,LC4,left,518544,LC4,left,2
18432,LC4,left,530029,LC4,left,2
21225,LC4,right,16128,LC4,right,2
18432,LC4,left,526286,LC4,left,2
17880,LPLC2,left,520449,LC4,left,2
20471,LPLC2,right,18672,LPLC2,right,2
515971,LPLC2,left,24568,LPLC2,left,2
21165,LC4,right,26112,LC4,right,2
21165,LC4,right,22194,LC4,right,2
17880,LPLC2,left,533895,LPLC2,left,2
18432,LC4,left,518730,LC4,left,2
17987,LC4,right,20016,LC4,right,2
515971,LPLC2,left,25209,LPLC2,left,2
515971,LPLC2,left,25286,LPLC2,left,2
18432,LC4,left,518544,LC4,left,2
21165,LC4,right,17668,LC4,right,2
515971,LPLC2,left,27023,LPLC2,left,2
21151,LC4,right,30480,LC4,right,2
515971,LPLC2,left,28011,LPLC2,left,2
21151,LC4,right,22194,LC4,right,2
20471,LPLC2,right,19229,LPLC2,right,2
21151,LC4,right,19543,LC4,right,2
21225,LC4,right,17860,LC4,right,2
517819,LPLC2,left,22557,LPLC2,left,2
20440,LC4,left,514956,LC4,left,2
21225,LC4,right,19634,LC4,right,2
21287,LC4,right,18189,LC4,right,2
20440,LC4,left,24523,LC4,left,2
524366,LPLC2,left,29417,LC4,left,2
20440,LC4,left,35262,LC4,left,2
21287,LC4,right,10584,DNp06,right,2
17880,LPLC2,left,40841,LPLC2,left,2
515971,LPLC2,left,21299,LPLC2,left,2
524366,LPLC2,left,28011,LPLC2,left,2
20440,LC4,left,77614,LC4,left,2
21225,LC4,right,28945,LC4,right,2
21225,LC4,right,25584,LC4,right,2
21225,LC4,right,25497,LPLC2,right,2
17880,LPLC2,left,111903,LPLC2,left,2
21225,LC4,right,22975,LC4,right,2
21225,LC4,right,22034,LC4,right,2
17880,LPLC2,left,129687,LPLC2,left,2
21225,LC4,right,21287,LC4,right,2
21225,LC4,right,20542,LC4,right,2
21225,LC4,right,20334,LPLC2,right,2
515971,LPLC2,left,23550,LPLC2,left,2
21225,LC4,right,19954,LC4,right,2
21151,LC4,right,19420,LC4,right,2
17926,LC4,right,19634,LC4,right,2
21151,LC4,right,17860,LC4,right,2
21045,LPLC2,right,21318,LPLC2,right,2
18432,LC4,left,111787,LC4,left,2
18432,LC4,left,100485,LC4,left,2
17987,LC4,right,16628,LC4,right,2
20471,LPLC2,right,22261,LPLC2,right,2
20471,LPLC2,right,23497,LPLC2,right,2
515971,LPLC2,left,517078,LPLC2,left,2
17987,LC4,right,17266,LC4,right,2
18432,LC4,left,37587,LC4,left,2
21045,LPLC2,right,18929,LPLC2,right,2
17987,LC4,right,18127,LC4,right,2
515971,LPLC2,left,520764,LPLC2,left,2
20471,LPLC2,right,23590,LPLC2,right,2
20976,LC4,left,518983,LC4,left,2
20471,LPLC2,right,23878,LPLC2,right,2
17987,LC4,right,19794,LC4,right,2
521115,LPLC2,left,25209,LPLC2,left,2
20976,LC4,left,516909,LC4,left,2
515971,LPLC2,left,531014,LPLC2,left,2
20976,LC4,left,515476,LC4,left,2
18432,LC4,left,29417,LC4,left,2
20976,LC4,left,107513,LC4,left,2
517819,LPLC2,left,19830,LPLC2,left,2
21045,LPLC2,right,21562,LPLC2,right,2
21151,LC4,right,17668,LC4,right,2
524366,LPLC2,left,23349,LPLC2,left,2
17926,LC4,right,19794,LC4,right,2
515971,LPLC2,left,32737,LPLC2,left,2
21151,LC4,right,16128,LC4,right,2
524366,LPLC2,left,25286,LPLC2,left,2
21045,LPLC2,right,50287,LPLC2,right,2
20471,LPLC2,right,20182,LPLC2,right,2
21045,LPLC2,right,35889,LPLC2,right,2
21045,LPLC2,right,35838,LPLC2,right,2
20471,LPLC2,right,20334,LPLC2,right,2
515971,LPLC2,left,35294,LPLC2,left,2
21045,LPLC2,right,30041,LPLC2,right,2
21045,LPLC2,right,29391,LPLC2,right,2
515971,LPLC2,left,40841,LPLC2,left,2
20471,LPLC2,right,20399,LC4,right,2
17926,LC4,right,21151,LC4,right,2
21045,LPLC2,right,26147,LPLC2,right,2
18432,LC4,left,517752,LC4,left,2
21045,LPLC2,right,25511,LPLC2,right,2
515971,LPLC2,left,81112,LC4,left,2
21045,LPLC2,right,25253,LPLC2,right,2
21045,LPLC2,right,22194,LC4,right,2
20799,LPLC2,left,525844,LPLC2,left,2
17990,LPLC2,left,35294,LPLC2,left,2
21862,LPLC2,right,21045,LPLC2,right,2
20673,LC4,right,22034,LC4,right,2
18189,LC4,right,16138,LC4,right,2
20572,LC4,left,27829,LC4,left,2
20572,LC4,left,29514,LC4,left,2
20694,LPLC2,right,16628,LC4,right,2
20694,LPLC2,right,16628,LC4,right,2
20694,LPLC2,right,16128,LC4,right,2
20673,LC4,right,38065,LC4,right,2
18396,LC4,left,18432,LC4,left,2
517752,LC4,left,28980,LC4,left,2
517079,LPLC2,left,27716,LPLC2,left,2
18189,LC4,right,17668,LC4,right,2
517752,LC4,left,21721,LC4,left,2
20673,LC4,right,21287,LC4,right,2
20673,LC4,right,20588,LC4,right,2
20673,LC4,right,19954,LC4,right,2
20673,LC4,right,19794,LC4,right,2
20673,LC4,right,19260,LC4,right,2
20673,LC4,right,18127,LC4,right,2
20673,LC4,right,17987,LC4,right,2
20673,LC4,right,17668,LC4,right,2
20673,LC4,right,16628,LC4,right,2
517079,LPLC2,left,29702,LPLC2,left,2
20694,LPLC2,right,18929,LPLC2,right,2
517079,LPLC2,left,25286,LPLC2,left,2
18189,LC4,right,16128,LC4,right,2
521115,LPLC2,left,37587,LC4,left,2
517079,LPLC2,left,21361,LPLC2,left,2
20572,LC4,left,20967,LC4,left,2
18127,LC4,right,22194,LC4,right,2
20694,LPLC2,right,25267,LPLC2,right,2
517079,LPLC2,left,23247,LPLC2,left,2
20694,LPLC2,right,24800,LPLC2,right,2
20694,LPLC2,right,23590,LPLC2,right,2
20694,LPLC2,right,23497,LPLC2,right,2
517079,LPLC2,left,23919,LPLC2,left,2
20572,LC4,left,22772,LC4,left,2
18127,LC4,right,22328,LC4,right,2
20694,LPLC2,right,22261,LPLC2,right,2
20694,LPLC2,right,21703,LPLC2,right,2
517079,LPLC2,left,24568,LPLC2,left,2
20694,LPLC2,right,20471,LPLC2,right,2
20694,LPLC2,right,20334,LPLC2,right,2
20572,LC4,left,23202,LC4,left,2
517079,LPLC2,left,25027,LPLC2,left,2
20694,LPLC2,right,20103,LPLC2,right,2
20694,LPLC2,right,20047,LPLC2,right,2
517752,LC4,left,29514,LC4,left,2
517079,LPLC2,left,29753,LPLC2,left,2
20572,LC4,left,517752,LC4,left,2
20799,LPLC2,left,520764,LPLC2,left,2
20584,LPLC2,right,19229,LPLC2,right,2
20584,LPLC2,right,26915,LPLC2,right,2
18396,LC4,left,12349,LC4,left,2
20584,LPLC2,right,25497,LPLC2,right,2
18189,LC4,right,21165,LC4,right,2
18189,LC4,right,527408,LC4,right,2
517752,LC4,left,18396,LC4,left,2
18189,LC4,right,21287,LC4,right,2
20584,LPLC2,right,23590,LPLC2,right,2
20584,LPLC2,right,23497,LPLC2,right,2
20584,LPLC2,right,22261,LPLC2,right,2
18189,LC4,right,21336,LC4,right,2
20588,LC4,right,31262,LC4,right,2
18189,LC4,right,21804,LC4,right,2
521115,LPLC2,left,32223,LPLC2,left,2
18189,LC4,right,22034,LC4,right,2
517752,LC4,left,16917,LC4,left,2
18189,LC4,right,22194,LC4,right,2
521115,LPLC2,left,31563,LPLC2,left,2
18189,LC4,right,23392,LC4,right,2
517752,LC4,left,17608,LC4,left,2
20584,LPLC2,right,20269,LPLC2,right,2
20584,LPLC2,right,20047,LPLC2,right,2
20584,LPLC2,right,27471,LPLC2,right,2
517752,LC4,left,18432,LC4,left,2
20584,LPLC2,right,29873,LPLC2,right,2
20584,LPLC2,right,31988,LPLC2,right,2
20588,LC4,right,29563,LC4,right,2
18189,LC4,right,19543,LC4,right,2
20588,LC4,right,22194,LC4,right,2
20588,LC4,right,22034,LC4,right,2
20588,LC4,right,21287,LC4,right,2
517079,LPLC2,left,33406,LPLC2,left,2
20588,LC4,right,20673,LC4,right,2
20588,LC4,right,20542,LC4,right,2
517079,LPLC2,left,35294,LPLC2,left,2
20588,LC4,right,19550,LC4,right,2
18189,LC4,right,20016,LC4,right,2
20572,LC4,left,518544,LC4,left,2
20572,LC4,left,518730,LC4,left,2
517079,LPLC2,left,100103,LPLC2,left,2
20572,LC4,left,524899,LC4,left,2
517752,LC4,left,20440,LC4,left,2
521115,LPLC2,left,32737,LPLC2,left,2
20584,LPLC2,right,17987,LC4,right,2
20584,LPLC2,right,18189,LC4,right,2
20584,LPLC2,right,33396,LPLC2,right,2
517079,LPLC2,left,517078,LPLC2,left,2
18127,LC4,right,21804,LC4,right,2
20572,LC4,left,20859,LC4,left,2
517752,LC4,left,33137,LC4,left,2
20749,LPLC2,right,37613,LPLC2,right,2
20799,LPLC2,left,19830,LPLC2,left,2
521115,LPLC2,left,517752,LC4,left,2
17990,LPLC2,left,518731,LPLC2,left,2
17990,LPLC2,left,531014,LPLC2,left,2
20799,LPLC2,left,13726,LPLC2,left,2
517078,LPLC2,left,29702,LPLC2,left,2
517752,LC4,left,514956,LC4,left,2
20749,LPLC2,right,55627,LPLC2,right,2
20749,LPLC2,right,50287,LPLC2,right,2
517078,LPLC2,left,29815,LPLC2,left,2
20749,LPLC2,right,37431,LPLC2,right,2
517079,LPLC2,left,19911,LPLC2,left,2
20749,LPLC2,right,35632,LPLC2,right,2
20542,LC4,right,21225,LC4,right,2
20749,LPLC2,right,31257,LPLC2,right,2
517078,LPLC2,left,34407,LPLC2,left,2
20542,LC4,right,21336,LC4,right,2
517752,LC4,left,512366,LC4,left,2
20749,LPLC2,right,29873,LPLC2,right,2
20749,LPLC2,right,28044,LPLC2,right,2
20749,LPLC2,right,26730,LPLC2,right,2
20542,LC4,right,23392,LC4,right,2
517078,LPLC2,left,28188,LPLC2,left,2
20542,LC4,right,20588,LC4,right,2
17990,LPLC2,left,516909,LC4,left,2
20799,LPLC2,left,23349,LPLC2,left,2
20799,LPLC2,left,518544,LC4,left,2
521115,LPLC2,left,28188,LPLC2,left,2
20799,LPLC2,left,515971,LPLC2,left,2
517078,LPLC2,left,24523,LC4,left,2
20799,LPLC2,left,40841,LPLC2,left,2
517078,LPLC2,left,24605,LPLC2,left,2
17990,LPLC2,left,100103,LPLC2,left,2
20799,LPLC2,left,32737,LPLC2,left,2
20799,LPLC2,left,32237,LPLC2,left,2
17990,LPLC2,left,111903,LPLC2,left,2
20799,LPLC2,left,31308,LC4,left,2
20542,LC4,right,19260,LC4,right,2
20542,LC4,right,19420,LC4,right,2
20799,LPLC2,left,29319,LPLC2,left,2
517078,LPLC2,left,25572,LPLC2,left,2
20542,LC4,right,19550,LC4,right,2
517078,LPLC2,left,27023,LPLC2,left,2
20542,LC4,right,19634,LC4,right,2
517078,LPLC2,left,27399,LPLC2,left,2
20542,LC4,right,20399,LC4,right,2
20799,LPLC2,left,24568,LPLC2,left,2
517752,LC4,left,511914,LC4,left,2
20749,LPLC2,right,25511,LPLC2,right,2
20749,LPLC2,right,25253,LPLC2,right,2
20749,LPLC2,right,18127,LC4,right,2
20749,LPLC2,right,17926,LC4,right,2
521115,LPLC2,left,29815,LPLC2,left,2
521115,LPLC2,left,514670,LPLC2,left,2
517078,LPLC2,left,533895,LPLC2,left,2
517078,LPLC2,left,536444,LPLC2,left,2
521115,LPLC2,left,134521,LPLC2,left,2
20694,LPLC2,right,50287,LPLC2,right,2
517752,LC4,left,77614,LC4,left,2
517079,LPLC2,left,13132,LPLC2,left,2
20572,LC4,left,17340,LC4,left,2
20694,LPLC2,right,34110,LPLC2,right,2
20694,LPLC2,right,33439,LPLC2,right,2
517079,LPLC2,left,14102,LPLC2,left,2
20694,LPLC2,right,31988,LPLC2,right,2
517079,LPLC2,left,17774,LPLC2,left,2
517752,LC4,left,34845,LC4,left,2
20694,LPLC2,right,30207,LPLC2,right,2
20694,LPLC2,right,30041,LPLC2,right,2
20694,LPLC2,right,29873,LPLC2,right,2
20694,LPLC2,right,29287,LPLC2,right,2
18127,LC4,right,21336,LC4,right,2
20572,LC4,left,12349,LC4,left,2
20572,LC4,left,10228,DNp06,left,2
20749,LPLC2,right,24800,LPLC2,right,2
521115,LPLC2,left,515971,LPLC2,left,2
20542,LC4,right,24338,LC4,right,2
517078,LPLC2,left,517079,LPLC2,left,2
20749,LPLC2,right,23497,LPLC2,right,2
20749,LPLC2,right,23098,LC4,right,2
20542,LC4,right,30480,LC4,right,2
20749,LPLC2,right,22261,LPLC2,right,2
18127,LC4,right,17860,LC4,right,2
20749,LPLC2,right,21862,LPLC2,right,2
517078,LPLC2,left,518731,LPLC2,left,2
517078,LPLC2,left,518983,LC4,left,2
18127,LC4,right,17987,LC4,right,2
20749,LPLC2,right,21225,LC4,right,2
517078,LPLC2,left,520764,LPLC2,left,2
20749,LPLC2,right,20269,LPLC2,right,2
20749,LPLC2,right,20182,LPLC2,right,2
18127,LC4,right,19543,LC4,right,2
20749,LPLC2,right,20103,LPLC2,right,2
18127,LC4,right,19634,LC4,right,2
20749,LPLC2,right,19589,LPLC2,right,2
20749,LPLC2,right,19550,LC4,right,2
18396,LC4,left,29417,LC4,left,2
21287,LC4,right,19954,LC4,right,2
20440,LC4,left,20976,LC4,left,2
21287,LC4,right,20282,LC4,right,2
21703,LPLC2,right,29598,LPLC2,right,2
21703,LPLC2,right,35632,LPLC2,right,2
20329,LPLC2,left,25854,LPLC2,left,2
21703,LPLC2,right,33439,LPLC2,right,2
21703,LPLC2,right,31988,LPLC2,right,2
21703,LPLC2,right,31964,LPLC2,right,2
21703,LPLC2,right,30207,LPLC2,right,2
20329,LPLC2,left,27023,LPLC2,left,2
18672,LPLC2,right,17668,LC4,right,2
21703,LPLC2,right,29986,LPLC2,right,2
21703,LPLC2,right,29873,LPLC2,right,2
21703,LPLC2,right,29391,LPLC2,right,2
17775,LPLC2,left,30512,LPLC2,left,2
514670,LPLC2,left,524366,LPLC2,left,2
21703,LPLC2,right,29014,LPLC2,right,2
514670,LPLC2,left,526286,LC4,left,2
20329,LPLC2,left,29319,LPLC2,left,2
20329,LPLC2,left,29702,LPLC2,left,2
21703,LPLC2,right,28044,LPLC2,right,2
21703,LPLC2,right,28003,LPLC2,right,2
21703,LPLC2,right,26915,LPLC2,right,2
21703,LPLC2,right,26147,LPLC2,right,2
21703,LPLC2,right,25511,LPLC2,right,2
21703,LPLC2,right,35889,LPLC2,right,2
17775,LPLC2,left,28188,LPLC2,left,2
21721,LC4,left,12349,LC4,left,2
21721,LC4,left,18478,LC4,left,2
514670,LPLC2,left,33965,LPLC2,left,2
514670,LPLC2,left,34051,LPLC2,left,2
18672,LPLC2,right,19608,LPLC2,right,2
17775,LPLC2,left,25286,LPLC2,left,2
21721,LC4,left,533129,LC4,left,2
21721,LC4,left,526286,LC4,left,2
20329,LPLC2,left,23665,LPLC2,left,2
514670,LPLC2,left,40841,LPLC2,left,2
21721,LC4,left,518730,LC4,left,2
21721,LC4,left,518544,LC4,left,2
21721,LC4,left,514508,LC4,left,2
20329,LPLC2,left,24840,LPLC2,left,2
17775,LPLC2,left,25854,LPLC2,left,2
21721,LC4,left,77614,LC4,left,2
21721,LC4,left,34845,LC4,left,2
514670,LPLC2,left,111903,LPLC2,left,2
21721,LC4,left,31308,LC4,left,2
21721,LC4,left,30087,LC4,left,2
20329,LPLC2,left,25136,LPLC2,left,2
21721,LC4,left,22772,LC4,left,2
517819,LPLC2,left,533895,LPLC2,left,2
514670,LPLC2,left,533129,LC4,left,2
21703,LPLC2,right,24800,LPLC2,right,2
21287,LC4,right,20917,LC4,right,2
17775,LPLC2,left,521115,LPLC2,left,2
517819,LPLC2,left,519931,LC4,left,2
21562,LPLC2,right,32507,LPLC2,right,2
20329,LPLC2,left,35294,LPLC2,left,2
17775,LPLC2,left,520764,LPLC2,left,2
21562,LPLC2,right,31964,LPLC2,right,2
21562,LPLC2,right,31257,LPLC2,right,2
21562,LPLC2,right,30938,LPLC2,right,2
18672,LPLC2,right,16628,LC4,right,2
514956,LC4,left,31429,LC4,left,2
21562,LPLC2,right,29873,LPLC2,right,2
20329,LPLC2,left,111903,LPLC2,left,2
21703,LPLC2,right,23590,LPLC2,right,2
517819,LPLC2,left,517078,LPLC2,left,2
21562,LPLC2,right,25511,LPLC2,right,2
524899,LC4,left,12349,LC4,left,2
17860,LC4,right,17364,LC4,right,2
521115,LPLC2,left,17990,LPLC2,left,2
21562,LPLC2,right,23878,LPLC2,right,2
21562,LPLC2,right,23497,LPLC2,right,2
21562,LPLC2,right,22975,LC4,right,2
21562,LPLC2,right,22218,LPLC2,right,2
514956,LC4,left,517752,LC4,left,2
21562,LPLC2,right,33396,LPLC2,right,2
21562,LPLC2,right,33694,LPLC2,right,2
21562,LPLC2,right,34681,LPLC2,right,2
514956,LC4,left,29514,LC4,left,2
20329,LPLC2,left,29815,LPLC2,left,2
21703,LPLC2,right,23098,LC4,right,2
21703,LPLC2,right,23098,LC4,right,2
21703,LPLC2,right,21808,LPLC2,right,2
21703,LPLC2,right,21045,LPLC2,right,2
21703,LPLC2,right,20808,LC4,right,2
21703,LPLC2,right,20471,LPLC2,right,2
21703,LPLC2,right,20269,LPLC2,right,2
21703,LPLC2,right,19589,LPLC2,right,2
517819,LPLC2,left,521115,LPLC2,left,2
17775,LPLC2,left,111903,LPLC2,left,2
514956,LC4,left,20859,LC4,left,2
18672,LPLC2,right,17364,LC4,right,2
20329,LPLC2,left,33406,LPLC2,left,2
21703,LPLC2,right,16628,LC4,right,2
524899,LC4,left,17478,LC4,left,2
524899,LC4,left,17340,LC4,left,2
514956,LC4,left,29417,LC4,left,2
514956,LC4,left,29469,LC4,left,2
21562,LPLC2,right,37613,LPLC2,right,2
20329,LPLC2,left,34051,LPLC2,left,2
17775,LPLC2,left,24840,LPLC2,left,2
21769,LPLC2,right,18672,LPLC2,right,2
514670,LPLC2,left,33303,LPLC2,left,2
21808,LPLC2,right,20535,LPLC2,right,2
21808,LPLC2,right,26730,LPLC2,right,2
20282,LC4,right,21804,LC4,right,2
21808,LPLC2,right,25316,LPLC2,right,2
514670,LPLC2,left,18936,LPLC2,left,2
20282,LC4,right,22034,LC4,right,2
21808,LPLC2,right,23878,LPLC2,right,2
21808,LPLC2,right,23497,LPLC2,right,2
21808,LPLC2,right,22261,LPLC2,right,2
514670,LPLC2,left,20240,LPLC2,left,2
20282,LC4,right,25584,LC4,right,2
17775,LPLC2,left,17478,LC4,left,2
518016,LC4,left,10228,DNp06,left,2
17775,LPLC2,left,17880,LPLC2,left,2
514670,LPLC2,left,21361,LPLC2,left,2
21808,LPLC2,right,19608,LPLC2,right,2
21808,LPLC2,right,19549,LPLC2,right,2
21808,LPLC2,right,19249,LPLC2,right,2
21808,LPLC2,right,19229,LPLC2,right,2
17775,LPLC2,left,17990,LPLC2,left,2
17775,LPLC2,left,17990,LPLC2,left,2
21808,LPLC2,right,17551,LPLC2,right,2
20282,LC4,right,31262,LC4,right,2
524899,LC4,left,24523,LC4,left,2
17774,LPLC2,left,517078,LPLC2,left,2
21808,LPLC2,right,30041,LPLC2,right,2
21808,LPLC2,right,31988,LPLC2,right,2
17774,LPLC2,left,30895,LPLC2,left,2
20282,LC4,right,19550,LC4,right,2
21862,LPLC2,right,20749,LPLC2,right,2
21862,LPLC2,right,20471,LPLC2,right,2
21862,LPLC2,right,20334,LPLC2,right,2
20282,LC4,right,19794,LC4,right,2
17774,LPLC2,left,31563,LPLC2,left,2
514670,LPLC2,left,11498,LPLC2,left,2
21862,LPLC2,right,19146,LPLC2,right,2
20282,LC4,right,20673,LC4,right,2
20282,LC4,right,20917,LC4,right,2
21862,LPLC2,right,17551,LPLC2,right,2
524899,LC4,left,29514,LC4,left,2
17774,LPLC2,left,112292,LPLC2,left,2
21808,LPLC2,right,55627,LPLC2,right,2
17774,LPLC2,left,129687,LPLC2,left,2
20282,LC4,right,21287,LC4,right,2
20282,LC4,right,21336,LC4,right,2
21808,LPLC2,right,35889,LPLC2,right,2
21808,LPLC2,right,34372,LPLC2,right,2
514670,LPLC2,left,13764,LPLC2,left,2
17775,LPLC2,left,18478,LC4,left,2
21804,LC4,right,31262,LC4,right,2
21804,LC4,right,30480,LC4,right,2
21769,LPLC2,right,27471,LPLC2,right,2
514670,LPLC2,left,29815,LPLC2,left,2
21769,LPLC2,right,25497,LPLC2,right,2
21769,LPLC2,right,25316,LPLC2,right,2
20329,LPLC2,left,14030,LPLC2,left,2
521115,LPLC2,left,13726,LPLC2,left,2
21769,LPLC2,right,23878,LPLC2,right,2
18672,LPLC2,right,20047,LPLC2,right,2
17775,LPLC2,left,22557,LPLC2,left,2
21769,LPLC2,right,22261,LPLC2,right,2
20329,LPLC2,left,19830,LPLC2,left,2
21769,LPLC2,right,22218,LPLC2,right,2
20329,LPLC2,left,20572,LC4,left,2
21769,LPLC2,right,21318,LPLC2,right,2
20329,LPLC2,left,20799,LPLC2,left,2
21769,LPLC2,right,20694,LPLC2,right,2
514670,LPLC2,left,32737,LPLC2,left,2
21769,LPLC2,right,20584,LPLC2,right,2
21769,LPLC2,right,20162,LPLC2,right,2
21769,LPLC2,right,20047,LPLC2,right,2
21769,LPLC2,right,19842,LPLC2,right,2
17775,LPLC2,left,23919,LPLC2,left,2
20329,LPLC2,left,12384,LPLC2,left,2
514670,LPLC2,left,28011,LPLC2,left,2
21804,LC4,right,28945,LC4,right,2
514670,LPLC2,left,27399,LPLC2,left,2
21804,LC4,right,23792,LC4,right,2
21804,LC4,right,22975,LC4,right,2
21804,LC4,right,22194,LC4,right,2
21804,LC4,right,22034,LC4,right,2
21804,LC4,right,21313,LC4,right,2
21804,LC4,right,20917,LC4,right,2
20282,LC4,right,527408,LC4,right,2
21804,LC4,right,20588,LC4,right,2
18672,LPLC2,right,21151,LC4,right,2
21804,LC4,right,19543,LC4,right,2
17775,LPLC2,left,20440,LC4,left,2
20329,LPLC2,left,10228,DNp06,left,2
17775,LPLC2,left,21361,LPLC2,left,2
21769,LPLC2,right,34372,LPLC2,right,2
21769,LPLC2,right,29986,LPLC2,right,2
514670,LPLC2,left,27023,LPLC2,left,2
21769,LPLC2,right,29287,LPLC2,right,2
21769,LPLC2,right,29216,LPLC2,right,2
21769,LPLC2,right,28871,LPLC2,right,2
21769,LPLC2,right,28003,LPLC2,right,2
21769,LPLC2,right,27566,LPLC2,right,2
17860,LC4,right,18127,LC4,right,2
20329,LPLC2,left,519650,LC4,left,2
20329,LPLC2,left,525844,LPLC2,left,2
20399,LC4,right,20542,LC4,right,2
17880,LPLC2,left,24308,LPLC2,left,2
21313,LC4,right,30803,LC4,right,2
20399,LC4,right,19260,LC4,right,2
18478,LC4,left,27750,LC4,left,2
17880,LPLC2,left,24523,LC4,left,2
515900,LC4,left,27829,LC4,left,2
20399,LC4,right,19794,LC4,right,2
18478,LC4,left,23202,LC4,left,2
21313,LC4,right,22218,LPLC2,right,2
21313,LC4,right,21225,LC4,right,2
17880,LPLC2,left,24568,LPLC2,left,2
20334,LPLC2,right,38542,LPLC2,right,2
20399,LC4,right,20808,LC4,right,2
21313,LC4,right,20542,LC4,right,2
515900,LC4,left,33137,LC4,left,2
515900,LC4,left,35616,LC4,left,2
517819,LPLC2,left,27023,LPLC2,left,2
515900,LC4,left,81112,LC4,left,2
517819,LPLC2,left,26528,LPLC2,left,2
20399,LC4,right,21313,LC4,right,2
20399,LC4,right,21336,LC4,right,2
20399,LC4,right,22194,LC4,right,2
17880,LPLC2,left,23919,LPLC2,left,2
21318,LPLC2,right,16128,LC4,right,2
21318,LPLC2,right,17054,LC4,right,2
524366,LPLC2,left,33303,LPLC2,left,2
18478,LC4,left,27829,LC4,left,2
517819,LPLC2,left,29702,LPLC2,left,2
21318,LPLC2,right,21808,LPLC2,right,2
17880,LPLC2,left,19830,LPLC2,left,2
21318,LPLC2,right,21225,LC4,right,2
21318,LPLC2,right,21225,LC4,right,2
17880,LPLC2,left,19911,LPLC2,left,2
21318,LPLC2,right,20694,LPLC2,right,2
21318,LPLC2,right,20584,LPLC2,right,2
21318,LPLC2,right,20471,LPLC2,right,2
21318,LPLC2,right,20182,LPLC2,right,2
20399,LC4,right,17668,LC4,right,2
515900,LC4,left,20859,LC4,left,2
17880,LPLC2,left,21299,LPLC2,left,2
21318,LPLC2,right,19543,LC4,right,2
515900,LC4,left,20976,LC4,left,2
20399,LC4,right,18127,LC4,right,2
524366,LPLC2,left,33406,LPLC2,left,2
21318,LPLC2,right,18189,LC4,right,2
515900,LC4,left,21721,LC4,left,2
21318,LPLC2,right,17987,LC4,right,2
21299,LPLC2,left,517079,LPLC2,left,2
20399,LC4,right,22847,LC4,right,2
21299,LPLC2,left,100103,LPLC2,left,2
21299,LPLC2,left,23349,LPLC2,left,2
21299,LPLC2,left,20572,LC4,left,2
21299,LPLC2,left,20329,LPLC2,left,2
20399,LC4,right,25584,LC4,right,2
20399,LC4,right,28945,LC4,right,2
21299,LPLC2,left,17880,LPLC2,left,2
21299,LPLC2,left,17774,LPLC2,left,2
21299,LPLC2,left,17270,LC4,left,2
21299,LPLC2,left,13764,LPLC2,left,2
18478,LC4,left,18396,LC4,left,2
20399,LC4,right,527408,LC4,right,2
17880,LPLC2,left,29702,LPLC2,left,2
20440,LC4,left,15018,LC4,left,2
21287,LC4,right,23792,LC4,right,2
21287,LC4,right,22847,LC4,right,2
521115,LPLC2,left,23247,LPLC2,left,2
21287,LC4,right,22328,LC4,right,2
17880,LPLC2,left,32237,LPLC2,left,2
21287,LC4,right,21336,LC4,right,2
21287,LC4,right,21225,LC4,right,2
21287,LC4,right,21165,LC4,right,2
21287,LC4,right,21151,LC4,right,2
21299,LPLC2,left,23247,LPLC2,left,2
17880,LPLC2,left,26528,LPLC2,left,2
21299,LPLC2,left,41097,LPLC2,left,2
20399,LC4,right,23792,LC4,right,2
515900,LC4,left,517752,LC4,left,2
21299,LPLC2,left,35294,LPLC2,left,2
21299,LPLC2,left,33406,LPLC2,left,2
21299,LPLC2,left,33303,LPLC2,left,2
21299,LPLC2,left,32737,LPLC2,left,2
21299,LPLC2,left,32237,LPLC2,left,2
17880,LPLC2,left,25209,LPLC2,left,2
17880,LPLC2,left,25286,LPLC2,left,2
515900,LC4,left,520449,LC4,left,2
21299,LPLC2,left,28188,LPLC2,left,2
21299,LPLC2,left,28011,LPLC2,left,2
21299,LPLC2,left,27716,LPLC2,left,2
515900,LC4,left,532254,LC4,left,2
17880,LPLC2,left,25854,LPLC2,left,2
21299,LPLC2,left,26416,LPLC2,left,2
20399,LC4,right,22975,LC4,right,2
21299,LPLC2,left,25854,LPLC2,left,2
21299,LPLC2,left,25572,LPLC2,left,2
18478,LC4,left,20440,LC4,left,2
515971,LPLC2,left,12032,LC4,left,2
21299,LPLC2,left,24605,LPLC2,left,2
18478,LC4,left,28980,LC4,left,2
517819,LPLC2,left,30895,LPLC2,left,2
517819,LPLC2,left,134521,LPLC2,left,2
17860,LC4,right,22194,LC4,right,2
20334,LPLC2,right,14465,LPLC2,right,2
17860,LC4,right,21313,LC4,right,2
21361,LPLC2,left,33406,LPLC2,left,2
18478,LC4,left,519650,LC4,left,2
17860,LC4,right,21808,LPLC2,right,2
21361,LPLC2,left,28188,LPLC2,left,2
20334,LPLC2,right,18929,LPLC2,right,2
21361,LPLC2,left,25524,LPLC2,left,2
20334,LPLC2,right,18929,LPLC2,right,2
524366,LPLC2,left,517819,LPLC2,left,2
18478,LC4,left,517752,LC4,left,2
21318,LPLC2,right,23098,LC4,right,2
517819,LPLC2,left,95241,LPLC2,left,2
17860,LC4,right,23098,LC4,right,2
18478,LC4,left,512705,LC4,left,2
20334,LPLC2,right,19954,LC4,right,2
21361,LPLC2,left,20329,LPLC2,left,2
17860,LC4,right,23792,LC4,right,2
515476,LC4,left,31301,LC4,left,2
524366,LPLC2,left,514670,LPLC2,left,2
21361,LPLC2,left,17880,LPLC2,left,2
21361,LPLC2,left,17653,LC4,left,2
20334,LPLC2,right,14465,LPLC2,right,2
17860,LC4,right,20808,LC4,right,2
524366,LPLC2,left,536444,LPLC2,left,2
21361,LPLC2,left,520449,LC4,left,2
21562,LPLC2,right,20749,LPLC2,right,2
21562,LPLC2,right,20542,LC4,right,2
514956,LC4,left,526286,LC4,left,2
17860,LC4,right,19260,LC4,right,2
514956,LC4,left,530029,LC4,left,2
21562,LPLC2,right,20162,LPLC2,right,2
20329,LPLC2,left,536444,LPLC2,left,2
21562,LPLC2,right,20016,LC4,right,2
21562,LPLC2,right,19842,LPLC2,right,2
21562,LPLC2,right,19608,LPLC2,right,2
21562,LPLC2,right,19249,LPLC2,right,2
21562,LPLC2,right,18929,LPLC2,right,2
515476,LC4,left,14888,LC4,left,2
21562,LPLC2,right,17548,LC4,right,2
17860,LC4,right,20162,LPLC2,right,2
21361,LPLC2,left,536444,LPLC2,left,2
21361,LPLC2,left,533129,LC4,left,2
18478,LC4,left,520449,LC4,left,2
521115,LPLC2,left,18396,LC4,left,2
21361,LPLC2,left,525844,LPLC2,left,2
515476,LC4,left,16809,LC4,left,2
17860,LC4,right,27566,LPLC2,right,2
17860,LC4,right,28945,LC4,right,2
17860,LC4,right,29563,LC4,right,2
20334,LPLC2,right,24401,LPLC2,right,2
21318,LPLC2,right,39620,LPLC2,right,2
21318,LPLC2,right,37925,LPLC2,right,2
20334,LPLC2,right,25636,LPLC2,right,2
21318,LPLC2,right,37613,LPLC2,right,2
517819,LPLC2,left,33406,LPLC2,left,2
20334,LPLC2,right,26730,LPLC2,right,2
21318,LPLC2,right,35838,LPLC2,right,2
20334,LPLC2,right,26915,LPLC2,right,2
20334,LPLC2,right,28044,LPLC2,right,2
20334,LPLC2,right,28871,LPLC2,right,2
21318,LPLC2,right,34681,LPLC2,right,2
21318,LPLC2,right,31988,LPLC2,right,2
20334,LPLC2,right,29183,LPLC2,right,2
21318,LPLC2,right,31257,LPLC2,right,2
21318,LPLC2,right,29598,LPLC2,right,2
515476,LC4,left,532254,LC4,left,2
20334,LPLC2,right,29986,LPLC2,right,2
20334,LPLC2,right,30938,LPLC2,right,2
17880,LPLC2,left,14888,LC4,left,2
21318,LPLC2,right,26915,LPLC2,right,2
18478,LC4,left,32597,LC4,left,2
17880,LPLC2,left,14030,LPLC2,left,2
21336,LC4,right,16138,LC4,right,2
20334,LPLC2,right,20103,LPLC2,right,2
21336,LC4,right,17054,LC4,right,2
20334,LPLC2,right,20182,LPLC2,right,2
21336,LC4,right,31262,LC4,right,2
515476,LC4,left,33137,LC4,left,2
20334,LPLC2,right,20535,LPLC2,right,2
517819,LPLC2,left,40841,LPLC2,left,2
20334,LPLC2,right,20749,LPLC2,right,2
515476,LC4,left,37587,LC4,left,2
18478,LC4,left,512366,LC4,left,2
21336,LC4,right,23098,LC4,right,2
21336,LC4,right,22975,LC4,right,2
524366,LPLC2,left,111903,LPLC2,left,2
515476,LC4,left,100485,LC4,left,2
21336,LC4,right,21313,LC4,right,2
515476,LC4,left,107513,LC4,left,2
21336,LC4,right,20542,LC4,right,2
21336,LC4,right,20282,LC4,right,2
515476,LC4,left,512366,LC4,left,2
20334,LPLC2,right,21862,LPLC2,right,2
521115,LPLC2,left,20240,LPLC2,left,2
21336,LC4,right,17926,LC4,right,2
20334,LPLC2,right,21899,LPLC2,right,2
23792,LC4,right,20673,LC4,right,2
23590,LPLC2,right,20584,LPLC2,right,2
23792,LC4,right,21336,LC4,right,2
16138,LC4,right,19550,LC4,right,2
19550,LC4,right,20542,LC4,right,2
25572,LPLC2,left,19830,LPLC2,left,2
25572,LPLC2,left,19787,LPLC2,left,2
25572,LPLC2,left,17990,LPLC2,left,2
50287,LPLC2,right,35680,LPLC2,right,2
19550,LC4,right,20808,LC4,right,2
19550,LC4,right,21336,LC4,right,2
50287,LPLC2,right,35889,LPLC2,right,2
25572,LPLC2,left,13764,LPLC2,left,2
19550,LC4,right,21769,LPLC2,right,2
25572,LPLC2,left,12384,LPLC2,left,2
50287,LPLC2,right,38542,LPLC2,right,2
532254,LC4,left,12349,LC4,left,2
16138,LC4,right,20917,LC4,right,2
25524,LPLC2,left,517079,LPLC2,left,2
19550,LC4,right,21804,LC4,right,2
531014,LPLC2,left,536444,LPLC2,left,2
25524,LPLC2,left,95241,LPLC2,left,2
25524,LPLC2,left,35294,LPLC2,left,2
25524,LPLC2,left,34407,LPLC2,left,2
25524,LPLC2,left,33965,LPLC2,left,2
16138,LC4,right,19634,LC4,right,2
25572,LPLC2,left,23247,LPLC2,left,2
50287,LPLC2,right,29598,LPLC2,right,2
16138,LC4,right,19543,LC4,right,2
25572,LPLC2,left,134521,LPLC2,left,2
518983,LC4,left,532254,LC4,left,2
25572,LPLC2,left,35294,LPLC2,left,2
25572,LPLC2,left,34051,LPLC2,left,2
25572,LPLC2,left,33406,LPLC2,left,2
19550,LC4,right,16628,LC4,right,2
25572,LPLC2,left,31563,LPLC2,left,2
25572,LPLC2,left,30893,LPLC2,left,2
19550,LC4,right,17054,LC4,right,2
19550,LC4,right,17548,LC4,right,2
25572,LPLC2,left,29753,LPLC2,left,2
25572,LPLC2,left,28011,LPLC2,left,2
25572,LPLC2,left,27796,LPLC2,left,2
50287,LPLC2,right,31257,LPLC2,right,2
520449,LC4,left,111903,LPLC2,left,2
25572,LPLC2,left,25575,LPLC2,left,2
19550,LC4,right,18189,LC4,right,2
19550,LC4,right,19634,LC4,right,2
19146,LPLC2,right,19034,LPLC2,right,2
50287,LPLC2,right,34110,LPLC2,right,2
50287,LPLC2,right,34110,LPLC2,right,2
25524,LPLC2,left,32237,LPLC2,left,2
25524,LPLC2,left,32223,LPLC2,left,2
55627,LPLC2,right,20047,LPLC2,right,2
25524,LPLC2,left,30895,LPLC2,left,2
25524,LPLC2,left,18900,LPLC2,left,2
25524,LPLC2,left,17774,LPLC2,left,2
55627,LPLC2,right,22966,LC4,right,2
520449,LC4,left,515900,LC4,left,2
55627,LPLC2,right,24268,LPLC2,right,2
55627,LPLC2,right,25267,LPLC2,right,2
16138,LC4,right,28945,LC4,right,2
55627,LPLC2,right,26915,LPLC2,right,2
25511,LPLC2,right,31988,LPLC2,right,2
19589,LPLC2,right,19146,LPLC2,right,2
25511,LPLC2,right,30938,LPLC2,right,2
25511,LPLC2,right,30207,LPLC2,right,2
16138,LC4,right,31262,LC4,right,2
25511,LPLC2,right,29216,LPLC2,right,2
25511,LPLC2,right,29014,LPLC2,right,2
19589,LPLC2,right,19608,LPLC2,right,2
19589,LPLC2,right,19794,LC4,right,2
25511,LPLC2,right,27566,LPLC2,right,2
25511,LPLC2,right,25497,LPLC2,right,2
25511,LPLC2,right,25316,LPLC2,right,2
25511,LPLC2,right,25267,LPLC2,right,2
25524,LPLC2,left,18936,LPLC2,left,2
19589,LPLC2,right,16628,LC4,right,2
19146,LPLC2,right,17364,LC4,right,2
25524,LPLC2,left,25572,LPLC2,left,2
518983,LC4,left,514508,LC4,left,2
55627,LPLC2,right,20182,LPLC2,right,2
518983,LC4,left,512366,LC4,left,2
518983,LC4,left,511914,LC4,left,2
25524,LPLC2,left,27716,LPLC2,left,2
55627,LPLC2,right,20694,LPLC2,right,2
16138,LC4,right,21313,LC4,right,2
25524,LPLC2,left,26416,LPLC2,left,2
25524,LPLC2,left,25575,LPLC2,left,2
518983,LC4,left,100485,LC4,left,2
25524,LPLC2,left,21299,LPLC2,left,2
16138,LC4,right,21336,LC4,right,2
55627,LPLC2,right,21808,LPLC2,right,2
520449,LC4,left,511914,LC4,left,2
25524,LPLC2,left,24605,LPLC2,left,2
55627,LPLC2,right,21862,LPLC2,right,2
25524,LPLC2,left,23349,LPLC2,left,2
25524,LPLC2,left,23247,LPLC2,left,2
55627,LPLC2,right,22034,LC4,right,2
520449,LC4,left,512705,LC4,left,2
16138,LC4,right,17668,LC4,right,2
16138,LC4,right,17266,LC4,right,2
25636,LPLC2,right,35680,LPLC2,right,2
25636,LPLC2,right,20535,LPLC2,right,2
19549,LPLC2,right,20269,LPLC2,right,2
41097,LPLC2,left,533895,LPLC2,left,2
25636,LPLC2,right,19589,LPLC2,right,2
16128,LC4,right,21225,LC4,right,2
50287,LPLC2,right,10584,DNp06,right,2
19549,LPLC2,right,20471,LPLC2,right,2
25636,LPLC2,right,14465,LPLC2,right,2
16128,LC4,right,21313,LC4,right,2
25584,LC4,right,527408,LC4,right,2
25584,LC4,right,30480,LC4,right,2
19549,LPLC2,right,20535,LPLC2,right,2
50287,LPLC2,right,18929,LPLC2,right,2
19549,LPLC2,right,20584,LPLC2,right,2
25584,LC4,right,22966,LC4,right,2
19549,LPLC2,right,21318,LPLC2,right,2
25584,LC4,right,22194,LC4,right,2
19549,LPLC2,right,21562,LPLC2,right,2
25584,LC4,right,21165,LC4,right,2
50287,LPLC2,right,19608,LPLC2,right,2
19549,LPLC2,right,22218,LPLC2,right,2
25584,LC4,right,20588,LC4,right,2
25636,LPLC2,right,20269,LPLC2,right,2
25636,LPLC2,right,21703,LPLC2,right,2
50287,LPLC2,right,29391,LPLC2,right,2
25636,LPLC2,right,22261,LPLC2,right,2
41097,LPLC2,left,40841,LPLC2,left,2
25636,LPLC2,right,32507,LPLC2,right,2
25636,LPLC2,right,30938,LPLC2,right,2
25636,LPLC2,right,30207,LPLC2,right,2
41097,LPLC2,left,95241,LPLC2,left,2
19549,LPLC2,right,17054,LC4,right,2
19549,LPLC2,right,17548,LC4,right,2
25636,LPLC2,right,29391,LPLC2,right,2
25636,LPLC2,right,29287,LPLC2,right,2
519650,LC4,left,20967,LC4,left,2
16128,LC4,right,20182,LPLC2,right,2
19549,LPLC2,right,18189,LC4,right,2
25636,LPLC2,right,29183,LPLC2,right,2
25636,LPLC2,right,28871,LPLC2,right,2
41097,LPLC2,left,129687,LPLC2,left,2
19549,LPLC2,right,19249,LPLC2,right,2
25636,LPLC2,right,28044,LPLC2,right,2
41097,LPLC2,left,514670,LPLC2,left,2
19549,LPLC2,right,19550,LC4,right,2
19549,LPLC2,right,19794,LC4,right,2
41097,LPLC2,left,518731,LPLC2,left,2
25584,LC4,right,20542,LC4,right,2
16128,LC4,right,22034,LC4,right,2
19549,LPLC2,right,22966,LC4,right,2
19549,LPLC2,right,24118,LPLC2,right,2
25575,LPLC2,left,30895,LPLC2,left,2
25575,LPLC2,left,28188,LPLC2,left,2
50287,LPLC2,right,24401,LPLC2,right,2
25575,LPLC2,left,26416,LPLC2,left,2
50287,LPLC2,right,25511,LPLC2,right,2
19549,LPLC2,right,28871,LPLC2,right,2
19549,LPLC2,right,29183,LPLC2,right,2
25575,LPLC2,left,23550,LPLC2,left,2
25575,LPLC2,left,23349,LPLC2,left,2
16128,LC4,right,35889,LPLC2,right,2
25575,LPLC2,left,20799,LPLC2,left,2
16128,LC4,right,38065,LC4,right,2
25575,LPLC2,left,19787,LPLC2,left,2
25575,LPLC2,left,17990,LPLC2,left,2
16138,LC4,right,16628,LC4,right,2
50287,LPLC2,right,28044,LPLC2,right,2
25575,LPLC2,left,14102,LPLC2,left,2
50287,LPLC2,right,29183,LPLC2,right,2
16138,LC4,right,17054,LC4,right,2
50287,LPLC2,right,29216,LPLC2,right,2
25572,LPLC2,left,533895,LPLC2,left,2
19549,LPLC2,right,28044,LPLC2,right,2
50287,LPLC2,right,23878,LPLC2,right,2
25575,LPLC2,left,33303,LPLC2,left,2
19549,LPLC2,right,25636,LPLC2,right,2
25584,LC4,right,17926,LC4,right,2
519650,LC4,left,18478,LC4,left,2
25584,LC4,right,16138,LC4,right,2
19146,LPLC2,right,20047,LPLC2,right,2
19549,LPLC2,right,25316,LPLC2,right,2
25575,LPLC2,left,536444,LPLC2,left,2
50287,LPLC2,right,21562,LPLC2,right,2
25575,LPLC2,left,524366,LPLC2,left,2
19549,LPLC2,right,25497,LPLC2,right,2
25575,LPLC2,left,518731,LPLC2,left,2
25575,LPLC2,left,33406,LPLC2,left,2
25575,LPLC2,left,518730,LC4,left,2
16128,LC4,right,23392,LC4,right,2
50287,LPLC2,right,22261,LPLC2,right,2
25575,LPLC2,left,41097,LPLC2,left,2
25575,LPLC2,left,40841,LPLC2,left,2
19549,LPLC2,right,27471,LPLC2,right,2
25575,LPLC2,left,34655,LPLC2,left,2
50287,LPLC2,right,23590,LPLC2,right,2
25575,LPLC2,left,34051,LPLC2,left,2
25511,LPLC2,right,24187,LPLC2,right,2
25511,LPLC2,right,23878,LPLC2,right,2
19589,LPLC2,right,20182,LPLC2,right,2
81112,LC4,left,28980,LC4,left,2
81112,LC4,left,29417,LC4,left,2
19034,LPLC2,right,24800,LPLC2,right,2
25267,LPLC2,right,34372,LPLC2,right,2
19608,LPLC2,right,27471,LPLC2,right,2
81112,LC4,left,32597,LC4,left,2
16809,LC4,left,21721,LC4,left,2
25267,LPLC2,right,30938,LPLC2,right,2
25267,LPLC2,right,29598,LPLC2,right,2
81112,LC4,left,35262,LC4,left,2
19608,LPLC2,right,27566,LPLC2,right,2
25267,LPLC2,right,28003,LPLC2,right,2
25267,LPLC2,right,26915,LPLC2,right,2
25267,LPLC2,right,26147,LPLC2,right,2
25267,LPLC2,right,25636,LPLC2,right,2
531014,LPLC2,left,32223,LPLC2,left,2
19608,LPLC2,right,28871,LPLC2,right,2
81112,LC4,left,515476,LC4,left,2
25267,LPLC2,right,21703,LPLC2,right,2
81112,LC4,left,516909,LC4,left,2
81112,LC4,left,518016,LC4,left,2
16809,LC4,left,29319,LPLC2,left,2
16809,LC4,left,17608,LC4,left,2
25267,LPLC2,right,50287,LPLC2,right,2
25511,LPLC2,right,23497,LPLC2,right,2
25267,LPLC2,right,55627,LPLC2,right,2
19608,LPLC2,right,22218,LPLC2,right,2
81112,LC4,left,12824,LC4,left,2
19034,LPLC2,right,25511,LPLC2,right,2
25286,LPLC2,left,28011,LPLC2,left,2
25286,LPLC2,left,27716,LPLC2,left,2
25286,LPLC2,left,25136,LPLC2,left,2
25286,LPLC2,left,25027,LPLC2,left,2
25286,LPLC2,left,24840,LPLC2,left,2
81112,LC4,left,18432,LC4,left,2
25286,LPLC2,left,23665,LPLC2,left,2
25286,LPLC2,left,23247,LPLC2,left,2
25286,LPLC2,left,22253,LPLC2,left,2
25286,LPLC2,left,21299,LPLC2,left,2
17340,LC4,left,519931,LC4,left,2
531014,LPLC2,left,34051,LPLC2,left,2
19034,LPLC2,right,25497,LPLC2,right,2
19608,LPLC2,right,25511,LPLC2,right,2
19608,LPLC2,right,25636,LPLC2,right,2
19608,LPLC2,right,26147,LPLC2,right,2
19034,LPLC2,right,25253,LPLC2,right,2
16809,LC4,left,17478,LC4,left,2
25267,LPLC2,right,20694,LPLC2,right,2
81112,LC4,left,519931,LC4,left,2
19608,LPLC2,right,29014,LPLC2,right,2
81112,LC4,left,524899,LC4,left,2
25253,LPLC2,right,25267,LPLC2,right,2
16809,LC4,left,518730,LC4,left,2
95241,LPLC2,left,17544,LPLC2,left,2
19608,LPLC2,right,38542,LPLC2,right,2
531014,LPLC2,left,27399,LPLC2,left,2
25253,LPLC2,right,23590,LPLC2,right,2
19608,LPLC2,right,50287,LPLC2,right,2
25253,LPLC2,right,21862,LPLC2,right,2
25253,LPLC2,right,21703,LPLC2,right,2
16809,LC4,left,532254,LC4,left,2
25253,LPLC2,right,21318,LPLC2,right,2
19608,LPLC2,right,55627,LPLC2,right,2
25253,LPLC2,right,20269,LPLC2,right,2
25253,LPLC2,right,20103,LPLC2,right,2
19634,LC4,right,17364,LC4,right,2
25253,LPLC2,right,19260,LC4,right,2
25253,LPLC2,right,19229,LPLC2,right,2
95241,LPLC2,left,18936,LPLC2,left,2
19634,LC4,right,17668,LC4,right,2
25209,LPLC2,left,536444,LPLC2,left,2
25209,LPLC2,left,531014,LPLC2,left,2
25253,LPLC2,right,26147,LPLC2,right,2
25253,LPLC2,right,26393,LPLC2,right,2
19034,LPLC2,right,22677,LPLC2,right,2
25253,LPLC2,right,50287,LPLC2,right,2
16809,LC4,left,30087,LC4,left,2
25267,LPLC2,right,20182,LPLC2,right,2
25267,LPLC2,right,20162,LPLC2,right,2
81112,LC4,left,532254,LC4,left,2
25267,LPLC2,right,19589,LPLC2,right,2
25267,LPLC2,right,19550,LC4,right,2
19608,LPLC2,right,31257,LPLC2,right,2
25267,LPLC2,right,19549,LPLC2,right,2
19608,LPLC2,right,32507,LPLC2,right,2
16809,LC4,left,77614,LC4,left,2
25253,LPLC2,right,28003,LPLC2,right,2
25253,LPLC2,right,35632,LPLC2,right,2
25253,LPLC2,right,33694,LPLC2,right,2
25253,LPLC2,right,33396,LPLC2,right,2
25253,LPLC2,right,30207,LPLC2,right,2
25253,LPLC2,right,30041,LPLC2,right,2
19034,LPLC2,right,23098,LC4,right,2
16809,LC4,left,515476,LC4,left,2
518731,LPLC2,left,524366,LPLC2,left,2
25253,LPLC2,right,28044,LPLC2,right,2
531014,LPLC2,left,35294,LPLC2,left,2
19608,LPLC2,right,21862,LPLC2,right,2
19608,LPLC2,right,21562,LPLC2,right,2
25497,LPLC2,right,19589,LPLC2,right,2
25497,LPLC2,right,29391,LPLC2,right,2
25497,LPLC2,right,29014,LPLC2,right,2
25497,LPLC2,right,28871,LPLC2,right,2
16628,LC4,right,19550,LC4,right,2
16628,LC4,right,19634,LC4,right,2
25497,LPLC2,right,25316,LPLC2,right,2
518983,LC4,left,29514,LC4,left,2
520449,LC4,left,519650,LC4,left,2
25497,LPLC2,right,24401,LPLC2,right,2
25497,LPLC2,right,24118,LPLC2,right,2
25497,LPLC2,right,23098,LC4,right,2
25497,LPLC2,right,22966,LC4,right,2
25497,LPLC2,right,22677,LPLC2,right,2
19034,LPLC2,right,30207,LPLC2,right,2
25497,LPLC2,right,21318,LPLC2,right,2
25497,LPLC2,right,21225,LC4,right,2
25497,LPLC2,right,20749,LPLC2,right,2
55627,LPLC2,right,527408,LC4,right,2
25497,LPLC2,right,20471,LPLC2,right,2
518983,LC4,left,27829,LC4,left,2
16628,LC4,right,20808,LC4,right,2
25497,LPLC2,right,29598,LPLC2,right,2
25497,LPLC2,right,30938,LPLC2,right,2
25497,LPLC2,right,31988,LPLC2,right,2
25511,LPLC2,right,19034,LPLC2,right,2
25511,LPLC2,right,22677,LPLC2,right,2
25511,LPLC2,right,22261,LPLC2,right,2
25511,LPLC2,right,22218,LPLC2,right,2
55627,LPLC2,right,29287,LPLC2,right,2
19034,LPLC2,right,33439,LPLC2,right,2
25511,LPLC2,right,21336,LC4,right,2
25511,LPLC2,right,20334,LPLC2,right,2
25511,LPLC2,right,19249,LPLC2,right,2
25511,LPLC2,right,19146,LPLC2,right,2
19034,LPLC2,right,33185,LPLC2,right,2
25497,LPLC2,right,32507,LPLC2,right,2
25511,LPLC2,right,16138,LC4,right,2
25511,LPLC2,right,16128,LC4,right,2
19589,LPLC2,right,22194,LC4,right,2
19589,LPLC2,right,22218,LPLC2,right,2
25497,LPLC2,right,39620,LPLC2,right,2
19589,LPLC2,right,22261,LPLC2,right,2
19589,LPLC2,right,23098,LC4,right,2
25497,LPLC2,right,34681,LPLC2,right,2
25497,LPLC2,right,34110,LPLC2,right,2
25497,LPLC2,right,19608,LPLC2,right,2
25497,LPLC2,right,18127,LC4,right,2
77614,LC4,left,519931,LC4,left,2
77614,LC4,left,14888,LC4,left,2
19608,LPLC2,right,19146,LPLC2,right,2
25316,LPLC2,right,20535,LPLC2,right,2
77614,LC4,left,35616,LC4,left,2
25316,LPLC2,right,20103,LPLC2,right,2
77614,LC4,left,37587,LC4,left,2
19608,LPLC2,right,19420,LC4,right,2
25316,LPLC2,right,19794,LC4,right,2
77614,LC4,left,100485,LC4,left,2
77614,LC4,left,511914,LC4,left,2
19608,LPLC2,right,20103,LPLC2,right,2
25316,LPLC2,right,16628,LC4,right,2
19608,LPLC2,right,20162,LPLC2,right,2
19034,LPLC2,right,26915,LPLC2,right,2
25286,LPLC2,left,517079,LPLC2,left,2
25286,LPLC2,left,517078,LPLC2,left,2
25286,LPLC2,left,111903,LPLC2,left,2
77614,LC4,left,518544,LC4,left,2
77614,LC4,left,518730,LC4,left,2
25286,LPLC2,left,40841,LPLC2,left,2
25286,LPLC2,left,40811,LPLC2,left,2
19608,LPLC2,right,20694,LPLC2,right,2
25316,LPLC2,right,20694,LPLC2,right,2
19034,LPLC2,right,29014,LPLC2,right,2
520449,LC4,left,524899,LC4,left,2
16628,LC4,right,21804,LC4,right,2
77614,LC4,left,16809,LC4,left,2
16628,LC4,right,21287,LC4,right,2
25316,LPLC2,right,35889,LPLC2,right,2
25316,LPLC2,right,35632,LPLC2,right,2
19034,LPLC2,right,30041,LPLC2,right,2
19589,LPLC2,right,31988,LPLC2,right,2
77614,LC4,left,18478,LC4,left,2
77614,LC4,left,20440,LC4,left,2
25316,LPLC2,right,31257,LPLC2,right,2
518983,LC4,left,21299,LPLC2,left,2
19608,LPLC2,right,17364,LC4,right,2
25316,LPLC2,right,29216,LPLC2,right,2
25316,LPLC2,right,26730,LPLC2,right,2
25316,LPLC2,right,26393,LPLC2,right,2
19589,LPLC2,right,35632,LPLC2,right,2
25316,LPLC2,right,25267,LPLC2,right,2
77614,LC4,left,24523,LC4,left,2
25316,LPLC2,right,23497,LPLC2,right,2
25316,LPLC2,right,22677,LPLC2,right,2
25316,LPLC2,right,22218,LPLC2,right,2
25636,LPLC2,right,33439,LPLC2,right,2
41097,LPLC2,left,34407,LPLC2,left,2
25209,LPLC2,left,524366,LPLC2,left,2
40811,LPLC2,left,27023,LPLC2,left,2
19249,LPLC2,right,20471,LPLC2,right,2
40811,LPLC2,left,27399,LPLC2,left,2
19249,LPLC2,right,20535,LPLC2,right,2
26915,LPLC2,right,28741,LPLC2,right,2
26915,LPLC2,right,27566,LPLC2,right,2
26915,LPLC2,right,27471,LPLC2,right,2
26915,LPLC2,right,26730,LPLC2,right,2
26915,LPLC2,right,26147,LPLC2,right,2
519931,LC4,left,31301,LC4,left,2
15804,LPLC2,left,11498,LPLC2,left,2
26915,LPLC2,right,24268,LPLC2,right,2
26915,LPLC2,right,24187,LPLC2,right,2
26915,LPLC2,right,24118,LPLC2,right,2
19146,LPLC2,right,34681,LPLC2,right,2
19249,LPLC2,right,21703,LPLC2,right,2
26915,LPLC2,right,22677,LPLC2,right,2
26915,LPLC2,right,21899,LPLC2,right,2
26915,LPLC2,right,21862,LPLC2,right,2
19249,LPLC2,right,21808,LPLC2,right,2
26915,LPLC2,right,20749,LPLC2,right,2
26915,LPLC2,right,20694,LPLC2,right,2
19249,LPLC2,right,20269,LPLC2,right,2
26915,LPLC2,right,31257,LPLC2,right,2
40811,LPLC2,left,23665,LPLC2,left,2
26915,LPLC2,right,31988,LPLC2,right,2
27023,LPLC2,left,21299,LPLC2,left,2
40811,LPLC2,left,24568,LPLC2,left,2
40811,LPLC2,left,25027,LPLC2,left,2
27023,LPLC2,left,19830,LPLC2,left,2
40811,LPLC2,left,25136,LPLC2,left,2
27023,LPLC2,left,18432,LC4,left,2
27023,LPLC2,left,17990,LPLC2,left,2
27023,LPLC2,left,17775,LPLC2,left,2
27023,LPLC2,left,14102,LPLC2,left,2
27023,LPLC2,left,13764,LPLC2,left,2
27023,LPLC2,left,13726,LPLC2,left,2
15018,LC4,left,514508,LC4,left,2
26915,LPLC2,right,55627,LPLC2,right,2
26915,LPLC2,right,39620,LPLC2,right,2
15018,LC4,left,518016,LC4,left,2
26915,LPLC2,right,37431,LPLC2,right,2
26915,LPLC2,right,35889,LPLC2,right,2
520449,LC4,left,22772,LC4,left,2
26915,LPLC2,right,35632,LPLC2,right,2
26915,LPLC2,right,33185,LPLC2,right,2
26915,LPLC2,right,32507,LPLC2,right,2
26915,LPLC2,right,20673,LC4,right,2
26915,LPLC2,right,20103,LPLC2,right,2
15804,LPLC2,left,13764,LPLC2,left,2
26915,LPLC2,right,19589,LPLC2,right,2
26730,LPLC2,right,26147,LPLC2,right,2
26730,LPLC2,right,25636,LPLC2,right,2
19249,LPLC2,right,27566,LPLC2,right,2
26730,LPLC2,right,22261,LPLC2,right,2
15804,LPLC2,left,17990,LPLC2,left,2
532254,LC4,left,518016,LC4,left,2
26730,LPLC2,right,21703,LPLC2,right,2
26730,LPLC2,right,21562,LPLC2,right,2
15804,LPLC2,left,18936,LPLC2,left,2
26730,LPLC2,right,21045,LPLC2,right,2
26730,LPLC2,right,20694,LPLC2,right,2
40841,LPLC2,left,11498,LPLC2,left,2
519931,LC4,left,20440,LC4,left,2
40841,LPLC2,left,13764,LPLC2,left,2
40841,LPLC2,left,14030,LPLC2,left,2
26730,LPLC2,right,19550,LC4,right,2
15804,LPLC2,left,19911,LPLC2,left,2
40841,LPLC2,left,14888,LC4,left,2
26730,LPLC2,right,19229,LPLC2,right,2
40841,LPLC2,left,17270,LC4,left,2
26730,LPLC2,right,14465,LPLC2,right,2
40811,LPLC2,left,517079,LPLC2,left,2
26730,LPLC2,right,26915,LPLC2,right,2
19146,LPLC2,right,33185,LPLC2,right,2
26730,LPLC2,right,33439,LPLC2,right,2
26915,LPLC2,right,19229,LPLC2,right,2
26915,LPLC2,right,18929,LPLC2,right,2
520449,LC4,left,22922,LC4,left,2
532254,LC4,left,518983,LC4,left,2
40811,LPLC2,left,34051,LPLC2,left,2
26730,LPLC2,right,37925,LPLC2,right,2
26730,LPLC2,right,35889,LPLC2,right,2
26730,LPLC2,right,35838,LPLC2,right,2
19146,LPLC2,right,33396,LPLC2,right,2
40811,LPLC2,left,40841,LPLC2,left,2
40811,LPLC2,left,129687,LPLC2,left,2
26730,LPLC2,right,31988,LPLC2,right,2
26730,LPLC2,right,31964,LPLC2,right,2
26730,LPLC2,right,31257,LPLC2,right,2
26730,LPLC2,right,30207,LPLC2,right,2
26730,LPLC2,right,30041,LPLC2,right,2
26730,LPLC2,right,29986,LPLC2,right,2
519931,LC4,left,22922,LC4,left,2
26730,LPLC2,right,28871,LPLC2,right,2
19249,LPLC2,right,25497,LPLC2,right,2
40811,LPLC2,left,23919,LPLC2,left,2
27023,LPLC2,left,24308,LPLC2,left,2
41097,LPLC2,left,34051,LPLC2,left,2
19229,LPLC2,right,25267,LPLC2,right,2
27399,LPLC2,left,18900,LPLC2,left,2
19229,LPLC2,right,25636,LPLC2,right,2
27399,LPLC2,left,17774,LPLC2,left,2
27399,LPLC2,left,17059,LPLC2,left,2
533129,LC4,left,14888,LC4,left,2
27399,LPLC2,left,14102,LPLC2,left,2
19229,LPLC2,right,19146,LPLC2,right,2
14888,LC4,left,515476,LC4,left,2
520449,LC4,left,18478,LC4,left,2
14888,LC4,left,516909,LC4,left,2
14888,LC4,left,517752,LC4,left,2
14888,LC4,left,518016,LC4,left,2
19229,LPLC2,right,28003,LPLC2,right,2
27355,LPLC2,left,517078,LPLC2,left,2
39620,LPLC2,right,34681,LPLC2,right,2
19229,LPLC2,right,28871,LPLC2,right,2
519931,LC4,left,535341,LC4,left,2
27355,LPLC2,left,111903,LPLC2,left,2
27355,LPLC2,left,95241,LPLC2,left,2
27355,LPLC2,left,40841,LPLC2,left,2
519931,LC4,left,533129,LC4,left,2
27399,LPLC2,left,18936,LPLC2,left,2
520449,LC4,left,17544,LPLC2,left,2
27023,LPLC2,left,24523,LC4,left,2
39620,LPLC2,right,30803,LC4,right,2
14888,LC4,left,21721,LC4,left,2
27399,LPLC2,left,34655,LPLC2,left,2
27399,LPLC2,left,33406,LPLC2,left,2
27399,LPLC2,left,32737,LPLC2,left,2
19229,LPLC2,right,22194,LC4,right,2
39620,LPLC2,right,29986,LPLC2,right,2
39620,LPLC2,right,30041,LPLC2,right,2
27399,LPLC2,left,27716,LPLC2,left,2
533129,LC4,left,17653,LC4,left,2
19229,LPLC2,right,19608,LPLC2,right,2
27399,LPLC2,left,27023,LPLC2,left,2
14888,LC4,left,31308,LC4,left,2
27399,LPLC2,left,25572,LPLC2,left,2
27399,LPLC2,left,25286,LPLC2,left,2
27399,LPLC2,left,25136,LPLC2,left,2
39620,LPLC2,right,30480,LC4,right,2
19229,LPLC2,right,23590,LPLC2,right,2
27399,LPLC2,left,23919,LPLC2,left,2
27399,LPLC2,left,23665,LPLC2,left,2
520449,LC4,left,17340,LC4,left,2
27399,LPLC2,left,23550,LPLC2,left,2
27355,LPLC2,left,35294,LPLC2,left,2
27355,LPLC2,left,34407,LPLC2,left,2
519931,LC4,left,533129,LC4,left,2
19229,LPLC2,right,30207,LPLC2,right,2
519931,LC4,left,518439,LC4,left,2
27023,LPLC2,left,525844,LPLC2,left,2
40811,LPLC2,left,15018,LC4,left,2
27023,LPLC2,left,520764,LPLC2,left,2
27023,LPLC2,left,518731,LPLC2,left,2
40811,LPLC2,left,19787,LPLC2,left,2
27023,LPLC2,left,34407,LPLC2,left,2
519931,LC4,left,514508,LC4,left,2
27023,LPLC2,left,33965,LPLC2,left,2
27023,LPLC2,left,33303,LPLC2,left,2
27023,LPLC2,left,32223,LPLC2,left,2
27023,LPLC2,left,30893,LPLC2,left,2
19249,LPLC2,right,19146,LPLC2,right,2
27023,LPLC2,left,29815,LPLC2,left,2
40811,LPLC2,left,22253,LPLC2,left,2
27023,LPLC2,left,29702,LPLC2,left,2
40811,LPLC2,left,23247,LPLC2,left,2
27023,LPLC2,left,26528,LPLC2,left,2
15018,LC4,left,100485,LC4,left,2
27023,LPLC2,left,25136,LPLC2,left,2
27023,LPLC2,left,24605,LPLC2,left,2
27023,LPLC2,left,533895,LPLC2,left,2
15018,LC4,left,29417,LC4,left,2
15018,LC4,left,28980,LC4,left,2
532254,LC4,left,535341,LC4,left,2
533129,LC4,left,10010,DNp01,left,2
19229,LPLC2,right,31988,LPLC2,right,2
39620,LPLC2,right,35889,LPLC2,right,2
27355,LPLC2,left,29753,LPLC2,left,2
519931,LC4,left,526286,LC4,left,2
27355,LPLC2,left,28011,LPLC2,left,2
27355,LPLC2,left,27716,LPLC2,left,2
27355,LPLC2,left,26528,LPLC2,left,2
19229,LPLC2,right,33694,LPLC2,right,2
27355,LPLC2,left,25027,LPLC2,left,2
27355,LPLC2,left,15018,LC4,left,2
27355,LPLC2,left,23665,LPLC2,left,2
19229,LPLC2,right,35632,LPLC2,right,2
27355,LPLC2,left,20329,LPLC2,left,2
27355,LPLC2,left,19830,LPLC2,left,2
27355,LPLC2,left,19787,LPLC2,left,2
519931,LC4,left,518983,LC4,left,2
532254,LC4,left,530029,LC4,left,2
27355,LPLC2,left,18900,LPLC2,left,2
27355,LPLC2,left,17544,LPLC2,left,2
15804,LPLC2,left,20967,LC4,left,2
40841,LPLC2,left,17880,LPLC2,left,2
15804,LPLC2,left,21299,LPLC2,left,2
26147,LPLC2,right,25267,LPLC2,right,2
15804,LPLC2,left,134521,LPLC2,left,2
26147,LPLC2,right,24401,LPLC2,right,2
26147,LPLC2,right,23392,LC4,right,2
26147,LPLC2,right,22677,LPLC2,right,2
26147,LPLC2,right,22261,LPLC2,right,2
41097,LPLC2,left,21299,LPLC2,left,2
26147,LPLC2,right,21808,LPLC2,right,2
41097,LPLC2,left,21361,LPLC2,left,2
26147,LPLC2,right,20749,LPLC2,right,2
26147,LPLC2,right,20535,LPLC2,right,2
26147,LPLC2,right,20334,LPLC2,right,2
26147,LPLC2,right,19589,LPLC2,right,2
532254,LC4,left,31308,LC4,left,2
26112,LC4,right,30480,LC4,right,2
26112,LC4,right,29563,LC4,right,2
26112,LC4,right,28945,LC4,right,2
26112,LC4,right,23392,LC4,right,2
26112,LC4,right,22975,LC4,right,2
26112,LC4,right,22847,LC4,right,2
26112,LC4,right,22847,LC4,right,2
26112,LC4,right,22034,LC4,right,2
19420,LC4,right,29563,LC4,right,2
519650,LC4,left,81112,LC4,left,2
26528,LPLC2,left,521115,LPLC2,left,2
26147,LPLC2,right,25316,LPLC2,right,2
519650,LC4,left,511914,LC4,left,2
26147,LPLC2,right,50287,LPLC2,right,2
26147,LPLC2,right,39620,LPLC2,right,2
19420,LC4,right,20542,LC4,right,2
519650,LC4,left,107513,LC4,left,2
19420,LC4,right,20917,LC4,right,2
26147,LPLC2,right,34681,LPLC2,right,2
19420,LC4,right,21151,LC4,right,2
19420,LC4,right,21336,LC4,right,2
26147,LPLC2,right,33439,LPLC2,right,2
26147,LPLC2,right,31257,LPLC2,right,2
26147,LPLC2,right,30041,LPLC2,right,2
26147,LPLC2,right,29986,LPLC2,right,2
532254,LC4,left,32597,LC4,left,2
19420,LC4,right,22847,LC4,right,2
19420,LC4,right,23098,LC4,right,2
15804,LPLC2,left,100103,LPLC2,left,2
26147,LPLC2,right,26915,LPLC2,right,2
26147,LPLC2,right,26393,LPLC2,right,2
26147,LPLC2,right,25511,LPLC2,right,2
26147,LPLC2,right,25511,LPLC2,right,2
26112,LC4,right,21804,LC4,right,2
532254,LC4,left,30087,LC4,left,2
19543,LC4,right,17548,LC4,right,2
26112,LC4,right,21313,LC4,right,2
25854,LPLC2,left,27023,LPLC2,left,2
25854,LPLC2,left,26416,LPLC2,left,2
25854,LPLC2,left,25572,LPLC2,left,2
25854,LPLC2,left,25524,LPLC2,left,2
25854,LPLC2,left,25209,LPLC2,left,2
532254,LC4,left,24523,LC4,left,2
25854,LPLC2,left,24605,LPLC2,left,2
25854,LPLC2,left,23247,LPLC2,left,2
25854,LPLC2,left,22253,LPLC2,left,2
25854,LPLC2,left,21299,LPLC2,left,2
25854,LPLC2,left,20799,LPLC2,left,2
25854,LPLC2,left,19911,LPLC2,left,2
25854,LPLC2,left,17880,LPLC2,left,2
25854,LPLC2,left,17775,LPLC2,left,2
25854,LPLC2,left,17059,LPLC2,left,2
25854,LPLC2,left,13726,LPLC2,left,2
25854,LPLC2,left,13132,LPLC2,left,2
25854,LPLC2,left,11498,LPLC2,left,2
16128,LC4,right,19634,LC4,right,2
25636,LPLC2,right,50287,LPLC2,right,2
25636,LPLC2,right,37925,LPLC2,right,2
41097,LPLC2,left,30512,LPLC2,left,2
16128,LC4,right,17266,LC4,right,2
19543,LC4,right,26112,LC4,right,2
26112,LC4,right,16138,LC4,right,2
15804,LPLC2,left,526286,LC4,left,2
26112,LC4,right,21165,LC4,right,2
26112,LC4,right,21151,LC4,right,2
26112,LC4,right,20673,LC4,right,2
41097,LPLC2,left,25572,LPLC2,left,2
41097,LPLC2,left,25575,LPLC2,left,2
26112,LC4,right,19550,LC4,right,2
19543,LC4,right,18127,LC4,right,2
519650,LC4,left,31301,LC4,left,2
25854,LPLC2,left,533895,LPLC2,left,2
25854,LPLC2,left,34655,LPLC2,left,2
15804,LPLC2,left,536444,LPLC2,left,2
519650,LC4,left,29469,LC4,left,2
16128,LC4,right,10584,DNp06,right,2
25854,LPLC2,left,517078,LPLC2,left,2
19543,LC4,right,21225,LC4,right,2
25854,LPLC2,left,112292,LPLC2,left,2
19543,LC4,right,21287,LC4,right,2
25854,LPLC2,left,81112,LC4,left,2
25854,LPLC2,left,40841,LPLC2,left,2
19420,LC4,right,19634,LC4,right,2
19420,LC4,right,19634,LC4,right,2
26393,LPLC2,right,20162,LPLC2,right,2
26416,LPLC2,left,27716,LPLC2,left,2
40841,LPLC2,left,25027,LPLC2,left,2
26528,LPLC2,left,17544,LPLC2,left,2
26528,LPLC2,left,13726,LPLC2,left,2
15804,LPLC2,left,25572,LPLC2,left,2
519650,LC4,left,533129,LC4,left,2
26416,LPLC2,left,520764,LPLC2,left,2
26416,LPLC2,left,520449,LC4,left,2
19260,LC4,right,19634,LC4,right,2
40841,LPLC2,left,25575,LPLC2,left,2
26416,LPLC2,left,40811,LPLC2,left,2
26416,LPLC2,left,35616,LC4,left,2
26416,LPLC2,left,34407,LPLC2,left,2
19260,LC4,right,20016,LC4,right,2
19260,LC4,right,20588,LC4,right,2
19260,LC4,right,21225,LC4,right,2
26416,LPLC2,left,31429,LC4,left,2
19146,LPLC2,right,27566,LPLC2,right,2
26416,LPLC2,left,30512,LPLC2,left,2
40841,LPLC2,left,29319,LPLC2,left,2
26416,LPLC2,left,29514,LC4,left,2
19146,LPLC2,right,26915,LPLC2,right,2
519931,LC4,left,10010,DNp01,left,2
26528,LPLC2,left,21299,LPLC2,left,2
40841,LPLC2,left,24840,LPLC2,left,2
40841,LPLC2,left,20240,LPLC2,left,2
40841,LPLC2,left,17990,LPLC2,left,2
26528,LPLC2,left,515476,LC4,left,2
40841,LPLC2,left,18432,LC4,left,2
40841,LPLC2,left,18936,LPLC2,left,2
19146,LPLC2,right,29986,LPLC2,right,2
26528,LPLC2,left,95241,LPLC2,left,2
26528,LPLC2,left,40811,LPLC2,left,2
26528,LPLC2,left,34655,LPLC2,left,2
26528,LPLC2,left,34407,LPLC2,left,2
19260,LC4,right,16128,LC4,right,2
15804,LPLC2,left,25136,LPLC2,left,2
19146,LPLC2,right,29216,LPLC2,right,2
26528,LPLC2,left,29514,LC4,left,2
15804,LPLC2,left,23919,LPLC2,left,2
26528,LPLC2,left,27716,LPLC2,left,2
19260,LC4,right,17860,LC4,right,2
40841,LPLC2,left,24308,LPLC2,left,2
26528,LPLC2,left,25136,LPLC2,left,2
26528,LPLC2,left,25027,LPLC2,left,2
26528,LPLC2,left,23665,LPLC2,left,2
532254,LC4,left,514508,LC4,left,2
40841,LPLC2,left,29815,LPLC2,left,2
41097,LPLC2,left,13726,LPLC2,left,2
40841,LPLC2,left,29815,LPLC2,left,2
26393,LPLC2,right,29598,LPLC2,right,2
19260,LC4,right,28945,LC4,right,2
19420,LC4,right,16128,LC4,right,2
26393,LPLC2,right,29287,LPLC2,right,2
40841,LPLC2,left,517078,LPLC2,left,2
26393,LPLC2,right,29014,LPLC2,right,2
26393,LPLC2,right,28741,LPLC2,right,2
26393,LPLC2,right,27566,LPLC2,right,2
26393,LPLC2,right,27471,LPLC2,right,2
26393,LPLC2,right,26915,LPLC2,right,2
19420,LC4,right,17054,LC4,right,2
532254,LC4,left,81112,LC4,left,2
26393,LPLC2,right,24118,LPLC2,right,2
15804,LPLC2,left,32237,LPLC2,left,2
519650,LC4,left,515900,LC4,left,2
19146,LPLC2,right,24268,LPLC2,right,2
26393,LPLC2,right,22261,LPLC2,right,2
40841,LPLC2,left,525844,LPLC2,left,2
26393,LPLC2,right,21769,LPLC2,right,2
40841,LPLC2,left,531014,LPLC2,left,2
41097,LPLC2,left,10228,DNp06,left,2
19146,LPLC2,right,26147,LPLC2,right,2
15804,LPLC2,left,30512,LPLC2,left,2
26393,LPLC2,right,33439,LPLC2,right,2
26416,LPLC2,left,17774,LPLC2,left,2
26416,LPLC2,left,25854,LPLC2,left,2
40841,LPLC2,left,30893,LPLC2,left,2
26416,LPLC2,left,24523,LC4,left,2
26416,LPLC2,left,23550,LPLC2,left,2
26416,LPLC2,left,21299,LPLC2,left,2
26416,LPLC2,left,20799,LPLC2,left,2
40841,LPLC2,left,31301,LC4,left,2
40841,LPLC2,left,32223,LPLC2,left,2
19260,LC4,right,22847,LC4,right,2
15804,LPLC2,left,27796,LPLC2,left,2
26393,LPLC2,right,34681,LPLC2,right,2
26416,LPLC2,left,13764,LPLC2,left,2
40841,LPLC2,left,33965,LPLC2,left,2
26416,LPLC2,left,12384,LPLC2,left,2
26393,LPLC2,right,55627,LPLC2,right,2
26393,LPLC2,right,50287,LPLC2,right,2
26393,LPLC2,right,37925,LPLC2,right,2
19260,LC4,right,23792,LC4,right,2
532254,LC4,left,111787,LC4,left,2
19260,LC4,right,25253,LPLC2,right,2
25209,LPLC2,left,525844,LPLC2,left,2
25286,LPLC2,left,17544,LPLC2,left,2
100485,LC4,left,516909,LC4,left,2
520764,LPLC2,left,22557,LPLC2,left,2
24308,LPLC2,left,107513,LC4,left,2
24308,LPLC2,left,81112,LC4,left,2
24308,LPLC2,left,41097,LPLC2,left,2
24308,LPLC2,left,40811,LPLC2,left,2
24308,LPLC2,left,33406,LPLC2,left,2
24308,LPLC2,left,32737,LPLC2,left,2
24308,LPLC2,left,29319,LPLC2,left,2
518731,LPLC2,left,14030,LPLC2,left,2
19842,LPLC2,right,23497,LPLC2,right,2
17266,LC4,right,23929,LC4,right,2
19842,LPLC2,right,23590,LPLC2,right,2
24308,LPLC2,left,25854,LPLC2,left,2
24308,LPLC2,left,25575,LPLC2,left,2
24308,LPLC2,left,25572,LPLC2,left,2
111787,LC4,left,16917,LC4,left,2
17266,LC4,right,30480,LC4,right,2
19842,LPLC2,right,24268,LPLC2,right,2
518731,LPLC2,left,13132,LPLC2,left,2
24308,LPLC2,left,25027,LPLC2,left,2
24308,LPLC2,left,24840,LPLC2,left,2
24308,LPLC2,left,22557,LPLC2,left,2
24308,LPLC2,left,111903,LPLC2,left,2
107513,LC4,left,533129,LC4,left,2
19842,LPLC2,right,21703,LPLC2,right,2
24338,LC4,right,19034,LPLC2,right,2
18936,LPLC2,left,19830,LPLC2,left,2
520764,LPLC2,left,22772,LC4,left,2
19842,LPLC2,right,20103,LPLC2,right,2
17266,LC4,right,20673,LC4,right,2
530029,LC4,left,17653,LC4,left,2
107513,LC4,left,37587,LC4,left,2
19842,LPLC2,right,20535,LPLC2,right,2
24338,LC4,right,19634,LC4,right,2
24338,LC4,right,19260,LC4,right,2
17266,LC4,right,21151,LC4,right,2
19842,LPLC2,right,21318,LPLC2,right,2
520764,LPLC2,left,23349,LPLC2,left,2
107513,LC4,left,514956,LC4,left,2
107513,LC4,left,515476,LC4,left,2
107513,LC4,left,517752,LC4,left,2
17266,LC4,right,21287,LC4,right,2
19842,LPLC2,right,21045,LPLC2,right,2
24308,LPLC2,left,524899,LC4,left,2
107513,LC4,left,519650,LC4,left,2
24308,LPLC2,left,517079,LPLC2,left,2
518731,LPLC2,left,12384,LPLC2,left,2
24308,LPLC2,left,21361,LPLC2,left,2
24308,LPLC2,left,20799,LPLC2,left,2
111787,LC4,left,511914,LC4,left,2
24268,LPLC2,right,22261,LPLC2,right,2
24268,LPLC2,right,21862,LPLC2,right,2
111787,LC4,left,34845,LC4,left,2
518730,LC4,left,519650,LC4,left,2
527408,LC4,right,30041,LPLC2,right,2
111787,LC4,left,77614,LC4,left,2
19842,LPLC2,right,35838,LPLC2,right,2
111787,LC4,left,81112,LC4,left,2
24268,LPLC2,right,20103,LPLC2,right,2
19842,LPLC2,right,35889,LPLC2,right,2
19842,LPLC2,right,29986,LPLC2,right,2
19842,LPLC2,right,37613,LPLC2,right,2
19842,LPLC2,right,39620,LPLC2,right,2
24268,LPLC2,right,18672,LPLC2,right,2
24268,LPLC2,right,18127,LC4,right,2
17270,LC4,left,22772,LC4,left,2
24187,LPLC2,right,50287,LPLC2,right,2
24187,LPLC2,right,39620,LPLC2,right,2
111787,LC4,left,515476,LC4,left,2
24187,LPLC2,right,35838,LPLC2,right,2
24268,LPLC2,right,22847,LC4,right,2
111787,LC4,left,32737,LPLC2,left,2
19842,LPLC2,right,25497,LPLC2,right,2
111787,LC4,left,28980,LC4,left,2
24308,LPLC2,left,20329,LPLC2,left,2
111787,LC4,left,18432,LC4,left,2
111787,LC4,left,20572,LC4,left,2
24308,LPLC2,left,13726,LPLC2,left,2
24308,LPLC2,left,12384,LPLC2,left,2
24268,LPLC2,right,35838,LPLC2,right,2
111787,LC4,left,27624,LC4,left,2
24268,LPLC2,right,31988,LPLC2,right,2
24268,LPLC2,right,31964,LPLC2,right,2
24268,LPLC2,right,30803,LC4,right,2
111787,LC4,left,31429,LC4,left,2
24268,LPLC2,right,30207,LPLC2,right,2
19842,LPLC2,right,26915,LPLC2,right,2
24268,LPLC2,right,29598,LPLC2,right,2
24268,LPLC2,right,29391,LPLC2,right,2
24268,LPLC2,right,29014,LPLC2,right,2
24268,LPLC2,right,28871,LPLC2,right,2
24268,LPLC2,right,27566,LPLC2,right,2
24268,LPLC2,right,25497,LPLC2,right,2
518730,LC4,left,530029,LC4,left,2
107513,LC4,left,29469,LC4,left,2
24338,LC4,right,22966,LC4,right,2
17059,LPLC2,left,23202,LC4,left,2
518731,LPLC2,left,17774,LPLC2,left,2
24568,LPLC2,left,22557,LPLC2,left,2
530029,LC4,left,514508,LC4,left,2
100485,LC4,left,20967,LC4,left,2
17059,LPLC2,left,25854,LPLC2,left,2
100485,LC4,left,21721,LC4,left,2
530029,LC4,left,107513,LC4,left,2
518731,LPLC2,left,23550,LPLC2,left,2
100485,LC4,left,23226,LC4,left,2
518731,LPLC2,left,23247,LPLC2,left,2
24568,LPLC2,left,17544,LPLC2,left,2
24568,LPLC2,left,15804,LPLC2,left,2
24568,LPLC2,left,14102,LPLC2,left,2
19830,LPLC2,left,25286,LPLC2,left,2
24568,LPLC2,left,12384,LPLC2,left,2
24523,LC4,left,535341,LC4,left,2
17059,LPLC2,left,30512,LPLC2,left,2
24523,LC4,left,520449,LC4,left,2
17059,LPLC2,left,31563,LPLC2,left,2
19830,LPLC2,left,25575,LPLC2,left,2
18936,LPLC2,left,25524,LPLC2,left,2
24523,LC4,left,515476,LC4,left,2
24568,LPLC2,left,23202,LC4,left,2
100485,LC4,left,20859,LC4,left,2
19830,LPLC2,left,24308,LPLC2,left,2
19830,LPLC2,left,22253,LPLC2,left,2
100485,LC4,left,16809,LC4,left,2
100485,LC4,left,16917,LC4,left,2
24568,LPLC2,left,33965,LPLC2,left,2
17059,LPLC2,left,23550,LPLC2,left,2
530029,LC4,left,515900,LC4,left,2
100485,LC4,left,17340,LC4,left,2
24568,LPLC2,left,32223,LPLC2,left,2
24568,LPLC2,left,31563,LPLC2,left,2
24568,LPLC2,left,30895,LPLC2,left,2
24568,LPLC2,left,29955,LPLC2,left,2
24568,LPLC2,left,24840,LPLC2,left,2
24568,LPLC2,left,29753,LPLC2,left,2
19830,LPLC2,left,23349,LPLC2,left,2
24568,LPLC2,left,29319,LPLC2,left,2
518731,LPLC2,left,23665,LPLC2,left,2
24568,LPLC2,left,27355,LPLC2,left,2
17059,LPLC2,left,25027,LPLC2,left,2
530029,LC4,left,514956,LC4,left,2
24568,LPLC2,left,25572,LPLC2,left,2
24568,LPLC2,left,25027,LPLC2,left,2
100485,LC4,left,29469,LC4,left,2
17059,LPLC2,left,32737,LPLC2,left,2
100485,LC4,left,29514,LC4,left,2
17266,LC4,right,16628,LC4,right,2
18936,LPLC2,left,23202,LC4,left,2
19830,LPLC2,left,111903,LPLC2,left,2
24401,LPLC2,right,21899,LPLC2,right,2
24401,LPLC2,right,21862,LPLC2,right,2
24401,LPLC2,right,21045,LPLC2,right,2
24401,LPLC2,right,20542,LC4,right,2
24401,LPLC2,right,20471,LPLC2,right,2
19830,LPLC2,left,517819,LPLC2,left,2
100485,LC4,left,535341,LC4,left,2
17266,LC4,right,17548,LC4,right,2
100485,LC4,left,518730,LC4,left,2
518731,LPLC2,left,17990,LPLC2,left,2
19830,LPLC2,left,524899,LC4,left,2
19830,LPLC2,left,536444,LPLC2,left,2
17266,LC4,right,19420,LC4,right,2
24338,LC4,right,527408,LC4,right,2
17266,LC4,right,19550,LC4,right,2
24338,LC4,right,30803,LC4,right,2
18936,LPLC2,left,21299,LPLC2,left,2
19842,LPLC2,right,17926,LC4,right,2
24401,LPLC2,right,23878,LPLC2,right,2
24401,LPLC2,right,25497,LPLC2,right,2
24523,LC4,left,77614,LC4,left,2
100485,LC4,left,511914,LC4,left,2
17059,LPLC2,left,33303,LPLC2,left,2
17059,LPLC2,left,33965,LPLC2,left,2
24523,LC4,left,20967,LC4,left,2
17059,LPLC2,left,35616,LC4,left,2
518731,LPLC2,left,21361,LPLC2,left,2
19830,LPLC2,left,28188,LPLC2,left,2
100485,LC4,left,35262,LC4,left,2
100485,LC4,left,35616,LC4,left,2
100485,LC4,left,37587,LC4,left,2
518731,LPLC2,left,21299,LPLC2,left,2
24401,LPLC2,right,25511,LPLC2,right,2
18936,LPLC2,left,25209,LPLC2,left,2
19830,LPLC2,left,31563,LPLC2,left,2
24401,LPLC2,right,30207,LPLC2,right,2
24401,LPLC2,right,30041,LPLC2,right,2
17059,LPLC2,left,520449,LC4,left,2
24401,LPLC2,right,29183,LPLC2,right,2
19830,LPLC2,left,33303,LPLC2,left,2
24401,LPLC2,right,28044,LPLC2,right,2
17059,LPLC2,left,524366,LPLC2,left,2
24187,LPLC2,right,34681,LPLC2,right,2
24187,LPLC2,right,34372,LPLC2,right,2
24187,LPLC2,right,34110,LPLC2,right,2
19911,LPLC2,left,11498,LPLC2,left,2
23919,LPLC2,left,24605,LPLC2,left,2
23919,LPLC2,left,24308,LPLC2,left,2
23919,LPLC2,left,23550,LPLC2,left,2
111903,LPLC2,left,33406,LPLC2,left,2
111903,LPLC2,left,33965,LPLC2,left,2
23919,LPLC2,left,20799,LPLC2,left,2
19954,LC4,right,16138,LC4,right,2
23919,LPLC2,left,19911,LPLC2,left,2
23919,LPLC2,left,18478,LC4,left,2
23919,LPLC2,left,17990,LPLC2,left,2
111903,LPLC2,left,40841,LPLC2,left,2
518730,LC4,left,20572,LC4,left,2
17340,LC4,left,29514,LC4,left,2
23919,LPLC2,left,17544,LPLC2,left,2
111903,LPLC2,left,100103,LPLC2,left,2
19954,LC4,right,17860,LC4,right,2
527408,LC4,right,19550,LC4,right,2
17340,LC4,left,31301,LC4,left,2
19954,LC4,right,17926,LC4,right,2
518730,LC4,left,18396,LC4,left,2
19954,LC4,right,19420,LC4,right,2
111903,LPLC2,left,33137,LC4,left,2
23919,LPLC2,left,27023,LPLC2,left,2
17340,LC4,left,27750,LC4,left,2
17340,LC4,left,20859,LC4,left,2
19911,LPLC2,left,40811,LPLC2,left,2
23919,LPLC2,left,112292,LPLC2,left,2
18929,LPLC2,right,37431,LPLC2,right,2
23919,LPLC2,left,100103,LPLC2,left,2
18929,LPLC2,right,35838,LPLC2,right,2
518730,LC4,left,27750,LC4,left,2
23919,LPLC2,left,34407,LPLC2,left,2
111903,LPLC2,left,29319,LPLC2,left,2
23919,LPLC2,left,33303,LPLC2,left,2
518730,LC4,left,22922,LC4,left,2
17340,LC4,left,23226,LC4,left,2
17340,LC4,left,20967,LC4,left,2
518730,LC4,left,21721,LC4,left,2
23919,LPLC2,left,30895,LPLC2,left,2
23919,LPLC2,left,30512,LPLC2,left,2
23919,LPLC2,left,29955,LPLC2,left,2
527408,LC4,right,19954,LC4,right,2
17340,LC4,left,23202,LC4,left,2
111903,LPLC2,left,31563,LPLC2,left,2
23919,LPLC2,left,27796,LPLC2,left,2
111903,LPLC2,left,515971,LPLC2,left,2
111903,LPLC2,left,517078,LPLC2,left,2
19954,LC4,right,20399,LC4,right,2
17340,LC4,left,517752,LC4,left,2
23878,LPLC2,right,21562,LPLC2,right,2
23878,LPLC2,right,21562,LPLC2,right,2
23878,LPLC2,right,21165,LC4,right,2
19954,LC4,right,21287,LC4,right,2
23878,LPLC2,right,20399,LC4,right,2
23878,LPLC2,right,20334,LPLC2,right,2
23878,LPLC2,right,20103,LPLC2,right,2
23878,LPLC2,right,20047,LPLC2,right,2
23878,LPLC2,right,19549,LPLC2,right,2
23878,LPLC2,right,10584,DNp06,right,2
17340,LC4,left,515476,LC4,left,2
19954,LC4,right,22034,LC4,right,2
23792,LC4,right,38065,LC4,right,2
19954,LC4,right,22847,LC4,right,2
520764,LPLC2,left,25572,LPLC2,left,2
23792,LC4,right,25511,LPLC2,right,2
23792,LC4,right,24338,LC4,right,2
23792,LC4,right,23929,LC4,right,2
23792,LC4,right,22847,LC4,right,2
23792,LC4,right,22328,LC4,right,2
19954,LC4,right,21151,LC4,right,2
23878,LPLC2,right,21808,LPLC2,right,2
18929,LPLC2,right,30207,LPLC2,right,2
19954,LC4,right,20588,LC4,right,2
23878,LPLC2,right,30207,LPLC2,right,2
17340,LC4,left,34845,LC4,left,2
527408,LC4,right,17668,LC4,right,2
23878,LPLC2,right,28003,LPLC2,right,2
23878,LPLC2,right,27471,LPLC2,right,2
17340,LC4,left,81112,LC4,left,2
23878,LPLC2,right,26730,LPLC2,right,2
23878,LPLC2,right,26393,LPLC2,right,2
527408,LC4,right,17266,LC4,right,2
19954,LC4,right,20673,LC4,right,2
23878,LPLC2,right,21862,LPLC2,right,2
23878,LPLC2,right,25497,LPLC2,right,2
23878,LPLC2,right,25267,LPLC2,right,2
23878,LPLC2,right,25253,LPLC2,right,2
527408,LC4,right,16628,LC4,right,2
111903,LPLC2,left,531014,LPLC2,left,2
111903,LPLC2,left,533895,LPLC2,left,2
111903,LPLC2,left,536444,LPLC2,left,2
23878,LPLC2,right,22218,LPLC2,right,2
23878,LPLC2,right,21899,LPLC2,right,2
23919,LPLC2,left,517079,LPLC2,left,2
23919,LPLC2,left,517819,LPLC2,left,2
23919,LPLC2,left,521115,LPLC2,left,2
24187,LPLC2,right,20047,LPLC2,right,2
17270,LC4,left,30087,LC4,left,2
24187,LPLC2,right,21562,LPLC2,right,2
24187,LPLC2,right,20584,LPLC2,right,2
17270,LC4,left,31301,LC4,left,2
17270,LC4,left,31308,LC4,left,2
24187,LPLC2,right,20399,LC4,right,2
17270,LC4,left,32597,LC4,left,2
111787,LC4,left,532254,LC4,left,2
24187,LPLC2,right,20103,LPLC2,right,2
24187,LPLC2,right,19608,LPLC2,right,2
19911,LPLC2,left,23247,LPLC2,left,2
518730,LC4,left,111787,LC4,left,2
24187,LPLC2,right,19229,LPLC2,right,2
111903,LPLC2,left,11498,LPLC2,left,2
17270,LC4,left,37587,LC4,left,2
527408,LC4,right,22966,LC4,right,2
24118,LPLC2,right,55627,LPLC2,right,2
24118,LPLC2,right,37925,LPLC2,right,2
19911,LPLC2,left,24605,LPLC2,left,2
24118,LPLC2,right,33694,LPLC2,right,2
24187,LPLC2,right,23497,LPLC2,right,2
19911,LPLC2,left,22557,LPLC2,left,2
24118,LPLC2,right,30207,LPLC2,right,2
24187,LPLC2,right,29598,LPLC2,right,2
111787,LC4,left,518016,LC4,left,2
518730,LC4,left,515900,LC4,left,2
24187,LPLC2,right,32507,LPLC2,right,2
527408,LC4,right,25584,LC4,right,2
24187,LPLC2,right,31257,LPLC2,right,2
24187,LPLC2,right,30938,LPLC2,right,2
24187,LPLC2,right,30480,LC4,right,2
24187,LPLC2,right,30207,LPLC2,right,2
24187,LPLC2,right,29986,LPLC2,right,2
24187,LPLC2,right,29216,LPLC2,right,2
19911,LPLC2,left,21299,LPLC2,left,2
111787,LC4,left,518544,LC4,left,2
19911,LPLC2,left,17059,LPLC2,left,2
518730,LC4,left,514508,LC4,left,2
24187,LPLC2,right,26112,LC4,right,2
24187,LPLC2,right,25511,LPLC2,right,2
17270,LC4,left,24523,LC4,left,2
24187,LPLC2,right,24800,LPLC2,right,2
24187,LPLC2,right,24268,LPLC2,right,2
17270,LC4,left,27829,LC4,left,2
24118,LPLC2,right,32507,LPLC2,right,2
518730,LC4,left,81112,LC4,left,2
23919,LPLC2,left,536444,LPLC2,left,2
111903,LPLC2,left,22557,LPLC2,left,2
23929,LC4,right,527408,LC4,right,2
518730,LC4,left,31301,LC4,left,2
111903,LPLC2,left,19787,LPLC2,left,2
527408,LC4,right,20282,LC4,right,2
111903,LPLC2,left,19830,LPLC2,left,2
23929,LC4,right,29563,LC4,right,2
23929,LC4,right,23792,LC4,right,2
111903,LPLC2,left,22253,LPLC2,left,2
23929,LC4,right,22975,LC4,right,2
19911,LPLC2,left,33303,LPLC2,left,2
24118,LPLC2,right,19549,LPLC2,right,2
23929,LC4,right,22847,LC4,right,2
23929,LC4,right,22328,LC4,right,2
23929,LC4,right,21562,LPLC2,right,2
19911,LPLC2,left,33965,LPLC2,left,2
111903,LPLC2,left,25136,LPLC2,left,2
23929,LC4,right,20282,LC4,right,2
23929,LC4,right,19420,LC4,right,2
23929,LC4,right,17266,LC4,right,2
518730,LC4,left,29469,LC4,left,2
24118,LPLC2,right,19229,LPLC2,right,2
24118,LPLC2,right,19589,LPLC2,right,2
17270,LC4,left,511914,LC4,left,2
24118,LPLC2,right,23392,LC4,right,2
19911,LPLC2,left,25209,LPLC2,left,2
24118,LPLC2,right,26915,LPLC2,right,2
24118,LPLC2,right,26730,LPLC2,right,2
24118,LPLC2,right,26393,LPLC2,right,2
518730,LC4,left,34845,LC4,left,2
24118,LPLC2,right,26147,LPLC2,right,2
24118,LPLC2,right,25497,LPLC2,right,2
24118,LPLC2,right,25316,LPLC2,right,2
111903,LPLC2,left,14030,LPLC2,left,2
24118,LPLC2,right,22677,LPLC2,right,2
518730,LC4,left,31429,LC4,left,2
19911,LPLC2,left,27796,LPLC2,left,2
24118,LPLC2,right,21808,LPLC2,right,2
24118,LPLC2,right,21703,LPLC2,right,2
24118,LPLC2,right,20269,LPLC2,right,2
527408,LC4,right,20588,LC4,right,2
17270,LC4,left,520449,LC4,left,2
24118,LPLC2,right,19634,LC4,right,2
19911,LPLC2,left,28011,LPLC2,left,2
24118,LPLC2,right,19608,LPLC2,right,2
19830,LPLC2,left,21299,LPLC2,left,2
517752,LC4,left,17340,LC4,left,2
24568,LPLC2,left,111903,LPLC2,left,2
19787,LPLC2,left,34407,LPLC2,left,2
518731,LPLC2,left,29753,LPLC2,left,2
19634,LC4,right,22034,LC4,right,2
24840,LPLC2,left,14888,LC4,left,2
24840,LPLC2,left,13764,LPLC2,left,2
19787,LPLC2,left,35294,LPLC2,left,2
17054,LC4,right,21165,LC4,right,2
24800,LPLC2,right,50287,LPLC2,right,2
19787,LPLC2,left,100103,LPLC2,left,2
24800,LPLC2,right,39620,LPLC2,right,2
24800,LPLC2,right,38542,LPLC2,right,2
25136,LPLC2,left,23550,LPLC2,left,2
100103,LPLC2,left,23202,LC4,left,2
24800,LPLC2,right,37925,LPLC2,right,2
24800,LPLC2,right,37613,LPLC2,right,2
19787,LPLC2,left,514508,LC4,left,2
25136,LPLC2,left,22557,LPLC2,left,2
25136,LPLC2,left,22253,LPLC2,left,2
25136,LPLC2,left,13132,LPLC2,left,2
24840,LPLC2,left,17270,LC4,left,2
24840,LPLC2,left,25027,LPLC2,left,2
24840,LPLC2,left,24568,LPLC2,left,2
25136,LPLC2,left,17059,LPLC2,left,2
18936,LPLC2,left,525844,LPLC2,left,2
518731,LPLC2,left,111903,LPLC2,left,2
24840,LPLC2,left,23349,LPLC2,left,2
25136,LPLC2,left,17775,LPLC2,left,2
25136,LPLC2,left,18936,LPLC2,left,2
24840,LPLC2,left,20799,LPLC2,left,2
24840,LPLC2,left,20240,LPLC2,left,2
17054,LC4,right,20917,LC4,right,2
17054,LC4,right,20917,LC4,right,2
518731,LPLC2,left,129687,LPLC2,left,2
518731,LPLC2,left,134521,LPLC2,left,2
19634,LC4,right,22194,LC4,right,2
19787,LPLC2,left,514670,LPLC2,left,2
520764,LPLC2,left,15804,LPLC2,left,2
520764,LPLC2,left,17775,LPLC2,left,2
100103,LPLC2,left,23919,LPLC2,left,2
100103,LPLC2,left,26416,LPLC2,left,2
24800,LPLC2,right,24187,LPLC2,right,2
25136,LPLC2,left,31563,LPLC2,left,2
95241,LPLC2,left,27796,LPLC2,left,2
518731,LPLC2,left,27399,LPLC2,left,2
531014,LPLC2,left,13726,LPLC2,left,2
25136,LPLC2,left,32737,LPLC2,left,2
19634,LC4,right,21287,LC4,right,2
95241,LPLC2,left,26528,LPLC2,left,2
25136,LPLC2,left,34407,LPLC2,left,2
18936,LPLC2,left,31563,LPLC2,left,2
24800,LPLC2,right,23392,LC4,right,2
19794,LC4,right,19260,LC4,right,2
25136,LPLC2,left,40811,LPLC2,left,2
24800,LPLC2,right,21769,LPLC2,right,2
25136,LPLC2,left,29955,LPLC2,left,2
24800,LPLC2,right,24401,LPLC2,right,2
25136,LPLC2,left,29702,LPLC2,left,2
518731,LPLC2,left,28188,LPLC2,left,2
25136,LPLC2,left,25854,LPLC2,left,2
24800,LPLC2,right,30207,LPLC2,right,2
19787,LPLC2,left,520764,LPLC2,left,2
17054,LC4,right,21769,LPLC2,right,2
100103,LPLC2,left,25027,LPLC2,left,2
24800,LPLC2,right,29014,LPLC2,right,2
531014,LPLC2,left,15804,LPLC2,left,2
95241,LPLC2,left,28188,LPLC2,left,2
19787,LPLC2,left,536444,LPLC2,left,2
25136,LPLC2,left,26528,LPLC2,left,2
25136,LPLC2,left,27399,LPLC2,left,2
24800,LPLC2,right,26730,LPLC2,right,2
19634,LC4,right,21336,LC4,right,2
18936,LPLC2,left,32223,LPLC2,left,2
17054,LC4,right,20016,LC4,right,2
24840,LPLC2,left,25286,LPLC2,left,2
25136,LPLC2,left,111903,LPLC2,left,2
25027,LPLC2,left,17544,LPLC2,left,2
25027,LPLC2,left,14102,LPLC2,left,2
25027,LPLC2,left,13726,LPLC2,left,2
531014,LPLC2,left,23247,LPLC2,left,2
17054,LC4,right,17987,LC4,right,2
100103,LPLC2,left,13132,LPLC2,left,2
24840,LPLC2,left,518544,LC4,left,2
24840,LPLC2,left,518016,LC4,left,2
16917,LC4,left,519931,LC4,left,2
24840,LPLC2,left,517819,LPLC2,left,2
25027,LPLC2,left,29319,LPLC2,left,2
95241,LPLC2,left,520449,LC4,left,2
24840,LPLC2,left,512705,LC4,left,2
19787,LPLC2,left,13132,LPLC2,left,2
518731,LPLC2,left,33406,LPLC2,left,2
24840,LPLC2,left,111787,LC4,left,2
25027,LPLC2,left,15804,LPLC2,left,2
16917,LC4,left,530029,LC4,left,2
24840,LPLC2,left,25524,LPLC2,left,2
25027,LPLC2,left,26528,LPLC2,left,2
19034,LPLC2,right,19634,LC4,right,2
25027,LPLC2,left,24308,LPLC2,left,2
17054,LC4,right,17266,LC4,right,2
25027,LPLC2,left,24568,LPLC2,left,2
25027,LPLC2,left,21361,LPLC2,left,2
25027,LPLC2,left,25209,LPLC2,left,2
25027,LPLC2,left,19830,LPLC2,left,2
19034,LPLC2,right,20047,LPLC2,right,2
19787,LPLC2,left,23665,LPLC2,left,2
19787,LPLC2,left,24605,LPLC2,left,2
518731,LPLC2,left,41097,LPLC2,left,2
100103,LPLC2,left,11498,LPLC2,left,2
25027,LPLC2,left,17990,LPLC2,left,2
25027,LPLC2,left,17880,LPLC2,left,2
518731,LPLC2,left,33965,LPLC2,left,2
531014,LPLC2,left,22253,LPLC2,left,2
19034,LPLC2,right,20334,LPLC2,right,2
25027,LPLC2,left,30087,LC4,left,2
24840,LPLC2,left,40811,LPLC2,left,2
531014,LPLC2,left,23919,LPLC2,left,2
17054,LC4,right,19549,LPLC2,right,2
19034,LPLC2,right,18127,LC4,right,2
25027,LPLC2,left,515971,LPLC2,left,2
19034,LPLC2,right,17548,LC4,right,2
19787,LPLC2,left,27399,LPLC2,left,2
24840,LPLC2,left,26528,LPLC2,left,2
19034,LPLC2,right,10584,DNp06,right,2
19634,LC4,right,26112,LC4,right,2
25027,LPLC2,left,517819,LPLC2,left,2
24840,LPLC2,left,26416,LPLC2,left,2
19034,LPLC2,right,20694,LPLC2,right,2
25027,LPLC2,left,518731,LPLC2,left,2
24840,LPLC2,left,25575,LPLC2,left,2
16917,LC4,left,111787,LC4,left,2
25027,LPLC2,left,95241,LPLC2,left,2
19787,LPLC2,left,26416,LPLC2,left,2
25027,LPLC2,left,41097,LPLC2,left,2
518731,LPLC2,left,33303,LPLC2,left,2
25027,LPLC2,left,33406,LPLC2,left,2
24840,LPLC2,left,34655,LPLC2,left,2
16917,LC4,left,515476,LC4,left,2
531014,LPLC2,left,21361,LPLC2,left,2
25027,LPLC2,left,34655,LPLC2,left,2
95241,LPLC2,left,516909,LC4,left,2
100103,LPLC2,left,17059,LPLC2,left,2
17054,LC4,right,19420,LC4,right,2
19034,LPLC2,right,19146,LPLC2,right,2
19787,LPLC2,left,25854,LPLC2,left,2
16917,LC4,left,514508,LC4,left,2
24840,LPLC2,left,30895,LPLC2,left,2
24840,LPLC2,left,29955,LPLC2,left,2
24840,LPLC2,left,29815,LPLC2,left,2
95241,LPLC2,left,26416,LPLC2,left,2
19034,LPLC2,right,19842,LPLC2,right,2
18936,LPLC2,left,31105,LPLC2,left,2
25209,LPLC2,left,14102,LPLC2,left,2
19830,LPLC2,left,17478,LC4,left,2
19634,LC4,right,19794,LC4,right,2
25209,LPLC2,left,25286,LPLC2,left,2
18936,LPLC2,left,29955,LPLC2,left,2
19830,LPLC2,left,17544,LPLC2,left,2
24605,LPLC2,left,514670,LPLC2,left,2
24605,LPLC2,left,515971,LPLC2,left,2
25209,LPLC2,left,25136,LPLC2,left,2
16917,LC4,left,29514,LC4,left,2
24605,LPLC2,left,517079,LPLC2,left,2
95241,LPLC2,left,20859,LC4,left,2
95241,LPLC2,left,23349,LPLC2,left,2
25209,LPLC2,left,22253,LPLC2,left,2
25209,LPLC2,left,40811,LPLC2,left,2
24605,LPLC2,left,517819,LPLC2,left,2
24605,LPLC2,left,520449,LC4,left,2
19794,LC4,right,21336,LC4,right,2
24605,LPLC2,left,19830,LPLC2,left,2
100103,LPLC2,left,30893,LPLC2,left,2
531014,LPLC2,left,25575,LPLC2,left,2
518731,LPLC2,left,515971,LPLC2,left,2
19830,LPLC2,left,17653,LC4,left,2
19830,LPLC2,left,17880,LPLC2,left,2
24605,LPLC2,left,18900,LPLC2,left,2
518731,LPLC2,left,515971,LPLC2,left,2
18936,LPLC2,left,27355,LPLC2,left,2
25209,LPLC2,left,19787,LPLC2,left,2
16917,LC4,left,20859,LC4,left,2
24605,LPLC2,left,511914,LC4,left,2
24605,LPLC2,left,134521,LPLC2,left,2
19794,LC4,right,22328,LC4,right,2
25209,LPLC2,left,29815,LPLC2,left,2
100103,LPLC2,left,34407,LPLC2,left,2
19794,LC4,right,22847,LC4,right,2
16917,LC4,left,25209,LPLC2,left,2
531014,LPLC2,left,25524,LPLC2,left,2
520764,LPLC2,left,19830,LPLC2,left,2
24605,LPLC2,left,28188,LPLC2,left,2
24605,LPLC2,left,32223,LPLC2,left,2
24605,LPLC2,left,28011,LPLC2,left,2
24605,LPLC2,left,34051,LPLC2,left,2
530029,LC4,left,526286,LC4,left,2
19634,LC4,right,19420,LC4,right,2
25209,LPLC2,left,32223,LPLC2,left,2
19634,LC4,right,19260,LC4,right,2
24605,LPLC2,left,25209,LPLC2,left,2
24605,LPLC2,left,95241,LPLC2,left,2
24605,LPLC2,left,112292,LPLC2,left,2
24605,LPLC2,left,24523,LC4,left,2
19634,LC4,right,21165,LC4,right,2
18936,LPLC2,left,29319,LPLC2,left,2
25209,LPLC2,left,26416,LPLC2,left,2
19830,LPLC2,left,13726,LPLC2,left,2
19830,LPLC2,left,17340,LC4,left,2
24605,LPLC2,left,129687,LPLC2,left,2
24605,LPLC2,left,22253,LPLC2,left,2
24605,LPLC2,left,20329,LPLC2,left,2
25209,LPLC2,left,17880,LPLC2,left,2
25209,LPLC2,left,20799,LPLC2,left,2
25136,LPLC2,left,536444,LPLC2,left,2
518731,LPLC2,left,515971,LPLC2,left,2
100103,LPLC2,left,533895,LPLC2,left,2
25209,LPLC2,left,134521,LPLC2,left,2
24800,LPLC2,right,17548,LC4,right,2
100103,LPLC2,left,29955,LPLC2,left,2
19794,LC4,right,20542,LC4,right,2
95241,LPLC2,left,25027,LPLC2,left,2
100103,LPLC2,left,525844,LPLC2,left,2
19634,LC4,right,20542,LC4,right,2
19794,LC4,right,20282,LC4,right,2
24568,LPLC2,left,134521,LPLC2,left,2
24800,LPLC2,right,19229,LPLC2,right,2
19634,LC4,right,21151,LC4,right,2
18936,LPLC2,left,27023,LPLC2,left,2
24800,LPLC2,right,20269,LPLC2,right,2
25136,LPLC2,left,517079,LPLC2,left,2
520764,LPLC2,left,18900,LPLC2,left,2
24800,LPLC2,right,20584,LPLC2,right,2
24568,LPLC2,left,129687,LPLC2,left,2
16917,LC4,left,16809,LC4,left,2
24800,LPLC2,right,21045,LPLC2,right,2
24568,LPLC2,left,112292,LPLC2,left,2
19794,LC4,right,20588,LC4,right,2
24800,LPLC2,right,19146,LPLC2,right,2
19794,LC4,right,23792,LC4,right,2
24568,LPLC2,left,524366,LPLC2,left,2
19794,LC4,right,20673,LC4,right,2
24605,LPLC2,left,17059,LPLC2,left,2
520764,LPLC2,left,19787,LPLC2,left,2
24605,LPLC2,left,536444,LPLC2,left,2
25136,LPLC2,left,524366,LPLC2,left,2
100103,LPLC2,left,531014,LPLC2,left,2
24605,LPLC2,left,12384,LPLC2,left,2
19794,LC4,right,20808,LC4,right,2
19634,LC4,right,17987,LC4,right,2
25136,LPLC2,left,530029,LC4,left,2
24568,LPLC2,left,520449,LC4,left,2
25209,LPLC2,left,112292,LPLC2,left,2
518983,LC4,left,16917,LC4,left,1
518016,LC4,left,512366,LC4,left,1
520764,LPLC2,left,517752,LC4,left,1
34407,LPLC2,left,19830,LPLC2,left,1
518016,LC4,left,17653,LC4,left,1
518730,LC4,left,31429,LC4,left,1
518016,LC4,left,100485,LC4,left,1
519931,LC4,left,20572,LC4,left,1
536444,LPLC2,left,32237,LPLC2,left,1
34051,LPLC2,left,530029,LC4,left,1
33965,LPLC2,left,27750,LC4,left,1
34051,LPLC2,left,524366,LPLC2,left,1
34051,LPLC2,left,35294,LPLC2,left,1
518983,LC4,left,16809,LC4,left,1
520764,LPLC2,left,27796,LPLC2,left,1
518730,LC4,left,17653,LC4,left,1
518016,LC4,left,111787,LC4,left,1
519931,LC4,left,23226,LC4,left,1
33965,LPLC2,left,34407,LPLC2,left,1
520449,LC4,left,16809,LC4,left,1
34655,LPLC2,left,19787,LPLC2,left,1
536444,LPLC2,left,13132,LPLC2,left,1
517752,LC4,left,533129,LC4,left,1
33965,LPLC2,left,34051,LPLC2,left,1
519931,LC4,left,20967,LC4,left,1
34110,LPLC2,right,38542,LPLC2,right,1
518730,LC4,left,16917,LC4,left,1
518016,LC4,left,18432,LC4,left,1
519931,LC4,left,25854,LPLC2,left,1
34110,LPLC2,right,20047,LPLC2,right,1
34372,LPLC2,right,21562,LPLC2,right,1
518731,LPLC2,left,40841,LPLC2,left,1
521115,LPLC2,left,28188,LPLC2,left,1
519931,LC4,left,25027,LPLC2,left,1
518730,LC4,left,33137,LC4,left,1
518544,LC4,left,77614,LC4,left,1
34110,LPLC2,right,31964,LPLC2,right,1
33965,LPLC2,left,29417,LC4,left,1
34655,LPLC2,left,24568,LPLC2,left,1
34372,LPLC2,right,21703,LPLC2,right,1
536444,LPLC2,left,24605,LPLC2,left,1
518731,LPLC2,left,81112,LC4,left,1
34110,LPLC2,right,31988,LPLC2,right,1
518544,LC4,left,100485,LC4,left,1
34051,LPLC2,left,95241,LPLC2,left,1
519931,LC4,left,20859,LC4,left,1
518730,LC4,left,31308,LC4,left,1
517752,LC4,left,515476,LC4,left,1
520764,LPLC2,left,27399,LPLC2,left,1
536444,LPLC2,left,23665,LPLC2,left,1
536444,LPLC2,left,14102,LPLC2,left,1
34655,LPLC2,left,20329,LPLC2,left,1
520449,LC4,left,20859,LC4,left,1
520764,LPLC2,left,29514,LC4,left,1
520764,LPLC2,left,24605,LPLC2,left,1
519931,LC4,left,532254,LC4,left,1
34407,LPLC2,left,17270,LC4,left,1
517752,LC4,left,35616,LC4,left,1
520764,LPLC2,left,27023,LPLC2,left,1
536444,LPLC2,left,31563,LPLC2,left,1
34372,LPLC2,right,19229,LPLC2,right,1
517752,LC4,left,24523,LC4,left,1
518016,LC4,left,29514,LC4,left,1
518544,LC4,left,516909,LC4,left,1
34110,LPLC2,right,18929,LPLC2,right,1
520449,LC4,left,20572,LC4,left,1
518016,LC4,left,29469,LC4,left,1
33965,LPLC2,left,29955,LPLC2,left,1
34655,LPLC2,left,23349,LPLC2,left,1
517752,LC4,left,23919,LPLC2,left,1
34407,LPLC2,left,17774,LPLC2,left,1
518016,LC4,left,32597,LC4,left,1
34051,LPLC2,left,100103,LPLC2,left,1
34110,LPLC2,right,34681,LPLC2,right,1
34110,LPLC2,right,35680,LPLC2,right,1
34110,LPLC2,right,14465,LPLC2,right,1
34407,LPLC2,left,20799,LPLC2,left,1
520449,LC4,left,20859,LC4,left,1
34110,LPLC2,right,17548,LC4,right,1
33965,LPLC2,left,31105,LPLC2,left,1
519931,LC4,left,518544,LC4,left,1
519931,LC4,left,521115,LPLC2,left,1
34110,LPLC2,right,35838,LPLC2,right,1
520764,LPLC2,left,25027,LPLC2,left,1
518544,LC4,left,519931,LC4,left,1
520764,LPLC2,left,25136,LPLC2,left,1
34110,LPLC2,right,35889,LPLC2,right,1
34051,LPLC2,left,517819,LPLC2,left,1
519931,LC4,left,518016,LC4,left,1
519931,LC4,left,516909,LC4,left,1
518016,LC4,left,31308,LC4,left,1
520764,LPLC2,left,25209,LPLC2,left,1
536444,LPLC2,left,526286,LC4,left,1
517752,LC4,left,22922,LC4,left,1
33965,LPLC2,left,32737,LPLC2,left,1
519931,LC4,left,77614,LC4,left,1
519931,LC4,left,35262,LC4,left,1
34372,LPLC2,right,20182,LPLC2,right,1
34110,LPLC2,right,33185,LPLC2,right,1
34110,LPLC2,right,19146,LPLC2,right,1
518016,LC4,left,22772,LC4,left,1
34110,LPLC2,right,19249,LPLC2,right,1
517752,LC4,left,20967,LC4,left,1
520764,LPLC2,left,25286,LPLC2,left,1
518730,LC4,left,30512,LPLC2,left,1
34372,LPLC2,right,20471,LPLC2,right,1
518730,LC4,left,14888,LC4,left,1
34051,LPLC2,left,111903,LPLC2,left,1
34407,LPLC2,left,23550,LPLC2,left,1
521115,LPLC2,left,30087,LC4,left,1
517752,LC4,left,512705,LC4,left,1
520764,LPLC2,left,517819,LPLC2,left,1
520449,LC4,left,18432,LC4,left,1
34051,LPLC2,left,521115,LPLC2,left,1
517752,LC4,left,514508,LC4,left,1
34051,LPLC2,left,524366,LPLC2,left,1
34110,LPLC2,right,19034,LPLC2,right,1
34372,LPLC2,right,20103,LPLC2,right,1
536444,LPLC2,left,32737,LPLC2,left,1
517752,LC4,left,100485,LC4,left,1
520449,LC4,left,530029,LC4,left,1
518016,LC4,left,35616,LC4,left,1
518016,LC4,left,518730,LC4,left,1
518730,LC4,left,23226,LC4,left,1
518016,LC4,left,29417,LC4,left,1
519931,LC4,left,34407,LPLC2,left,1
34372,LPLC2,right,19550,LC4,right,1
34110,LPLC2,right,38542,LPLC2,right,1
518730,LC4,left,12824,LC4,left,1
518544,LC4,left,512366,LC4,left,1
517752,LC4,left,20976,LC4,left,1
34407,LPLC2,left,19911,LPLC2,left,1
520764,LPLC2,left,518731,LPLC2,left,1
520449,LC4,left,12824,LC4,left,1
34110,LPLC2,right,33396,LPLC2,right,1
518544,LC4,left,512705,LC4,left,1
518016,LC4,left,24523,LC4,left,1
520449,LC4,left,13764,LPLC2,left,1
518016,LC4,left,518983,LC4,left,1
520764,LPLC2,left,514670,LPLC2,left,1
34372,LPLC2,right,21808,LPLC2,right,1
518731,LPLC2,left,27023,LPLC2,left,1
536444,LPLC2,left,112292,LPLC2,left,1
519650,LC4,left,27829,LC4,left,1
519650,LC4,left,23247,LPLC2,left,1
517819,LPLC2,left,25854,LPLC2,left,1
518439,LC4,left,535341,LC4,left,1
34407,LPLC2,left,27399,LPLC2,left,1
518439,LC4,left,533129,LC4,left,1
520764,LPLC2,left,112292,LPLC2,left,1
518439,LC4,left,27750,LC4,left,1
34110,LPLC2,right,22975,LC4,right,1
520449,LC4,left,35616,LC4,left,1
34372,LPLC2,right,27566,LPLC2,right,1
34051,LPLC2,left,17880,LPLC2,left,1
34110,LPLC2,right,25636,LPLC2,right,1
520764,LPLC2,left,21299,LPLC2,left,1
34051,LPLC2,left,531014,LPLC2,left,1
518731,LPLC2,left,19787,LPLC2,left,1
34372,LPLC2,right,28003,LPLC2,right,1
520449,LC4,left,77614,LC4,left,1
518439,LC4,left,521115,LPLC2,left,1
34051,LPLC2,left,17990,LPLC2,left,1
536444,LPLC2,left,20240,LPLC2,left,1
518731,LPLC2,left,19787,LPLC2,left,1
518983,LC4,left,514956,LC4,left,1
34051,LPLC2,left,19830,LPLC2,left,1
521115,LPLC2,left,17774,LPLC2,left,1
519650,LC4,left,28980,LC4,left,1
34110,LPLC2,right,25497,LPLC2,right,1
34110,LPLC2,right,22261,LPLC2,right,1
536444,LPLC2,left,29815,LPLC2,left,1
519650,LC4,left,35262,LC4,left,1
518983,LC4,left,35616,LC4,left,1
520764,LPLC2,left,18396,LC4,left,1
519650,LC4,left,34845,LC4,left,1
34372,LPLC2,right,33694,LPLC2,right,1
517819,LPLC2,left,23247,LPLC2,left,1
521115,LPLC2,left,23665,LPLC2,left,1
518544,LC4,left,12032,LC4,left,1
521115,LPLC2,left,23550,LPLC2,left,1
518983,LC4,left,77614,LC4,left,1
34051,LPLC2,left,28188,LPLC2,left,1
519650,LC4,left,33137,LC4,left,1
34110,LPLC2,right,28044,LPLC2,right,1
34051,LPLC2,left,13132,LPLC2,left,1
520764,LPLC2,left,30895,LPLC2,left,1
517819,LPLC2,left,25027,LPLC2,left,1
34407,LPLC2,left,37587,LC4,left,1
34051,LPLC2,left,13726,LPLC2,left,1
34407,LPLC2,left,35294,LPLC2,left,1
519650,LC4,left,29514,LC4,left,1
517819,LPLC2,left,25136,LPLC2,left,1
34110,LPLC2,right,26915,LPLC2,right,1
521115,LPLC2,left,23226,LC4,left,1
517819,LPLC2,left,525844,LPLC2,left,1
34051,LPLC2,left,27796,LPLC2,left,1
518983,LC4,left,515900,LC4,left,1
536444,LPLC2,left,111903,LPLC2,left,1
518731,LPLC2,left,25854,LPLC2,left,1
34372,LPLC2,right,29391,LPLC2,right,1
34110,LPLC2,right,25253,LPLC2,right,1
518731,LPLC2,left,22557,LPLC2,left,1
519650,LC4,left,20440,LC4,left,1
520764,LPLC2,left,34407,LPLC2,left,1
536444,LPLC2,left,20799,LPLC2,left,1
518983,LC4,left,519650,LC4,left,1
536444,LPLC2,left,25209,LPLC2,left,1
518439,LC4,left,111787,LC4,left,1
520764,LPLC2,left,20240,LPLC2,left,1
518983,LC4,left,519931,LC4,left,1
517819,LPLC2,left,33965,LPLC2,left,1
518439,LC4,left,77614,LC4,left,1
517819,LPLC2,left,35294,LPLC2,left,1
519650,LC4,left,17608,LC4,left,1
518983,LC4,left,524899,LC4,left,1
520764,LPLC2,left,95241,LPLC2,left,1
34372,LPLC2,right,30938,LPLC2,right,1
34372,LPLC2,right,29873,LPLC2,right,1
519650,LC4,left,16917,LC4,left,1
34051,LPLC2,left,25854,LPLC2,left,1
517819,LPLC2,left,41097,LPLC2,left,1
520449,LC4,left,111787,LC4,left,1
34051,LPLC2,left,25524,LPLC2,left,1
519650,LC4,left,12349,LC4,left,1
517819,LPLC2,left,30893,LPLC2,left,1
34407,LPLC2,left,29319,LPLC2,left,1
518983,LC4,left,516909,LC4,left,1
34372,LPLC2,right,29287,LPLC2,right,1
34407,LPLC2,left,33965,LPLC2,left,1
520764,LPLC2,left,20799,LPLC2,left,1
518439,LC4,left,518983,LC4,left,1
520764,LPLC2,left,33406,LPLC2,left,1
521115,LPLC2,left,21361,LPLC2,left,1
34110,LPLC2,right,25267,LPLC2,right,1
34372,LPLC2,right,28871,LPLC2,right,1
518731,LPLC2,left,26416,LPLC2,left,1
517819,LPLC2,left,516909,LC4,left,1
34051,LPLC2,left,20329,LPLC2,left,1
34051,LPLC2,left,27399,LPLC2,left,1
518439,LC4,left,27829,LC4,left,1
34051,LPLC2,left,22557,LPLC2,left,1
34051,LPLC2,left,27023,LPLC2,left,1
517819,LPLC2,left,29319,LPLC2,left,1
34372,LPLC2,right,29216,LPLC2,right,1
518731,LPLC2,left,21721,LC4,left,1
518439,LC4,left,517752,LC4,left,1
34051,LPLC2,left,23247,LPLC2,left,1
34407,LPLC2,left,32737,LPLC2,left,1
518439,LC4,left,516909,LC4,left,1
34407,LPLC2,left,32737,LPLC2,left,1
34372,LPLC2,right,32507,LPLC2,right,1
34051,LPLC2,left,23349,LPLC2,left,1
518439,LC4,left,515476,LC4,left,1
519650,LC4,left,35616,LC4,left,1
520449,LC4,left,517752,LC4,left,1
520764,LPLC2,left,517078,LPLC2,left,1
34051,LPLC2,left,33965,LPLC2,left,1
536444,LPLC2,left,26416,LPLC2,left,1
519650,LC4,left,535341,LC4,left,1
518983,LC4,left,21721,LC4,left,1
518730,LC4,left,514670,LPLC2,left,1
34407,LPLC2,left,525844,LPLC2,left,1
517819,LPLC2,left,17774,LPLC2,left,1
518730,LC4,left,514956,LC4,left,1
33965,LPLC2,left,134521,LPLC2,left,1
33965,LPLC2,left,515971,LPLC2,left,1
34372,LPLC2,right,38542,LPLC2,right,1
518544,LC4,left,23202,LC4,left,1
34407,LPLC2,left,24840,LPLC2,left,1
34407,LPLC2,left,518731,LPLC2,left,1
520764,LPLC2,left,29815,LPLC2,left,1
34407,LPLC2,left,517819,LPLC2,left,1
520449,LC4,left,24568,LPLC2,left,1
518983,LC4,left,24523,LC4,left,1
34372,LPLC2,right,37925,LPLC2,right,1
34407,LPLC2,left,24840,LPLC2,left,1
34051,LPLC2,left,25575,LPLC2,left,1
34110,LPLC2,right,20471,LPLC2,right,1
34110,LPLC2,right,20535,LPLC2,right,1
34407,LPLC2,left,25136,LPLC2,left,1
34407,LPLC2,left,517078,LPLC2,left,1
518439,LC4,left,12824,LC4,left,1
536444,LPLC2,left,19787,LPLC2,left,1
518544,LC4,left,24523,LC4,left,1
518016,LC4,left,12824,LC4,left,1
518544,LC4,left,27399,LPLC2,left,1
519931,LC4,left,18432,LC4,left,1
34110,LPLC2,right,20334,LPLC2,right,1
517819,LPLC2,left,12824,LC4,left,1
519931,LC4,left,17653,LC4,left,1
518016,LC4,left,17608,LC4,left,1
34051,LPLC2,left,34845,LC4,left,1
519931,LC4,left,17653,LC4,left,1
518731,LPLC2,left,40811,LPLC2,left,1
518731,LPLC2,left,35294,LPLC2,left,1
519931,LC4,left,17340,LC4,left,1
519931,LC4,left,17270,LC4,left,1
34372,LPLC2,right,50287,LPLC2,right,1
518544,LC4,left,31308,LC4,left,1
517819,LPLC2,left,13764,LPLC2,left,1
518730,LC4,left,100485,LC4,left,1
521115,LPLC2,left,27023,LPLC2,left,1
518731,LPLC2,left,34407,LPLC2,left,1
518016,LC4,left,16809,LC4,left,1
517819,LPLC2,left,14888,LC4,left,1
518016,LC4,left,14888,LC4,left,1
520449,LC4,left,519650,LC4,left,1
34407,LPLC2,left,536444,LPLC2,left,1
518544,LC4,left,27624,LC4,left,1
34051,LPLC2,left,34407,LPLC2,left,1
518983,LC4,left,20976,LC4,left,1
521115,LPLC2,left,12384,LPLC2,left,1
33965,LPLC2,left,518731,LPLC2,left,1
34110,LPLC2,right,29183,LPLC2,right,1
34110,LPLC2,right,29563,LC4,right,1
521115,LPLC2,left,13764,LPLC2,left,1
519650,LC4,left,514508,LC4,left,1
519650,LC4,left,512366,LC4,left,1
518983,LC4,left,33137,LC4,left,1
34407,LPLC2,left,111903,LPLC2,left,1
521115,LPLC2,left,25027,LPLC2,left,1
517819,LPLC2,left,536444,LPLC2,left,1
34110,LPLC2,right,29287,LPLC2,right,1
521115,LPLC2,left,24605,LPLC2,left,1
517819,LPLC2,left,20440,LC4,left,1
519650,LC4,left,100485,LC4,left,1
518439,LC4,left,17270,LC4,left,1
536444,LPLC2,left,517078,LPLC2,left,1
34372,LPLC2,right,26147,LPLC2,right,1
34407,LPLC2,left,26416,LPLC2,left,1
521115,LPLC2,left,24568,LPLC2,left,1
518439,LC4,left,17340,LC4,left,1
521115,LPLC2,left,24523,LC4,left,1
34110,LPLC2,right,21045,LPLC2,right,1
519650,LC4,left,77614,LC4,left,1
518731,LPLC2,left,14102,LPLC2,left,1
536444,LPLC2,left,21361,LPLC2,left,1
536444,LPLC2,left,30512,LPLC2,left,1
519650,LC4,left,35616,LC4,left,1
34407,LPLC2,left,40841,LPLC2,left,1
33965,LPLC2,left,533895,LPLC2,left,1
518544,LC4,left,20572,LC4,left,1
519650,LC4,left,520449,LC4,left,1
520764,LPLC2,left,23550,LPLC2,left,1
34051,LPLC2,left,31105,LPLC2,left,1
519650,LC4,left,518983,LC4,left,1
518983,LC4,left,30087,LC4,left,1
518983,LC4,left,31301,LC4,left,1
34407,LPLC2,left,512705,LC4,left,1
34372,LPLC2,right,24401,LPLC2,right,1
519650,LC4,left,518544,LC4,left,1
518016,LC4,left,12032,LC4,left,1
520764,LPLC2,left,29955,LPLC2,left,1
34407,LPLC2,left,134521,LPLC2,left,1
34407,LPLC2,left,134521,LPLC2,left,1
519650,LC4,left,517752,LC4,left,1
518730,LC4,left,532254,LC4,left,1
518544,LC4,left,20976,LC4,left,1
520764,LPLC2,left,11498,LPLC2,left,1
536444,LPLC2,left,519931,LC4,left,1
518983,LC4,left,31308,LC4,left,1
34110,LPLC2,right,20584,LPLC2,right,1
518730,LC4,left,533129,LC4,left,1
536444,LPLC2,left,19830,LPLC2,left,1
520449,LC4,left,33137,LC4,left,1
518544,LC4,left,20859,LC4,left,1
518983,LC4,left,31429,LC4,left,1
518439,LC4,left,15018,LC4,left,1
518731,LPLC2,left,30512,LPLC2,left,1
34051,LPLC2,left,533895,LPLC2,left,1
39620,LPLC2,right,29216,LPLC2,right,1
521115,LPLC2,left,31429,LC4,left,1
100103,LPLC2,left,30512,LPLC2,left,1
531014,LPLC2,left,13132,LPLC2,left,1
37587,LC4,left,14888,LC4,left,1
100103,LPLC2,left,28188,LPLC2,left,1
100103,LPLC2,left,29319,LPLC2,left,1
100103,LPLC2,left,29753,LPLC2,left,1
100103,LPLC2,left,29815,LPLC2,left,1
37431,LPLC2,right,37925,LPLC2,right,1
100103,LPLC2,left,27355,LPLC2,left,1
530029,LC4,left,532254,LC4,left,1
533895,LPLC2,left,23665,LPLC2,left,1
37431,LPLC2,right,37925,LPLC2,right,1
100103,LPLC2,left,30895,LPLC2,left,1
37431,LPLC2,right,35838,LPLC2,right,1
100103,LPLC2,left,32223,LPLC2,left,1
100103,LPLC2,left,27716,LPLC2,left,1
37587,LC4,left,15018,LC4,left,1
100103,LPLC2,left,33406,LPLC2,left,1
100103,LPLC2,left,24308,LPLC2,left,1
37587,LC4,left,27023,LPLC2,left,1
37587,LC4,left,26416,LPLC2,left,1
100103,LPLC2,left,23349,LPLC2,left,1
37587,LC4,left,21721,LC4,left,1
100103,LPLC2,left,23349,LPLC2,left,1
37587,LC4,left,18432,LC4,left,1
37587,LC4,left,17653,LC4,left,1
37587,LC4,left,16917,LC4,left,1
100103,LPLC2,left,25136,LPLC2,left,1
100103,LPLC2,left,25209,LPLC2,left,1
37587,LC4,left,17270,LC4,left,1
100103,LPLC2,left,25572,LPLC2,left,1
531014,LPLC2,left,14030,LPLC2,left,1
100103,LPLC2,left,25575,LPLC2,left,1
100103,LPLC2,left,33303,LPLC2,left,1
100103,LPLC2,left,34051,LPLC2,left,1
531014,LPLC2,left,17774,LPLC2,left,1
37431,LPLC2,right,24800,LPLC2,right,1
37431,LPLC2,right,25636,LPLC2,right,1
100485,LC4,left,27750,LC4,left,1
100485,LC4,left,27796,LPLC2,left,1
100485,LC4,left,28980,LC4,left,1
100485,LC4,left,29514,LC4,left,1
100485,LC4,left,34845,LC4,left,1
530029,LC4,left,29417,LC4,left,1
530029,LC4,left,77614,LC4,left,1
37431,LPLC2,right,24187,LPLC2,right,1
533895,LPLC2,left,25209,LPLC2,left,1
100485,LC4,left,512366,LC4,left,1
37431,LPLC2,right,23590,LPLC2,right,1
530029,LC4,left,27750,LC4,left,1
100485,LC4,left,515476,LC4,left,1
530029,LC4,left,31429,LC4,left,1
37431,LPLC2,right,26393,LPLC2,right,1
37431,LPLC2,right,33185,LPLC2,right,1
100103,LPLC2,left,520764,LPLC2,left,1
100103,LPLC2,left,111903,LPLC2,left,1
100103,LPLC2,left,112292,LPLC2,left,1
100103,LPLC2,left,129687,LPLC2,left,1
100103,LPLC2,left,134521,LPLC2,left,1
530029,LC4,left,520449,LC4,left,1
37431,LPLC2,right,31257,LPLC2,right,1
37431,LPLC2,right,30207,LPLC2,right,1
100485,LC4,left,20572,LC4,left,1
100103,LPLC2,left,521115,LPLC2,left,1
100485,LC4,left,12824,LC4,left,1
100485,LC4,left,15018,LC4,left,1
530029,LC4,left,515476,LC4,left,1
37431,LPLC2,right,28741,LPLC2,right,1
37431,LPLC2,right,28003,LPLC2,right,1
100103,LPLC2,left,21361,LPLC2,left,1
37587,LC4,left,28188,LPLC2,left,1
517752,LC4,left,16917,LC4,left,1
37613,LPLC2,right,19589,LPLC2,right,1
95241,LPLC2,left,24308,LPLC2,left,1
95241,LPLC2,left,24840,LPLC2,left,1
37613,LPLC2,right,20269,LPLC2,right,1
37613,LPLC2,right,20103,LPLC2,right,1
37613,LPLC2,right,20047,LPLC2,right,1
95241,LPLC2,left,25575,LPLC2,left,1
533895,LPLC2,left,21361,LPLC2,left,1
37613,LPLC2,right,20584,LPLC2,right,1
95241,LPLC2,left,27023,LPLC2,left,1
95241,LPLC2,left,29702,LPLC2,left,1
95241,LPLC2,left,29753,LPLC2,left,1
95241,LPLC2,left,29815,LPLC2,left,1
95241,LPLC2,left,32737,LPLC2,left,1
95241,LPLC2,left,33303,LPLC2,left,1
95241,LPLC2,left,23919,LPLC2,left,1
531014,LPLC2,left,25286,LPLC2,left,1
95241,LPLC2,left,34655,LPLC2,left,1
37613,LPLC2,right,22194,LC4,right,1
37613,LPLC2,right,23590,LPLC2,right,1
37613,LPLC2,right,22975,LC4,right,1
531014,LPLC2,left,27355,LPLC2,left,1
37613,LPLC2,right,22261,LPLC2,right,1
95241,LPLC2,left,17653,LC4,left,1
95241,LPLC2,left,17774,LPLC2,left,1
95241,LPLC2,left,17880,LPLC2,left,1
531014,LPLC2,left,25572,LPLC2,left,1
37613,LPLC2,right,21862,LPLC2,right,1
531014,LPLC2,left,27023,LPLC2,left,1
37613,LPLC2,right,21562,LPLC2,right,1
95241,LPLC2,left,18936,LPLC2,left,1
531014,LPLC2,left,26416,LPLC2,left,1
95241,LPLC2,left,20967,LC4,left,1
95241,LPLC2,left,33406,LPLC2,left,1
95241,LPLC2,left,40841,LPLC2,left,1
37587,LC4,left,29417,LC4,left,1
100103,LPLC2,left,17775,LPLC2,left,1
100103,LPLC2,left,12032,LC4,left,1
37587,LC4,left,514508,LC4,left,1
531014,LPLC2,left,21299,LPLC2,left,1
37587,LC4,left,77614,LC4,left,1
100103,LPLC2,left,17059,LPLC2,left,1
100103,LPLC2,left,17544,LPLC2,left,1
531014,LPLC2,left,20329,LPLC2,left,1
37587,LC4,left,514956,LC4,left,1
37587,LC4,left,31429,LC4,left,1
37587,LC4,left,30895,LPLC2,left,1
100103,LPLC2,left,17990,LPLC2,left,1
37587,LC4,left,30893,LPLC2,left,1
533895,LPLC2,left,23226,LC4,left,1
531014,LPLC2,left,19830,LPLC2,left,1
37587,LC4,left,514956,LC4,left,1
100103,LPLC2,left,10228,DNp06,left,1
95241,LPLC2,left,41097,LPLC2,left,1
95241,LPLC2,left,520764,LPLC2,left,1
95241,LPLC2,left,129687,LPLC2,left,1
533895,LPLC2,left,22557,LPLC2,left,1
95241,LPLC2,left,134521,LPLC2,left,1
531014,LPLC2,left,23665,LPLC2,left,1
95241,LPLC2,left,518983,LC4,left,1
37587,LC4,left,521115,LPLC2,left,1
37587,LC4,left,517752,LC4,left,1
95241,LPLC2,left,536444,LPLC2,left,1
95241,LPLC2,left,521115,LPLC2,left,1
95241,LPLC2,left,525844,LPLC2,left,1
95241,LPLC2,left,526286,LC4,left,1
37587,LC4,left,515900,LC4,left,1
37587,LC4,left,515476,LC4,left,1
95241,LPLC2,left,533895,LPLC2,left,1
100485,LC4,left,515900,LC4,left,1
37431,LPLC2,right,22677,LPLC2,right,1
100485,LC4,left,518439,LC4,left,1
111903,LPLC2,left,520764,LPLC2,left,1
111903,LPLC2,left,511914,LC4,left,1
527408,LC4,right,17987,LC4,right,1
111903,LPLC2,left,514670,LPLC2,left,1
35889,LPLC2,right,23792,LC4,right,1
35889,LPLC2,right,23497,LPLC2,right,1
111903,LPLC2,left,517079,LPLC2,left,1
35889,LPLC2,right,21862,LPLC2,right,1
111903,LPLC2,left,134521,LPLC2,left,1
35889,LPLC2,right,21703,LPLC2,right,1
35889,LPLC2,right,21562,LPLC2,right,1
112292,LPLC2,left,11498,LPLC2,left,1
35889,LPLC2,right,21318,LPLC2,right,1
527408,LC4,right,16128,LC4,right,1
112292,LPLC2,left,14030,LPLC2,left,1
35889,LPLC2,right,23878,LPLC2,right,1
111903,LPLC2,left,129687,LPLC2,left,1
35889,LPLC2,right,20749,LPLC2,right,1
111903,LPLC2,left,29955,LPLC2,left,1
111903,LPLC2,left,27023,LPLC2,left,1
111903,LPLC2,left,27355,LPLC2,left,1
111903,LPLC2,left,27399,LPLC2,left,1
111903,LPLC2,left,27796,LPLC2,left,1
111903,LPLC2,left,28011,LPLC2,left,1
111903,LPLC2,left,29815,LPLC2,left,1
527408,LC4,right,20016,LC4,right,1
35889,LPLC2,right,24118,LPLC2,right,1
111903,LPLC2,left,32223,LPLC2,left,1
111903,LPLC2,left,32737,LPLC2,left,1
111903,LPLC2,left,40811,LPLC2,left,1
35889,LPLC2,right,24401,LPLC2,right,1
527408,LC4,right,19589,LPLC2,right,1
111903,LPLC2,left,112292,LPLC2,left,1
527408,LC4,right,10584,DNp06,right,1
112292,LPLC2,left,14888,LC4,left,1
37431,LPLC2,right,21899,LPLC2,right,1
112292,LPLC2,left,32737,LPLC2,left,1
112292,LPLC2,left,29955,LPLC2,left,1
35838,LPLC2,right,33396,LPLC2,right,1
112292,LPLC2,left,30893,LPLC2,left,1
112292,LPLC2,left,31105,LPLC2,left,1
526286,LC4,left,514956,LC4,left,1
112292,LPLC2,left,32223,LPLC2,left,1
35838,LPLC2,right,31964,LPLC2,right,1
35838,LPLC2,right,35889,LPLC2,right,1
112292,LPLC2,left,33406,LPLC2,left,1
112292,LPLC2,left,34051,LPLC2,left,1
533895,LPLC2,left,30893,LPLC2,left,1
526286,LC4,left,77614,LC4,left,1
526286,LC4,left,35616,LC4,left,1
35838,LPLC2,right,30207,LPLC2,right,1
35838,LPLC2,right,35632,LPLC2,right,1
112292,LPLC2,left,29319,LPLC2,left,1
35889,LPLC2,right,20535,LPLC2,right,1
526286,LC4,left,524899,LC4,left,1
112292,LPLC2,left,18900,LPLC2,left,1
112292,LPLC2,left,20976,LC4,left,1
112292,LPLC2,left,23202,LC4,left,1
112292,LPLC2,left,23202,LC4,left,1
526286,LC4,left,530029,LC4,left,1
112292,LPLC2,left,23665,LPLC2,left,1
526286,LC4,left,520764,LPLC2,left,1
112292,LPLC2,left,28188,LPLC2,left,1
112292,LPLC2,left,24568,LPLC2,left,1
112292,LPLC2,left,25286,LPLC2,left,1
35838,LPLC2,right,50287,LPLC2,right,1
35838,LPLC2,right,38542,LPLC2,right,1
112292,LPLC2,left,27716,LPLC2,left,1
35838,LPLC2,right,37613,LPLC2,right,1
527408,LC4,right,20047,LPLC2,right,1
111903,LPLC2,left,25286,LPLC2,left,1
533895,LPLC2,left,27355,LPLC2,left,1
37431,LPLC2,right,20047,LPLC2,right,1
107513,LC4,left,518439,LC4,left,1
107513,LC4,left,524899,LC4,left,1
107513,LC4,left,530029,LC4,left,1
107513,LC4,left,532254,LC4,left,1
111787,LC4,left,15018,LC4,left,1
530029,LC4,left,14888,LC4,left,1
530029,LC4,left,12349,LC4,left,1
107513,LC4,left,514508,LC4,left,1
37431,LPLC2,right,19549,LPLC2,right,1
37431,LPLC2,right,19249,LPLC2,right,1
111787,LC4,left,16917,LC4,left,1
37431,LPLC2,right,18929,LPLC2,right,1
111787,LC4,left,22922,LC4,left,1
111787,LC4,left,27750,LC4,left,1
530029,LC4,left,17608,LC4,left,1
107513,LC4,left,77614,LC4,left,1
111903,LPLC2,left,24308,LPLC2,left,1
107513,LC4,left,18478,LC4,left,1
100485,LC4,left,518983,LC4,left,1
37431,LPLC2,right,21862,LPLC2,right,1
100485,LC4,left,532254,LC4,left,1
107513,LC4,left,12349,LC4,left,1
37431,LPLC2,right,21318,LPLC2,right,1
107513,LC4,left,16809,LC4,left,1
107513,LC4,left,22922,LC4,left,1
530029,LC4,left,18432,LC4,left,1
530029,LC4,left,22922,LC4,left,1
107513,LC4,left,27750,LC4,left,1
107513,LC4,left,29417,LC4,left,1
530029,LC4,left,20976,LC4,left,1
37431,LPLC2,right,20694,LPLC2,right,1
107513,LC4,left,32597,LC4,left,1
35889,LPLC2,right,39620,LPLC2,right,1
527408,LC4,right,30803,LC4,right,1
527408,LC4,right,30480,LC4,right,1
111903,LPLC2,left,14102,LPLC2,left,1
527408,LC4,right,22847,LC4,right,1
527408,LC4,right,22194,LC4,right,1
527408,LC4,right,22034,LC4,right,1
111903,LPLC2,left,13726,LPLC2,left,1
35889,LPLC2,right,29986,LPLC2,right,1
527408,LC4,right,21151,LC4,right,1
111903,LPLC2,left,15804,LPLC2,left,1
111787,LC4,left,31301,LC4,left,1
35889,LPLC2,right,29216,LPLC2,right,1
35889,LPLC2,right,29183,LPLC2,right,1
111903,LPLC2,left,17478,LC4,left,1
111903,LPLC2,left,17880,LPLC2,left,1
111903,LPLC2,left,18900,LPLC2,left,1
527408,LC4,right,20269,LPLC2,right,1
35889,LPLC2,right,31257,LPLC2,right,1
527408,LC4,right,22966,LC4,right,1
527408,LC4,right,22975,LC4,right,1
527408,LC4,right,23392,LC4,right,1
35889,LPLC2,right,33396,LPLC2,right,1
111787,LC4,left,518730,LC4,left,1
35889,LPLC2,right,33694,LPLC2,right,1
111787,LC4,left,518730,LC4,left,1
111787,LC4,left,518439,LC4,left,1
527408,LC4,right,26112,LC4,right,1
527408,LC4,right,27566,LPLC2,right,1
527408,LC4,right,29014,LPLC2,right,1
111787,LC4,left,514508,LC4,left,1
111787,LC4,left,512705,LC4,left,1
111787,LC4,left,77614,LC4,left,1
111787,LC4,left,35262,LC4,left,1
111787,LC4,left,33137,LC4,left,1
95241,LPLC2,left,17478,LC4,left,1
37613,LPLC2,right,24118,LPLC2,right,1
95241,LPLC2,left,17059,LPLC2,left,1
533129,LC4,left,100485,LC4,left,1
38542,LPLC2,right,19229,LPLC2,right,1
40841,LPLC2,left,34407,LPLC2,left,1
38542,LPLC2,right,17551,LPLC2,right,1
40841,LPLC2,left,35294,LPLC2,left,1
40841,LPLC2,left,40811,LPLC2,left,1
40841,LPLC2,left,111787,LC4,left,1
38065,LC4,right,527408,LC4,right,1
38542,LPLC2,right,20471,LPLC2,right,1
38065,LC4,right,39620,LPLC2,right,1
40841,LPLC2,left,514670,LPLC2,left,1
38065,LC4,right,33694,LPLC2,right,1
40841,LPLC2,left,517819,LPLC2,left,1
40841,LPLC2,left,518731,LPLC2,left,1
38065,LC4,right,30803,LC4,right,1
40841,LPLC2,left,32237,LPLC2,left,1
532254,LC4,left,514508,LC4,left,1
41097,LPLC2,left,17059,LPLC2,left,1
40841,LPLC2,left,25136,LPLC2,left,1
40841,LPLC2,left,17775,LPLC2,left,1
38542,LPLC2,right,24268,LPLC2,right,1
40841,LPLC2,left,20799,LPLC2,left,1
40841,LPLC2,left,21299,LPLC2,left,1
532254,LC4,left,516909,LC4,left,1
532254,LC4,left,515476,LC4,left,1
38542,LPLC2,right,21899,LPLC2,right,1
38542,LPLC2,right,20535,LPLC2,right,1
532254,LC4,left,514956,LC4,left,1
38542,LPLC2,right,21862,LPLC2,right,1
40841,LPLC2,left,26416,LPLC2,left,1
40841,LPLC2,left,26528,LPLC2,left,1
40841,LPLC2,left,27355,LPLC2,left,1
38542,LPLC2,right,21769,LPLC2,right,1
38065,LC4,right,30803,LC4,right,1
41097,LPLC2,left,17544,LPLC2,left,1
532254,LC4,left,23226,LC4,left,1
41097,LPLC2,left,27023,LPLC2,left,1
38065,LC4,right,21225,LC4,right,1
38065,LC4,right,20673,LC4,right,1
41097,LPLC2,left,25286,LPLC2,left,1
41097,LPLC2,left,25854,LPLC2,left,1
41097,LPLC2,left,26416,LPLC2,left,1
41097,LPLC2,left,26528,LPLC2,left,1
532254,LC4,left,29514,LC4,left,1
41097,LPLC2,left,24568,LPLC2,left,1
41097,LPLC2,left,28011,LPLC2,left,1
41097,LPLC2,left,29319,LPLC2,left,1
38065,LC4,right,20399,LC4,right,1
41097,LPLC2,left,29514,LC4,left,1
38065,LC4,right,19954,LC4,right,1
532254,LC4,left,25572,LPLC2,left,1
41097,LPLC2,left,24605,LPLC2,left,1
41097,LPLC2,left,23550,LPLC2,left,1
41097,LPLC2,left,17774,LPLC2,left,1
41097,LPLC2,left,18936,LPLC2,left,1
41097,LPLC2,left,17880,LPLC2,left,1
41097,LPLC2,left,17990,LPLC2,left,1
532254,LC4,left,35616,LC4,left,1
532254,LC4,left,35262,LC4,left,1
41097,LPLC2,left,18900,LPLC2,left,1
38065,LC4,right,25636,LPLC2,right,1
38065,LC4,right,25511,LPLC2,right,1
38065,LC4,right,22966,LC4,right,1
532254,LC4,left,34845,LC4,left,1
41097,LPLC2,left,19830,LPLC2,left,1
533129,LC4,left,515900,LC4,left,1
38065,LC4,right,23929,LC4,right,1
38065,LC4,right,23792,LC4,right,1
41097,LPLC2,left,20240,LPLC2,left,1
38542,LPLC2,right,25267,LPLC2,right,1
38542,LPLC2,right,25316,LPLC2,right,1
38542,LPLC2,right,25511,LPLC2,right,1
39620,LPLC2,right,35680,LPLC2,right,1
39620,LPLC2,right,22218,LPLC2,right,1
39620,LPLC2,right,21899,LPLC2,right,1
39620,LPLC2,right,21862,LPLC2,right,1
39620,LPLC2,right,21769,LPLC2,right,1
39620,LPLC2,right,21562,LPLC2,right,1
39620,LPLC2,right,20749,LPLC2,right,1
39620,LPLC2,right,20269,LPLC2,right,1
533129,LC4,left,21361,LPLC2,left,1
39620,LPLC2,right,37431,LPLC2,right,1
39620,LPLC2,right,38065,LC4,right,1
532254,LC4,left,531014,LPLC2,left,1
39620,LPLC2,right,20103,LPLC2,right,1
40811,LPLC2,left,13132,LPLC2,left,1
40811,LPLC2,left,13726,LPLC2,left,1
533129,LC4,left,12032,LC4,left,1
39620,LPLC2,right,34372,LPLC2,right,1
40841,LPLC2,left,13132,LPLC2,left,1
39620,LPLC2,right,25497,LPLC2,right,1
39620,LPLC2,right,29391,LPLC2,right,1
39620,LPLC2,right,29391,LPLC2,right,1
533129,LC4,left,18478,LC4,left,1
39620,LPLC2,right,27471,LPLC2,right,1
39620,LPLC2,right,26147,LPLC2,right,1
39620,LPLC2,right,25511,LPLC2,right,1
533129,LC4,left,17270,LC4,left,1
39620,LPLC2,right,33694,LPLC2,right,1
39620,LPLC2,right,31964,LPLC2,right,1
533129,LC4,left,16809,LC4,left,1
39620,LPLC2,right,33396,LPLC2,right,1
39620,LPLC2,right,24118,LPLC2,right,1
39620,LPLC2,right,23929,LC4,right,1
39620,LPLC2,right,33396,LPLC2,right,1
39620,LPLC2,right,19420,LC4,right,1
39620,LPLC2,right,19229,LPLC2,right,1
40811,LPLC2,left,17544,LPLC2,left,1
38542,LPLC2,right,29216,LPLC2,right,1
40811,LPLC2,left,35294,LPLC2,left,1
38542,LPLC2,right,29873,LPLC2,right,1
38542,LPLC2,right,29598,LPLC2,right,1
38542,LPLC2,right,29391,LPLC2,right,1
40811,LPLC2,left,95241,LPLC2,left,1
38542,LPLC2,right,29287,LPLC2,right,1
40811,LPLC2,left,515971,LPLC2,left,1
40811,LPLC2,left,17774,LPLC2,left,1
40811,LPLC2,left,517819,LPLC2,left,1
40811,LPLC2,left,518731,LPLC2,left,1
40811,LPLC2,left,521115,LPLC2,left,1
38542,LPLC2,right,28003,LPLC2,right,1
40811,LPLC2,left,525844,LPLC2,left,1
533129,LC4,left,31308,LC4,left,1
38542,LPLC2,right,30207,LPLC2,right,1
40811,LPLC2,left,29815,LPLC2,left,1
532254,LC4,left,519650,LC4,left,1
40811,LPLC2,left,29319,LPLC2,left,1
532254,LC4,left,519931,LC4,left,1
38542,LPLC2,right,33439,LPLC2,right,1
532254,LC4,left,520449,LC4,left,1
533129,LC4,left,30087,LC4,left,1
38542,LPLC2,right,35838,LPLC2,right,1
533129,LC4,left,29514,LC4,left,1
38542,LPLC2,right,55627,LPLC2,right,1
40811,LPLC2,left,24308,LPLC2,left,1
38542,LPLC2,right,527408,LC4,right,1
40811,LPLC2,left,20799,LPLC2,left,1
533129,LC4,left,27829,LC4,left,1
39620,LPLC2,right,14465,LPLC2,right,1
40811,LPLC2,left,19830,LPLC2,left,1
38065,LC4,right,17668,LC4,right,1
38065,LC4,right,16128,LC4,right,1
37613,LPLC2,right,24338,LC4,right,1
531014,LPLC2,left,134521,LPLC2,left,1
37613,LPLC2,right,37431,LPLC2,right,1
55627,LPLC2,right,37431,LPLC2,right,1
533895,LPLC2,left,14030,LPLC2,left,1
37613,LPLC2,right,35838,LPLC2,right,1
37613,LPLC2,right,35680,LPLC2,right,1
55627,LPLC2,right,38542,LPLC2,right,1
77614,LC4,left,16917,LC4,left,1
37613,LPLC2,right,38542,LPLC2,right,1
531014,LPLC2,left,112292,LPLC2,left,1
77614,LC4,left,17653,LC4,left,1
77614,LC4,left,20859,LC4,left,1
77614,LC4,left,21721,LC4,left,1
77614,LC4,left,22772,LC4,left,1
77614,LC4,left,23202,LC4,left,1
55627,LPLC2,right,35632,LPLC2,right,1
55627,LPLC2,right,33694,LPLC2,right,1
77614,LC4,left,28980,LC4,left,1
55627,LPLC2,right,28044,LPLC2,right,1
37925,LPLC2,right,19249,LPLC2,right,1
55627,LPLC2,right,23878,LPLC2,right,1
55627,LPLC2,right,24401,LPLC2,right,1
55627,LPLC2,right,25316,LPLC2,right,1
55627,LPLC2,right,25636,LPLC2,right,1
55627,LPLC2,right,27566,LPLC2,right,1
55627,LPLC2,right,28741,LPLC2,right,1
55627,LPLC2,right,33694,LPLC2,right,1
55627,LPLC2,right,29183,LPLC2,right,1
55627,LPLC2,right,29873,LPLC2,right,1
55627,LPLC2,right,33185,LPLC2,right,1
55627,LPLC2,right,33396,LPLC2,right,1
531014,LPLC2,left,517078,LPLC2,left,1
55627,LPLC2,right,33439,LPLC2,right,1
77614,LC4,left,26416,LPLC2,left,1
531014,LPLC2,left,111903,LPLC2,left,1
37925,LPLC2,right,55627,LPLC2,right,1
81112,LC4,left,29815,LPLC2,left,1
81112,LC4,left,20967,LC4,left,1
81112,LC4,left,20976,LC4,left,1
81112,LC4,left,23226,LC4,left,1
81112,LC4,left,24523,LC4,left,1
81112,LC4,left,27829,LC4,left,1
531014,LPLC2,left,33965,LPLC2,left,1
81112,LC4,left,31429,LC4,left,1
81112,LC4,left,16917,LC4,left,1
533895,LPLC2,left,17775,LPLC2,left,1
533895,LPLC2,left,17880,LPLC2,left,1
81112,LC4,left,512705,LC4,left,1
81112,LC4,left,520449,LC4,left,1
37613,LPLC2,right,25253,LPLC2,right,1
531014,LPLC2,left,29955,LPLC2,left,1
81112,LC4,left,20440,LC4,left,1
81112,LC4,left,14888,LC4,left,1
77614,LC4,left,31301,LC4,left,1
77614,LC4,left,514508,LC4,left,1
77614,LC4,left,31308,LC4,left,1
77614,LC4,left,31429,LC4,left,1
77614,LC4,left,32597,LC4,left,1
533895,LPLC2,left,17544,LPLC2,left,1
77614,LC4,left,81112,LC4,left,1
77614,LC4,left,512705,LC4,left,1
77614,LC4,left,514956,LC4,left,1
531014,LPLC2,left,34655,LPLC2,left,1
77614,LC4,left,516909,LC4,left,1
77614,LC4,left,516909,LC4,left,1
77614,LC4,left,518730,LC4,left,1
37613,LPLC2,right,29598,LPLC2,right,1
77614,LC4,left,520449,LC4,left,1
77614,LC4,left,532254,LC4,left,1
37925,LPLC2,right,19608,LPLC2,right,1
531014,LPLC2,left,521115,LPLC2,left,1
55627,LPLC2,right,22677,LPLC2,right,1
50287,LPLC2,right,21045,LPLC2,right,1
50287,LPLC2,right,19229,LPLC2,right,1
50287,LPLC2,right,20047,LPLC2,right,1
50287,LPLC2,right,20162,LPLC2,right,1
50287,LPLC2,right,20269,LPLC2,right,1
50287,LPLC2,right,20471,LPLC2,right,1
50287,LPLC2,right,20584,LPLC2,right,1
532254,LC4,left,19787,LPLC2,left,1
533129,LC4,left,519650,LC4,left,1
50287,LPLC2,right,21862,LPLC2,right,1
37925,LPLC2,right,29986,LPLC2,right,1
532254,LC4,left,18396,LC4,left,1
50287,LPLC2,right,23497,LPLC2,right,1
50287,LPLC2,right,24118,LPLC2,right,1
532254,LC4,left,17653,LC4,left,1
37925,LPLC2,right,31988,LPLC2,right,1
37925,LPLC2,right,33185,LPLC2,right,1
531014,LPLC2,left,525844,LPLC2,left,1
37925,LPLC2,right,38542,LPLC2,right,1
37925,LPLC2,right,55627,LPLC2,right,1
41097,LPLC2,left,35294,LPLC2,left,1
533129,LC4,left,518730,LC4,left,1
41097,LPLC2,left,100103,LPLC2,left,1
533129,LC4,left,518983,LC4,left,1
41097,LPLC2,left,111903,LPLC2,left,1
41097,LPLC2,left,515971,LPLC2,left,1
50287,LPLC2,right,18672,LPLC2,right,1
532254,LC4,left,20967,LC4,left,1
41097,LPLC2,left,517819,LPLC2,left,1
41097,LPLC2,left,521115,LPLC2,left,1
37925,LPLC2,right,34681,LPLC2,right,1
37925,LPLC2,right,33694,LPLC2,right,1
37925,LPLC2,right,33694,LPLC2,right,1
50287,LPLC2,right,25636,LPLC2,right,1
37925,LPLC2,right,29598,LPLC2,right,1
37925,LPLC2,right,29287,LPLC2,right,1
37925,LPLC2,right,20535,LPLC2,right,1
37925,LPLC2,right,22966,LC4,right,1
37925,LPLC2,right,22677,LPLC2,right,1
532254,LC4,left,12824,LC4,left,1
55627,LPLC2,right,17551,LPLC2,right,1
37925,LPLC2,right,20584,LPLC2,right,1
55627,LPLC2,right,19249,LPLC2,right,1
55627,LPLC2,right,19608,LPLC2,right,1
50287,LPLC2,right,26393,LPLC2,right,1
55627,LPLC2,right,20162,LPLC2,right,1
55627,LPLC2,right,20269,LPLC2,right,1
55627,LPLC2,right,20535,LPLC2,right,1
55627,LPLC2,right,21045,LPLC2,right,1
37925,LPLC2,right,19794,LC4,right,1
531014,LPLC2,left,532254,LC4,left,1
37925,LPLC2,right,23497,LPLC2,right,1
37925,LPLC2,right,23878,LPLC2,right,1
50287,LPLC2,right,34372,LPLC2,right,1
37925,LPLC2,right,24401,LPLC2,right,1
50287,LPLC2,right,33694,LPLC2,right,1
37925,LPLC2,right,24800,LPLC2,right,1
37925,LPLC2,right,25253,LPLC2,right,1
50287,LPLC2,right,31964,LPLC2,right,1
50287,LPLC2,right,30938,LPLC2,right,1
37925,LPLC2,right,25511,LPLC2,right,1
50287,LPLC2,right,30803,LC4,right,1
37925,LPLC2,right,25636,LPLC2,right,1
37925,LPLC2,right,26147,LPLC2,right,1
533129,LC4,left,524899,LC4,left,1
37925,LPLC2,right,28003,LPLC2,right,1
50287,LPLC2,right,29014,LPLC2,right,1
50287,LPLC2,right,28003,LPLC2,right,1
526286,LC4,left,34845,LC4,left,1
526286,LC4,left,32737,LPLC2,left,1
526286,LC4,left,30895,LPLC2,left,1
515900,LC4,left,20572,LC4,left,1
515900,LC4,left,14888,LC4,left,1
524366,LPLC2,left,33965,LPLC2,left,1
515900,LC4,left,17340,LC4,left,1
35262,LC4,left,12824,LC4,left,1
535341,LC4,left,29469,LC4,left,1
35262,LC4,left,12032,LC4,left,1
34845,LC4,left,535341,LC4,left,1
35262,LC4,left,17608,LC4,left,1
34845,LC4,left,526286,LC4,left,1
34845,LC4,left,518544,LC4,left,1
515900,LC4,left,23226,LC4,left,1
535341,LC4,left,32597,LC4,left,1
515900,LC4,left,28980,LC4,left,1
34845,LC4,left,514508,LC4,left,1
35262,LC4,left,17270,LC4,left,1
515900,LC4,left,13132,LPLC2,left,1
34845,LC4,left,512705,LC4,left,1
35262,LC4,left,23550,LPLC2,left,1
524366,LPLC2,left,40841,LPLC2,left,1
35262,LC4,left,27750,LC4,left,1
515476,LC4,left,516909,LC4,left,1
524366,LPLC2,left,34655,LPLC2,left,1
515476,LC4,left,517752,LC4,left,1
535341,LC4,left,27829,LC4,left,1
524366,LPLC2,left,34051,LPLC2,left,1
515476,LC4,left,533129,LC4,left,1
515476,LC4,left,519650,LC4,left,1
515476,LC4,left,530029,LC4,left,1
35262,LC4,left,20859,LC4,left,1
535341,LC4,left,28980,LC4,left,1
35262,LC4,left,20440,LC4,left,1
35262,LC4,left,18396,LC4,left,1
515900,LC4,left,31301,LC4,left,1
34845,LC4,left,511914,LC4,left,1
34681,LPLC2,right,35632,LPLC2,right,1
515971,LPLC2,left,20240,LPLC2,left,1
34845,LC4,left,16917,LC4,left,1
515971,LPLC2,left,17880,LPLC2,left,1
34845,LC4,left,14888,LC4,left,1
524366,LPLC2,left,29753,LPLC2,left,1
515971,LPLC2,left,19830,LPLC2,left,1
524366,LPLC2,left,29702,LPLC2,left,1
34681,LPLC2,right,39620,LPLC2,right,1
515971,LPLC2,left,17544,LPLC2,left,1
524366,LPLC2,left,28188,LPLC2,left,1
535341,LC4,left,111787,LC4,left,1
524366,LPLC2,left,27716,LPLC2,left,1
515971,LPLC2,left,23665,LPLC2,left,1
524366,LPLC2,left,27399,LPLC2,left,1
34681,LPLC2,right,35838,LPLC2,right,1
535341,LC4,left,100485,LC4,left,1
34845,LC4,left,18396,LC4,left,1
515900,LC4,left,77614,LC4,left,1
34845,LC4,left,27750,LC4,left,1
34845,LC4,left,100485,LC4,left,1
515900,LC4,left,95241,LPLC2,left,1
515900,LC4,left,512705,LC4,left,1
34845,LC4,left,77614,LC4,left,1
515900,LC4,left,514956,LC4,left,1
515900,LC4,left,515476,LC4,left,1
515971,LPLC2,left,10228,DNp06,left,1
34845,LC4,left,18478,LC4,left,1
34845,LC4,left,23226,LC4,left,1
34845,LC4,left,23202,LC4,left,1
535341,LC4,left,77614,LC4,left,1
515971,LPLC2,left,13726,LPLC2,left,1
524366,LPLC2,left,31105,LPLC2,left,1
524366,LPLC2,left,30895,LPLC2,left,1
35262,LC4,left,27796,LPLC2,left,1
515476,LC4,left,77614,LC4,left,1
515476,LC4,left,35616,LC4,left,1
514670,LPLC2,left,516909,LC4,left,1
524899,LC4,left,20859,LC4,left,1
514670,LPLC2,left,40811,LPLC2,left,1
35294,LPLC2,left,26528,LPLC2,left,1
35294,LPLC2,left,26416,LPLC2,left,1
535341,LC4,left,17653,LC4,left,1
514670,LPLC2,left,134521,LPLC2,left,1
35294,LPLC2,left,25136,LPLC2,left,1
35294,LPLC2,left,27750,LC4,left,1
535341,LC4,left,17653,LC4,left,1
35294,LPLC2,left,23349,LPLC2,left,1
35294,LPLC2,left,23247,LPLC2,left,1
35294,LPLC2,left,22557,LPLC2,left,1
535341,LC4,left,18432,LC4,left,1
35294,LPLC2,left,20799,LPLC2,left,1
35294,LPLC2,left,27716,LPLC2,left,1
514670,LPLC2,left,32237,LPLC2,left,1
515476,LC4,left,35262,LC4,left,1
514670,LPLC2,left,29753,LPLC2,left,1
514670,LPLC2,left,23202,LC4,left,1
514670,LPLC2,left,23919,LPLC2,left,1
514670,LPLC2,left,24308,LPLC2,left,1
514670,LPLC2,left,24568,LPLC2,left,1
514670,LPLC2,left,25136,LPLC2,left,1
514670,LPLC2,left,26416,LPLC2,left,1
514670,LPLC2,left,29955,LPLC2,left,1
514670,LPLC2,left,32223,LPLC2,left,1
35294,LPLC2,left,29702,LPLC2,left,1
514670,LPLC2,left,31105,LPLC2,left,1
35294,LPLC2,left,29417,LC4,left,1
35294,LPLC2,left,29319,LPLC2,left,1
35294,LPLC2,left,28188,LPLC2,left,1
35294,LPLC2,left,28011,LPLC2,left,1
35294,LPLC2,left,20240,LPLC2,left,1
514956,LC4,left,15018,LC4,left,1
35294,LPLC2,left,18936,LPLC2,left,1
535341,LC4,left,22772,LC4,left,1
35262,LC4,left,111787,LC4,left,1
515476,LC4,left,17340,LC4,left,1
515476,LC4,left,18478,LC4,left,1
515476,LC4,left,20440,LC4,left,1
524366,LPLC2,left,518731,LPLC2,left,1
515476,LC4,left,28188,LPLC2,left,1
515476,LC4,left,29417,LC4,left,1
35294,LPLC2,left,17059,LPLC2,left,1
535341,LC4,left,22922,LC4,left,1
515476,LC4,left,30087,LC4,left,1
515476,LC4,left,32597,LC4,left,1
515476,LC4,left,32597,LC4,left,1
515476,LC4,left,33303,LPLC2,left,1
535341,LC4,left,27624,LC4,left,1
35262,LC4,left,511914,LC4,left,1
35262,LC4,left,515476,LC4,left,1
35262,LC4,left,515900,LC4,left,1
514956,LC4,left,519650,LC4,left,1
514956,LC4,left,518983,LC4,left,1
514956,LC4,left,518730,LC4,left,1
514956,LC4,left,129687,LPLC2,left,1
535341,LC4,left,20967,LC4,left,1
514956,LC4,left,77614,LC4,left,1
514956,LC4,left,35262,LC4,left,1
514956,LC4,left,31301,LC4,left,1
535341,LC4,left,20859,LC4,left,1
514956,LC4,left,30087,LC4,left,1
35294,LPLC2,left,13764,LPLC2,left,1
35294,LPLC2,left,14030,LPLC2,left,1
524899,LC4,left,17608,LC4,left,1
35294,LPLC2,left,15804,LPLC2,left,1
34681,LPLC2,right,35680,LPLC2,right,1
524366,LPLC2,left,27355,LPLC2,left,1
524899,LC4,left,22557,LPLC2,left,1
535341,LC4,left,519931,LC4,left,1
34655,LPLC2,left,517079,LPLC2,left,1
517078,LPLC2,left,40841,LPLC2,left,1
34655,LPLC2,left,517078,LPLC2,left,1
517078,LPLC2,left,129687,LPLC2,left,1
34655,LPLC2,left,514670,LPLC2,left,1
517078,LPLC2,left,515900,LC4,left,1
34655,LPLC2,left,111903,LPLC2,left,1
517078,LPLC2,left,31563,LPLC2,left,1
521115,LPLC2,left,517078,LPLC2,left,1
517078,LPLC2,left,525844,LPLC2,left,1
517078,LPLC2,left,531014,LPLC2,left,1
34655,LPLC2,left,107513,LC4,left,1
517079,LPLC2,left,12384,LPLC2,left,1
517079,LPLC2,left,13764,LPLC2,left,1
517078,LPLC2,left,34051,LPLC2,left,1
517078,LPLC2,left,30893,LPLC2,left,1
517079,LPLC2,left,17880,LPLC2,left,1
517078,LPLC2,left,23919,LPLC2,left,1
34681,LPLC2,right,19229,LPLC2,right,1
517078,LPLC2,left,22557,LPLC2,left,1
34681,LPLC2,right,19146,LPLC2,right,1
34681,LPLC2,right,18929,LPLC2,right,1
34681,LPLC2,right,17551,LPLC2,right,1
521115,LPLC2,left,518439,LC4,left,1
517078,LPLC2,left,24840,LPLC2,left,1
521115,LPLC2,left,517079,LPLC2,left,1
517078,LPLC2,left,25209,LPLC2,left,1
517078,LPLC2,left,26416,LPLC2,left,1
517078,LPLC2,left,27355,LPLC2,left,1
517078,LPLC2,left,27716,LPLC2,left,1
34655,LPLC2,left,531014,LPLC2,left,1
517078,LPLC2,left,29319,LPLC2,left,1
34655,LPLC2,left,37587,LC4,left,1
517079,LPLC2,left,19830,LPLC2,left,1
515971,LPLC2,left,24308,LPLC2,left,1
517079,LPLC2,left,514508,LC4,left,1
517079,LPLC2,left,40841,LPLC2,left,1
535341,LC4,left,533129,LC4,left,1
517079,LPLC2,left,111903,LPLC2,left,1
34655,LPLC2,left,25575,LPLC2,left,1
517079,LPLC2,left,129687,LPLC2,left,1
34655,LPLC2,left,25572,LPLC2,left,1
517079,LPLC2,left,520764,LPLC2,left,1
34655,LPLC2,left,26528,LPLC2,left,1
34655,LPLC2,left,25524,LPLC2,left,1
517079,LPLC2,left,524366,LPLC2,left,1
34655,LPLC2,left,25286,LPLC2,left,1
517079,LPLC2,left,536444,LPLC2,left,1
521115,LPLC2,left,32237,LPLC2,left,1
517752,LC4,left,15018,LC4,left,1
517079,LPLC2,left,40811,LPLC2,left,1
517079,LPLC2,left,30895,LPLC2,left,1
535341,LC4,left,520449,LC4,left,1
517079,LPLC2,left,25575,LPLC2,left,1
517079,LPLC2,left,20240,LPLC2,left,1
517079,LPLC2,left,20329,LPLC2,left,1
521115,LPLC2,left,129687,LPLC2,left,1
34655,LPLC2,left,32737,LPLC2,left,1
34655,LPLC2,left,30895,LPLC2,left,1
521115,LPLC2,left,40811,LPLC2,left,1
517079,LPLC2,left,25854,LPLC2,left,1
517079,LPLC2,left,29815,LPLC2,left,1
517079,LPLC2,left,27023,LPLC2,left,1
517079,LPLC2,left,27399,LPLC2,left,1
517079,LPLC2,left,29319,LPLC2,left,1
34655,LPLC2,left,27716,LPLC2,left,1
521115,LPLC2,left,33965,LPLC2,left,1
34655,LPLC2,left,27399,LPLC2,left,1
34681,LPLC2,right,19543,LC4,right,1
517078,LPLC2,left,21361,LPLC2,left,1
521115,LPLC2,left,530029,LC4,left,1
34681,LPLC2,right,25636,LPLC2,right,1
34681,LPLC2,right,28003,LPLC2,right,1
524366,LPLC2,left,21299,LPLC2,left,1
515971,LPLC2,left,521115,LPLC2,left,1
524366,LPLC2,left,20799,LPLC2,left,1
34681,LPLC2,right,26393,LPLC2,right,1
515971,LPLC2,left,524899,LC4,left,1
515971,LPLC2,left,536444,LPLC2,left,1
524366,LPLC2,left,22253,LPLC2,left,1
524366,LPLC2,left,20240,LPLC2,left,1
524366,LPLC2,left,19911,LPLC2,left,1
524366,LPLC2,left,19830,LPLC2,left,1
524366,LPLC2,left,17990,LPLC2,left,1
516909,LC4,left,22772,LC4,left,1
524366,LPLC2,left,17775,LPLC2,left,1
34681,LPLC2,right,28871,LPLC2,right,1
524366,LPLC2,left,22557,LPLC2,left,1
34681,LPLC2,right,19549,LPLC2,right,1
34681,LPLC2,right,31257,LPLC2,right,1
34681,LPLC2,right,34110,LPLC2,right,1
515971,LPLC2,left,25136,LPLC2,left,1
524366,LPLC2,left,25575,LPLC2,left,1
515971,LPLC2,left,29955,LPLC2,left,1
515971,LPLC2,left,30512,LPLC2,left,1
34681,LPLC2,right,32507,LPLC2,right,1
515971,LPLC2,left,33965,LPLC2,left,1
515971,LPLC2,left,511914,LC4,left,1
34681,LPLC2,right,30207,LPLC2,right,1
515971,LPLC2,left,34051,LPLC2,left,1
34681,LPLC2,right,29598,LPLC2,right,1
515971,LPLC2,left,41097,LPLC2,left,1
515971,LPLC2,left,129687,LPLC2,left,1
524366,LPLC2,left,23247,LPLC2,left,1
524366,LPLC2,left,17059,LPLC2,left,1
516909,LC4,left,34407,LPLC2,left,1
34681,LPLC2,right,22194,LC4,right,1
517078,LPLC2,left,17774,LPLC2,left,1
517078,LPLC2,left,14888,LC4,left,1
517078,LPLC2,left,17059,LPLC2,left,1
517078,LPLC2,left,17544,LPLC2,left,1
521115,LPLC2,left,536444,LPLC2,left,1
517078,LPLC2,left,17653,LC4,left,1
521115,LPLC2,left,533895,LPLC2,left,1
517078,LPLC2,left,17775,LPLC2,left,1
34681,LPLC2,right,21899,LPLC2,right,1
517078,LPLC2,left,17880,LPLC2,left,1
34681,LPLC2,right,20334,LPLC2,right,1
521115,LPLC2,left,531014,LPLC2,left,1
517078,LPLC2,left,19911,LPLC2,left,1
517078,LPLC2,left,20329,LPLC2,left,1
34681,LPLC2,right,19608,LPLC2,right,1
524366,LPLC2,left,12384,LPLC2,left,1
524366,LPLC2,left,13726,LPLC2,left,1
516909,LC4,left,532254,LC4,left,1
524366,LPLC2,left,13764,LPLC2,left,1
516909,LC4,left,524899,LC4,left,1
516909,LC4,left,519650,LC4,left,1
516909,LC4,left,518983,LC4,left,1
516909,LC4,left,518544,LC4,left,1
34681,LPLC2,right,21318,LPLC2,right,1
516909,LC4,left,518439,LC4,left,1
535341,LC4,left,516909,LC4,left,1
516909,LC4,left,518016,LC4,left,1
524366,LPLC2,left,14030,LPLC2,left,1
516909,LC4,left,512705,LC4,left,1
516909,LC4,left,511914,LC4,left,1
516909,LC4,left,77614,LC4,left,1
34681,LPLC2,right,21862,LPLC2,right,1
35294,LPLC2,left,32237,LPLC2,left,1
514670,LPLC2,left,20799,LPLC2,left,1
35838,LPLC2,right,30041,LPLC2,right,1
134521,LPLC2,left,25575,LPLC2,left,1
134521,LPLC2,left,23919,LPLC2,left,1
35680,LPLC2,right,29391,LPLC2,right,1
134521,LPLC2,left,24308,LPLC2,left,1
134521,LPLC2,left,24605,LPLC2,left,1
134521,LPLC2,left,25572,LPLC2,left,1
134521,LPLC2,left,25575,LPLC2,left,1
35680,LPLC2,right,28871,LPLC2,right,1
134521,LPLC2,left,23247,LPLC2,left,1
134521,LPLC2,left,27023,LPLC2,left,1
134521,LPLC2,left,28011,LPLC2,left,1
35680,LPLC2,right,27471,LPLC2,right,1
134521,LPLC2,left,29319,LPLC2,left,1
134521,LPLC2,left,29815,LPLC2,left,1
134521,LPLC2,left,30512,LPLC2,left,1
525844,LPLC2,left,34051,LPLC2,left,1
35680,LPLC2,right,29873,LPLC2,right,1
35680,LPLC2,right,26730,LPLC2,right,1
129687,LPLC2,left,521115,LPLC2,left,1
525844,LPLC2,left,129687,LPLC2,left,1
35680,LPLC2,right,33185,LPLC2,right,1
129687,LPLC2,left,511914,LC4,left,1
129687,LPLC2,left,514956,LC4,left,1
525844,LPLC2,left,112292,LPLC2,left,1
129687,LPLC2,left,520764,LPLC2,left,1
134521,LPLC2,left,11498,LPLC2,left,1
134521,LPLC2,left,20329,LPLC2,left,1
533895,LPLC2,left,35294,LPLC2,left,1
525844,LPLC2,left,107513,LC4,left,1
533895,LPLC2,left,40841,LPLC2,left,1
134521,LPLC2,left,17880,LPLC2,left,1
35680,LPLC2,right,30207,LPLC2,right,1
525844,LPLC2,left,34655,LPLC2,left,1
134521,LPLC2,left,31563,LPLC2,left,1
134521,LPLC2,left,32237,LPLC2,left,1
35680,LPLC2,right,18672,LPLC2,right,1
35680,LPLC2,right,20047,LPLC2,right,1
511914,LC4,left,16917,LC4,left,1
35680,LPLC2,right,20584,LPLC2,right,1
511914,LC4,left,17270,LC4,left,1
511914,LC4,left,20572,LC4,left,1
511914,LC4,left,20572,LC4,left,1
35680,LPLC2,right,20103,LPLC2,right,1
511914,LC4,left,21721,LC4,left,1
511914,LC4,left,12032,LC4,left,1
35680,LPLC2,right,19842,LPLC2,right,1
35680,LPLC2,right,19608,LPLC2,right,1
35680,LPLC2,right,19229,LPLC2,right,1
35680,LPLC2,right,19229,LPLC2,right,1
35680,LPLC2,right,19146,LPLC2,right,1
511914,LC4,left,24523,LC4,left,1
35680,LPLC2,right,21562,LPLC2,right,1
134521,LPLC2,left,531014,LPLC2,left,1
134521,LPLC2,left,33303,LPLC2,left,1
35680,LPLC2,right,24800,LPLC2,right,1
134521,LPLC2,left,33406,LPLC2,left,1
35680,LPLC2,right,26147,LPLC2,right,1
134521,LPLC2,left,33965,LPLC2,left,1
134521,LPLC2,left,35294,LPLC2,left,1
134521,LPLC2,left,112292,LPLC2,left,1
35680,LPLC2,right,25253,LPLC2,right,1
134521,LPLC2,left,512705,LC4,left,1
134521,LPLC2,left,526286,LC4,left,1
134521,LPLC2,left,514670,LPLC2,left,1
35680,LPLC2,right,24187,LPLC2,right,1
134521,LPLC2,left,518730,LC4,left,1
533895,LPLC2,left,514670,LPLC2,left,1
35680,LPLC2,right,22677,LPLC2,right,1
134521,LPLC2,left,526286,LC4,left,1
129687,LPLC2,left,100103,LPLC2,left,1
35680,LPLC2,right,34110,LPLC2,right,1
129687,LPLC2,left,40841,LPLC2,left,1
129687,LPLC2,left,20799,LPLC2,left,1
35838,LPLC2,right,25511,LPLC2,right,1
35838,LPLC2,right,25316,LPLC2,right,1
35838,LPLC2,right,25267,LPLC2,right,1
35838,LPLC2,right,25267,LPLC2,right,1
35838,LPLC2,right,24401,LPLC2,right,1
129687,LPLC2,left,20799,LPLC2,left,1
129687,LPLC2,left,21299,LPLC2,left,1
129687,LPLC2,left,17880,LPLC2,left,1
35838,LPLC2,right,23878,LPLC2,right,1
35838,LPLC2,right,22218,LPLC2,right,1
35838,LPLC2,right,22218,LPLC2,right,1
129687,LPLC2,left,22253,LPLC2,left,1
526286,LC4,left,17653,LC4,left,1
35838,LPLC2,right,21899,LPLC2,right,1
129687,LPLC2,left,17990,LPLC2,left,1
526286,LC4,left,20440,LC4,left,1
525844,LPLC2,left,515971,LPLC2,left,1
35838,LPLC2,right,28044,LPLC2,right,1
526286,LC4,left,29469,LC4,left,1
35838,LPLC2,right,29986,LPLC2,right,1
112292,LPLC2,left,525844,LPLC2,left,1
526286,LC4,left,28980,LC4,left,1
526286,LC4,left,27829,LC4,left,1
112292,LPLC2,left,533895,LPLC2,left,1
35838,LPLC2,right,28003,LPLC2,right,1
129687,LPLC2,left,17774,LPLC2,left,1
129687,LPLC2,left,13726,LPLC2,left,1
35838,LPLC2,right,27471,LPLC2,right,1
129687,LPLC2,left,14030,LPLC2,left,1
526286,LC4,left,20976,LC4,left,1
129687,LPLC2,left,17270,LC4,left,1
129687,LPLC2,left,17270,LC4,left,1
129687,LPLC2,left,23919,LPLC2,left,1
35838,LPLC2,right,21769,LPLC2,right,1
526286,LC4,left,17270,LC4,left,1
129687,LPLC2,left,30512,LPLC2,left,1
35838,LPLC2,right,19608,LPLC2,right,1
35838,LPLC2,right,19589,LPLC2,right,1
35838,LPLC2,right,19249,LPLC2,right,1
35838,LPLC2,right,18929,LPLC2,right,1
525844,LPLC2,left,518731,LPLC2,left,1
129687,LPLC2,left,29753,LPLC2,left,1
525844,LPLC2,left,518730,LC4,left,1
129687,LPLC2,left,24568,LPLC2,left,1
35680,LPLC2,right,37925,LPLC2,right,1
129687,LPLC2,left,31563,LPLC2,left,1
129687,LPLC2,left,32237,LPLC2,left,1
525844,LPLC2,left,517819,LPLC2,left,1
129687,LPLC2,left,33406,LPLC2,left,1
35680,LPLC2,right,35632,LPLC2,right,1
35838,LPLC2,right,19842,LPLC2,right,1
35838,LPLC2,right,20047,LPLC2,right,1
129687,LPLC2,left,28011,LPLC2,left,1
526286,LC4,left,11498,LPLC2,left,1
35838,LPLC2,right,20103,LPLC2,right,1
129687,LPLC2,left,26528,LPLC2,left,1
35838,LPLC2,right,20269,LPLC2,right,1
35838,LPLC2,right,20334,LPLC2,right,1
533895,LPLC2,left,33406,LPLC2,left,1
35838,LPLC2,right,20584,LPLC2,right,1
526286,LC4,left,16809,LC4,left,1
35838,LPLC2,right,20673,LC4,right,1
129687,LPLC2,left,25286,LPLC2,left,1
129687,LPLC2,left,24605,LPLC2,left,1
35838,LPLC2,right,20694,LPLC2,right,1
35838,LPLC2,right,21045,LPLC2,right,1
35838,LPLC2,right,21225,LC4,right,1
35680,LPLC2,right,18929,LPLC2,right,1
511914,LC4,left,27750,LC4,left,1
35294,LPLC2,left,112292,LPLC2,left,1
514508,LC4,left,20572,LC4,left,1
35616,LC4,left,516909,LC4,left,1
514508,LC4,left,17340,LC4,left,1
35616,LC4,left,515476,LC4,left,1
514508,LC4,left,18396,LC4,left,1
514508,LC4,left,18478,LC4,left,1
35616,LC4,left,512705,LC4,left,1
514508,LC4,left,20967,LC4,left,1
514508,LC4,left,16809,LC4,left,1
35616,LC4,left,111903,LPLC2,left,1
514508,LC4,left,22253,LPLC2,left,1
35616,LC4,left,111787,LC4,left,1
514508,LC4,left,24523,LC4,left,1
35616,LC4,left,100485,LC4,left,1
35616,LC4,left,77614,LC4,left,1
35616,LC4,left,518016,LC4,left,1
35616,LC4,left,518439,LC4,left,1
35616,LC4,left,32597,LC4,left,1
512705,LC4,left,518016,LC4,left,1
35632,LPLC2,right,19420,LC4,right,1
35632,LPLC2,right,19249,LPLC2,right,1
512705,LC4,left,77614,LC4,left,1
512705,LC4,left,81112,LC4,left,1
35632,LPLC2,right,17551,LPLC2,right,1
512705,LC4,left,516909,LC4,left,1
35632,LPLC2,right,14465,LPLC2,right,1
35616,LC4,left,518730,LC4,left,1
533895,LPLC2,left,536444,LPLC2,left,1
512705,LC4,left,519650,LC4,left,1
512705,LC4,left,520449,LC4,left,1
512705,LC4,left,526286,LC4,left,1
35616,LC4,left,520449,LC4,left,1
524899,LC4,left,518544,LC4,left,1
35616,LC4,left,34845,LC4,left,1
514508,LC4,left,29469,LC4,left,1
511914,LC4,left,28980,LC4,left,1
524899,LC4,left,31301,LC4,left,1
35616,LC4,left,12032,LC4,left,1
535341,LC4,left,14888,LC4,left,1
514508,LC4,left,526286,LC4,left,1
35294,LPLC2,left,533895,LPLC2,left,1
514670,LPLC2,left,10228,DNp06,left,1
35294,LPLC2,left,524366,LPLC2,left,1
35294,LPLC2,left,521115,LPLC2,left,1
514508,LC4,left,519650,LC4,left,1
524899,LC4,left,30087,LC4,left,1
514670,LPLC2,left,12824,LC4,left,1
35294,LPLC2,left,517079,LPLC2,left,1
514670,LPLC2,left,13726,LPLC2,left,1
514670,LPLC2,left,17544,LPLC2,left,1
524899,LC4,left,23202,LC4,left,1
524899,LC4,left,81112,LC4,left,1
514508,LC4,left,518983,LC4,left,1
514508,LC4,left,31429,LC4,left,1
514508,LC4,left,35616,LC4,left,1
514508,LC4,left,32597,LC4,left,1
524899,LC4,left,516909,LC4,left,1
35616,LC4,left,26528,LPLC2,left,1
35616,LC4,left,26416,LPLC2,left,1
35616,LC4,left,24568,LPLC2,left,1
35616,LC4,left,23349,LPLC2,left,1
514508,LC4,left,37587,LC4,left,1
514508,LC4,left,514956,LC4,left,1
514508,LC4,left,107513,LC4,left,1
35616,LC4,left,20572,LC4,left,1
524899,LC4,left,515900,LC4,left,1
524899,LC4,left,512705,LC4,left,1
35616,LC4,left,17544,LPLC2,left,1
35616,LC4,left,17478,LC4,left,1
512705,LC4,left,31429,LC4,left,1
512705,LC4,left,31301,LC4,left,1
35632,LPLC2,right,20103,LPLC2,right,1
512366,LC4,left,12032,LC4,left,1
511914,LC4,left,520449,LC4,left,1
35632,LPLC2,right,31262,LC4,right,1
511914,LC4,left,524899,LC4,left,1
511914,LC4,left,533129,LC4,left,1
35632,LPLC2,right,31257,LPLC2,right,1
35632,LPLC2,right,30938,LPLC2,right,1
525844,LPLC2,left,24840,LPLC2,left,1
35632,LPLC2,right,31964,LPLC2,right,1
525844,LPLC2,left,24605,LPLC2,left,1
35632,LPLC2,right,29391,LPLC2,right,1
512366,LC4,left,12349,LC4,left,1
35632,LPLC2,right,29014,LPLC2,right,1
512366,LC4,left,17340,LC4,left,1
512366,LC4,left,20440,LC4,left,1
511914,LC4,left,519650,LC4,left,1
35632,LPLC2,right,31988,LPLC2,right,1
512705,LC4,left,30087,LC4,left,1
35632,LPLC2,right,37925,LPLC2,right,1
511914,LC4,left,29417,LC4,left,1
511914,LC4,left,30087,LC4,left,1
511914,LC4,left,31308,LC4,left,1
35632,LPLC2,right,55627,LPLC2,right,1
511914,LC4,left,35262,LC4,left,1
511914,LC4,left,77614,LC4,left,1
511914,LC4,left,514508,LC4,left,1
511914,LC4,left,518983,LC4,left,1
35632,LPLC2,right,37431,LPLC2,right,1
525844,LPLC2,left,26528,LPLC2,left,1
35632,LPLC2,right,35838,LPLC2,right,1
511914,LC4,left,518730,LC4,left,1
35632,LPLC2,right,34110,LPLC2,right,1
35632,LPLC2,right,33694,LPLC2,right,1
35632,LPLC2,right,28741,LPLC2,right,1
35632,LPLC2,right,28044,LPLC2,right,1
525844,LPLC2,left,23247,LPLC2,left,1
35632,LPLC2,right,21703,LPLC2,right,1
512705,LC4,left,17653,LC4,left,1
525844,LPLC2,left,18396,LC4,left,1
35632,LPLC2,right,21862,LPLC2,right,1
512705,LC4,left,18478,LC4,left,1
35632,LPLC2,right,21804,LC4,right,1
35632,LPLC2,right,21769,LPLC2,right,1
525844,LPLC2,left,15804,LPLC2,left,1
525844,LPLC2,left,22557,LPLC2,left,1
512705,LC4,left,20976,LC4,left,1
525844,LPLC2,left,14102,LPLC2,left,1
525844,LPLC2,left,14030,LPLC2,left,1
512705,LC4,left,22772,LC4,left,1
525844,LPLC2,left,13726,LPLC2,left,1
35632,LPLC2,right,20269,LPLC2,right,1
35632,LPLC2,right,22218,LPLC2,right,1
35632,LPLC2,right,22261,LPLC2,right,1
35632,LPLC2,right,22677,LPLC2,right,1
512705,LC4,left,16809,LC4,left,1
525844,LPLC2,left,18936,LPLC2,left,1
512705,LC4,left,14888,LC4,left,1
525844,LPLC2,left,19830,LPLC2,left,1
512366,LC4,left,535341,LC4,left,1
512366,LC4,left,519650,LC4,left,1
512366,LC4,left,518730,LC4,left,1
525844,LPLC2,left,20240,LPLC2,left,1
35632,LPLC2,right,25636,LPLC2,right,1
512366,LC4,left,512705,LC4,left,1
35632,LPLC2,right,26393,LPLC2,right,1
512366,LC4,left,81112,LC4,left,1
512366,LC4,left,31429,LC4,left,1
525844,LPLC2,left,22253,LPLC2,left,1
520449,LC4,left,14888,LC4,left,1
10001,DNp01,right,10010,DNp01,left,1
33965,LPLC2,left,27023,LPLC2,left,1
20694,LPLC2,right,18127,LC4,right,1
20673,LC4,right,22328,LC4,right,1
20673,LC4,right,22847,LC4,right,1
20673,LC4,right,23392,LC4,right,1
20673,LC4,right,23590,LPLC2,right,1
20673,LC4,right,23792,LC4,right,1
20673,LC4,right,24338,LC4,right,1
20694,LPLC2,right,17926,LC4,right,1
20694,LPLC2,right,18189,LC4,right,1
20673,LC4,right,21151,LC4,right,1
20694,LPLC2,right,19034,LPLC2,right,1
20694,LPLC2,right,19550,LC4,right,1
20694,LPLC2,right,20269,LPLC2,right,1
20694,LPLC2,right,20749,LPLC2,right,1
20694,LPLC2,right,21225,LC4,right,1
20694,LPLC2,right,21562,LPLC2,right,1
20694,LPLC2,right,21862,LPLC2,right,1
20673,LC4,right,21804,LC4,right,1
20673,LC4,right,20808,LC4,right,1
20588,LC4,right,17668,LC4,right,1
20588,LC4,right,23792,LC4,right,1
20588,LC4,right,18189,LC4,right,1
20588,LC4,right,19260,LC4,right,1
20588,LC4,right,19420,LC4,right,1
20588,LC4,right,20282,LC4,right,1
20588,LC4,right,20471,LPLC2,right,1
20588,LC4,right,21151,LC4,right,1
20588,LC4,right,21165,LC4,right,1
20588,LC4,right,24338,LC4,right,1
20673,LC4,right,20399,LC4,right,1
20588,LC4,right,30803,LC4,right,1
20588,LC4,right,37613,LPLC2,right,1
20588,LC4,right,38065,LC4,right,1
20588,LC4,right,527408,LC4,right,1
20673,LC4,right,10001,DNp01,right,1
20673,LC4,right,16128,LC4,right,1
20673,LC4,right,20016,LC4,right,1
20694,LPLC2,right,23098,LC4,right,1
20694,LPLC2,right,23098,LC4,right,1
20694,LPLC2,right,24118,LPLC2,right,1
20749,LPLC2,right,16628,LC4,right,1
20694,LPLC2,right,34372,LPLC2,right,1
20694,LPLC2,right,34681,LPLC2,right,1
20694,LPLC2,right,35632,LPLC2,right,1
20694,LPLC2,right,35680,LPLC2,right,1
20694,LPLC2,right,37613,LPLC2,right,1
20694,LPLC2,right,55627,LPLC2,right,1
20749,LPLC2,right,14465,LPLC2,right,1
20749,LPLC2,right,17054,LC4,right,1
20694,LPLC2,right,24268,LPLC2,right,1
20749,LPLC2,right,17926,LC4,right,1
20749,LPLC2,right,18189,LC4,right,1
20749,LPLC2,right,20694,LPLC2,right,1
20749,LPLC2,right,21562,LPLC2,right,1
20749,LPLC2,right,21804,LC4,right,1
20749,LPLC2,right,21808,LPLC2,right,1
20749,LPLC2,right,22218,LPLC2,right,1
20694,LPLC2,right,33396,LPLC2,right,1
20694,LPLC2,right,32507,LPLC2,right,1
20694,LPLC2,right,31964,LPLC2,right,1
20694,LPLC2,right,31262,LC4,right,1
20694,LPLC2,right,25253,LPLC2,right,1
20694,LPLC2,right,25497,LPLC2,right,1
20694,LPLC2,right,25497,LPLC2,right,1
20694,LPLC2,right,25511,LPLC2,right,1
20694,LPLC2,right,26730,LPLC2,right,1
20694,LPLC2,right,26915,LPLC2,right,1
20694,LPLC2,right,27471,LPLC2,right,1
20694,LPLC2,right,27566,LPLC2,right,1
20694,LPLC2,right,28741,LPLC2,right,1
20694,LPLC2,right,28871,LPLC2,right,1
20694,LPLC2,right,29183,LPLC2,right,1
20694,LPLC2,right,29216,LPLC2,right,1
20694,LPLC2,right,29598,LPLC2,right,1
20694,LPLC2,right,30938,LPLC2,right,1
20694,LPLC2,right,31257,LPLC2,right,1
20588,LC4,right,18127,LC4,right,1
20584,LPLC2,right,55627,LPLC2,right,1
20535,LPLC2,right,31988,LPLC2,right,1
20572,LC4,left,24840,LPLC2,left,1
20572,LC4,left,16917,LC4,left,1
20572,LC4,left,17608,LC4,left,1
20572,LC4,left,17608,LC4,left,1
20572,LC4,left,18432,LC4,left,1
20572,LC4,left,18900,LPLC2,left,1
20572,LC4,left,20329,LPLC2,left,1
20572,LC4,left,21721,LC4,left,1
20572,LC4,left,27023,LPLC2,left,1
20542,LC4,right,38065,LC4,right,1
20572,LC4,left,31308,LC4,left,1
20572,LC4,left,34845,LC4,left,1
20572,LC4,left,34845,LC4,left,1
20572,LC4,left,35616,LC4,left,1
20572,LC4,left,35616,LC4,left,1
20572,LC4,left,100485,LC4,left,1
20572,LC4,left,111787,LC4,left,1
20542,LC4,right,527408,LC4,right,1
20542,LC4,right,26147,LPLC2,right,1
20584,LPLC2,right,37925,LPLC2,right,1
20542,LC4,right,18189,LC4,right,1
20535,LPLC2,right,35632,LPLC2,right,1
20535,LPLC2,right,35680,LPLC2,right,1
20535,LPLC2,right,38542,LPLC2,right,1
20535,LPLC2,right,55627,LPLC2,right,1
20542,LC4,right,17668,LC4,right,1
20542,LC4,right,17860,LC4,right,1
20542,LC4,right,17926,LC4,right,1
20542,LC4,right,19634,LC4,right,1
20542,LC4,right,23497,LPLC2,right,1
20542,LC4,right,20584,LPLC2,right,1
20542,LC4,right,20673,LC4,right,1
20542,LC4,right,20917,LC4,right,1
20542,LC4,right,21313,LC4,right,1
20542,LC4,right,21899,LPLC2,right,1
20542,LC4,right,22677,LPLC2,right,1
20542,LC4,right,22975,LC4,right,1
20572,LC4,left,112292,LPLC2,left,1
20572,LC4,left,514508,LC4,left,1
20572,LC4,left,514956,LC4,left,1
20584,LPLC2,right,29014,LPLC2,right,1
20584,LPLC2,right,24800,LPLC2,right,1
20584,LPLC2,right,25253,LPLC2,right,1
20584,LPLC2,right,25267,LPLC2,right,1
20584,LPLC2,right,25316,LPLC2,right,1
20584,LPLC2,right,25636,LPLC2,right,1
20584,LPLC2,right,26393,LPLC2,right,1
20584,LPLC2,right,26730,LPLC2,right,1
20584,LPLC2,right,29216,LPLC2,right,1
20572,LC4,left,515900,LC4,left,1
20584,LPLC2,right,29598,LPLC2,right,1
20584,LPLC2,right,31257,LPLC2,right,1
20584,LPLC2,right,32507,LPLC2,right,1
20584,LPLC2,right,34372,LPLC2,right,1
20584,LPLC2,right,35680,LPLC2,right,1
20584,LPLC2,right,35838,LPLC2,right,1
20584,LPLC2,right,37613,LPLC2,right,1
20584,LPLC2,right,24118,LPLC2,right,1
20584,LPLC2,right,22218,LPLC2,right,1
20584,LPLC2,right,21899,LPLC2,right,1
20584,LPLC2,right,21899,LPLC2,right,1
20572,LC4,left,518016,LC4,left,1
20572,LC4,left,520449,LC4,left,1
20572,LC4,left,530029,LC4,left,1
20572,LC4,left,532254,LC4,left,1
20584,LPLC2,right,18127,LC4,right,1
20584,LPLC2,right,18189,LC4,right,1
20584,LPLC2,right,18929,LPLC2,right,1
20584,LPLC2,right,19249,LPLC2,right,1
20584,LPLC2,right,19549,LPLC2,right,1
20584,LPLC2,right,19550,LC4,right,1
20584,LPLC2,right,19550,LC4,right,1
20584,LPLC2,right,20471,LPLC2,right,1
20584,LPLC2,right,20749,LPLC2,right,1
20584,LPLC2,right,21703,LPLC2,right,1
20584,LPLC2,right,21862,LPLC2,right,1
20749,LPLC2,right,23590,LPLC2,right,1
20749,LPLC2,right,23878,LPLC2,right,1
20749,LPLC2,right,24118,LPLC2,right,1
20967,LC4,left,35616,LC4,left,1
20967,LC4,left,17059,LPLC2,left,1
20967,LC4,left,18432,LC4,left,1
20967,LC4,left,18478,LC4,left,1
20967,LC4,left,21721,LC4,left,1
20967,LC4,left,23226,LC4,left,1
20967,LC4,left,29469,LC4,left,1
20967,LC4,left,33137,LC4,left,1
20967,LC4,left,81112,LC4,left,1
20967,LC4,left,12824,LC4,left,1
20967,LC4,left,511914,LC4,left,1
20967,LC4,left,515900,LC4,left,1
20967,LC4,left,519931,LC4,left,1
20976,LC4,left,12824,LC4,left,1
20976,LC4,left,14888,LC4,left,1
20976,LC4,left,20329,LPLC2,left,1
20976,LC4,left,20440,LC4,left,1
20967,LC4,left,16917,LC4,left,1
20917,LC4,right,26730,LPLC2,right,1
20749,LPLC2,right,24268,LPLC2,right,1
20917,LC4,right,19543,LC4,right,1
20917,LC4,right,17054,LC4,right,1
20917,LC4,right,17054,LC4,right,1
20917,LC4,right,17364,LC4,right,1
20917,LC4,right,17926,LC4,right,1
20917,LC4,right,18127,LC4,right,1
20917,LC4,right,18189,LC4,right,1
20917,LC4,right,19420,LC4,right,1
20917,LC4,right,20016,LC4,right,1
20917,LC4,right,25636,LPLC2,right,1
20917,LC4,right,20542,LC4,right,1
20917,LC4,right,20588,LC4,right,1
20917,LC4,right,21287,LC4,right,1
20917,LC4,right,22194,LC4,right,1
20917,LC4,right,22328,LC4,right,1
20917,LC4,right,22966,LC4,right,1
20917,LC4,right,25584,LC4,right,1
20976,LC4,left,20572,LC4,left,1
20976,LC4,left,20859,LC4,left,1
20976,LC4,left,27829,LC4,left,1
21045,LPLC2,right,25636,LPLC2,right,1
21045,LPLC2,right,20535,LPLC2,right,1
21045,LPLC2,right,20694,LPLC2,right,1
21045,LPLC2,right,21862,LPLC2,right,1
21045,LPLC2,right,22218,LPLC2,right,1
21045,LPLC2,right,24401,LPLC2,right,1
21045,LPLC2,right,25316,LPLC2,right,1
21045,LPLC2,right,25497,LPLC2,right,1
21045,LPLC2,right,26915,LPLC2,right,1
20976,LC4,left,28980,LC4,left,1
21045,LPLC2,right,29216,LPLC2,right,1
21045,LPLC2,right,29873,LPLC2,right,1
21045,LPLC2,right,31988,LPLC2,right,1
21045,LPLC2,right,33185,LPLC2,right,1
21045,LPLC2,right,33396,LPLC2,right,1
21045,LPLC2,right,38542,LPLC2,right,1
21045,LPLC2,right,55627,LPLC2,right,1
21045,LPLC2,right,20269,LPLC2,right,1
21045,LPLC2,right,20269,LPLC2,right,1
21045,LPLC2,right,20047,LPLC2,right,1
21045,LPLC2,right,19634,LC4,right,1
20976,LC4,left,30087,LC4,left,1
20976,LC4,left,30512,LPLC2,left,1
20976,LC4,left,31301,LC4,left,1
20976,LC4,left,31429,LC4,left,1
20976,LC4,left,512705,LC4,left,1
20976,LC4,left,514508,LC4,left,1
20976,LC4,left,515900,LC4,left,1
20976,LC4,left,517752,LC4,left,1
20976,LC4,left,519931,LC4,left,1
20976,LC4,left,530029,LC4,left,1
20976,LC4,left,535341,LC4,left,1
21045,LPLC2,right,17551,LPLC2,right,1
21045,LPLC2,right,17860,LC4,right,1
21045,LPLC2,right,19249,LPLC2,right,1
21045,LPLC2,right,19549,LPLC2,right,1
20917,LC4,right,16138,LC4,right,1
20859,LC4,left,519931,LC4,left,1
20859,LC4,left,518544,LC4,left,1
20799,LPLC2,left,30895,LPLC2,left,1
20799,LPLC2,left,25286,LPLC2,left,1
20799,LPLC2,left,25524,LPLC2,left,1
20799,LPLC2,left,26416,LPLC2,left,1
20799,LPLC2,left,27796,LPLC2,left,1
20799,LPLC2,left,28011,LPLC2,left,1
20799,LPLC2,left,29319,LPLC2,left,1
20799,LPLC2,left,30893,LPLC2,left,1
20799,LPLC2,left,34407,LPLC2,left,1
20808,LC4,right,17548,LC4,right,1
20799,LPLC2,left,34655,LPLC2,left,1
20799,LPLC2,left,35294,LPLC2,left,1
20799,LPLC2,left,41097,LPLC2,left,1
20799,LPLC2,left,129687,LPLC2,left,1
20799,LPLC2,left,516909,LC4,left,1
20799,LPLC2,left,521115,LPLC2,left,1
20799,LPLC2,left,524366,LPLC2,left,1
20799,LPLC2,left,24840,LPLC2,left,1
20799,LPLC2,left,24605,LPLC2,left,1
20799,LPLC2,left,23550,LPLC2,left,1
20799,LPLC2,left,19911,LPLC2,left,1
20749,LPLC2,right,24401,LPLC2,right,1
20749,LPLC2,right,25636,LPLC2,right,1
20749,LPLC2,right,27471,LPLC2,right,1
20749,LPLC2,right,28741,LPLC2,right,1
20749,LPLC2,right,29183,LPLC2,right,1
20749,LPLC2,right,29598,LPLC2,right,1
20749,LPLC2,right,29986,LPLC2,right,1
20749,LPLC2,right,30207,LPLC2,right,1
20749,LPLC2,right,30938,LPLC2,right,1
20749,LPLC2,right,31988,LPLC2,right,1
20749,LPLC2,right,33396,LPLC2,right,1
20749,LPLC2,right,38542,LPLC2,right,1
20749,LPLC2,right,39620,LPLC2,right,1
20799,LPLC2,left,12824,LC4,left,1
20799,LPLC2,left,13132,LPLC2,left,1
20808,LC4,right,17054,LC4,right,1
20808,LC4,right,17668,LC4,right,1
20859,LC4,left,518016,LC4,left,1
20859,LC4,left,21361,LPLC2,left,1
20859,LC4,left,16917,LC4,left,1
20859,LC4,left,17270,LC4,left,1
20859,LC4,left,17340,LC4,left,1
20859,LC4,left,17478,LC4,left,1
20859,LC4,left,17608,LC4,left,1
20859,LC4,left,20440,LC4,left,1
20859,LC4,left,20572,LC4,left,1
20859,LC4,left,21721,LC4,left,1
20808,LC4,right,18127,LC4,right,1
20859,LC4,left,27829,LC4,left,1
20859,LC4,left,30087,LC4,left,1
20859,LC4,left,31301,LC4,left,1
20859,LC4,left,33137,LC4,left,1
20859,LC4,left,100485,LC4,left,1
20859,LC4,left,514956,LC4,left,1
20859,LC4,left,517752,LC4,left,1
20859,LC4,left,12032,LC4,left,1
20808,LC4,right,30480,LC4,right,1
20808,LC4,right,29014,LPLC2,right,1
20808,LC4,right,28945,LC4,right,1
20808,LC4,right,19260,LC4,right,1
20808,LC4,right,19543,LC4,right,1
20808,LC4,right,19794,LC4,right,1
20808,LC4,right,20016,LC4,right,1
20808,LC4,right,20917,LC4,right,1
20808,LC4,right,21151,LC4,right,1
20808,LC4,right,21165,LC4,right,1
20808,LC4,right,21313,LC4,right,1
20808,LC4,right,21703,LPLC2,right,1
20808,LC4,right,22034,LC4,right,1
20808,LC4,right,22966,LC4,right,1
20808,LC4,right,23792,LC4,right,1
20808,LC4,right,24338,LC4,right,1
20808,LC4,right,25316,LPLC2,right,1
20808,LC4,right,26915,LPLC2,right,1
20535,LPLC2,right,34110,LPLC2,right,1
20535,LPLC2,right,29598,LPLC2,right,1
21151,LC4,right,16628,LC4,right,1
20103,LPLC2,right,26915,LPLC2,right,1
20103,LPLC2,right,21804,LC4,right,1
20103,LPLC2,right,23497,LPLC2,right,1
20103,LPLC2,right,24187,LPLC2,right,1
20103,LPLC2,right,24401,LPLC2,right,1
20103,LPLC2,right,25267,LPLC2,right,1
20103,LPLC2,right,25636,LPLC2,right,1
20103,LPLC2,right,26393,LPLC2,right,1
20103,LPLC2,right,27471,LPLC2,right,1
20103,LPLC2,right,19842,LPLC2,right,1
20103,LPLC2,right,27566,LPLC2,right,1
20103,LPLC2,right,29873,LPLC2,right,1
20103,LPLC2,right,30207,LPLC2,right,1
20103,LPLC2,right,31988,LPLC2,right,1
20103,LPLC2,right,33439,LPLC2,right,1
20103,LPLC2,right,35632,LPLC2,right,1
20103,LPLC2,right,39620,LPLC2,right,1
20103,LPLC2,right,21225,LC4,right,1
20103,LPLC2,right,17054,LC4,right,1
20016,LC4,right,30480,LC4,right,1
20047,LPLC2,right,27566,LPLC2,right,1
20016,LC4,right,527408,LC4,right,1
20047,LPLC2,right,14465,LPLC2,right,1
20047,LPLC2,right,20162,LPLC2,right,1
20047,LPLC2,right,20162,LPLC2,right,1
20047,LPLC2,right,21703,LPLC2,right,1
20047,LPLC2,right,24401,LPLC2,right,1
20047,LPLC2,right,26393,LPLC2,right,1
20047,LPLC2,right,28741,LPLC2,right,1
20047,LPLC2,right,37925,LPLC2,right,1
20047,LPLC2,right,29014,LPLC2,right,1
20047,LPLC2,right,29391,LPLC2,right,1
20047,LPLC2,right,29873,LPLC2,right,1
20047,LPLC2,right,29986,LPLC2,right,1
20047,LPLC2,right,30938,LPLC2,right,1
20047,LPLC2,right,31257,LPLC2,right,1
20047,LPLC2,right,33439,LPLC2,right,1
20162,LPLC2,right,17548,LC4,right,1
20162,LPLC2,right,18127,LC4,right,1
20162,LPLC2,right,19034,LPLC2,right,1
20182,LPLC2,right,21318,LPLC2,right,1
20182,LPLC2,right,16628,LC4,right,1
20182,LPLC2,right,17551,LPLC2,right,1
20182,LPLC2,right,19034,LPLC2,right,1
20182,LPLC2,right,19589,LPLC2,right,1
20182,LPLC2,right,19634,LC4,right,1
20182,LPLC2,right,20535,LPLC2,right,1
20182,LPLC2,right,20542,LC4,right,1
20182,LPLC2,right,21562,LPLC2,right,1
20162,LPLC2,right,19608,LPLC2,right,1
20182,LPLC2,right,21899,LPLC2,right,1
20182,LPLC2,right,22261,LPLC2,right,1
20182,LPLC2,right,24268,LPLC2,right,1
20182,LPLC2,right,24401,LPLC2,right,1
20182,LPLC2,right,24800,LPLC2,right,1
20182,LPLC2,right,25267,LPLC2,right,1
20182,LPLC2,right,25497,LPLC2,right,1
20182,LPLC2,right,14465,LPLC2,right,1
20162,LPLC2,right,37925,LPLC2,right,1
20162,LPLC2,right,33185,LPLC2,right,1
20162,LPLC2,right,29986,LPLC2,right,1
20162,LPLC2,right,19634,LC4,right,1
20162,LPLC2,right,20047,LPLC2,right,1
20162,LPLC2,right,21562,LPLC2,right,1
20162,LPLC2,right,21769,LPLC2,right,1
20162,LPLC2,right,24268,LPLC2,right,1
20162,LPLC2,right,24401,LPLC2,right,1
20162,LPLC2,right,24401,LPLC2,right,1
20162,LPLC2,right,25636,LPLC2,right,1
20162,LPLC2,right,27471,LPLC2,right,1
20162,LPLC2,right,28741,LPLC2,right,1
20162,LPLC2,right,29014,LPLC2,right,1
20162,LPLC2,right,29014,LPLC2,right,1
20162,LPLC2,right,29014,LPLC2,right,1
20162,LPLC2,right,29391,LPLC2,right,1
20162,LPLC2,right,29873,LPLC2,right,1
20016,LC4,right,30803,LC4,right,1
20016,LC4,right,24338,LC4,right,1
20535,LPLC2,right,29287,LPLC2,right,1
19911,LPLC2,left,25027,LPLC2,left,1
19911,LPLC2,left,15804,LPLC2,left,1
19911,LPLC2,left,17544,LPLC2,left,1
19911,LPLC2,left,17990,LPLC2,left,1
19911,LPLC2,left,18936,LPLC2,left,1
19911,LPLC2,left,19830,LPLC2,left,1
19911,LPLC2,left,23550,LPLC2,left,1
19911,LPLC2,left,23919,LPLC2,left,1
19911,LPLC2,left,25136,LPLC2,left,1
19911,LPLC2,left,13764,LPLC2,left,1
19911,LPLC2,left,25286,LPLC2,left,1
19911,LPLC2,left,25524,LPLC2,left,1
19911,LPLC2,left,25572,LPLC2,left,1
19911,LPLC2,left,26416,LPLC2,left,1
19911,LPLC2,left,27829,LC4,left,1
19911,LPLC2,left,29514,LC4,left,1
19911,LPLC2,left,30895,LPLC2,left,1
19911,LPLC2,left,14030,LPLC2,left,1
19911,LPLC2,left,12384,LPLC2,left,1
20016,LC4,right,23098,LC4,right,1
19842,LPLC2,right,28871,LPLC2,right,1
19842,LPLC2,right,25253,LPLC2,right,1
19842,LPLC2,right,25316,LPLC2,right,1
19842,LPLC2,right,25511,LPLC2,right,1
19842,LPLC2,right,25636,LPLC2,right,1
19842,LPLC2,right,26147,LPLC2,right,1
19842,LPLC2,right,26393,LPLC2,right,1
19842,LPLC2,right,28003,LPLC2,right,1
19842,LPLC2,right,29216,LPLC2,right,1
19842,LPLC2,right,37925,LPLC2,right,1
19842,LPLC2,right,29598,LPLC2,right,1
19842,LPLC2,right,29873,LPLC2,right,1
19842,LPLC2,right,30041,LPLC2,right,1
19842,LPLC2,right,30938,LPLC2,right,1
19842,LPLC2,right,33185,LPLC2,right,1
19842,LPLC2,right,33396,LPLC2,right,1
19842,LPLC2,right,34681,LPLC2,right,1
19911,LPLC2,left,31429,LC4,left,1
19911,LPLC2,left,34051,LPLC2,left,1
19911,LPLC2,left,34407,LPLC2,left,1
20016,LC4,right,20673,LC4,right,1
19954,LC4,right,30803,LC4,right,1
19954,LC4,right,31262,LC4,right,1
20016,LC4,right,10001,DNp01,right,1
20016,LC4,right,18189,LC4,right,1
20016,LC4,right,19634,LC4,right,1
20016,LC4,right,20282,LC4,right,1
20016,LC4,right,20588,LC4,right,1
20016,LC4,right,20808,LC4,right,1
19911,LPLC2,left,34845,LC4,left,1
20016,LC4,right,20917,LC4,right,1
20016,LC4,right,21045,LPLC2,right,1
20016,LC4,right,21225,LC4,right,1
20016,LC4,right,21287,LC4,right,1
20016,LC4,right,22194,LC4,right,1
20016,LC4,right,22328,LC4,right,1
20016,LC4,right,22847,LC4,right,1
19954,LC4,right,30803,LC4,right,1
19954,LC4,right,29563,LC4,right,1
19954,LC4,right,28945,LC4,right,1
19954,LC4,right,25584,LC4,right,1
19911,LPLC2,left,112292,LPLC2,left,1
19911,LPLC2,left,129687,LPLC2,left,1
19911,LPLC2,left,518731,LPLC2,left,1
19911,LPLC2,left,520764,LPLC2,left,1
19911,LPLC2,left,521115,LPLC2,left,1
19911,LPLC2,left,533895,LPLC2,left,1
19954,LC4,right,17054,LC4,right,1
19954,LC4,right,17266,LC4,right,1
19954,LC4,right,17364,LC4,right,1
19954,LC4,right,17548,LC4,right,1
19954,LC4,right,18189,LC4,right,1
19954,LC4,right,19260,LC4,right,1
19954,LC4,right,21287,LC4,right,1
19954,LC4,right,23098,LC4,right,1
19954,LC4,right,23792,LC4,right,1
20182,LPLC2,right,26147,LPLC2,right,1
20182,LPLC2,right,27471,LPLC2,right,1
20182,LPLC2,right,29598,LPLC2,right,1
20399,LC4,right,21165,LC4,right,1
20399,LC4,right,17364,LC4,right,1
20399,LC4,right,17860,LC4,right,1
20399,LC4,right,17987,LC4,right,1
20399,LC4,right,19420,LC4,right,1
20399,LC4,right,19954,LC4,right,1
20399,LC4,right,20471,LPLC2,right,1
20399,LC4,right,20673,LC4,right,1
20399,LC4,right,21287,LC4,right,1
20399,LC4,right,16628,LC4,right,1
20399,LC4,right,24118,LPLC2,right,1
20399,LC4,right,26147,LPLC2,right,1
20399,LC4,right,29563,LC4,right,1
20440,LC4,left,12032,LC4,left,1
20440,LC4,left,12824,LC4,left,1
20440,LC4,left,16809,LC4,left,1
20440,LC4,left,16917,LC4,left,1
20399,LC4,right,17054,LC4,right,1
20334,LPLC2,right,55627,LPLC2,right,1
20182,LPLC2,right,31257,LPLC2,right,1
20334,LPLC2,right,24800,LPLC2,right,1
20334,LPLC2,right,18189,LC4,right,1
20334,LPLC2,right,18189,LC4,right,1
20334,LPLC2,right,19034,LPLC2,right,1
20334,LPLC2,right,19034,LPLC2,right,1
20334,LPLC2,right,20471,LPLC2,right,1
20334,LPLC2,right,20694,LPLC2,right,1
20334,LPLC2,right,23098,LC4,right,1
20334,LPLC2,right,25511,LPLC2,right,1
20334,LPLC2,right,37925,LPLC2,right,1
20334,LPLC2,right,26393,LPLC2,right,1
20334,LPLC2,right,28003,LPLC2,right,1
20334,LPLC2,right,29598,LPLC2,right,1
20334,LPLC2,right,30041,LPLC2,right,1
20334,LPLC2,right,31257,LPLC2,right,1
20334,LPLC2,right,35632,LPLC2,right,1
20334,LPLC2,right,37613,LPLC2,right,1
20440,LC4,left,18478,LC4,left,1
20440,LC4,left,21721,LC4,left,1
20440,LC4,left,22557,LPLC2,left,1
20471,LPLC2,right,35838,LPLC2,right,1
20471,LPLC2,right,24118,LPLC2,right,1
20471,LPLC2,right,27471,LPLC2,right,1
20471,LPLC2,right,28741,LPLC2,right,1
20471,LPLC2,right,29287,LPLC2,right,1
20471,LPLC2,right,30480,LC4,right,1
20471,LPLC2,right,31257,LPLC2,right,1
20471,LPLC2,right,33439,LPLC2,right,1
20535,LPLC2,right,20047,LPLC2,right,1
20440,LC4,left,22772,LC4,left,1
20535,LPLC2,right,20047,LPLC2,right,1
20535,LPLC2,right,20334,LPLC2,right,1
20535,LPLC2,right,21151,LC4,right,1
20535,LPLC2,right,21808,LPLC2,right,1
20535,LPLC2,right,24800,LPLC2,right,1
20535,LPLC2,right,27566,LPLC2,right,1
20535,LPLC2,right,29216,LPLC2,right,1
20471,LPLC2,right,22677,LPLC2,right,1
20471,LPLC2,right,21313,LC4,right,1
20471,LPLC2,right,20694,LPLC2,right,1
20471,LPLC2,right,20535,LPLC2,right,1
20440,LC4,left,23202,LC4,left,1
20440,LC4,left,27624,LC4,left,1
20440,LC4,left,29469,LC4,left,1
20440,LC4,left,33137,LC4,left,1
20440,LC4,left,35262,LC4,left,1
20440,LC4,left,35616,LC4,left,1
20440,LC4,left,512705,LC4,left,1
20440,LC4,left,517819,LPLC2,left,1
20440,LC4,left,519931,LC4,left,1
20440,LC4,left,524899,LC4,left,1
20440,LC4,left,524899,LC4,left,1
20471,LPLC2,right,17926,LC4,right,1
20471,LPLC2,right,18929,LPLC2,right,1
20471,LPLC2,right,19249,LPLC2,right,1
20471,LPLC2,right,19549,LPLC2,right,1
20329,LPLC2,left,531014,LPLC2,left,1
20329,LPLC2,left,524366,LPLC2,left,1
20329,LPLC2,left,517078,LPLC2,left,1
20269,LPLC2,right,21808,LPLC2,right,1
20269,LPLC2,right,17860,LC4,right,1
20269,LPLC2,right,18929,LPLC2,right,1
20269,LPLC2,right,20584,LPLC2,right,1
20269,LPLC2,right,21045,LPLC2,right,1
20269,LPLC2,right,21165,LC4,right,1
20269,LPLC2,right,21287,LC4,right,1
20269,LPLC2,right,21318,LPLC2,right,1
20269,LPLC2,right,22966,LC4,right,1
20269,LPLC2,right,31988,LPLC2,right,1
20269,LPLC2,right,23497,LPLC2,right,1
20269,LPLC2,right,23590,LPLC2,right,1
20269,LPLC2,right,24401,LPLC2,right,1
20269,LPLC2,right,25316,LPLC2,right,1
20269,LPLC2,right,26915,LPLC2,right,1
20269,LPLC2,right,28871,LPLC2,right,1
20269,LPLC2,right,29986,LPLC2,right,1
20240,LPLC2,left,525844,LPLC2,left,1
20240,LPLC2,left,521115,LPLC2,left,1
20240,LPLC2,left,111903,LPLC2,left,1
20240,LPLC2,left,40811,LPLC2,left,1
20182,LPLC2,right,34681,LPLC2,right,1
20182,LPLC2,right,39620,LPLC2,right,1
20182,LPLC2,right,50287,LPLC2,right,1
20182,LPLC2,right,55627,LPLC2,right,1
20240,LPLC2,left,13726,LPLC2,left,1
20240,LPLC2,left,18478,LC4,left,1
20240,LPLC2,left,19911,LPLC2,left,1
20240,LPLC2,left,25136,LPLC2,left,1
20240,LPLC2,left,25524,LPLC2,left,1
20240,LPLC2,left,25572,LPLC2,left,1
20240,LPLC2,left,26416,LPLC2,left,1
20240,LPLC2,left,27399,LPLC2,left,1
20240,LPLC2,left,28011,LPLC2,left,1
20240,LPLC2,left,30895,LPLC2,left,1
20240,LPLC2,left,34051,LPLC2,left,1
20269,LPLC2,right,30041,LPLC2,right,1
20269,LPLC2,right,33439,LPLC2,right,1
20329,LPLC2,left,516909,LC4,left,1
20329,LPLC2,left,25572,LPLC2,left,1
20282,LC4,right,30480,LC4,right,1
20329,LPLC2,left,17653,LC4,left,1
20329,LPLC2,left,19911,LPLC2,left,1
20329,LPLC2,left,20572,LC4,left,1
20329,LPLC2,left,20799,LPLC2,left,1
20329,LPLC2,left,21361,LPLC2,left,1
20329,LPLC2,left,23919,LPLC2,left,1
20329,LPLC2,left,27796,LPLC2,left,1
20269,LPLC2,right,33694,LPLC2,right,1
20329,LPLC2,left,30895,LPLC2,left,1
20329,LPLC2,left,31563,LPLC2,left,1
20329,LPLC2,left,32237,LPLC2,left,1
20329,LPLC2,left,34655,LPLC2,left,1
20329,LPLC2,left,40841,LPLC2,left,1
20329,LPLC2,left,41097,LPLC2,left,1
20329,LPLC2,left,511914,LC4,left,1
20282,LC4,right,28945,LC4,right,1
20282,LC4,right,22966,LC4,right,1
20282,LC4,right,22847,LC4,right,1
20282,LC4,right,22034,LC4,right,1
20269,LPLC2,right,34110,LPLC2,right,1
20269,LPLC2,right,35680,LPLC2,right,1
20269,LPLC2,right,35838,LPLC2,right,1
20269,LPLC2,right,37431,LPLC2,right,1
20269,LPLC2,right,37925,LPLC2,right,1
20269,LPLC2,right,38542,LPLC2,right,1
20269,LPLC2,right,50287,LPLC2,right,1
20282,LC4,right,17054,LC4,right,1
20282,LC4,right,17266,LC4,right,1
20282,LC4,right,17987,LC4,right,1
20282,LC4,right,18127,LC4,right,1
20282,LC4,right,19420,LC4,right,1
20282,LC4,right,20399,LC4,right,1
20282,LC4,right,20588,LC4,right,1
20282,LC4,right,21804,LC4,right,1
21151,LC4,right,16128,LC4,right,1
21151,LC4,right,17054,LC4,right,1
19842,LPLC2,right,22218,LPLC2,right,1
22261,LPLC2,right,35889,LPLC2,right,1
22261,LPLC2,right,27566,LPLC2,right,1
22261,LPLC2,right,28741,LPLC2,right,1
22261,LPLC2,right,29287,LPLC2,right,1
22261,LPLC2,right,30938,LPLC2,right,1
22261,LPLC2,right,33694,LPLC2,right,1
22261,LPLC2,right,35680,LPLC2,right,1
22261,LPLC2,right,35838,LPLC2,right,1
22261,LPLC2,right,38542,LPLC2,right,1
22261,LPLC2,right,23497,LPLC2,right,1
22328,LC4,right,10584,DNp06,right,1
22328,LC4,right,17266,LC4,right,1
22328,LC4,right,17987,LC4,right,1
22328,LC4,right,19543,LC4,right,1
22328,LC4,right,19954,LC4,right,1
22328,LC4,right,20282,LC4,right,1
22328,LC4,right,21151,LC4,right,1
22261,LPLC2,right,24800,LPLC2,right,1
22261,LPLC2,right,21808,LPLC2,right,1
22253,LPLC2,left,32223,LPLC2,left,1
22261,LPLC2,right,14465,LPLC2,right,1
22253,LPLC2,left,111903,LPLC2,left,1
22253,LPLC2,left,129687,LPLC2,left,1
22253,LPLC2,left,517078,LPLC2,left,1
22253,LPLC2,left,517819,LPLC2,left,1
22253,LPLC2,left,524366,LPLC2,left,1
22253,LPLC2,left,531014,LPLC2,left,1
22253,LPLC2,left,536444,LPLC2,left,1
22261,LPLC2,right,16138,LC4,right,1
22261,LPLC2,right,21562,LPLC2,right,1
22261,LPLC2,right,17364,LC4,right,1
22261,LPLC2,right,18127,LC4,right,1
22261,LPLC2,right,19249,LPLC2,right,1
22261,LPLC2,right,19589,LPLC2,right,1
22261,LPLC2,right,20103,LPLC2,right,1
22261,LPLC2,right,20182,LPLC2,right,1
22261,LPLC2,right,21313,LC4,right,1
22328,LC4,right,21225,LC4,right,1
22328,LC4,right,21313,LC4,right,1
22328,LC4,right,22034,LC4,right,1
22677,LPLC2,right,21336,LC4,right,1
22677,LPLC2,right,17054,LC4,right,1
22677,LPLC2,right,17987,LC4,right,1
22677,LPLC2,right,18672,LPLC2,right,1
22677,LPLC2,right,19249,LPLC2,right,1
22677,LPLC2,right,19842,LPLC2,right,1
22677,LPLC2,right,20047,LPLC2,right,1
22677,LPLC2,right,20103,LPLC2,right,1
22677,LPLC2,right,24268,LPLC2,right,1
22328,LC4,right,22034,LC4,right,1
22677,LPLC2,right,25267,LPLC2,right,1
22677,LPLC2,right,25511,LPLC2,right,1
22677,LPLC2,right,25636,LPLC2,right,1
22677,LPLC2,right,26730,LPLC2,right,1
22677,LPLC2,right,28741,LPLC2,right,1
22677,LPLC2,right,31988,LPLC2,right,1
22677,LPLC2,right,33439,LPLC2,right,1
22677,LPLC2,right,16128,LC4,right,1
22557,LPLC2,left,520764,LPLC2,left,1
22557,LPLC2,left,517078,LPLC2,left,1
22557,LPLC2,left,112292,LPLC2,left,1
22328,LC4,right,22966,LC4,right,1
22328,LC4,right,23098,LC4,right,1
22328,LC4,right,23392,LC4,right,1
22328,LC4,right,23929,LC4,right,1
22328,LC4,right,24338,LC4,right,1
22328,LC4,right,25253,LPLC2,right,1
22328,LC4,right,29563,LC4,right,1
22328,LC4,right,29563,LC4,right,1
22557,LPLC2,left,14030,LPLC2,left,1
22557,LPLC2,left,25286,LPLC2,left,1
22557,LPLC2,left,27716,LPLC2,left,1
22557,LPLC2,left,29815,LPLC2,left,1
22557,LPLC2,left,30893,LPLC2,left,1
22557,LPLC2,left,30895,LPLC2,left,1
22557,LPLC2,left,32737,LPLC2,left,1
22253,LPLC2,left,32237,LPLC2,left,1
22253,LPLC2,left,31308,LC4,left,1
21899,LPLC2,right,20471,LPLC2,right,1
22034,LC4,right,22847,LC4,right,1
22034,LC4,right,19260,LC4,right,1
22034,LC4,right,19634,LC4,right,1
22034,LC4,right,20282,LC4,right,1
22034,LC4,right,20282,LC4,right,1
22034,LC4,right,20673,LC4,right,1
22034,LC4,right,20808,LC4,right,1
22034,LC4,right,21287,LC4,right,1
22034,LC4,right,22966,LC4,right,1
22034,LC4,right,17987,LC4,right,1
22034,LC4,right,22975,LC4,right,1
22194,LC4,right,17266,LC4,right,1
22194,LC4,right,17668,LC4,right,1
22194,LC4,right,18189,LC4,right,1
22194,LC4,right,19420,LC4,right,1
22194,LC4,right,20016,LC4,right,1
22194,LC4,right,20269,LPLC2,right,1
22034,LC4,right,18127,LC4,right,1
22034,LC4,right,17860,LC4,right,1
22253,LPLC2,left,30895,LPLC2,left,1
21899,LPLC2,right,29014,LPLC2,right,1
21899,LPLC2,right,21703,LPLC2,right,1
21899,LPLC2,right,21804,LC4,right,1
21899,LPLC2,right,22218,LPLC2,right,1
21899,LPLC2,right,26147,LPLC2,right,1
21899,LPLC2,right,26393,LPLC2,right,1
21899,LPLC2,right,27566,LPLC2,right,1
21899,LPLC2,right,28871,LPLC2,right,1
21899,LPLC2,right,29183,LPLC2,right,1
22034,LC4,right,16138,LC4,right,1
21899,LPLC2,right,29287,LPLC2,right,1
21899,LPLC2,right,29873,LPLC2,right,1
21899,LPLC2,right,30041,LPLC2,right,1
21899,LPLC2,right,32507,LPLC2,right,1
21899,LPLC2,right,33396,LPLC2,right,1
21899,LPLC2,right,33694,LPLC2,right,1
21899,LPLC2,right,34372,LPLC2,right,1
22194,LC4,right,21151,LC4,right,1
22194,LC4,right,21225,LC4,right,1
22194,LC4,right,22034,LC4,right,1
22218,LPLC2,right,33439,LPLC2,right,1
22218,LPLC2,right,29287,LPLC2,right,1
22218,LPLC2,right,29873,LPLC2,right,1
22218,LPLC2,right,29986,LPLC2,right,1
22218,LPLC2,right,30938,LPLC2,right,1
22218,LPLC2,right,31257,LPLC2,right,1
22218,LPLC2,right,31988,LPLC2,right,1
22218,LPLC2,right,33396,LPLC2,right,1
22218,LPLC2,right,35680,LPLC2,right,1
22194,LC4,right,22847,LC4,right,1
22253,LPLC2,left,13132,LPLC2,left,1
22253,LPLC2,left,20799,LPLC2,left,1
22253,LPLC2,left,23202,LC4,left,1
22253,LPLC2,left,24605,LPLC2,left,1
22253,LPLC2,left,25286,LPLC2,left,1
22253,LPLC2,left,28011,LPLC2,left,1
22253,LPLC2,left,28188,LPLC2,left,1
22218,LPLC2,right,29216,LPLC2,right,1
22218,LPLC2,right,28871,LPLC2,right,1
22218,LPLC2,right,27471,LPLC2,right,1
22218,LPLC2,right,25511,LPLC2,right,1
22194,LC4,right,24338,LC4,right,1
22194,LC4,right,29014,LPLC2,right,1
22194,LC4,right,29287,LPLC2,right,1
22218,LPLC2,right,17054,LC4,right,1
22218,LPLC2,right,17551,LPLC2,right,1
22218,LPLC2,right,18127,LC4,right,1
22218,LPLC2,right,18929,LPLC2,right,1
22218,LPLC2,right,19549,LPLC2,right,1
22218,LPLC2,right,20269,LPLC2,right,1
22218,LPLC2,right,20334,LPLC2,right,1
22218,LPLC2,right,20535,LPLC2,right,1
22218,LPLC2,right,21862,LPLC2,right,1
22218,LPLC2,right,21899,LPLC2,right,1
22218,LPLC2,right,23392,LC4,right,1
22218,LPLC2,right,24187,LPLC2,right,1
22677,LPLC2,right,34681,LPLC2,right,1
22677,LPLC2,right,35838,LPLC2,right,1
22677,LPLC2,right,35889,LPLC2,right,1
23202,LC4,left,23247,LPLC2,left,1
23098,LC4,right,29014,LPLC2,right,1
23098,LC4,right,31262,LC4,right,1
23202,LC4,left,10010,DNp01,left,1
23202,LC4,left,10228,DNp06,left,1
23202,LC4,left,20440,LC4,left,1
23202,LC4,left,20976,LC4,left,1
23202,LC4,left,21721,LC4,left,1
23202,LC4,left,34845,LC4,left,1
23098,LC4,right,25584,LC4,right,1
23202,LC4,left,35616,LC4,left,1
23202,LC4,left,514508,LC4,left,1
23202,LC4,left,517752,LC4,left,1
23202,LC4,left,519931,LC4,left,1
23202,LC4,left,524899,LC4,left,1
23202,LC4,left,532254,LC4,left,1
23202,LC4,left,535341,LC4,left,1
23098,LC4,right,28003,LPLC2,right,1
23098,LC4,right,25316,LPLC2,right,1
22677,LPLC2,right,37925,LPLC2,right,1
23098,LC4,right,19634,LC4,right,1
22975,LC4,right,22328,LC4,right,1
22975,LC4,right,23929,LC4,right,1
22975,LC4,right,26112,LC4,right,1
22975,LC4,right,29563,LC4,right,1
22975,LC4,right,35838,LPLC2,right,1
22975,LC4,right,38542,LPLC2,right,1
22975,LC4,right,527408,LC4,right,1
23098,LC4,right,19954,LC4,right,1
23098,LC4,right,22677,LPLC2,right,1
23098,LC4,right,20016,LC4,right,1
23098,LC4,right,21313,LC4,right,1
23098,LC4,right,21313,LC4,right,1
23098,LC4,right,21318,LPLC2,right,1
23098,LC4,right,21336,LC4,right,1
23098,LC4,right,22194,LC4,right,1
23098,LC4,right,22328,LC4,right,1
23226,LC4,left,12824,LC4,left,1
23226,LC4,left,15018,LC4,left,1
23226,LC4,left,17608,LC4,left,1
23247,LPLC2,left,32737,LPLC2,left,1
23247,LPLC2,left,27796,LPLC2,left,1
23247,LPLC2,left,27829,LC4,left,1
23247,LPLC2,left,29702,LPLC2,left,1
23247,LPLC2,left,29815,LPLC2,left,1
23247,LPLC2,left,30512,LPLC2,left,1
23247,LPLC2,left,30893,LPLC2,left,1
23247,LPLC2,left,32237,LPLC2,left,1
23247,LPLC2,left,134521,LPLC2,left,1
23226,LC4,left,20572,LC4,left,1
23247,LPLC2,left,515900,LC4,left,1
23247,LPLC2,left,517819,LPLC2,left,1
23247,LPLC2,left,518731,LPLC2,left,1
23247,LPLC2,left,526286,LC4,left,1
23349,LPLC2,left,11498,LPLC2,left,1
23349,LPLC2,left,12032,LC4,left,1
23349,LPLC2,left,17775,LPLC2,left,1
23247,LPLC2,left,26416,LPLC2,left,1
23247,LPLC2,left,25575,LPLC2,left,1
23247,LPLC2,left,25572,LPLC2,left,1
23247,LPLC2,left,24568,LPLC2,left,1
23226,LC4,left,20967,LC4,left,1
23226,LC4,left,21721,LC4,left,1
23226,LC4,left,23202,LC4,left,1
23226,LC4,left,24523,LC4,left,1
23226,LC4,left,29469,LC4,left,1
23226,LC4,left,29514,LC4,left,1
23226,LC4,left,31301,LC4,left,1
23226,LC4,left,535341,LC4,left,1
23247,LPLC2,left,15804,LPLC2,left,1
23247,LPLC2,left,17270,LC4,left,1
23247,LPLC2,left,17880,LPLC2,left,1
23247,LPLC2,left,17880,LPLC2,left,1
23247,LPLC2,left,19787,LPLC2,left,1
23247,LPLC2,left,22253,LPLC2,left,1
23247,LPLC2,left,23550,LPLC2,left,1
22975,LC4,right,22328,LC4,right,1
22975,LC4,right,21804,LC4,right,1
22975,LC4,right,21562,LPLC2,right,1
22847,LC4,right,19794,LC4,right,1
22847,LC4,right,10001,DNp01,right,1
22847,LC4,right,16628,LC4,right,1
22847,LC4,right,17054,LC4,right,1
22847,LC4,right,17364,LC4,right,1
22847,LC4,right,17668,LC4,right,1
22847,LC4,right,17860,LC4,right,1
22847,LC4,right,19794,LC4,right,1
22847,LC4,right,19954,LC4,right,1
22847,LC4,right,30803,LC4,right,1
22847,LC4,right,20471,LPLC2,right,1
22847,LC4,right,20673,LC4,right,1
22847,LC4,right,20917,LC4,right,1
22847,LC4,right,21225,LC4,right,1
22847,LC4,right,21287,LC4,right,1
22847,LC4,right,22034,LC4,right,1
22847,LC4,right,22966,LC4,right,1
22772,LC4,left,520449,LC4,left,1
22772,LC4,left,518730,LC4,left,1
22772,LC4,left,518016,LC4,left,1
22772,LC4,left,516909,LC4,left,1
22677,LPLC2,right,39620,LPLC2,right,1
22772,LC4,left,12032,LC4,left,1
22772,LC4,left,14888,LC4,left,1
22772,LC4,left,15018,LC4,left,1
22772,LC4,left,17340,LC4,left,1
22772,LC4,left,18432,LC4,left,1
22772,LC4,left,20440,LC4,left,1
22772,LC4,left,27399,LPLC2,left,1
22772,LC4,left,27624,LC4,left,1
22772,LC4,left,29417,LC4,left,1
22772,LC4,left,33137,LC4,left,1
22772,LC4,left,35616,LC4,left,1
22772,LC4,left,77614,LC4,left,1
22772,LC4,left,81112,LC4,left,1
22772,LC4,left,515476,LC4,left,1
22847,LC4,right,24338,LC4,right,1
22847,LC4,right,31964,LPLC2,right,1
22975,LC4,right,20808,LC4,right,1
22966,LC4,right,30803,LC4,right,1
22966,LC4,right,23929,LC4,right,1
22966,LC4,right,25316,LPLC2,right,1
22966,LC4,right,25497,LPLC2,right,1
22966,LC4,right,26112,LC4,right,1
22966,LC4,right,26112,LC4,right,1
22966,LC4,right,30480,LC4,right,1
22966,LC4,right,30803,LC4,right,1
22966,LC4,right,31257,LPLC2,right,1
22922,LC4,left,16917,LC4,left,1
22966,LC4,right,34372,LPLC2,right,1
22975,LC4,right,16128,LC4,right,1
22975,LC4,right,16138,LC4,right,1
22975,LC4,right,19634,LC4,right,1
22975,LC4,right,19794,LC4,right,1
22975,LC4,right,20282,LC4,right,1
22975,LC4,right,20542,LC4,right,1
22966,LC4,right,22261,LPLC2,right,1
22966,LC4,right,22194,LC4,right,1
22966,LC4,right,20588,LC4,right,1
22966,LC4,right,20282,LC4,right,1
22922,LC4,left,17270,LC4,left,1
22922,LC4,left,17478,LC4,left,1
22922,LC4,left,20859,LC4,left,1
22922,LC4,left,23202,LC4,left,1
22922,LC4,left,25136,LPLC2,left,1
22922,LC4,left,35616,LC4,left,1
22922,LC4,left,107513,LC4,left,1
22922,LC4,left,514670,LPLC2,left,1
22922,LC4,left,518544,LC4,left,1
22922,LC4,left,530029,LC4,left,1
22922,LC4,left,532254,LC4,left,1
22966,LC4,right,10584,DNp06,right,1
22966,LC4,right,17926,LC4,right,1
22966,LC4,right,17987,LC4,right,1
22966,LC4,right,20269,LPLC2,right,1
21899,LPLC2,right,20694,LPLC2,right,1
21899,LPLC2,right,20334,LPLC2,right,1
21151,LC4,right,17926,LC4,right,1
21318,LPLC2,right,22261,LPLC2,right,1
21318,LPLC2,right,20282,LC4,right,1
21318,LPLC2,right,20535,LPLC2,right,1
21318,LPLC2,right,21562,LPLC2,right,1
21318,LPLC2,right,21703,LPLC2,right,1
21318,LPLC2,right,21769,LPLC2,right,1
21318,LPLC2,right,21862,LPLC2,right,1
21318,LPLC2,right,22194,LC4,right,1
21318,LPLC2,right,23590,LPLC2,right,1
21318,LPLC2,right,20162,LPLC2,right,1
21318,LPLC2,right,23878,LPLC2,right,1
21318,LPLC2,right,24187,LPLC2,right,1
21318,LPLC2,right,25253,LPLC2,right,1
21318,LPLC2,right,26730,LPLC2,right,1
21318,LPLC2,right,27471,LPLC2,right,1
21318,LPLC2,right,29183,LPLC2,right,1
21318,LPLC2,right,29216,LPLC2,right,1
21318,LPLC2,right,20269,LPLC2,right,1
21318,LPLC2,right,20047,LPLC2,right,1
21313,LC4,right,17668,LC4,right,1
21313,LC4,right,22328,LC4,right,1
21313,LC4,right,18127,LC4,right,1
21313,LC4,right,19420,LC4,right,1
21313,LC4,right,19634,LC4,right,1
21313,LC4,right,20282,LC4,right,1
21313,LC4,right,20808,LC4,right,1
21313,LC4,right,21562,LPLC2,right,1
21313,LC4,right,21804,LC4,right,1
21313,LC4,right,24338,LC4,right,1
21318,LPLC2,right,19550,LC4,right,1
21313,LC4,right,24800,LPLC2,right,1
21313,LC4,right,29563,LC4,right,1
21313,LC4,right,31262,LC4,right,1
21318,LPLC2,right,14465,LPLC2,right,1
21318,LPLC2,right,16628,LC4,right,1
21318,LPLC2,right,18127,LC4,right,1
21318,LPLC2,right,19249,LPLC2,right,1
21318,LPLC2,right,29287,LPLC2,right,1
21318,LPLC2,right,35632,LPLC2,right,1
21318,LPLC2,right,35680,LPLC2,right,1
21361,LPLC2,left,25136,LPLC2,left,1
21336,LC4,right,38065,LC4,right,1
21361,LPLC2,left,18900,LPLC2,left,1
21361,LPLC2,left,19787,LPLC2,left,1
21361,LPLC2,left,20976,LC4,left,1
21361,LPLC2,left,22253,LPLC2,left,1
21361,LPLC2,left,23550,LPLC2,left,1
21361,LPLC2,left,23919,LPLC2,left,1
21361,LPLC2,left,25572,LPLC2,left,1
21318,LPLC2,right,35889,LPLC2,right,1
21361,LPLC2,left,27796,LPLC2,left,1
21361,LPLC2,left,29319,LPLC2,left,1
21361,LPLC2,left,30895,LPLC2,left,1
21361,LPLC2,left,31105,LPLC2,left,1
21361,LPLC2,left,35616,LC4,left,1
21361,LPLC2,left,111903,LPLC2,left,1
21361,LPLC2,left,134521,LPLC2,left,1
21336,LC4,right,37431,LPLC2,right,1
21336,LC4,right,35632,LPLC2,right,1
21336,LC4,right,30480,LC4,right,1
21336,LC4,right,29563,LC4,right,1
21318,LPLC2,right,37431,LPLC2,right,1
21318,LPLC2,right,55627,LPLC2,right,1
21336,LC4,right,16138,LC4,right,1
21336,LC4,right,17860,LC4,right,1
21336,LC4,right,18127,LC4,right,1
21336,LC4,right,19420,LC4,right,1
21336,LC4,right,19794,LC4,right,1
21336,LC4,right,20542,LC4,right,1
21336,LC4,right,21287,LC4,right,1
21336,LC4,right,21313,LC4,right,1
21336,LC4,right,22847,LC4,right,1
21336,LC4,right,23392,LC4,right,1
21336,LC4,right,25584,LC4,right,1
21336,LC4,right,26112,LC4,right,1
21336,LC4,right,28945,LC4,right,1
21313,LC4,right,17926,LC4,right,1
21299,LPLC2,left,536444,LPLC2,left,1
21899,LPLC2,right,20162,LPLC2,right,1
21225,LC4,right,20016,LC4,right,1
21165,LC4,right,21287,LC4,right,1
21165,LC4,right,21287,LC4,right,1
21165,LC4,right,25584,LC4,right,1
21165,LC4,right,26112,LC4,right,1
21165,LC4,right,29287,LPLC2,right,1
21165,LC4,right,30480,LC4,right,1
21225,LC4,right,18672,LPLC2,right,1
21225,LC4,right,21313,LC4,right,1
21165,LC4,right,20917,LC4,right,1
21225,LC4,right,21313,LC4,right,1
21225,LC4,right,21318,LPLC2,right,1
21225,LC4,right,22847,LC4,right,1
21225,LC4,right,29563,LC4,right,1
21225,LC4,right,30041,LPLC2,right,1
21225,LC4,right,30803,LC4,right,1
21287,LC4,right,16138,LC4,right,1
21165,LC4,right,21151,LC4,right,1
21165,LC4,right,20808,LC4,right,1
21299,LPLC2,left,531014,LPLC2,left,1
21151,LC4,right,28945,LC4,right,1
21151,LC4,right,18127,LC4,right,1
21151,LC4,right,19260,LC4,right,1
21151,LC4,right,19634,LC4,right,1
21151,LC4,right,20047,LPLC2,right,1
21151,LC4,right,21045,LPLC2,right,1
21151,LC4,right,24338,LC4,right,1
21151,LC4,right,26112,LC4,right,1
21151,LC4,right,527408,LC4,right,1
21165,LC4,right,20399,LC4,right,1
21165,LC4,right,17054,LC4,right,1
21165,LC4,right,17266,LC4,right,1
21165,LC4,right,17548,LC4,right,1
21165,LC4,right,17668,LC4,right,1
21165,LC4,right,17926,LC4,right,1
21165,LC4,right,19550,LC4,right,1
21165,LC4,right,20016,LC4,right,1
21287,LC4,right,16628,LC4,right,1
21287,LC4,right,16628,LC4,right,1
21287,LC4,right,19543,LC4,right,1
21299,LPLC2,left,30512,LPLC2,left,1
21299,LPLC2,left,25524,LPLC2,left,1
21299,LPLC2,left,26528,LPLC2,left,1
21299,LPLC2,left,27023,LPLC2,left,1
21299,LPLC2,left,27399,LPLC2,left,1
21299,LPLC2,left,29753,LPLC2,left,1
21299,LPLC2,left,29815,LPLC2,left,1
21299,LPLC2,left,29955,LPLC2,left,1
21299,LPLC2,left,30895,LPLC2,left,1
21287,LC4,right,19954,LC4,right,1
21299,LPLC2,left,31105,LPLC2,left,1
21299,LPLC2,left,40841,LPLC2,left,1
21299,LPLC2,left,112292,LPLC2,left,1
21299,LPLC2,left,515971,LPLC2,left,1
21299,LPLC2,left,518730,LC4,left,1
21299,LPLC2,left,520764,LPLC2,left,1
21299,LPLC2,left,525844,LPLC2,left,1
21299,LPLC2,left,25209,LPLC2,left,1
21299,LPLC2,left,25027,LPLC2,left,1
21299,LPLC2,left,24308,LPLC2,left,1
21299,LPLC2,left,24308,LPLC2,left,1
21287,LC4,right,20399,LC4,right,1
21287,LC4,right,20588,LC4,right,1
21287,LC4,right,21165,LC4,right,1
21287,LC4,right,21336,LC4,right,1
21287,LC4,right,21804,LC4,right,1
21287,LC4,right,22194,LC4,right,1
21287,LC4,right,23098,LC4,right,1
21287,LC4,right,25584,LC4,right,1
21287,LC4,right,30480,LC4,right,1
21299,LPLC2,left,11498,LPLC2,left,1
21299,LPLC2,left,14030,LPLC2,left,1
21299,LPLC2,left,14888,LC4,left,1
21299,LPLC2,left,19787,LPLC2,left,1
21299,LPLC2,left,19911,LPLC2,left,1
21299,LPLC2,left,23919,LPLC2,left,1
21361,LPLC2,left,511914,LC4,left,1
21361,LPLC2,left,514670,LPLC2,left,1
21361,LPLC2,left,521115,LPLC2,left,1
21808,LPLC2,right,20269,LPLC2,right,1
21804,LC4,right,21287,LC4,right,1
21804,LC4,right,23392,LC4,right,1
21804,LC4,right,24338,LC4,right,1
21808,LPLC2,right,17364,LC4,right,1
21808,LPLC2,right,17860,LC4,right,1
21808,LPLC2,right,19550,LC4,right,1
21808,LPLC2,right,19842,LPLC2,right,1
21808,LPLC2,right,20269,LPLC2,right,1
21804,LC4,right,19794,LC4,right,1
21808,LPLC2,right,20584,LPLC2,right,1
21808,LPLC2,right,20749,LPLC2,right,1
21808,LPLC2,right,21562,LPLC2,right,1
21808,LPLC2,right,21703,LPLC2,right,1
21808,LPLC2,right,21899,LPLC2,right,1
21808,LPLC2,right,23497,LPLC2,right,1
21808,LPLC2,right,24118,LPLC2,right,1
21804,LC4,right,20808,LC4,right,1
21804,LC4,right,19634,LC4,right,1
21361,LPLC2,left,533895,LPLC2,left,1
21769,LPLC2,right,30207,LPLC2,right,1
21769,LPLC2,right,25511,LPLC2,right,1
21769,LPLC2,right,26147,LPLC2,right,1
21769,LPLC2,right,27471,LPLC2,right,1
21769,LPLC2,right,27471,LPLC2,right,1
21769,LPLC2,right,28741,LPLC2,right,1
21769,LPLC2,right,29391,LPLC2,right,1
21769,LPLC2,right,29873,LPLC2,right,1
21769,LPLC2,right,31257,LPLC2,right,1
21804,LC4,right,17926,LC4,right,1
21769,LPLC2,right,31988,LPLC2,right,1
21769,LPLC2,right,37925,LPLC2,right,1
21769,LPLC2,right,39620,LPLC2,right,1
21769,LPLC2,right,55627,LPLC2,right,1
21804,LC4,right,16138,LC4,right,1
21804,LC4,right,16628,LC4,right,1
21804,LC4,right,17860,LC4,right,1
21808,LPLC2,right,24268,LPLC2,right,1
21808,LPLC2,right,25267,LPLC2,right,1
21808,LPLC2,right,25511,LPLC2,right,1
21862,LPLC2,right,35632,LPLC2,right,1
21862,LPLC2,right,25316,LPLC2,right,1
21862,LPLC2,right,27471,LPLC2,right,1
21862,LPLC2,right,29287,LPLC2,right,1
21862,LPLC2,right,29986,LPLC2,right,1
21862,LPLC2,right,33185,LPLC2,right,1
21862,LPLC2,right,33396,LPLC2,right,1
21862,LPLC2,right,33694,LPLC2,right,1
21862,LPLC2,right,35889,LPLC2,right,1
21808,LPLC2,right,25584,LC4,right,1
21862,LPLC2,right,37431,LPLC2,right,1
21862,LPLC2,right,50287,LPLC2,right,1
21862,LPLC2,right,55627,LPLC2,right,1
21899,LPLC2,right,16128,LC4,right,1
21899,LPLC2,right,18127,LC4,right,1
21899,LPLC2,right,19249,LPLC2,right,1
21899,LPLC2,right,19842,LPLC2,right,1
21862,LPLC2,right,23392,LC4,right,1
21862,LPLC2,right,22218,LPLC2,right,1
21862,LPLC2,right,21165,LC4,right,1
21862,LPLC2,right,20917,LC4,right,1
21808,LPLC2,right,25636,LPLC2,right,1
21808,LPLC2,right,26147,LPLC2,right,1
21808,LPLC2,right,28871,LPLC2,right,1
21808,LPLC2,right,29014,LPLC2,right,1
21808,LPLC2,right,29873,LPLC2,right,1
21808,LPLC2,right,32507,LPLC2,right,1
21808,LPLC2,right,33439,LPLC2,right,1
21808,LPLC2,right,33694,LPLC2,right,1
21808,LPLC2,right,37613,LPLC2,right,1
21862,LPLC2,right,14465,LPLC2,right,1
21862,LPLC2,right,16128,LC4,right,1
21862,LPLC2,right,17364,LC4,right,1
21862,LPLC2,right,18189,LC4,right,1
21862,LPLC2,right,19549,LPLC2,right,1
21862,LPLC2,right,19589,LPLC2,right,1
21769,LPLC2,right,25497,LPLC2,right,1
21769,LPLC2,right,24800,LPLC2,right,1
21769,LPLC2,right,21899,LPLC2,right,1
21562,LPLC2,right,29598,LPLC2,right,1
21562,LPLC2,right,24401,LPLC2,right,1
21562,LPLC2,right,25636,LPLC2,right,1
21562,LPLC2,right,26112,LC4,right,1
21562,LPLC2,right,26915,LPLC2,right,1
21562,LPLC2,right,27471,LPLC2,right,1
21562,LPLC2,right,28003,LPLC2,right,1
21562,LPLC2,right,29014,LPLC2,right,1
21562,LPLC2,right,30207,LPLC2,right,1
21703,LPLC2,right,18929,LPLC2,right,1
21562,LPLC2,right,30480,LC4,right,1
21562,LPLC2,right,33185,LPLC2,right,1
21562,LPLC2,right,35632,LPLC2,right,1
21562,LPLC2,right,37925,LPLC2,right,1
21562,LPLC2,right,50287,LPLC2,right,1
21703,LPLC2,right,17548,LC4,right,1
21703,LPLC2,right,17987,LC4,right,1
21562,LPLC2,right,24187,LPLC2,right,1
21562,LPLC2,right,24118,LPLC2,right,1
21562,LPLC2,right,23929,LC4,right,1
21562,LPLC2,right,23878,LPLC2,right,1
21562,LPLC2,right,17551,LPLC2,right,1
21562,LPLC2,right,17668,LC4,right,1
21562,LPLC2,right,18672,LPLC2,right,1
21562,LPLC2,right,19146,LPLC2,right,1
21562,LPLC2,right,20016,LC4,right,1
21562,LPLC2,right,20047,LPLC2,right,1
21562,LPLC2,right,20047,LPLC2,right,1
21562,LPLC2,right,20182,LPLC2,right,1
21562,LPLC2,right,20471,LPLC2,right,1
21562,LPLC2,right,21045,LPLC2,right,1
21562,LPLC2,right,21313,LC4,right,1
21562,LPLC2,right,21703,LPLC2,right,1
21562,LPLC2,right,21862,LPLC2,right,1
21562,LPLC2,right,21899,LPLC2,right,1
21562,LPLC2,right,22677,LPLC2,right,1
21703,LPLC2,right,18189,LC4,right,1
21703,LPLC2,right,19249,LPLC2,right,1
21769,LPLC2,right,21862,LPLC2,right,1
21721,LC4,left,518983,LC4,left,1
21721,LC4,left,23202,LC4,left,1
21721,LC4,left,27829,LC4,left,1
21721,LC4,left,31563,LPLC2,left,1
21721,LC4,left,33137,LC4,left,1
21721,LC4,left,81112,LC4,left,1
21721,LC4,left,511914,LC4,left,1
21721,LC4,left,512366,LC4,left,1
21721,LC4,left,532254,LC4,left,1
21703,LPLC2,right,19260,LC4,right,1
21721,LC4,left,533129,LC4,left,1
21769,LPLC2,right,17548,LC4,right,1
21769,LPLC2,right,17668,LC4,right,1
21769,LPLC2,right,17926,LC4,right,1
21769,LPLC2,right,19589,LPLC2,right,1
21769,LPLC2,right,20584,LPLC2,right,1
21769,LPLC2,right,21318,LPLC2,right,1
21721,LC4,left,20859,LC4,left,1
21721,LC4,left,20572,LC4,left,1
21721,LC4,left,17270,LC4,left,1
21703,LPLC2,right,38542,LPLC2,right,1
21703,LPLC2,right,20694,LPLC2,right,1
21703,LPLC2,right,21225,LC4,right,1
21703,LPLC2,right,21562,LPLC2,right,1
21703,LPLC2,right,21899,LPLC2,right,1
21703,LPLC2,right,22261,LPLC2,right,1
21703,LPLC2,right,24268,LPLC2,right,1
21703,LPLC2,right,25253,LPLC2,right,1
21703,LPLC2,right,25497,LPLC2,right,1
21703,LPLC2,right,25584,LC4,right,1
21703,LPLC2,right,28871,LPLC2,right,1
21703,LPLC2,right,29287,LPLC2,right,1
21703,LPLC2,right,30041,LPLC2,right,1
21703,LPLC2,right,31257,LPLC2,right,1
21703,LPLC2,right,32507,LPLC2,right,1
21703,LPLC2,right,33694,LPLC2,right,1
19842,LPLC2,right,23098,LC4,right,1
19842,LPLC2,right,21899,LPLC2,right,1
33965,LPLC2,left,26528,LPLC2,left,1
17054,LC4,right,20282,LC4,right,1
17054,LC4,right,18929,LPLC2,right,1
17054,LC4,right,19229,LPLC2,right,1
17054,LC4,right,19249,LPLC2,right,1
17054,LC4,right,19543,LC4,right,1
17054,LC4,right,19954,LC4,right,1
17054,LC4,right,20103,LPLC2,right,1
17054,LC4,right,20269,LPLC2,right,1
17054,LC4,right,20334,LPLC2,right,1
17054,LC4,right,17987,LC4,right,1
17054,LC4,right,20808,LC4,right,1
17054,LC4,right,21151,LC4,right,1
17054,LC4,right,21318,LPLC2,right,1
17054,LC4,right,21336,LC4,right,1
17054,LC4,right,21804,LC4,right,1
17054,LC4,right,22328,LC4,right,1
17054,LC4,right,22677,LPLC2,right,1
17054,LC4,right,18189,LC4,right,1
17054,LC4,right,17860,LC4,right,1
16809,LC4,left,518983,LC4,left,1
16917,LC4,left,23226,LC4,left,1
16809,LC4,left,520449,LC4,left,1
16917,LC4,left,12824,LC4,left,1
16917,LC4,left,17340,LC4,left,1
16917,LC4,left,18432,LC4,left,1
16917,LC4,left,20440,LC4,left,1
16917,LC4,left,20572,LC4,left,1
16917,LC4,left,20967,LC4,left,1
16917,LC4,left,27829,LC4,left,1
16917,LC4,left,535341,LC4,left,1
16917,LC4,left,28980,LC4,left,1
16917,LC4,left,34845,LC4,left,1
16917,LC4,left,35616,LC4,left,1
16917,LC4,left,100485,LC4,left,1
16917,LC4,left,511914,LC4,left,1
16917,LC4,left,512705,LC4,left,1
16917,LC4,left,518730,LC4,left,1
17054,LC4,right,23098,LC4,right,1
17054,LC4,right,23878,LPLC2,right,1
17054,LC4,right,24338,LC4,right,1
17266,LC4,right,17987,LC4,right,1
17059,LPLC2,left,29702,LPLC2,left,1
17059,LPLC2,left,32237,LPLC2,left,1
17059,LPLC2,left,34051,LPLC2,left,1
17059,LPLC2,left,34407,LPLC2,left,1
17059,LPLC2,left,95241,LPLC2,left,1
17059,LPLC2,left,518983,LC4,left,1
17059,LPLC2,left,521115,LPLC2,left,1
17266,LC4,right,19794,LC4,right,1
17054,LC4,right,26112,LC4,right,1
17266,LC4,right,19954,LC4,right,1
17266,LC4,right,20016,LC4,right,1
17266,LC4,right,20399,LC4,right,1
17266,LC4,right,20542,LC4,right,1
17266,LC4,right,20808,LC4,right,1
17266,LC4,right,21287,LC4,right,1
17266,LC4,right,21336,LC4,right,1
17059,LPLC2,left,29319,LPLC2,left,1
17059,LPLC2,left,28011,LPLC2,left,1
17059,LPLC2,left,27796,LPLC2,left,1
17059,LPLC2,left,27355,LPLC2,left,1
17054,LC4,right,28871,LPLC2,right,1
17054,LC4,right,28945,LC4,right,1
17054,LC4,right,30938,LPLC2,right,1
17054,LC4,right,527408,LC4,right,1
17059,LPLC2,left,14102,LPLC2,left,1
17059,LPLC2,left,17880,LPLC2,left,1
17059,LPLC2,left,20859,LC4,left,1
17059,LPLC2,left,23919,LPLC2,left,1
17059,LPLC2,left,24523,LC4,left,1
17059,LPLC2,left,24523,LC4,left,1
17059,LPLC2,left,25136,LPLC2,left,1
17059,LPLC2,left,25286,LPLC2,left,1
17059,LPLC2,left,25524,LPLC2,left,1
17059,LPLC2,left,25575,LPLC2,left,1
17059,LPLC2,left,27023,LPLC2,left,1
16809,LC4,left,519650,LC4,left,1
16809,LC4,left,517752,LC4,left,1
15804,LPLC2,left,29319,LPLC2,left,1
16128,LC4,right,25584,LC4,right,1
16128,LC4,right,20749,LPLC2,right,1
16128,LC4,right,21151,LC4,right,1
16128,LC4,right,21899,LPLC2,right,1
16128,LC4,right,22975,LC4,right,1
16128,LC4,right,24268,LPLC2,right,1
16128,LC4,right,24800,LPLC2,right,1
16128,LC4,right,25316,LPLC2,right,1
16128,LC4,right,29563,LC4,right,1
16128,LC4,right,20162,LPLC2,right,1
16138,LC4,right,17987,LC4,right,1
16138,LC4,right,18189,LC4,right,1
16138,LC4,right,19794,LC4,right,1
16138,LC4,right,19954,LC4,right,1
16138,LC4,right,20282,LC4,right,1
16138,LC4,right,20542,LC4,right,1
16138,LC4,right,20673,LC4,right,1
16128,LC4,right,20673,LC4,right,1
16128,LC4,right,19549,LPLC2,right,1
16809,LC4,left,516909,LC4,left,1
15804,LPLC2,left,520764,LPLC2,left,1
15804,LPLC2,left,31105,LPLC2,left,1
15804,LPLC2,left,32223,LPLC2,left,1
15804,LPLC2,left,34051,LPLC2,left,1
15804,LPLC2,left,34655,LPLC2,left,1
15804,LPLC2,left,35294,LPLC2,left,1
15804,LPLC2,left,40811,LPLC2,left,1
15804,LPLC2,left,41097,LPLC2,left,1
15804,LPLC2,left,525844,LPLC2,left,1
16128,LC4,right,19249,LPLC2,right,1
15804,LPLC2,left,531014,LPLC2,left,1
16128,LC4,right,16138,LC4,right,1
16128,LC4,right,16628,LC4,right,1
16128,LC4,right,17054,LC4,right,1
16128,LC4,right,17054,LC4,right,1
16128,LC4,right,17860,LC4,right,1
16128,LC4,right,17926,LC4,right,1
16138,LC4,right,21151,LC4,right,1
16138,LC4,right,21165,LC4,right,1
16138,LC4,right,21804,LC4,right,1
16809,LC4,left,27829,LC4,left,1
16809,LC4,left,12824,LC4,left,1
16809,LC4,left,17270,LC4,left,1
16809,LC4,left,17544,LPLC2,left,1
16809,LC4,left,17653,LC4,left,1
16809,LC4,left,20440,LC4,left,1
16809,LC4,left,22772,LC4,left,1
16809,LC4,left,27624,LC4,left,1
16809,LC4,left,28188,LPLC2,left,1
16138,LC4,right,23098,LC4,right,1
16809,LC4,left,29469,LC4,left,1
16809,LC4,left,30087,LC4,left,1
16809,LC4,left,34845,LC4,left,1
16809,LC4,left,35616,LC4,left,1
16809,LC4,left,100485,LC4,left,1
16809,LC4,left,107513,LC4,left,1
16809,LC4,left,514508,LC4,left,1
16809,LC4,left,12032,LC4,left,1
16628,LC4,right,527408,LC4,right,1
16628,LC4,right,37431,LPLC2,right,1
16628,LC4,right,25511,LPLC2,right,1
16138,LC4,right,23792,LC4,right,1
16138,LC4,right,23929,LC4,right,1
16138,LC4,right,25511,LPLC2,right,1
16138,LC4,right,29014,LPLC2,right,1
16628,LC4,right,10584,DNp06,right,1
16628,LC4,right,16128,LC4,right,1
16628,LC4,right,17860,LC4,right,1
16628,LC4,right,19229,LPLC2,right,1
16628,LC4,right,19260,LC4,right,1
16628,LC4,right,19543,LC4,right,1
16628,LC4,right,20673,LC4,right,1
16628,LC4,right,21287,LC4,right,1
16628,LC4,right,21899,LPLC2,right,1
16628,LC4,right,23792,LC4,right,1
16628,LC4,right,24338,LC4,right,1
17266,LC4,right,22194,LC4,right,1
17266,LC4,right,22975,LC4,right,1
17266,LC4,right,23590,LPLC2,right,1
17544,LPLC2,left,32223,LPLC2,left,1
17544,LPLC2,left,23665,LPLC2,left,1
17544,LPLC2,left,24523,LC4,left,1
17544,LPLC2,left,24568,LPLC2,left,1
17544,LPLC2,left,25027,LPLC2,left,1
17544,LPLC2,left,25524,LPLC2,left,1
17544,LPLC2,left,25854,LPLC2,left,1
17544,LPLC2,left,30893,LPLC2,left,1
17544,LPLC2,left,33303,LPLC2,left,1
17544,LPLC2,left,23349,LPLC2,left,1
17544,LPLC2,left,34051,LPLC2,left,1
17544,LPLC2,left,34655,LPLC2,left,1
17544,LPLC2,left,100103,LPLC2,left,1
17544,LPLC2,left,134521,LPLC2,left,1
17544,LPLC2,left,512366,LC4,left,1
17544,LPLC2,left,517819,LPLC2,left,1
17544,LPLC2,left,520449,LC4,left,1
17544,LPLC2,left,23550,LPLC2,left,1
17544,LPLC2,left,22557,LPLC2,left,1
17266,LC4,right,30803,LC4,right,1
17478,LC4,left,518016,LC4,left,1
17478,LC4,left,29469,LC4,left,1
17478,LC4,left,34845,LC4,left,1
17478,LC4,left,35262,LC4,left,1
17478,LC4,left,35616,LC4,left,1
17478,LC4,left,95241,LPLC2,left,1
17478,LC4,left,111903,LPLC2,left,1
17478,LC4,left,516909,LC4,left,1
17478,LC4,left,518544,LC4,left,1
17544,LPLC2,left,22253,LPLC2,left,1
17478,LC4,left,533129,LC4,left,1
17478,LC4,left,535341,LC4,left,1
17544,LPLC2,left,11498,LPLC2,left,1
17544,LPLC2,left,17775,LPLC2,left,1
17544,LPLC2,left,18900,LPLC2,left,1
17544,LPLC2,left,20240,LPLC2,left,1
17544,LPLC2,left,20329,LPLC2,left,1
17544,LPLC2,left,525844,LPLC2,left,1
17544,LPLC2,left,533895,LPLC2,left,1
17548,LC4,right,17364,LC4,right,1
17608,LC4,left,29469,LC4,left,1
17551,LPLC2,right,32507,LPLC2,right,1
17551,LPLC2,right,33185,LPLC2,right,1
17551,LPLC2,right,34110,LPLC2,right,1
17551,LPLC2,right,37431,LPLC2,right,1
17551,LPLC2,right,55627,LPLC2,right,1
17608,LC4,left,16917,LC4,left,1
17608,LC4,left,25136,LPLC2,left,1
17608,LC4,left,30895,LPLC2,left,1
17548,LC4,right,19549,LPLC2,right,1
17608,LC4,left,31301,LC4,left,1
17608,LC4,left,32597,LC4,left,1
17608,LC4,left,35262,LC4,left,1
17608,LC4,left,515476,LC4,left,1
17608,LC4,left,530029,LC4,left,1
17608,LC4,left,530029,LC4,left,1
17653,LC4,left,12824,LC4,left,1
17551,LPLC2,right,30041,LPLC2,right,1
17551,LPLC2,right,29986,LPLC2,right,1
17551,LPLC2,right,26915,LPLC2,right,1
17551,LPLC2,right,26730,LPLC2,right,1
17548,LC4,right,20282,LC4,right,1
17548,LC4,right,20808,LC4,right,1
17548,LC4,right,21165,LC4,right,1
17548,LC4,right,21225,LC4,right,1
17548,LC4,right,21287,LC4,right,1
17548,LC4,right,21804,LC4,right,1
17548,LC4,right,23497,LPLC2,right,1
17548,LC4,right,24187,LPLC2,right,1
17548,LC4,right,24338,LC4,right,1
17548,LC4,right,29563,LC4,right,1
17551,LPLC2,right,14465,LPLC2,right,1
17551,LPLC2,right,17054,LC4,right,1
17551,LPLC2,right,18672,LPLC2,right,1
17551,LPLC2,right,20182,LPLC2,right,1
17551,LPLC2,right,23098,LC4,right,1
17478,LC4,left,25286,LPLC2,left,1
17478,LC4,left,23202,LC4,left,1
17478,LC4,left,22772,LC4,left,1
17270,LC4,left,512366,LC4,left,1
17270,LC4,left,29417,LC4,left,1
17270,LC4,left,29469,LC4,left,1
17270,LC4,left,29514,LC4,left,1
17270,LC4,left,35262,LC4,left,1
17270,LC4,left,40841,LPLC2,left,1
17270,LC4,left,77614,LC4,left,1
17270,LC4,left,129687,LPLC2,left,1
17270,LC4,left,518544,LC4,left,1
17340,LC4,left,30087,LC4,left,1
17270,LC4,left,519931,LC4,left,1
17270,LC4,left,535341,LC4,left,1
17340,LC4,left,12824,LC4,left,1
17340,LC4,left,17608,LC4,left,1
17340,LC4,left,19830,LPLC2,left,1
17340,LC4,left,21721,LC4,left,1
17340,LC4,left,22772,LC4,left,1
17270,LC4,left,27750,LC4,left,1
17270,LC4,left,27023,LPLC2,left,1
17270,LC4,left,23665,LPLC2,left,1
17270,LC4,left,23226,LC4,left,1
17266,LC4,right,31262,LC4,right,1
17266,LC4,right,527408,LC4,right,1
17270,LC4,left,12032,LC4,left,1
17270,LC4,left,12824,LC4,left,1
17270,LC4,left,15018,LC4,left,1
17270,LC4,left,16809,LC4,left,1
17270,LC4,left,17340,LC4,left,1
17270,LC4,left,18396,LC4,left,1
17270,LC4,left,20572,LC4,left,1
17270,LC4,left,20859,LC4,left,1
17270,LC4,left,20967,LC4,left,1
17270,LC4,left,21721,LC4,left,1
17270,LC4,left,22922,LC4,left,1
17270,LC4,left,23202,LC4,left,1
17270,LC4,left,23202,LC4,left,1
17340,LC4,left,29417,LC4,left,1
17340,LC4,left,33137,LC4,left,1
17478,LC4,left,20976,LC4,left,1
17364,LC4,right,38065,LC4,right,1
17364,LC4,right,24338,LC4,right,1
17364,LC4,right,25316,LPLC2,right,1
17364,LC4,right,25497,LPLC2,right,1
17364,LC4,right,28945,LC4,right,1
17364,LC4,right,29563,LC4,right,1
17364,LC4,right,29986,LPLC2,right,1
17364,LC4,right,35632,LPLC2,right,1
17364,LC4,right,38542,LPLC2,right,1
17340,LC4,left,35616,LC4,left,1
17478,LC4,left,11498,LPLC2,left,1
17478,LC4,left,12349,LC4,left,1
17478,LC4,left,16809,LC4,left,1
17478,LC4,left,16917,LC4,left,1
17478,LC4,left,17653,LC4,left,1
17478,LC4,left,17653,LC4,left,1
17478,LC4,left,20859,LC4,left,1
17364,LC4,right,24268,LPLC2,right,1
17364,LC4,right,23792,LC4,right,1
17364,LC4,right,21804,LC4,right,1
17364,LC4,right,20808,LC4,right,1
17340,LC4,left,100485,LC4,left,1
17340,LC4,left,511914,LC4,left,1
17340,LC4,left,512366,LC4,left,1
17340,LC4,left,518439,LC4,left,1
17340,LC4,left,518544,LC4,left,1
17340,LC4,left,518730,LC4,left,1
17340,LC4,left,518983,LC4,left,1
17364,LC4,right,17548,LC4,right,1
17364,LC4,right,18672,LPLC2,right,1
17364,LC4,right,19634,LC4,right,1
17364,LC4,right,19954,LC4,right,1
17364,LC4,right,20182,LPLC2,right,1
17364,LC4,right,20282,LC4,right,1
17364,LC4,right,20399,LC4,right,1
17364,LC4,right,20542,LC4,right,1
15804,LPLC2,left,29815,LPLC2,left,1
15804,LPLC2,left,26528,LPLC2,left,1
17653,LC4,left,15018,LC4,left,1
12384,LPLC2,left,27796,LPLC2,left,1
12384,LPLC2,left,20329,LPLC2,left,1
12384,LPLC2,left,23550,LPLC2,left,1
12384,LPLC2,left,24605,LPLC2,left,1
12384,LPLC2,left,24840,LPLC2,left,1
12384,LPLC2,left,25136,LPLC2,left,1
12384,LPLC2,left,26416,LPLC2,left,1
12384,LPLC2,left,27023,LPLC2,left,1
12384,LPLC2,left,28011,LPLC2,left,1
12384,LPLC2,left,17774,LPLC2,left,1
12384,LPLC2,left,29319,LPLC2,left,1
12384,LPLC2,left,29815,LPLC2,left,1
12384,LPLC2,left,29955,LPLC2,left,1
12384,LPLC2,left,30512,LPLC2,left,1
12384,LPLC2,left,31563,LPLC2,left,1
12384,LPLC2,left,32237,LPLC2,left,1
12384,LPLC2,left,33965,LPLC2,left,1
12384,LPLC2,left,19911,LPLC2,left,1
12384,LPLC2,left,14888,LC4,left,1
12349,LC4,left,18478,LC4,left,1
12349,LC4,left,35262,LC4,left,1
12349,LC4,left,20572,LC4,left,1
12349,LC4,left,23349,LPLC2,left,1
12349,LC4,left,28980,LC4,left,1
12349,LC4,left,29417,LC4,left,1
12349,LC4,left,29417,LC4,left,1
12349,LC4,left,33137,LC4,left,1
12349,LC4,left,34845,LC4,left,1
12349,LC4,left,37587,LC4,left,1
12384,LPLC2,left,13764,LPLC2,left,1
12349,LC4,left,81112,LC4,left,1
12349,LC4,left,512705,LC4,left,1
12349,LC4,left,518730,LC4,left,1
12349,LC4,left,519650,LC4,left,1
12349,LC4,left,530029,LC4,left,1
12384,LPLC2,left,12349,LC4,left,1
12384,LPLC2,left,13764,LPLC2,left,1
12384,LPLC2,left,34407,LPLC2,left,1
12384,LPLC2,left,40841,LPLC2,left,1
12384,LPLC2,left,41097,LPLC2,left,1
13132,LPLC2,left,23665,LPLC2,left,1
12824,LC4,left,517819,LPLC2,left,1
12824,LC4,left,518544,LC4,left,1
12824,LC4,left,519931,LC4,left,1
12824,LC4,left,520764,LPLC2,left,1
13132,LPLC2,left,12824,LC4,left,1
13132,LPLC2,left,22253,LPLC2,left,1
13132,LPLC2,left,22557,LPLC2,left,1
13132,LPLC2,left,23919,LPLC2,left,1
12384,LPLC2,left,134521,LPLC2,left,1
13132,LPLC2,left,24568,LPLC2,left,1
13132,LPLC2,left,25027,LPLC2,left,1
13132,LPLC2,left,25854,LPLC2,left,1
13132,LPLC2,left,26416,LPLC2,left,1
13132,LPLC2,left,27399,LPLC2,left,1
13132,LPLC2,left,27716,LPLC2,left,1
13132,LPLC2,left,28188,LPLC2,left,1
12824,LC4,left,512366,LC4,left,1
12824,LC4,left,100485,LC4,left,1
12824,LC4,left,81112,LC4,left,1
12824,LC4,left,33965,LPLC2,left,1
12384,LPLC2,left,515900,LC4,left,1
12384,LPLC2,left,517078,LPLC2,left,1
12384,LPLC2,left,520764,LPLC2,left,1
12824,LC4,left,12349,LC4,left,1
12824,LC4,left,16809,LC4,left,1
12824,LC4,left,17340,LC4,left,1
12824,LC4,left,17653,LC4,left,1
12824,LC4,left,17653,LC4,left,1
12824,LC4,left,18478,LC4,left,1
12824,LC4,left,20967,LC4,left,1
12824,LC4,left,22772,LC4,left,1
12824,LC4,left,23226,LC4,left,1
12824,LC4,left,23349,LPLC2,left,1
12824,LC4,left,24840,LPLC2,left,1
12824,LC4,left,27829,LC4,left,1
12349,LC4,left,20572,LC4,left,1
12349,LC4,left,18396,LC4,left,1
15804,LPLC2,left,26416,LPLC2,left,1
10010,DNp01,left,35616,LC4,left,1
10010,DNp01,left,27399,LPLC2,left,1
10010,DNp01,left,27624,LC4,left,1
10010,DNp01,left,27750,LC4,left,1
10010,DNp01,left,29417,LC4,left,1
10010,DNp01,left,29702,LPLC2,left,1
10010,DNp01,left,31308,LC4,left,1
10010,DNp01,left,34845,LC4,left,1
10010,DNp01,left,514508,LC4,left,1
10010,DNp01,left,22772,LC4,left,1
10010,DNp01,left,515476,LC4,left,1
10010,DNp01,left,518544,LC4,left,1
10010,DNp01,left,526286,LC4,left,1
10010,DNp01,left,532254,LC4,left,1
10010,DNp01,left,533129,LC4,left,1
10228,DNp06,left,10010,DNp01,left,1
10584,DNp06,right,10001,DNp01,right,1
10010,DNp01,left,23226,LC4,left,1
10010,DNp01,left,22253,LPLC2,left,1
12349,LC4,left,16809,LC4,left,1
10001,DNp01,right,21562,LPLC2,right,1
10001,DNp01,right,10584,DNp06,right,1
10001,DNp01,right,16628,LC4,right,1
10001,DNp01,right,19634,LC4,right,1
10001,DNp01,right,20269,LPLC2,right,1
10001,DNp01,right,20535,LPLC2,right,1
10001,DNp01,right,21151,LC4,right,1
10001,DNp01,right,21336,LC4,right,1
10001,DNp01,right,21804,LC4,right,1
10010,DNp01,left,20572,LC4,left,1
10001,DNp01,right,22328,LC4,right,1
10001,DNp01,right,23590,LPLC2,right,1
10001,DNp01,right,30480,LC4,right,1
10001,DNp01,right,31964,LPLC2,right,1
10010,DNp01,left,10001,DNp01,right,1
10010,DNp01,left,10228,DNp06,left,1
10010,DNp01,left,15018,LC4,left,1
11498,LPLC2,left,14030,LPLC2,left,1
11498,LPLC2,left,14030,LPLC2,left,1
11498,LPLC2,left,15804,LPLC2,left,1
12032,LC4,left,35262,LC4,left,1
12032,LC4,left,17608,LC4,left,1
12032,LC4,left,18432,LC4,left,1
12032,LC4,left,20440,LC4,left,1
12032,LC4,left,23202,LC4,left,1
12032,LC4,left,29469,LC4,left,1
12032,LC4,left,29514,LC4,left,1
12032,LC4,left,31301,LC4,left,1
12032,LC4,left,111787,LC4,left,1
11498,LPLC2,left,17059,LPLC2,left,1
12032,LC4,left,512366,LC4,left,1
12032,LC4,left,514508,LC4,left,1
12032,LC4,left,518731,LPLC2,left,1
12032,LC4,left,524899,LC4,left,1
12032,LC4,left,535341,LC4,left,1
12349,LC4,left,12032,LC4,left,1
12349,LC4,left,14888,LC4,left,1
12032,LC4,left,17608,LC4,left,1
12032,LC4,left,17270,LC4,left,1
12032,LC4,left,12824,LC4,left,1
12032,LC4,left,12349,LC4,left,1
11498,LPLC2,left,17880,LPLC2,left,1
11498,LPLC2,left,19787,LPLC2,left,1
11498,LPLC2,left,23550,LPLC2,left,1
11498,LPLC2,left,23919,LPLC2,left,1
11498,LPLC2,left,24568,LPLC2,left,1
11498,LPLC2,left,25136,LPLC2,left,1
11498,LPLC2,left,27355,LPLC2,left,1
11498,LPLC2,left,27796,LPLC2,left,1
11498,LPLC2,left,33406,LPLC2,left,1
11498,LPLC2,left,34407,LPLC2,left,1
11498,LPLC2,left,100103,LPLC2,left,1
11498,LPLC2,left,520449,LC4,left,1
11498,LPLC2,left,524366,LPLC2,left,1
11498,LPLC2,left,525844,LPLC2,left,1
11498,LPLC2,left,531014,LPLC2,left,1
13132,LPLC2,left,29753,LPLC2,left,1
13132,LPLC2,left,29815,LPLC2,left,1
13132,LPLC2,left,30895,LPLC2,left,1
14465,LPLC2,right,28871,LPLC2,right,1
14465,LPLC2,right,20749,LPLC2,right,1
14465,LPLC2,right,21318,LPLC2,right,1
14465,LPLC2,right,22261,LPLC2,right,1
14465,LPLC2,right,25511,LPLC2,right,1
14465,LPLC2,right,26393,LPLC2,right,1
14465,LPLC2,right,27471,LPLC2,right,1
14465,LPLC2,right,28741,LPLC2,right,1
14465,LPLC2,right,29873,LPLC2,right,1
14465,LPLC2,right,20694,LPLC2,right,1
14465,LPLC2,right,29986,LPLC2,right,1
14465,LPLC2,right,30041,LPLC2,right,1
14465,LPLC2,right,31988,LPLC2,right,1
14465,LPLC2,right,33396,LPLC2,right,1
14465,LPLC2,right,33439,LPLC2,right,1
14465,LPLC2,right,34110,LPLC2,right,1
14465,LPLC2,right,35680,LPLC2,right,1
14465,LPLC2,right,20694,LPLC2,right,1
14465,LPLC2,right,20334,LPLC2,right,1
13132,LPLC2,left,31563,LPLC2,left,1
14102,LPLC2,left,32737,LPLC2,left,1
14102,LPLC2,left,24308,LPLC2,left,1
14102,LPLC2,left,25524,LPLC2,left,1
14102,LPLC2,left,25575,LPLC2,left,1
14102,LPLC2,left,26416,LPLC2,left,1
14102,LPLC2,left,29514,LC4,left,1
14102,LPLC2,left,29753,LPLC2,left,1
14102,LPLC2,left,30512,LPLC2,left,1
14102,LPLC2,left,34407,LPLC2,left,1
14465,LPLC2,right,20269,LPLC2,right,1
14102,LPLC2,left,129687,LPLC2,left,1
14102,LPLC2,left,515971,LPLC2,left,1
14102,LPLC2,left,517078,LPLC2,left,1
14102,LPLC2,left,521115,LPLC2,left,1
14102,LPLC2,left,536444,LPLC2,left,1
14465,LPLC2,right,16128,LC4,right,1
14465,LPLC2,right,18929,LPLC2,right,1
14465,LPLC2,right,35838,LPLC2,right,1
14465,LPLC2,right,37431,LPLC2,right,1
14888,LC4,left,17059,LPLC2,left,1
15804,LPLC2,left,12384,LPLC2,left,1
15018,LC4,left,18396,LC4,left,1
15018,LC4,left,20440,LC4,left,1
15018,LC4,left,23202,LC4,left,1
15018,LC4,left,23226,LC4,left,1
15018,LC4,left,512705,LC4,left,1
15018,LC4,left,518730,LC4,left,1
15018,LC4,left,519650,LC4,left,1
15804,LPLC2,left,17270,LC4,left,1
14888,LC4,left,18396,LC4,left,1
15804,LPLC2,left,17544,LPLC2,left,1
15804,LPLC2,left,18396,LC4,left,1
15804,LPLC2,left,22922,LC4,left,1
15804,LPLC2,left,24523,LC4,left,1
15804,LPLC2,left,24840,LPLC2,left,1
15804,LPLC2,left,25209,LPLC2,left,1
15804,LPLC2,left,25572,LPLC2,left,1
15018,LC4,left,17608,LC4,left,1
15018,LC4,left,12032,LC4,left,1
14888,LC4,left,530029,LC4,left,1
14888,LC4,left,524899,LC4,left,1
14888,LC4,left,18432,LC4,left,1
14888,LC4,left,18478,LC4,left,1
14888,LC4,left,22922,LC4,left,1
14888,LC4,left,28011,LPLC2,left,1
14888,LC4,left,29417,LC4,left,1
14888,LC4,left,31105,LPLC2,left,1
14888,LC4,left,31301,LC4,left,1
14888,LC4,left,33406,LPLC2,left,1
14888,LC4,left,34845,LC4,left,1
14888,LC4,left,77614,LC4,left,1
14888,LC4,left,81112,LC4,left,1
14888,LC4,left,112292,LPLC2,left,1
14888,LC4,left,511914,LC4,left,1
14888,LC4,left,512366,LC4,left,1
14888,LC4,left,518730,LC4,left,1
14102,LPLC2,left,23550,LPLC2,left,1
14102,LPLC2,left,20976,LC4,left,1
14102,LPLC2,left,19911,LPLC2,left,1
13764,LPLC2,left,17340,LC4,left,1
13726,LPLC2,left,34051,LPLC2,left,1
13726,LPLC2,left,35294,LPLC2,left,1
13726,LPLC2,left,111903,LPLC2,left,1
13726,LPLC2,left,515971,LPLC2,left,1
13726,LPLC2,left,524366,LPLC2,left,1
13726,LPLC2,left,525844,LPLC2,left,1
13726,LPLC2,left,536444,LPLC2,left,1
13764,LPLC2,left,17990,LPLC2,left,1
13764,LPLC2,left,30512,LPLC2,left,1
13764,LPLC2,left,19830,LPLC2,left,1
13764,LPLC2,left,24840,LPLC2,left,1
13764,LPLC2,left,25027,LPLC2,left,1
13764,LPLC2,left,25136,LPLC2,left,1
13764,LPLC2,left,25209,LPLC2,left,1
13764,LPLC2,left,25854,LPLC2,left,1
13764,LPLC2,left,29319,LPLC2,left,1
13726,LPLC2,left,32737,LPLC2,left,1
13726,LPLC2,left,32237,LPLC2,left,1
13726,LPLC2,left,31105,LPLC2,left,1
13726,LPLC2,left,30512,LPLC2,left,1
13132,LPLC2,left,33965,LPLC2,left,1
13132,LPLC2,left,81112,LC4,left,1
13132,LPLC2,left,517078,LPLC2,left,1
13132,LPLC2,left,518731,LPLC2,left,1
13132,LPLC2,left,518983,LC4,left,1
13132,LPLC2,left,520449,LC4,left,1
13132,LPLC2,left,533895,LPLC2,left,1
13132,LPLC2,left,536444,LPLC2,left,1
13726,LPLC2,left,17478,LC4,left,1
13726,LPLC2,left,19911,LPLC2,left,1
13726,LPLC2,left,20240,LPLC2,left,1
13726,LPLC2,left,24840,LPLC2,left,1
13726,LPLC2,left,25209,LPLC2,left,1
13726,LPLC2,left,25572,LPLC2,left,1
13726,LPLC2,left,29753,LPLC2,left,1
13764,LPLC2,left,29753,LPLC2,left,1
13764,LPLC2,left,30893,LPLC2,left,1
14102,LPLC2,left,18900,LPLC2,left,1
14030,LPLC2,left,112292,LPLC2,left,1
14030,LPLC2,left,27023,LPLC2,left,1
14030,LPLC2,left,27399,LPLC2,left,1
14030,LPLC2,left,29753,LPLC2,left,1
14030,LPLC2,left,29815,LPLC2,left,1
14030,LPLC2,left,33303,LPLC2,left,1
14030,LPLC2,left,40841,LPLC2,left,1
14030,LPLC2,left,41097,LPLC2,left,1
14030,LPLC2,left,517078,LPLC2,left,1
13764,LPLC2,left,32737,LPLC2,left,1
14030,LPLC2,left,518731,LPLC2,left,1
14030,LPLC2,left,524366,LPLC2,left,1
14102,LPLC2,left,12032,LC4,left,1
14102,LPLC2,left,14888,LC4,left,1
14102,LPLC2,left,17059,LPLC2,left,1
14102,LPLC2,left,17774,LPLC2,left,1
14102,LPLC2,left,17880,LPLC2,left,1
14030,LPLC2,left,26528,LPLC2,left,1
14030,LPLC2,left,26416,LPLC2,left,1
14030,LPLC2,left,25854,LPLC2,left,1
14030,LPLC2,left,25575,LPLC2,left,1
13764,LPLC2,left,34051,LPLC2,left,1
13764,LPLC2,left,34655,LPLC2,left,1
13764,LPLC2,left,35616,LC4,left,1
13764,LPLC2,left,520449,LC4,left,1
13764,LPLC2,left,521115,LPLC2,left,1
13764,LPLC2,left,533895,LPLC2,left,1
14030,LPLC2,left,17544,LPLC2,left,1
14030,LPLC2,left,17653,LC4,left,1
14030,LPLC2,left,17774,LPLC2,left,1
14030,LPLC2,left,23919,LPLC2,left,1
14030,LPLC2,left,25027,LPLC2,left,1
14030,LPLC2,left,25136,LPLC2,left,1
14030,LPLC2,left,25209,LPLC2,left,1
14030,LPLC2,left,25524,LPLC2,left,1
14030,LPLC2,left,25572,LPLC2,left,1
17653,LC4,left,14888,LC4,left,1
17653,LC4,left,16809,LC4,left,1
19842,LPLC2,right,21769,LPLC2,right,1
19249,LPLC2,right,37431,LPLC2,right,1
19249,LPLC2,right,28871,LPLC2,right,1
19249,LPLC2,right,29183,LPLC2,right,1
19249,LPLC2,right,29598,LPLC2,right,1
19249,LPLC2,right,31988,LPLC2,right,1
19249,LPLC2,right,34110,LPLC2,right,1
19249,LPLC2,right,34681,LPLC2,right,1
19249,LPLC2,right,35632,LPLC2,right,1
19249,LPLC2,right,37925,LPLC2,right,1
19249,LPLC2,right,26730,LPLC2,right,1
19249,LPLC2,right,39620,LPLC2,right,1
19249,LPLC2,right,55627,LPLC2,right,1
19260,LC4,right,10584,DNp06,right,1
19260,LC4,right,17548,LC4,right,1
19260,LC4,right,17987,LC4,right,1
19260,LC4,right,18127,LC4,right,1
19260,LC4,right,18127,LC4,right,1
19249,LPLC2,right,27471,LPLC2,right,1
19249,LPLC2,right,26147,LPLC2,right,1
19249,LPLC2,right,17548,LC4,right,1
19249,LPLC2,right,20047,LPLC2,right,1
19249,LPLC2,right,19229,LPLC2,right,1
19249,LPLC2,right,19549,LPLC2,right,1
19249,LPLC2,right,19550,LC4,right,1
19249,LPLC2,right,19589,LPLC2,right,1
19249,LPLC2,right,19608,LPLC2,right,1
19249,LPLC2,right,19794,LC4,right,1
19249,LPLC2,right,19842,LPLC2,right,1
19249,LPLC2,right,20584,LPLC2,right,1
19249,LPLC2,right,25267,LPLC2,right,1
19249,LPLC2,right,21862,LPLC2,right,1
19249,LPLC2,right,21899,LPLC2,right,1
19249,LPLC2,right,22677,LPLC2,right,1
19249,LPLC2,right,22677,LPLC2,right,1
19249,LPLC2,right,23497,LPLC2,right,1
19249,LPLC2,right,23590,LPLC2,right,1
19249,LPLC2,right,24268,LPLC2,right,1
19260,LC4,right,19034,LPLC2,right,1
19260,LC4,right,19550,LC4,right,1
19260,LC4,right,22034,LC4,right,1
19543,LC4,right,22328,LC4,right,1
19543,LC4,right,17987,LC4,right,1
19543,LC4,right,18189,LC4,right,1
19543,LC4,right,19146,LPLC2,right,1
19543,LC4,right,19260,LC4,right,1
19543,LC4,right,19420,LC4,right,1
19543,LC4,right,20808,LC4,right,1
19543,LC4,right,21804,LC4,right,1
19543,LC4,right,28945,LC4,right,1
19260,LC4,right,22328,LC4,right,1
19543,LC4,right,30480,LC4,right,1
19543,LC4,right,31262,LC4,right,1
19543,LC4,right,35889,LPLC2,right,1
19549,LPLC2,right,10001,DNp01,right,1
19549,LPLC2,right,16128,LC4,right,1
19549,LPLC2,right,17551,LPLC2,right,1
19549,LPLC2,right,17926,LC4,right,1
19543,LC4,right,17860,LC4,right,1
19543,LC4,right,16628,LC4,right,1
19543,LC4,right,16128,LC4,right,1
19420,LC4,right,527408,LC4,right,1
19260,LC4,right,23098,LC4,right,1
19260,LC4,right,23392,LC4,right,1
19260,LC4,right,23392,LC4,right,1
19260,LC4,right,25511,LPLC2,right,1
19260,LC4,right,26112,LC4,right,1
19260,LC4,right,37431,LPLC2,right,1
19420,LC4,right,17668,LC4,right,1
19420,LC4,right,20016,LC4,right,1
19420,LC4,right,20282,LC4,right,1
19420,LC4,right,20399,LC4,right,1
19420,LC4,right,20588,LC4,right,1
19420,LC4,right,22194,LC4,right,1
19420,LC4,right,23929,LC4,right,1
19420,LC4,right,30480,LC4,right,1
19420,LC4,right,38065,LC4,right,1
19249,LPLC2,right,17548,LC4,right,1
19249,LPLC2,right,17054,LC4,right,1
18936,LPLC2,left,35616,LC4,left,1
19146,LPLC2,right,21225,LC4,right,1
19034,LPLC2,right,55627,LPLC2,right,1
19146,LPLC2,right,17548,LC4,right,1
19146,LPLC2,right,17551,LPLC2,right,1
19146,LPLC2,right,19034,LPLC2,right,1
19146,LPLC2,right,19260,LC4,right,1
19146,LPLC2,right,19589,LPLC2,right,1
19146,LPLC2,right,20103,LPLC2,right,1
19146,LPLC2,right,21562,LPLC2,right,1
19034,LPLC2,right,38542,LPLC2,right,1
19146,LPLC2,right,24118,LPLC2,right,1
19146,LPLC2,right,24800,LPLC2,right,1
19146,LPLC2,right,24800,LPLC2,right,1
19146,LPLC2,right,25636,LPLC2,right,1
19146,LPLC2,right,28003,LPLC2,right,1
19146,LPLC2,right,28871,LPLC2,right,1
19146,LPLC2,right,29014,LPLC2,right,1
19034,LPLC2,right,39620,LPLC2,right,1
19034,LPLC2,right,35680,LPLC2,right,1
19249,LPLC2,right,16628,LC4,right,1
19034,LPLC2,right,19260,LC4,right,1
18936,LPLC2,left,107513,LC4,left,1
18936,LPLC2,left,111903,LPLC2,left,1
18936,LPLC2,left,112292,LPLC2,left,1
18936,LPLC2,left,129687,LPLC2,left,1
18936,LPLC2,left,533129,LC4,left,1
19034,LPLC2,right,17551,LPLC2,right,1
19034,LPLC2,right,18127,LC4,right,1
19034,LPLC2,right,21225,LC4,right,1
19034,LPLC2,right,31257,LPLC2,right,1
19034,LPLC2,right,24268,LPLC2,right,1
19034,LPLC2,right,24401,LPLC2,right,1
19034,LPLC2,right,27566,LPLC2,right,1
19034,LPLC2,right,29014,LPLC2,right,1
19034,LPLC2,right,29183,LPLC2,right,1
19034,LPLC2,right,29287,LPLC2,right,1
19034,LPLC2,right,30938,LPLC2,right,1
19146,LPLC2,right,29598,LPLC2,right,1
19146,LPLC2,right,33439,LPLC2,right,1
19146,LPLC2,right,35632,LPLC2,right,1
19229,LPLC2,right,33396,LPLC2,right,1
19229,LPLC2,right,28741,LPLC2,right,1
19229,LPLC2,right,29183,LPLC2,right,1
19229,LPLC2,right,29216,LPLC2,right,1
19229,LPLC2,right,29391,LPLC2,right,1
19229,LPLC2,right,29598,LPLC2,right,1
19229,LPLC2,right,30041,LPLC2,right,1
19229,LPLC2,right,33185,LPLC2,right,1
19229,LPLC2,right,34110,LPLC2,right,1
19146,LPLC2,right,35680,LPLC2,right,1
19229,LPLC2,right,34372,LPLC2,right,1
19229,LPLC2,right,35838,LPLC2,right,1
19229,LPLC2,right,37925,LPLC2,right,1
19229,LPLC2,right,38542,LPLC2,right,1
19229,LPLC2,right,39620,LPLC2,right,1
19229,LPLC2,right,55627,LPLC2,right,1
19249,LPLC2,right,10001,DNp01,right,1
19229,LPLC2,right,28003,LPLC2,right,1
19229,LPLC2,right,26915,LPLC2,right,1
19229,LPLC2,right,26393,LPLC2,right,1
19229,LPLC2,right,24187,LPLC2,right,1
19146,LPLC2,right,37613,LPLC2,right,1
19146,LPLC2,right,38542,LPLC2,right,1
19146,LPLC2,right,55627,LPLC2,right,1
19229,LPLC2,right,17054,LC4,right,1
19229,LPLC2,right,17548,LC4,right,1
19229,LPLC2,right,18127,LC4,right,1
19229,LPLC2,right,19034,LPLC2,right,1
19229,LPLC2,right,19249,LPLC2,right,1
19229,LPLC2,right,19260,LC4,right,1
19229,LPLC2,right,19420,LC4,right,1
19229,LPLC2,right,19543,LC4,right,1
19229,LPLC2,right,19550,LC4,right,1
19229,LPLC2,right,20162,LPLC2,right,1
19229,LPLC2,right,20584,LPLC2,right,1
19229,LPLC2,right,21225,LC4,right,1
19549,LPLC2,right,20047,LPLC2,right,1
19549,LPLC2,right,21225,LC4,right,1
19549,LPLC2,right,21808,LPLC2,right,1
19787,LPLC2,left,33406,LPLC2,left,1
19787,LPLC2,left,25209,LPLC2,left,1
19787,LPLC2,left,25286,LPLC2,left,1
19787,LPLC2,left,29319,LPLC2,left,1
19787,LPLC2,left,29753,LPLC2,left,1
19787,LPLC2,left,30895,LPLC2,left,1
19787,LPLC2,left,31105,LPLC2,left,1
19787,LPLC2,left,32737,LPLC2,left,1
19787,LPLC2,left,34655,LPLC2,left,1
19787,LPLC2,left,24308,LPLC2,left,1
19787,LPLC2,left,518730,LC4,left,1
19787,LPLC2,left,532254,LC4,left,1
19787,LPLC2,left,533895,LPLC2,left,1
19794,LC4,right,16138,LC4,right,1
19794,LC4,right,17266,LC4,right,1
19794,LC4,right,17668,LC4,right,1
19794,LC4,right,19249,LPLC2,right,1
19787,LPLC2,left,25136,LPLC2,left,1
19787,LPLC2,left,22557,LPLC2,left,1
19549,LPLC2,right,24401,LPLC2,right,1
19634,LC4,right,22847,LC4,right,1
19634,LC4,right,18127,LC4,right,1
19634,LC4,right,19420,LC4,right,1
19634,LC4,right,19954,LC4,right,1
19634,LC4,right,20016,LC4,right,1
19634,LC4,right,20399,LC4,right,1
19634,LC4,right,20471,LPLC2,right,1
19634,LC4,right,20808,LC4,right,1
19634,LC4,right,23392,LC4,right,1
19787,LPLC2,left,21299,LPLC2,left,1
19634,LC4,right,23792,LC4,right,1
19634,LC4,right,24118,LPLC2,right,1
19634,LC4,right,24338,LC4,right,1
19634,LC4,right,24401,LPLC2,right,1
19634,LC4,right,28945,LC4,right,1
19787,LPLC2,left,14030,LPLC2,left,1
19787,LPLC2,left,17774,LPLC2,left,1
19794,LC4,right,19543,LC4,right,1
19794,LC4,right,19589,LPLC2,right,1
19794,LC4,right,21804,LC4,right,1
19830,LPLC2,left,41097,LPLC2,left,1
19830,LPLC2,left,30895,LPLC2,left,1
19830,LPLC2,left,32237,LPLC2,left,1
19830,LPLC2,left,33137,LC4,left,1
19830,LPLC2,left,33406,LPLC2,left,1
19830,LPLC2,left,33965,LPLC2,left,1
19830,LPLC2,left,34407,LPLC2,left,1
19830,LPLC2,left,40811,LPLC2,left,1
19830,LPLC2,left,515900,LC4,left,1
19794,LC4,right,22975,LC4,right,1
19830,LPLC2,left,520449,LC4,left,1
19830,LPLC2,left,531014,LPLC2,left,1
19842,LPLC2,right,17548,LC4,right,1
19842,LPLC2,right,17987,LC4,right,1
19842,LPLC2,right,19034,LPLC2,right,1
19842,LPLC2,right,20334,LPLC2,right,1
19842,LPLC2,right,21562,LPLC2,right,1
19830,LPLC2,left,30893,LPLC2,left,1
19830,LPLC2,left,29514,LC4,left,1
19830,LPLC2,left,28011,LPLC2,left,1
19830,LPLC2,left,27796,LPLC2,left,1
19794,LC4,right,23098,LC4,right,1
19794,LC4,right,23392,LC4,right,1
19794,LC4,right,24268,LPLC2,right,1
19794,LC4,right,29563,LC4,right,1
19794,LC4,right,29598,LPLC2,right,1
19794,LC4,right,30803,LC4,right,1
19830,LPLC2,left,12384,LPLC2,left,1
19830,LPLC2,left,19911,LPLC2,left,1
19830,LPLC2,left,23665,LPLC2,left,1
19830,LPLC2,left,24605,LPLC2,left,1
19830,LPLC2,left,25027,LPLC2,left,1
19830,LPLC2,left,25136,LPLC2,left,1
19830,LPLC2,left,25572,LPLC2,left,1
19830,LPLC2,left,26528,LPLC2,left,1
19830,LPLC2,left,27399,LPLC2,left,1
19634,LC4,right,17548,LC4,right,1
19608,LPLC2,right,37925,LPLC2,right,1
19608,LPLC2,right,37431,LPLC2,right,1
19550,LC4,right,22677,LPLC2,right,1
19550,LC4,right,17926,LC4,right,1
19550,LC4,right,20282,LC4,right,1
19550,LC4,right,20749,LPLC2,right,1
19550,LC4,right,20917,LC4,right,1
19550,LC4,right,21287,LC4,right,1
19550,LC4,right,21808,LPLC2,right,1
19550,LC4,right,22034,LC4,right,1
19550,LC4,right,22975,LC4,right,1
19589,LPLC2,right,20103,LPLC2,right,1
19550,LC4,right,23392,LC4,right,1
19550,LC4,right,23792,LC4,right,1
19550,LC4,right,26112,LC4,right,1
19550,LC4,right,30803,LC4,right,1
19550,LC4,right,31262,LC4,right,1
19589,LPLC2,right,14465,LPLC2,right,1
19589,LPLC2,right,17548,LC4,right,1
19550,LC4,right,17668,LC4,right,1
19550,LC4,right,16628,LC4,right,1
19550,LC4,right,16138,LC4,right,1
19549,LPLC2,right,37925,LPLC2,right,1
19549,LPLC2,right,25253,LPLC2,right,1
19549,LPLC2,right,25511,LPLC2,right,1
19549,LPLC2,right,26393,LPLC2,right,1
19549,LPLC2,right,26915,LPLC2,right,1
19549,LPLC2,right,27566,LPLC2,right,1
19549,LPLC2,right,28003,LPLC2,right,1
19549,LPLC2,right,28741,LPLC2,right,1
19549,LPLC2,right,30041,LPLC2,right,1
19549,LPLC2,right,30207,LPLC2,right,1
19549,LPLC2,right,31964,LPLC2,right,1
19549,LPLC2,right,31988,LPLC2,right,1
19549,LPLC2,right,32507,LPLC2,right,1
19549,LPLC2,right,34110,LPLC2,right,1
19549,LPLC2,right,35680,LPLC2,right,1
19549,LPLC2,right,35838,LPLC2,right,1
19589,LPLC2,right,18929,LPLC2,right,1
19589,LPLC2,right,20749,LPLC2,right,1
19608,LPLC2,right,34372,LPLC2,right,1
19608,LPLC2,right,24118,LPLC2,right,1
19608,LPLC2,right,17054,LC4,right,1
19608,LPLC2,right,19550,LC4,right,1
19608,LPLC2,right,19589,LPLC2,right,1
19608,LPLC2,right,20103,LPLC2,right,1
19608,LPLC2,right,20584,LPLC2,right,1
19608,LPLC2,right,21045,LPLC2,right,1
19608,LPLC2,right,23497,LPLC2,right,1
19608,LPLC2,right,24187,LPLC2,right,1
19589,LPLC2,right,21045,LPLC2,right,1
19608,LPLC2,right,26147,LPLC2,right,1
19608,LPLC2,right,29014,LPLC2,right,1
19608,LPLC2,right,29183,LPLC2,right,1
19608,LPLC2,right,29391,LPLC2,right,1
19608,LPLC2,right,30938,LPLC2,right,1
19608,LPLC2,right,33396,LPLC2,right,1
19608,LPLC2,right,33439,LPLC2,right,1
19589,LPLC2,right,527408,LC4,right,1
19589,LPLC2,right,37925,LPLC2,right,1
19589,LPLC2,right,37431,LPLC2,right,1
19589,LPLC2,right,35889,LPLC2,right,1
19589,LPLC2,right,21862,LPLC2,right,1
19589,LPLC2,right,23590,LPLC2,right,1
19589,LPLC2,right,24268,LPLC2,right,1
19589,LPLC2,right,26915,LPLC2,right,1
19589,LPLC2,right,29183,LPLC2,right,1
19589,LPLC2,right,29986,LPLC2,right,1
19589,LPLC2,right,30207,LPLC2,right,1
19589,LPLC2,right,30938,LPLC2,right,1
19589,LPLC2,right,31257,LPLC2,right,1
19589,LPLC2,right,31964,LPLC2,right,1
19589,LPLC2,right,33694,LPLC2,right,1
19589,LPLC2,right,34110,LPLC2,right,1
19589,LPLC2,right,34372,LPLC2,right,1
19589,LPLC2,right,34681,LPLC2,right,1
19589,LPLC2,right,35838,LPLC2,right,1
18936,LPLC2,left,40841,LPLC2,left,1
18936,LPLC2,left,30895,LPLC2,left,1
17653,LC4,left,17608,LC4,left,1
17880,LPLC2,left,33303,LPLC2,left,1
17880,LPLC2,left,27023,LPLC2,left,1
17880,LPLC2,left,28011,LPLC2,left,1
17880,LPLC2,left,28188,LPLC2,left,1
17880,LPLC2,left,29753,LPLC2,left,1
17880,LPLC2,left,32597,LC4,left,1
17880,LPLC2,left,32737,LPLC2,left,1
17880,LPLC2,left,32737,LPLC2,left,1
17880,LPLC2,left,33406,LPLC2,left,1
17880,LPLC2,left,24523,LC4,left,1
17880,LPLC2,left,34051,LPLC2,left,1
17880,LPLC2,left,40811,LPLC2,left,1
17880,LPLC2,left,95241,LPLC2,left,1
17880,LPLC2,left,129687,LPLC2,left,1
17880,LPLC2,left,511914,LC4,left,1
17880,LPLC2,left,517079,LPLC2,left,1
17880,LPLC2,left,521115,LPLC2,left,1
17880,LPLC2,left,24605,LPLC2,left,1
17880,LPLC2,left,23550,LPLC2,left,1
17860,LC4,right,21165,LC4,right,1
17860,LC4,right,30803,LC4,right,1
17860,LC4,right,21336,LC4,right,1
17860,LC4,right,22034,LC4,right,1
17860,LC4,right,22034,LC4,right,1
17860,LC4,right,23497,LPLC2,right,1
17860,LC4,right,23929,LC4,right,1
17860,LC4,right,24118,LPLC2,right,1
17860,LC4,right,29986,LPLC2,right,1
17860,LC4,right,31262,LC4,right,1
17880,LPLC2,left,23247,LPLC2,left,1
17860,LC4,right,33185,LPLC2,right,1
17880,LPLC2,left,11498,LPLC2,left,1
17880,LPLC2,left,12824,LC4,left,1
17880,LPLC2,left,13764,LPLC2,left,1
17880,LPLC2,left,14102,LPLC2,left,1
17880,LPLC2,left,18900,LPLC2,left,1
17880,LPLC2,left,19787,LPLC2,left,1
17880,LPLC2,left,525844,LPLC2,left,1
17880,LPLC2,left,536444,LPLC2,left,1
17926,LC4,right,16128,LC4,right,1
17990,LPLC2,left,25027,LPLC2,left,1
17987,LC4,right,527408,LC4,right,1
17990,LPLC2,left,13132,LPLC2,left,1
17990,LPLC2,left,17270,LC4,left,1
17990,LPLC2,left,17544,LPLC2,left,1
17990,LPLC2,left,20240,LPLC2,left,1
17990,LPLC2,left,20967,LC4,left,1
17990,LPLC2,left,21299,LPLC2,left,1
17990,LPLC2,left,25524,LPLC2,left,1
17926,LC4,right,16138,LC4,right,1
17990,LPLC2,left,26416,LPLC2,left,1
17990,LPLC2,left,27023,LPLC2,left,1
17990,LPLC2,left,27355,LPLC2,left,1
17990,LPLC2,left,27796,LPLC2,left,1
17990,LPLC2,left,29702,LPLC2,left,1
17990,LPLC2,left,29955,LPLC2,left,1
17990,LPLC2,left,32223,LPLC2,left,1
17987,LC4,right,25253,LPLC2,right,1
17987,LC4,right,22328,LC4,right,1
17987,LC4,right,21899,LPLC2,right,1
17987,LC4,right,21225,LC4,right,1
17926,LC4,right,20399,LC4,right,1
17926,LC4,right,20694,LPLC2,right,1
17926,LC4,right,21165,LC4,right,1
17926,LC4,right,21287,LC4,right,1
17926,LC4,right,22034,LC4,right,1
17926,LC4,right,22677,LPLC2,right,1
17926,LC4,right,25267,LPLC2,right,1
17926,LC4,right,30803,LC4,right,1
17987,LC4,right,16128,LC4,right,1
17987,LC4,right,16138,LC4,right,1
17987,LC4,right,17054,LC4,right,1
17987,LC4,right,17860,LC4,right,1
17987,LC4,right,18929,LPLC2,right,1
17987,LC4,right,19550,LC4,right,1
17987,LC4,right,20584,LPLC2,right,1
17860,LC4,right,21225,LC4,right,1
17860,LC4,right,21151,LC4,right,1
18936,LPLC2,left,30512,LPLC2,left,1
17774,LPLC2,left,13764,LPLC2,left,1
17668,LC4,right,22194,LC4,right,1
17668,LC4,right,22677,LPLC2,right,1
17668,LC4,right,24338,LC4,right,1
17668,LC4,right,26112,LC4,right,1
17668,LC4,right,30803,LC4,right,1
17668,LC4,right,31262,LC4,right,1
17774,LPLC2,left,12384,LPLC2,left,1
17774,LPLC2,left,17775,LPLC2,left,1
17668,LC4,right,20808,LC4,right,1
17774,LPLC2,left,18936,LPLC2,left,1
17774,LPLC2,left,24308,LPLC2,left,1
17774,LPLC2,left,25136,LPLC2,left,1
17774,LPLC2,left,25286,LPLC2,left,1
17774,LPLC2,left,25572,LPLC2,left,1
17774,LPLC2,left,26416,LPLC2,left,1
17774,LPLC2,left,26528,LPLC2,left,1
17668,LC4,right,21562,LPLC2,right,1
17668,LC4,right,20542,LC4,right,1
17860,LC4,right,20588,LC4,right,1
17653,LC4,left,518439,LC4,left,1
17653,LC4,left,18478,LC4,left,1
17653,LC4,left,20859,LC4,left,1
17653,LC4,left,31429,LC4,left,1
17653,LC4,left,33137,LC4,left,1
17653,LC4,left,100485,LC4,left,1
17653,LC4,left,512705,LC4,left,1
17653,LC4,left,518016,LC4,left,1
17653,LC4,left,519931,LC4,left,1
17668,LC4,right,20399,LC4,right,1
17653,LC4,left,519931,LC4,left,1
17653,LC4,left,530029,LC4,left,1
17668,LC4,right,10584,DNp06,right,1
17668,LC4,right,17548,LC4,right,1
17668,LC4,right,18127,LC4,right,1
17668,LC4,right,19229,LPLC2,right,1
17668,LC4,right,20103,LPLC2,right,1
17774,LPLC2,left,27399,LPLC2,left,1
17774,LPLC2,left,27716,LPLC2,left,1
17774,LPLC2,left,29319,LPLC2,left,1
17775,LPLC2,left,517079,LPLC2,left,1
17775,LPLC2,left,27829,LC4,left,1
17775,LPLC2,left,29319,LPLC2,left,1
17775,LPLC2,left,32223,LPLC2,left,1
17775,LPLC2,left,34051,LPLC2,left,1
17775,LPLC2,left,35294,LPLC2,left,1
17775,LPLC2,left,129687,LPLC2,left,1
17775,LPLC2,left,517078,LPLC2,left,1
17775,LPLC2,left,517819,LPLC2,left,1
17774,LPLC2,left,32223,LPLC2,left,1
17775,LPLC2,left,524366,LPLC2,left,1
17860,LC4,right,10584,DNp06,right,1
17860,LC4,right,16628,LC4,right,1
17860,LC4,right,17987,LC4,right,1
17860,LC4,right,19634,LC4,right,1
17860,LC4,right,20282,LC4,right,1
17860,LC4,right,20542,LC4,right,1
17775,LPLC2,left,27023,LPLC2,left,1
17775,LPLC2,left,25209,LPLC2,left,1
17775,LPLC2,left,25027,LPLC2,left,1
17775,LPLC2,left,22253,LPLC2,left,1
17774,LPLC2,left,33406,LPLC2,left,1
17774,LPLC2,left,40811,LPLC2,left,1
17774,LPLC2,left,40841,LPLC2,left,1
17774,LPLC2,left,41097,LPLC2,left,1
17774,LPLC2,left,111903,LPLC2,left,1
17774,LPLC2,left,515900,LC4,left,1
17774,LPLC2,left,518731,LPLC2,left,1
17774,LPLC2,left,524366,LPLC2,left,1
17774,LPLC2,left,531014,LPLC2,left,1
17774,LPLC2,left,536444,LPLC2,left,1
17775,LPLC2,left,10228,DNp06,left,1
17775,LPLC2,left,13726,LPLC2,left,1
17775,LPLC2,left,13726,LPLC2,left,1
17775,LPLC2,left,14888,LC4,left,1
17775,LPLC2,left,21361,LPLC2,left,1
17990,LPLC2,left,33965,LPLC2,left,1
17990,LPLC2,left,40841,LPLC2,left,1
17990,LPLC2,left,129687,LPLC2,left,1
18900,LPLC2,left,34655,LPLC2,left,1
18900,LPLC2,left,27796,LPLC2,left,1
18900,LPLC2,left,28011,LPLC2,left,1
18900,LPLC2,left,29753,LPLC2,left,1
18900,LPLC2,left,30895,LPLC2,left,1
18900,LPLC2,left,33303,LPLC2,left,1
18900,LPLC2,left,33406,LPLC2,left,1
18900,LPLC2,left,34051,LPLC2,left,1
18900,LPLC2,left,35294,LPLC2,left,1
18900,LPLC2,left,25136,LPLC2,left,1
18900,LPLC2,left,112292,LPLC2,left,1
18900,LPLC2,left,514670,LPLC2,left,1
18900,LPLC2,left,533129,LC4,left,1
18929,LPLC2,right,14465,LPLC2,right,1
18929,LPLC2,right,17054,LC4,right,1
18929,LPLC2,right,17551,LPLC2,right,1
18929,LPLC2,right,19794,LC4,right,1
18900,LPLC2,left,27716,LPLC2,left,1
18900,LPLC2,left,25027,LPLC2,left,1
17990,LPLC2,left,518730,LC4,left,1
18672,LPLC2,right,30207,LPLC2,right,1
18672,LPLC2,right,21562,LPLC2,right,1
18672,LPLC2,right,23098,LC4,right,1
18672,LPLC2,right,23497,LPLC2,right,1
18672,LPLC2,right,26147,LPLC2,right,1
18672,LPLC2,right,27471,LPLC2,right,1
18672,LPLC2,right,29391,LPLC2,right,1
18672,LPLC2,right,29598,LPLC2,right,1
18672,LPLC2,right,31257,LPLC2,right,1
18900,LPLC2,left,24523,LC4,left,1
18672,LPLC2,right,31262,LC4,right,1
18672,LPLC2,right,33439,LPLC2,right,1
18672,LPLC2,right,34372,LPLC2,right,1
18672,LPLC2,right,35838,LPLC2,right,1
18900,LPLC2,left,14102,LPLC2,left,1
18900,LPLC2,left,17059,LPLC2,left,1
18900,LPLC2,left,23919,LPLC2,left,1
18929,LPLC2,right,20282,LC4,right,1
18929,LPLC2,right,20334,LPLC2,right,1
18929,LPLC2,right,20584,LPLC2,right,1
18936,LPLC2,left,17774,LPLC2,left,1
18929,LPLC2,right,35680,LPLC2,right,1
18929,LPLC2,right,38542,LPLC2,right,1
18936,LPLC2,left,10228,DNp06,left,1
18936,LPLC2,left,14888,LC4,left,1
18936,LPLC2,left,15804,LPLC2,left,1
18936,LPLC2,left,17478,LC4,left,1
18936,LPLC2,left,17774,LPLC2,left,1
18936,LPLC2,left,17880,LPLC2,left,1
18929,LPLC2,right,20694,LPLC2,right,1
18936,LPLC2,left,19911,LPLC2,left,1
18936,LPLC2,left,21361,LPLC2,left,1
18936,LPLC2,left,23550,LPLC2,left,1
18936,LPLC2,left,24568,LPLC2,left,1
18936,LPLC2,left,28188,LPLC2,left,1
18936,LPLC2,left,29702,LPLC2,left,1
18936,LPLC2,left,29753,LPLC2,left,1
18929,LPLC2,right,35632,LPLC2,right,1
18929,LPLC2,right,34372,LPLC2,right,1
18929,LPLC2,right,34110,LPLC2,right,1
18929,LPLC2,right,32507,LPLC2,right,1
18929,LPLC2,right,20749,LPLC2,right,1
18929,LPLC2,right,20749,LPLC2,right,1
18929,LPLC2,right,20749,LPLC2,right,1
18929,LPLC2,right,22261,LPLC2,right,1
18929,LPLC2,right,23497,LPLC2,right,1
18929,LPLC2,right,23878,LPLC2,right,1
18929,LPLC2,right,24187,LPLC2,right,1
18929,LPLC2,right,25253,LPLC2,right,1
18929,LPLC2,right,25497,LPLC2,right,1
18929,LPLC2,right,25511,LPLC2,right,1
18929,LPLC2,right,29014,LPLC2,right,1
18929,LPLC2,right,29598,LPLC2,right,1
18929,LPLC2,right,29873,LPLC2,right,1
18929,LPLC2,right,30041,LPLC2,right,1
18929,LPLC2,right,31964,LPLC2,right,1
18672,LPLC2,right,21225,LC4,right,1
18672,LPLC2,right,20471,LPLC2,right,1
18672,LPLC2,right,20103,LPLC2,right,1
18396,LC4,left,14888,LC4,left,1
18189,LC4,right,19954,LC4,right,1
18189,LC4,right,20334,LPLC2,right,1
18189,LC4,right,21318,LPLC2,right,1
18189,LC4,right,21862,LPLC2,right,1
18189,LC4,right,22328,LC4,right,1
18189,LC4,right,25584,LC4,right,1
18189,LC4,right,29598,LPLC2,right,1
18396,LC4,left,15804,LPLC2,left,1
18396,LC4,left,111787,LC4,left,1
18396,LC4,left,17340,LC4,left,1
18396,LC4,left,23550,LPLC2,left,1
18396,LC4,left,29469,LC4,left,1
18396,LC4,left,31105,LPLC2,left,1
18396,LC4,left,33137,LC4,left,1
18396,LC4,left,35616,LC4,left,1
18396,LC4,left,77614,LC4,left,1
18189,LC4,right,19634,LC4,right,1
18189,LC4,right,19260,LC4,right,1
18189,LC4,right,17548,LC4,right,1
18189,LC4,right,17266,LC4,right,1
18127,LC4,right,14465,LPLC2,right,1
18127,LC4,right,17668,LC4,right,1
18127,LC4,right,20016,LC4,right,1
18127,LC4,right,20399,LC4,right,1
18127,LC4,right,20588,LC4,right,1
18127,LC4,right,21151,LC4,right,1
18127,LC4,right,22034,LC4,right,1
18127,LC4,right,23497,LPLC2,right,1
18127,LC4,right,23792,LC4,right,1
18127,LC4,right,25584,LC4,right,1
18127,LC4,right,29598,LPLC2,right,1
18127,LC4,right,30480,LC4,right,1
18127,LC4,right,30803,LC4,right,1
18127,LC4,right,39620,LPLC2,right,1
18189,LC4,right,17054,LC4,right,1
18396,LC4,left,81112,LC4,left,1
18396,LC4,left,514508,LC4,left,1
18672,LPLC2,right,19589,LPLC2,right,1
18478,LC4,left,31429,LC4,left,1
18478,LC4,left,12349,LC4,left,1
18478,LC4,left,12824,LC4,left,1
18478,LC4,left,17270,LC4,left,1
18478,LC4,left,20967,LC4,left,1
18478,LC4,left,22922,LC4,left,1
18478,LC4,left,23919,LPLC2,left,1
18478,LC4,left,31301,LC4,left,1
18478,LC4,left,33137,LC4,left,1
18396,LC4,left,518016,LC4,left,1
18478,LC4,left,107513,LC4,left,1
18478,LC4,left,515476,LC4,left,1
18478,LC4,left,519931,LC4,left,1
18478,LC4,left,532254,LC4,left,1
18478,LC4,left,533129,LC4,left,1
18672,LPLC2,right,17548,LC4,right,1
18672,LPLC2,right,17987,LC4,right,1
18478,LC4,left,10010,DNp01,left,1
18432,LC4,left,535341,LC4,left,1
18432,LC4,left,520449,LC4,left,1
18432,LC4,left,519931,LC4,left,1
18396,LC4,left,520764,LPLC2,left,1
18396,LC4,left,521115,LPLC2,left,1
18432,LC4,left,12032,LC4,left,1
18432,LC4,left,12824,LC4,left,1
18432,LC4,left,20572,LC4,left,1
18432,LC4,left,22772,LC4,left,1
18432,LC4,left,23202,LC4,left,1
18432,LC4,left,24523,LC4,left,1
18432,LC4,left,31429,LC4,left,1
18432,LC4,left,516909,LC4,left,1
18432,LC4,left,518016,LC4,left,1
18432,LC4,left,518016,LC4,left,1
18432,LC4,left,518016,LC4,left,1
18432,LC4,left,518983,LC4,left,1
18432,LC4,left,519650,LC4,left,1
23349,LPLC2,left,17990,LPLC2,left,1
23349,LPLC2,left,22922,LC4,left,1
23349,LPLC2,left,23919,LPLC2,left,1
29753,LPLC2,left,19787,LPLC2,left,1
29702,LPLC2,left,517079,LPLC2,left,1
29702,LPLC2,left,517819,LPLC2,left,1
29702,LPLC2,left,531014,LPLC2,left,1
29753,LPLC2,left,10228,DNp06,left,1
29753,LPLC2,left,15804,LPLC2,left,1
29753,LPLC2,left,17775,LPLC2,left,1
29753,LPLC2,left,18900,LPLC2,left,1
29753,LPLC2,left,22253,LPLC2,left,1
29702,LPLC2,left,95241,LPLC2,left,1
29753,LPLC2,left,22557,LPLC2,left,1
29753,LPLC2,left,23247,LPLC2,left,1
29753,LPLC2,left,23349,LPLC2,left,1
29753,LPLC2,left,23665,LPLC2,left,1
29753,LPLC2,left,24308,LPLC2,left,1
29753,LPLC2,left,24605,LPLC2,left,1
29753,LPLC2,left,25209,LPLC2,left,1
29702,LPLC2,left,514670,LPLC2,left,1
29702,LPLC2,left,40841,LPLC2,left,1
29598,LPLC2,right,33185,LPLC2,right,1
29702,LPLC2,left,20329,LPLC2,left,1
29598,LPLC2,right,37613,LPLC2,right,1
29598,LPLC2,right,37925,LPLC2,right,1
29598,LPLC2,right,39620,LPLC2,right,1
29702,LPLC2,left,13132,LPLC2,left,1
29702,LPLC2,left,13764,LPLC2,left,1
29702,LPLC2,left,17775,LPLC2,left,1
29702,LPLC2,left,18900,LPLC2,left,1
29702,LPLC2,left,21299,LPLC2,left,1
29702,LPLC2,left,35294,LPLC2,left,1
29702,LPLC2,left,21361,LPLC2,left,1
29702,LPLC2,left,23247,LPLC2,left,1
29702,LPLC2,left,23665,LPLC2,left,1
29702,LPLC2,left,24308,LPLC2,left,1
29702,LPLC2,left,25286,LPLC2,left,1
29702,LPLC2,left,25572,LPLC2,left,1
29702,LPLC2,left,29955,LPLC2,left,1
29753,LPLC2,left,27023,LPLC2,left,1
29753,LPLC2,left,27796,LPLC2,left,1
29753,LPLC2,left,29319,LPLC2,left,1
29815,LPLC2,left,27023,LPLC2,left,1
29815,LPLC2,left,23349,LPLC2,left,1
29815,LPLC2,left,24840,LPLC2,left,1
29815,LPLC2,left,25027,LPLC2,left,1
29815,LPLC2,left,25209,LPLC2,left,1
29815,LPLC2,left,25286,LPLC2,left,1
29815,LPLC2,left,25572,LPLC2,left,1
29815,LPLC2,left,25575,LPLC2,left,1
29815,LPLC2,left,27355,LPLC2,left,1
29753,LPLC2,left,30893,LPLC2,left,1
29815,LPLC2,left,29753,LPLC2,left,1
29815,LPLC2,left,30893,LPLC2,left,1
29815,LPLC2,left,30895,LPLC2,left,1
29815,LPLC2,left,31301,LC4,left,1
29815,LPLC2,left,32237,LPLC2,left,1
29815,LPLC2,left,34051,LPLC2,left,1
29815,LPLC2,left,34407,LPLC2,left,1
29815,LPLC2,left,23247,LPLC2,left,1
29815,LPLC2,left,22557,LPLC2,left,1
29815,LPLC2,left,21299,LPLC2,left,1
29815,LPLC2,left,19911,LPLC2,left,1
29753,LPLC2,left,30895,LPLC2,left,1
29753,LPLC2,left,32223,LPLC2,left,1
29753,LPLC2,left,32237,LPLC2,left,1
29753,LPLC2,left,33406,LPLC2,left,1
29753,LPLC2,left,34655,LPLC2,left,1
29753,LPLC2,left,100103,LPLC2,left,1
29753,LPLC2,left,111903,LPLC2,left,1
29753,LPLC2,left,129687,LPLC2,left,1
29753,LPLC2,left,515971,LPLC2,left,1
29753,LPLC2,left,517079,LPLC2,left,1
29753,LPLC2,left,524366,LPLC2,left,1
29815,LPLC2,left,11498,LPLC2,left,1
29815,LPLC2,left,17544,LPLC2,left,1
29815,LPLC2,left,18900,LPLC2,left,1
29815,LPLC2,left,18936,LPLC2,left,1
29598,LPLC2,right,34681,LPLC2,right,1
29598,LPLC2,right,32507,LPLC2,right,1
29417,LC4,left,519650,LC4,left,1
29514,LC4,left,518439,LC4,left,1
29514,LC4,left,23226,LC4,left,1
29514,LC4,left,26416,LPLC2,left,1
29514,LC4,left,27624,LC4,left,1
29514,LC4,left,29469,LC4,left,1
29514,LC4,left,31301,LC4,left,1
29514,LC4,left,37587,LC4,left,1
29514,LC4,left,107513,LC4,left,1
29514,LC4,left,518983,LC4,left,1
29514,LC4,left,18396,LC4,left,1
29514,LC4,left,524899,LC4,left,1
29514,LC4,left,532254,LC4,left,1
29563,LC4,right,10584,DNp06,right,1
29563,LC4,right,16128,LC4,right,1
29563,LC4,right,17364,LC4,right,1
29563,LC4,right,17548,LC4,right,1
29563,LC4,right,19954,LC4,right,1
29514,LC4,left,19911,LPLC2,left,1
29514,LC4,left,15018,LC4,left,1
29598,LPLC2,right,31964,LPLC2,right,1
29469,LC4,left,23550,LPLC2,left,1
29469,LC4,left,12824,LC4,left,1
29469,LC4,left,16809,LC4,left,1
29469,LC4,left,17270,LC4,left,1
29469,LC4,left,17340,LC4,left,1
29469,LC4,left,17608,LC4,left,1
29469,LC4,left,18432,LC4,left,1
29469,LC4,left,22772,LC4,left,1
29469,LC4,left,24523,LC4,left,1
29514,LC4,left,12032,LC4,left,1
29469,LC4,left,31301,LC4,left,1
29469,LC4,left,33965,LPLC2,left,1
29469,LC4,left,40841,LPLC2,left,1
29469,LC4,left,515900,LC4,left,1
29469,LC4,left,518730,LC4,left,1
29469,LC4,left,526286,LC4,left,1
29469,LC4,left,535341,LC4,left,1
29563,LC4,right,20399,LC4,right,1
29563,LC4,right,20399,LC4,right,1
29563,LC4,right,21225,LC4,right,1
29598,LPLC2,right,25636,LPLC2,right,1
29598,LPLC2,right,21318,LPLC2,right,1
29598,LPLC2,right,21808,LPLC2,right,1
29598,LPLC2,right,21862,LPLC2,right,1
29598,LPLC2,right,22194,LC4,right,1
29598,LPLC2,right,24800,LPLC2,right,1
29598,LPLC2,right,25316,LPLC2,right,1
29598,LPLC2,right,25497,LPLC2,right,1
29598,LPLC2,right,26393,LPLC2,right,1
29563,LC4,right,21336,LC4,right,1
29598,LPLC2,right,27471,LPLC2,right,1
29598,LPLC2,right,27566,LPLC2,right,1
29598,LPLC2,right,28871,LPLC2,right,1
29598,LPLC2,right,29014,LPLC2,right,1
29598,LPLC2,right,29183,LPLC2,right,1
29598,LPLC2,right,30041,LPLC2,right,1
29598,LPLC2,right,31257,LPLC2,right,1
29598,LPLC2,right,20749,LPLC2,right,1
29598,LPLC2,right,20694,LPLC2,right,1
29598,LPLC2,right,20334,LPLC2,right,1
29598,LPLC2,right,20182,LPLC2,right,1
29563,LC4,right,21804,LC4,right,1
29563,LC4,right,22034,LC4,right,1
29563,LC4,right,22328,LC4,right,1
29563,LC4,right,25584,LC4,right,1
29563,LC4,right,26112,LC4,right,1
29563,LC4,right,28945,LC4,right,1
29563,LC4,right,527408,LC4,right,1
29598,LPLC2,right,16628,LC4,right,1
29598,LPLC2,right,18127,LC4,right,1
29598,LPLC2,right,18189,LC4,right,1
29598,LPLC2,right,19034,LPLC2,right,1
29598,LPLC2,right,19146,LPLC2,right,1
29598,LPLC2,right,19229,LPLC2,right,1
29598,LPLC2,right,20047,LPLC2,right,1
29598,LPLC2,right,20103,LPLC2,right,1
29815,LPLC2,left,40841,LPLC2,left,1
29815,LPLC2,left,134521,LPLC2,left,1
29815,LPLC2,left,517078,LPLC2,left,1
30041,LPLC2,right,25497,LPLC2,right,1
30041,LPLC2,right,21769,LPLC2,right,1
30041,LPLC2,right,22194,LC4,right,1
30041,LPLC2,right,23590,LPLC2,right,1
30041,LPLC2,right,23929,LC4,right,1
30041,LPLC2,right,24118,LPLC2,right,1
30041,LPLC2,right,24800,LPLC2,right,1
30041,LPLC2,right,25316,LPLC2,right,1
30041,LPLC2,right,26730,LPLC2,right,1
30041,LPLC2,right,21318,LPLC2,right,1
30041,LPLC2,right,26915,LPLC2,right,1
30041,LPLC2,right,27471,LPLC2,right,1
30041,LPLC2,right,28003,LPLC2,right,1
30041,LPLC2,right,28044,LPLC2,right,1
30041,LPLC2,right,29183,LPLC2,right,1
30041,LPLC2,right,29216,LPLC2,right,1
30041,LPLC2,right,29216,LPLC2,right,1
30041,LPLC2,right,21703,LPLC2,right,1
30041,LPLC2,right,21225,LC4,right,1
29815,LPLC2,left,533895,LPLC2,left,1
29986,LPLC2,right,37431,LPLC2,right,1
29986,LPLC2,right,31964,LPLC2,right,1
29986,LPLC2,right,33185,LPLC2,right,1
29986,LPLC2,right,33694,LPLC2,right,1
29986,LPLC2,right,34372,LPLC2,right,1
29986,LPLC2,right,35680,LPLC2,right,1
29986,LPLC2,right,35838,LPLC2,right,1
29986,LPLC2,right,35889,LPLC2,right,1
29986,LPLC2,right,37925,LPLC2,right,1
30041,LPLC2,right,21045,LPLC2,right,1
30041,LPLC2,right,17551,LPLC2,right,1
30041,LPLC2,right,18929,LPLC2,right,1
30041,LPLC2,right,19229,LPLC2,right,1
30041,LPLC2,right,20047,LPLC2,right,1
30041,LPLC2,right,20584,LPLC2,right,1
30041,LPLC2,right,20694,LPLC2,right,1
30041,LPLC2,right,20749,LPLC2,right,1
30041,LPLC2,right,29391,LPLC2,right,1
30041,LPLC2,right,29986,LPLC2,right,1
30041,LPLC2,right,30938,LPLC2,right,1
30207,LPLC2,right,19249,LPLC2,right,1
30087,LC4,left,519931,LC4,left,1
30087,LC4,left,521115,LPLC2,left,1
30087,LC4,left,524899,LC4,left,1
30087,LC4,left,535341,LC4,left,1
30207,LPLC2,right,14465,LPLC2,right,1
30207,LPLC2,right,18127,LC4,right,1
30207,LPLC2,right,18672,LPLC2,right,1
30207,LPLC2,right,19543,LC4,right,1
30041,LPLC2,right,31257,LPLC2,right,1
30207,LPLC2,right,20694,LPLC2,right,1
30207,LPLC2,right,20749,LPLC2,right,1
30207,LPLC2,right,21151,LC4,right,1
30207,LPLC2,right,21562,LPLC2,right,1
30207,LPLC2,right,21808,LPLC2,right,1
30207,LPLC2,right,24268,LPLC2,right,1
30207,LPLC2,right,24800,LPLC2,right,1
30087,LC4,left,518983,LC4,left,1
30087,LC4,left,518016,LC4,left,1
30087,LC4,left,512705,LC4,left,1
30087,LC4,left,35616,LC4,left,1
30041,LPLC2,right,31257,LPLC2,right,1
30041,LPLC2,right,31262,LC4,right,1
30041,LPLC2,right,33396,LPLC2,right,1
30041,LPLC2,right,34372,LPLC2,right,1
30041,LPLC2,right,55627,LPLC2,right,1
30041,LPLC2,right,527408,LC4,right,1
30087,LC4,left,12032,LC4,left,1
30087,LC4,left,17270,LC4,left,1
30087,LC4,left,17340,LC4,left,1
30087,LC4,left,18432,LC4,left,1
30087,LC4,left,20859,LC4,left,1
30087,LC4,left,24523,LC4,left,1
30087,LC4,left,25209,LPLC2,left,1
30087,LC4,left,28980,LC4,left,1
30087,LC4,left,31301,LC4,left,1
29986,LPLC2,right,30938,LPLC2,right,1
29986,LPLC2,right,30480,LC4,right,1
29986,LPLC2,right,30207,LPLC2,right,1
29873,LPLC2,right,33396,LPLC2,right,1
29873,LPLC2,right,25636,LPLC2,right,1
29873,LPLC2,right,25636,LPLC2,right,1
29873,LPLC2,right,27566,LPLC2,right,1
29873,LPLC2,right,27566,LPLC2,right,1
29873,LPLC2,right,28044,LPLC2,right,1
29873,LPLC2,right,29216,LPLC2,right,1
29873,LPLC2,right,29598,LPLC2,right,1
29873,LPLC2,right,35889,LPLC2,right,1
29955,LPLC2,left,23247,LPLC2,left,1
29873,LPLC2,right,37925,LPLC2,right,1
29955,LPLC2,left,12824,LC4,left,1
29955,LPLC2,left,14102,LPLC2,left,1
29955,LPLC2,left,16917,LC4,left,1
29955,LPLC2,left,17544,LPLC2,left,1
29955,LPLC2,left,17990,LPLC2,left,1
29955,LPLC2,left,18936,LPLC2,left,1
29873,LPLC2,right,25636,LPLC2,right,1
29873,LPLC2,right,25267,LPLC2,right,1
29873,LPLC2,right,24800,LPLC2,right,1
29873,LPLC2,right,24401,LPLC2,right,1
29873,LPLC2,right,18929,LPLC2,right,1
29873,LPLC2,right,19249,LPLC2,right,1
29873,LPLC2,right,19549,LPLC2,right,1
29873,LPLC2,right,20047,LPLC2,right,1
29873,LPLC2,right,20103,LPLC2,right,1
29873,LPLC2,right,20162,LPLC2,right,1
29873,LPLC2,right,20182,LPLC2,right,1
29873,LPLC2,right,20182,LPLC2,right,1
29873,LPLC2,right,20269,LPLC2,right,1
29873,LPLC2,right,20749,LPLC2,right,1
29873,LPLC2,right,21562,LPLC2,right,1
29873,LPLC2,right,22218,LPLC2,right,1
29873,LPLC2,right,22261,LPLC2,right,1
29873,LPLC2,right,23878,LPLC2,right,1
29873,LPLC2,right,24268,LPLC2,right,1
29955,LPLC2,left,21361,LPLC2,left,1
29955,LPLC2,left,24568,LPLC2,left,1
29986,LPLC2,right,30041,LPLC2,right,1
29986,LPLC2,right,23929,LC4,right,1
29986,LPLC2,right,19420,LC4,right,1
29986,LPLC2,right,20103,LPLC2,right,1
29986,LPLC2,right,20162,LPLC2,right,1
29986,LPLC2,right,20334,LPLC2,right,1
29986,LPLC2,right,20535,LPLC2,right,1
29986,LPLC2,right,22677,LPLC2,right,1
29986,LPLC2,right,23098,LC4,right,1
29986,LPLC2,right,24118,LPLC2,right,1
29955,LPLC2,left,24840,LPLC2,left,1
29986,LPLC2,right,24800,LPLC2,right,1
29986,LPLC2,right,25316,LPLC2,right,1
29986,LPLC2,right,25497,LPLC2,right,1
29986,LPLC2,right,27471,LPLC2,right,1
29986,LPLC2,right,27471,LPLC2,right,1
29986,LPLC2,right,28003,LPLC2,right,1
29986,LPLC2,right,29598,LPLC2,right,1
29986,LPLC2,right,19249,LPLC2,right,1
29986,LPLC2,right,18672,LPLC2,right,1
29986,LPLC2,right,17860,LC4,right,1
29986,LPLC2,right,16128,LC4,right,1
29955,LPLC2,left,26416,LPLC2,left,1
29955,LPLC2,left,26528,LPLC2,left,1
29955,LPLC2,left,27399,LPLC2,left,1
29955,LPLC2,left,27716,LPLC2,left,1
29955,LPLC2,left,29753,LPLC2,left,1
29955,LPLC2,left,30895,LPLC2,left,1
29955,LPLC2,left,31563,LPLC2,left,1
29955,LPLC2,left,33965,LPLC2,left,1
29955,LPLC2,left,34051,LPLC2,left,1
29955,LPLC2,left,81112,LC4,left,1
29955,LPLC2,left,514956,LC4,left,1
29955,LPLC2,left,515971,LPLC2,left,1
29955,LPLC2,left,517079,LPLC2,left,1
29955,LPLC2,left,518731,LPLC2,left,1
29955,LPLC2,left,525844,LPLC2,left,1
29417,LC4,left,530029,LC4,left,1
29417,LC4,left,515476,LC4,left,1
30207,LPLC2,right,25511,LPLC2,right,1
28871,LPLC2,right,35889,LPLC2,right,1
28871,LPLC2,right,28003,LPLC2,right,1
28871,LPLC2,right,28741,LPLC2,right,1
28871,LPLC2,right,29391,LPLC2,right,1
28871,LPLC2,right,29563,LC4,right,1
28871,LPLC2,right,35632,LPLC2,right,1
28871,LPLC2,right,35838,LPLC2,right,1
28871,LPLC2,right,35889,LPLC2,right,1
28871,LPLC2,right,50287,LPLC2,right,1
28871,LPLC2,right,25497,LPLC2,right,1
28945,LC4,right,16128,LC4,right,1
28945,LC4,right,17054,LC4,right,1
28945,LC4,right,17266,LC4,right,1
28945,LC4,right,17926,LC4,right,1
28945,LC4,right,17987,LC4,right,1
28945,LC4,right,19954,LC4,right,1
28945,LC4,right,20917,LC4,right,1
28871,LPLC2,right,25636,LPLC2,right,1
28871,LPLC2,right,24401,LPLC2,right,1
28741,LPLC2,right,25497,LPLC2,right,1
28741,LPLC2,right,33439,LPLC2,right,1
28741,LPLC2,right,28871,LPLC2,right,1
28741,LPLC2,right,29014,LPLC2,right,1
28741,LPLC2,right,29216,LPLC2,right,1
28741,LPLC2,right,31988,LPLC2,right,1
28741,LPLC2,right,32507,LPLC2,right,1
28741,LPLC2,right,33185,LPLC2,right,1
28741,LPLC2,right,33185,LPLC2,right,1
28741,LPLC2,right,33439,LPLC2,right,1
28871,LPLC2,right,22677,LPLC2,right,1
28741,LPLC2,right,34372,LPLC2,right,1
28871,LPLC2,right,18672,LPLC2,right,1
28871,LPLC2,right,18929,LPLC2,right,1
28871,LPLC2,right,19229,LPLC2,right,1
28871,LPLC2,right,20749,LPLC2,right,1
28871,LPLC2,right,21703,LPLC2,right,1
28871,LPLC2,right,21808,LPLC2,right,1
28945,LC4,right,21287,LC4,right,1
28945,LC4,right,21804,LC4,right,1
28945,LC4,right,22194,LC4,right,1
29014,LPLC2,right,16138,LC4,right,1
28980,LC4,left,515476,LC4,left,1
28980,LC4,left,515476,LC4,left,1
28980,LC4,left,517752,LC4,left,1
28980,LC4,left,519931,LC4,left,1
28980,LC4,left,532254,LC4,left,1
28980,LC4,left,535341,LC4,left,1
29014,LPLC2,right,10584,DNp06,right,1
29014,LPLC2,right,17668,LC4,right,1
28945,LC4,right,25636,LPLC2,right,1
29014,LPLC2,right,18929,LPLC2,right,1
29014,LPLC2,right,19034,LPLC2,right,1
29014,LPLC2,right,19146,LPLC2,right,1
29014,LPLC2,right,19229,LPLC2,right,1
29014,LPLC2,right,19229,LPLC2,right,1
29014,LPLC2,right,19608,LPLC2,right,1
29014,LPLC2,right,19634,LC4,right,1
28980,LC4,left,511914,LC4,left,1
28980,LC4,left,111787,LC4,left,1
28980,LC4,left,100485,LC4,left,1
28980,LC4,left,35262,LC4,left,1
28945,LC4,right,26112,LC4,right,1
28945,LC4,right,29391,LPLC2,right,1
28945,LC4,right,30041,LPLC2,right,1
28945,LC4,right,31964,LPLC2,right,1
28945,LC4,right,527408,LC4,right,1
28980,LC4,left,10228,DNp06,left,1
28980,LC4,left,14888,LC4,left,1
28980,LC4,left,18478,LC4,left,1
28980,LC4,left,20572,LC4,left,1
28980,LC4,left,23226,LC4,left,1
28980,LC4,left,24523,LC4,left,1
28980,LC4,left,24523,LC4,left,1
28980,LC4,left,30087,LC4,left,1
28980,LC4,left,32597,LC4,left,1
28980,LC4,left,34845,LC4,left,1
28741,LPLC2,right,26393,LPLC2,right,1
28741,LPLC2,right,23590,LPLC2,right,1
29417,LC4,left,512366,LC4,left,1
28044,LPLC2,right,23792,LC4,right,1
28044,LPLC2,right,20162,LPLC2,right,1
28044,LPLC2,right,20334,LPLC2,right,1
28044,LPLC2,right,20584,LPLC2,right,1
28044,LPLC2,right,21045,LPLC2,right,1
28044,LPLC2,right,21318,LPLC2,right,1
28044,LPLC2,right,21336,LC4,right,1
28044,LPLC2,right,21899,LPLC2,right,1
28044,LPLC2,right,23878,LPLC2,right,1
28044,LPLC2,right,19549,LPLC2,right,1
28044,LPLC2,right,29873,LPLC2,right,1
28044,LPLC2,right,31257,LPLC2,right,1
28044,LPLC2,right,34110,LPLC2,right,1
28044,LPLC2,right,55627,LPLC2,right,1
28188,LPLC2,left,10228,DNp06,left,1
28188,LPLC2,left,11498,LPLC2,left,1
28188,LPLC2,left,13764,LPLC2,left,1
28044,LPLC2,right,19842,LPLC2,right,1
28044,LPLC2,right,19249,LPLC2,right,1
28741,LPLC2,right,23497,LPLC2,right,1
28011,LPLC2,left,17990,LPLC2,left,1
28003,LPLC2,right,37925,LPLC2,right,1
28003,LPLC2,right,38542,LPLC2,right,1
28003,LPLC2,right,50287,LPLC2,right,1
28011,LPLC2,left,12384,LPLC2,left,1
28011,LPLC2,left,14888,LC4,left,1
28011,LPLC2,left,17059,LPLC2,left,1
28011,LPLC2,left,17774,LPLC2,left,1
28011,LPLC2,left,23247,LPLC2,left,1
28044,LPLC2,right,19229,LPLC2,right,1
28011,LPLC2,left,25209,LPLC2,left,1
28011,LPLC2,left,25286,LPLC2,left,1
28011,LPLC2,left,29319,LPLC2,left,1
28011,LPLC2,left,29514,LC4,left,1
28011,LPLC2,left,520764,LPLC2,left,1
28011,LPLC2,left,524366,LPLC2,left,1
28044,LPLC2,right,17987,LC4,right,1
28188,LPLC2,left,15804,LPLC2,left,1
28188,LPLC2,left,17059,LPLC2,left,1
28188,LPLC2,left,17608,LC4,left,1
28741,LPLC2,right,20269,LPLC2,right,1
28188,LPLC2,left,518730,LC4,left,1
28188,LPLC2,left,524366,LPLC2,left,1
28188,LPLC2,left,525844,LPLC2,left,1
28741,LPLC2,right,18189,LC4,right,1
28741,LPLC2,right,18929,LPLC2,right,1
28741,LPLC2,right,19146,LPLC2,right,1
28741,LPLC2,right,19608,LPLC2,right,1
28741,LPLC2,right,20334,LPLC2,right,1
28188,LPLC2,left,17774,LPLC2,left,1
28741,LPLC2,right,20471,LPLC2,right,1
28741,LPLC2,right,20535,LPLC2,right,1
28741,LPLC2,right,20694,LPLC2,right,1
28741,LPLC2,right,20749,LPLC2,right,1
28741,LPLC2,right,21318,LPLC2,right,1
28741,LPLC2,right,22261,LPLC2,right,1
28741,LPLC2,right,22677,LPLC2,right,1
28188,LPLC2,left,518544,LC4,left,1
28188,LPLC2,left,517078,LPLC2,left,1
28188,LPLC2,left,514670,LPLC2,left,1
28188,LPLC2,left,112292,LPLC2,left,1
28188,LPLC2,left,17880,LPLC2,left,1
28188,LPLC2,left,17990,LPLC2,left,1
28188,LPLC2,left,19830,LPLC2,left,1
28188,LPLC2,left,21299,LPLC2,left,1
28188,LPLC2,left,22253,LPLC2,left,1
28188,LPLC2,left,22253,LPLC2,left,1
28188,LPLC2,left,23919,LPLC2,left,1
28188,LPLC2,left,25209,LPLC2,left,1
28188,LPLC2,left,25524,LPLC2,left,1
28188,LPLC2,left,25572,LPLC2,left,1
28188,LPLC2,left,26528,LPLC2,left,1
28188,LPLC2,left,31308,LC4,left,1
28188,LPLC2,left,32237,LPLC2,left,1
28188,LPLC2,left,32737,LPLC2,left,1
28188,LPLC2,left,37587,LC4,left,1
29014,LPLC2,right,19842,LPLC2,right,1
29014,LPLC2,right,20103,LPLC2,right,1
29014,LPLC2,right,20103,LPLC2,right,1
29319,LPLC2,left,18396,LC4,left,1
29287,LPLC2,right,35889,LPLC2,right,1
29319,LPLC2,left,11498,LPLC2,left,1
29319,LPLC2,left,12384,LPLC2,left,1
29319,LPLC2,left,14888,LC4,left,1
29319,LPLC2,left,15804,LPLC2,left,1
29319,LPLC2,left,17544,LPLC2,left,1
29319,LPLC2,left,17774,LPLC2,left,1
29319,LPLC2,left,19911,LPLC2,left,1
29287,LPLC2,right,32507,LPLC2,right,1
29319,LPLC2,left,20799,LPLC2,left,1
29319,LPLC2,left,21299,LPLC2,left,1
29319,LPLC2,left,23349,LPLC2,left,1
29319,LPLC2,left,23919,LPLC2,left,1
29319,LPLC2,left,26416,LPLC2,left,1
29319,LPLC2,left,29469,LC4,left,1
29319,LPLC2,left,29753,LPLC2,left,1
29287,LPLC2,right,33439,LPLC2,right,1
29287,LPLC2,right,31964,LPLC2,right,1
29014,LPLC2,right,20162,LPLC2,right,1
29287,LPLC2,right,20694,LPLC2,right,1
29216,LPLC2,right,37613,LPLC2,right,1
29287,LPLC2,right,19146,LPLC2,right,1
29287,LPLC2,right,19229,LPLC2,right,1
29287,LPLC2,right,19549,LPLC2,right,1
29287,LPLC2,right,20334,LPLC2,right,1
29287,LPLC2,right,20535,LPLC2,right,1
29287,LPLC2,right,20584,LPLC2,right,1
29287,LPLC2,right,21562,LPLC2,right,1
29287,LPLC2,right,29014,LPLC2,right,1
29287,LPLC2,right,22194,LC4,right,1
29287,LPLC2,right,22218,LPLC2,right,1
29287,LPLC2,right,26915,LPLC2,right,1
29287,LPLC2,right,27471,LPLC2,right,1
29287,LPLC2,right,28003,LPLC2,right,1
29287,LPLC2,right,28044,LPLC2,right,1
29287,LPLC2,right,28044,LPLC2,right,1
29319,LPLC2,left,31105,LPLC2,left,1
29319,LPLC2,left,32737,LPLC2,left,1
29319,LPLC2,left,35262,LC4,left,1
29417,LC4,left,12349,LC4,left,1
29391,LPLC2,right,33694,LPLC2,right,1
29391,LPLC2,right,33694,LPLC2,right,1
29391,LPLC2,right,34681,LPLC2,right,1
29391,LPLC2,right,35680,LPLC2,right,1
29391,LPLC2,right,38542,LPLC2,right,1
29391,LPLC2,right,39620,LPLC2,right,1
29417,LC4,left,12032,LC4,left,1
29417,LC4,left,12824,LC4,left,1
29319,LPLC2,left,40811,LPLC2,left,1
29417,LC4,left,15018,LC4,left,1
29417,LC4,left,17270,LC4,left,1
29417,LC4,left,17478,LC4,left,1
29417,LC4,left,18432,LC4,left,1
29417,LC4,left,29514,LC4,left,1
29417,LC4,left,30087,LC4,left,1
29417,LC4,left,511914,LC4,left,1
29391,LPLC2,right,33396,LPLC2,right,1
29391,LPLC2,right,33185,LPLC2,right,1
29391,LPLC2,right,29183,LPLC2,right,1
29391,LPLC2,right,27471,LPLC2,right,1
29319,LPLC2,left,40841,LPLC2,left,1
29319,LPLC2,left,112292,LPLC2,left,1
29319,LPLC2,left,517079,LPLC2,left,1
29319,LPLC2,left,520764,LPLC2,left,1
29319,LPLC2,left,520764,LPLC2,left,1
29319,LPLC2,left,535341,LC4,left,1
29391,LPLC2,right,18672,LPLC2,right,1
29391,LPLC2,right,18929,LPLC2,right,1
29391,LPLC2,right,19034,LPLC2,right,1
29391,LPLC2,right,20269,LPLC2,right,1
29391,LPLC2,right,21318,LPLC2,right,1
29391,LPLC2,right,22218,LPLC2,right,1
29391,LPLC2,right,24268,LPLC2,right,1
29391,LPLC2,right,25497,LPLC2,right,1
29391,LPLC2,right,26112,LC4,right,1
29216,LPLC2,right,35838,LPLC2,right,1
29216,LPLC2,right,30041,LPLC2,right,1
29216,LPLC2,right,29873,LPLC2,right,1
29183,LPLC2,right,19034,LPLC2,right,1
29014,LPLC2,right,33396,LPLC2,right,1
29014,LPLC2,right,33439,LPLC2,right,1
29014,LPLC2,right,35632,LPLC2,right,1
29014,LPLC2,right,38542,LPLC2,right,1
29183,LPLC2,right,17364,LC4,right,1
29183,LPLC2,right,17551,LPLC2,right,1
29183,LPLC2,right,18929,LPLC2,right,1
29183,LPLC2,right,19249,LPLC2,right,1
29183,LPLC2,right,21808,LPLC2,right,1
29183,LPLC2,right,19608,LPLC2,right,1
29183,LPLC2,right,19842,LPLC2,right,1
29183,LPLC2,right,20162,LPLC2,right,1
29183,LPLC2,right,20269,LPLC2,right,1
29183,LPLC2,right,20694,LPLC2,right,1
29183,LPLC2,right,20749,LPLC2,right,1
29183,LPLC2,right,21045,LPLC2,right,1
29014,LPLC2,right,29873,LPLC2,right,1
29014,LPLC2,right,29287,LPLC2,right,1
29014,LPLC2,right,28741,LPLC2,right,1
29014,LPLC2,right,26915,LPLC2,right,1
29014,LPLC2,right,21318,LPLC2,right,1
29014,LPLC2,right,21703,LPLC2,right,1
29014,LPLC2,right,21808,LPLC2,right,1
29014,LPLC2,right,21899,LPLC2,right,1
29014,LPLC2,right,22194,LC4,right,1
29014,LPLC2,right,22218,LPLC2,right,1
29014,LPLC2,right,22261,LPLC2,right,1
29014,LPLC2,right,24401,LPLC2,right,1
29014,LPLC2,right,24800,LPLC2,right,1
29014,LPLC2,right,25253,LPLC2,right,1
29014,LPLC2,right,25267,LPLC2,right,1
29014,LPLC2,right,25316,LPLC2,right,1
29014,LPLC2,right,25497,LPLC2,right,1
29014,LPLC2,right,26147,LPLC2,right,1
29014,LPLC2,right,26730,LPLC2,right,1
29183,LPLC2,right,21769,LPLC2,right,1
29183,LPLC2,right,21862,LPLC2,right,1
29216,LPLC2,right,26147,LPLC2,right,1
29216,LPLC2,right,21899,LPLC2,right,1
29216,LPLC2,right,20471,LPLC2,right,1
29216,LPLC2,right,20584,LPLC2,right,1
29216,LPLC2,right,20694,LPLC2,right,1
29216,LPLC2,right,20808,LC4,right,1
29216,LPLC2,right,21769,LPLC2,right,1
29216,LPLC2,right,21804,LC4,right,1
29216,LPLC2,right,21862,LPLC2,right,1
29216,LPLC2,right,22218,LPLC2,right,1
29183,LPLC2,right,22218,LPLC2,right,1
29216,LPLC2,right,22261,LPLC2,right,1
29216,LPLC2,right,22677,LPLC2,right,1
29216,LPLC2,right,23878,LPLC2,right,1
29216,LPLC2,right,24118,LPLC2,right,1
29216,LPLC2,right,25253,LPLC2,right,1
29216,LPLC2,right,25497,LPLC2,right,1
29216,LPLC2,right,25584,LC4,right,1
29216,LPLC2,right,20162,LPLC2,right,1
29216,LPLC2,right,19608,LPLC2,right,1
29216,LPLC2,right,19549,LPLC2,right,1
29216,LPLC2,right,19229,LPLC2,right,1
29183,LPLC2,right,22677,LPLC2,right,1
29183,LPLC2,right,23590,LPLC2,right,1
29183,LPLC2,right,24118,LPLC2,right,1
29183,LPLC2,right,24187,LPLC2,right,1
29183,LPLC2,right,25316,LPLC2,right,1
29183,LPLC2,right,25497,LPLC2,right,1
29183,LPLC2,right,25511,LPLC2,right,1
29183,LPLC2,right,25636,LPLC2,right,1
29183,LPLC2,right,28044,LPLC2,right,1
29183,LPLC2,right,28871,LPLC2,right,1
29183,LPLC2,right,34110,LPLC2,right,1
29183,LPLC2,right,35889,LPLC2,right,1
29183,LPLC2,right,55627,LPLC2,right,1
29216,LPLC2,right,14465,LPLC2,right,1
29216,LPLC2,right,18929,LPLC2,right,1
30207,LPLC2,right,25253,LPLC2,right,1
30207,LPLC2,right,26147,LPLC2,right,1
23349,LPLC2,left,24523,LC4,left,1
32737,LPLC2,left,26528,LPLC2,left,1
32737,LPLC2,left,20967,LC4,left,1
32737,LPLC2,left,23247,LPLC2,left,1
32737,LPLC2,left,24840,LPLC2,left,1
32737,LPLC2,left,24840,LPLC2,left,1
32737,LPLC2,left,25209,LPLC2,left,1
32737,LPLC2,left,25854,LPLC2,left,1
32737,LPLC2,left,26416,LPLC2,left,1
32737,LPLC2,left,27023,LPLC2,left,1
32737,LPLC2,left,20240,LPLC2,left,1
32737,LPLC2,left,31301,LC4,left,1
32737,LPLC2,left,33406,LPLC2,left,1
32737,LPLC2,left,34407,LPLC2,left,1
32737,LPLC2,left,34655,LPLC2,left,1
32737,LPLC2,left,35616,LC4,left,1
32737,LPLC2,left,40841,LPLC2,left,1
32737,LPLC2,left,95241,LPLC2,left,1
32737,LPLC2,left,20799,LPLC2,left,1
32737,LPLC2,left,17059,LPLC2,left,1
32507,LPLC2,right,34681,LPLC2,right,1
32597,LC4,left,77614,LC4,left,1
32507,LPLC2,right,50287,LPLC2,right,1
32597,LC4,left,17340,LC4,left,1
32597,LC4,left,17880,LPLC2,left,1
32597,LC4,left,20572,LC4,left,1
32597,LC4,left,24568,LPLC2,left,1
32597,LC4,left,30087,LC4,left,1
32597,LC4,left,35616,LC4,left,1
32597,LC4,left,514508,LC4,left,1
32737,LPLC2,left,13726,LPLC2,left,1
32597,LC4,left,514508,LC4,left,1
32597,LC4,left,518016,LC4,left,1
32597,LC4,left,518439,LC4,left,1
32597,LC4,left,518439,LC4,left,1
32597,LC4,left,532254,LC4,left,1
32597,LC4,left,535341,LC4,left,1
32737,LPLC2,left,11498,LPLC2,left,1
32737,LPLC2,left,111787,LC4,left,1
32737,LPLC2,left,515971,LPLC2,left,1
32737,LPLC2,left,521115,LPLC2,left,1
33185,LPLC2,right,21808,LPLC2,right,1
33185,LPLC2,right,18672,LPLC2,right,1
33185,LPLC2,right,19229,LPLC2,right,1
33185,LPLC2,right,19549,LPLC2,right,1
33185,LPLC2,right,19589,LPLC2,right,1
33185,LPLC2,right,20103,LPLC2,right,1
33185,LPLC2,right,20471,LPLC2,right,1
33185,LPLC2,right,20694,LPLC2,right,1
33185,LPLC2,right,21862,LPLC2,right,1
32737,LPLC2,left,531014,LPLC2,left,1
33185,LPLC2,right,22261,LPLC2,right,1
33185,LPLC2,right,23590,LPLC2,right,1
33185,LPLC2,right,25316,LPLC2,right,1
33185,LPLC2,right,26730,LPLC2,right,1
33185,LPLC2,right,26915,LPLC2,right,1
33185,LPLC2,right,27471,LPLC2,right,1
33185,LPLC2,right,28871,LPLC2,right,1
33185,LPLC2,right,17860,LC4,right,1
33185,LPLC2,right,10584,DNp06,right,1
33137,LC4,left,524899,LC4,left,1
33137,LC4,left,519650,LC4,left,1
32737,LPLC2,left,535341,LC4,left,1
32737,LPLC2,left,536444,LPLC2,left,1
33137,LC4,left,12349,LC4,left,1
33137,LC4,left,17653,LC4,left,1
33137,LC4,left,20440,LC4,left,1
33137,LC4,left,20859,LC4,left,1
33137,LC4,left,20967,LC4,left,1
33137,LC4,left,31301,LC4,left,1
33137,LC4,left,31429,LC4,left,1
33137,LC4,left,32597,LC4,left,1
33137,LC4,left,34845,LC4,left,1
33137,LC4,left,111787,LC4,left,1
33137,LC4,left,512705,LC4,left,1
33137,LC4,left,515900,LC4,left,1
33137,LC4,left,518439,LC4,left,1
32507,LPLC2,right,37925,LPLC2,right,1
32507,LPLC2,right,31262,LC4,right,1
31988,LPLC2,right,35889,LPLC2,right,1
32237,LPLC2,left,17775,LPLC2,left,1
32237,LPLC2,left,12384,LPLC2,left,1
32237,LPLC2,left,13726,LPLC2,left,1
32237,LPLC2,left,13764,LPLC2,left,1
32237,LPLC2,left,14102,LPLC2,left,1
32237,LPLC2,left,15018,LC4,left,1
32237,LPLC2,left,17059,LPLC2,left,1
32237,LPLC2,left,17608,LC4,left,1
32237,LPLC2,left,17880,LPLC2,left,1
32223,LPLC2,left,100103,LPLC2,left,1
32237,LPLC2,left,19787,LPLC2,left,1
32237,LPLC2,left,23247,LPLC2,left,1
32237,LPLC2,left,24308,LPLC2,left,1
32237,LPLC2,left,24568,LPLC2,left,1
32237,LPLC2,left,24605,LPLC2,left,1
32237,LPLC2,left,25136,LPLC2,left,1
32237,LPLC2,left,25136,LPLC2,left,1
32223,LPLC2,left,521115,LPLC2,left,1
32223,LPLC2,left,37587,LC4,left,1
32507,LPLC2,right,30938,LPLC2,right,1
32223,LPLC2,left,25575,LPLC2,left,1
31988,LPLC2,right,55627,LPLC2,right,1
32223,LPLC2,left,18936,LPLC2,left,1
32223,LPLC2,left,19830,LPLC2,left,1
32223,LPLC2,left,20240,LPLC2,left,1
32223,LPLC2,left,22253,LPLC2,left,1
32223,LPLC2,left,23349,LPLC2,left,1
32223,LPLC2,left,24605,LPLC2,left,1
32223,LPLC2,left,25854,LPLC2,left,1
32223,LPLC2,left,34845,LC4,left,1
32223,LPLC2,left,26416,LPLC2,left,1
32223,LPLC2,left,27716,LPLC2,left,1
32223,LPLC2,left,27796,LPLC2,left,1
32223,LPLC2,left,29815,LPLC2,left,1
32223,LPLC2,left,30895,LPLC2,left,1
32223,LPLC2,left,31105,LPLC2,left,1
32223,LPLC2,left,34655,LPLC2,left,1
32237,LPLC2,left,25524,LPLC2,left,1
32237,LPLC2,left,26416,LPLC2,left,1
32237,LPLC2,left,27023,LPLC2,left,1
32507,LPLC2,right,25511,LPLC2,right,1
32507,LPLC2,right,21562,LPLC2,right,1
32507,LPLC2,right,21769,LPLC2,right,1
32507,LPLC2,right,22261,LPLC2,right,1
32507,LPLC2,right,22966,LC4,right,1
32507,LPLC2,right,24118,LPLC2,right,1
32507,LPLC2,right,24401,LPLC2,right,1
32507,LPLC2,right,25497,LPLC2,right,1
32507,LPLC2,right,25511,LPLC2,right,1
32237,LPLC2,left,27399,LPLC2,left,1
32507,LPLC2,right,25636,LPLC2,right,1
32507,LPLC2,right,27566,LPLC2,right,1
32507,LPLC2,right,28044,LPLC2,right,1
32507,LPLC2,right,29287,LPLC2,right,1
32507,LPLC2,right,29598,LPLC2,right,1
32507,LPLC2,right,30041,LPLC2,right,1
32507,LPLC2,right,30480,LC4,right,1
32507,LPLC2,right,21318,LPLC2,right,1
32507,LPLC2,right,20471,LPLC2,right,1
32507,LPLC2,right,20047,LPLC2,right,1
32507,LPLC2,right,19549,LPLC2,right,1
32237,LPLC2,left,28188,LPLC2,left,1
32237,LPLC2,left,29319,LPLC2,left,1
32237,LPLC2,left,29417,LC4,left,1
32237,LPLC2,left,31105,LPLC2,left,1
32237,LPLC2,left,33303,LPLC2,left,1
32237,LPLC2,left,111903,LPLC2,left,1
32237,LPLC2,left,112292,LPLC2,left,1
32237,LPLC2,left,515971,LPLC2,left,1
32237,LPLC2,left,517079,LPLC2,left,1
32237,LPLC2,left,531014,LPLC2,left,1
32237,LPLC2,left,533895,LPLC2,left,1
32507,LPLC2,right,14465,LPLC2,right,1
32507,LPLC2,right,18929,LPLC2,right,1
32507,LPLC2,right,19249,LPLC2,right,1
32507,LPLC2,right,19543,LC4,right,1
33185,LPLC2,right,29391,LPLC2,right,1
33185,LPLC2,right,29873,LPLC2,right,1
33185,LPLC2,right,29986,LPLC2,right,1
33439,LPLC2,right,25267,LPLC2,right,1
33439,LPLC2,right,23792,LC4,right,1
33439,LPLC2,right,23878,LPLC2,right,1
33439,LPLC2,right,24187,LPLC2,right,1
33439,LPLC2,right,24338,LC4,right,1
33439,LPLC2,right,24401,LPLC2,right,1
33439,LPLC2,right,24800,LPLC2,right,1
33439,LPLC2,right,25253,LPLC2,right,1
33439,LPLC2,right,25511,LPLC2,right,1
33439,LPLC2,right,22677,LPLC2,right,1
33439,LPLC2,right,26147,LPLC2,right,1
33439,LPLC2,right,26393,LPLC2,right,1
33439,LPLC2,right,26915,LPLC2,right,1
33439,LPLC2,right,27471,LPLC2,right,1
33439,LPLC2,right,27566,LPLC2,right,1
33439,LPLC2,right,29014,LPLC2,right,1
33439,LPLC2,right,30480,LC4,right,1
33439,LPLC2,right,23497,LPLC2,right,1
33439,LPLC2,right,21862,LPLC2,right,1
33185,LPLC2,right,33694,LPLC2,right,1
33439,LPLC2,right,14465,LPLC2,right,1
33406,LPLC2,left,30895,LPLC2,left,1
33406,LPLC2,left,37587,LC4,left,1
33406,LPLC2,left,111787,LC4,left,1
33406,LPLC2,left,111903,LPLC2,left,1
33406,LPLC2,left,112292,LPLC2,left,1
33406,LPLC2,left,134521,LPLC2,left,1
33406,LPLC2,left,517819,LPLC2,left,1
33439,LPLC2,right,19146,LPLC2,right,1
33439,LPLC2,right,21703,LPLC2,right,1
33439,LPLC2,right,19249,LPLC2,right,1
33439,LPLC2,right,19608,LPLC2,right,1
33439,LPLC2,right,20162,LPLC2,right,1
33439,LPLC2,right,20182,LPLC2,right,1
33439,LPLC2,right,20269,LPLC2,right,1
33439,LPLC2,right,20749,LPLC2,right,1
33439,LPLC2,right,21045,LPLC2,right,1
33439,LPLC2,right,30938,LPLC2,right,1
33439,LPLC2,right,31988,LPLC2,right,1
33439,LPLC2,right,38542,LPLC2,right,1
33965,LPLC2,left,20329,LPLC2,left,1
33694,LPLC2,right,39620,LPLC2,right,1
33694,LPLC2,right,55627,LPLC2,right,1
33694,LPLC2,right,55627,LPLC2,right,1
33965,LPLC2,left,12384,LPLC2,left,1
33965,LPLC2,left,13764,LPLC2,left,1
33965,LPLC2,left,17059,LPLC2,left,1
33965,LPLC2,left,17774,LPLC2,left,1
33965,LPLC2,left,22557,LPLC2,left,1
33439,LPLC2,right,50287,LPLC2,right,1
33965,LPLC2,left,24605,LPLC2,left,1
33965,LPLC2,left,25136,LPLC2,left,1
33965,LPLC2,left,25209,LPLC2,left,1
33965,LPLC2,left,25286,LPLC2,left,1
33965,LPLC2,left,25575,LPLC2,left,1
33965,LPLC2,left,25854,LPLC2,left,1
33965,LPLC2,left,26416,LPLC2,left,1
33694,LPLC2,right,33439,LPLC2,right,1
33694,LPLC2,right,30938,LPLC2,right,1
33694,LPLC2,right,30207,LPLC2,right,1
33694,LPLC2,right,30041,LPLC2,right,1
33694,LPLC2,right,19229,LPLC2,right,1
33694,LPLC2,right,20269,LPLC2,right,1
33694,LPLC2,right,20694,LPLC2,right,1
33694,LPLC2,right,21703,LPLC2,right,1
33694,LPLC2,right,21862,LPLC2,right,1
33694,LPLC2,right,23590,LPLC2,right,1
33694,LPLC2,right,24401,LPLC2,right,1
33694,LPLC2,right,25267,LPLC2,right,1
33694,LPLC2,right,25316,LPLC2,right,1
33694,LPLC2,right,25636,LPLC2,right,1
33694,LPLC2,right,26147,LPLC2,right,1
33694,LPLC2,right,26393,LPLC2,right,1
33694,LPLC2,right,29183,LPLC2,right,1
33694,LPLC2,right,29287,LPLC2,right,1
33694,LPLC2,right,29391,LPLC2,right,1
33406,LPLC2,left,30512,LPLC2,left,1
33406,LPLC2,left,29469,LC4,left,1
33406,LPLC2,left,29319,LPLC2,left,1
33303,LPLC2,left,518439,LC4,left,1
33303,LPLC2,left,26528,LPLC2,left,1
33303,LPLC2,left,29319,LPLC2,left,1
33303,LPLC2,left,30512,LPLC2,left,1
33303,LPLC2,left,30893,LPLC2,left,1
33303,LPLC2,left,37587,LC4,left,1
33303,LPLC2,left,95241,LPLC2,left,1
33303,LPLC2,left,515476,LC4,left,1
33303,LPLC2,left,518731,LPLC2,left,1
33396,LPLC2,right,20749,LPLC2,right,1
33396,LPLC2,right,17551,LPLC2,right,1
33396,LPLC2,right,19229,LPLC2,right,1
33396,LPLC2,right,19249,LPLC2,right,1
33396,LPLC2,right,19608,LPLC2,right,1
33396,LPLC2,right,20269,LPLC2,right,1
33396,LPLC2,right,20471,LPLC2,right,1
33396,LPLC2,right,20535,LPLC2,right,1
33303,LPLC2,left,25854,LPLC2,left,1
33303,LPLC2,left,25575,LPLC2,left,1
33303,LPLC2,left,25286,LPLC2,left,1
33303,LPLC2,left,24605,LPLC2,left,1
33185,LPLC2,right,34110,LPLC2,right,1
33185,LPLC2,right,34110,LPLC2,right,1
33185,LPLC2,right,34372,LPLC2,right,1
33185,LPLC2,right,35632,LPLC2,right,1
33185,LPLC2,right,35889,LPLC2,right,1
33185,LPLC2,right,37431,LPLC2,right,1
33185,LPLC2,right,50287,LPLC2,right,1
33185,LPLC2,right,55627,LPLC2,right,1
33303,LPLC2,left,13132,LPLC2,left,1
33303,LPLC2,left,14030,LPLC2,left,1
33303,LPLC2,left,17059,LPLC2,left,1
33303,LPLC2,left,17544,LPLC2,left,1
33303,LPLC2,left,17880,LPLC2,left,1
33303,LPLC2,left,20240,LPLC2,left,1
33303,LPLC2,left,23247,LPLC2,left,1
33396,LPLC2,right,20584,LPLC2,right,1
33396,LPLC2,right,21899,LPLC2,right,1
33406,LPLC2,left,28011,LPLC2,left,1
33406,LPLC2,left,23550,LPLC2,left,1
33396,LPLC2,right,55627,LPLC2,right,1
33396,LPLC2,right,55627,LPLC2,right,1
33406,LPLC2,left,13132,LPLC2,left,1
33406,LPLC2,left,17880,LPLC2,left,1
33406,LPLC2,left,17990,LPLC2,left,1
33406,LPLC2,left,21299,LPLC2,left,1
33406,LPLC2,left,22557,LPLC2,left,1
33406,LPLC2,left,23665,LPLC2,left,1
33396,LPLC2,right,22677,LPLC2,right,1
33406,LPLC2,left,24308,LPLC2,left,1
33406,LPLC2,left,24568,LPLC2,left,1
33406,LPLC2,left,25027,LPLC2,left,1
33406,LPLC2,left,25136,LPLC2,left,1
33406,LPLC2,left,25286,LPLC2,left,1
33406,LPLC2,left,25575,LPLC2,left,1
33406,LPLC2,left,27399,LPLC2,left,1
33396,LPLC2,right,50287,LPLC2,right,1
33396,LPLC2,right,39620,LPLC2,right,1
33396,LPLC2,right,37613,LPLC2,right,1
33396,LPLC2,right,32507,LPLC2,right,1
33396,LPLC2,right,23497,LPLC2,right,1
33396,LPLC2,right,23497,LPLC2,right,1
33396,LPLC2,right,24800,LPLC2,right,1
33396,LPLC2,right,25316,LPLC2,right,1
33396,LPLC2,right,25497,LPLC2,right,1
33396,LPLC2,right,27471,LPLC2,right,1
33396,LPLC2,right,27566,LPLC2,right,1
33396,LPLC2,right,28871,LPLC2,right,1
33396,LPLC2,right,28871,LPLC2,right,1
33396,LPLC2,right,29391,LPLC2,right,1
33396,LPLC2,right,29391,LPLC2,right,1
33396,LPLC2,right,29391,LPLC2,right,1
33396,LPLC2,right,31257,LPLC2,right,1
33396,LPLC2,right,31964,LPLC2,right,1
33396,LPLC2,right,31988,LPLC2,right,1
31988,LPLC2,right,37925,LPLC2,right,1
31988,LPLC2,right,35680,LPLC2,right,1
30207,LPLC2,right,26730,LPLC2,right,1
30895,LPLC2,left,29955,LPLC2,left,1
30895,LPLC2,left,26528,LPLC2,left,1
30895,LPLC2,left,27355,LPLC2,left,1
30895,LPLC2,left,27716,LPLC2,left,1
30895,LPLC2,left,29319,LPLC2,left,1
30895,LPLC2,left,29469,LC4,left,1
30895,LPLC2,left,29753,LPLC2,left,1
30895,LPLC2,left,29815,LPLC2,left,1
30895,LPLC2,left,31301,LC4,left,1
30895,LPLC2,left,24308,LPLC2,left,1
30895,LPLC2,left,31563,LPLC2,left,1
30895,LPLC2,left,34655,LPLC2,left,1
30895,LPLC2,left,35294,LPLC2,left,1
30895,LPLC2,left,100103,LPLC2,left,1
30895,LPLC2,left,515971,LPLC2,left,1
30895,LPLC2,left,517078,LPLC2,left,1
30895,LPLC2,left,517079,LPLC2,left,1
30895,LPLC2,left,25209,LPLC2,left,1
30895,LPLC2,left,23550,LPLC2,left,1
30893,LPLC2,left,34407,LPLC2,left,1
30893,LPLC2,left,536444,LPLC2,left,1
30893,LPLC2,left,111903,LPLC2,left,1
30893,LPLC2,left,112292,LPLC2,left,1
30893,LPLC2,left,129687,LPLC2,left,1
30893,LPLC2,left,514956,LC4,left,1
30893,LPLC2,left,516909,LC4,left,1
30893,LPLC2,left,517078,LPLC2,left,1
30893,LPLC2,left,531014,LPLC2,left,1
30895,LPLC2,left,12824,LC4,left,1
30895,LPLC2,left,23349,LPLC2,left,1
30895,LPLC2,left,13726,LPLC2,left,1
30895,LPLC2,left,17544,LPLC2,left,1
30895,LPLC2,left,17774,LPLC2,left,1
30895,LPLC2,left,17990,LPLC2,left,1
30895,LPLC2,left,21299,LPLC2,left,1
30895,LPLC2,left,22557,LPLC2,left,1
30895,LPLC2,left,23247,LPLC2,left,1
30895,LPLC2,left,521115,LPLC2,left,1
30895,LPLC2,left,524366,LPLC2,left,1
30895,LPLC2,left,531014,LPLC2,left,1
31105,LPLC2,left,13764,LPLC2,left,1
30938,LPLC2,right,29986,LPLC2,right,1
30938,LPLC2,right,30041,LPLC2,right,1
30938,LPLC2,right,31257,LPLC2,right,1
30938,LPLC2,right,33439,LPLC2,right,1
30938,LPLC2,right,35889,LPLC2,right,1
30938,LPLC2,right,50287,LPLC2,right,1
31105,LPLC2,left,13726,LPLC2,left,1
31105,LPLC2,left,15018,LC4,left,1
30895,LPLC2,left,533895,LPLC2,left,1
31105,LPLC2,left,17608,LC4,left,1
31105,LPLC2,left,17990,LPLC2,left,1
31105,LPLC2,left,18396,LC4,left,1
31105,LPLC2,left,18900,LPLC2,left,1
31105,LPLC2,left,18936,LPLC2,left,1
31105,LPLC2,left,19911,LPLC2,left,1
31105,LPLC2,left,21361,LPLC2,left,1
30938,LPLC2,right,29873,LPLC2,right,1
30938,LPLC2,right,29598,LPLC2,right,1
30938,LPLC2,right,29216,LPLC2,right,1
30938,LPLC2,right,25497,LPLC2,right,1
30938,LPLC2,right,17054,LC4,right,1
30938,LPLC2,right,18672,LPLC2,right,1
30938,LPLC2,right,19249,LPLC2,right,1
30938,LPLC2,right,20047,LPLC2,right,1
30938,LPLC2,right,20334,LPLC2,right,1
30938,LPLC2,right,20535,LPLC2,right,1
30938,LPLC2,right,20535,LPLC2,right,1
30938,LPLC2,right,20584,LPLC2,right,1
30938,LPLC2,right,20694,LPLC2,right,1
30938,LPLC2,right,21769,LPLC2,right,1
30938,LPLC2,right,21808,LPLC2,right,1
30938,LPLC2,right,22677,LPLC2,right,1
30938,LPLC2,right,23497,LPLC2,right,1
30938,LPLC2,right,24118,LPLC2,right,1
30938,LPLC2,right,25316,LPLC2,right,1
30893,LPLC2,left,81112,LC4,left,1
30893,LPLC2,left,33303,LPLC2,left,1
31988,LPLC2,right,35632,LPLC2,right,1
30512,LPLC2,left,17990,LPLC2,left,1
30480,LC4,right,24401,LPLC2,right,1
30480,LC4,right,25584,LC4,right,1
30480,LC4,right,26112,LC4,right,1
30480,LC4,right,30803,LC4,right,1
30480,LC4,right,527408,LC4,right,1
30512,LPLC2,left,15804,LPLC2,left,1
30512,LPLC2,left,17880,LPLC2,left,1
30512,LPLC2,left,18936,LPLC2,left,1
30480,LC4,right,23392,LC4,right,1
30512,LPLC2,left,19911,LPLC2,left,1
30512,LPLC2,left,20240,LPLC2,left,1
30512,LPLC2,left,20329,LPLC2,left,1
30512,LPLC2,left,20976,LC4,left,1
30512,LPLC2,left,21299,LPLC2,left,1
30512,LPLC2,left,22557,LPLC2,left,1
30512,LPLC2,left,25209,LPLC2,left,1
30480,LC4,right,23929,LC4,right,1
30480,LC4,right,22975,LC4,right,1
30893,LPLC2,left,32737,LPLC2,left,1
30207,LPLC2,right,35889,LPLC2,right,1
30207,LPLC2,right,27566,LPLC2,right,1
30207,LPLC2,right,28044,LPLC2,right,1
30207,LPLC2,right,28871,LPLC2,right,1
30207,LPLC2,right,29014,LPLC2,right,1
30207,LPLC2,right,29287,LPLC2,right,1
30207,LPLC2,right,31988,LPLC2,right,1
30207,LPLC2,right,33396,LPLC2,right,1
30207,LPLC2,right,37431,LPLC2,right,1
30480,LC4,right,21804,LC4,right,1
30207,LPLC2,right,37613,LPLC2,right,1
30207,LPLC2,right,39620,LPLC2,right,1
30207,LPLC2,right,50287,LPLC2,right,1
30480,LC4,right,10584,DNp06,right,1
30480,LC4,right,20016,LC4,right,1
30480,LC4,right,21151,LC4,right,1
30480,LC4,right,21562,LPLC2,right,1
30512,LPLC2,left,25524,LPLC2,left,1
30512,LPLC2,left,27399,LPLC2,left,1
30512,LPLC2,left,29319,LPLC2,left,1
30893,LPLC2,left,19830,LPLC2,left,1
30803,LC4,right,26112,LC4,right,1
30803,LC4,right,28945,LC4,right,1
30803,LC4,right,29563,LC4,right,1
30803,LC4,right,39620,LPLC2,right,1
30893,LPLC2,left,11498,LPLC2,left,1
30893,LPLC2,left,14030,LPLC2,left,1
30893,LPLC2,left,17775,LPLC2,left,1
30893,LPLC2,left,21299,LPLC2,left,1
30512,LPLC2,left,29702,LPLC2,left,1
30893,LPLC2,left,23550,LPLC2,left,1
30893,LPLC2,left,23665,LPLC2,left,1
30893,LPLC2,left,24523,LC4,left,1
30893,LPLC2,left,27750,LC4,left,1
30893,LPLC2,left,27796,LPLC2,left,1
30893,LPLC2,left,27829,LC4,left,1
30893,LPLC2,left,30895,LPLC2,left,1
30803,LC4,right,25584,LC4,right,1
30803,LC4,right,22966,LC4,right,1
30803,LC4,right,21313,LC4,right,1
30803,LC4,right,21225,LC4,right,1
30512,LPLC2,left,31105,LPLC2,left,1
30512,LPLC2,left,32737,LPLC2,left,1
30512,LPLC2,left,33406,LPLC2,left,1
30512,LPLC2,left,37587,LC4,left,1
30512,LPLC2,left,111903,LPLC2,left,1
30512,LPLC2,left,112292,LPLC2,left,1
30512,LPLC2,left,515971,LPLC2,left,1
30512,LPLC2,left,526286,LC4,left,1
30803,LC4,right,10584,DNp06,right,1
30803,LC4,right,17668,LC4,right,1
30803,LC4,right,17860,LC4,right,1
30803,LC4,right,17926,LC4,right,1
30803,LC4,right,18127,LC4,right,1
30803,LC4,right,19550,LC4,right,1
30803,LC4,right,20808,LC4,right,1
31105,LPLC2,left,23665,LPLC2,left,1
31105,LPLC2,left,25027,LPLC2,left,1
31105,LPLC2,left,25286,LPLC2,left,1
31563,LPLC2,left,35294,LPLC2,left,1
31563,LPLC2,left,20440,LC4,left,1
31563,LPLC2,left,23550,LPLC2,left,1
31563,LPLC2,left,25209,LPLC2,left,1
31563,LPLC2,left,26416,LPLC2,left,1
31563,LPLC2,left,29319,LPLC2,left,1
31563,LPLC2,left,29955,LPLC2,left,1
31563,LPLC2,left,30512,LPLC2,left,1
31563,LPLC2,left,41097,LPLC2,left,1
31563,LPLC2,left,19787,LPLC2,left,1
31563,LPLC2,left,129687,LPLC2,left,1
31563,LPLC2,left,514508,LC4,left,1
31563,LPLC2,left,517078,LPLC2,left,1
31563,LPLC2,left,517079,LPLC2,left,1
31563,LPLC2,left,533895,LPLC2,left,1
31563,LPLC2,left,536444,LPLC2,left,1
31964,LPLC2,right,14465,LPLC2,right,1
31563,LPLC2,left,19830,LPLC2,left,1
31563,LPLC2,left,18936,LPLC2,left,1
31105,LPLC2,left,25572,LPLC2,left,1
31429,LC4,left,33137,LC4,left,1
31429,LC4,left,23226,LC4,left,1
31429,LC4,left,23226,LC4,left,1
31429,LC4,left,24840,LPLC2,left,1
31429,LC4,left,27716,LPLC2,left,1
31429,LC4,left,27750,LC4,left,1
31429,LC4,left,28980,LC4,left,1
31429,LC4,left,31301,LC4,left,1
31429,LC4,left,35616,LC4,left,1
31563,LPLC2,left,17544,LPLC2,left,1
31429,LC4,left,37587,LC4,left,1
31429,LC4,left,512705,LC4,left,1
31429,LC4,left,518016,LC4,left,1
31429,LC4,left,518544,LC4,left,1
31429,LC4,left,530029,LC4,left,1
31563,LPLC2,left,12384,LPLC2,left,1
31563,LPLC2,left,14030,LPLC2,left,1
31964,LPLC2,right,19842,LPLC2,right,1
31964,LPLC2,right,20749,LPLC2,right,1
31964,LPLC2,right,21562,LPLC2,right,1
31988,LPLC2,right,22677,LPLC2,right,1
31988,LPLC2,right,19146,LPLC2,right,1
31988,LPLC2,right,19229,LPLC2,right,1
31988,LPLC2,right,20182,LPLC2,right,1
31988,LPLC2,right,20269,LPLC2,right,1
31988,LPLC2,right,20535,LPLC2,right,1
31988,LPLC2,right,20694,LPLC2,right,1
31988,LPLC2,right,21318,LPLC2,right,1
31988,LPLC2,right,23878,LPLC2,right,1
31964,LPLC2,right,21899,LPLC2,right,1
31988,LPLC2,right,24800,LPLC2,right,1
31988,LPLC2,right,25316,LPLC2,right,1
31988,LPLC2,right,25497,LPLC2,right,1
31988,LPLC2,right,25511,LPLC2,right,1
31988,LPLC2,right,32507,LPLC2,right,1
31988,LPLC2,right,33396,LPLC2,right,1
31988,LPLC2,right,34681,LPLC2,right,1
31988,LPLC2,right,18672,LPLC2,right,1
31988,LPLC2,right,14465,LPLC2,right,1
31964,LPLC2,right,55627,LPLC2,right,1
31964,LPLC2,right,50287,LPLC2,right,1
31964,LPLC2,right,23878,LPLC2,right,1
31964,LPLC2,right,25636,LPLC2,right,1
31964,LPLC2,right,26112,LC4,right,1
31964,LPLC2,right,27471,LPLC2,right,1
31964,LPLC2,right,28003,LPLC2,right,1
31964,LPLC2,right,28741,LPLC2,right,1
31964,LPLC2,right,29873,LPLC2,right,1
31964,LPLC2,right,30938,LPLC2,right,1
31964,LPLC2,right,31257,LPLC2,right,1
31964,LPLC2,right,32507,LPLC2,right,1
31964,LPLC2,right,33694,LPLC2,right,1
31964,LPLC2,right,35632,LPLC2,right,1
31964,LPLC2,right,35838,LPLC2,right,1
31964,LPLC2,right,37613,LPLC2,right,1
31964,LPLC2,right,39620,LPLC2,right,1
31429,LC4,left,18432,LC4,left,1
31429,LC4,left,18432,LC4,left,1
31429,LC4,left,17608,LC4,left,1
31257,LPLC2,right,23878,LPLC2,right,1
31257,LPLC2,right,20047,LPLC2,right,1
31257,LPLC2,right,20694,LPLC2,right,1
31257,LPLC2,right,21318,LPLC2,right,1
31257,LPLC2,right,21899,LPLC2,right,1
31257,LPLC2,right,22218,LPLC2,right,1
31257,LPLC2,right,22677,LPLC2,right,1
31257,LPLC2,right,22975,LC4,right,1
31257,LPLC2,right,24118,LPLC2,right,1
31257,LPLC2,right,35838,LPLC2,right,1
31257,LPLC2,right,25316,LPLC2,right,1
31257,LPLC2,right,25636,LPLC2,right,1
31257,LPLC2,right,26147,LPLC2,right,1
31257,LPLC2,right,29183,LPLC2,right,1
31257,LPLC2,right,33185,LPLC2,right,1
31257,LPLC2,right,33439,LPLC2,right,1
31257,LPLC2,right,34110,LPLC2,right,1
31257,LPLC2,right,19608,LPLC2,right,1
31257,LPLC2,right,19543,LC4,right,1
31257,LPLC2,right,19249,LPLC2,right,1
31257,LPLC2,right,19146,LPLC2,right,1
31105,LPLC2,left,27716,LPLC2,left,1
31105,LPLC2,left,30512,LPLC2,left,1
31105,LPLC2,left,30895,LPLC2,left,1
31105,LPLC2,left,31563,LPLC2,left,1
31105,LPLC2,left,32237,LPLC2,left,1
31105,LPLC2,left,33303,LPLC2,left,1
31105,LPLC2,left,33406,LPLC2,left,1
31105,LPLC2,left,40811,LPLC2,left,1
31105,LPLC2,left,40841,LPLC2,left,1
31105,LPLC2,left,112292,LPLC2,left,1
31105,LPLC2,left,134521,LPLC2,left,1
31105,LPLC2,left,517078,LPLC2,left,1
31257,LPLC2,right,14465,LPLC2,right,1
31257,LPLC2,right,18672,LPLC2,right,1
31257,LPLC2,right,19034,LPLC2,right,1
31257,LPLC2,right,34681,LPLC2,right,1
31257,LPLC2,right,39620,LPLC2,right,1
31429,LC4,left,15018,LC4,left,1
31308,LC4,left,20976,LC4,left,1
31301,LC4,left,512705,LC4,left,1
31301,LC4,left,515900,LC4,left,1
31301,LC4,left,518016,LC4,left,1
31301,LC4,left,518544,LC4,left,1
31301,LC4,left,519650,LC4,left,1
31308,LC4,left,17478,LC4,left,1
31308,LC4,left,17653,LC4,left,1
31308,LC4,left,29417,LC4,left,1
31262,LC4,right,16128,LC4,right,1
31308,LC4,left,29469,LC4,left,1
31308,LC4,left,511914,LC4,left,1
31308,LC4,left,514508,LC4,left,1
31308,LC4,left,518016,LC4,left,1
31308,LC4,left,518544,LC4,left,1
31308,LC4,left,518730,LC4,left,1
31308,LC4,left,518983,LC4,left,1
31301,LC4,left,35262,LC4,left,1
31301,LC4,left,34845,LC4,left,1
31301,LC4,left,27624,LC4,left,1
31301,LC4,left,23202,LC4,left,1
31262,LC4,right,17266,LC4,right,1
31262,LC4,right,18189,LC4,right,1
31262,LC4,right,19260,LC4,right,1
31262,LC4,right,19543,LC4,right,1
31262,LC4,right,19954,LC4,right,1
31262,LC4,right,21313,LC4,right,1
31262,LC4,right,21336,LC4,right,1
31262,LC4,right,22034,LC4,right,1
31262,LC4,right,23098,LC4,right,1
31262,LC4,right,23878,LPLC2,right,1
31262,LC4,right,24800,LPLC2,right,1
31262,LC4,right,27566,LPLC2,right,1
31262,LC4,right,35632,LPLC2,right,1
31301,LC4,left,17270,LC4,left,1
31301,LC4,left,20976,LC4,left,1
28003,LPLC2,right,37431,LPLC2,right,1
28003,LPLC2,right,37431,LPLC2,right,1
28003,LPLC2,right,35838,LPLC2,right,1
24800,LPLC2,right,37431,LPLC2,right,1
24800,LPLC2,right,31257,LPLC2,right,1
24800,LPLC2,right,31262,LC4,right,1
24800,LPLC2,right,33396,LPLC2,right,1
24800,LPLC2,right,33439,LPLC2,right,1
24800,LPLC2,right,35632,LPLC2,right,1
24800,LPLC2,right,35838,LPLC2,right,1
24800,LPLC2,right,37431,LPLC2,right,1
24800,LPLC2,right,38065,LC4,right,1
24800,LPLC2,right,29986,LPLC2,right,1
24800,LPLC2,right,55627,LPLC2,right,1
24840,LPLC2,left,12384,LPLC2,left,1
24840,LPLC2,left,15804,LPLC2,left,1
24840,LPLC2,left,17544,LPLC2,left,1
24840,LPLC2,left,17774,LPLC2,left,1
24840,LPLC2,left,17880,LPLC2,left,1
24840,LPLC2,left,18900,LPLC2,left,1
24800,LPLC2,right,30041,LPLC2,right,1
24800,LPLC2,right,29873,LPLC2,right,1
24605,LPLC2,left,520764,LPLC2,left,1
24800,LPLC2,right,22677,LPLC2,right,1
24800,LPLC2,right,17668,LC4,right,1
24800,LPLC2,right,18127,LC4,right,1
24800,LPLC2,right,18929,LPLC2,right,1
24800,LPLC2,right,19146,LPLC2,right,1
24800,LPLC2,right,20334,LPLC2,right,1
24800,LPLC2,right,20694,LPLC2,right,1
24800,LPLC2,right,21862,LPLC2,right,1
24800,LPLC2,right,23878,LPLC2,right,1
24800,LPLC2,right,29598,LPLC2,right,1
24800,LPLC2,right,24268,LPLC2,right,1
24800,LPLC2,right,25497,LPLC2,right,1
24800,LPLC2,right,25636,LPLC2,right,1
24800,LPLC2,right,27471,LPLC2,right,1
24800,LPLC2,right,27566,LPLC2,right,1
24800,LPLC2,right,28003,LPLC2,right,1
24800,LPLC2,right,28003,LPLC2,right,1
24840,LPLC2,left,20572,LC4,left,1
24840,LPLC2,left,25136,LPLC2,left,1
24840,LPLC2,left,25209,LPLC2,left,1
25027,LPLC2,left,25524,LPLC2,left,1
25027,LPLC2,left,18900,LPLC2,left,1
25027,LPLC2,left,18936,LPLC2,left,1
25027,LPLC2,left,19787,LPLC2,left,1
25027,LPLC2,left,19911,LPLC2,left,1
25027,LPLC2,left,20240,LPLC2,left,1
25027,LPLC2,left,20329,LPLC2,left,1
25027,LPLC2,left,23919,LPLC2,left,1
25027,LPLC2,left,25572,LPLC2,left,1
24840,LPLC2,left,27023,LPLC2,left,1
25027,LPLC2,left,27796,LPLC2,left,1
25027,LPLC2,left,29815,LPLC2,left,1
25027,LPLC2,left,29955,LPLC2,left,1
25027,LPLC2,left,30512,LPLC2,left,1
25027,LPLC2,left,31105,LPLC2,left,1
25027,LPLC2,left,33406,LPLC2,left,1
25027,LPLC2,left,35294,LPLC2,left,1
25027,LPLC2,left,17775,LPLC2,left,1
24840,LPLC2,left,531014,LPLC2,left,1
24840,LPLC2,left,518731,LPLC2,left,1
24840,LPLC2,left,517078,LPLC2,left,1
24840,LPLC2,left,27399,LPLC2,left,1
24840,LPLC2,left,27399,LPLC2,left,1
24840,LPLC2,left,27716,LPLC2,left,1
24840,LPLC2,left,27716,LPLC2,left,1
24840,LPLC2,left,28188,LPLC2,left,1
24840,LPLC2,left,29815,LPLC2,left,1
24840,LPLC2,left,30512,LPLC2,left,1
24840,LPLC2,left,31429,LC4,left,1
24840,LPLC2,left,31563,LPLC2,left,1
24840,LPLC2,left,32737,LPLC2,left,1
24840,LPLC2,left,34407,LPLC2,left,1
24840,LPLC2,left,35616,LC4,left,1
24840,LPLC2,left,40841,LPLC2,left,1
24840,LPLC2,left,95241,LPLC2,left,1
24840,LPLC2,left,515971,LPLC2,left,1
24800,LPLC2,right,16128,LC4,right,1
24605,LPLC2,left,517078,LPLC2,left,1
24401,LPLC2,right,26112,LC4,right,1
24568,LPLC2,left,19911,LPLC2,left,1
24523,LC4,left,518983,LC4,left,1
24568,LPLC2,left,11498,LPLC2,left,1
24568,LPLC2,left,15804,LPLC2,left,1
24568,LPLC2,left,17775,LPLC2,left,1
24568,LPLC2,left,17880,LPLC2,left,1
24568,LPLC2,left,17990,LPLC2,left,1
24568,LPLC2,left,18936,LPLC2,left,1
24568,LPLC2,left,20799,LPLC2,left,1
24523,LC4,left,514508,LC4,left,1
24568,LPLC2,left,20976,LC4,left,1
24568,LPLC2,left,23247,LPLC2,left,1
24568,LPLC2,left,24605,LPLC2,left,1
24568,LPLC2,left,27716,LPLC2,left,1
24568,LPLC2,left,28011,LPLC2,left,1
24568,LPLC2,left,28188,LPLC2,left,1
24568,LPLC2,left,31308,LC4,left,1
24523,LC4,left,518544,LC4,left,1
24523,LC4,left,100485,LC4,left,1
24605,LPLC2,left,40841,LPLC2,left,1
24401,LPLC2,right,35680,LPLC2,right,1
24401,LPLC2,right,28741,LPLC2,right,1
24401,LPLC2,right,29873,LPLC2,right,1
24401,LPLC2,right,29986,LPLC2,right,1
24401,LPLC2,right,30480,LC4,right,1
24401,LPLC2,right,32507,LPLC2,right,1
24401,LPLC2,right,33694,LPLC2,right,1
24401,LPLC2,right,34681,LPLC2,right,1
24401,LPLC2,right,37431,LPLC2,right,1
24523,LC4,left,29469,LC4,left,1
24401,LPLC2,right,37613,LPLC2,right,1
24401,LPLC2,right,37925,LPLC2,right,1
24401,LPLC2,right,39620,LPLC2,right,1
24401,LPLC2,right,50287,LPLC2,right,1
24401,LPLC2,right,55627,LPLC2,right,1
24523,LC4,left,12349,LC4,left,1
24523,LC4,left,17880,LPLC2,left,1
24568,LPLC2,left,32237,LPLC2,left,1
24568,LPLC2,left,33406,LPLC2,left,1
24568,LPLC2,left,34407,LPLC2,left,1
24605,LPLC2,left,27355,LPLC2,left,1
24605,LPLC2,left,23550,LPLC2,left,1
24605,LPLC2,left,23919,LPLC2,left,1
24605,LPLC2,left,24308,LPLC2,left,1
24605,LPLC2,left,25286,LPLC2,left,1
24605,LPLC2,left,25524,LPLC2,left,1
24605,LPLC2,left,25572,LPLC2,left,1
24605,LPLC2,left,26528,LPLC2,left,1
24605,LPLC2,left,27716,LPLC2,left,1
24568,LPLC2,left,35616,LC4,left,1
24605,LPLC2,left,29702,LPLC2,left,1
24605,LPLC2,left,29815,LPLC2,left,1
24605,LPLC2,left,30512,LPLC2,left,1
24605,LPLC2,left,30893,LPLC2,left,1
24605,LPLC2,left,31563,LPLC2,left,1
24605,LPLC2,left,33965,LPLC2,left,1
24605,LPLC2,left,35294,LPLC2,left,1
24605,LPLC2,left,23349,LPLC2,left,1
24605,LPLC2,left,21361,LPLC2,left,1
24605,LPLC2,left,21299,LPLC2,left,1
24605,LPLC2,left,20799,LPLC2,left,1
24568,LPLC2,left,35616,LC4,left,1
24568,LPLC2,left,40811,LPLC2,left,1
24568,LPLC2,left,129687,LPLC2,left,1
24568,LPLC2,left,512705,LC4,left,1
24568,LPLC2,left,515971,LPLC2,left,1
24568,LPLC2,left,517079,LPLC2,left,1
24568,LPLC2,left,518544,LC4,left,1
24568,LPLC2,left,519650,LC4,left,1
24568,LPLC2,left,525844,LPLC2,left,1
24605,LPLC2,left,13764,LPLC2,left,1
24605,LPLC2,left,17478,LC4,left,1
24605,LPLC2,left,17774,LPLC2,left,1
24605,LPLC2,left,18900,LPLC2,left,1
24605,LPLC2,left,19787,LPLC2,left,1
24605,LPLC2,left,19911,LPLC2,left,1
25027,LPLC2,left,37587,LC4,left,1
25027,LPLC2,left,40841,LPLC2,left,1
25027,LPLC2,left,112292,LPLC2,left,1
25286,LPLC2,left,13726,LPLC2,left,1
25267,LPLC2,right,35632,LPLC2,right,1
25267,LPLC2,right,35680,LPLC2,right,1
25267,LPLC2,right,35838,LPLC2,right,1
25267,LPLC2,right,35838,LPLC2,right,1
25267,LPLC2,right,38542,LPLC2,right,1
25286,LPLC2,left,12384,LPLC2,left,1
25286,LPLC2,left,13132,LPLC2,left,1
25286,LPLC2,left,14102,LPLC2,left,1
25267,LPLC2,right,33694,LPLC2,right,1
25286,LPLC2,left,14888,LC4,left,1
25286,LPLC2,left,17059,LPLC2,left,1
25286,LPLC2,left,17478,LC4,left,1
25286,LPLC2,left,18900,LPLC2,left,1
25286,LPLC2,left,19787,LPLC2,left,1
25286,LPLC2,left,23919,LPLC2,left,1
25286,LPLC2,left,24308,LPLC2,left,1
25267,LPLC2,right,34110,LPLC2,right,1
25267,LPLC2,right,33439,LPLC2,right,1
25027,LPLC2,left,517079,LPLC2,left,1
25267,LPLC2,right,21899,LPLC2,right,1
25267,LPLC2,right,20673,LC4,right,1
25267,LPLC2,right,20808,LC4,right,1
25267,LPLC2,right,20917,LC4,right,1
25267,LPLC2,right,21045,LPLC2,right,1
25267,LPLC2,right,21225,LC4,right,1
25267,LPLC2,right,21562,LPLC2,right,1
25267,LPLC2,right,21862,LPLC2,right,1
25267,LPLC2,right,24268,LPLC2,right,1
25267,LPLC2,right,31964,LPLC2,right,1
25267,LPLC2,right,24800,LPLC2,right,1
25267,LPLC2,right,25253,LPLC2,right,1
25267,LPLC2,right,25584,LC4,right,1
25267,LPLC2,right,28871,LPLC2,right,1
25267,LPLC2,right,29014,LPLC2,right,1
25267,LPLC2,right,29183,LPLC2,right,1
25267,LPLC2,right,30041,LPLC2,right,1
25286,LPLC2,left,24605,LPLC2,left,1
25286,LPLC2,left,25572,LPLC2,left,1
25286,LPLC2,left,25575,LPLC2,left,1
25316,LPLC2,right,20471,LPLC2,right,1
25316,LPLC2,right,19549,LPLC2,right,1
25316,LPLC2,right,19589,LPLC2,right,1
25316,LPLC2,right,19608,LPLC2,right,1
25316,LPLC2,right,19842,LPLC2,right,1
25316,LPLC2,right,20047,LPLC2,right,1
25316,LPLC2,right,20182,LPLC2,right,1
25316,LPLC2,right,20334,LPLC2,right,1
25316,LPLC2,right,20584,LPLC2,right,1
25286,LPLC2,left,27399,LPLC2,left,1
25316,LPLC2,right,20808,LC4,right,1
25316,LPLC2,right,21336,LC4,right,1
25316,LPLC2,right,21703,LPLC2,right,1
25316,LPLC2,right,21862,LPLC2,right,1
25316,LPLC2,right,22261,LPLC2,right,1
25316,LPLC2,right,23098,LC4,right,1
25316,LPLC2,right,23878,LPLC2,right,1
25316,LPLC2,right,19249,LPLC2,right,1
25316,LPLC2,right,17926,LC4,right,1
25316,LPLC2,right,16138,LC4,right,1
25316,LPLC2,right,16128,LC4,right,1
25286,LPLC2,left,29702,LPLC2,left,1
25286,LPLC2,left,29753,LPLC2,left,1
25286,LPLC2,left,29815,LPLC2,left,1
25286,LPLC2,left,30512,LPLC2,left,1
25286,LPLC2,left,30895,LPLC2,left,1
25286,LPLC2,left,31105,LPLC2,left,1
25286,LPLC2,left,33303,LPLC2,left,1
25286,LPLC2,left,33406,LPLC2,left,1
25286,LPLC2,left,33965,LPLC2,left,1
25286,LPLC2,left,77614,LC4,left,1
25286,LPLC2,left,81112,LC4,left,1
25286,LPLC2,left,129687,LPLC2,left,1
25286,LPLC2,left,531014,LPLC2,left,1
25286,LPLC2,left,533895,LPLC2,left,1
25316,LPLC2,right,14465,LPLC2,right,1
25267,LPLC2,right,20588,LC4,right,1
25267,LPLC2,right,20584,LPLC2,right,1
25267,LPLC2,right,20535,LPLC2,right,1
25209,LPLC2,left,11498,LPLC2,left,1
25136,LPLC2,left,40841,LPLC2,left,1
25136,LPLC2,left,100103,LPLC2,left,1
25136,LPLC2,left,129687,LPLC2,left,1
25136,LPLC2,left,514670,LPLC2,left,1
25136,LPLC2,left,519650,LC4,left,1
25136,LPLC2,left,520764,LPLC2,left,1
25136,LPLC2,left,521115,LPLC2,left,1
25209,LPLC2,left,15804,LPLC2,left,1
25209,LPLC2,left,29417,LC4,left,1
25209,LPLC2,left,17544,LPLC2,left,1
25209,LPLC2,left,19830,LPLC2,left,1
25209,LPLC2,left,19911,LPLC2,left,1
25209,LPLC2,left,20240,LPLC2,left,1
25209,LPLC2,left,23550,LPLC2,left,1
25209,LPLC2,left,24840,LPLC2,left,1
25209,LPLC2,left,25027,LPLC2,left,1
25136,LPLC2,left,33406,LPLC2,left,1
25136,LPLC2,left,33303,LPLC2,left,1
25136,LPLC2,left,32237,LPLC2,left,1
25136,LPLC2,left,29319,LPLC2,left,1
25136,LPLC2,left,12384,LPLC2,left,1
25136,LPLC2,left,13726,LPLC2,left,1
25136,LPLC2,left,13764,LPLC2,left,1
25136,LPLC2,left,14030,LPLC2,left,1
25136,LPLC2,left,14102,LPLC2,left,1
25136,LPLC2,left,15804,LPLC2,left,1
25136,LPLC2,left,17608,LC4,left,1
25136,LPLC2,left,17774,LPLC2,left,1
25136,LPLC2,left,19911,LPLC2,left,1
25136,LPLC2,left,20240,LPLC2,left,1
25136,LPLC2,left,20799,LPLC2,left,1
25136,LPLC2,left,21299,LPLC2,left,1
25136,LPLC2,left,22922,LC4,left,1
25136,LPLC2,left,24840,LPLC2,left,1
25136,LPLC2,left,27750,LC4,left,1
25209,LPLC2,left,25854,LPLC2,left,1
25209,LPLC2,left,30895,LPLC2,left,1
25267,LPLC2,right,20103,LPLC2,right,1
25267,LPLC2,right,14465,LPLC2,right,1
25253,LPLC2,right,29014,LPLC2,right,1
25253,LPLC2,right,31964,LPLC2,right,1
25253,LPLC2,right,32507,LPLC2,right,1
25253,LPLC2,right,34110,LPLC2,right,1
25253,LPLC2,right,35889,LPLC2,right,1
25253,LPLC2,right,37431,LPLC2,right,1
25253,LPLC2,right,55627,LPLC2,right,1
25267,LPLC2,right,18189,LC4,right,1
25209,LPLC2,left,32737,LPLC2,left,1
25267,LPLC2,right,18929,LPLC2,right,1
25267,LPLC2,right,19146,LPLC2,right,1
25267,LPLC2,right,19249,LPLC2,right,1
25267,LPLC2,right,19549,LPLC2,right,1
25267,LPLC2,right,19549,LPLC2,right,1
25267,LPLC2,right,19550,LC4,right,1
25267,LPLC2,right,19794,LC4,right,1
25253,LPLC2,right,27471,LPLC2,right,1
25253,LPLC2,right,24338,LC4,right,1
25253,LPLC2,right,22034,LC4,right,1
25253,LPLC2,right,21165,LC4,right,1
25209,LPLC2,left,34655,LPLC2,left,1
25209,LPLC2,left,37587,LC4,left,1
25209,LPLC2,left,95241,LPLC2,left,1
25209,LPLC2,left,111903,LPLC2,left,1
25209,LPLC2,left,511914,LC4,left,1
25209,LPLC2,left,517078,LPLC2,left,1
25209,LPLC2,left,521115,LPLC2,left,1
25253,LPLC2,right,17987,LC4,right,1
25253,LPLC2,right,19034,LPLC2,right,1
25253,LPLC2,right,19146,LPLC2,right,1
25253,LPLC2,right,19249,LPLC2,right,1
25253,LPLC2,right,20334,LPLC2,right,1
25253,LPLC2,right,20542,LC4,right,1
25253,LPLC2,right,20584,LPLC2,right,1
25253,LPLC2,right,21045,LPLC2,right,1
24401,LPLC2,right,26393,LPLC2,right,1
24401,LPLC2,right,25636,LPLC2,right,1
28003,LPLC2,right,34681,LPLC2,right,1
23665,LPLC2,left,26528,LPLC2,left,1
23665,LPLC2,left,20329,LPLC2,left,1
23665,LPLC2,left,20799,LPLC2,left,1
23665,LPLC2,left,23247,LPLC2,left,1
23665,LPLC2,left,24523,LC4,left,1
23665,LPLC2,left,25136,LPLC2,left,1
23665,LPLC2,left,25286,LPLC2,left,1
23665,LPLC2,left,25575,LPLC2,left,1
23665,LPLC2,left,29319,LPLC2,left,1
23665,LPLC2,left,17774,LPLC2,left,1
23665,LPLC2,left,31105,LPLC2,left,1
23665,LPLC2,left,31301,LC4,left,1
23665,LPLC2,left,32737,LPLC2,left,1
23665,LPLC2,left,34407,LPLC2,left,1
23665,LPLC2,left,40811,LPLC2,left,1
23665,LPLC2,left,100103,LPLC2,left,1
23665,LPLC2,left,516909,LC4,left,1
23665,LPLC2,left,19911,LPLC2,left,1
23665,LPLC2,left,17270,LC4,left,1
23590,LPLC2,right,19229,LPLC2,right,1
23590,LPLC2,right,27566,LPLC2,right,1
23590,LPLC2,right,20694,LPLC2,right,1
23590,LPLC2,right,21808,LPLC2,right,1
23590,LPLC2,right,21808,LPLC2,right,1
23590,LPLC2,right,21899,LPLC2,right,1
23590,LPLC2,right,22975,LC4,right,1
23590,LPLC2,right,26730,LPLC2,right,1
23590,LPLC2,right,26915,LPLC2,right,1
23590,LPLC2,right,29183,LPLC2,right,1
23665,LPLC2,left,14888,LC4,left,1
23590,LPLC2,right,29986,LPLC2,right,1
23590,LPLC2,right,31988,LPLC2,right,1
23590,LPLC2,right,33185,LPLC2,right,1
23590,LPLC2,right,34110,LPLC2,right,1
23590,LPLC2,right,35680,LPLC2,right,1
23590,LPLC2,right,55627,LPLC2,right,1
23665,LPLC2,left,14030,LPLC2,left,1
23665,LPLC2,left,518731,LPLC2,left,1
23665,LPLC2,left,531014,LPLC2,left,1
23665,LPLC2,left,535341,LC4,left,1
23878,LPLC2,right,29391,LPLC2,right,1
23878,LPLC2,right,21045,LPLC2,right,1
23878,LPLC2,right,21769,LPLC2,right,1
23878,LPLC2,right,22677,LPLC2,right,1
23878,LPLC2,right,23590,LPLC2,right,1
23878,LPLC2,right,24118,LPLC2,right,1
23878,LPLC2,right,24800,LPLC2,right,1
23878,LPLC2,right,25511,LPLC2,right,1
23878,LPLC2,right,29986,LPLC2,right,1
23665,LPLC2,left,536444,LPLC2,left,1
23878,LPLC2,right,31257,LPLC2,right,1
23878,LPLC2,right,31262,LC4,right,1
23878,LPLC2,right,31988,LPLC2,right,1
23878,LPLC2,right,33439,LPLC2,right,1
23878,LPLC2,right,34681,LPLC2,right,1
23878,LPLC2,right,35838,LPLC2,right,1
23878,LPLC2,right,38542,LPLC2,right,1
23878,LPLC2,right,20471,LPLC2,right,1
23878,LPLC2,right,19146,LPLC2,right,1
23878,LPLC2,right,18929,LPLC2,right,1
23878,LPLC2,right,17054,LC4,right,1
23792,LC4,right,16138,LC4,right,1
23792,LC4,right,17266,LC4,right,1
23792,LC4,right,17364,LC4,right,1
23792,LC4,right,17668,LC4,right,1
23792,LC4,right,17860,LC4,right,1
23792,LC4,right,17987,LC4,right,1
23792,LC4,right,19420,LC4,right,1
23792,LC4,right,19550,LC4,right,1
23792,LC4,right,19634,LC4,right,1
23792,LC4,right,19954,LC4,right,1
23792,LC4,right,22034,LC4,right,1
23792,LC4,right,22847,LC4,right,1
23792,LC4,right,30803,LC4,right,1
23792,LC4,right,31262,LC4,right,1
23792,LC4,right,31964,LPLC2,right,1
23590,LPLC2,right,19589,LPLC2,right,1
23590,LPLC2,right,19146,LPLC2,right,1
24401,LPLC2,right,25584,LC4,right,1
23497,LPLC2,right,18127,LC4,right,1
23392,LC4,right,19794,LC4,right,1
23392,LC4,right,20471,LPLC2,right,1
23392,LC4,right,21804,LC4,right,1
23392,LC4,right,25584,LC4,right,1
23392,LC4,right,26147,LPLC2,right,1
23392,LC4,right,30480,LC4,right,1
23497,LPLC2,right,17548,LC4,right,1
23497,LPLC2,right,19249,LPLC2,right,1
23392,LC4,right,17860,LC4,right,1
23497,LPLC2,right,19549,LPLC2,right,1
23497,LPLC2,right,19608,LPLC2,right,1
23497,LPLC2,right,20103,LPLC2,right,1
23497,LPLC2,right,20542,LC4,right,1
23497,LPLC2,right,21151,LC4,right,1
23497,LPLC2,right,22966,LC4,right,1
23497,LPLC2,right,25584,LC4,right,1
23392,LC4,right,19260,LC4,right,1
23392,LC4,right,16128,LC4,right,1
23590,LPLC2,right,17266,LC4,right,1
23349,LPLC2,left,32737,LPLC2,left,1
23349,LPLC2,left,25209,LPLC2,left,1
23349,LPLC2,left,25524,LPLC2,left,1
23349,LPLC2,left,25575,LPLC2,left,1
23349,LPLC2,left,27796,LPLC2,left,1
23349,LPLC2,left,29753,LPLC2,left,1
23349,LPLC2,left,29815,LPLC2,left,1
23349,LPLC2,left,32223,LPLC2,left,1
23349,LPLC2,left,33406,LPLC2,left,1
23349,LPLC2,left,517819,LPLC2,left,1
23349,LPLC2,left,34051,LPLC2,left,1
23349,LPLC2,left,34655,LPLC2,left,1
23349,LPLC2,left,35294,LPLC2,left,1
23349,LPLC2,left,35616,LC4,left,1
23349,LPLC2,left,100103,LPLC2,left,1
23349,LPLC2,left,111903,LPLC2,left,1
23349,LPLC2,left,516909,LC4,left,1
23497,LPLC2,right,25636,LPLC2,right,1
23497,LPLC2,right,26147,LPLC2,right,1
23497,LPLC2,right,28044,LPLC2,right,1
23550,LPLC2,left,100103,LPLC2,left,1
23550,LPLC2,left,30512,LPLC2,left,1
23550,LPLC2,left,30893,LPLC2,left,1
23550,LPLC2,left,30895,LPLC2,left,1
23550,LPLC2,left,34051,LPLC2,left,1
23550,LPLC2,left,35262,LC4,left,1
23550,LPLC2,left,35262,LC4,left,1
23550,LPLC2,left,41097,LPLC2,left,1
23550,LPLC2,left,515971,LPLC2,left,1
23497,LPLC2,right,29873,LPLC2,right,1
23550,LPLC2,left,517078,LPLC2,left,1
23550,LPLC2,left,517752,LC4,left,1
23550,LPLC2,left,518544,LC4,left,1
23550,LPLC2,left,518731,LPLC2,left,1
23550,LPLC2,left,520764,LPLC2,left,1
23550,LPLC2,left,524366,LPLC2,left,1
23550,LPLC2,left,533895,LPLC2,left,1
23550,LPLC2,left,29469,LC4,left,1
23550,LPLC2,left,28188,LPLC2,left,1
23550,LPLC2,left,28011,LPLC2,left,1
23550,LPLC2,left,27624,LC4,left,1
23497,LPLC2,right,32507,LPLC2,right,1
23497,LPLC2,right,33439,LPLC2,right,1
23497,LPLC2,right,35838,LPLC2,right,1
23497,LPLC2,right,35889,LPLC2,right,1
23550,LPLC2,left,12384,LPLC2,left,1
23550,LPLC2,left,13132,LPLC2,left,1
23550,LPLC2,left,16809,LC4,left,1
23550,LPLC2,left,18396,LC4,left,1
23550,LPLC2,left,18936,LPLC2,left,1
23550,LPLC2,left,23349,LPLC2,left,1
23550,LPLC2,left,24605,LPLC2,left,1
23550,LPLC2,left,25575,LPLC2,left,1
23550,LPLC2,left,25854,LPLC2,left,1
23550,LPLC2,left,26416,LPLC2,left,1
23550,LPLC2,left,27399,LPLC2,left,1
23878,LPLC2,right,50287,LPLC2,right,1
23919,LPLC2,left,13726,LPLC2,left,1
23919,LPLC2,left,15804,LPLC2,left,1
24308,LPLC2,left,29955,LPLC2,left,1
24308,LPLC2,left,19787,LPLC2,left,1
24308,LPLC2,left,20240,LPLC2,left,1
24308,LPLC2,left,20967,LC4,left,1
24308,LPLC2,left,25524,LPLC2,left,1
24308,LPLC2,left,27023,LPLC2,left,1
24308,LPLC2,left,27829,LC4,left,1
24308,LPLC2,left,29753,LPLC2,left,1
24308,LPLC2,left,31308,LC4,left,1
24308,LPLC2,left,17544,LPLC2,left,1
24308,LPLC2,left,31429,LC4,left,1
24308,LPLC2,left,34407,LPLC2,left,1
24308,LPLC2,left,129687,LPLC2,left,1
24308,LPLC2,left,134521,LPLC2,left,1
24308,LPLC2,left,514670,LPLC2,left,1
24308,LPLC2,left,515971,LPLC2,left,1
24308,LPLC2,left,518730,LC4,left,1
24308,LPLC2,left,17990,LPLC2,left,1
24308,LPLC2,left,15804,LPLC2,left,1
23919,LPLC2,left,17774,LPLC2,left,1
24268,LPLC2,right,28003,LPLC2,right,1
24268,LPLC2,right,21808,LPLC2,right,1
24268,LPLC2,right,24187,LPLC2,right,1
24268,LPLC2,right,24187,LPLC2,right,1
24268,LPLC2,right,24800,LPLC2,right,1
24268,LPLC2,right,25267,LPLC2,right,1
24268,LPLC2,right,25636,LPLC2,right,1
24268,LPLC2,right,26915,LPLC2,right,1
24268,LPLC2,right,29873,LPLC2,right,1
24308,LPLC2,left,14102,LPLC2,left,1
24268,LPLC2,right,30041,LPLC2,right,1
24268,LPLC2,right,30803,LC4,right,1
24268,LPLC2,right,30938,LPLC2,right,1
24268,LPLC2,right,34110,LPLC2,right,1
24268,LPLC2,right,34372,LPLC2,right,1
24268,LPLC2,right,34681,LPLC2,right,1
24308,LPLC2,left,14030,LPLC2,left,1
24308,LPLC2,left,533129,LC4,left,1
24338,LC4,right,16628,LC4,right,1
24338,LC4,right,17054,LC4,right,1
24401,LPLC2,right,19634,LC4,right,1
24338,LC4,right,31262,LC4,right,1
24338,LC4,right,527408,LC4,right,1
24401,LPLC2,right,17551,LPLC2,right,1
24401,LPLC2,right,18672,LPLC2,right,1
24401,LPLC2,right,19034,LPLC2,right,1
24401,LPLC2,right,19034,LPLC2,right,1
24401,LPLC2,right,19549,LPLC2,right,1
24401,LPLC2,right,19842,LPLC2,right,1
24338,LC4,right,17364,LC4,right,1
24401,LPLC2,right,20334,LPLC2,right,1
24401,LPLC2,right,20749,LPLC2,right,1
24401,LPLC2,right,21562,LPLC2,right,1
24401,LPLC2,right,22677,LPLC2,right,1
24401,LPLC2,right,22966,LC4,right,1
24401,LPLC2,right,23392,LC4,right,1
24401,LPLC2,right,24118,LPLC2,right,1
24338,LC4,right,28945,LC4,right,1
24338,LC4,right,27566,LPLC2,right,1
24338,LC4,right,25253,LPLC2,right,1
24338,LC4,right,23792,LC4,right,1
24338,LC4,right,17668,LC4,right,1
24338,LC4,right,17860,LC4,right,1
24338,LC4,right,19420,LC4,right,1
24338,LC4,right,19954,LC4,right,1
24338,LC4,right,20016,LC4,right,1
24338,LC4,right,20542,LC4,right,1
24338,LC4,right,20917,LC4,right,1
24338,LC4,right,21165,LC4,right,1
24338,LC4,right,21287,LC4,right,1
24338,LC4,right,21313,LC4,right,1
24338,LC4,right,21562,LPLC2,right,1
24338,LC4,right,21804,LC4,right,1
24338,LC4,right,22328,LC4,right,1
24338,LC4,right,22847,LC4,right,1
24338,LC4,right,23098,LC4,right,1
24268,LPLC2,right,21769,LPLC2,right,1
24268,LPLC2,right,20535,LPLC2,right,1
24268,LPLC2,right,20182,LPLC2,right,1
23929,LC4,right,20808,LC4,right,1
23919,LPLC2,left,518439,LC4,left,1
23929,LC4,right,10584,DNp06,right,1
23929,LC4,right,16138,LC4,right,1
23929,LC4,right,17860,LC4,right,1
23929,LC4,right,20399,LC4,right,1
23929,LC4,right,20588,LC4,right,1
23929,LC4,right,20673,LC4,right,1
23929,LC4,right,22328,LC4,right,1
23929,LC4,right,38065,LC4,right,1
23929,LC4,right,22847,LC4,right,1
23929,LC4,right,22966,LC4,right,1
23929,LC4,right,22966,LC4,right,1
23929,LC4,right,22975,LC4,right,1
23929,LC4,right,23792,LC4,right,1
23929,LC4,right,28945,LC4,right,1
23929,LC4,right,30041,LPLC2,right,1
23919,LPLC2,left,517078,LPLC2,left,1
23919,LPLC2,left,134521,LPLC2,left,1
23919,LPLC2,left,111903,LPLC2,left,1
23919,LPLC2,left,95241,LPLC2,left,1
23919,LPLC2,left,17880,LPLC2,left,1
23919,LPLC2,left,20240,LPLC2,left,1
23919,LPLC2,left,20329,LPLC2,left,1
23919,LPLC2,left,21299,LPLC2,left,1
23919,LPLC2,left,22253,LPLC2,left,1
23919,LPLC2,left,22557,LPLC2,left,1
23919,LPLC2,left,25136,LPLC2,left,1
23919,LPLC2,left,25575,LPLC2,left,1
23919,LPLC2,left,28188,LPLC2,left,1
23919,LPLC2,left,29319,LPLC2,left,1
23919,LPLC2,left,32223,LPLC2,left,1
23919,LPLC2,left,32237,LPLC2,left,1
23919,LPLC2,left,32737,LPLC2,left,1
23919,LPLC2,left,33406,LPLC2,left,1
23919,LPLC2,left,40811,LPLC2,left,1
23929,LC4,right,30480,LC4,right,1
23929,LC4,right,39620,LPLC2,right,1
24268,LPLC2,right,20162,LPLC2,right,1
24187,LPLC2,right,33439,LPLC2,right,1
24187,LPLC2,right,22261,LPLC2,right,1
24187,LPLC2,right,23929,LC4,right,1
24187,LPLC2,right,25267,LPLC2,right,1
24187,LPLC2,right,26393,LPLC2,right,1
24187,LPLC2,right,26393,LPLC2,right,1
24187,LPLC2,right,26915,LPLC2,right,1
24187,LPLC2,right,27566,LPLC2,right,1
24187,LPLC2,right,33694,LPLC2,right,1
23929,LC4,right,527408,LC4,right,1
24187,LPLC2,right,37613,LPLC2,right,1
24268,LPLC2,right,19034,LPLC2,right,1
24268,LPLC2,right,19146,LPLC2,right,1
24268,LPLC2,right,19229,LPLC2,right,1
24268,LPLC2,right,19589,LPLC2,right,1
24268,LPLC2,right,19794,LC4,right,1
24268,LPLC2,right,19842,LPLC2,right,1
24187,LPLC2,right,21318,LPLC2,right,1
24187,LPLC2,right,20182,LPLC2,right,1
24187,LPLC2,right,19842,LPLC2,right,1
24187,LPLC2,right,19549,LPLC2,right,1
24118,LPLC2,right,14465,LPLC2,right,1
24118,LPLC2,right,17860,LC4,right,1
24118,LPLC2,right,19146,LPLC2,right,1
24118,LPLC2,right,19249,LPLC2,right,1
24118,LPLC2,right,20103,LPLC2,right,1
24118,LPLC2,right,20399,LC4,right,1
24118,LPLC2,right,20542,LC4,right,1
24118,LPLC2,right,21225,LC4,right,1
24118,LPLC2,right,25253,LPLC2,right,1
24118,LPLC2,right,25511,LPLC2,right,1
24118,LPLC2,right,26147,LPLC2,right,1
24118,LPLC2,right,27471,LPLC2,right,1
24118,LPLC2,right,35680,LPLC2,right,1
24118,LPLC2,right,35889,LPLC2,right,1
24187,LPLC2,right,17548,LC4,right,1
25316,LPLC2,right,24118,LPLC2,right,1
25316,LPLC2,right,24187,LPLC2,right,1
25316,LPLC2,right,25253,LPLC2,right,1
27399,LPLC2,left,32237,LPLC2,left,1
27399,LPLC2,left,22772,LC4,left,1
27399,LPLC2,left,23550,LPLC2,left,1
27399,LPLC2,left,24840,LPLC2,left,1
27399,LPLC2,left,29753,LPLC2,left,1
27399,LPLC2,left,30893,LPLC2,left,1
27399,LPLC2,left,31429,LC4,left,1
27399,LPLC2,left,32223,LPLC2,left,1
27399,LPLC2,left,35294,LPLC2,left,1
27399,LPLC2,left,20799,LPLC2,left,1
27399,LPLC2,left,40811,LPLC2,left,1
27399,LPLC2,left,95241,LPLC2,left,1
27399,LPLC2,left,100103,LPLC2,left,1
27399,LPLC2,left,134521,LPLC2,left,1
27399,LPLC2,left,512705,LC4,left,1
27399,LPLC2,left,515971,LPLC2,left,1
27399,LPLC2,left,518731,LPLC2,left,1
27399,LPLC2,left,21299,LPLC2,left,1
27399,LPLC2,left,20240,LPLC2,left,1
27355,LPLC2,left,17059,LPLC2,left,1
27355,LPLC2,left,30895,LPLC2,left,1
27355,LPLC2,left,20799,LPLC2,left,1
27355,LPLC2,left,21299,LPLC2,left,1
27355,LPLC2,left,22253,LPLC2,left,1
27355,LPLC2,left,24308,LPLC2,left,1
27355,LPLC2,left,24568,LPLC2,left,1
27355,LPLC2,left,25575,LPLC2,left,1
27355,LPLC2,left,29815,LPLC2,left,1
27355,LPLC2,left,40811,LPLC2,left,1
27399,LPLC2,left,19787,LPLC2,left,1
27355,LPLC2,left,129687,LPLC2,left,1
27355,LPLC2,left,517819,LPLC2,left,1
27355,LPLC2,left,525844,LPLC2,left,1
27355,LPLC2,left,531014,LPLC2,left,1
27399,LPLC2,left,11498,LPLC2,left,1
27399,LPLC2,left,14030,LPLC2,left,1
27399,LPLC2,left,17775,LPLC2,left,1
27399,LPLC2,left,519650,LC4,left,1
27399,LPLC2,left,524366,LPLC2,left,1
27399,LPLC2,left,525844,LPLC2,left,1
27471,LPLC2,right,25511,LPLC2,right,1
27471,LPLC2,right,24800,LPLC2,right,1
27471,LPLC2,right,25253,LPLC2,right,1
27471,LPLC2,right,25253,LPLC2,right,1
27471,LPLC2,right,25267,LPLC2,right,1
27471,LPLC2,right,25316,LPLC2,right,1
27471,LPLC2,right,25497,LPLC2,right,1
27471,LPLC2,right,25497,LPLC2,right,1
27471,LPLC2,right,25511,LPLC2,right,1
27471,LPLC2,right,14465,LPLC2,right,1
27471,LPLC2,right,28044,LPLC2,right,1
27471,LPLC2,right,29183,LPLC2,right,1
27471,LPLC2,right,29873,LPLC2,right,1
27471,LPLC2,right,29986,LPLC2,right,1
27471,LPLC2,right,29986,LPLC2,right,1
27471,LPLC2,right,31964,LPLC2,right,1
27471,LPLC2,right,33185,LPLC2,right,1
27471,LPLC2,right,24118,LPLC2,right,1
27471,LPLC2,right,24118,LPLC2,right,1
27471,LPLC2,right,23878,LPLC2,right,1
27471,LPLC2,right,23497,LPLC2,right,1
27471,LPLC2,right,16128,LC4,right,1
27471,LPLC2,right,17054,LC4,right,1
27471,LPLC2,right,17926,LC4,right,1
27471,LPLC2,right,19034,LPLC2,right,1
27471,LPLC2,right,19549,LPLC2,right,1
27471,LPLC2,right,19589,LPLC2,right,1
27471,LPLC2,right,19842,LPLC2,right,1
27471,LPLC2,right,20162,LPLC2,right,1
27471,LPLC2,right,20471,LPLC2,right,1
27471,LPLC2,right,20917,LC4,right,1
27471,LPLC2,right,21045,LPLC2,right,1
27471,LPLC2,right,21313,LC4,right,1
27471,LPLC2,right,21862,LPLC2,right,1
27471,LPLC2,right,22218,LPLC2,right,1
27471,LPLC2,right,23098,LC4,right,1
27355,LPLC2,left,18936,LPLC2,left,1
27355,LPLC2,left,15804,LPLC2,left,1
25316,LPLC2,right,26147,LPLC2,right,1
26915,LPLC2,right,18672,LPLC2,right,1
26730,LPLC2,right,32507,LPLC2,right,1
26730,LPLC2,right,34681,LPLC2,right,1
26730,LPLC2,right,35680,LPLC2,right,1
26730,LPLC2,right,35838,LPLC2,right,1
26730,LPLC2,right,38542,LPLC2,right,1
26730,LPLC2,right,38542,LPLC2,right,1
26915,LPLC2,right,17551,LPLC2,right,1
26915,LPLC2,right,19034,LPLC2,right,1
26730,LPLC2,right,29598,LPLC2,right,1
26915,LPLC2,right,19249,LPLC2,right,1
26915,LPLC2,right,19842,LPLC2,right,1
26915,LPLC2,right,20334,LPLC2,right,1
26915,LPLC2,right,20808,LC4,right,1
26915,LPLC2,right,21045,LPLC2,right,1
26915,LPLC2,right,21808,LPLC2,right,1
26915,LPLC2,right,22328,LC4,right,1
26730,LPLC2,right,30938,LPLC2,right,1
26730,LPLC2,right,29014,LPLC2,right,1
27355,LPLC2,left,11498,LPLC2,left,1
26730,LPLC2,right,22194,LC4,right,1
26730,LPLC2,right,19954,LC4,right,1
26730,LPLC2,right,20334,LPLC2,right,1
26730,LPLC2,right,20749,LPLC2,right,1
26730,LPLC2,right,21225,LC4,right,1
26730,LPLC2,right,21318,LPLC2,right,1
26730,LPLC2,right,21703,LPLC2,right,1
26730,LPLC2,right,21804,LC4,right,1
26730,LPLC2,right,23590,LPLC2,right,1
26730,LPLC2,right,28741,LPLC2,right,1
26730,LPLC2,right,23878,LPLC2,right,1
26730,LPLC2,right,24187,LPLC2,right,1
26730,LPLC2,right,25253,LPLC2,right,1
26730,LPLC2,right,25316,LPLC2,right,1
26730,LPLC2,right,26393,LPLC2,right,1
26730,LPLC2,right,27471,LPLC2,right,1
26730,LPLC2,right,27566,LPLC2,right,1
26915,LPLC2,right,23590,LPLC2,right,1
26915,LPLC2,right,23878,LPLC2,right,1
26915,LPLC2,right,25267,LPLC2,right,1
27023,LPLC2,left,95241,LPLC2,left,1
27023,LPLC2,left,28188,LPLC2,left,1
27023,LPLC2,left,29753,LPLC2,left,1
27023,LPLC2,left,29955,LPLC2,left,1
27023,LPLC2,left,31105,LPLC2,left,1
27023,LPLC2,left,33406,LPLC2,left,1
27023,LPLC2,left,34051,LPLC2,left,1
27023,LPLC2,left,40811,LPLC2,left,1
27023,LPLC2,left,100103,LPLC2,left,1
26915,LPLC2,right,25636,LPLC2,right,1
27023,LPLC2,left,134521,LPLC2,left,1
27023,LPLC2,left,515971,LPLC2,left,1
27023,LPLC2,left,517078,LPLC2,left,1
27023,LPLC2,left,517079,LPLC2,left,1
27023,LPLC2,left,521115,LPLC2,left,1
27023,LPLC2,left,524366,LPLC2,left,1
27023,LPLC2,left,526286,LC4,left,1
27023,LPLC2,left,28011,LPLC2,left,1
27023,LPLC2,left,25575,LPLC2,left,1
27023,LPLC2,left,23919,LPLC2,left,1
27023,LPLC2,left,22557,LPLC2,left,1
26915,LPLC2,right,26393,LPLC2,right,1
26915,LPLC2,right,28871,LPLC2,right,1
26915,LPLC2,right,29014,LPLC2,right,1
26915,LPLC2,right,29216,LPLC2,right,1
26915,LPLC2,right,29287,LPLC2,right,1
26915,LPLC2,right,29391,LPLC2,right,1
26915,LPLC2,right,29598,LPLC2,right,1
26915,LPLC2,right,31964,LPLC2,right,1
26915,LPLC2,right,34372,LPLC2,right,1
27023,LPLC2,left,17270,LC4,left,1
27023,LPLC2,left,17774,LPLC2,left,1
27023,LPLC2,left,18936,LPLC2,left,1
27023,LPLC2,left,20572,LC4,left,1
27023,LPLC2,left,20799,LPLC2,left,1
27023,LPLC2,left,22253,LPLC2,left,1
27471,LPLC2,right,33396,LPLC2,right,1
27471,LPLC2,right,33694,LPLC2,right,1
27471,LPLC2,right,34372,LPLC2,right,1
27796,LPLC2,left,517752,LC4,left,1
27796,LPLC2,left,30512,LPLC2,left,1
27796,LPLC2,left,30893,LPLC2,left,1
27796,LPLC2,left,31105,LPLC2,left,1
27796,LPLC2,left,32223,LPLC2,left,1
27796,LPLC2,left,33406,LPLC2,left,1
27796,LPLC2,left,95241,LPLC2,left,1
27796,LPLC2,left,100103,LPLC2,left,1
27796,LPLC2,left,517819,LPLC2,left,1
27796,LPLC2,left,29319,LPLC2,left,1
27796,LPLC2,left,520764,LPLC2,left,1
27796,LPLC2,left,535341,LC4,left,1
27829,LC4,left,12824,LC4,left,1
27829,LC4,left,14888,LC4,left,1
27829,LC4,left,16809,LC4,left,1
27829,LC4,left,18478,LC4,left,1
27829,LC4,left,18478,LC4,left,1
27796,LPLC2,left,29702,LPLC2,left,1
27796,LPLC2,left,24605,LPLC2,left,1
27471,LPLC2,right,35680,LPLC2,right,1
27796,LPLC2,left,17059,LPLC2,left,1
27750,LC4,left,100485,LC4,left,1
27750,LC4,left,514956,LC4,left,1
27750,LC4,left,518439,LC4,left,1
27750,LC4,left,524366,LPLC2,left,1
27750,LC4,left,530029,LC4,left,1
27796,LPLC2,left,12384,LPLC2,left,1
27796,LPLC2,left,14030,LPLC2,left,1
27796,LPLC2,left,17990,LPLC2,left,1
27796,LPLC2,left,23550,LPLC2,left,1
27796,LPLC2,left,18900,LPLC2,left,1
27796,LPLC2,left,18936,LPLC2,left,1
27796,LPLC2,left,20240,LPLC2,left,1
27796,LPLC2,left,20329,LPLC2,left,1
27796,LPLC2,left,20799,LPLC2,left,1
27796,LPLC2,left,21361,LPLC2,left,1
27796,LPLC2,left,23247,LPLC2,left,1
27829,LC4,left,20859,LC4,left,1
27829,LC4,left,20976,LC4,left,1
27829,LC4,left,24523,LC4,left,1
28003,LPLC2,right,26147,LPLC2,right,1
28003,LPLC2,right,22218,LPLC2,right,1
28003,LPLC2,right,22966,LC4,right,1
28003,LPLC2,right,24187,LPLC2,right,1
28003,LPLC2,right,24268,LPLC2,right,1
28003,LPLC2,right,25316,LPLC2,right,1
28003,LPLC2,right,25497,LPLC2,right,1
28003,LPLC2,right,25636,LPLC2,right,1
28003,LPLC2,right,26915,LPLC2,right,1
27829,LC4,left,27750,LC4,left,1
28003,LPLC2,right,27566,LPLC2,right,1
28003,LPLC2,right,28871,LPLC2,right,1
28003,LPLC2,right,29287,LPLC2,right,1
28003,LPLC2,right,29391,LPLC2,right,1
28003,LPLC2,right,29598,LPLC2,right,1
28003,LPLC2,right,29873,LPLC2,right,1
28003,LPLC2,right,33185,LPLC2,right,1
28003,LPLC2,right,21703,LPLC2,right,1
28003,LPLC2,right,21318,LPLC2,right,1
28003,LPLC2,right,21151,LC4,right,1
28003,LPLC2,right,20471,LPLC2,right,1
27829,LC4,left,28980,LC4,left,1
27829,LC4,left,30087,LC4,left,1
27829,LC4,left,31308,LC4,left,1
27829,LC4,left,31429,LC4,left,1
27829,LC4,left,77614,LC4,left,1
27829,LC4,left,81112,LC4,left,1
27829,LC4,left,100485,LC4,left,1
27829,LC4,left,515900,LC4,left,1
27829,LC4,left,517752,LC4,left,1
27829,LC4,left,518439,LC4,left,1
27829,LC4,left,518544,LC4,left,1
27829,LC4,left,518983,LC4,left,1
27829,LC4,left,535341,LC4,left,1
28003,LPLC2,right,17364,LC4,right,1
28003,LPLC2,right,17548,LC4,right,1
27750,LC4,left,35616,LC4,left,1
27750,LC4,left,34845,LC4,left,1
27750,LC4,left,33137,LC4,left,1
27566,LPLC2,right,34110,LPLC2,right,1
27566,LPLC2,right,25636,LPLC2,right,1
27566,LPLC2,right,28003,LPLC2,right,1
27566,LPLC2,right,28003,LPLC2,right,1
27566,LPLC2,right,28741,LPLC2,right,1
27566,LPLC2,right,29873,LPLC2,right,1
27566,LPLC2,right,31257,LPLC2,right,1
27566,LPLC2,right,31262,LC4,right,1
27566,LPLC2,right,35632,LPLC2,right,1
27624,LC4,left,30893,LPLC2,left,1
27566,LPLC2,right,37431,LPLC2,right,1
27624,LC4,left,12032,LC4,left,1
27624,LC4,left,12349,LC4,left,1
27624,LC4,left,15018,LC4,left,1
27624,LC4,left,20440,LC4,left,1
27624,LC4,left,22772,LC4,left,1
27624,LC4,left,23550,LPLC2,left,1
27566,LPLC2,right,25511,LPLC2,right,1
27566,LPLC2,right,25316,LPLC2,right,1
27566,LPLC2,right,25267,LPLC2,right,1
27566,LPLC2,right,24800,LPLC2,right,1
27471,LPLC2,right,37431,LPLC2,right,1
27471,LPLC2,right,37431,LPLC2,right,1
27471,LPLC2,right,39620,LPLC2,right,1
27566,LPLC2,right,18672,LPLC2,right,1
27566,LPLC2,right,19549,LPLC2,right,1
27566,LPLC2,right,19608,LPLC2,right,1
27566,LPLC2,right,20047,LPLC2,right,1
27566,LPLC2,right,20103,LPLC2,right,1
27566,LPLC2,right,20162,LPLC2,right,1
27566,LPLC2,right,21703,LPLC2,right,1
27566,LPLC2,right,21808,LPLC2,right,1
27566,LPLC2,right,23590,LPLC2,right,1
27566,LPLC2,right,23878,LPLC2,right,1
27566,LPLC2,right,24187,LPLC2,right,1
27566,LPLC2,right,24338,LC4,right,1
27624,LC4,left,29514,LC4,left,1
27624,LC4,left,31301,LC4,left,1
27750,LC4,left,29469,LC4,left,1
27716,LPLC2,left,517078,LPLC2,left,1
27716,LPLC2,left,31429,LC4,left,1
27716,LPLC2,left,35294,LPLC2,left,1
27716,LPLC2,left,41097,LPLC2,left,1
27716,LPLC2,left,95241,LPLC2,left,1
27716,LPLC2,left,100103,LPLC2,left,1
27716,LPLC2,left,512705,LC4,left,1
27716,LPLC2,left,514670,LPLC2,left,1
27716,LPLC2,left,518730,LC4,left,1
27624,LC4,left,31429,LC4,left,1
27716,LPLC2,left,518731,LPLC2,left,1
27716,LPLC2,left,525844,LPLC2,left,1
27716,LPLC2,left,531014,LPLC2,left,1
27750,LC4,left,17270,LC4,left,1
27750,LC4,left,17340,LC4,left,1
27750,LC4,left,27829,LC4,left,1
27750,LC4,left,28980,LC4,left,1
27716,LPLC2,left,30895,LPLC2,left,1
27716,LPLC2,left,30893,LPLC2,left,1
27716,LPLC2,left,29753,LPLC2,left,1
27716,LPLC2,left,27399,LPLC2,left,1
27624,LC4,left,37587,LC4,left,1
27624,LC4,left,514508,LC4,left,1
27624,LC4,left,518016,LC4,left,1
27624,LC4,left,532254,LC4,left,1
27716,LPLC2,left,13132,LPLC2,left,1
27716,LPLC2,left,15804,LPLC2,left,1
27716,LPLC2,left,17270,LC4,left,1
27716,LPLC2,left,17774,LPLC2,left,1
27716,LPLC2,left,17880,LPLC2,left,1
27716,LPLC2,left,17990,LPLC2,left,1
27716,LPLC2,left,20799,LPLC2,left,1
27716,LPLC2,left,20976,LC4,left,1
27716,LPLC2,left,24605,LPLC2,left,1
27716,LPLC2,left,25286,LPLC2,left,1
27716,LPLC2,left,27355,LPLC2,left,1
26730,LPLC2,right,19842,LPLC2,right,1
26730,LPLC2,right,19634,LC4,right,1
26730,LPLC2,right,19608,LPLC2,right,1
25572,LPLC2,left,520764,LPLC2,left,1
25572,LPLC2,left,25854,LPLC2,left,1
25572,LPLC2,left,27399,LPLC2,left,1
25572,LPLC2,left,27716,LPLC2,left,1
25572,LPLC2,left,29319,LPLC2,left,1
25572,LPLC2,left,30512,LPLC2,left,1
25572,LPLC2,left,31105,LPLC2,left,1
25572,LPLC2,left,32237,LPLC2,left,1
25572,LPLC2,left,531014,LPLC2,left,1
25572,LPLC2,left,25286,LPLC2,left,1
25572,LPLC2,left,536444,LPLC2,left,1
25575,LPLC2,left,11498,LPLC2,left,1
25575,LPLC2,left,12384,LPLC2,left,1
25575,LPLC2,left,12824,LC4,left,1
25575,LPLC2,left,14030,LPLC2,left,1
25575,LPLC2,left,14102,LPLC2,left,1
25575,LPLC2,left,14888,LC4,left,1
25572,LPLC2,left,25524,LPLC2,left,1
25572,LPLC2,left,25209,LPLC2,left,1
25636,LPLC2,right,17054,LC4,right,1
25572,LPLC2,left,11498,LPLC2,left,1
25524,LPLC2,left,33406,LPLC2,left,1
25524,LPLC2,left,129687,LPLC2,left,1
25524,LPLC2,left,516909,LC4,left,1
25524,LPLC2,left,521115,LPLC2,left,1
25524,LPLC2,left,524366,LPLC2,left,1
25524,LPLC2,left,531014,LPLC2,left,1
25524,LPLC2,left,533129,LC4,left,1
25572,LPLC2,left,13726,LPLC2,left,1
25572,LPLC2,left,24605,LPLC2,left,1
25572,LPLC2,left,14102,LPLC2,left,1
25572,LPLC2,left,15804,LPLC2,left,1
25572,LPLC2,left,17544,LPLC2,left,1
25572,LPLC2,left,17774,LPLC2,left,1
25572,LPLC2,left,17880,LPLC2,left,1
25572,LPLC2,left,19911,LPLC2,left,1
25572,LPLC2,left,24308,LPLC2,left,1
25575,LPLC2,left,17059,LPLC2,left,1
25575,LPLC2,left,17544,LPLC2,left,1
25575,LPLC2,left,17774,LPLC2,left,1
25584,LC4,right,20471,LPLC2,right,1
25584,LC4,right,16128,LC4,right,1
25584,LC4,right,16628,LC4,right,1
25584,LC4,right,17266,LC4,right,1
25584,LC4,right,17860,LC4,right,1
25584,LC4,right,17987,LC4,right,1
25584,LC4,right,17987,LC4,right,1
25584,LC4,right,19420,LC4,right,1
25584,LC4,right,20808,LC4,right,1
25575,LPLC2,left,20440,LC4,left,1
25584,LC4,right,20917,LC4,right,1
25584,LC4,right,21151,LC4,right,1
25584,LC4,right,21336,LC4,right,1
25584,LC4,right,21808,LPLC2,right,1
25584,LC4,right,23098,LC4,right,1
25584,LC4,right,26730,LPLC2,right,1
25584,LC4,right,31262,LC4,right,1
25575,LPLC2,left,531014,LPLC2,left,1
25575,LPLC2,left,525844,LPLC2,left,1
25575,LPLC2,left,524366,LPLC2,left,1
25575,LPLC2,left,521115,LPLC2,left,1
25575,LPLC2,left,23247,LPLC2,left,1
25575,LPLC2,left,23665,LPLC2,left,1
25575,LPLC2,left,25209,LPLC2,left,1
25575,LPLC2,left,25286,LPLC2,left,1
25575,LPLC2,left,27023,LPLC2,left,1
25575,LPLC2,left,29753,LPLC2,left,1
25575,LPLC2,left,32223,LPLC2,left,1
25575,LPLC2,left,32237,LPLC2,left,1
25575,LPLC2,left,32737,LPLC2,left,1
25575,LPLC2,left,34051,LPLC2,left,1
25575,LPLC2,left,40811,LPLC2,left,1
25575,LPLC2,left,112292,LPLC2,left,1
25575,LPLC2,left,515971,LPLC2,left,1
25575,LPLC2,left,517078,LPLC2,left,1
25575,LPLC2,left,517079,LPLC2,left,1
25524,LPLC2,left,32597,LC4,left,1
25524,LPLC2,left,31105,LPLC2,left,1
25524,LPLC2,left,30893,LPLC2,left,1
25497,LPLC2,right,29183,LPLC2,right,1
25497,LPLC2,right,20694,LPLC2,right,1
25497,LPLC2,right,21336,LC4,right,1
25497,LPLC2,right,21703,LPLC2,right,1
25497,LPLC2,right,24338,LC4,right,1
25497,LPLC2,right,25636,LPLC2,right,1
25497,LPLC2,right,26730,LPLC2,right,1
25497,LPLC2,right,28741,LPLC2,right,1
25497,LPLC2,right,29216,LPLC2,right,1
25511,LPLC2,right,17551,LPLC2,right,1
25497,LPLC2,right,33439,LPLC2,right,1
25497,LPLC2,right,35632,LPLC2,right,1
25497,LPLC2,right,37431,LPLC2,right,1
25497,LPLC2,right,37925,LPLC2,right,1
25497,LPLC2,right,38542,LPLC2,right,1
25497,LPLC2,right,50287,LPLC2,right,1
25497,LPLC2,right,55627,LPLC2,right,1
25497,LPLC2,right,20694,LPLC2,right,1
25497,LPLC2,right,20334,LPLC2,right,1
25497,LPLC2,right,19034,LPLC2,right,1
25497,LPLC2,right,17364,LC4,right,1
25316,LPLC2,right,28003,LPLC2,right,1
25316,LPLC2,right,29598,LPLC2,right,1
25316,LPLC2,right,29873,LPLC2,right,1
25316,LPLC2,right,30041,LPLC2,right,1
25316,LPLC2,right,31257,LPLC2,right,1
25316,LPLC2,right,31988,LPLC2,right,1
25316,LPLC2,right,33396,LPLC2,right,1
25316,LPLC2,right,34110,LPLC2,right,1
25316,LPLC2,right,34372,LPLC2,right,1
25316,LPLC2,right,34681,LPLC2,right,1
25316,LPLC2,right,34681,LPLC2,right,1
25316,LPLC2,right,37431,LPLC2,right,1
25316,LPLC2,right,37925,LPLC2,right,1
25497,LPLC2,right,14465,LPLC2,right,1
25497,LPLC2,right,16628,LC4,right,1
25511,LPLC2,right,14465,LPLC2,right,1
25511,LPLC2,right,18672,LPLC2,right,1
25524,LPLC2,left,29955,LPLC2,left,1
25524,LPLC2,left,22772,LC4,left,1
25511,LPLC2,right,38542,LPLC2,right,1
25511,LPLC2,right,50287,LPLC2,right,1
25511,LPLC2,right,55627,LPLC2,right,1
25524,LPLC2,left,13764,LPLC2,left,1
25524,LPLC2,left,14030,LPLC2,left,1
25524,LPLC2,left,17544,LPLC2,left,1
25524,LPLC2,left,20572,LC4,left,1
25524,LPLC2,left,23349,LPLC2,left,1
25511,LPLC2,right,19229,LPLC2,right,1
25524,LPLC2,left,25027,LPLC2,left,1
25524,LPLC2,left,25136,LPLC2,left,1
25524,LPLC2,left,25209,LPLC2,left,1
25524,LPLC2,left,27023,LPLC2,left,1
25524,LPLC2,left,28011,LPLC2,left,1
25524,LPLC2,left,28188,LPLC2,left,1
25524,LPLC2,left,29702,LPLC2,left,1
25511,LPLC2,right,37925,LPLC2,right,1
25511,LPLC2,right,35838,LPLC2,right,1
25511,LPLC2,right,34372,LPLC2,right,1
25511,LPLC2,right,33439,LPLC2,right,1
25511,LPLC2,right,19549,LPLC2,right,1
25511,LPLC2,right,20269,LPLC2,right,1
25511,LPLC2,right,20471,LPLC2,right,1
25511,LPLC2,right,21562,LPLC2,right,1
25511,LPLC2,right,21769,LPLC2,right,1
25511,LPLC2,right,21808,LPLC2,right,1
25511,LPLC2,right,21899,LPLC2,right,1
25511,LPLC2,right,23590,LPLC2,right,1
25511,LPLC2,right,23792,LC4,right,1
25511,LPLC2,right,26147,LPLC2,right,1
25511,LPLC2,right,26147,LPLC2,right,1
25511,LPLC2,right,28003,LPLC2,right,1
25511,LPLC2,right,28741,LPLC2,right,1
25511,LPLC2,right,30938,LPLC2,right,1
25511,LPLC2,right,32507,LPLC2,right,1
25636,LPLC2,right,16128,LC4,right,1
25636,LPLC2,right,19549,LPLC2,right,1
26730,LPLC2,right,19249,LPLC2,right,1
26416,LPLC2,left,14102,LPLC2,left,1
26393,LPLC2,right,34110,LPLC2,right,1
26393,LPLC2,right,35632,LPLC2,right,1
26393,LPLC2,right,35838,LPLC2,right,1
26393,LPLC2,right,37431,LPLC2,right,1
26393,LPLC2,right,39620,LPLC2,right,1
26416,LPLC2,left,13132,LPLC2,left,1
26416,LPLC2,left,14030,LPLC2,left,1
26416,LPLC2,left,15804,LPLC2,left,1
26393,LPLC2,right,31964,LPLC2,right,1
26416,LPLC2,left,17775,LPLC2,left,1
26416,LPLC2,left,18432,LC4,left,1
26416,LPLC2,left,18936,LPLC2,left,1
26416,LPLC2,left,19787,LPLC2,left,1
26416,LPLC2,left,21361,LPLC2,left,1
26416,LPLC2,left,24840,LPLC2,left,1
26416,LPLC2,left,25136,LPLC2,left,1
26393,LPLC2,right,32507,LPLC2,right,1
26393,LPLC2,right,31257,LPLC2,right,1
25636,LPLC2,right,19608,LPLC2,right,1
26393,LPLC2,right,21703,LPLC2,right,1
26393,LPLC2,right,20047,LPLC2,right,1
26393,LPLC2,right,20103,LPLC2,right,1
26393,LPLC2,right,20269,LPLC2,right,1
26393,LPLC2,right,20471,LPLC2,right,1
26393,LPLC2,right,20584,LPLC2,right,1
26393,LPLC2,right,20749,LPLC2,right,1
26393,LPLC2,right,21562,LPLC2,right,1
26393,LPLC2,right,21808,LPLC2,right,1
26393,LPLC2,right,29986,LPLC2,right,1
26393,LPLC2,right,21899,LPLC2,right,1
26393,LPLC2,right,24268,LPLC2,right,1
26393,LPLC2,right,24401,LPLC2,right,1
26393,LPLC2,right,26147,LPLC2,right,1
26393,LPLC2,right,28044,LPLC2,right,1
26393,LPLC2,right,29216,LPLC2,right,1
26393,LPLC2,right,29287,LPLC2,right,1
26416,LPLC2,left,26528,LPLC2,left,1
26416,LPLC2,left,27399,LPLC2,left,1
26416,LPLC2,left,29319,LPLC2,left,1
26528,LPLC2,left,111903,LPLC2,left,1
26528,LPLC2,left,27023,LPLC2,left,1
26528,LPLC2,left,29319,LPLC2,left,1
26528,LPLC2,left,30893,LPLC2,left,1
26528,LPLC2,left,30895,LPLC2,left,1
26528,LPLC2,left,31105,LPLC2,left,1
26528,LPLC2,left,33406,LPLC2,left,1
26528,LPLC2,left,33965,LPLC2,left,1
26528,LPLC2,left,112292,LPLC2,left,1
26416,LPLC2,left,29702,LPLC2,left,1
26528,LPLC2,left,129687,LPLC2,left,1
26528,LPLC2,left,517819,LPLC2,left,1
26528,LPLC2,left,525844,LPLC2,left,1
26730,LPLC2,right,18189,LC4,right,1
26730,LPLC2,right,18672,LPLC2,right,1
26730,LPLC2,right,18929,LPLC2,right,1
26730,LPLC2,right,19249,LPLC2,right,1
26528,LPLC2,left,25575,LPLC2,left,1
26528,LPLC2,left,24840,LPLC2,left,1
26528,LPLC2,left,21361,LPLC2,left,1
26528,LPLC2,left,19830,LPLC2,left,1
26416,LPLC2,left,29815,LPLC2,left,1
26416,LPLC2,left,30893,LPLC2,left,1
26416,LPLC2,left,31563,LPLC2,left,1
26416,LPLC2,left,32237,LPLC2,left,1
26416,LPLC2,left,32737,LPLC2,left,1
26416,LPLC2,left,33965,LPLC2,left,1
26416,LPLC2,left,34051,LPLC2,left,1
26416,LPLC2,left,41097,LPLC2,left,1
26416,LPLC2,left,129687,LPLC2,left,1
26416,LPLC2,left,521115,LPLC2,left,1
26416,LPLC2,left,524366,LPLC2,left,1
26416,LPLC2,left,536444,LPLC2,left,1
26528,LPLC2,left,13132,LPLC2,left,1
26528,LPLC2,left,13764,LPLC2,left,1
26528,LPLC2,left,17774,LPLC2,left,1
26393,LPLC2,right,19229,LPLC2,right,1
26393,LPLC2,right,19146,LPLC2,right,1
26393,LPLC2,right,18672,LPLC2,right,1
25854,LPLC2,left,12384,LPLC2,left,1
25636,LPLC2,right,34110,LPLC2,right,1
25636,LPLC2,right,35838,LPLC2,right,1
25636,LPLC2,right,37431,LPLC2,right,1
25636,LPLC2,right,37613,LPLC2,right,1
25636,LPLC2,right,38065,LC4,right,1
25636,LPLC2,right,39620,LPLC2,right,1
25636,LPLC2,right,55627,LPLC2,right,1
25854,LPLC2,left,14102,LPLC2,left,1
25854,LPLC2,left,111903,LPLC2,left,1
25854,LPLC2,left,15804,LPLC2,left,1
25854,LPLC2,left,17544,LPLC2,left,1
25854,LPLC2,left,18900,LPLC2,left,1
25854,LPLC2,left,28188,LPLC2,left,1
25854,LPLC2,left,29702,LPLC2,left,1
25854,LPLC2,left,30893,LPLC2,left,1
25854,LPLC2,left,30895,LPLC2,left,1
25636,LPLC2,right,34110,LPLC2,right,1
25636,LPLC2,right,33396,LPLC2,right,1
25636,LPLC2,right,29986,LPLC2,right,1
25636,LPLC2,right,29873,LPLC2,right,1
25636,LPLC2,right,19842,LPLC2,right,1
25636,LPLC2,right,20182,LPLC2,right,1
25636,LPLC2,right,20749,LPLC2,right,1
25636,LPLC2,right,21804,LC4,right,1
25636,LPLC2,right,22677,LPLC2,right,1
25636,LPLC2,right,23590,LPLC2,right,1
25636,LPLC2,right,24118,LPLC2,right,1
25636,LPLC2,right,24800,LPLC2,right,1
25636,LPLC2,right,25584,LC4,right,1
25636,LPLC2,right,26915,LPLC2,right,1
25636,LPLC2,right,27566,LPLC2,right,1
25636,LPLC2,right,28003,LPLC2,right,1
25636,LPLC2,right,28741,LPLC2,right,1
25636,LPLC2,right,28945,LC4,right,1
25636,LPLC2,right,29183,LPLC2,right,1
25854,LPLC2,left,34051,LPLC2,left,1
25854,LPLC2,left,517819,LPLC2,left,1
26393,LPLC2,right,17551,LPLC2,right,1
26147,LPLC2,right,21562,LPLC2,right,1
26112,LC4,right,30803,LC4,right,1
26147,LPLC2,right,14465,LPLC2,right,1
26147,LPLC2,right,19249,LPLC2,right,1
26147,LPLC2,right,19549,LPLC2,right,1
26147,LPLC2,right,20047,LPLC2,right,1
26147,LPLC2,right,20182,LPLC2,right,1
26147,LPLC2,right,20584,LPLC2,right,1
26147,LPLC2,right,21899,LPLC2,right,1
25854,LPLC2,left,518731,LPLC2,left,1
26147,LPLC2,right,23590,LPLC2,right,1
26147,LPLC2,right,25253,LPLC2,right,1
26147,LPLC2,right,28003,LPLC2,right,1
26147,LPLC2,right,29598,LPLC2,right,1
26147,LPLC2,right,33694,LPLC2,right,1
26147,LPLC2,right,34372,LPLC2,right,1
26147,LPLC2,right,37613,LPLC2,right,1
26112,LC4,right,30803,LC4,right,1
26112,LC4,right,30480,LC4,right,1
26112,LC4,right,23929,LC4,right,1
26112,LC4,right,23098,LC4,right,1
25854,LPLC2,left,521115,LPLC2,left,1
26112,LC4,right,16628,LC4,right,1
26112,LC4,right,17054,LC4,right,1
26112,LC4,right,17668,LC4,right,1
26112,LC4,right,17860,LC4,right,1
26112,LC4,right,17987,LC4,right,1
26112,LC4,right,19543,LC4,right,1
26112,LC4,right,19794,LC4,right,1
26112,LC4,right,20282,LC4,right,1
26112,LC4,right,20542,LC4,right,1
26112,LC4,right,20917,LC4,right,1
26112,LC4,right,21562,LPLC2,right,1
26112,LC4,right,22847,LC4,right,1
26112,LC4,right,22966,LC4,right,1
26112,LC4,right,22975,LC4,right,1
536444,LPLC2,left,533895,LPLC2,left,1
