bodyId_pre,pre_type,pre_side,pre_nt,bodyId_post,post_type,post_side,weight,weight_normalized,edge_class
81112,LC4,left,acetylcholine,531898,DNp04,left,172,1.0,visual_to_readout
12349,LC4,left,acetylcholine,531898,DNp04,left,160,0.9302325581395349,visual_to_readout
515900,LC4,left,acetylcholine,531898,DNp04,left,158,0.9186046511627907,visual_to_readout
17054,LC4,right,acetylcholine,11137,DNp04,right,154,0.8953488372093024,visual_to_readout
512366,LC4,left,acetylcholine,531898,DNp04,left,154,0.8953488372093024,visual_to_readout
27624,LC4,left,acetylcholine,531898,DNp04,left,148,0.8604651162790697,visual_to_readout
17653,LC4,left,acetylcholine,531898,DNp04,left,147,0.8546511627906976,visual_to_readout
24523,LC4,left,acetylcholine,531898,DNp04,left,141,0.8197674418604651,visual_to_readout
14888,LC4,left,acetylcholine,531898,DNp04,left,132,0.7674418604651163,visual_to_readout
520449,LC4,left,acetylcholine,531898,DNp04,left,132,0.7674418604651163,visual_to_readout
17548,LC4,right,acetylcholine,11137,DNp04,right,132,0.7674418604651163,visual_to_readout
37587,LC4,left,acetylcholine,531898,DNp04,left,132,0.7674418604651163,visual_to_readout
17340,LC4,left,acetylcholine,531898,DNp04,left,131,0.7616279069767442,visual_to_readout
518439,LC4,left,acetylcholine,531898,DNp04,left,129,0.75,visual_to_readout
530029,LC4,left,acetylcholine,531898,DNp04,left,128,0.7441860465116279,visual_to_readout
77614,LC4,left,acetylcholine,531898,DNp04,left,128,0.7441860465116279,visual_to_readout
16128,LC4,right,acetylcholine,11137,DNp04,right,128,0.7441860465116279,visual_to_readout
21804,LC4,right,acetylcholine,11137,DNp04,right,126,0.7325581395348837,visual_to_readout
17478,LC4,left,acetylcholine,531898,DNp04,left,125,0.7267441860465116,visual_to_readout
31262,LC4,right,acetylcholine,11137,DNp04,right,123,0.7151162790697675,visual_to_readout
23929,LC4,right,acetylcholine,11137,DNp04,right,122,0.7093023255813954,visual_to_readout
16809,LC4,left,acetylcholine,531898,DNp04,left,120,0.6976744186046512,visual_to_readout
17987,LC4,right,acetylcholine,11137,DNp04,right,119,0.6918604651162791,visual_to_readout
16628,LC4,right,acetylcholine,11137,DNp04,right,118,0.686046511627907,visual_to_readout
20859,LC4,left,acetylcholine,531898,DNp04,left,111,0.6453488372093024,visual_to_readout
518983,LC4,left,acetylcholine,531898,DNp04,left,111,0.6453488372093024,visual_to_readout
511914,LC4,left,acetylcholine,531898,DNp04,left,110,0.6395348837209303,visual_to_readout
20282,LC4,right,acetylcholine,11137,DNp04,right,109,0.6337209302325582,visual_to_readout
12824,LC4,left,acetylcholine,531898,DNp04,left,108,0.627906976744186,visual_to_readout
518730,LC4,left,acetylcholine,531898,DNp04,left,108,0.627906976744186,visual_to_readout
27750,LC4,left,acetylcholine,531898,DNp04,left,107,0.622093023255814,visual_to_readout
34845,LC4,left,acetylcholine,531898,DNp04,left,106,0.6162790697674418,visual_to_readout
27829,LC4,left,acetylcholine,531898,DNp04,left,106,0.6162790697674418,visual_to_readout
17608,LC4,left,acetylcholine,531898,DNp04,left,106,0.6162790697674418,visual_to_readout
19543,LC4,right,acetylcholine,11137,DNp04,right,106,0.6162790697674418,visual_to_readout
19550,LC4,right,acetylcholine,11137,DNp04,right,106,0.6162790697674418,visual_to_readout
20917,LC4,right,acetylcholine,11137,DNp04,right,104,0.6046511627906976,visual_to_readout
15018,LC4,left,acetylcholine,531898,DNp04,left,104,0.6046511627906976,visual_to_readout
19954,LC4,right,acetylcholine,11137,DNp04,right,101,0.5872093023255814,visual_to_readout
17364,LC4,right,acetylcholine,11137,DNp04,right,100,0.5813953488372093,visual_to_readout
526286,LC4,left,acetylcholine,531898,DNp04,left,99,0.5755813953488372,visual_to_readout
514956,LC4,left,acetylcholine,531898,DNp04,left,99,0.5755813953488372,visual_to_readout
20588,LC4,right,acetylcholine,11137,DNp04,right,99,0.5755813953488372,visual_to_readout
20967,LC4,left,acetylcholine,531898,DNp04,left,99,0.5755813953488372,visual_to_readout
111787,LC4,left,acetylcholine,531898,DNp04,left,97,0.563953488372093,visual_to_readout
19794,LC4,right,acetylcholine,11137,DNp04,right,96,0.5581395348837209,visual_to_readout
20542,LC4,right,acetylcholine,11137,DNp04,right,94,0.5465116279069767,visual_to_readout
22847,LC4,right,acetylcholine,11137,DNp04,right,94,0.5465116279069767,visual_to_readout
30087,LC4,left,acetylcholine,531898,DNp04,left,93,0.5406976744186046,visual_to_readout
18432,LC4,left,acetylcholine,531898,DNp04,left,92,0.5348837209302325,visual_to_readout
32597,LC4,left,acetylcholine,531898,DNp04,left,92,0.5348837209302325,visual_to_readout
17926,LC4,right,acetylcholine,11137,DNp04,right,92,0.5348837209302325,visual_to_readout
29469,LC4,left,acetylcholine,531898,DNp04,left,91,0.5290697674418605,visual_to_readout
33137,LC4,left,acetylcholine,531898,DNp04,left,90,0.5232558139534884,visual_to_readout
527408,LC4,right,acetylcholine,11137,DNp04,right,90,0.5232558139534884,visual_to_readout
25584,LC4,right,acetylcholine,11137,DNp04,right,89,0.5174418604651163,visual_to_readout
18127,LC4,right,acetylcholine,11137,DNp04,right,89,0.5174418604651163,visual_to_readout
18478,LC4,left,acetylcholine,531898,DNp04,left,89,0.5174418604651163,visual_to_readout
26112,LC4,right,acetylcholine,11137,DNp04,right,88,0.5116279069767442,visual_to_readout
21313,LC4,right,acetylcholine,11137,DNp04,right,87,0.5058139534883721,visual_to_readout
17270,LC4,left,acetylcholine,531898,DNp04,left,87,0.5058139534883721,visual_to_readout
22034,LC4,right,acetylcholine,11137,DNp04,right,87,0.5058139534883721,visual_to_readout
17478,LC4,left,acetylcholine,10010,DNp01,left,86,0.5,visual_to_readout
30803,LC4,right,acetylcholine,11137,DNp04,right,86,0.5,visual_to_readout
23202,LC4,left,acetylcholine,531898,DNp04,left,86,0.5,visual_to_readout
22975,LC4,right,acetylcholine,11137,DNp04,right,86,0.5,visual_to_readout
18396,LC4,left,acetylcholine,531898,DNp04,left,86,0.5,visual_to_readout
512705,LC4,left,acetylcholine,531898,DNp04,left,86,0.5,visual_to_readout
22194,LC4,right,acetylcholine,11137,DNp04,right,85,0.4941860465116279,visual_to_readout
20440,LC4,left,acetylcholine,531898,DNp04,left,85,0.4941860465116279,visual_to_readout
21225,LC4,right,acetylcholine,11137,DNp04,right,85,0.4941860465116279,visual_to_readout
515476,LC4,left,acetylcholine,531898,DNp04,left,85,0.4941860465116279,visual_to_readout
30480,LC4,right,acetylcholine,11137,DNp04,right,84,0.4883720930232558,visual_to_readout
18189,LC4,right,acetylcholine,11137,DNp04,right,84,0.4883720930232558,visual_to_readout
12032,LC4,left,acetylcholine,531898,DNp04,left,84,0.4883720930232558,visual_to_readout
21721,LC4,left,acetylcholine,531898,DNp04,left,83,0.48255813953488375,visual_to_readout
17653,LC4,left,acetylcholine,10010,DNp01,left,83,0.48255813953488375,visual_to_readout
35262,LC4,left,acetylcholine,531898,DNp04,left,83,0.48255813953488375,visual_to_readout
518016,LC4,left,acetylcholine,531898,DNp04,left,83,0.48255813953488375,visual_to_readout
22772,LC4,left,acetylcholine,531898,DNp04,left,83,0.48255813953488375,visual_to_readout
21287,LC4,right,acetylcholine,11137,DNp04,right,82,0.47674418604651164,visual_to_readout
518439,LC4,left,acetylcholine,10010,DNp01,left,82,0.47674418604651164,visual_to_readout
20859,LC4,left,acetylcholine,10010,DNp01,left,81,0.47093023255813954,visual_to_readout
31429,LC4,left,acetylcholine,531898,DNp04,left,81,0.47093023255813954,visual_to_readout
31301,LC4,left,acetylcholine,531898,DNp04,left,80,0.46511627906976744,visual_to_readout
20808,LC4,right,acetylcholine,11137,DNp04,right,79,0.45930232558139533,visual_to_readout
107513,LC4,left,acetylcholine,531898,DNp04,left,78,0.45348837209302323,visual_to_readout
29563,LC4,right,acetylcholine,11137,DNp04,right,78,0.45348837209302323,visual_to_readout
23098,LC4,right,acetylcholine,11137,DNp04,right,77,0.4476744186046512,visual_to_readout
524899,LC4,left,acetylcholine,531898,DNp04,left,77,0.4476744186046512,visual_to_readout
516909,LC4,left,acetylcholine,531898,DNp04,left,77,0.4476744186046512,visual_to_readout
21336,LC4,right,acetylcholine,11137,DNp04,right,76,0.4418604651162791,visual_to_readout
29417,LC4,left,acetylcholine,531898,DNp04,left,76,0.4418604651162791,visual_to_readout
17860,LC4,right,acetylcholine,11137,DNp04,right,76,0.4418604651162791,visual_to_readout
100485,LC4,left,acetylcholine,531898,DNp04,left,74,0.43023255813953487,visual_to_readout
29514,LC4,left,acetylcholine,531898,DNp04,left,74,0.43023255813953487,visual_to_readout
24338,LC4,right,acetylcholine,11137,DNp04,right,74,0.43023255813953487,visual_to_readout
19260,LC4,right,acetylcholine,11137,DNp04,right,73,0.42441860465116277,visual_to_readout
29469,LC4,left,acetylcholine,10010,DNp01,left,73,0.42441860465116277,visual_to_readout
514508,LC4,left,acetylcholine,531898,DNp04,left,73,0.42441860465116277,visual_to_readout
535341,LC4,left,acetylcholine,531898,DNp04,left,72,0.4186046511627907,visual_to_readout
532254,LC4,left,acetylcholine,531898,DNp04,left,72,0.4186046511627907,visual_to_readout
20572,LC4,left,acetylcholine,531898,DNp04,left,72,0.4186046511627907,visual_to_readout
20399,LC4,right,acetylcholine,11137,DNp04,right,71,0.4127906976744186,visual_to_readout
22966,LC4,right,acetylcholine,11137,DNp04,right,71,0.4127906976744186,visual_to_readout
32597,LC4,left,acetylcholine,10010,DNp01,left,69,0.4011627906976744,visual_to_readout
533129,LC4,left,acetylcholine,531898,DNp04,left,69,0.4011627906976744,visual_to_readout
533129,LC4,left,acetylcholine,10010,DNp01,left,69,0.4011627906976744,visual_to_readout
22922,LC4,left,acetylcholine,531898,DNp04,left,68,0.3953488372093023,visual_to_readout
22847,LC4,right,acetylcholine,10001,DNp01,right,67,0.38953488372093026,visual_to_readout
16138,LC4,right,acetylcholine,11137,DNp04,right,67,0.38953488372093026,visual_to_readout
20976,LC4,left,acetylcholine,531898,DNp04,left,67,0.38953488372093026,visual_to_readout
21151,LC4,right,acetylcholine,11137,DNp04,right,67,0.38953488372093026,visual_to_readout
17266,LC4,right,acetylcholine,11137,DNp04,right,67,0.38953488372093026,visual_to_readout
31308,LC4,left,acetylcholine,531898,DNp04,left,66,0.38372093023255816,visual_to_readout
16917,LC4,left,acetylcholine,531898,DNp04,left,66,0.38372093023255816,visual_to_readout
512366,LC4,left,acetylcholine,10010,DNp01,left,65,0.37790697674418605,visual_to_readout
16128,LC4,right,acetylcholine,10001,DNp01,right,65,0.37790697674418605,visual_to_readout
28945,LC4,right,acetylcholine,11137,DNp04,right,64,0.37209302325581395,visual_to_readout
515476,LC4,left,acetylcholine,10010,DNp01,left,64,0.37209302325581395,visual_to_readout
22328,LC4,right,acetylcholine,11137,DNp04,right,64,0.37209302325581395,visual_to_readout
27829,LC4,left,acetylcholine,10010,DNp01,left,64,0.37209302325581395,visual_to_readout
31563,LPLC2,left,acetylcholine,10010,DNp01,left,64,0.37209302325581395,visual_to_readout
524899,LC4,left,acetylcholine,10010,DNp01,left,64,0.37209302325581395,visual_to_readout
24338,LC4,right,acetylcholine,10001,DNp01,right,63,0.36627906976744184,visual_to_readout
17668,LC4,right,acetylcholine,10001,DNp01,right,63,0.36627906976744184,visual_to_readout
35616,LC4,left,acetylcholine,531898,DNp04,left,63,0.36627906976744184,visual_to_readout
20016,LC4,right,acetylcholine,11137,DNp04,right,63,0.36627906976744184,visual_to_readout
17270,LC4,left,acetylcholine,10010,DNp01,left,63,0.36627906976744184,visual_to_readout
23392,LC4,right,acetylcholine,11137,DNp04,right,63,0.36627906976744184,visual_to_readout
38065,LC4,right,acetylcholine,11137,DNp04,right,62,0.36046511627906974,visual_to_readout
12349,LC4,left,acetylcholine,10010,DNp01,left,62,0.36046511627906974,visual_to_readout
22772,LC4,left,acetylcholine,10010,DNp01,left,62,0.36046511627906974,visual_to_readout
12032,LC4,left,acetylcholine,10010,DNp01,left,62,0.36046511627906974,visual_to_readout
530029,LC4,left,acetylcholine,10010,DNp01,left,62,0.36046511627906974,visual_to_readout
16917,LC4,left,acetylcholine,10010,DNp01,left,62,0.36046511627906974,visual_to_readout
20399,LC4,right,acetylcholine,10001,DNp01,right,62,0.36046511627906974,visual_to_readout
19420,LC4,right,acetylcholine,11137,DNp04,right,62,0.36046511627906974,visual_to_readout
22966,LC4,right,acetylcholine,10001,DNp01,right,61,0.3546511627906977,visual_to_readout
17668,LC4,right,acetylcholine,11137,DNp04,right,61,0.3546511627906977,visual_to_readout
35616,LC4,left,acetylcholine,10010,DNp01,left,61,0.3546511627906977,visual_to_readout
20673,LC4,right,acetylcholine,11137,DNp04,right,61,0.3546511627906977,visual_to_readout
31301,LC4,left,acetylcholine,10010,DNp01,left,61,0.3546511627906977,visual_to_readout
514956,LC4,left,acetylcholine,10010,DNp01,left,60,0.3488372093023256,visual_to_readout
22253,LPLC2,left,acetylcholine,10010,DNp01,left,60,0.3488372093023256,visual_to_readout
20182,LPLC2,right,acetylcholine,10001,DNp01,right,59,0.3430232558139535,visual_to_readout
18396,LC4,left,acetylcholine,10010,DNp01,left,59,0.3430232558139535,visual_to_readout
22194,LC4,right,acetylcholine,10001,DNp01,right,59,0.3430232558139535,visual_to_readout
27750,LC4,left,acetylcholine,10010,DNp01,left,59,0.3430232558139535,visual_to_readout
22975,LC4,right,acetylcholine,10001,DNp01,right,58,0.3372093023255814,visual_to_readout
21165,LC4,right,acetylcholine,11137,DNp04,right,58,0.3372093023255814,visual_to_readout
100485,LC4,left,acetylcholine,10010,DNp01,left,58,0.3372093023255814,visual_to_readout
29514,LC4,left,acetylcholine,10010,DNp01,left,58,0.3372093023255814,visual_to_readout
23226,LC4,left,acetylcholine,531898,DNp04,left,58,0.3372093023255814,visual_to_readout
18478,LC4,left,acetylcholine,10010,DNp01,left,58,0.3372093023255814,visual_to_readout
12824,LC4,left,acetylcholine,10010,DNp01,left,58,0.3372093023255814,visual_to_readout
519650,LC4,left,acetylcholine,531898,DNp04,left,57,0.3313953488372093,visual_to_readout
20976,LC4,left,acetylcholine,10010,DNp01,left,57,0.3313953488372093,visual_to_readout
18127,LC4,right,acetylcholine,10001,DNp01,right,57,0.3313953488372093,visual_to_readout
30803,LC4,right,acetylcholine,10001,DNp01,right,57,0.3313953488372093,visual_to_readout
19634,LC4,right,acetylcholine,10001,DNp01,right,56,0.32558139534883723,visual_to_readout
35262,LC4,left,acetylcholine,10010,DNp01,left,56,0.32558139534883723,visual_to_readout
23392,LC4,right,acetylcholine,10001,DNp01,right,56,0.32558139534883723,visual_to_readout
23929,LC4,right,acetylcholine,10001,DNp01,right,56,0.32558139534883723,visual_to_readout
514670,LPLC2,left,acetylcholine,531898,DNp04,left,55,0.31976744186046513,visual_to_readout
20572,LC4,left,acetylcholine,10010,DNp01,left,55,0.31976744186046513,visual_to_readout
14888,LC4,left,acetylcholine,10010,DNp01,left,55,0.31976744186046513,visual_to_readout
21336,LC4,right,acetylcholine,10001,DNp01,right,55,0.31976744186046513,visual_to_readout
517752,LC4,left,acetylcholine,531898,DNp04,left,55,0.31976744186046513,visual_to_readout
81112,LC4,left,acetylcholine,10010,DNp01,left,55,0.31976744186046513,visual_to_readout
19787,LPLC2,left,acetylcholine,10010,DNp01,left,55,0.31976744186046513,visual_to_readout
517752,LC4,left,acetylcholine,10010,DNp01,left,55,0.31976744186046513,visual_to_readout
23202,LC4,left,acetylcholine,10010,DNp01,left,54,0.313953488372093,visual_to_readout
511914,LC4,left,acetylcholine,10010,DNp01,left,54,0.313953488372093,visual_to_readout
23792,LC4,right,acetylcholine,11137,DNp04,right,54,0.313953488372093,visual_to_readout
515900,LC4,left,acetylcholine,10010,DNp01,left,54,0.313953488372093,visual_to_readout
22557,LPLC2,left,acetylcholine,10010,DNp01,left,54,0.313953488372093,visual_to_readout
20269,LPLC2,right,acetylcholine,10001,DNp01,right,53,0.3081395348837209,visual_to_readout
512705,LC4,left,acetylcholine,10010,DNp01,left,53,0.3081395348837209,visual_to_readout
518544,LC4,left,acetylcholine,531898,DNp04,left,53,0.3081395348837209,visual_to_readout
19634,LC4,right,acetylcholine,11137,DNp04,right,53,0.3081395348837209,visual_to_readout
26112,LC4,right,acetylcholine,10001,DNp01,right,53,0.3081395348837209,visual_to_readout
16628,LC4,right,acetylcholine,10001,DNp01,right,53,0.3081395348837209,visual_to_readout
77614,LC4,left,acetylcholine,10010,DNp01,left,52,0.3023255813953488,visual_to_readout
18432,LC4,left,acetylcholine,10010,DNp01,left,52,0.3023255813953488,visual_to_readout
23792,LC4,right,acetylcholine,10001,DNp01,right,52,0.3023255813953488,visual_to_readout
23226,LC4,left,acetylcholine,10010,DNp01,left,52,0.3023255813953488,visual_to_readout
16138,LC4,right,acetylcholine,10001,DNp01,right,52,0.3023255813953488,visual_to_readout
21225,LC4,right,acetylcholine,10001,DNp01,right,52,0.3023255813953488,visual_to_readout
22922,LC4,left,acetylcholine,10010,DNp01,left,52,0.3023255813953488,visual_to_readout
37587,LC4,left,acetylcholine,10010,DNp01,left,51,0.29651162790697677,visual_to_readout
27624,LC4,left,acetylcholine,10010,DNp01,left,51,0.29651162790697677,visual_to_readout
111903,LPLC2,left,acetylcholine,10228,DNp06,left,51,0.29651162790697677,visual_to_readout
518730,LC4,left,acetylcholine,10010,DNp01,left,51,0.29651162790697677,visual_to_readout
28980,LC4,left,acetylcholine,10010,DNp01,left,51,0.29651162790697677,visual_to_readout
30087,LC4,left,acetylcholine,10010,DNp01,left,51,0.29651162790697677,visual_to_readout
21721,LC4,left,acetylcholine,10010,DNp01,left,51,0.29651162790697677,visual_to_readout
34845,LC4,left,acetylcholine,10010,DNp01,left,51,0.29651162790697677,visual_to_readout
533895,LPLC2,left,acetylcholine,10010,DNp01,left,50,0.29069767441860467,visual_to_readout
28980,LC4,left,acetylcholine,531898,DNp04,left,50,0.29069767441860467,visual_to_readout
13726,LPLC2,left,acetylcholine,531898,DNp04,left,50,0.29069767441860467,visual_to_readout
17860,LC4,right,acetylcholine,10001,DNp01,right,50,0.29069767441860467,visual_to_readout
19608,LPLC2,right,acetylcholine,10001,DNp01,right,49,0.28488372093023256,visual_to_readout
19543,LC4,right,acetylcholine,10001,DNp01,right,49,0.28488372093023256,visual_to_readout
20103,LPLC2,right,acetylcholine,10001,DNp01,right,48,0.27906976744186046,visual_to_readout
14030,LPLC2,left,acetylcholine,531898,DNp04,left,48,0.27906976744186046,visual_to_readout
24187,LPLC2,right,acetylcholine,10001,DNp01,right,48,0.27906976744186046,visual_to_readout
25854,LPLC2,left,acetylcholine,10010,DNp01,left,48,0.27906976744186046,visual_to_readout
17926,LC4,right,acetylcholine,10001,DNp01,right,48,0.27906976744186046,visual_to_readout
518731,LPLC2,left,acetylcholine,10010,DNp01,left,48,0.27906976744186046,visual_to_readout
21804,LC4,right,acetylcholine,10001,DNp01,right,48,0.27906976744186046,visual_to_readout
17364,LC4,right,acetylcholine,10001,DNp01,right,48,0.27906976744186046,visual_to_readout
17544,LPLC2,left,acetylcholine,10228,DNp06,left,47,0.27325581395348836,visual_to_readout
18672,LPLC2,right,acetylcholine,11137,DNp04,right,47,0.27325581395348836,visual_to_readout
516909,LC4,left,acetylcholine,10010,DNp01,left,47,0.27325581395348836,visual_to_readout
527408,LC4,right,acetylcholine,10001,DNp01,right,47,0.27325581395348836,visual_to_readout
518544,LC4,left,acetylcholine,10010,DNp01,left,47,0.27325581395348836,visual_to_readout
23919,LPLC2,left,acetylcholine,10010,DNp01,left,47,0.27325581395348836,visual_to_readout
519931,LC4,left,acetylcholine,531898,DNp04,left,47,0.27325581395348836,visual_to_readout
22328,LC4,right,acetylcholine,10001,DNp01,right,47,0.27325581395348836,visual_to_readout
20542,LC4,right,acetylcholine,10001,DNp01,right,47,0.27325581395348836,visual_to_readout
20047,LPLC2,right,acetylcholine,10001,DNp01,right,47,0.27325581395348836,visual_to_readout
21562,LPLC2,right,acetylcholine,10001,DNp01,right,47,0.27325581395348836,visual_to_readout
17266,LC4,right,acetylcholine,10001,DNp01,right,47,0.27325581395348836,visual_to_readout
24401,LPLC2,right,acetylcholine,10001,DNp01,right,47,0.27325581395348836,visual_to_readout
23878,LPLC2,right,acetylcholine,10001,DNp01,right,46,0.26744186046511625,visual_to_readout
520764,LPLC2,left,acetylcholine,10010,DNp01,left,46,0.26744186046511625,visual_to_readout
518983,LC4,left,acetylcholine,10010,DNp01,left,46,0.26744186046511625,visual_to_readout
17608,LC4,left,acetylcholine,10010,DNp01,left,46,0.26744186046511625,visual_to_readout
519650,LC4,left,acetylcholine,10010,DNp01,left,46,0.26744186046511625,visual_to_readout
20016,LC4,right,acetylcholine,10001,DNp01,right,46,0.26744186046511625,visual_to_readout
18189,LC4,right,acetylcholine,10001,DNp01,right,46,0.26744186046511625,visual_to_readout
20584,LPLC2,right,acetylcholine,11137,DNp04,right,46,0.26744186046511625,visual_to_readout
20799,LPLC2,left,acetylcholine,10010,DNp01,left,46,0.26744186046511625,visual_to_readout
30480,LC4,right,acetylcholine,10001,DNp01,right,45,0.2616279069767442,visual_to_readout
20162,LPLC2,right,acetylcholine,10001,DNp01,right,45,0.2616279069767442,visual_to_readout
515971,LPLC2,left,acetylcholine,10010,DNp01,left,45,0.2616279069767442,visual_to_readout
19420,LC4,right,acetylcholine,10001,DNp01,right,45,0.2616279069767442,visual_to_readout
31429,LC4,left,acetylcholine,10010,DNp01,left,45,0.2616279069767442,visual_to_readout
20440,LC4,left,acetylcholine,10010,DNp01,left,45,0.2616279069767442,visual_to_readout
31964,LPLC2,right,acetylcholine,10001,DNp01,right,44,0.2558139534883721,visual_to_readout
17775,LPLC2,left,acetylcholine,10010,DNp01,left,44,0.2558139534883721,visual_to_readout
20673,LC4,right,acetylcholine,10001,DNp01,right,44,0.2558139534883721,visual_to_readout
12384,LPLC2,left,acetylcholine,531898,DNp04,left,44,0.2558139534883721,visual_to_readout
515971,LPLC2,left,acetylcholine,531898,DNp04,left,44,0.2558139534883721,visual_to_readout
517819,LPLC2,left,acetylcholine,10010,DNp01,left,44,0.2558139534883721,visual_to_readout
19794,LC4,right,acetylcholine,10001,DNp01,right,44,0.2558139534883721,visual_to_readout
21769,LPLC2,right,acetylcholine,11137,DNp04,right,44,0.2558139534883721,visual_to_readout
23665,LPLC2,left,acetylcholine,10010,DNp01,left,43,0.25,visual_to_readout
20471,LPLC2,right,acetylcholine,10001,DNp01,right,43,0.25,visual_to_readout
28044,LPLC2,right,acetylcholine,10001,DNp01,right,43,0.25,visual_to_readout
31308,LC4,left,acetylcholine,10010,DNp01,left,43,0.25,visual_to_readout
517079,LPLC2,left,acetylcholine,10010,DNp01,left,43,0.25,visual_to_readout
21287,LC4,right,acetylcholine,10001,DNp01,right,43,0.25,visual_to_readout
100103,LPLC2,left,acetylcholine,531898,DNp04,left,43,0.25,visual_to_readout
13726,LPLC2,left,acetylcholine,10010,DNp01,left,43,0.25,visual_to_readout
25524,LPLC2,left,acetylcholine,10010,DNp01,left,43,0.25,visual_to_readout
20588,LC4,right,acetylcholine,10001,DNp01,right,43,0.25,visual_to_readout
24523,LC4,left,acetylcholine,10010,DNp01,left,42,0.2441860465116279,visual_to_readout
20917,LC4,right,acetylcholine,10001,DNp01,right,42,0.2441860465116279,visual_to_readout
520449,LC4,left,acetylcholine,10010,DNp01,left,42,0.2441860465116279,visual_to_readout
17775,LPLC2,left,acetylcholine,531898,DNp04,left,42,0.2441860465116279,visual_to_readout
22253,LPLC2,left,acetylcholine,531898,DNp04,left,42,0.2441860465116279,visual_to_readout
20808,LC4,right,acetylcholine,10001,DNp01,right,42,0.2441860465116279,visual_to_readout
22034,LC4,right,acetylcholine,10001,DNp01,right,42,0.2441860465116279,visual_to_readout
28945,LC4,right,acetylcholine,10001,DNp01,right,42,0.2441860465116279,visual_to_readout
26147,LPLC2,right,acetylcholine,10001,DNp01,right,42,0.2441860465116279,visual_to_readout
29417,LC4,left,acetylcholine,10010,DNp01,left,41,0.23837209302325582,visual_to_readout
28871,LPLC2,right,acetylcholine,10001,DNp01,right,41,0.23837209302325582,visual_to_readout
514508,LC4,left,acetylcholine,10010,DNp01,left,41,0.23837209302325582,visual_to_readout
23497,LPLC2,right,acetylcholine,10001,DNp01,right,41,0.23837209302325582,visual_to_readout
33185,LPLC2,right,acetylcholine,10001,DNp01,right,41,0.23837209302325582,visual_to_readout
24800,LPLC2,right,acetylcholine,10001,DNp01,right,41,0.23837209302325582,visual_to_readout
20240,LPLC2,left,acetylcholine,10010,DNp01,left,41,0.23837209302325582,visual_to_readout
23349,LPLC2,left,acetylcholine,10010,DNp01,left,41,0.23837209302325582,visual_to_readout
21313,LC4,right,acetylcholine,10001,DNp01,right,41,0.23837209302325582,visual_to_readout
25286,LPLC2,left,acetylcholine,10228,DNp06,left,40,0.23255813953488372,visual_to_readout
29563,LC4,right,acetylcholine,10001,DNp01,right,40,0.23255813953488372,visual_to_readout
16809,LC4,left,acetylcholine,10010,DNp01,left,40,0.23255813953488372,visual_to_readout
21151,LC4,right,acetylcholine,10001,DNp01,right,40,0.23255813953488372,visual_to_readout
521115,LPLC2,left,acetylcholine,10010,DNp01,left,40,0.23255813953488372,visual_to_readout
34407,LPLC2,left,acetylcholine,10010,DNp01,left,40,0.23255813953488372,visual_to_readout
18936,LPLC2,left,acetylcholine,10010,DNp01,left,40,0.23255813953488372,visual_to_readout
15018,LC4,left,acetylcholine,10010,DNp01,left,40,0.23255813953488372,visual_to_readout
24568,LPLC2,left,acetylcholine,10010,DNp01,left,39,0.22674418604651161,visual_to_readout
33137,LC4,left,acetylcholine,10010,DNp01,left,39,0.22674418604651161,visual_to_readout
23247,LPLC2,left,acetylcholine,531898,DNp04,left,39,0.22674418604651161,visual_to_readout
518016,LC4,left,acetylcholine,10010,DNp01,left,39,0.22674418604651161,visual_to_readout
41097,LPLC2,left,acetylcholine,10010,DNp01,left,39,0.22674418604651161,visual_to_readout
17987,LC4,right,acetylcholine,10001,DNp01,right,39,0.22674418604651161,visual_to_readout
107513,LC4,left,acetylcholine,10010,DNp01,left,39,0.22674418604651161,visual_to_readout
26528,LPLC2,left,acetylcholine,10010,DNp01,left,38,0.22093023255813954,visual_to_readout
18900,LPLC2,left,acetylcholine,10010,DNp01,left,38,0.22093023255813954,visual_to_readout
18936,LPLC2,left,acetylcholine,531898,DNp04,left,38,0.22093023255813954,visual_to_readout
17990,LPLC2,left,acetylcholine,10010,DNp01,left,38,0.22093023255813954,visual_to_readout
19954,LC4,right,acetylcholine,10001,DNp01,right,38,0.22093023255813954,visual_to_readout
24840,LPLC2,left,acetylcholine,10010,DNp01,left,38,0.22093023255813954,visual_to_readout
35889,LPLC2,right,acetylcholine,10001,DNp01,right,38,0.22093023255813954,visual_to_readout
95241,LPLC2,left,acetylcholine,531898,DNp04,left,38,0.22093023255813954,visual_to_readout
21808,LPLC2,right,acetylcholine,10001,DNp01,right,38,0.22093023255813954,visual_to_readout
20967,LC4,left,acetylcholine,10010,DNp01,left,38,0.22093023255813954,visual_to_readout
517078,LPLC2,left,acetylcholine,531898,DNp04,left,38,0.22093023255813954,visual_to_readout
519931,LC4,left,acetylcholine,10010,DNp01,left,37,0.21511627906976744,visual_to_readout
17059,LPLC2,left,acetylcholine,531898,DNp04,left,37,0.21511627906976744,visual_to_readout
19830,LPLC2,left,acetylcholine,10228,DNp06,left,37,0.21511627906976744,visual_to_readout
514670,LPLC2,left,acetylcholine,10010,DNp01,left,37,0.21511627906976744,visual_to_readout
19260,LC4,right,acetylcholine,10001,DNp01,right,37,0.21511627906976744,visual_to_readout
17551,LPLC2,right,acetylcholine,10001,DNp01,right,37,0.21511627906976744,visual_to_readout
20535,LPLC2,right,acetylcholine,10001,DNp01,right,37,0.21511627906976744,visual_to_readout
19146,LPLC2,right,acetylcholine,11137,DNp04,right,37,0.21511627906976744,visual_to_readout
17054,LC4,right,acetylcholine,10001,DNp01,right,37,0.21511627906976744,visual_to_readout
22261,LPLC2,right,acetylcholine,10001,DNp01,right,37,0.21511627906976744,visual_to_readout
18672,LPLC2,right,acetylcholine,10001,DNp01,right,36,0.20930232558139536,visual_to_readout
536444,LPLC2,left,acetylcholine,10010,DNp01,left,36,0.20930232558139536,visual_to_readout
20329,LPLC2,left,acetylcholine,10010,DNp01,left,36,0.20930232558139536,visual_to_readout
100103,LPLC2,left,acetylcholine,10010,DNp01,left,36,0.20930232558139536,visual_to_readout
38065,LC4,right,acetylcholine,10001,DNp01,right,36,0.20930232558139536,visual_to_readout
28188,LPLC2,left,acetylcholine,10010,DNp01,left,36,0.20930232558139536,visual_to_readout
26393,LPLC2,right,acetylcholine,10001,DNp01,right,36,0.20930232558139536,visual_to_readout
31262,LC4,right,acetylcholine,10001,DNp01,right,36,0.20930232558139536,visual_to_readout
20282,LC4,right,acetylcholine,10001,DNp01,right,35,0.20348837209302326,visual_to_readout
17548,LC4,right,acetylcholine,10001,DNp01,right,35,0.20348837209302326,visual_to_readout
24118,LPLC2,right,acetylcholine,10001,DNp01,right,35,0.20348837209302326,visual_to_readout
26730,LPLC2,right,acetylcholine,10584,DNp06,right,35,0.20348837209302326,visual_to_readout
33406,LPLC2,left,acetylcholine,10010,DNp01,left,35,0.20348837209302326,visual_to_readout
19229,LPLC2,right,acetylcholine,10001,DNp01,right,34,0.19767441860465115,visual_to_readout
21361,LPLC2,left,acetylcholine,10010,DNp01,left,34,0.19767441860465115,visual_to_readout
22218,LPLC2,right,acetylcholine,11137,DNp04,right,34,0.19767441860465115,visual_to_readout
13132,LPLC2,left,acetylcholine,531898,DNp04,left,34,0.19767441860465115,visual_to_readout
532254,LC4,left,acetylcholine,10010,DNp01,left,34,0.19767441860465115,visual_to_readout
19146,LPLC2,right,acetylcholine,10001,DNp01,right,34,0.19767441860465115,visual_to_readout
14102,LPLC2,left,acetylcholine,531898,DNp04,left,33,0.19186046511627908,visual_to_readout
34655,LPLC2,left,acetylcholine,10010,DNp01,left,33,0.19186046511627908,visual_to_readout
29702,LPLC2,left,acetylcholine,10010,DNp01,left,33,0.19186046511627908,visual_to_readout
14465,LPLC2,right,acetylcholine,11137,DNp04,right,33,0.19186046511627908,visual_to_readout
15804,LPLC2,left,acetylcholine,10010,DNp01,left,33,0.19186046511627908,visual_to_readout
17340,LC4,left,acetylcholine,10010,DNp01,left,33,0.19186046511627908,visual_to_readout
23590,LPLC2,right,acetylcholine,10001,DNp01,right,33,0.19186046511627908,visual_to_readout
32737,LPLC2,left,acetylcholine,10010,DNp01,left,33,0.19186046511627908,visual_to_readout
25497,LPLC2,right,acetylcholine,10001,DNp01,right,32,0.18604651162790697,visual_to_readout
25253,LPLC2,right,acetylcholine,10001,DNp01,right,32,0.18604651162790697,visual_to_readout
526286,LC4,left,acetylcholine,10010,DNp01,left,32,0.18604651162790697,visual_to_readout
21299,LPLC2,left,acetylcholine,531898,DNp04,left,32,0.18604651162790697,visual_to_readout
23098,LC4,right,acetylcholine,10001,DNp01,right,32,0.18604651162790697,visual_to_readout
29391,LPLC2,right,acetylcholine,10001,DNp01,right,32,0.18604651162790697,visual_to_readout
535341,LC4,left,acetylcholine,10010,DNp01,left,32,0.18604651162790697,visual_to_readout
11498,LPLC2,left,acetylcholine,531898,DNp04,left,31,0.18023255813953487,visual_to_readout
21165,LC4,right,acetylcholine,10001,DNp01,right,31,0.18023255813953487,visual_to_readout
23247,LPLC2,left,acetylcholine,10010,DNp01,left,31,0.18023255813953487,visual_to_readout
30893,LPLC2,left,acetylcholine,10228,DNp06,left,31,0.18023255813953487,visual_to_readout
29014,LPLC2,right,acetylcholine,10001,DNp01,right,31,0.18023255813953487,visual_to_readout
23550,LPLC2,left,acetylcholine,10010,DNp01,left,31,0.18023255813953487,visual_to_readout
17774,LPLC2,left,acetylcholine,531898,DNp04,left,31,0.18023255813953487,visual_to_readout
11137,DNp04,right,acetylcholine,10584,DNp06,right,31,0.18023255813953487,inter_readout
17990,LPLC2,left,acetylcholine,531898,DNp04,left,30,0.1744186046511628,visual_to_readout
21361,LPLC2,left,acetylcholine,531898,DNp04,left,30,0.1744186046511628,visual_to_readout
25572,LPLC2,left,acetylcholine,10010,DNp01,left,30,0.1744186046511628,visual_to_readout
20240,LPLC2,left,acetylcholine,531898,DNp04,left,30,0.1744186046511628,visual_to_readout
21862,LPLC2,right,acetylcholine,10001,DNp01,right,30,0.1744186046511628,visual_to_readout
27355,LPLC2,left,acetylcholine,10010,DNp01,left,30,0.1744186046511628,visual_to_readout
111787,LC4,left,acetylcholine,10010,DNp01,left,30,0.1744186046511628,visual_to_readout
25584,LC4,right,acetylcholine,10001,DNp01,right,30,0.1744186046511628,visual_to_readout
27716,LPLC2,left,acetylcholine,10010,DNp01,left,30,0.1744186046511628,visual_to_readout
24308,LPLC2,left,acetylcholine,10228,DNp06,left,30,0.1744186046511628,visual_to_readout
19229,LPLC2,right,acetylcholine,11137,DNp04,right,30,0.1744186046511628,visual_to_readout
20749,LPLC2,right,acetylcholine,11137,DNp04,right,30,0.1744186046511628,visual_to_readout
20694,LPLC2,right,acetylcholine,11137,DNp04,right,29,0.1686046511627907,visual_to_readout
23665,LPLC2,left,acetylcholine,531898,DNp04,left,29,0.1686046511627907,visual_to_readout
21703,LPLC2,right,acetylcholine,11137,DNp04,right,29,0.1686046511627907,visual_to_readout
29955,LPLC2,left,acetylcholine,10010,DNp01,left,29,0.1686046511627907,visual_to_readout
35632,LPLC2,right,acetylcholine,10584,DNp06,right,29,0.1686046511627907,visual_to_readout
29753,LPLC2,left,acetylcholine,10010,DNp01,left,29,0.1686046511627907,visual_to_readout
27796,LPLC2,left,acetylcholine,10010,DNp01,left,29,0.1686046511627907,visual_to_readout
29287,LPLC2,right,acetylcholine,10001,DNp01,right,29,0.1686046511627907,visual_to_readout
20182,LPLC2,right,acetylcholine,11137,DNp04,right,29,0.1686046511627907,visual_to_readout
20334,LPLC2,right,acetylcholine,11137,DNp04,right,29,0.1686046511627907,visual_to_readout
24268,LPLC2,right,acetylcholine,10001,DNp01,right,29,0.1686046511627907,visual_to_readout
26730,LPLC2,right,acetylcholine,11137,DNp04,right,29,0.1686046511627907,visual_to_readout
517819,LPLC2,left,acetylcholine,531898,DNp04,left,29,0.1686046511627907,visual_to_readout
27796,LPLC2,left,acetylcholine,531898,DNp04,left,28,0.16279069767441862,visual_to_readout
19034,LPLC2,right,acetylcholine,10001,DNp01,right,28,0.16279069767441862,visual_to_readout
25209,LPLC2,left,acetylcholine,10010,DNp01,left,28,0.16279069767441862,visual_to_readout
18900,LPLC2,left,acetylcholine,531898,DNp04,left,28,0.16279069767441862,visual_to_readout
13764,LPLC2,left,acetylcholine,531898,DNp04,left,28,0.16279069767441862,visual_to_readout
28741,LPLC2,right,acetylcholine,10001,DNp01,right,28,0.16279069767441862,visual_to_readout
20047,LPLC2,right,acetylcholine,11137,DNp04,right,28,0.16279069767441862,visual_to_readout
29815,LPLC2,left,acetylcholine,10010,DNp01,left,27,0.1569767441860465,visual_to_readout
21045,LPLC2,right,acetylcholine,10001,DNp01,right,27,0.1569767441860465,visual_to_readout
28011,LPLC2,left,acetylcholine,10010,DNp01,left,27,0.1569767441860465,visual_to_readout
14102,LPLC2,left,acetylcholine,10010,DNp01,left,27,0.1569767441860465,visual_to_readout
112292,LPLC2,left,acetylcholine,531898,DNp04,left,27,0.1569767441860465,visual_to_readout
525844,LPLC2,left,acetylcholine,10010,DNp01,left,27,0.1569767441860465,visual_to_readout
24308,LPLC2,left,acetylcholine,10010,DNp01,left,27,0.1569767441860465,visual_to_readout
30895,LPLC2,left,acetylcholine,10010,DNp01,left,27,0.1569767441860465,visual_to_readout
515900,LC4,left,acetylcholine,10228,DNp06,left,26,0.1511627906976744,visual_to_readout
27399,LPLC2,left,acetylcholine,531898,DNp04,left,26,0.1511627906976744,visual_to_readout
15804,LPLC2,left,acetylcholine,531898,DNp04,left,26,0.1511627906976744,visual_to_readout
23349,LPLC2,left,acetylcholine,531898,DNp04,left,26,0.1511627906976744,visual_to_readout
28003,LPLC2,right,acetylcholine,10001,DNp01,right,25,0.14534883720930233,visual_to_readout
24268,LPLC2,right,acetylcholine,10584,DNp06,right,25,0.14534883720930233,visual_to_readout
27399,LPLC2,left,acetylcholine,10010,DNp01,left,25,0.14534883720930233,visual_to_readout
21899,LPLC2,right,acetylcholine,11137,DNp04,right,25,0.14534883720930233,visual_to_readout
20471,LPLC2,right,acetylcholine,23590,LPLC2,right,25,0.14534883720930233,intra_population
20799,LPLC2,left,acetylcholine,531898,DNp04,left,24,0.13953488372093023,visual_to_readout
22677,LPLC2,right,acetylcholine,11137,DNp04,right,24,0.13953488372093023,visual_to_readout
22557,LPLC2,left,acetylcholine,531898,DNp04,left,24,0.13953488372093023,visual_to_readout
527408,LC4,right,acetylcholine,23929,LC4,right,24,0.13953488372093023,intra_population
31988,LPLC2,right,acetylcholine,10001,DNp01,right,24,0.13953488372093023,visual_to_readout
25511,LPLC2,right,acetylcholine,11137,DNp04,right,24,0.13953488372093023,visual_to_readout
25575,LPLC2,left,acetylcholine,10010,DNp01,left,24,0.13953488372093023,visual_to_readout
134521,LPLC2,left,acetylcholine,531898,DNp04,left,24,0.13953488372093023,visual_to_readout
33303,LPLC2,left,acetylcholine,10010,DNp01,left,24,0.13953488372093023,visual_to_readout
19830,LPLC2,left,acetylcholine,531898,DNp04,left,24,0.13953488372093023,visual_to_readout
24568,LPLC2,left,acetylcholine,531898,DNp04,left,23,0.13372093023255813,visual_to_readout
17551,LPLC2,right,acetylcholine,11137,DNp04,right,23,0.13372093023255813,visual_to_readout
23878,LPLC2,right,acetylcholine,11137,DNp04,right,23,0.13372093023255813,visual_to_readout
531014,LPLC2,left,acetylcholine,10010,DNp01,left,23,0.13372093023255813,visual_to_readout
40841,LPLC2,left,acetylcholine,10010,DNp01,left,23,0.13372093023255813,visual_to_readout
19249,LPLC2,right,acetylcholine,11137,DNp04,right,23,0.13372093023255813,visual_to_readout
20329,LPLC2,left,acetylcholine,531898,DNp04,left,23,0.13372093023255813,visual_to_readout
19034,LPLC2,right,acetylcholine,11137,DNp04,right,23,0.13372093023255813,visual_to_readout
17880,LPLC2,left,acetylcholine,531898,DNp04,left,23,0.13372093023255813,visual_to_readout
13726,LPLC2,left,acetylcholine,514670,LPLC2,left,23,0.13372093023255813,intra_population
25575,LPLC2,left,acetylcholine,531898,DNp04,left,23,0.13372093023255813,visual_to_readout
30938,LPLC2,right,acetylcholine,10001,DNp01,right,23,0.13372093023255813,visual_to_readout
531898,DNp04,left,acetylcholine,10228,DNp06,left,23,0.13372093023255813,inter_readout
25316,LPLC2,right,acetylcholine,10584,DNp06,right,23,0.13372093023255813,visual_to_readout
21299,LPLC2,left,acetylcholine,10228,DNp06,left,22,0.12790697674418605,visual_to_readout
23497,LPLC2,right,acetylcholine,10584,DNp06,right,22,0.12790697674418605,visual_to_readout
26416,LPLC2,left,acetylcholine,10228,DNp06,left,22,0.12790697674418605,visual_to_readout
19549,LPLC2,right,acetylcholine,11137,DNp04,right,22,0.12790697674418605,visual_to_readout
129687,LPLC2,left,acetylcholine,10010,DNp01,left,22,0.12790697674418605,visual_to_readout
518731,LPLC2,left,acetylcholine,515971,LPLC2,left,22,0.12790697674418605,intra_population
24840,LPLC2,left,acetylcholine,531898,DNp04,left,22,0.12790697674418605,visual_to_readout
21808,LPLC2,right,acetylcholine,11137,DNp04,right,22,0.12790697674418605,visual_to_readout
32737,LPLC2,left,acetylcholine,531898,DNp04,left,22,0.12790697674418605,visual_to_readout
20240,LPLC2,left,acetylcholine,100103,LPLC2,left,21,0.12209302325581395,intra_population
33439,LPLC2,right,acetylcholine,10001,DNp01,right,21,0.12209302325581395,visual_to_readout
35680,LPLC2,right,acetylcholine,10001,DNp01,right,21,0.12209302325581395,visual_to_readout
17987,LC4,right,acetylcholine,19550,LC4,right,21,0.12209302325581395,intra_population
13132,LPLC2,left,acetylcholine,10228,DNp06,left,21,0.12209302325581395,visual_to_readout
19550,LC4,right,acetylcholine,10001,DNp01,right,21,0.12209302325581395,visual_to_readout
39620,LPLC2,right,acetylcholine,10001,DNp01,right,21,0.12209302325581395,visual_to_readout
518731,LPLC2,left,acetylcholine,531898,DNp04,left,21,0.12209302325581395,visual_to_readout
21318,LPLC2,right,acetylcholine,11137,DNp04,right,21,0.12209302325581395,visual_to_readout
14465,LPLC2,right,acetylcholine,10001,DNp01,right,21,0.12209302325581395,visual_to_readout
19589,LPLC2,right,acetylcholine,11137,DNp04,right,21,0.12209302325581395,visual_to_readout
112292,LPLC2,left,acetylcholine,10010,DNp01,left,21,0.12209302325581395,visual_to_readout
95241,LPLC2,left,acetylcholine,514670,LPLC2,left,21,0.12209302325581395,intra_population
25511,LPLC2,right,acetylcholine,10001,DNp01,right,21,0.12209302325581395,visual_to_readout
37431,LPLC2,right,acetylcholine,10001,DNp01,right,21,0.12209302325581395,visual_to_readout
25316,LPLC2,right,acetylcholine,11137,DNp04,right,21,0.12209302325581395,visual_to_readout
28044,LPLC2,right,acetylcholine,11137,DNp04,right,21,0.12209302325581395,visual_to_readout
520764,LPLC2,left,acetylcholine,536444,LPLC2,left,21,0.12209302325581395,intra_population
14888,LC4,left,acetylcholine,10228,DNp06,left,21,0.12209302325581395,visual_to_readout
26915,LPLC2,right,acetylcholine,10001,DNp01,right,21,0.12209302325581395,visual_to_readout
33396,LPLC2,right,acetylcholine,10001,DNp01,right,21,0.12209302325581395,visual_to_readout
26416,LPLC2,left,acetylcholine,531898,DNp04,left,20,0.11627906976744186,visual_to_readout
521115,LPLC2,left,acetylcholine,531898,DNp04,left,20,0.11627906976744186,visual_to_readout
33965,LPLC2,left,acetylcholine,10010,DNp01,left,20,0.11627906976744186,visual_to_readout
25636,LPLC2,right,acetylcholine,10001,DNp01,right,20,0.11627906976744186,visual_to_readout
22261,LPLC2,right,acetylcholine,11137,DNp04,right,20,0.11627906976744186,visual_to_readout
34372,LPLC2,right,acetylcholine,11137,DNp04,right,20,0.11627906976744186,visual_to_readout
524366,LPLC2,left,acetylcholine,10010,DNp01,left,20,0.11627906976744186,visual_to_readout
29598,LPLC2,right,acetylcholine,10584,DNp06,right,20,0.11627906976744186,visual_to_readout
33396,LPLC2,right,acetylcholine,10584,DNp06,right,20,0.11627906976744186,visual_to_readout
27716,LPLC2,left,acetylcholine,531898,DNp04,left,20,0.11627906976744186,visual_to_readout
19589,LPLC2,right,acetylcholine,10001,DNp01,right,20,0.11627906976744186,visual_to_readout
12384,LPLC2,left,acetylcholine,10228,DNp06,left,20,0.11627906976744186,visual_to_readout
19842,LPLC2,right,acetylcholine,11137,DNp04,right,20,0.11627906976744186,visual_to_readout
17653,LC4,left,acetylcholine,10228,DNp06,left,20,0.11627906976744186,visual_to_readout
27566,LPLC2,right,acetylcholine,10584,DNp06,right,20,0.11627906976744186,visual_to_readout
39620,LPLC2,right,acetylcholine,10584,DNp06,right,20,0.11627906976744186,visual_to_readout
516909,LC4,left,acetylcholine,10228,DNp06,left,20,0.11627906976744186,visual_to_readout
12384,LPLC2,left,acetylcholine,10010,DNp01,left,20,0.11627906976744186,visual_to_readout
25027,LPLC2,left,acetylcholine,10010,DNp01,left,20,0.11627906976744186,visual_to_readout
20471,LPLC2,right,acetylcholine,24187,LPLC2,right,19,0.11046511627906977,intra_population
24605,LPLC2,left,acetylcholine,531898,DNp04,left,19,0.11046511627906977,visual_to_readout
32237,LPLC2,left,acetylcholine,10010,DNp01,left,19,0.11046511627906977,visual_to_readout
17774,LPLC2,left,acetylcholine,10010,DNp01,left,19,0.11046511627906977,visual_to_readout
515971,LPLC2,left,acetylcholine,518731,LPLC2,left,19,0.11046511627906977,intra_population
31257,LPLC2,right,acetylcholine,10001,DNp01,right,19,0.11046511627906977,visual_to_readout
23929,LC4,right,acetylcholine,527408,LC4,right,19,0.11046511627906977,intra_population
12824,LC4,left,acetylcholine,515900,LC4,left,19,0.11046511627906977,intra_population
81112,LC4,left,acetylcholine,10228,DNp06,left,19,0.11046511627906977,visual_to_readout
25524,LPLC2,left,acetylcholine,531898,DNp04,left,19,0.11046511627906977,visual_to_readout
515971,LPLC2,left,acetylcholine,514670,LPLC2,left,19,0.11046511627906977,intra_population
514670,LPLC2,left,acetylcholine,95241,LPLC2,left,19,0.11046511627906977,intra_population
20103,LPLC2,right,acetylcholine,11137,DNp04,right,19,0.11046511627906977,visual_to_readout
24187,LPLC2,right,acetylcholine,26393,LPLC2,right,19,0.11046511627906977,intra_population
34681,LPLC2,right,acetylcholine,10001,DNp01,right,19,0.11046511627906977,visual_to_readout
17340,LC4,left,acetylcholine,10228,DNp06,left,19,0.11046511627906977,visual_to_readout
28871,LPLC2,right,acetylcholine,11137,DNp04,right,19,0.11046511627906977,visual_to_readout
32507,LPLC2,right,acetylcholine,10001,DNp01,right,19,0.11046511627906977,visual_to_readout
27624,LC4,left,acetylcholine,15018,LC4,left,19,0.11046511627906977,intra_population
34407,LPLC2,left,acetylcholine,531898,DNp04,left,19,0.11046511627906977,visual_to_readout
17478,LC4,left,acetylcholine,10228,DNp06,left,19,0.11046511627906977,visual_to_readout
20694,LPLC2,right,acetylcholine,10001,DNp01,right,19,0.11046511627906977,visual_to_readout
20162,LPLC2,right,acetylcholine,11137,DNp04,right,19,0.11046511627906977,visual_to_readout
19787,LPLC2,left,acetylcholine,531014,LPLC2,left,19,0.11046511627906977,intra_population
18929,LPLC2,right,acetylcholine,10584,DNp06,right,18,0.10465116279069768,visual_to_readout
20535,LPLC2,right,acetylcholine,11137,DNp04,right,18,0.10465116279069768,visual_to_readout
34845,LC4,left,acetylcholine,10228,DNp06,left,18,0.10465116279069768,visual_to_readout
19589,LPLC2,right,acetylcholine,18672,LPLC2,right,18,0.10465116279069768,intra_population
19608,LPLC2,right,acetylcholine,20162,LPLC2,right,18,0.10465116279069768,intra_population
37613,LPLC2,right,acetylcholine,10584,DNp06,right,18,0.10465116279069768,visual_to_readout
25209,LPLC2,left,acetylcholine,531898,DNp04,left,18,0.10465116279069768,visual_to_readout
20329,LPLC2,left,acetylcholine,517819,LPLC2,left,18,0.10465116279069768,intra_population
32223,LPLC2,left,acetylcholine,531898,DNp04,left,18,0.10465116279069768,visual_to_readout
22677,LPLC2,right,acetylcholine,19550,LC4,right,18,0.10465116279069768,cross_visual
30895,LPLC2,left,acetylcholine,531898,DNp04,left,18,0.10465116279069768,visual_to_readout
531014,LPLC2,left,acetylcholine,31563,LPLC2,left,18,0.10465116279069768,intra_population
134521,LPLC2,left,acetylcholine,10010,DNp01,left,18,0.10465116279069768,visual_to_readout
30512,LPLC2,left,acetylcholine,10010,DNp01,left,18,0.10465116279069768,visual_to_readout
18478,LC4,left,acetylcholine,10228,DNp06,left,18,0.10465116279069768,visual_to_readout
15804,LPLC2,left,acetylcholine,20329,LPLC2,left,18,0.10465116279069768,intra_population
40841,LPLC2,left,acetylcholine,531898,DNp04,left,18,0.10465116279069768,visual_to_readout
29986,LPLC2,right,acetylcholine,10001,DNp01,right,18,0.10465116279069768,visual_to_readout
29873,LPLC2,right,acetylcholine,11137,DNp04,right,18,0.10465116279069768,visual_to_readout
100103,LPLC2,left,acetylcholine,20240,LPLC2,left,18,0.10465116279069768,intra_population
18929,LPLC2,right,acetylcholine,11137,DNp04,right,18,0.10465116279069768,visual_to_readout
16628,LC4,right,acetylcholine,16128,LC4,right,18,0.10465116279069768,intra_population
518983,LC4,left,acetylcholine,10228,DNp06,left,18,0.10465116279069768,visual_to_readout
27624,LC4,left,acetylcholine,518439,LC4,left,17,0.09883720930232558,intra_population
21769,LPLC2,right,acetylcholine,10584,DNp06,right,17,0.09883720930232558,visual_to_readout
23919,LPLC2,left,acetylcholine,27355,LPLC2,left,17,0.09883720930232558,intra_population
20471,LPLC2,right,acetylcholine,11137,DNp04,right,17,0.09883720930232558,visual_to_readout
21769,LPLC2,right,acetylcholine,18189,LC4,right,17,0.09883720930232558,cross_visual
40811,LPLC2,left,acetylcholine,10010,DNp01,left,17,0.09883720930232558,visual_to_readout
515971,LPLC2,left,acetylcholine,23349,LPLC2,left,17,0.09883720930232558,intra_population
15018,LC4,left,acetylcholine,530029,LC4,left,17,0.09883720930232558,intra_population
531014,LPLC2,left,acetylcholine,29702,LPLC2,left,17,0.09883720930232558,intra_population
34051,LPLC2,left,acetylcholine,10010,DNp01,left,17,0.09883720930232558,visual_to_readout
21045,LPLC2,right,acetylcholine,11137,DNp04,right,17,0.09883720930232558,visual_to_readout
29702,LPLC2,left,acetylcholine,531898,DNp04,left,17,0.09883720930232558,visual_to_readout
50287,LPLC2,right,acetylcholine,10001,DNp01,right,17,0.09883720930232558,visual_to_readout
27471,LPLC2,right,acetylcholine,10001,DNp01,right,17,0.09883720930232558,visual_to_readout
16128,LC4,right,acetylcholine,16628,LC4,right,17,0.09883720930232558,intra_population
29469,LC4,left,acetylcholine,10228,DNp06,left,17,0.09883720930232558,visual_to_readout
27023,LPLC2,left,acetylcholine,531898,DNp04,left,17,0.09883720930232558,visual_to_readout
17608,LC4,left,acetylcholine,10228,DNp06,left,17,0.09883720930232558,visual_to_readout
19608,LPLC2,right,acetylcholine,20535,LPLC2,right,17,0.09883720930232558,intra_population
29216,LPLC2,right,acetylcholine,10001,DNp01,right,17,0.09883720930232558,visual_to_readout
77614,LC4,left,acetylcholine,16917,LC4,left,17,0.09883720930232558,intra_population
29319,LPLC2,left,acetylcholine,10010,DNp01,left,17,0.09883720930232558,visual_to_readout
27471,LPLC2,right,acetylcholine,11137,DNp04,right,17,0.09883720930232558,visual_to_readout
514670,LPLC2,left,acetylcholine,13726,LPLC2,left,16,0.09302325581395349,intra_population
17551,LPLC2,right,acetylcholine,14465,LPLC2,right,16,0.09302325581395349,intra_population
518439,LC4,left,acetylcholine,530029,LC4,left,16,0.09302325581395349,intra_population
12349,LC4,left,acetylcholine,10228,DNp06,left,16,0.09302325581395349,visual_to_readout
17551,LPLC2,right,acetylcholine,18672,LPLC2,right,16,0.09302325581395349,intra_population
55627,LPLC2,right,acetylcholine,10001,DNp01,right,16,0.09302325581395349,visual_to_readout
17775,LPLC2,left,acetylcholine,100103,LPLC2,left,16,0.09302325581395349,intra_population
20859,LC4,left,acetylcholine,10228,DNp06,left,16,0.09302325581395349,visual_to_readout
20269,LPLC2,right,acetylcholine,11137,DNp04,right,16,0.09302325581395349,visual_to_readout
15018,LC4,left,acetylcholine,27624,LC4,left,16,0.09302325581395349,intra_population
24800,LPLC2,right,acetylcholine,11137,DNp04,right,16,0.09302325581395349,visual_to_readout
107513,LC4,left,acetylcholine,10228,DNp06,left,16,0.09302325581395349,visual_to_readout
29873,LPLC2,right,acetylcholine,10001,DNp01,right,16,0.09302325581395349,visual_to_readout
19787,LPLC2,left,acetylcholine,515971,LPLC2,left,16,0.09302325581395349,intra_population
33406,LPLC2,left,acetylcholine,531898,DNp04,left,16,0.09302325581395349,visual_to_readout
18672,LPLC2,right,acetylcholine,17551,LPLC2,right,16,0.09302325581395349,intra_population
18929,LPLC2,right,acetylcholine,17551,LPLC2,right,16,0.09302325581395349,intra_population
34110,LPLC2,right,acetylcholine,10001,DNp01,right,16,0.09302325581395349,visual_to_readout
27355,LPLC2,left,acetylcholine,10228,DNp06,left,16,0.09302325581395349,visual_to_readout
33303,LPLC2,left,acetylcholine,10228,DNp06,left,16,0.09302325581395349,visual_to_readout
20440,LC4,left,acetylcholine,520449,LC4,left,16,0.09302325581395349,intra_population
19608,LPLC2,right,acetylcholine,11137,DNp04,right,16,0.09302325581395349,visual_to_readout
19589,LPLC2,right,acetylcholine,10584,DNp06,right,16,0.09302325581395349,visual_to_readout
20440,LC4,left,acetylcholine,20967,LC4,left,16,0.09302325581395349,intra_population
19608,LPLC2,right,acetylcholine,17551,LPLC2,right,16,0.09302325581395349,intra_population
25854,LPLC2,left,acetylcholine,531898,DNp04,left,16,0.09302325581395349,visual_to_readout
13132,LPLC2,left,acetylcholine,515900,LC4,left,15,0.0872093023255814,cross_visual
20694,LPLC2,right,acetylcholine,20749,LPLC2,right,15,0.0872093023255814,intra_population
19787,LPLC2,left,acetylcholine,531898,DNp04,left,15,0.0872093023255814,visual_to_readout
27624,LC4,left,acetylcholine,10228,DNp06,left,15,0.0872093023255814,visual_to_readout
24187,LPLC2,right,acetylcholine,20471,LPLC2,right,15,0.0872093023255814,intra_population
13764,LPLC2,left,acetylcholine,10228,DNp06,left,15,0.0872093023255814,visual_to_readout
32507,LPLC2,right,acetylcholine,11137,DNp04,right,15,0.0872093023255814,visual_to_readout
23202,LC4,left,acetylcholine,24523,LC4,left,15,0.0872093023255814,intra_population
31964,LPLC2,right,acetylcholine,35889,LPLC2,right,15,0.0872093023255814,intra_population
16128,LC4,right,acetylcholine,17054,LC4,right,15,0.0872093023255814,intra_population
20329,LPLC2,left,acetylcholine,520764,LPLC2,left,15,0.0872093023255814,intra_population
100103,LPLC2,left,acetylcholine,17059,LPLC2,left,15,0.0872093023255814,intra_population
23247,LPLC2,left,acetylcholine,21361,LPLC2,left,15,0.0872093023255814,intra_population
17608,LC4,left,acetylcholine,37587,LC4,left,15,0.0872093023255814,intra_population
17551,LPLC2,right,acetylcholine,19589,LPLC2,right,15,0.0872093023255814,intra_population
23590,LPLC2,right,acetylcholine,28044,LPLC2,right,15,0.0872093023255814,intra_population
20588,LC4,right,acetylcholine,10584,DNp06,right,15,0.0872093023255814,visual_to_readout
20584,LPLC2,right,acetylcholine,17548,LC4,right,15,0.0872093023255814,cross_visual
100103,LPLC2,left,acetylcholine,17775,LPLC2,left,15,0.0872093023255814,intra_population
20269,LPLC2,right,acetylcholine,20535,LPLC2,right,15,0.0872093023255814,intra_population
20240,LPLC2,left,acetylcholine,517078,LPLC2,left,15,0.0872093023255814,intra_population
531014,LPLC2,left,acetylcholine,19787,LPLC2,left,15,0.0872093023255814,intra_population
34681,LPLC2,right,acetylcholine,10584,DNp06,right,15,0.0872093023255814,visual_to_readout
25497,LPLC2,right,acetylcholine,11137,DNp04,right,15,0.0872093023255814,visual_to_readout
518731,LPLC2,left,acetylcholine,531014,LPLC2,left,15,0.0872093023255814,intra_population
19260,LC4,right,acetylcholine,17668,LC4,right,15,0.0872093023255814,intra_population
29702,LPLC2,left,acetylcholine,25572,LPLC2,left,15,0.0872093023255814,intra_population
21808,LPLC2,right,acetylcholine,20471,LPLC2,right,15,0.0872093023255814,intra_population
21899,LPLC2,right,acetylcholine,10001,DNp01,right,15,0.0872093023255814,visual_to_readout
27750,LC4,left,acetylcholine,15018,LC4,left,15,0.0872093023255814,intra_population
19249,LPLC2,right,acetylcholine,17054,LC4,right,15,0.0872093023255814,cross_visual
20103,LPLC2,right,acetylcholine,18672,LPLC2,right,15,0.0872093023255814,intra_population
515971,LPLC2,left,acetylcholine,25854,LPLC2,left,15,0.0872093023255814,intra_population
515971,LPLC2,left,acetylcholine,17990,LPLC2,left,15,0.0872093023255814,intra_population
25584,LC4,right,acetylcholine,19954,LC4,right,15,0.0872093023255814,intra_population
18478,LC4,left,acetylcholine,24523,LC4,left,15,0.0872093023255814,intra_population
25136,LPLC2,left,acetylcholine,10010,DNp01,left,15,0.0872093023255814,visual_to_readout
28003,LPLC2,right,acetylcholine,10584,DNp06,right,15,0.0872093023255814,visual_to_readout
518439,LC4,left,acetylcholine,27624,LC4,left,15,0.0872093023255814,intra_population
515971,LPLC2,left,acetylcholine,18936,LPLC2,left,15,0.0872093023255814,intra_population
19787,LPLC2,left,acetylcholine,533895,LPLC2,left,15,0.0872093023255814,intra_population
24523,LC4,left,acetylcholine,18478,LC4,left,15,0.0872093023255814,intra_population
19549,LPLC2,right,acetylcholine,19794,LC4,right,15,0.0872093023255814,cross_visual
17880,LPLC2,left,acetylcholine,10010,DNp01,left,15,0.0872093023255814,visual_to_readout
29183,LPLC2,right,acetylcholine,10584,DNp06,right,15,0.0872093023255814,visual_to_readout
18672,LPLC2,right,acetylcholine,19589,LPLC2,right,15,0.0872093023255814,intra_population
13726,LPLC2,left,acetylcholine,25524,LPLC2,left,15,0.0872093023255814,intra_population
517078,LPLC2,left,acetylcholine,10010,DNp01,left,15,0.0872093023255814,visual_to_readout
21899,LPLC2,right,acetylcholine,20694,LPLC2,right,15,0.0872093023255814,intra_population
21336,LC4,right,acetylcholine,10584,DNp06,right,15,0.0872093023255814,visual_to_readout
517079,LPLC2,left,acetylcholine,28188,LPLC2,left,15,0.0872093023255814,intra_population
511914,LC4,left,acetylcholine,23226,LC4,left,14,0.08139534883720931,intra_population
17990,LPLC2,left,acetylcholine,20329,LPLC2,left,14,0.08139534883720931,intra_population
100103,LPLC2,left,acetylcholine,95241,LPLC2,left,14,0.08139534883720931,intra_population
21721,LC4,left,acetylcholine,532254,LC4,left,14,0.08139534883720931,intra_population
514670,LPLC2,left,acetylcholine,23349,LPLC2,left,14,0.08139534883720931,intra_population
19146,LPLC2,right,acetylcholine,17551,LPLC2,right,14,0.08139534883720931,intra_population
515971,LPLC2,left,acetylcholine,95241,LPLC2,left,14,0.08139534883720931,intra_population
19146,LPLC2,right,acetylcholine,14465,LPLC2,right,14,0.08139534883720931,intra_population
519650,LC4,left,acetylcholine,20859,LC4,left,14,0.08139534883720931,intra_population
21899,LPLC2,right,acetylcholine,17551,LPLC2,right,14,0.08139534883720931,intra_population
20334,LPLC2,right,acetylcholine,10001,DNp01,right,14,0.08139534883720931,visual_to_readout
22677,LPLC2,right,acetylcholine,10584,DNp06,right,14,0.08139534883720931,visual_to_readout
533129,LC4,left,acetylcholine,20859,LC4,left,14,0.08139534883720931,intra_population
20440,LC4,left,acetylcholine,10228,DNp06,left,14,0.08139534883720931,visual_to_readout
35889,LPLC2,right,acetylcholine,31964,LPLC2,right,14,0.08139534883720931,intra_population
17551,LPLC2,right,acetylcholine,20535,LPLC2,right,14,0.08139534883720931,intra_population
517079,LPLC2,left,acetylcholine,520764,LPLC2,left,14,0.08139534883720931,intra_population
22218,LPLC2,right,acetylcholine,10001,DNp01,right,14,0.08139534883720931,visual_to_readout
21045,LPLC2,right,acetylcholine,21862,LPLC2,right,14,0.08139534883720931,intra_population
21562,LPLC2,right,acetylcholine,11137,DNp04,right,14,0.08139534883720931,visual_to_readout
18929,LPLC2,right,acetylcholine,19589,LPLC2,right,14,0.08139534883720931,intra_population
15804,LPLC2,left,acetylcholine,518731,LPLC2,left,14,0.08139534883720931,intra_population
129687,LPLC2,left,acetylcholine,531898,DNp04,left,14,0.08139534883720931,visual_to_readout
12824,LC4,left,acetylcholine,20859,LC4,left,14,0.08139534883720931,intra_population
30207,LPLC2,right,acetylcholine,11137,DNp04,right,14,0.08139534883720931,visual_to_readout
530029,LC4,left,acetylcholine,518439,LC4,left,14,0.08139534883720931,intra_population
21299,LPLC2,left,acetylcholine,12384,LPLC2,left,14,0.08139534883720931,intra_population
23919,LPLC2,left,acetylcholine,531898,DNp04,left,14,0.08139534883720931,visual_to_readout
30803,LC4,right,acetylcholine,30480,LC4,right,14,0.08139534883720931,intra_population
24308,LPLC2,left,acetylcholine,29815,LPLC2,left,14,0.08139534883720931,intra_population
29815,LPLC2,left,acetylcholine,10228,DNp06,left,14,0.08139534883720931,visual_to_readout
16128,LC4,right,acetylcholine,18189,LC4,right,14,0.08139534883720931,intra_population
29702,LPLC2,left,acetylcholine,531014,LPLC2,left,14,0.08139534883720931,intra_population
21361,LPLC2,left,acetylcholine,17774,LPLC2,left,14,0.08139534883720931,intra_population
24308,LPLC2,left,acetylcholine,531898,DNp04,left,14,0.08139534883720931,visual_to_readout
24401,LPLC2,right,acetylcholine,21562,LPLC2,right,14,0.08139534883720931,intra_population
29598,LPLC2,right,acetylcholine,23929,LC4,right,14,0.08139534883720931,cross_visual
29598,LPLC2,right,acetylcholine,10001,DNp01,right,14,0.08139534883720931,visual_to_readout
95241,LPLC2,left,acetylcholine,17653,LC4,left,14,0.08139534883720931,cross_visual
21318,LPLC2,right,acetylcholine,10584,DNp06,right,14,0.08139534883720931,visual_to_readout
531014,LPLC2,left,acetylcholine,33303,LPLC2,left,14,0.08139534883720931,intra_population
13726,LPLC2,left,acetylcholine,20240,LPLC2,left,14,0.08139534883720931,intra_population
34051,LPLC2,left,acetylcholine,531898,DNp04,left,14,0.08139534883720931,visual_to_readout
77614,LC4,left,acetylcholine,10228,DNp06,left,14,0.08139534883720931,visual_to_readout
515971,LPLC2,left,acetylcholine,19787,LPLC2,left,14,0.08139534883720931,intra_population
515900,LC4,left,acetylcholine,17478,LC4,left,14,0.08139534883720931,intra_population
28044,LPLC2,right,acetylcholine,35889,LPLC2,right,14,0.08139534883720931,intra_population
14102,LPLC2,left,acetylcholine,10228,DNp06,left,14,0.08139534883720931,visual_to_readout
18396,LC4,left,acetylcholine,530029,LC4,left,14,0.08139534883720931,intra_population
24605,LPLC2,left,acetylcholine,10228,DNp06,left,14,0.08139534883720931,visual_to_readout
28044,LPLC2,right,acetylcholine,23590,LPLC2,right,14,0.08139534883720931,intra_population
41097,LPLC2,left,acetylcholine,531898,DNp04,left,14,0.08139534883720931,visual_to_readout
28011,LPLC2,left,acetylcholine,531898,DNp04,left,14,0.08139534883720931,visual_to_readout
31563,LPLC2,left,acetylcholine,533895,LPLC2,left,14,0.08139534883720931,intra_population
15804,LPLC2,left,acetylcholine,23202,LC4,left,14,0.08139534883720931,cross_visual
21703,LPLC2,right,acetylcholine,19146,LPLC2,right,14,0.08139534883720931,intra_population
19146,LPLC2,right,acetylcholine,19608,LPLC2,right,14,0.08139534883720931,intra_population
21703,LPLC2,right,acetylcholine,17551,LPLC2,right,14,0.08139534883720931,intra_population
20859,LC4,left,acetylcholine,23202,LC4,left,14,0.08139534883720931,intra_population
20859,LC4,left,acetylcholine,17270,LC4,left,14,0.08139534883720931,intra_population
21703,LPLC2,right,acetylcholine,10001,DNp01,right,14,0.08139534883720931,visual_to_readout
17340,LC4,left,acetylcholine,533129,LC4,left,14,0.08139534883720931,intra_population
19549,LPLC2,right,acetylcholine,10584,DNp06,right,14,0.08139534883720931,visual_to_readout
13726,LPLC2,left,acetylcholine,18936,LPLC2,left,14,0.08139534883720931,intra_population
16917,LC4,left,acetylcholine,77614,LC4,left,14,0.08139534883720931,intra_population
25636,LPLC2,right,acetylcholine,11137,DNp04,right,14,0.08139534883720931,visual_to_readout
514670,LPLC2,left,acetylcholine,515971,LPLC2,left,14,0.08139534883720931,intra_population
22253,LPLC2,left,acetylcholine,24568,LPLC2,left,14,0.08139534883720931,intra_population
35838,LPLC2,right,acetylcholine,10584,DNp06,right,14,0.08139534883720931,visual_to_readout
19608,LPLC2,right,acetylcholine,19146,LPLC2,right,14,0.08139534883720931,intra_population
14465,LPLC2,right,acetylcholine,17551,LPLC2,right,14,0.08139534883720931,intra_population
517819,LPLC2,left,acetylcholine,20329,LPLC2,left,14,0.08139534883720931,intra_population
14465,LPLC2,right,acetylcholine,20694,LPLC2,right,14,0.08139534883720931,intra_population
25524,LPLC2,left,acetylcholine,19787,LPLC2,left,14,0.08139534883720931,intra_population
12384,LPLC2,left,acetylcholine,21299,LPLC2,left,14,0.08139534883720931,intra_population
14465,LPLC2,right,acetylcholine,18929,LPLC2,right,14,0.08139534883720931,intra_population
533895,LPLC2,left,acetylcholine,31563,LPLC2,left,14,0.08139534883720931,intra_population
100103,LPLC2,left,acetylcholine,515971,LPLC2,left,14,0.08139534883720931,intra_population
30480,LC4,right,acetylcholine,22034,LC4,right,14,0.08139534883720931,intra_population
20799,LPLC2,left,acetylcholine,533895,LPLC2,left,14,0.08139534883720931,intra_population
18672,LPLC2,right,acetylcholine,20103,LPLC2,right,14,0.08139534883720931,intra_population
14465,LPLC2,right,acetylcholine,19146,LPLC2,right,14,0.08139534883720931,intra_population
20535,LPLC2,right,acetylcholine,19608,LPLC2,right,14,0.08139534883720931,intra_population
518983,LC4,left,acetylcholine,81112,LC4,left,13,0.0755813953488372,intra_population
23919,LPLC2,left,acetylcholine,10228,DNp06,left,13,0.0755813953488372,visual_to_readout
17653,LC4,left,acetylcholine,515900,LC4,left,13,0.0755813953488372,intra_population
536444,LPLC2,left,acetylcholine,520764,LPLC2,left,13,0.0755813953488372,intra_population
20967,LC4,left,acetylcholine,519931,LC4,left,13,0.0755813953488372,intra_population
519650,LC4,left,acetylcholine,10228,DNp06,left,13,0.0755813953488372,visual_to_readout
24523,LC4,left,acetylcholine,23202,LC4,left,13,0.0755813953488372,intra_population
20103,LPLC2,right,acetylcholine,21808,LPLC2,right,13,0.0755813953488372,intra_population
29183,LPLC2,right,acetylcholine,10001,DNp01,right,13,0.0755813953488372,visual_to_readout
20016,LC4,right,acetylcholine,10584,DNp06,right,13,0.0755813953488372,visual_to_readout
100103,LPLC2,left,acetylcholine,24605,LPLC2,left,13,0.0755813953488372,intra_population
29014,LPLC2,right,acetylcholine,11137,DNp04,right,13,0.0755813953488372,visual_to_readout
28945,LC4,right,acetylcholine,30803,LC4,right,13,0.0755813953488372,intra_population
31563,LPLC2,left,acetylcholine,25854,LPLC2,left,13,0.0755813953488372,intra_population
514956,LC4,left,acetylcholine,15018,LC4,left,13,0.0755813953488372,intra_population
28945,LC4,right,acetylcholine,22975,LC4,right,13,0.0755813953488372,intra_population
29563,LC4,right,acetylcholine,22847,LC4,right,13,0.0755813953488372,intra_population
515900,LC4,left,acetylcholine,12824,LC4,left,13,0.0755813953488372,intra_population
22261,LPLC2,right,acetylcholine,20334,LPLC2,right,13,0.0755813953488372,intra_population
17059,LPLC2,left,acetylcholine,19830,LPLC2,left,13,0.0755813953488372,intra_population
77614,LC4,left,acetylcholine,18432,LC4,left,13,0.0755813953488372,intra_population
18672,LPLC2,right,acetylcholine,19034,LPLC2,right,13,0.0755813953488372,intra_population
19830,LPLC2,left,acetylcholine,81112,LC4,left,13,0.0755813953488372,cross_visual
100103,LPLC2,left,acetylcholine,517078,LPLC2,left,13,0.0755813953488372,intra_population
20047,LPLC2,right,acetylcholine,23497,LPLC2,right,13,0.0755813953488372,intra_population
28011,LPLC2,left,acetylcholine,520764,LPLC2,left,13,0.0755813953488372,intra_population
23929,LC4,right,acetylcholine,29563,LC4,right,13,0.0755813953488372,intra_population
95241,LPLC2,left,acetylcholine,100103,LPLC2,left,13,0.0755813953488372,intra_population
517819,LPLC2,left,acetylcholine,19787,LPLC2,left,13,0.0755813953488372,intra_population
22253,LPLC2,left,acetylcholine,27399,LPLC2,left,13,0.0755813953488372,intra_population
29955,LPLC2,left,acetylcholine,32737,LPLC2,left,13,0.0755813953488372,intra_population
40841,LPLC2,left,acetylcholine,10228,DNp06,left,13,0.0755813953488372,visual_to_readout
21045,LPLC2,right,acetylcholine,10584,DNp06,right,13,0.0755813953488372,visual_to_readout
20162,LPLC2,right,acetylcholine,21045,LPLC2,right,13,0.0755813953488372,intra_population
530029,LC4,left,acetylcholine,16809,LC4,left,13,0.0755813953488372,intra_population
21721,LC4,left,acetylcholine,10228,DNp06,left,13,0.0755813953488372,visual_to_readout
19146,LPLC2,right,acetylcholine,19229,LPLC2,right,13,0.0755813953488372,intra_population
17478,LC4,left,acetylcholine,12824,LC4,left,13,0.0755813953488372,intra_population
100103,LPLC2,left,acetylcholine,21361,LPLC2,left,13,0.0755813953488372,intra_population
515971,LPLC2,left,acetylcholine,112292,LPLC2,left,13,0.0755813953488372,intra_population
531014,LPLC2,left,acetylcholine,518731,LPLC2,left,13,0.0755813953488372,intra_population
27750,LC4,left,acetylcholine,18396,LC4,left,13,0.0755813953488372,intra_population
23792,LC4,right,acetylcholine,23392,LC4,right,13,0.0755813953488372,intra_population
19842,LPLC2,right,acetylcholine,17054,LC4,right,13,0.0755813953488372,cross_visual
31563,LPLC2,left,acetylcholine,531898,DNp04,left,13,0.0755813953488372,visual_to_readout
15018,LC4,left,acetylcholine,514956,LC4,left,13,0.0755813953488372,intra_population
21562,LPLC2,right,acetylcholine,24118,LPLC2,right,13,0.0755813953488372,intra_population
20694,LPLC2,right,acetylcholine,14465,LPLC2,right,13,0.0755813953488372,intra_population
27399,LPLC2,left,acetylcholine,22253,LPLC2,left,13,0.0755813953488372,intra_population
23497,LPLC2,right,acetylcholine,20047,LPLC2,right,13,0.0755813953488372,intra_population
17990,LPLC2,left,acetylcholine,112292,LPLC2,left,13,0.0755813953488372,intra_population
29815,LPLC2,left,acetylcholine,27796,LPLC2,left,13,0.0755813953488372,intra_population
26416,LPLC2,left,acetylcholine,10010,DNp01,left,13,0.0755813953488372,visual_to_readout
531014,LPLC2,left,acetylcholine,531898,DNp04,left,13,0.0755813953488372,visual_to_readout
17926,LC4,right,acetylcholine,17364,LC4,right,13,0.0755813953488372,intra_population
26528,LPLC2,left,acetylcholine,19787,LPLC2,left,13,0.0755813953488372,intra_population
517819,LPLC2,left,acetylcholine,17775,LPLC2,left,13,0.0755813953488372,intra_population
21808,LPLC2,right,acetylcholine,39620,LPLC2,right,13,0.0755813953488372,intra_population
17775,LPLC2,left,acetylcholine,13726,LPLC2,left,13,0.0755813953488372,intra_population
516909,LC4,left,acetylcholine,24523,LC4,left,13,0.0755813953488372,intra_population
20694,LPLC2,right,acetylcholine,17551,LPLC2,right,13,0.0755813953488372,intra_population
17926,LC4,right,acetylcholine,16128,LC4,right,13,0.0755813953488372,intra_population
19249,LPLC2,right,acetylcholine,19549,LPLC2,right,13,0.0755813953488372,intra_population
29955,LPLC2,left,acetylcholine,31105,LPLC2,left,13,0.0755813953488372,intra_population
12824,LC4,left,acetylcholine,10228,DNp06,left,13,0.0755813953488372,visual_to_readout
23392,LC4,right,acetylcholine,10584,DNp06,right,13,0.0755813953488372,visual_to_readout
27471,LPLC2,right,acetylcholine,10584,DNp06,right,13,0.0755813953488372,visual_to_readout
22975,LC4,right,acetylcholine,28945,LC4,right,13,0.0755813953488372,intra_population
33303,LPLC2,left,acetylcholine,517079,LPLC2,left,13,0.0755813953488372,intra_population
20584,LPLC2,right,acetylcholine,19842,LPLC2,right,13,0.0755813953488372,intra_population
20334,LPLC2,right,acetylcholine,22261,LPLC2,right,13,0.0755813953488372,intra_population
25136,LPLC2,left,acetylcholine,531898,DNp04,left,13,0.0755813953488372,visual_to_readout
27399,LPLC2,left,acetylcholine,31563,LPLC2,left,13,0.0755813953488372,intra_population
517078,LPLC2,left,acetylcholine,13132,LPLC2,left,13,0.0755813953488372,intra_population
21862,LPLC2,right,acetylcholine,28044,LPLC2,right,13,0.0755813953488372,intra_population
19229,LPLC2,right,acetylcholine,20103,LPLC2,right,13,0.0755813953488372,intra_population
21862,LPLC2,right,acetylcholine,31964,LPLC2,right,13,0.0755813953488372,intra_population
18936,LPLC2,left,acetylcholine,13726,LPLC2,left,13,0.0755813953488372,intra_population
24118,LPLC2,right,acetylcholine,11137,DNp04,right,13,0.0755813953488372,visual_to_readout
26393,LPLC2,right,acetylcholine,24268,LPLC2,right,13,0.0755813953488372,intra_population
21808,LPLC2,right,acetylcholine,10584,DNp06,right,13,0.0755813953488372,visual_to_readout
111903,LPLC2,left,acetylcholine,531898,DNp04,left,13,0.0755813953488372,visual_to_readout
17364,LC4,right,acetylcholine,19260,LC4,right,13,0.0755813953488372,intra_population
26393,LPLC2,right,acetylcholine,24187,LPLC2,right,13,0.0755813953488372,intra_population
12384,LPLC2,left,acetylcholine,13132,LPLC2,left,13,0.0755813953488372,intra_population
18189,LC4,right,acetylcholine,16128,LC4,right,13,0.0755813953488372,intra_population
19249,LPLC2,right,acetylcholine,10584,DNp06,right,13,0.0755813953488372,visual_to_readout
111903,LPLC2,left,acetylcholine,12349,LC4,left,13,0.0755813953488372,cross_visual
23202,LC4,left,acetylcholine,10228,DNp06,left,13,0.0755813953488372,visual_to_readout
19787,LPLC2,left,acetylcholine,26528,LPLC2,left,13,0.0755813953488372,intra_population
29986,LPLC2,right,acetylcholine,11137,DNp04,right,13,0.0755813953488372,visual_to_readout
33303,LPLC2,left,acetylcholine,26528,LPLC2,left,13,0.0755813953488372,intra_population
23590,LPLC2,right,acetylcholine,20471,LPLC2,right,13,0.0755813953488372,intra_population
27355,LPLC2,left,acetylcholine,23919,LPLC2,left,13,0.0755813953488372,intra_population
20329,LPLC2,left,acetylcholine,15804,LPLC2,left,12,0.06976744186046512,intra_population
20967,LC4,left,acetylcholine,10228,DNp06,left,12,0.06976744186046512,visual_to_readout
20799,LPLC2,left,acetylcholine,22557,LPLC2,left,12,0.06976744186046512,intra_population
20282,LC4,right,acetylcholine,20588,LC4,right,12,0.06976744186046512,intra_population
14102,LPLC2,left,acetylcholine,15804,LPLC2,left,12,0.06976744186046512,intra_population
20859,LC4,left,acetylcholine,12824,LC4,left,12,0.06976744186046512,intra_population
31964,LPLC2,right,acetylcholine,21862,LPLC2,right,12,0.06976744186046512,intra_population
41097,LPLC2,left,acetylcholine,23550,LPLC2,left,12,0.06976744186046512,intra_population
17987,LC4,right,acetylcholine,17926,LC4,right,12,0.06976744186046512,intra_population
31964,LPLC2,right,acetylcholine,10584,DNp06,right,12,0.06976744186046512,visual_to_readout
31563,LPLC2,left,acetylcholine,19787,LPLC2,left,12,0.06976744186046512,intra_population
31563,LPLC2,left,acetylcholine,10228,DNp06,left,12,0.06976744186046512,visual_to_readout
31301,LC4,left,acetylcholine,10228,DNp06,left,12,0.06976744186046512,visual_to_readout
20749,LPLC2,right,acetylcholine,10001,DNp01,right,12,0.06976744186046512,visual_to_readout
29287,LPLC2,right,acetylcholine,10584,DNp06,right,12,0.06976744186046512,visual_to_readout
31262,LC4,right,acetylcholine,30803,LC4,right,12,0.06976744186046512,intra_population
17990,LPLC2,left,acetylcholine,19787,LPLC2,left,12,0.06976744186046512,intra_population
35294,LPLC2,left,acetylcholine,531898,DNp04,left,12,0.06976744186046512,visual_to_readout
38065,LC4,right,acetylcholine,29563,LC4,right,12,0.06976744186046512,intra_population
15018,LC4,left,acetylcholine,16809,LC4,left,12,0.06976744186046512,intra_population
514670,LPLC2,left,acetylcholine,23247,LPLC2,left,12,0.06976744186046512,intra_population
29014,LPLC2,right,acetylcholine,23878,LPLC2,right,12,0.06976744186046512,intra_population
29391,LPLC2,right,acetylcholine,28871,LPLC2,right,12,0.06976744186046512,intra_population
21562,LPLC2,right,acetylcholine,24800,LPLC2,right,12,0.06976744186046512,intra_population
20240,LPLC2,left,acetylcholine,18936,LPLC2,left,12,0.06976744186046512,intra_population
31257,LPLC2,right,acetylcholine,11137,DNp04,right,12,0.06976744186046512,visual_to_readout
20240,LPLC2,left,acetylcholine,24568,LPLC2,left,12,0.06976744186046512,intra_population
20799,LPLC2,left,acetylcholine,19787,LPLC2,left,12,0.06976744186046512,intra_population
33965,LPLC2,left,acetylcholine,531898,DNp04,left,12,0.06976744186046512,visual_to_readout
17990,LPLC2,left,acetylcholine,515971,LPLC2,left,12,0.06976744186046512,intra_population
14102,LPLC2,left,acetylcholine,95241,LPLC2,left,12,0.06976744186046512,intra_population
18189,LC4,right,acetylcholine,10584,DNp06,right,12,0.06976744186046512,visual_to_readout
14888,LC4,left,acetylcholine,23202,LC4,left,12,0.06976744186046512,intra_population
14102,LPLC2,left,acetylcholine,24605,LPLC2,left,12,0.06976744186046512,intra_population
37613,LPLC2,right,acetylcholine,24268,LPLC2,right,12,0.06976744186046512,intra_population
18936,LPLC2,left,acetylcholine,95241,LPLC2,left,12,0.06976744186046512,intra_population
17774,LPLC2,left,acetylcholine,21361,LPLC2,left,12,0.06976744186046512,intra_population
22194,LC4,right,acetylcholine,10584,DNp06,right,12,0.06976744186046512,visual_to_readout
27796,LPLC2,left,acetylcholine,33303,LPLC2,left,12,0.06976744186046512,intra_population
22253,LPLC2,left,acetylcholine,517819,LPLC2,left,12,0.06976744186046512,intra_population
517819,LPLC2,left,acetylcholine,22557,LPLC2,left,12,0.06976744186046512,intra_population
18900,LPLC2,left,acetylcholine,17775,LPLC2,left,12,0.06976744186046512,intra_population
18900,LPLC2,left,acetylcholine,18936,LPLC2,left,12,0.06976744186046512,intra_population
21769,LPLC2,right,acetylcholine,19249,LPLC2,right,12,0.06976744186046512,intra_population
27023,LPLC2,left,acetylcholine,129687,LPLC2,left,12,0.06976744186046512,intra_population
19911,LPLC2,left,acetylcholine,10228,DNp06,left,12,0.06976744186046512,visual_to_readout
19911,LPLC2,left,acetylcholine,531898,DNp04,left,12,0.06976744186046512,visual_to_readout
13132,LPLC2,left,acetylcholine,24605,LPLC2,left,12,0.06976744186046512,intra_population
21769,LPLC2,right,acetylcholine,10001,DNp01,right,12,0.06976744186046512,visual_to_readout
13726,LPLC2,left,acetylcholine,17774,LPLC2,left,12,0.06976744186046512,intra_population
35262,LC4,left,acetylcholine,77614,LC4,left,12,0.06976744186046512,intra_population
515476,LC4,left,acetylcholine,518439,LC4,left,12,0.06976744186046512,intra_population
13132,LPLC2,left,acetylcholine,515971,LPLC2,left,12,0.06976744186046512,intra_population
16809,LC4,left,acetylcholine,518439,LC4,left,12,0.06976744186046512,intra_population
22253,LPLC2,left,acetylcholine,20799,LPLC2,left,12,0.06976744186046512,intra_population
17774,LPLC2,left,acetylcholine,517078,LPLC2,left,12,0.06976744186046512,intra_population
517752,LC4,left,acetylcholine,10228,DNp06,left,12,0.06976744186046512,visual_to_readout
27023,LPLC2,left,acetylcholine,26416,LPLC2,left,12,0.06976744186046512,intra_population
19830,LPLC2,left,acetylcholine,10010,DNp01,left,12,0.06976744186046512,visual_to_readout
21808,LPLC2,right,acetylcholine,20103,LPLC2,right,12,0.06976744186046512,intra_population
27566,LPLC2,right,acetylcholine,25253,LPLC2,right,12,0.06976744186046512,intra_population
27566,LPLC2,right,acetylcholine,11137,DNp04,right,12,0.06976744186046512,visual_to_readout
516909,LC4,left,acetylcholine,23202,LC4,left,12,0.06976744186046512,intra_population
19787,LPLC2,left,acetylcholine,517819,LPLC2,left,12,0.06976744186046512,intra_population
27023,LPLC2,left,acetylcholine,10228,DNp06,left,12,0.06976744186046512,visual_to_readout
26393,LPLC2,right,acetylcholine,35889,LPLC2,right,12,0.06976744186046512,intra_population
19787,LPLC2,left,acetylcholine,25524,LPLC2,left,12,0.06976744186046512,intra_population
26528,LPLC2,left,acetylcholine,531898,DNp04,left,12,0.06976744186046512,visual_to_readout
17270,LC4,left,acetylcholine,10228,DNp06,left,12,0.06976744186046512,visual_to_readout
17059,LPLC2,left,acetylcholine,10010,DNp01,left,12,0.06976744186046512,visual_to_readout
12824,LC4,left,acetylcholine,17478,LC4,left,12,0.06976744186046512,intra_population
19608,LPLC2,right,acetylcholine,28044,LPLC2,right,12,0.06976744186046512,intra_population
19954,LC4,right,acetylcholine,20542,LC4,right,12,0.06976744186046512,intra_population
29183,LPLC2,right,acetylcholine,11137,DNp04,right,12,0.06976744186046512,visual_to_readout
29514,LC4,left,acetylcholine,107513,LC4,left,12,0.06976744186046512,intra_population
17653,LC4,left,acetylcholine,12824,LC4,left,12,0.06976744186046512,intra_population
23202,LC4,left,acetylcholine,12824,LC4,left,12,0.06976744186046512,intra_population
23878,LPLC2,right,acetylcholine,20269,LPLC2,right,12,0.06976744186046512,intra_population
24523,LC4,left,acetylcholine,10228,DNp06,left,12,0.06976744186046512,visual_to_readout
17653,LC4,left,acetylcholine,14888,LC4,left,12,0.06976744186046512,intra_population
17548,LC4,right,acetylcholine,19954,LC4,right,12,0.06976744186046512,intra_population
19146,LPLC2,right,acetylcholine,20334,LPLC2,right,12,0.06976744186046512,intra_population
18900,LPLC2,left,acetylcholine,518731,LPLC2,left,12,0.06976744186046512,intra_population
24523,LC4,left,acetylcholine,516909,LC4,left,12,0.06976744186046512,intra_population
531014,LPLC2,left,acetylcholine,17775,LPLC2,left,12,0.06976744186046512,intra_population
19420,LC4,right,acetylcholine,17364,LC4,right,12,0.06976744186046512,intra_population
17478,LC4,left,acetylcholine,20440,LC4,left,12,0.06976744186046512,intra_population
22966,LC4,right,acetylcholine,29563,LC4,right,12,0.06976744186046512,intra_population
17551,LPLC2,right,acetylcholine,20749,LPLC2,right,12,0.06976744186046512,intra_population
518730,LC4,left,acetylcholine,519931,LC4,left,12,0.06976744186046512,intra_population
17551,LPLC2,right,acetylcholine,20694,LPLC2,right,12,0.06976744186046512,intra_population
23202,LC4,left,acetylcholine,516909,LC4,left,12,0.06976744186046512,intra_population
530029,LC4,left,acetylcholine,18396,LC4,left,12,0.06976744186046512,intra_population
22328,LC4,right,acetylcholine,20588,LC4,right,12,0.06976744186046512,intra_population
24840,LPLC2,left,acetylcholine,23550,LPLC2,left,12,0.06976744186046512,intra_population
19589,LPLC2,right,acetylcholine,17551,LPLC2,right,12,0.06976744186046512,intra_population
29563,LC4,right,acetylcholine,22966,LC4,right,12,0.06976744186046512,intra_population
23098,LC4,right,acetylcholine,10584,DNp06,right,12,0.06976744186046512,visual_to_readout
526286,LC4,left,acetylcholine,515900,LC4,left,12,0.06976744186046512,intra_population
17551,LPLC2,right,acetylcholine,26147,LPLC2,right,12,0.06976744186046512,intra_population
18929,LPLC2,right,acetylcholine,19842,LPLC2,right,12,0.06976744186046512,intra_population
11498,LPLC2,left,acetylcholine,10228,DNp06,left,12,0.06976744186046512,visual_to_readout
17551,LPLC2,right,acetylcholine,21899,LPLC2,right,12,0.06976744186046512,intra_population
22975,LC4,right,acetylcholine,30803,LC4,right,12,0.06976744186046512,intra_population
19229,LPLC2,right,acetylcholine,21318,LPLC2,right,12,0.06976744186046512,intra_population
22261,LPLC2,right,acetylcholine,28044,LPLC2,right,12,0.06976744186046512,intra_population
536444,LPLC2,left,acetylcholine,40811,LPLC2,left,12,0.06976744186046512,intra_population
19229,LPLC2,right,acetylcholine,21899,LPLC2,right,12,0.06976744186046512,intra_population
19420,LC4,right,acetylcholine,10584,DNp06,right,12,0.06976744186046512,visual_to_readout
23349,LPLC2,left,acetylcholine,515971,LPLC2,left,12,0.06976744186046512,intra_population
12384,LPLC2,left,acetylcholine,14030,LPLC2,left,12,0.06976744186046512,intra_population
23878,LPLC2,right,acetylcholine,25253,LPLC2,right,12,0.06976744186046512,intra_population
25286,LPLC2,left,acetylcholine,512366,LC4,left,12,0.06976744186046512,cross_visual
20162,LPLC2,right,acetylcholine,20535,LPLC2,right,12,0.06976744186046512,intra_population
21151,LC4,right,acetylcholine,10584,DNp06,right,12,0.06976744186046512,visual_to_readout
30480,LC4,right,acetylcholine,22975,LC4,right,12,0.06976744186046512,intra_population
100485,LC4,left,acetylcholine,20976,LC4,left,12,0.06976744186046512,intra_population
20103,LPLC2,right,acetylcholine,21769,LPLC2,right,12,0.06976744186046512,intra_population
107513,LC4,left,acetylcholine,512366,LC4,left,12,0.06976744186046512,intra_population
30041,LPLC2,right,acetylcholine,28741,LPLC2,right,12,0.06976744186046512,intra_population
20103,LPLC2,right,acetylcholine,19229,LPLC2,right,12,0.06976744186046512,intra_population
29955,LPLC2,left,acetylcholine,41097,LPLC2,left,12,0.06976744186046512,intra_population
20103,LPLC2,right,acetylcholine,14465,LPLC2,right,12,0.06976744186046512,intra_population
21318,LPLC2,right,acetylcholine,19549,LPLC2,right,12,0.06976744186046512,intra_population
16628,LC4,right,acetylcholine,17926,LC4,right,12,0.06976744186046512,intra_population
21361,LPLC2,left,acetylcholine,11498,LPLC2,left,12,0.06976744186046512,intra_population
18936,LPLC2,left,acetylcholine,14102,LPLC2,left,12,0.06976744186046512,intra_population
29598,LPLC2,right,acetylcholine,11137,DNp04,right,12,0.06976744186046512,visual_to_readout
29563,LC4,right,acetylcholine,38065,LC4,right,12,0.06976744186046512,intra_population
20162,LPLC2,right,acetylcholine,19608,LPLC2,right,12,0.06976744186046512,intra_population
30041,LPLC2,right,acetylcholine,10001,DNp01,right,12,0.06976744186046512,visual_to_readout
14030,LPLC2,left,acetylcholine,11498,LPLC2,left,12,0.06976744186046512,intra_population
25572,LPLC2,left,acetylcholine,531898,DNp04,left,12,0.06976744186046512,visual_to_readout
17774,LPLC2,left,acetylcholine,11498,LPLC2,left,12,0.06976744186046512,intra_population
518731,LPLC2,left,acetylcholine,15804,LPLC2,left,12,0.06976744186046512,intra_population
25253,LPLC2,right,acetylcholine,23878,LPLC2,right,12,0.06976744186046512,intra_population
11498,LPLC2,left,acetylcholine,14888,LC4,left,12,0.06976744186046512,cross_visual
17653,LC4,left,acetylcholine,520449,LC4,left,12,0.06976744186046512,intra_population
19229,LPLC2,right,acetylcholine,18672,LPLC2,right,12,0.06976744186046512,intra_population
17551,LPLC2,right,acetylcholine,19146,LPLC2,right,12,0.06976744186046512,intra_population
25572,LPLC2,left,acetylcholine,10228,DNp06,left,12,0.06976744186046512,visual_to_readout
20471,LPLC2,right,acetylcholine,31964,LPLC2,right,12,0.06976744186046512,intra_population
112292,LPLC2,left,acetylcholine,17990,LPLC2,left,12,0.06976744186046512,intra_population
20240,LPLC2,left,acetylcholine,17990,LPLC2,left,12,0.06976744186046512,intra_population
20240,LPLC2,left,acetylcholine,10228,DNp06,left,12,0.06976744186046512,visual_to_readout
22557,LPLC2,left,acetylcholine,10228,DNp06,left,12,0.06976744186046512,visual_to_readout
29702,LPLC2,left,acetylcholine,23919,LPLC2,left,11,0.06395348837209303,intra_population
31964,LPLC2,right,acetylcholine,20182,LPLC2,right,11,0.06395348837209303,intra_population
37925,LPLC2,right,acetylcholine,10584,DNp06,right,11,0.06395348837209303,visual_to_readout
29702,LPLC2,left,acetylcholine,27355,LPLC2,left,11,0.06395348837209303,intra_population
32237,LPLC2,left,acetylcholine,10228,DNp06,left,11,0.06395348837209303,visual_to_readout
29702,LPLC2,left,acetylcholine,533895,LPLC2,left,11,0.06395348837209303,intra_population
32223,LPLC2,left,acetylcholine,24840,LPLC2,left,11,0.06395348837209303,intra_population
31964,LPLC2,right,acetylcholine,28044,LPLC2,right,11,0.06395348837209303,intra_population
16628,LC4,right,acetylcholine,17548,LC4,right,11,0.06395348837209303,intra_population
30803,LC4,right,acetylcholine,10584,DNp06,right,11,0.06395348837209303,visual_to_readout
29955,LPLC2,left,acetylcholine,524366,LPLC2,left,11,0.06395348837209303,intra_population
30041,LPLC2,right,acetylcholine,10584,DNp06,right,11,0.06395348837209303,visual_to_readout
31262,LC4,right,acetylcholine,30480,LC4,right,11,0.06395348837209303,intra_population
30803,LC4,right,acetylcholine,19543,LC4,right,11,0.06395348837209303,intra_population
33185,LPLC2,right,acetylcholine,24401,LPLC2,right,11,0.06395348837209303,intra_population
30480,LC4,right,acetylcholine,26112,LC4,right,11,0.06395348837209303,intra_population
30480,LC4,right,acetylcholine,30803,LC4,right,11,0.06395348837209303,intra_population
32597,LC4,left,acetylcholine,27750,LC4,left,11,0.06395348837209303,intra_population
14102,LPLC2,left,acetylcholine,18900,LPLC2,left,11,0.06395348837209303,intra_population
33303,LPLC2,left,acetylcholine,27796,LPLC2,left,11,0.06395348837209303,intra_population
14102,LPLC2,left,acetylcholine,18936,LPLC2,left,11,0.06395348837209303,intra_population
516909,LC4,left,acetylcholine,18478,LC4,left,11,0.06395348837209303,intra_population
14102,LPLC2,left,acetylcholine,17990,LPLC2,left,11,0.06395348837209303,intra_population
512366,LC4,left,acetylcholine,10228,DNp06,left,11,0.06395348837209303,visual_to_readout
17059,LPLC2,left,acetylcholine,517078,LPLC2,left,11,0.06395348837209303,intra_population
17059,LPLC2,left,acetylcholine,20967,LC4,left,11,0.06395348837209303,cross_visual
25854,LPLC2,left,acetylcholine,525844,LPLC2,left,11,0.06395348837209303,intra_population
129687,LPLC2,left,acetylcholine,40841,LPLC2,left,11,0.06395348837209303,intra_population
517079,LPLC2,left,acetylcholine,20799,LPLC2,left,11,0.06395348837209303,intra_population
13726,LPLC2,left,acetylcholine,515971,LPLC2,left,11,0.06395348837209303,intra_population
25136,LPLC2,left,acetylcholine,10228,DNp06,left,11,0.06395348837209303,visual_to_readout
12824,LC4,left,acetylcholine,533129,LC4,left,11,0.06395348837209303,intra_population
515971,LPLC2,left,acetylcholine,17774,LPLC2,left,11,0.06395348837209303,intra_population
25253,LPLC2,right,acetylcholine,11137,DNp04,right,11,0.06395348837209303,visual_to_readout
515900,LC4,left,acetylcholine,22772,LC4,left,11,0.06395348837209303,intra_population
25253,LPLC2,right,acetylcholine,33185,LPLC2,right,11,0.06395348837209303,intra_population
515900,LC4,left,acetylcholine,14888,LC4,left,11,0.06395348837209303,intra_population
13726,LPLC2,left,acetylcholine,17775,LPLC2,left,11,0.06395348837209303,intra_population
514670,LPLC2,left,acetylcholine,517819,LPLC2,left,11,0.06395348837209303,intra_population
514670,LPLC2,left,acetylcholine,18936,LPLC2,left,11,0.06395348837209303,intra_population
25572,LPLC2,left,acetylcholine,521115,LPLC2,left,11,0.06395348837209303,intra_population
13726,LPLC2,left,acetylcholine,27355,LPLC2,left,11,0.06395348837209303,intra_population
25636,LPLC2,right,acetylcholine,29216,LPLC2,right,11,0.06395348837209303,intra_population
35294,LPLC2,left,acetylcholine,10010,DNp01,left,11,0.06395348837209303,visual_to_readout
23665,LPLC2,left,acetylcholine,10228,DNp06,left,11,0.06395348837209303,visual_to_readout
37613,LPLC2,right,acetylcholine,21045,LPLC2,right,11,0.06395348837209303,intra_population
37587,LC4,left,acetylcholine,34845,LC4,left,11,0.06395348837209303,intra_population
517079,LPLC2,left,acetylcholine,531898,DNp04,left,11,0.06395348837209303,visual_to_readout
531014,LPLC2,left,acetylcholine,524366,LPLC2,left,11,0.06395348837209303,intra_population
24568,LPLC2,left,acetylcholine,32737,LPLC2,left,11,0.06395348837209303,intra_population
24568,LPLC2,left,acetylcholine,20240,LPLC2,left,11,0.06395348837209303,intra_population
517819,LPLC2,left,acetylcholine,514670,LPLC2,left,11,0.06395348837209303,intra_population
24187,LPLC2,right,acetylcholine,11137,DNp04,right,11,0.06395348837209303,visual_to_readout
17478,LC4,left,acetylcholine,515900,LC4,left,11,0.06395348837209303,intra_population
17551,LPLC2,right,acetylcholine,21703,LPLC2,right,11,0.06395348837209303,intra_population
23792,LC4,right,acetylcholine,22975,LC4,right,11,0.06395348837209303,intra_population
526286,LC4,left,acetylcholine,516909,LC4,left,11,0.06395348837209303,intra_population
12824,LC4,left,acetylcholine,23202,LC4,left,11,0.06395348837209303,intra_population
536444,LPLC2,left,acetylcholine,517079,LPLC2,left,11,0.06395348837209303,intra_population
11498,LPLC2,left,acetylcholine,14030,LPLC2,left,11,0.06395348837209303,intra_population
23878,LPLC2,right,acetylcholine,29014,LPLC2,right,11,0.06395348837209303,intra_population
23665,LPLC2,left,acetylcholine,25209,LPLC2,left,11,0.06395348837209303,intra_population
520764,LPLC2,left,acetylcholine,23550,LPLC2,left,11,0.06395348837209303,intra_population
520449,LC4,left,acetylcholine,20440,LC4,left,11,0.06395348837209303,intra_population
24338,LC4,right,acetylcholine,10584,DNp06,right,11,0.06395348837209303,visual_to_readout
40811,LPLC2,left,acetylcholine,41097,LPLC2,left,11,0.06395348837209303,intra_population
24401,LPLC2,right,acetylcholine,11137,DNp04,right,11,0.06395348837209303,visual_to_readout
532254,LC4,left,acetylcholine,21721,LC4,left,11,0.06395348837209303,intra_population
518731,LPLC2,left,acetylcholine,517819,LPLC2,left,11,0.06395348837209303,intra_population
29287,LPLC2,right,acetylcholine,31964,LPLC2,right,11,0.06395348837209303,intra_population
35889,LPLC2,right,acetylcholine,27471,LPLC2,right,11,0.06395348837209303,intra_population
14102,LPLC2,left,acetylcholine,517819,LPLC2,left,11,0.06395348837209303,intra_population
28003,LPLC2,right,acetylcholine,29014,LPLC2,right,11,0.06395348837209303,intra_population
28188,LPLC2,left,acetylcholine,31563,LPLC2,left,11,0.06395348837209303,intra_population
33694,LPLC2,right,acetylcholine,10001,DNp01,right,11,0.06395348837209303,visual_to_readout
35262,LC4,left,acetylcholine,29469,LC4,left,11,0.06395348837209303,intra_population
14465,LPLC2,right,acetylcholine,19842,LPLC2,right,11,0.06395348837209303,intra_population
28945,LC4,right,acetylcholine,29563,LC4,right,11,0.06395348837209303,intra_population
34655,LPLC2,left,acetylcholine,41097,LPLC2,left,11,0.06395348837209303,intra_population
17551,LPLC2,right,acetylcholine,10584,DNp06,right,11,0.06395348837209303,visual_to_readout
29391,LPLC2,right,acetylcholine,11137,DNp04,right,11,0.06395348837209303,visual_to_readout
517078,LPLC2,left,acetylcholine,24605,LPLC2,left,11,0.06395348837209303,intra_population
30512,LPLC2,left,acetylcholine,10228,DNp06,left,11,0.06395348837209303,visual_to_readout
24401,LPLC2,right,acetylcholine,21808,LPLC2,right,11,0.06395348837209303,intra_population
12032,LC4,left,acetylcholine,20967,LC4,left,11,0.06395348837209303,intra_population
24187,LPLC2,right,acetylcholine,31964,LPLC2,right,11,0.06395348837209303,intra_population
517819,LPLC2,left,acetylcholine,17059,LPLC2,left,11,0.06395348837209303,intra_population
24118,LPLC2,right,acetylcholine,21862,LPLC2,right,11,0.06395348837209303,intra_population
27355,LPLC2,left,acetylcholine,531898,DNp04,left,11,0.06395348837209303,visual_to_readout
22922,LC4,left,acetylcholine,519650,LC4,left,11,0.06395348837209303,intra_population
14030,LPLC2,left,acetylcholine,514670,LPLC2,left,11,0.06395348837209303,intra_population
19589,LPLC2,right,acetylcholine,18929,LPLC2,right,11,0.06395348837209303,intra_population
20584,LPLC2,right,acetylcholine,18672,LPLC2,right,11,0.06395348837209303,intra_population
20584,LPLC2,right,acetylcholine,21318,LPLC2,right,11,0.06395348837209303,intra_population
20399,LC4,right,acetylcholine,22328,LC4,right,11,0.06395348837209303,intra_population
23349,LPLC2,left,acetylcholine,23247,LPLC2,left,11,0.06395348837209303,intra_population
20584,LPLC2,right,acetylcholine,21703,LPLC2,right,11,0.06395348837209303,intra_population
23349,LPLC2,left,acetylcholine,22557,LPLC2,left,11,0.06395348837209303,intra_population
23349,LPLC2,left,acetylcholine,14102,LPLC2,left,11,0.06395348837209303,intra_population
20584,LPLC2,right,acetylcholine,21899,LPLC2,right,11,0.06395348837209303,intra_population
19034,LPLC2,right,acetylcholine,21045,LPLC2,right,11,0.06395348837209303,intra_population
19634,LC4,right,acetylcholine,10584,DNp06,right,11,0.06395348837209303,visual_to_readout
17860,LC4,right,acetylcholine,23098,LC4,right,11,0.06395348837209303,intra_population
22218,LPLC2,right,acetylcholine,10584,DNp06,right,11,0.06395348837209303,visual_to_readout
20859,LC4,left,acetylcholine,35616,LC4,left,11,0.06395348837209303,intra_population
19249,LPLC2,right,acetylcholine,20694,LPLC2,right,11,0.06395348837209303,intra_population
17926,LC4,right,acetylcholine,17548,LC4,right,11,0.06395348837209303,intra_population
17926,LC4,right,acetylcholine,16628,LC4,right,11,0.06395348837209303,intra_population
20047,LPLC2,right,acetylcholine,20182,LPLC2,right,11,0.06395348837209303,intra_population
20162,LPLC2,right,acetylcholine,19034,LPLC2,right,11,0.06395348837209303,intra_population
22557,LPLC2,left,acetylcholine,533895,LPLC2,left,11,0.06395348837209303,intra_population
17774,LPLC2,left,acetylcholine,18936,LPLC2,left,11,0.06395348837209303,intra_population
17990,LPLC2,left,acetylcholine,517079,LPLC2,left,11,0.06395348837209303,intra_population
21361,LPLC2,left,acetylcholine,515971,LPLC2,left,11,0.06395348837209303,intra_population
20471,LPLC2,right,acetylcholine,21045,LPLC2,right,11,0.06395348837209303,intra_population
55627,LPLC2,right,acetylcholine,33396,LPLC2,right,11,0.06395348837209303,intra_population
17860,LC4,right,acetylcholine,20016,LC4,right,11,0.06395348837209303,intra_population
20334,LPLC2,right,acetylcholine,21225,LC4,right,11,0.06395348837209303,cross_visual
17774,LPLC2,left,acetylcholine,100103,LPLC2,left,11,0.06395348837209303,intra_population
22922,LC4,left,acetylcholine,31301,LC4,left,11,0.06395348837209303,intra_population
19034,LPLC2,right,acetylcholine,28044,LPLC2,right,11,0.06395348837209303,intra_population
19608,LPLC2,right,acetylcholine,20269,LPLC2,right,11,0.06395348837209303,intra_population
19830,LPLC2,left,acetylcholine,11498,LPLC2,left,11,0.06395348837209303,intra_population
18900,LPLC2,left,acetylcholine,14102,LPLC2,left,11,0.06395348837209303,intra_population
21562,LPLC2,right,acetylcholine,24401,LPLC2,right,11,0.06395348837209303,intra_population
17774,LPLC2,left,acetylcholine,17653,LC4,left,11,0.06395348837209303,cross_visual
19146,LPLC2,right,acetylcholine,18672,LPLC2,right,11,0.06395348837209303,intra_population
19842,LPLC2,right,acetylcholine,19549,LPLC2,right,11,0.06395348837209303,intra_population
20269,LPLC2,right,acetylcholine,20103,LPLC2,right,11,0.06395348837209303,intra_population
20588,LC4,right,acetylcholine,22328,LC4,right,11,0.06395348837209303,intra_population
20399,LC4,right,acetylcholine,10584,DNp06,right,11,0.06395348837209303,visual_to_readout
19954,LC4,right,acetylcholine,19550,LC4,right,11,0.06395348837209303,intra_population
20535,LPLC2,right,acetylcholine,21562,LPLC2,right,11,0.06395348837209303,intra_population
18936,LPLC2,left,acetylcholine,17774,LPLC2,left,11,0.06395348837209303,intra_population
19550,LC4,right,acetylcholine,19954,LC4,right,11,0.06395348837209303,intra_population
20799,LPLC2,left,acetylcholine,22253,LPLC2,left,11,0.06395348837209303,intra_population
21225,LC4,right,acetylcholine,23098,LC4,right,11,0.06395348837209303,intra_population
19787,LPLC2,left,acetylcholine,25572,LPLC2,left,11,0.06395348837209303,intra_population
21703,LPLC2,right,acetylcholine,21899,LPLC2,right,11,0.06395348837209303,intra_population
18929,LPLC2,right,acetylcholine,14465,LPLC2,right,11,0.06395348837209303,intra_population
20976,LC4,left,acetylcholine,22772,LC4,left,11,0.06395348837209303,intra_population
18929,LPLC2,right,acetylcholine,21899,LPLC2,right,11,0.06395348837209303,intra_population
22557,LPLC2,left,acetylcholine,19787,LPLC2,left,11,0.06395348837209303,intra_population
19589,LPLC2,right,acetylcholine,19146,LPLC2,right,11,0.06395348837209303,intra_population
536444,LPLC2,left,acetylcholine,531898,DNp04,left,11,0.06395348837209303,visual_to_readout
25854,LPLC2,left,acetylcholine,22253,LPLC2,left,11,0.06395348837209303,intra_population
129687,LPLC2,left,acetylcholine,27023,LPLC2,left,11,0.06395348837209303,intra_population
111787,LC4,left,acetylcholine,16809,LC4,left,11,0.06395348837209303,intra_population
100485,LC4,left,acetylcholine,12032,LC4,left,11,0.06395348837209303,intra_population
26393,LPLC2,right,acetylcholine,23590,LPLC2,right,11,0.06395348837209303,intra_population
17270,LC4,left,acetylcholine,20859,LC4,left,11,0.06395348837209303,intra_population
26528,LPLC2,left,acetylcholine,20799,LPLC2,left,11,0.06395348837209303,intra_population
26528,LPLC2,left,acetylcholine,517079,LPLC2,left,11,0.06395348837209303,intra_population
27023,LPLC2,left,acetylcholine,10010,DNp01,left,11,0.06395348837209303,visual_to_readout
95241,LPLC2,left,acetylcholine,10010,DNp01,left,11,0.06395348837209303,visual_to_readout
21899,LPLC2,right,acetylcholine,10584,DNp06,right,11,0.06395348837209303,visual_to_readout
14030,LPLC2,left,acetylcholine,23247,LPLC2,left,11,0.06395348837209303,intra_population
20047,LPLC2,right,acetylcholine,10584,DNp06,right,11,0.06395348837209303,visual_to_readout
100103,LPLC2,left,acetylcholine,518731,LPLC2,left,11,0.06395348837209303,intra_population
20182,LPLC2,right,acetylcholine,23878,LPLC2,right,11,0.06395348837209303,intra_population
17880,LPLC2,left,acetylcholine,22557,LPLC2,left,11,0.06395348837209303,intra_population
20103,LPLC2,right,acetylcholine,20471,LPLC2,right,11,0.06395348837209303,intra_population
20103,LPLC2,right,acetylcholine,19589,LPLC2,right,11,0.06395348837209303,intra_population
22328,LC4,right,acetylcholine,24338,LC4,right,11,0.06395348837209303,intra_population
21808,LPLC2,right,acetylcholine,20269,LPLC2,right,11,0.06395348837209303,intra_population
21287,LC4,right,acetylcholine,17860,LC4,right,11,0.06395348837209303,intra_population
17774,LPLC2,left,acetylcholine,20240,LPLC2,left,11,0.06395348837209303,intra_population
19550,LC4,right,acetylcholine,17987,LC4,right,11,0.06395348837209303,intra_population
21045,LPLC2,right,acetylcholine,19034,LPLC2,right,11,0.06395348837209303,intra_population
21899,LPLC2,right,acetylcholine,20334,LPLC2,right,11,0.06395348837209303,intra_population
22975,LC4,right,acetylcholine,10584,DNp06,right,11,0.06395348837209303,visual_to_readout
19787,LPLC2,left,acetylcholine,20799,LPLC2,left,11,0.06395348837209303,intra_population
20917,LC4,right,acetylcholine,10584,DNp06,right,11,0.06395348837209303,visual_to_readout
23202,LC4,left,acetylcholine,526286,LC4,left,11,0.06395348837209303,intra_population
20016,LC4,right,acetylcholine,21313,LC4,right,11,0.06395348837209303,intra_population
18396,LC4,left,acetylcholine,37587,LC4,left,11,0.06395348837209303,intra_population
22328,LC4,right,acetylcholine,23929,LC4,right,11,0.06395348837209303,intra_population
23202,LC4,left,acetylcholine,33137,LC4,left,11,0.06395348837209303,intra_population
21721,LC4,left,acetylcholine,17478,LC4,left,11,0.06395348837209303,intra_population
23929,LC4,right,acetylcholine,22966,LC4,right,10,0.05813953488372093,intra_population
21899,LPLC2,right,acetylcholine,21703,LPLC2,right,10,0.05813953488372093,intra_population
17266,LC4,right,acetylcholine,10584,DNp06,right,10,0.05813953488372093,visual_to_readout
23929,LC4,right,acetylcholine,22975,LC4,right,10,0.05813953488372093,intra_population
21562,LPLC2,right,acetylcholine,21862,LPLC2,right,10,0.05813953488372093,intra_population
17860,LC4,right,acetylcholine,21287,LC4,right,10,0.05813953488372093,intra_population
24118,LPLC2,right,acetylcholine,24268,LPLC2,right,10,0.05813953488372093,intra_population
24268,LPLC2,right,acetylcholine,24187,LPLC2,right,10,0.05813953488372093,intra_population
29514,LC4,left,acetylcholine,35262,LC4,left,10,0.05813953488372093,intra_population
22557,LPLC2,left,acetylcholine,23349,LPLC2,left,10,0.05813953488372093,intra_population
24268,LPLC2,right,acetylcholine,20269,LPLC2,right,10,0.05813953488372093,intra_population
21562,LPLC2,right,acetylcholine,25497,LPLC2,right,10,0.05813953488372093,intra_population
23202,LC4,left,acetylcholine,20859,LC4,left,10,0.05813953488372093,intra_population
27023,LPLC2,left,acetylcholine,25209,LPLC2,left,10,0.05813953488372093,intra_population
21361,LPLC2,left,acetylcholine,19830,LPLC2,left,10,0.05813953488372093,intra_population
29563,LC4,right,acetylcholine,23929,LC4,right,10,0.05813953488372093,intra_population
22034,LC4,right,acetylcholine,10584,DNp06,right,10,0.05813953488372093,visual_to_readout
29563,LC4,right,acetylcholine,28945,LC4,right,10,0.05813953488372093,intra_population
29563,LC4,right,acetylcholine,30803,LC4,right,10,0.05813953488372093,intra_population
23878,LPLC2,right,acetylcholine,26147,LPLC2,right,10,0.05813953488372093,intra_population
23878,LPLC2,right,acetylcholine,24401,LPLC2,right,10,0.05813953488372093,intra_population
21361,LPLC2,left,acetylcholine,100103,LPLC2,left,10,0.05813953488372093,intra_population
24401,LPLC2,right,acetylcholine,19608,LPLC2,right,10,0.05813953488372093,intra_population
21862,LPLC2,right,acetylcholine,24118,LPLC2,right,10,0.05813953488372093,intra_population
21703,LPLC2,right,acetylcholine,20749,LPLC2,right,10,0.05813953488372093,intra_population
24605,LPLC2,left,acetylcholine,10010,DNp01,left,10,0.05813953488372093,visual_to_readout
22772,LC4,left,acetylcholine,515900,LC4,left,10,0.05813953488372093,intra_population
27355,LPLC2,left,acetylcholine,536444,LPLC2,left,10,0.05813953488372093,intra_population
17478,LC4,left,acetylcholine,20967,LC4,left,10,0.05813953488372093,intra_population
21899,LPLC2,right,acetylcholine,18929,LPLC2,right,10,0.05813953488372093,intra_population
21045,LPLC2,right,acetylcholine,29014,LPLC2,right,10,0.05813953488372093,intra_population
29319,LPLC2,left,acetylcholine,27716,LPLC2,left,10,0.05813953488372093,intra_population
26528,LPLC2,left,acetylcholine,33303,LPLC2,left,10,0.05813953488372093,intra_population
17478,LC4,left,acetylcholine,21721,LC4,left,10,0.05813953488372093,intra_population
19249,LPLC2,right,acetylcholine,22677,LPLC2,right,10,0.05813953488372093,intra_population
521115,LPLC2,left,acetylcholine,15804,LPLC2,left,10,0.05813953488372093,intra_population
37587,LC4,left,acetylcholine,17608,LC4,left,10,0.05813953488372093,intra_population
20399,LC4,right,acetylcholine,21151,LC4,right,10,0.05813953488372093,intra_population
40841,LPLC2,left,acetylcholine,129687,LPLC2,left,10,0.05813953488372093,intra_population
41097,LPLC2,left,acetylcholine,40811,LPLC2,left,10,0.05813953488372093,intra_population
20240,LPLC2,left,acetylcholine,517819,LPLC2,left,10,0.05813953488372093,intra_population
18432,LC4,left,acetylcholine,512705,LC4,left,10,0.05813953488372093,intra_population
20162,LPLC2,right,acetylcholine,10584,DNp06,right,10,0.05813953488372093,visual_to_readout
518731,LPLC2,left,acetylcholine,18900,LPLC2,left,10,0.05813953488372093,intra_population
100103,LPLC2,left,acetylcholine,18900,LPLC2,left,10,0.05813953488372093,intra_population
100103,LPLC2,left,acetylcholine,14102,LPLC2,left,10,0.05813953488372093,intra_population
100103,LPLC2,left,acetylcholine,12384,LPLC2,left,10,0.05813953488372093,intra_population
518731,LPLC2,left,acetylcholine,22557,LPLC2,left,10,0.05813953488372093,intra_population
95241,LPLC2,left,acetylcholine,515971,LPLC2,left,10,0.05813953488372093,intra_population
18900,LPLC2,left,acetylcholine,95241,LPLC2,left,10,0.05813953488372093,intra_population
95241,LPLC2,left,acetylcholine,21361,LPLC2,left,10,0.05813953488372093,intra_population
95241,LPLC2,left,acetylcholine,18900,LPLC2,left,10,0.05813953488372093,intra_population
95241,LPLC2,left,acetylcholine,14102,LPLC2,left,10,0.05813953488372093,intra_population
20240,LPLC2,left,acetylcholine,13764,LPLC2,left,10,0.05813953488372093,intra_population
95241,LPLC2,left,acetylcholine,13132,LPLC2,left,10,0.05813953488372093,intra_population
20240,LPLC2,left,acetylcholine,21361,LPLC2,left,10,0.05813953488372093,intra_population
18900,LPLC2,left,acetylcholine,40811,LPLC2,left,10,0.05813953488372093,intra_population
100103,LPLC2,left,acetylcholine,26528,LPLC2,left,10,0.05813953488372093,intra_population
23497,LPLC2,right,acetylcholine,19589,LPLC2,right,10,0.05813953488372093,intra_population
26416,LPLC2,left,acetylcholine,27023,LPLC2,left,10,0.05813953488372093,intra_population
22772,LC4,left,acetylcholine,20976,LC4,left,10,0.05813953488372093,intra_population
25854,LPLC2,left,acetylcholine,31563,LPLC2,left,10,0.05813953488372093,intra_population
17668,LC4,right,acetylcholine,10584,DNp06,right,10,0.05813953488372093,visual_to_readout
17059,LPLC2,left,acetylcholine,20329,LPLC2,left,10,0.05813953488372093,intra_population
22261,LPLC2,right,acetylcholine,22218,LPLC2,right,10,0.05813953488372093,intra_population
22253,LPLC2,left,acetylcholine,23349,LPLC2,left,10,0.05813953488372093,intra_population
18936,LPLC2,left,acetylcholine,23665,LPLC2,left,10,0.05813953488372093,intra_population
23550,LPLC2,left,acetylcholine,10228,DNp06,left,10,0.05813953488372093,visual_to_readout
22261,LPLC2,right,acetylcholine,20182,LPLC2,right,10,0.05813953488372093,intra_population
23392,LC4,right,acetylcholine,23792,LC4,right,10,0.05813953488372093,intra_population
26147,LPLC2,right,acetylcholine,29216,LPLC2,right,10,0.05813953488372093,intra_population
22253,LPLC2,left,acetylcholine,25854,LPLC2,left,10,0.05813953488372093,intra_population
21225,LC4,right,acetylcholine,18127,LC4,right,10,0.05813953488372093,intra_population
30087,LC4,left,acetylcholine,29469,LC4,left,10,0.05813953488372093,intra_population
23497,LPLC2,right,acetylcholine,21045,LPLC2,right,10,0.05813953488372093,intra_population
22253,LPLC2,left,acetylcholine,27716,LPLC2,left,10,0.05813953488372093,intra_population
16138,LC4,right,acetylcholine,10584,DNp06,right,10,0.05813953488372093,visual_to_readout
16628,LC4,right,acetylcholine,17860,LC4,right,10,0.05813953488372093,intra_population
24800,LPLC2,right,acetylcholine,21562,LPLC2,right,10,0.05813953488372093,intra_population
17551,LPLC2,right,acetylcholine,18929,LPLC2,right,10,0.05813953488372093,intra_population
23590,LPLC2,right,acetylcholine,22218,LPLC2,right,10,0.05813953488372093,intra_population
23665,LPLC2,left,acetylcholine,22253,LPLC2,left,10,0.05813953488372093,intra_population
25316,LPLC2,right,acetylcholine,21804,LC4,right,10,0.05813953488372093,cross_visual
22194,LC4,right,acetylcholine,21313,LC4,right,10,0.05813953488372093,intra_population
29873,LPLC2,right,acetylcholine,19146,LPLC2,right,10,0.05813953488372093,intra_population
17774,LPLC2,left,acetylcholine,14030,LPLC2,left,10,0.05813953488372093,intra_population
17880,LPLC2,left,acetylcholine,24605,LPLC2,left,10,0.05813953488372093,intra_population
23590,LPLC2,right,acetylcholine,20269,LPLC2,right,10,0.05813953488372093,intra_population
23590,LPLC2,right,acetylcholine,29391,LPLC2,right,10,0.05813953488372093,intra_population
29873,LPLC2,right,acetylcholine,26147,LPLC2,right,10,0.05813953488372093,intra_population
26528,LPLC2,left,acetylcholine,24568,LPLC2,left,10,0.05813953488372093,intra_population
517079,LPLC2,left,acetylcholine,10228,DNp06,left,10,0.05813953488372093,visual_to_readout
22261,LPLC2,right,acetylcholine,27471,LPLC2,right,10,0.05813953488372093,intra_population
23550,LPLC2,left,acetylcholine,41097,LPLC2,left,10,0.05813953488372093,intra_population
17774,LPLC2,left,acetylcholine,19830,LPLC2,left,10,0.05813953488372093,intra_population
23349,LPLC2,left,acetylcholine,27716,LPLC2,left,10,0.05813953488372093,intra_population
22847,LC4,right,acetylcholine,20542,LC4,right,10,0.05813953488372093,intra_population
21769,LPLC2,right,acetylcholine,19550,LC4,right,10,0.05813953488372093,cross_visual
27716,LPLC2,left,acetylcholine,27796,LPLC2,left,10,0.05813953488372093,intra_population
22847,LC4,right,acetylcholine,29563,LC4,right,10,0.05813953488372093,intra_population
27829,LC4,left,acetylcholine,12349,LC4,left,10,0.05813953488372093,intra_population
27716,LPLC2,left,acetylcholine,22253,LPLC2,left,10,0.05813953488372093,intra_population
24401,LPLC2,right,acetylcholine,24118,LPLC2,right,10,0.05813953488372093,intra_population
28003,LPLC2,right,acetylcholine,11137,DNp04,right,10,0.05813953488372093,visual_to_readout
24523,LC4,left,acetylcholine,524899,LC4,left,10,0.05813953488372093,intra_population
28044,LPLC2,right,acetylcholine,19608,LPLC2,right,10,0.05813953488372093,intra_population
27566,LPLC2,right,acetylcholine,10001,DNp01,right,10,0.05813953488372093,visual_to_readout
17775,LPLC2,left,acetylcholine,517819,LPLC2,left,10,0.05813953488372093,intra_population
28188,LPLC2,left,acetylcholine,517079,LPLC2,left,10,0.05813953488372093,intra_population
17775,LPLC2,left,acetylcholine,531014,LPLC2,left,10,0.05813953488372093,intra_population
21862,LPLC2,right,acetylcholine,20269,LPLC2,right,10,0.05813953488372093,intra_population
24523,LC4,left,acetylcholine,20976,LC4,left,10,0.05813953488372093,intra_population
17054,LC4,right,acetylcholine,16128,LC4,right,10,0.05813953488372093,intra_population
21361,LPLC2,left,acetylcholine,18936,LPLC2,left,10,0.05813953488372093,intra_population
23919,LPLC2,left,acetylcholine,31563,LPLC2,left,10,0.05813953488372093,intra_population
22253,LPLC2,left,acetylcholine,10228,DNp06,left,10,0.05813953488372093,visual_to_readout
29955,LPLC2,left,acetylcholine,10228,DNp06,left,10,0.05813953488372093,visual_to_readout
26393,LPLC2,right,acetylcholine,31964,LPLC2,right,10,0.05813953488372093,intra_population
29955,LPLC2,left,acetylcholine,27355,LPLC2,left,10,0.05813953488372093,intra_population
25524,LPLC2,left,acetylcholine,20329,LPLC2,left,10,0.05813953488372093,intra_population
23349,LPLC2,left,acetylcholine,27399,LPLC2,left,10,0.05813953488372093,intra_population
22253,LPLC2,left,acetylcholine,20329,LPLC2,left,10,0.05813953488372093,intra_population
21287,LC4,right,acetylcholine,17364,LC4,right,10,0.05813953488372093,intra_population
37613,LPLC2,right,acetylcholine,30207,LPLC2,right,10,0.05813953488372093,intra_population
17668,LC4,right,acetylcholine,19260,LC4,right,10,0.05813953488372093,intra_population
18900,LPLC2,left,acetylcholine,517078,LPLC2,left,10,0.05813953488372093,intra_population
19034,LPLC2,right,acetylcholine,21862,LPLC2,right,10,0.05813953488372093,intra_population
19034,LPLC2,right,acetylcholine,33694,LPLC2,right,10,0.05813953488372093,intra_population
31563,LPLC2,left,acetylcholine,26528,LPLC2,left,10,0.05813953488372093,intra_population
20917,LC4,right,acetylcholine,20399,LC4,right,10,0.05813953488372093,intra_population
19034,LPLC2,right,acetylcholine,23878,LPLC2,right,10,0.05813953488372093,intra_population
20976,LC4,left,acetylcholine,100485,LC4,left,10,0.05813953488372093,intra_population
30938,LPLC2,right,acetylcholine,10584,DNp06,right,10,0.05813953488372093,visual_to_readout
32597,LC4,left,acetylcholine,518439,LC4,left,10,0.05813953488372093,intra_population
16128,LC4,right,acetylcholine,19420,LC4,right,10,0.05813953488372093,intra_population
30803,LC4,right,acetylcholine,23929,LC4,right,10,0.05813953488372093,intra_population
21045,LPLC2,right,acetylcholine,20162,LPLC2,right,10,0.05813953488372093,intra_population
21045,LPLC2,right,acetylcholine,20182,LPLC2,right,10,0.05813953488372093,intra_population
30803,LC4,right,acetylcholine,23792,LC4,right,10,0.05813953488372093,intra_population
16128,LC4,right,acetylcholine,19954,LC4,right,10,0.05813953488372093,intra_population
533895,LPLC2,left,acetylcholine,20799,LPLC2,left,10,0.05813953488372093,intra_population
31563,LPLC2,left,acetylcholine,41097,LPLC2,left,10,0.05813953488372093,intra_population
15804,LPLC2,left,acetylcholine,21361,LPLC2,left,10,0.05813953488372093,intra_population
31964,LPLC2,right,acetylcholine,24187,LPLC2,right,10,0.05813953488372093,intra_population
11498,LPLC2,left,acetylcholine,22253,LPLC2,left,10,0.05813953488372093,intra_population
15804,LPLC2,left,acetylcholine,19787,LPLC2,left,10,0.05813953488372093,intra_population
17990,LPLC2,left,acetylcholine,20240,LPLC2,left,10,0.05813953488372093,intra_population
33303,LPLC2,left,acetylcholine,31563,LPLC2,left,10,0.05813953488372093,intra_population
19229,LPLC2,right,acetylcholine,19146,LPLC2,right,10,0.05813953488372093,intra_population
20749,LPLC2,right,acetylcholine,10584,DNp06,right,10,0.05813953488372093,visual_to_readout
521115,LPLC2,left,acetylcholine,23550,LPLC2,left,10,0.05813953488372093,intra_population
32597,LC4,left,acetylcholine,10228,DNp06,left,10,0.05813953488372093,visual_to_readout
32507,LPLC2,right,acetylcholine,33694,LPLC2,right,10,0.05813953488372093,intra_population
20749,LPLC2,right,acetylcholine,20694,LPLC2,right,10,0.05813953488372093,intra_population
19229,LPLC2,right,acetylcholine,10584,DNp06,right,10,0.05813953488372093,visual_to_readout
31563,LPLC2,left,acetylcholine,33303,LPLC2,left,10,0.05813953488372093,intra_population
31964,LPLC2,right,acetylcholine,20269,LPLC2,right,10,0.05813953488372093,intra_population
19146,LPLC2,right,acetylcholine,29873,LPLC2,right,10,0.05813953488372093,intra_population
20535,LPLC2,right,acetylcholine,24187,LPLC2,right,10,0.05813953488372093,intra_population
20329,LPLC2,left,acetylcholine,13726,LPLC2,left,10,0.05813953488372093,intra_population
33396,LPLC2,right,acetylcholine,25267,LPLC2,right,10,0.05813953488372093,intra_population
11498,LPLC2,left,acetylcholine,515900,LC4,left,10,0.05813953488372093,cross_visual
527408,LC4,right,acetylcholine,22975,LC4,right,10,0.05813953488372093,intra_population
20673,LC4,right,acetylcholine,23392,LC4,right,10,0.05813953488372093,intra_population
20542,LC4,right,acetylcholine,16128,LC4,right,10,0.05813953488372093,intra_population
32737,LPLC2,left,acetylcholine,41097,LPLC2,left,10,0.05813953488372093,intra_population
34407,LPLC2,left,acetylcholine,24308,LPLC2,left,10,0.05813953488372093,intra_population
33694,LPLC2,right,acetylcholine,34110,LPLC2,right,10,0.05813953488372093,intra_population
14888,LC4,left,acetylcholine,12824,LC4,left,10,0.05813953488372093,intra_population
34845,LC4,left,acetylcholine,514956,LC4,left,10,0.05813953488372093,intra_population
525844,LPLC2,left,acetylcholine,33965,LPLC2,left,10,0.05813953488372093,intra_population
34845,LC4,left,acetylcholine,17608,LC4,left,10,0.05813953488372093,intra_population
34845,LC4,left,acetylcholine,37587,LC4,left,10,0.05813953488372093,intra_population
17926,LC4,right,acetylcholine,18127,LC4,right,10,0.05813953488372093,intra_population
20535,LPLC2,right,acetylcholine,19229,LPLC2,right,10,0.05813953488372093,intra_population
20471,LPLC2,right,acetylcholine,28044,LPLC2,right,10,0.05813953488372093,intra_population
524899,LC4,left,acetylcholine,519650,LC4,left,10,0.05813953488372093,intra_population
524899,LC4,left,acetylcholine,10228,DNp06,left,10,0.05813953488372093,visual_to_readout
35632,LPLC2,right,acetylcholine,11137,DNp04,right,10,0.05813953488372093,visual_to_readout
20471,LPLC2,right,acetylcholine,21808,LPLC2,right,10,0.05813953488372093,intra_population
524366,LPLC2,left,acetylcholine,10228,DNp06,left,10,0.05813953488372093,visual_to_readout
521115,LPLC2,left,acetylcholine,520764,LPLC2,left,10,0.05813953488372093,intra_population
20471,LPLC2,right,acetylcholine,20103,LPLC2,right,10,0.05813953488372093,intra_population
35889,LPLC2,right,acetylcholine,26393,LPLC2,right,10,0.05813953488372093,intra_population
20694,LPLC2,right,acetylcholine,18672,LPLC2,right,10,0.05813953488372093,intra_population
19787,LPLC2,left,acetylcholine,12384,LPLC2,left,10,0.05813953488372093,intra_population
32597,LC4,left,acetylcholine,530029,LC4,left,10,0.05813953488372093,intra_population
20749,LPLC2,right,acetylcholine,21703,LPLC2,right,10,0.05813953488372093,intra_population
35262,LC4,left,acetylcholine,27624,LC4,left,10,0.05813953488372093,intra_population
20749,LPLC2,right,acetylcholine,21899,LPLC2,right,10,0.05813953488372093,intra_population
13132,LPLC2,left,acetylcholine,514670,LPLC2,left,10,0.05813953488372093,intra_population
516909,LC4,left,acetylcholine,515900,LC4,left,10,0.05813953488372093,intra_population
517079,LPLC2,left,acetylcholine,525844,LPLC2,left,10,0.05813953488372093,intra_population
12824,LC4,left,acetylcholine,20572,LC4,left,10,0.05813953488372093,intra_population
12824,LC4,left,acetylcholine,17653,LC4,left,10,0.05813953488372093,intra_population
515971,LPLC2,left,acetylcholine,100103,LPLC2,left,10,0.05813953488372093,intra_population
515971,LPLC2,left,acetylcholine,33303,LPLC2,left,10,0.05813953488372093,intra_population
517079,LPLC2,left,acetylcholine,531014,LPLC2,left,10,0.05813953488372093,intra_population
19911,LPLC2,left,acetylcholine,10010,DNp01,left,10,0.05813953488372093,visual_to_readout
19830,LPLC2,left,acetylcholine,13132,LPLC2,left,10,0.05813953488372093,intra_population
18900,LPLC2,left,acetylcholine,12384,LPLC2,left,10,0.05813953488372093,intra_population
19830,LPLC2,left,acetylcholine,17059,LPLC2,left,10,0.05813953488372093,intra_population
19830,LPLC2,left,acetylcholine,20329,LPLC2,left,10,0.05813953488372093,intra_population
515971,LPLC2,left,acetylcholine,13132,LPLC2,left,10,0.05813953488372093,intra_population
517752,LC4,left,acetylcholine,17478,LC4,left,10,0.05813953488372093,intra_population
515971,LPLC2,left,acetylcholine,17775,LPLC2,left,10,0.05813953488372093,intra_population
107513,LC4,left,acetylcholine,29514,LC4,left,10,0.05813953488372093,intra_population
20103,LPLC2,right,acetylcholine,21703,LPLC2,right,10,0.05813953488372093,intra_population
20440,LC4,left,acetylcholine,14888,LC4,left,10,0.05813953488372093,intra_population
18900,LPLC2,left,acetylcholine,24605,LPLC2,left,10,0.05813953488372093,intra_population
20269,LPLC2,right,acetylcholine,21862,LPLC2,right,10,0.05813953488372093,intra_population
20269,LPLC2,right,acetylcholine,24268,LPLC2,right,10,0.05813953488372093,intra_population
19260,LC4,right,acetylcholine,21165,LC4,right,10,0.05813953488372093,intra_population
18396,LC4,left,acetylcholine,27624,LC4,left,10,0.05813953488372093,intra_population
20269,LPLC2,right,acetylcholine,31964,LPLC2,right,10,0.05813953488372093,intra_population
40811,LPLC2,left,acetylcholine,27355,LPLC2,left,10,0.05813953488372093,intra_population
14102,LPLC2,left,acetylcholine,13764,LPLC2,left,10,0.05813953488372093,intra_population
18396,LC4,left,acetylcholine,10228,DNp06,left,10,0.05813953488372093,visual_to_readout
19146,LPLC2,right,acetylcholine,20749,LPLC2,right,10,0.05813953488372093,intra_population
517078,LPLC2,left,acetylcholine,18936,LPLC2,left,10,0.05813953488372093,intra_population
12349,LC4,left,acetylcholine,27829,LC4,left,10,0.05813953488372093,intra_population
13726,LPLC2,left,acetylcholine,14030,LPLC2,left,10,0.05813953488372093,intra_population
13726,LPLC2,left,acetylcholine,24605,LPLC2,left,10,0.05813953488372093,intra_population
19146,LPLC2,right,acetylcholine,20535,LPLC2,right,10,0.05813953488372093,intra_population
517819,LPLC2,left,acetylcholine,21361,LPLC2,left,10,0.05813953488372093,intra_population
15804,LPLC2,left,acetylcholine,13726,LPLC2,left,10,0.05813953488372093,intra_population
531014,LPLC2,left,acetylcholine,26528,LPLC2,left,10,0.05813953488372093,intra_population
32223,LPLC2,left,acetylcholine,10010,DNp01,left,10,0.05813953488372093,visual_to_readout
15804,LPLC2,left,acetylcholine,17775,LPLC2,left,10,0.05813953488372093,intra_population
520764,LPLC2,left,acetylcholine,25854,LPLC2,left,10,0.05813953488372093,intra_population
35889,LPLC2,right,acetylcholine,29598,LPLC2,right,10,0.05813953488372093,intra_population
107513,LC4,left,acetylcholine,27624,LC4,left,10,0.05813953488372093,intra_population
517819,LPLC2,left,acetylcholine,129687,LPLC2,left,10,0.05813953488372093,intra_population
18672,LPLC2,right,acetylcholine,19229,LPLC2,right,10,0.05813953488372093,intra_population
514670,LPLC2,left,acetylcholine,17775,LPLC2,left,10,0.05813953488372093,intra_population
514670,LPLC2,left,acetylcholine,17774,LPLC2,left,10,0.05813953488372093,intra_population
18127,LC4,right,acetylcholine,23392,LC4,right,10,0.05813953488372093,intra_population
512705,LC4,left,acetylcholine,18432,LC4,left,10,0.05813953488372093,intra_population
518439,LC4,left,acetylcholine,18396,LC4,left,10,0.05813953488372093,intra_population
18900,LPLC2,left,acetylcholine,24568,LPLC2,left,10,0.05813953488372093,intra_population
20016,LC4,right,acetylcholine,17860,LC4,right,10,0.05813953488372093,intra_population
517819,LPLC2,left,acetylcholine,31563,LPLC2,left,10,0.05813953488372093,intra_population
111787,LC4,left,acetylcholine,29417,LC4,left,10,0.05813953488372093,intra_population
111787,LC4,left,acetylcholine,517752,LC4,left,10,0.05813953488372093,intra_population
112292,LPLC2,left,acetylcholine,515971,LPLC2,left,10,0.05813953488372093,intra_population
518439,LC4,left,acetylcholine,515476,LC4,left,10,0.05813953488372093,intra_population
517819,LPLC2,left,acetylcholine,518731,LPLC2,left,10,0.05813953488372093,intra_population
134521,LPLC2,left,acetylcholine,22253,LPLC2,left,10,0.05813953488372093,intra_population
19589,LPLC2,right,acetylcholine,21703,LPLC2,right,10,0.05813953488372093,intra_population
512366,LC4,left,acetylcholine,530029,LC4,left,10,0.05813953488372093,intra_population
100103,LPLC2,left,acetylcholine,14030,LPLC2,left,9,0.05232558139534884,intra_population
26147,LPLC2,right,acetylcholine,31988,LPLC2,right,9,0.05232558139534884,intra_population
95241,LPLC2,left,acetylcholine,517078,LPLC2,left,9,0.05232558139534884,intra_population
100103,LPLC2,left,acetylcholine,22253,LPLC2,left,9,0.05232558139534884,intra_population
22253,LPLC2,left,acetylcholine,14102,LPLC2,left,9,0.05232558139534884,intra_population
22253,LPLC2,left,acetylcholine,15804,LPLC2,left,9,0.05232558139534884,intra_population
20103,LPLC2,right,acetylcholine,21862,LPLC2,right,9,0.05232558139534884,intra_population
20162,LPLC2,right,acetylcholine,39620,LPLC2,right,9,0.05232558139534884,intra_population
20162,LPLC2,right,acetylcholine,22261,LPLC2,right,9,0.05232558139534884,intra_population
26393,LPLC2,right,acetylcholine,11137,DNp04,right,9,0.05232558139534884,visual_to_readout
111903,LPLC2,left,acetylcholine,17544,LPLC2,left,9,0.05232558139534884,intra_population
20103,LPLC2,right,acetylcholine,20269,LPLC2,right,9,0.05232558139534884,intra_population
26147,LPLC2,right,acetylcholine,29873,LPLC2,right,9,0.05232558139534884,intra_population
22253,LPLC2,left,acetylcholine,23665,LPLC2,left,9,0.05232558139534884,intra_population
111787,LC4,left,acetylcholine,519931,LC4,left,9,0.05232558139534884,intra_population
111903,LPLC2,left,acetylcholine,77614,LC4,left,9,0.05232558139534884,cross_visual
20047,LPLC2,right,acetylcholine,31964,LPLC2,right,9,0.05232558139534884,intra_population
107513,LC4,left,acetylcholine,18396,LC4,left,9,0.05232558139534884,intra_population
27355,LPLC2,left,acetylcholine,29955,LPLC2,left,9,0.05232558139534884,intra_population
29014,LPLC2,right,acetylcholine,20182,LPLC2,right,9,0.05232558139534884,intra_population
26528,LPLC2,left,acetylcholine,31563,LPLC2,left,9,0.05232558139534884,intra_population
21899,LPLC2,right,acetylcholine,17548,LC4,right,9,0.05232558139534884,cross_visual
20471,LPLC2,right,acetylcholine,20047,LPLC2,right,9,0.05232558139534884,intra_population
27399,LPLC2,left,acetylcholine,20799,LPLC2,left,9,0.05232558139534884,intra_population
35680,LPLC2,right,acetylcholine,33439,LPLC2,right,9,0.05232558139534884,intra_population
37431,LPLC2,right,acetylcholine,29391,LPLC2,right,9,0.05232558139534884,intra_population
27355,LPLC2,left,acetylcholine,29702,LPLC2,left,9,0.05232558139534884,intra_population
35889,LPLC2,right,acetylcholine,50287,LPLC2,right,9,0.05232558139534884,intra_population
20535,LPLC2,right,acetylcholine,19146,LPLC2,right,9,0.05232558139534884,intra_population
20535,LPLC2,right,acetylcholine,18672,LPLC2,right,9,0.05232558139534884,intra_population
28871,LPLC2,right,acetylcholine,29391,LPLC2,right,9,0.05232558139534884,intra_population
28044,LPLC2,right,acetylcholine,24187,LPLC2,right,9,0.05232558139534884,intra_population
28003,LPLC2,right,acetylcholine,31257,LPLC2,right,9,0.05232558139534884,intra_population
28003,LPLC2,right,acetylcholine,25497,LPLC2,right,9,0.05232558139534884,intra_population
21862,LPLC2,right,acetylcholine,21562,LPLC2,right,9,0.05232558139534884,intra_population
35838,LPLC2,right,acetylcholine,30207,LPLC2,right,9,0.05232558139534884,intra_population
35680,LPLC2,right,acetylcholine,34681,LPLC2,right,9,0.05232558139534884,intra_population
35889,LPLC2,right,acetylcholine,11137,DNp04,right,9,0.05232558139534884,visual_to_readout
20440,LC4,left,acetylcholine,518730,LC4,left,9,0.05232558139534884,intra_population
27796,LPLC2,left,acetylcholine,40841,LPLC2,left,9,0.05232558139534884,intra_population
20440,LC4,left,acetylcholine,17478,LC4,left,9,0.05232558139534884,intra_population
35889,LPLC2,right,acetylcholine,28044,LPLC2,right,9,0.05232558139534884,intra_population
21769,LPLC2,right,acetylcholine,20749,LPLC2,right,9,0.05232558139534884,intra_population
35889,LPLC2,right,acetylcholine,31988,LPLC2,right,9,0.05232558139534884,intra_population
21769,LPLC2,right,acetylcholine,21045,LPLC2,right,9,0.05232558139534884,intra_population
20182,LPLC2,right,acetylcholine,21703,LPLC2,right,9,0.05232558139534884,intra_population
20859,LC4,left,acetylcholine,81112,LC4,left,9,0.05232558139534884,intra_population
40811,LPLC2,left,acetylcholine,533895,LPLC2,left,9,0.05232558139534884,intra_population
31988,LPLC2,right,acetylcholine,20047,LPLC2,right,9,0.05232558139534884,intra_population
21287,LC4,right,acetylcholine,26112,LC4,right,9,0.05232558139534884,intra_population
29955,LPLC2,left,acetylcholine,25136,LPLC2,left,9,0.05232558139534884,intra_population
31563,LPLC2,left,acetylcholine,531014,LPLC2,left,9,0.05232558139534884,intra_population
31964,LPLC2,right,acetylcholine,20047,LPLC2,right,9,0.05232558139534884,intra_population
21313,LC4,right,acetylcholine,10584,DNp06,right,9,0.05232558139534884,visual_to_readout
21313,LC4,right,acetylcholine,16628,LC4,right,9,0.05232558139534884,intra_population
31964,LPLC2,right,acetylcholine,26393,LPLC2,right,9,0.05232558139534884,intra_population
31964,LPLC2,right,acetylcholine,31988,LPLC2,right,9,0.05232558139534884,intra_population
20808,LC4,right,acetylcholine,20588,LC4,right,9,0.05232558139534884,intra_population
31988,LPLC2,right,acetylcholine,29287,LPLC2,right,9,0.05232558139534884,intra_population
20269,LPLC2,right,acetylcholine,19608,LPLC2,right,9,0.05232558139534884,intra_population
21318,LPLC2,right,acetylcholine,20584,LPLC2,right,9,0.05232558139534884,intra_population
31308,LC4,left,acetylcholine,10228,DNp06,left,9,0.05232558139534884,visual_to_readout
20967,LC4,left,acetylcholine,12032,LC4,left,9,0.05232558139534884,intra_population
20967,LC4,left,acetylcholine,17270,LC4,left,9,0.05232558139534884,intra_population
20967,LC4,left,acetylcholine,20440,LC4,left,9,0.05232558139534884,intra_population
21165,LC4,right,acetylcholine,10584,DNp06,right,9,0.05232558139534884,visual_to_readout
30803,LC4,right,acetylcholine,22966,LC4,right,9,0.05232558139534884,intra_population
30087,LC4,left,acetylcholine,530029,LC4,left,9,0.05232558139534884,intra_population
27796,LPLC2,left,acetylcholine,34407,LPLC2,left,9,0.05232558139534884,intra_population
31563,LPLC2,left,acetylcholine,20799,LPLC2,left,9,0.05232558139534884,intra_population
20917,LC4,right,acetylcholine,17987,LC4,right,9,0.05232558139534884,intra_population
20917,LC4,right,acetylcholine,18189,LC4,right,9,0.05232558139534884,intra_population
21287,LC4,right,acetylcholine,18127,LC4,right,9,0.05232558139534884,intra_population
21899,LPLC2,right,acetylcholine,19229,LPLC2,right,9,0.05232558139534884,intra_population
41097,LPLC2,left,acetylcholine,29955,LPLC2,left,9,0.05232558139534884,intra_population
27355,LPLC2,left,acetylcholine,25286,LPLC2,left,9,0.05232558139534884,intra_population
50287,LPLC2,right,acetylcholine,11137,DNp04,right,9,0.05232558139534884,visual_to_readout
55627,LPLC2,right,acetylcholine,29216,LPLC2,right,9,0.05232558139534884,intra_population
20182,LPLC2,right,acetylcholine,20047,LPLC2,right,9,0.05232558139534884,intra_population
21899,LPLC2,right,acetylcholine,20584,LPLC2,right,9,0.05232558139534884,intra_population
95241,LPLC2,left,acetylcholine,12384,LPLC2,left,9,0.05232558139534884,intra_population
22034,LC4,right,acetylcholine,25584,LC4,right,9,0.05232558139534884,intra_population
20240,LPLC2,left,acetylcholine,17774,LPLC2,left,9,0.05232558139534884,intra_population
22034,LC4,right,acetylcholine,30480,LC4,right,9,0.05232558139534884,intra_population
20240,LPLC2,left,acetylcholine,13726,LPLC2,left,9,0.05232558139534884,intra_population
26915,LPLC2,right,acetylcholine,20047,LPLC2,right,9,0.05232558139534884,intra_population
95241,LPLC2,left,acetylcholine,18936,LPLC2,left,9,0.05232558139534884,intra_population
20182,LPLC2,right,acetylcholine,22261,LPLC2,right,9,0.05232558139534884,intra_population
55627,LPLC2,right,acetylcholine,30938,LPLC2,right,9,0.05232558139534884,intra_population
20047,LPLC2,right,acetylcholine,29014,LPLC2,right,9,0.05232558139534884,intra_population
29014,LPLC2,right,acetylcholine,21562,LPLC2,right,9,0.05232558139534884,intra_population
21703,LPLC2,right,acetylcholine,20103,LPLC2,right,9,0.05232558139534884,intra_population
37431,LPLC2,right,acetylcholine,30041,LPLC2,right,9,0.05232558139534884,intra_population
11498,LPLC2,left,acetylcholine,517079,LPLC2,left,9,0.05232558139534884,intra_population
39620,LPLC2,right,acetylcholine,50287,LPLC2,right,9,0.05232558139534884,intra_population
17653,LC4,left,acetylcholine,511914,LC4,left,9,0.05232558139534884,intra_population
17551,LPLC2,right,acetylcholine,19608,LPLC2,right,9,0.05232558139534884,intra_population
17926,LC4,right,acetylcholine,17987,LC4,right,9,0.05232558139534884,intra_population
15018,LC4,left,acetylcholine,10228,DNp06,left,9,0.05232558139534884,visual_to_readout
16809,LC4,left,acetylcholine,34845,LC4,left,9,0.05232558139534884,intra_population
14030,LPLC2,left,acetylcholine,10228,DNp06,left,9,0.05232558139534884,visual_to_readout
12384,LPLC2,left,acetylcholine,17059,LPLC2,left,9,0.05232558139534884,intra_population
21225,LC4,right,acetylcholine,20917,LC4,right,9,0.05232558139534884,intra_population
17054,LC4,right,acetylcholine,19794,LC4,right,9,0.05232558139534884,intra_population
17990,LPLC2,left,acetylcholine,13726,LPLC2,left,9,0.05232558139534884,intra_population
17364,LC4,right,acetylcholine,10584,DNp06,right,9,0.05232558139534884,visual_to_readout
11498,LPLC2,left,acetylcholine,518731,LPLC2,left,9,0.05232558139534884,intra_population
17548,LC4,right,acetylcholine,16138,LC4,right,9,0.05232558139534884,intra_population
17059,LPLC2,left,acetylcholine,13726,LPLC2,left,9,0.05232558139534884,intra_population
14888,LC4,left,acetylcholine,17340,LC4,left,9,0.05232558139534884,intra_population
12349,LC4,left,acetylcholine,17270,LC4,left,9,0.05232558139534884,intra_population
17548,LC4,right,acetylcholine,19420,LC4,right,9,0.05232558139534884,intra_population
18127,LC4,right,acetylcholine,17548,LC4,right,9,0.05232558139534884,intra_population
16628,LC4,right,acetylcholine,10584,DNp06,right,9,0.05232558139534884,visual_to_readout
17548,LC4,right,acetylcholine,17054,LC4,right,9,0.05232558139534884,intra_population
14030,LPLC2,left,acetylcholine,18900,LPLC2,left,9,0.05232558139534884,intra_population
18672,LPLC2,right,acetylcholine,29873,LPLC2,right,9,0.05232558139534884,intra_population
18189,LC4,right,acetylcholine,23098,LC4,right,9,0.05232558139534884,intra_population
39620,LPLC2,right,acetylcholine,37613,LPLC2,right,9,0.05232558139534884,intra_population
17775,LPLC2,left,acetylcholine,17990,LPLC2,left,9,0.05232558139534884,intra_population
12824,LC4,left,acetylcholine,20967,LC4,left,9,0.05232558139534884,intra_population
18936,LPLC2,left,acetylcholine,18900,LPLC2,left,9,0.05232558139534884,intra_population
18900,LPLC2,left,acetylcholine,23349,LPLC2,left,9,0.05232558139534884,intra_population
18900,LPLC2,left,acetylcholine,514670,LPLC2,left,9,0.05232558139534884,intra_population
12384,LPLC2,left,acetylcholine,95241,LPLC2,left,9,0.05232558139534884,intra_population
17478,LC4,left,acetylcholine,14888,LC4,left,9,0.05232558139534884,intra_population
18127,LC4,right,acetylcholine,20542,LC4,right,9,0.05232558139534884,intra_population
17059,LPLC2,left,acetylcholine,10228,DNp06,left,9,0.05232558139534884,visual_to_readout
17775,LPLC2,left,acetylcholine,33303,LPLC2,left,9,0.05232558139534884,intra_population
13764,LPLC2,left,acetylcholine,112292,LPLC2,left,9,0.05232558139534884,intra_population
18936,LPLC2,left,acetylcholine,20240,LPLC2,left,9,0.05232558139534884,intra_population
17926,LC4,right,acetylcholine,23098,LC4,right,9,0.05232558139534884,intra_population
18478,LC4,left,acetylcholine,22772,LC4,left,9,0.05232558139534884,intra_population
14030,LPLC2,left,acetylcholine,17059,LPLC2,left,9,0.05232558139534884,intra_population
18672,LPLC2,right,acetylcholine,14465,LPLC2,right,9,0.05232558139534884,intra_population
14465,LPLC2,right,acetylcholine,18672,LPLC2,right,9,0.05232558139534884,intra_population
16128,LC4,right,acetylcholine,17926,LC4,right,9,0.05232558139534884,intra_population
17668,LC4,right,acetylcholine,17987,LC4,right,9,0.05232558139534884,intra_population
14888,LC4,left,acetylcholine,519650,LC4,left,9,0.05232558139534884,intra_population
16809,LC4,left,acetylcholine,15018,LC4,left,9,0.05232558139534884,intra_population
18929,LPLC2,right,acetylcholine,16128,LC4,right,9,0.05232558139534884,cross_visual
13726,LPLC2,left,acetylcholine,24568,LPLC2,left,9,0.05232558139534884,intra_population
16138,LC4,right,acetylcholine,22194,LC4,right,9,0.05232558139534884,intra_population
37613,LPLC2,right,acetylcholine,21769,LPLC2,right,9,0.05232558139534884,intra_population
17364,LC4,right,acetylcholine,19420,LC4,right,9,0.05232558139534884,intra_population
17990,LPLC2,left,acetylcholine,18936,LPLC2,left,9,0.05232558139534884,intra_population
16809,LC4,left,acetylcholine,512366,LC4,left,9,0.05232558139534884,intra_population
10001,DNp01,right,acetylcholine,10584,DNp06,right,9,0.05232558139534884,inter_readout
20694,LPLC2,right,acetylcholine,19146,LPLC2,right,9,0.05232558139534884,intra_population
20399,LC4,right,acetylcholine,16138,LC4,right,9,0.05232558139534884,intra_population
27796,LPLC2,left,acetylcholine,19787,LPLC2,left,9,0.05232558139534884,intra_population
27750,LC4,left,acetylcholine,514956,LC4,left,9,0.05232558139534884,intra_population
20334,LPLC2,right,acetylcholine,31964,LPLC2,right,9,0.05232558139534884,intra_population
21808,LPLC2,right,acetylcholine,19034,LPLC2,right,9,0.05232558139534884,intra_population
17059,LPLC2,left,acetylcholine,517819,LPLC2,left,9,0.05232558139534884,intra_population
20334,LPLC2,right,acetylcholine,19608,LPLC2,right,9,0.05232558139534884,intra_population
37925,LPLC2,right,acetylcholine,10001,DNp01,right,9,0.05232558139534884,visual_to_readout
20334,LPLC2,right,acetylcholine,10584,DNp06,right,9,0.05232558139534884,visual_to_readout
39620,LPLC2,right,acetylcholine,11137,DNp04,right,9,0.05232558139534884,visual_to_readout
27716,LPLC2,left,acetylcholine,23349,LPLC2,left,9,0.05232558139534884,intra_population
20329,LPLC2,left,acetylcholine,22253,LPLC2,left,9,0.05232558139534884,intra_population
20329,LPLC2,left,acetylcholine,17990,LPLC2,left,9,0.05232558139534884,intra_population
27624,LC4,left,acetylcholine,18396,LC4,left,9,0.05232558139534884,intra_population
39620,LPLC2,right,acetylcholine,30938,LPLC2,right,9,0.05232558139534884,intra_population
14465,LPLC2,right,acetylcholine,19034,LPLC2,right,9,0.05232558139534884,intra_population
14030,LPLC2,left,acetylcholine,24605,LPLC2,left,9,0.05232558139534884,intra_population
11498,LPLC2,left,acetylcholine,21361,LPLC2,left,9,0.05232558139534884,intra_population
18929,LPLC2,right,acetylcholine,21318,LPLC2,right,9,0.05232558139534884,intra_population
17544,LPLC2,left,acetylcholine,10010,DNp01,left,9,0.05232558139534884,visual_to_readout
12349,LC4,left,acetylcholine,77614,LC4,left,9,0.05232558139534884,intra_population
17860,LC4,right,acetylcholine,16628,LC4,right,9,0.05232558139534884,intra_population
11498,LPLC2,left,acetylcholine,20329,LPLC2,left,9,0.05232558139534884,intra_population
17059,LPLC2,left,acetylcholine,13132,LPLC2,left,9,0.05232558139534884,intra_population
14102,LPLC2,left,acetylcholine,23349,LPLC2,left,9,0.05232558139534884,intra_population
15018,LC4,left,acetylcholine,18396,LC4,left,9,0.05232558139534884,intra_population
16128,LC4,right,acetylcholine,17548,LC4,right,9,0.05232558139534884,intra_population
14888,LC4,left,acetylcholine,520449,LC4,left,9,0.05232558139534884,intra_population
14102,LPLC2,left,acetylcholine,100103,LPLC2,left,9,0.05232558139534884,intra_population
12384,LPLC2,left,acetylcholine,11498,LPLC2,left,9,0.05232558139534884,intra_population
14888,LC4,left,acetylcholine,20440,LC4,left,9,0.05232558139534884,intra_population
15804,LPLC2,left,acetylcholine,14030,LPLC2,left,9,0.05232558139534884,intra_population
17775,LPLC2,left,acetylcholine,515971,LPLC2,left,9,0.05232558139534884,intra_population
17990,LPLC2,left,acetylcholine,23550,LPLC2,left,9,0.05232558139534884,intra_population
17059,LPLC2,left,acetylcholine,15804,LPLC2,left,9,0.05232558139534884,intra_population
17551,LPLC2,right,acetylcholine,20584,LPLC2,right,9,0.05232558139534884,intra_population
16917,LC4,left,acetylcholine,27624,LC4,left,9,0.05232558139534884,intra_population
13726,LPLC2,left,acetylcholine,15804,LPLC2,left,9,0.05232558139534884,intra_population
30087,LC4,left,acetylcholine,512366,LC4,left,9,0.05232558139534884,intra_population
100103,LPLC2,left,acetylcholine,17774,LPLC2,left,9,0.05232558139534884,intra_population
30087,LC4,left,acetylcholine,10228,DNp06,left,9,0.05232558139534884,visual_to_readout
530029,LC4,left,acetylcholine,10228,DNp06,left,9,0.05232558139534884,visual_to_readout
23349,LPLC2,left,acetylcholine,23665,LPLC2,left,9,0.05232558139534884,intra_population
23878,LPLC2,right,acetylcholine,17551,LPLC2,right,9,0.05232558139534884,intra_population
524899,LC4,left,acetylcholine,532254,LC4,left,9,0.05232558139534884,intra_population
23792,LC4,right,acetylcholine,10584,DNp06,right,9,0.05232558139534884,visual_to_readout
19229,LPLC2,right,acetylcholine,22218,LPLC2,right,9,0.05232558139534884,intra_population
525844,LPLC2,left,acetylcholine,32237,LPLC2,left,9,0.05232558139534884,intra_population
23247,LPLC2,left,acetylcholine,23349,LPLC2,left,9,0.05232558139534884,intra_population
19229,LPLC2,right,acetylcholine,21703,LPLC2,right,9,0.05232558139534884,intra_population
19229,LPLC2,right,acetylcholine,20535,LPLC2,right,9,0.05232558139534884,intra_population
530029,LC4,left,acetylcholine,30087,LC4,left,9,0.05232558139534884,intra_population
531014,LPLC2,left,acetylcholine,514670,LPLC2,left,9,0.05232558139534884,intra_population
530029,LC4,left,acetylcholine,32597,LC4,left,9,0.05232558139534884,intra_population
19146,LPLC2,right,acetylcholine,30207,LPLC2,right,9,0.05232558139534884,intra_population
23349,LPLC2,left,acetylcholine,17990,LPLC2,left,9,0.05232558139534884,intra_population
530029,LC4,left,acetylcholine,512366,LC4,left,9,0.05232558139534884,intra_population
23590,LPLC2,right,acetylcholine,11137,DNp04,right,9,0.05232558139534884,visual_to_readout
23590,LPLC2,right,acetylcholine,10584,DNp06,right,9,0.05232558139534884,visual_to_readout
531014,LPLC2,left,acetylcholine,25572,LPLC2,left,9,0.05232558139534884,intra_population
23878,LPLC2,right,acetylcholine,19034,LPLC2,right,9,0.05232558139534884,intra_population
24800,LPLC2,right,acetylcholine,37431,LPLC2,right,9,0.05232558139534884,intra_population
19146,LPLC2,right,acetylcholine,19589,LPLC2,right,9,0.05232558139534884,intra_population
19034,LPLC2,right,acetylcholine,20471,LPLC2,right,9,0.05232558139534884,intra_population
19842,LPLC2,right,acetylcholine,18929,LPLC2,right,9,0.05232558139534884,intra_population
533129,LC4,left,acetylcholine,526286,LC4,left,9,0.05232558139534884,intra_population
518731,LPLC2,left,acetylcholine,17775,LPLC2,left,9,0.05232558139534884,intra_population
19249,LPLC2,right,acetylcholine,19842,LPLC2,right,9,0.05232558139534884,intra_population
24800,LPLC2,right,acetylcholine,28003,LPLC2,right,9,0.05232558139534884,intra_population
23878,LPLC2,right,acetylcholine,20182,LPLC2,right,9,0.05232558139534884,intra_population
19249,LPLC2,right,acetylcholine,17551,LPLC2,right,9,0.05232558139534884,intra_population
23550,LPLC2,left,acetylcholine,520764,LPLC2,left,9,0.05232558139534884,intra_population
533129,LC4,left,acetylcholine,10228,DNp06,left,9,0.05232558139534884,visual_to_readout
533129,LC4,left,acetylcholine,17340,LC4,left,9,0.05232558139534884,intra_population
19034,LPLC2,right,acetylcholine,25497,LPLC2,right,9,0.05232558139534884,intra_population
23550,LPLC2,left,acetylcholine,27716,LPLC2,left,9,0.05232558139534884,intra_population
18936,LPLC2,left,acetylcholine,514670,LPLC2,left,9,0.05232558139534884,intra_population
19034,LPLC2,right,acetylcholine,22261,LPLC2,right,9,0.05232558139534884,intra_population
531014,LPLC2,left,acetylcholine,517079,LPLC2,left,9,0.05232558139534884,intra_population
23497,LPLC2,right,acetylcholine,24268,LPLC2,right,9,0.05232558139534884,intra_population
533895,LPLC2,left,acetylcholine,27399,LPLC2,left,9,0.05232558139534884,intra_population
533895,LPLC2,left,acetylcholine,29702,LPLC2,left,9,0.05232558139534884,intra_population
536444,LPLC2,left,acetylcholine,23550,LPLC2,left,9,0.05232558139534884,intra_population
536444,LPLC2,left,acetylcholine,27355,LPLC2,left,9,0.05232558139534884,intra_population
18936,LPLC2,left,acetylcholine,518731,LPLC2,left,9,0.05232558139534884,intra_population
18936,LPLC2,left,acetylcholine,515971,LPLC2,left,9,0.05232558139534884,intra_population
24523,LC4,left,acetylcholine,22922,LC4,left,9,0.05232558139534884,intra_population
19787,LPLC2,left,acetylcholine,27796,LPLC2,left,9,0.05232558139534884,intra_population
22966,LC4,right,acetylcholine,23929,LC4,right,9,0.05232558139534884,intra_population
25253,LPLC2,right,acetylcholine,28741,LPLC2,right,9,0.05232558139534884,intra_population
19787,LPLC2,left,acetylcholine,15804,LPLC2,left,9,0.05232558139534884,intra_population
25854,LPLC2,left,acetylcholine,25027,LPLC2,left,9,0.05232558139534884,intra_population
20016,LC4,right,acetylcholine,19954,LC4,right,9,0.05232558139534884,intra_population
22328,LC4,right,acetylcholine,20808,LC4,right,9,0.05232558139534884,intra_population
25286,LPLC2,left,acetylcholine,30893,LPLC2,left,9,0.05232558139534884,intra_population
515900,LC4,left,acetylcholine,526286,LC4,left,9,0.05232558139534884,intra_population
22772,LC4,left,acetylcholine,12349,LC4,left,9,0.05232558139534884,intra_population
25854,LPLC2,left,acetylcholine,25575,LPLC2,left,9,0.05232558139534884,intra_population
517079,LPLC2,left,acetylcholine,19787,LPLC2,left,9,0.05232558139534884,intra_population
19842,LPLC2,right,acetylcholine,10584,DNp06,right,9,0.05232558139534884,visual_to_readout
25253,LPLC2,right,acetylcholine,24401,LPLC2,right,9,0.05232558139534884,intra_population
129687,LPLC2,left,acetylcholine,134521,LPLC2,left,9,0.05232558139534884,intra_population
22677,LPLC2,right,acetylcholine,19842,LPLC2,right,9,0.05232558139534884,intra_population
25253,LPLC2,right,acetylcholine,27566,LPLC2,right,9,0.05232558139534884,intra_population
25253,LPLC2,right,acetylcholine,24187,LPLC2,right,9,0.05232558139534884,intra_population
517078,LPLC2,left,acetylcholine,20240,LPLC2,left,9,0.05232558139534884,intra_population
512705,LC4,left,acetylcholine,10228,DNp06,left,9,0.05232558139534884,visual_to_readout
19787,LPLC2,left,acetylcholine,22253,LPLC2,left,9,0.05232558139534884,intra_population
30803,LC4,right,acetylcholine,31262,LC4,right,9,0.05232558139534884,intra_population
24840,LPLC2,left,acetylcholine,27716,LPLC2,left,9,0.05232558139534884,intra_population
19787,LPLC2,left,acetylcholine,14102,LPLC2,left,9,0.05232558139534884,intra_population
22557,LPLC2,left,acetylcholine,20799,LPLC2,left,9,0.05232558139534884,intra_population
514670,LPLC2,left,acetylcholine,14030,LPLC2,left,9,0.05232558139534884,intra_population
25027,LPLC2,left,acetylcholine,531898,DNp04,left,9,0.05232558139534884,visual_to_readout
25286,LPLC2,left,acetylcholine,531898,DNp04,left,9,0.05232558139534884,visual_to_readout
19787,LPLC2,left,acetylcholine,28011,LPLC2,left,9,0.05232558139534884,intra_population
19787,LPLC2,left,acetylcholine,31563,LPLC2,left,9,0.05232558139534884,intra_population
25524,LPLC2,left,acetylcholine,23550,LPLC2,left,9,0.05232558139534884,intra_population
25027,LPLC2,left,acetylcholine,23550,LPLC2,left,9,0.05232558139534884,intra_population
25511,LPLC2,right,acetylcholine,37431,LPLC2,right,9,0.05232558139534884,intra_population
517078,LPLC2,left,acetylcholine,17059,LPLC2,left,9,0.05232558139534884,intra_population
515900,LC4,left,acetylcholine,17653,LC4,left,9,0.05232558139534884,intra_population
514670,LPLC2,left,acetylcholine,517078,LPLC2,left,9,0.05232558139534884,intra_population
25209,LPLC2,left,acetylcholine,30087,LC4,left,9,0.05232558139534884,cross_visual
22772,LC4,left,acetylcholine,22922,LC4,left,9,0.05232558139534884,intra_population
25209,LPLC2,left,acetylcholine,41097,LPLC2,left,9,0.05232558139534884,intra_population
19830,LPLC2,left,acetylcholine,18900,LPLC2,left,9,0.05232558139534884,intra_population
25497,LPLC2,right,acetylcholine,21562,LPLC2,right,9,0.05232558139534884,intra_population
22557,LPLC2,left,acetylcholine,517819,LPLC2,left,9,0.05232558139534884,intra_population
514670,LPLC2,left,acetylcholine,21361,LPLC2,left,9,0.05232558139534884,intra_population
515971,LPLC2,left,acetylcholine,26416,LPLC2,left,9,0.05232558139534884,intra_population
22557,LPLC2,left,acetylcholine,41097,LPLC2,left,9,0.05232558139534884,intra_population
22557,LPLC2,left,acetylcholine,13726,LPLC2,left,9,0.05232558139534884,intra_population
22677,LPLC2,right,acetylcholine,10001,DNp01,right,9,0.05232558139534884,visual_to_readout
518731,LPLC2,left,acetylcholine,13764,LPLC2,left,9,0.05232558139534884,intra_population
19794,LC4,right,acetylcholine,10584,DNp06,right,9,0.05232558139534884,visual_to_readout
518544,LC4,left,acetylcholine,515900,LC4,left,9,0.05232558139534884,intra_population
33965,LPLC2,left,acetylcholine,23247,LPLC2,left,9,0.05232558139534884,intra_population
21562,LPLC2,right,acetylcholine,29391,LPLC2,right,9,0.05232558139534884,intra_population
20572,LC4,left,acetylcholine,17653,LC4,left,9,0.05232558139534884,intra_population
34372,LPLC2,right,acetylcholine,10001,DNp01,right,9,0.05232558139534884,visual_to_readout
34372,LPLC2,right,acetylcholine,37925,LPLC2,right,9,0.05232558139534884,intra_population
20542,LC4,right,acetylcholine,31262,LC4,right,9,0.05232558139534884,intra_population
34407,LPLC2,left,acetylcholine,17880,LPLC2,left,9,0.05232558139534884,intra_population
29319,LPLC2,left,acetylcholine,518731,LPLC2,left,9,0.05232558139534884,intra_population
29319,LPLC2,left,acetylcholine,25209,LPLC2,left,9,0.05232558139534884,intra_population
34845,LC4,left,acetylcholine,15018,LC4,left,9,0.05232558139534884,intra_population
20535,LPLC2,right,acetylcholine,21862,LPLC2,right,9,0.05232558139534884,intra_population
29469,LC4,left,acetylcholine,512366,LC4,left,9,0.05232558139534884,intra_population
33185,LPLC2,right,acetylcholine,11137,DNp04,right,9,0.05232558139534884,visual_to_readout
29514,LC4,left,acetylcholine,530029,LC4,left,9,0.05232558139534884,intra_population
29702,LPLC2,left,acetylcholine,518731,LPLC2,left,9,0.05232558139534884,intra_population
32237,LPLC2,left,acetylcholine,25286,LPLC2,left,9,0.05232558139534884,intra_population
20799,LPLC2,left,acetylcholine,17775,LPLC2,left,9,0.05232558139534884,intra_population
20799,LPLC2,left,acetylcholine,10228,DNp06,left,9,0.05232558139534884,visual_to_readout
32237,LPLC2,left,acetylcholine,29955,LPLC2,left,9,0.05232558139534884,intra_population
29702,LPLC2,left,acetylcholine,33303,LPLC2,left,9,0.05232558139534884,intra_population
21361,LPLC2,left,acetylcholine,15804,LPLC2,left,9,0.05232558139534884,intra_population
33185,LPLC2,right,acetylcholine,29287,LPLC2,right,9,0.05232558139534884,intra_population
33439,LPLC2,right,acetylcholine,10584,DNp06,right,9,0.05232558139534884,visual_to_readout
33137,LC4,left,acetylcholine,519931,LC4,left,9,0.05232558139534884,intra_population
31105,LPLC2,left,acetylcholine,29955,LPLC2,left,9,0.05232558139534884,intra_population
30893,LPLC2,left,acetylcholine,25286,LPLC2,left,9,0.05232558139534884,intra_population
20799,LPLC2,left,acetylcholine,111903,LPLC2,left,9,0.05232558139534884,intra_population
518439,LC4,left,acetylcholine,32597,LC4,left,9,0.05232558139534884,intra_population
30041,LPLC2,right,acetylcholine,37431,LPLC2,right,9,0.05232558139534884,intra_population
30938,LPLC2,right,acetylcholine,39620,LPLC2,right,9,0.05232558139534884,intra_population
31105,LPLC2,left,acetylcholine,10010,DNp01,left,9,0.05232558139534884,visual_to_readout
30041,LPLC2,right,acetylcholine,33185,LPLC2,right,9,0.05232558139534884,intra_population
31105,LPLC2,left,acetylcholine,27355,LPLC2,left,9,0.05232558139534884,intra_population
31105,LPLC2,left,acetylcholine,28011,LPLC2,left,9,0.05232558139534884,intra_population
31105,LPLC2,left,acetylcholine,32237,LPLC2,left,9,0.05232558139534884,intra_population
33406,LPLC2,left,acetylcholine,10228,DNp06,left,9,0.05232558139534884,visual_to_readout
20967,LC4,left,acetylcholine,77614,LC4,left,9,0.05232558139534884,intra_population
21287,LC4,right,acetylcholine,10584,DNp06,right,9,0.05232558139534884,visual_to_readout
29815,LPLC2,left,acetylcholine,531898,DNp04,left,9,0.05232558139534884,visual_to_readout
20799,LPLC2,left,acetylcholine,31563,LPLC2,left,9,0.05232558139534884,intra_population
29815,LPLC2,left,acetylcholine,129687,LPLC2,left,9,0.05232558139534884,intra_population
33303,LPLC2,left,acetylcholine,17775,LPLC2,left,9,0.05232558139534884,intra_population
33396,LPLC2,right,acetylcholine,24268,LPLC2,right,9,0.05232558139534884,intra_population
20584,LPLC2,right,acetylcholine,20535,LPLC2,right,9,0.05232558139534884,intra_population
29514,LC4,left,acetylcholine,17608,LC4,left,9,0.05232558139534884,intra_population
20749,LPLC2,right,acetylcholine,19549,LPLC2,right,9,0.05232558139534884,intra_population
33303,LPLC2,left,acetylcholine,23919,LPLC2,left,9,0.05232558139534884,intra_population
21361,LPLC2,left,acetylcholine,20240,LPLC2,left,9,0.05232558139534884,intra_population
517819,LPLC2,left,acetylcholine,17990,LPLC2,left,9,0.05232558139534884,intra_population
19260,LC4,right,acetylcholine,17054,LC4,right,9,0.05232558139534884,intra_population
520449,LC4,left,acetylcholine,17653,LC4,left,9,0.05232558139534884,intra_population
23929,LC4,right,acetylcholine,10584,DNp06,right,9,0.05232558139534884,visual_to_readout
520764,LPLC2,left,acetylcholine,517079,LPLC2,left,9,0.05232558139534884,intra_population
23919,LPLC2,left,acetylcholine,29753,LPLC2,left,9,0.05232558139534884,intra_population
519931,LC4,left,acetylcholine,512705,LC4,left,9,0.05232558139534884,intra_population
518731,LPLC2,left,acetylcholine,23919,LPLC2,left,9,0.05232558139534884,intra_population
24338,LC4,right,acetylcholine,20808,LC4,right,9,0.05232558139534884,intra_population
518731,LPLC2,left,acetylcholine,19830,LPLC2,left,9,0.05232558139534884,intra_population
19608,LPLC2,right,acetylcholine,14465,LPLC2,right,9,0.05232558139534884,intra_population
519931,LC4,left,acetylcholine,518730,LC4,left,9,0.05232558139534884,intra_population
517819,LPLC2,left,acetylcholine,25572,LPLC2,left,9,0.05232558139534884,intra_population
22922,LC4,left,acetylcholine,17340,LC4,left,9,0.05232558139534884,intra_population
22922,LC4,left,acetylcholine,27829,LC4,left,9,0.05232558139534884,intra_population
19589,LPLC2,right,acetylcholine,20749,LPLC2,right,9,0.05232558139534884,intra_population
19589,LPLC2,right,acetylcholine,20535,LPLC2,right,9,0.05232558139534884,intra_population
19589,LPLC2,right,acetylcholine,20334,LPLC2,right,9,0.05232558139534884,intra_population
21361,LPLC2,left,acetylcholine,517819,LPLC2,left,9,0.05232558139534884,intra_population
517819,LPLC2,left,acetylcholine,515971,LPLC2,left,9,0.05232558139534884,intra_population
518439,LC4,left,acetylcholine,10228,DNp06,left,9,0.05232558139534884,visual_to_readout
19260,LC4,right,acetylcholine,17364,LC4,right,9,0.05232558139534884,intra_population
517819,LPLC2,left,acetylcholine,22253,LPLC2,left,9,0.05232558139534884,intra_population
23098,LC4,right,acetylcholine,18189,LC4,right,9,0.05232558139534884,intra_population
25854,LPLC2,left,acetylcholine,515971,LPLC2,left,9,0.05232558139534884,intra_population
20694,LPLC2,right,acetylcholine,19229,LPLC2,right,9,0.05232558139534884,intra_population
23497,LPLC2,right,acetylcholine,20535,LPLC2,right,9,0.05232558139534884,intra_population
518731,LPLC2,left,acetylcholine,29702,LPLC2,left,9,0.05232558139534884,intra_population
32737,LPLC2,left,acetylcholine,24568,LPLC2,left,9,0.05232558139534884,intra_population
32737,LPLC2,left,acetylcholine,29955,LPLC2,left,9,0.05232558139534884,intra_population
29563,LC4,right,acetylcholine,17266,LC4,right,9,0.05232558139534884,intra_population
29702,LPLC2,left,acetylcholine,10228,DNp06,left,9,0.05232558139534884,visual_to_readout
20047,LPLC2,right,acetylcholine,21808,LPLC2,right,9,0.05232558139534884,intra_population
30512,LPLC2,left,acetylcholine,520764,LPLC2,left,9,0.05232558139534884,intra_population
20694,LPLC2,right,acetylcholine,21899,LPLC2,right,9,0.05232558139534884,intra_population
33137,LC4,left,acetylcholine,512705,LC4,left,9,0.05232558139534884,intra_population
19543,LC4,right,acetylcholine,19634,LC4,right,9,0.05232558139534884,intra_population
518731,LPLC2,left,acetylcholine,100103,LPLC2,left,9,0.05232558139534884,intra_population
24268,LPLC2,right,acetylcholine,26393,LPLC2,right,9,0.05232558139534884,intra_population
19420,LC4,right,acetylcholine,18127,LC4,right,9,0.05232558139534884,intra_population
519931,LC4,left,acetylcholine,33137,LC4,left,9,0.05232558139534884,intra_population
519931,LC4,left,acetylcholine,20967,LC4,left,9,0.05232558139534884,intra_population
19420,LC4,right,acetylcholine,16128,LC4,right,9,0.05232558139534884,intra_population
22253,LPLC2,left,acetylcholine,29702,LPLC2,left,9,0.05232558139534884,intra_population
14030,LPLC2,left,acetylcholine,17774,LPLC2,left,8,0.046511627906976744,intra_population
28011,LPLC2,left,acetylcholine,22557,LPLC2,left,8,0.046511627906976744,intra_population
100485,LC4,left,acetylcholine,514508,LC4,left,8,0.046511627906976744,intra_population
21361,LPLC2,left,acetylcholine,514670,LPLC2,left,8,0.046511627906976744,intra_population
18936,LPLC2,left,acetylcholine,517078,LPLC2,left,8,0.046511627906976744,intra_population
28011,LPLC2,left,acetylcholine,31563,LPLC2,left,8,0.046511627906976744,intra_population
25524,LPLC2,left,acetylcholine,533895,LPLC2,left,8,0.046511627906976744,intra_population
16628,LC4,right,acetylcholine,17364,LC4,right,8,0.046511627906976744,intra_population
21318,LPLC2,right,acetylcholine,21899,LPLC2,right,8,0.046511627906976744,intra_population
29873,LPLC2,right,acetylcholine,26393,LPLC2,right,8,0.046511627906976744,intra_population
517819,LPLC2,left,acetylcholine,27399,LPLC2,left,8,0.046511627906976744,intra_population
40841,LPLC2,left,acetylcholine,33303,LPLC2,left,8,0.046511627906976744,intra_population
23590,LPLC2,right,acetylcholine,24187,LPLC2,right,8,0.046511627906976744,intra_population
18432,LC4,left,acetylcholine,35262,LC4,left,8,0.046511627906976744,intra_population
27716,LPLC2,left,acetylcholine,29319,LPLC2,left,8,0.046511627906976744,intra_population
517819,LPLC2,left,acetylcholine,14102,LPLC2,left,8,0.046511627906976744,intra_population
18929,LPLC2,right,acetylcholine,20694,LPLC2,right,8,0.046511627906976744,intra_population
20269,LPLC2,right,acetylcholine,23878,LPLC2,right,8,0.046511627906976744,intra_population
17364,LC4,right,acetylcholine,17266,LC4,right,8,0.046511627906976744,intra_population
29753,LPLC2,left,acetylcholine,33965,LPLC2,left,8,0.046511627906976744,intra_population
29753,LPLC2,left,acetylcholine,34655,LPLC2,left,8,0.046511627906976744,intra_population
18432,LC4,left,acetylcholine,77614,LC4,left,8,0.046511627906976744,intra_population
23392,LC4,right,acetylcholine,20808,LC4,right,8,0.046511627906976744,intra_population
25584,LC4,right,acetylcholine,16128,LC4,right,8,0.046511627906976744,intra_population
518439,LC4,left,acetylcholine,37587,LC4,left,8,0.046511627906976744,intra_population
23392,LC4,right,acetylcholine,21225,LC4,right,8,0.046511627906976744,intra_population
19034,LPLC2,right,acetylcholine,18672,LPLC2,right,8,0.046511627906976744,intra_population
21045,LPLC2,right,acetylcholine,30207,LPLC2,right,8,0.046511627906976744,intra_population
517819,LPLC2,left,acetylcholine,13726,LPLC2,left,8,0.046511627906976744,intra_population
20240,LPLC2,left,acetylcholine,29753,LPLC2,left,8,0.046511627906976744,intra_population
33694,LPLC2,right,acetylcholine,10584,DNp06,right,8,0.046511627906976744,visual_to_readout
14888,LC4,left,acetylcholine,17653,LC4,left,8,0.046511627906976744,intra_population
518016,LC4,left,acetylcholine,17340,LC4,left,8,0.046511627906976744,intra_population
10584,DNp06,right,acetylcholine,11137,DNp04,right,8,0.046511627906976744,inter_readout
17880,LPLC2,left,acetylcholine,32223,LPLC2,left,8,0.046511627906976744,intra_population
518544,LC4,left,acetylcholine,10228,DNp06,left,8,0.046511627906976744,visual_to_readout
23497,LPLC2,right,acetylcholine,21862,LPLC2,right,8,0.046511627906976744,intra_population
23590,LPLC2,right,acetylcholine,20047,LPLC2,right,8,0.046511627906976744,intra_population
17551,LPLC2,right,acetylcholine,20103,LPLC2,right,8,0.046511627906976744,intra_population
21299,LPLC2,left,acetylcholine,12824,LC4,left,8,0.046511627906976744,cross_visual
23550,LPLC2,left,acetylcholine,531898,DNp04,left,8,0.046511627906976744,visual_to_readout
16628,LC4,right,acetylcholine,17987,LC4,right,8,0.046511627906976744,intra_population
29873,LPLC2,right,acetylcholine,24187,LPLC2,right,8,0.046511627906976744,intra_population
25572,LPLC2,left,acetylcholine,23919,LPLC2,left,8,0.046511627906976744,intra_population
33694,LPLC2,right,acetylcholine,19034,LPLC2,right,8,0.046511627906976744,intra_population
14888,LC4,left,acetylcholine,17478,LC4,left,8,0.046511627906976744,intra_population
18936,LPLC2,left,acetylcholine,24605,LPLC2,left,8,0.046511627906976744,intra_population
517819,LPLC2,left,acetylcholine,28011,LPLC2,left,8,0.046511627906976744,intra_population
23550,LPLC2,left,acetylcholine,29753,LPLC2,left,8,0.046511627906976744,intra_population
23550,LPLC2,left,acetylcholine,24840,LPLC2,left,8,0.046511627906976744,intra_population
18432,LC4,left,acetylcholine,17270,LC4,left,8,0.046511627906976744,intra_population
14030,LPLC2,left,acetylcholine,12384,LPLC2,left,8,0.046511627906976744,intra_population
21313,LC4,right,acetylcholine,21287,LC4,right,8,0.046511627906976744,intra_population
14030,LPLC2,left,acetylcholine,13726,LPLC2,left,8,0.046511627906976744,intra_population
20240,LPLC2,left,acetylcholine,20329,LPLC2,left,8,0.046511627906976744,intra_population
25572,LPLC2,left,acetylcholine,29702,LPLC2,left,8,0.046511627906976744,intra_population
95241,LPLC2,left,acetylcholine,518731,LPLC2,left,8,0.046511627906976744,intra_population
14030,LPLC2,left,acetylcholine,15804,LPLC2,left,8,0.046511627906976744,intra_population
27355,LPLC2,left,acetylcholine,41097,LPLC2,left,8,0.046511627906976744,intra_population
17340,LC4,left,acetylcholine,22922,LC4,left,8,0.046511627906976744,intra_population
25524,LPLC2,left,acetylcholine,40841,LPLC2,left,8,0.046511627906976744,intra_population
95241,LPLC2,left,acetylcholine,19830,LPLC2,left,8,0.046511627906976744,intra_population
17364,LC4,right,acetylcholine,17926,LC4,right,8,0.046511627906976744,intra_population
21703,LPLC2,right,acetylcholine,19229,LPLC2,right,8,0.046511627906976744,intra_population
16917,LC4,left,acetylcholine,514956,LC4,left,8,0.046511627906976744,intra_population
517819,LPLC2,left,acetylcholine,20240,LPLC2,left,8,0.046511627906976744,intra_population
29986,LPLC2,right,acetylcholine,29183,LPLC2,right,8,0.046511627906976744,intra_population
20182,LPLC2,right,acetylcholine,21045,LPLC2,right,8,0.046511627906976744,intra_population
18929,LPLC2,right,acetylcholine,22677,LPLC2,right,8,0.046511627906976744,intra_population
41097,LPLC2,left,acetylcholine,31563,LPLC2,left,8,0.046511627906976744,intra_population
21151,LC4,right,acetylcholine,16628,LC4,right,8,0.046511627906976744,intra_population
25497,LPLC2,right,acetylcholine,19034,LPLC2,right,8,0.046511627906976744,intra_population
517819,LPLC2,left,acetylcholine,18900,LPLC2,left,8,0.046511627906976744,intra_population
21703,LPLC2,right,acetylcholine,20182,LPLC2,right,8,0.046511627906976744,intra_population
29216,LPLC2,right,acetylcholine,21562,LPLC2,right,8,0.046511627906976744,intra_population
25497,LPLC2,right,acetylcholine,20103,LPLC2,right,8,0.046511627906976744,intra_population
533895,LPLC2,left,acetylcholine,19787,LPLC2,left,8,0.046511627906976744,intra_population
30041,LPLC2,right,acetylcholine,27566,LPLC2,right,8,0.046511627906976744,intra_population
21703,LPLC2,right,acetylcholine,18672,LPLC2,right,8,0.046511627906976744,intra_population
12384,LPLC2,left,acetylcholine,111903,LPLC2,left,8,0.046511627906976744,intra_population
25511,LPLC2,right,acetylcholine,10584,DNp06,right,8,0.046511627906976744,visual_to_readout
21562,LPLC2,right,acetylcholine,31988,LPLC2,right,8,0.046511627906976744,intra_population
20182,LPLC2,right,acetylcholine,20694,LPLC2,right,8,0.046511627906976744,intra_population
23665,LPLC2,left,acetylcholine,21299,LPLC2,left,8,0.046511627906976744,intra_population
19229,LPLC2,right,acetylcholine,19842,LPLC2,right,8,0.046511627906976744,intra_population
511914,LC4,left,acetylcholine,518544,LC4,left,8,0.046511627906976744,intra_population
28003,LPLC2,right,acetylcholine,19589,LPLC2,right,8,0.046511627906976744,intra_population
23202,LC4,left,acetylcholine,14888,LC4,left,8,0.046511627906976744,intra_population
29563,LC4,right,acetylcholine,10584,DNp06,right,8,0.046511627906976744,visual_to_readout
18127,LC4,right,acetylcholine,10584,DNp06,right,8,0.046511627906976744,visual_to_readout
20399,LC4,right,acetylcholine,19543,LC4,right,8,0.046511627906976744,intra_population
16809,LC4,left,acetylcholine,29514,LC4,left,8,0.046511627906976744,intra_population
20182,LPLC2,right,acetylcholine,26915,LPLC2,right,8,0.046511627906976744,intra_population
23929,LC4,right,acetylcholine,22328,LC4,right,8,0.046511627906976744,intra_population
55627,LPLC2,right,acetylcholine,21562,LPLC2,right,8,0.046511627906976744,intra_population
29986,LPLC2,right,acetylcholine,22218,LPLC2,right,8,0.046511627906976744,intra_population
40811,LPLC2,left,acetylcholine,536444,LPLC2,left,8,0.046511627906976744,intra_population
17880,LPLC2,left,acetylcholine,520764,LPLC2,left,8,0.046511627906976744,intra_population
19229,LPLC2,right,acetylcholine,22261,LPLC2,right,8,0.046511627906976744,intra_population
23665,LPLC2,left,acetylcholine,25854,LPLC2,left,8,0.046511627906976744,intra_population
21045,LPLC2,right,acetylcholine,20269,LPLC2,right,8,0.046511627906976744,intra_population
21045,LPLC2,right,acetylcholine,20471,LPLC2,right,8,0.046511627906976744,intra_population
517819,LPLC2,left,acetylcholine,10228,DNp06,left,8,0.046511627906976744,visual_to_readout
29014,LPLC2,right,acetylcholine,21045,LPLC2,right,8,0.046511627906976744,intra_population
21045,LPLC2,right,acetylcholine,21769,LPLC2,right,8,0.046511627906976744,intra_population
21769,LPLC2,right,acetylcholine,20103,LPLC2,right,8,0.046511627906976744,intra_population
25286,LPLC2,left,acetylcholine,27355,LPLC2,left,8,0.046511627906976744,intra_population
28003,LPLC2,right,acetylcholine,29986,LPLC2,right,8,0.046511627906976744,intra_population
19229,LPLC2,right,acetylcholine,20694,LPLC2,right,8,0.046511627906976744,intra_population
21769,LPLC2,right,acetylcholine,19608,LPLC2,right,8,0.046511627906976744,intra_population
40841,LPLC2,left,acetylcholine,27796,LPLC2,left,8,0.046511627906976744,intra_population
40811,LPLC2,left,acetylcholine,531898,DNp04,left,8,0.046511627906976744,visual_to_readout
11498,LPLC2,left,acetylcholine,13132,LPLC2,left,8,0.046511627906976744,intra_population
30087,LC4,left,acetylcholine,12349,LC4,left,8,0.046511627906976744,intra_population
33965,LPLC2,left,acetylcholine,525844,LPLC2,left,8,0.046511627906976744,intra_population
21562,LPLC2,right,acetylcholine,29014,LPLC2,right,8,0.046511627906976744,intra_population
29815,LPLC2,left,acetylcholine,30512,LPLC2,left,8,0.046511627906976744,intra_population
33965,LPLC2,left,acetylcholine,32237,LPLC2,left,8,0.046511627906976744,intra_population
23497,LPLC2,right,acetylcholine,11137,DNp04,right,8,0.046511627906976744,visual_to_readout
26393,LPLC2,right,acetylcholine,28945,LC4,right,8,0.046511627906976744,cross_visual
19146,LPLC2,right,acetylcholine,19249,LPLC2,right,8,0.046511627906976744,intra_population
20182,LPLC2,right,acetylcholine,21769,LPLC2,right,8,0.046511627906976744,intra_population
518439,LC4,left,acetylcholine,15018,LC4,left,8,0.046511627906976744,intra_population
23590,LPLC2,right,acetylcholine,26393,LPLC2,right,8,0.046511627906976744,intra_population
21361,LPLC2,left,acetylcholine,524366,LPLC2,left,8,0.046511627906976744,intra_population
19146,LPLC2,right,acetylcholine,17668,LC4,right,8,0.046511627906976744,cross_visual
517819,LPLC2,left,acetylcholine,24840,LPLC2,left,8,0.046511627906976744,intra_population
23392,LC4,right,acetylcholine,17548,LC4,right,8,0.046511627906976744,intra_population
23590,LPLC2,right,acetylcholine,21808,LPLC2,right,8,0.046511627906976744,intra_population
530029,LC4,left,acetylcholine,37587,LC4,left,8,0.046511627906976744,intra_population
21769,LPLC2,right,acetylcholine,37613,LPLC2,right,8,0.046511627906976744,intra_population
517752,LC4,left,acetylcholine,111787,LC4,left,8,0.046511627906976744,intra_population
26416,LPLC2,left,acetylcholine,30895,LPLC2,left,8,0.046511627906976744,intra_population
39620,LPLC2,right,acetylcholine,29873,LPLC2,right,8,0.046511627906976744,intra_population
40811,LPLC2,left,acetylcholine,31105,LPLC2,left,8,0.046511627906976744,intra_population
31257,LPLC2,right,acetylcholine,10584,DNp06,right,8,0.046511627906976744,visual_to_readout
21808,LPLC2,right,acetylcholine,20535,LPLC2,right,8,0.046511627906976744,intra_population
39620,LPLC2,right,acetylcholine,28741,LPLC2,right,8,0.046511627906976744,intra_population
21808,LPLC2,right,acetylcholine,18672,LPLC2,right,8,0.046511627906976744,intra_population
23349,LPLC2,left,acetylcholine,514670,LPLC2,left,8,0.046511627906976744,intra_population
25209,LPLC2,left,acetylcholine,27023,LPLC2,left,8,0.046511627906976744,intra_population
21862,LPLC2,right,acetylcholine,11137,DNp04,right,8,0.046511627906976744,visual_to_readout
37613,LPLC2,right,acetylcholine,22261,LPLC2,right,8,0.046511627906976744,intra_population
17987,LC4,right,acetylcholine,17668,LC4,right,8,0.046511627906976744,intra_population
34110,LPLC2,right,acetylcholine,30938,LPLC2,right,8,0.046511627906976744,intra_population
517079,LPLC2,left,acetylcholine,517819,LPLC2,left,8,0.046511627906976744,intra_population
17987,LC4,right,acetylcholine,21165,LC4,right,8,0.046511627906976744,intra_population
20859,LC4,left,acetylcholine,28980,LC4,left,8,0.046511627906976744,intra_population
530029,LC4,left,acetylcholine,15018,LC4,left,8,0.046511627906976744,intra_population
17054,LC4,right,acetylcholine,17926,LC4,right,8,0.046511627906976744,intra_population
37925,LPLC2,right,acetylcholine,39620,LPLC2,right,8,0.046511627906976744,intra_population
20282,LC4,right,acetylcholine,24338,LC4,right,8,0.046511627906976744,intra_population
30895,LPLC2,left,acetylcholine,26416,LPLC2,left,8,0.046511627906976744,intra_population
29287,LPLC2,right,acetylcholine,24268,LPLC2,right,8,0.046511627906976744,intra_population
531014,LPLC2,left,acetylcholine,14102,LPLC2,left,8,0.046511627906976744,intra_population
20808,LC4,right,acetylcholine,16138,LC4,right,8,0.046511627906976744,intra_population
19420,LC4,right,acetylcholine,21225,LC4,right,8,0.046511627906976744,intra_population
30938,LPLC2,right,acetylcholine,23590,LPLC2,right,8,0.046511627906976744,intra_population
21899,LPLC2,right,acetylcholine,21318,LPLC2,right,8,0.046511627906976744,intra_population
31105,LPLC2,left,acetylcholine,531898,DNp04,left,8,0.046511627906976744,visual_to_readout
21808,LPLC2,right,acetylcholine,23497,LPLC2,right,8,0.046511627906976744,intra_population
16128,LC4,right,acetylcholine,21336,LC4,right,8,0.046511627906976744,intra_population
37587,LC4,left,acetylcholine,27624,LC4,left,8,0.046511627906976744,intra_population
19794,LC4,right,acetylcholine,17054,LC4,right,8,0.046511627906976744,intra_population
21808,LPLC2,right,acetylcholine,24187,LPLC2,right,8,0.046511627906976744,intra_population
23665,LPLC2,left,acetylcholine,32737,LPLC2,left,8,0.046511627906976744,intra_population
21045,LPLC2,right,acetylcholine,18672,LPLC2,right,8,0.046511627906976744,intra_population
511914,LC4,left,acetylcholine,512705,LC4,left,8,0.046511627906976744,intra_population
11498,LPLC2,left,acetylcholine,19830,LPLC2,left,8,0.046511627906976744,intra_population
21808,LPLC2,right,acetylcholine,24401,LPLC2,right,8,0.046511627906976744,intra_population
20799,LPLC2,left,acetylcholine,15804,LPLC2,left,8,0.046511627906976744,intra_population
39620,LPLC2,right,acetylcholine,21808,LPLC2,right,8,0.046511627906976744,intra_population
18929,LPLC2,right,acetylcholine,17054,LC4,right,8,0.046511627906976744,cross_visual
23349,LPLC2,left,acetylcholine,22253,LPLC2,left,8,0.046511627906976744,intra_population
533129,LC4,left,acetylcholine,17478,LC4,left,8,0.046511627906976744,intra_population
21808,LPLC2,right,acetylcholine,29391,LPLC2,right,8,0.046511627906976744,intra_population
20967,LC4,left,acetylcholine,17478,LC4,left,8,0.046511627906976744,intra_population
22194,LC4,right,acetylcholine,26112,LC4,right,8,0.046511627906976744,intra_population
25253,LPLC2,right,acetylcholine,26915,LPLC2,right,8,0.046511627906976744,intra_population
28003,LPLC2,right,acetylcholine,24800,LPLC2,right,8,0.046511627906976744,intra_population
29287,LPLC2,right,acetylcholine,11137,DNp04,right,8,0.046511627906976744,visual_to_readout
30512,LPLC2,left,acetylcholine,531898,DNp04,left,8,0.046511627906976744,visual_to_readout
40811,LPLC2,left,acetylcholine,33303,LPLC2,left,8,0.046511627906976744,intra_population
22194,LC4,right,acetylcholine,24338,LC4,right,8,0.046511627906976744,intra_population
22218,LPLC2,right,acetylcholine,22261,LPLC2,right,8,0.046511627906976744,intra_population
27023,LPLC2,left,acetylcholine,23349,LPLC2,left,8,0.046511627906976744,intra_population
12824,LC4,left,acetylcholine,22922,LC4,left,8,0.046511627906976744,intra_population
27399,LPLC2,left,acetylcholine,33303,LPLC2,left,8,0.046511627906976744,intra_population
112292,LPLC2,left,acetylcholine,20240,LPLC2,left,8,0.046511627906976744,intra_population
33303,LPLC2,left,acetylcholine,531898,DNp04,left,8,0.046511627906976744,visual_to_readout
112292,LPLC2,left,acetylcholine,25575,LPLC2,left,8,0.046511627906976744,intra_population
25209,LPLC2,left,acetylcholine,29319,LPLC2,left,8,0.046511627906976744,intra_population
17059,LPLC2,left,acetylcholine,100103,LPLC2,left,8,0.046511627906976744,intra_population
25575,LPLC2,left,acetylcholine,21299,LPLC2,left,8,0.046511627906976744,intra_population
21899,LPLC2,right,acetylcholine,19249,LPLC2,right,8,0.046511627906976744,intra_population
30895,LPLC2,left,acetylcholine,10228,DNp06,left,8,0.046511627906976744,visual_to_readout
16917,LC4,left,acetylcholine,518439,LC4,left,8,0.046511627906976744,intra_population
19229,LPLC2,right,acetylcholine,25316,LPLC2,right,8,0.046511627906976744,intra_population
26147,LPLC2,right,acetylcholine,24268,LPLC2,right,8,0.046511627906976744,intra_population
29216,LPLC2,right,acetylcholine,30938,LPLC2,right,8,0.046511627906976744,intra_population
23497,LPLC2,right,acetylcholine,23590,LPLC2,right,8,0.046511627906976744,intra_population
14030,LPLC2,left,acetylcholine,19830,LPLC2,left,8,0.046511627906976744,intra_population
18936,LPLC2,left,acetylcholine,12384,LPLC2,left,8,0.046511627906976744,intra_population
21336,LC4,right,acetylcholine,20673,LC4,right,8,0.046511627906976744,intra_population
33406,LPLC2,left,acetylcholine,31563,LPLC2,left,8,0.046511627906976744,intra_population
10228,DNp06,left,acetylcholine,10010,DNp01,left,8,0.046511627906976744,inter_readout
100103,LPLC2,left,acetylcholine,517819,LPLC2,left,8,0.046511627906976744,intra_population
19034,LPLC2,right,acetylcholine,21808,LPLC2,right,8,0.046511627906976744,intra_population
27716,LPLC2,left,acetylcholine,521115,LPLC2,left,8,0.046511627906976744,intra_population
20240,LPLC2,left,acetylcholine,515971,LPLC2,left,8,0.046511627906976744,intra_population
20182,LPLC2,right,acetylcholine,31964,LPLC2,right,8,0.046511627906976744,intra_population
21299,LPLC2,left,acetylcholine,10010,DNp01,left,8,0.046511627906976744,visual_to_readout
25524,LPLC2,left,acetylcholine,24568,LPLC2,left,8,0.046511627906976744,intra_population
33694,LPLC2,right,acetylcholine,33396,LPLC2,right,8,0.046511627906976744,intra_population
19034,LPLC2,right,acetylcholine,21769,LPLC2,right,8,0.046511627906976744,intra_population
100103,LPLC2,left,acetylcholine,24568,LPLC2,left,8,0.046511627906976744,intra_population
25524,LPLC2,left,acetylcholine,17990,LPLC2,left,8,0.046511627906976744,intra_population
21361,LPLC2,left,acetylcholine,14030,LPLC2,left,8,0.046511627906976744,intra_population
533895,LPLC2,left,acetylcholine,40811,LPLC2,left,8,0.046511627906976744,intra_population
100485,LC4,left,acetylcholine,111787,LC4,left,8,0.046511627906976744,intra_population
25511,LPLC2,right,acetylcholine,28044,LPLC2,right,8,0.046511627906976744,intra_population
29955,LPLC2,left,acetylcholine,525844,LPLC2,left,8,0.046511627906976744,intra_population
21361,LPLC2,left,acetylcholine,23247,LPLC2,left,8,0.046511627906976744,intra_population
23590,LPLC2,right,acetylcholine,23497,LPLC2,right,8,0.046511627906976744,intra_population
20162,LPLC2,right,acetylcholine,18672,LPLC2,right,8,0.046511627906976744,intra_population
19543,LC4,right,acetylcholine,30803,LC4,right,8,0.046511627906976744,intra_population
20859,LC4,left,acetylcholine,533129,LC4,left,8,0.046511627906976744,intra_population
517752,LC4,left,acetylcholine,29469,LC4,left,8,0.046511627906976744,intra_population
17987,LC4,right,acetylcholine,20917,LC4,right,8,0.046511627906976744,intra_population
25209,LPLC2,left,acetylcholine,23665,LPLC2,left,8,0.046511627906976744,intra_population
21899,LPLC2,right,acetylcholine,20749,LPLC2,right,8,0.046511627906976744,intra_population
23349,LPLC2,left,acetylcholine,27355,LPLC2,left,8,0.046511627906976744,intra_population
26915,LPLC2,right,acetylcholine,34110,LPLC2,right,8,0.046511627906976744,intra_population
20162,LPLC2,right,acetylcholine,24401,LPLC2,right,8,0.046511627906976744,intra_population
38065,LC4,right,acetylcholine,23929,LC4,right,8,0.046511627906976744,intra_population
38065,LC4,right,acetylcholine,24338,LC4,right,8,0.046511627906976744,intra_population
19260,LC4,right,acetylcholine,17266,LC4,right,8,0.046511627906976744,intra_population
19549,LPLC2,right,acetylcholine,19608,LPLC2,right,8,0.046511627906976744,intra_population
29391,LPLC2,right,acetylcholine,35889,LPLC2,right,8,0.046511627906976744,intra_population
30803,LC4,right,acetylcholine,28945,LC4,right,8,0.046511627906976744,intra_population
33303,LPLC2,left,acetylcholine,515971,LPLC2,left,8,0.046511627906976744,intra_population
518730,LC4,left,acetylcholine,20440,LC4,left,8,0.046511627906976744,intra_population
14102,LPLC2,left,acetylcholine,20799,LPLC2,left,8,0.046511627906976744,intra_population
13726,LPLC2,left,acetylcholine,517819,LPLC2,left,8,0.046511627906976744,intra_population
21862,LPLC2,right,acetylcholine,21045,LPLC2,right,8,0.046511627906976744,intra_population
20799,LPLC2,left,acetylcholine,26528,LPLC2,left,8,0.046511627906976744,intra_population
17775,LPLC2,left,acetylcholine,15804,LPLC2,left,8,0.046511627906976744,intra_population
518730,LC4,left,acetylcholine,20967,LC4,left,8,0.046511627906976744,intra_population
20799,LPLC2,left,acetylcholine,29753,LPLC2,left,8,0.046511627906976744,intra_population
17775,LPLC2,left,acetylcholine,18900,LPLC2,left,8,0.046511627906976744,intra_population
20162,LPLC2,right,acetylcholine,21808,LPLC2,right,8,0.046511627906976744,intra_population
20799,LPLC2,left,acetylcholine,33303,LPLC2,left,8,0.046511627906976744,intra_population
23792,LC4,right,acetylcholine,30480,LC4,right,8,0.046511627906976744,intra_population
19260,LC4,right,acetylcholine,21336,LC4,right,8,0.046511627906976744,intra_population
30893,LPLC2,left,acetylcholine,525844,LPLC2,left,8,0.046511627906976744,intra_population
21862,LPLC2,right,acetylcholine,26147,LPLC2,right,8,0.046511627906976744,intra_population
29319,LPLC2,left,acetylcholine,515971,LPLC2,left,8,0.046511627906976744,intra_population
13726,LPLC2,left,acetylcholine,17990,LPLC2,left,8,0.046511627906976744,intra_population
26528,LPLC2,left,acetylcholine,525844,LPLC2,left,8,0.046511627906976744,intra_population
518731,LPLC2,left,acetylcholine,19787,LPLC2,left,8,0.046511627906976744,intra_population
20103,LPLC2,right,acetylcholine,19146,LPLC2,right,8,0.046511627906976744,intra_population
24605,LPLC2,left,acetylcholine,100103,LPLC2,left,8,0.046511627906976744,intra_population
524899,LC4,left,acetylcholine,27829,LC4,left,8,0.046511627906976744,intra_population
31429,LC4,left,acetylcholine,10228,DNp06,left,8,0.046511627906976744,visual_to_readout
20694,LPLC2,right,acetylcholine,19249,LPLC2,right,8,0.046511627906976744,intra_population
17774,LPLC2,left,acetylcholine,24605,LPLC2,left,8,0.046511627906976744,intra_population
29598,LPLC2,right,acetylcholine,35889,LPLC2,right,8,0.046511627906976744,intra_population
18900,LPLC2,left,acetylcholine,15804,LPLC2,left,8,0.046511627906976744,intra_population
22253,LPLC2,left,acetylcholine,34407,LPLC2,left,8,0.046511627906976744,intra_population
20584,LPLC2,right,acetylcholine,17551,LPLC2,right,8,0.046511627906976744,intra_population
29287,LPLC2,right,acetylcholine,37431,LPLC2,right,8,0.046511627906976744,intra_population
17990,LPLC2,left,acetylcholine,23247,LPLC2,left,8,0.046511627906976744,intra_population
518731,LPLC2,left,acetylcholine,27355,LPLC2,left,8,0.046511627906976744,intra_population
27471,LPLC2,right,acetylcholine,37613,LPLC2,right,8,0.046511627906976744,intra_population
29287,LPLC2,right,acetylcholine,31988,LPLC2,right,8,0.046511627906976744,intra_population
18900,LPLC2,left,acetylcholine,20240,LPLC2,left,8,0.046511627906976744,intra_population
25854,LPLC2,left,acetylcholine,23349,LPLC2,left,8,0.046511627906976744,intra_population
20749,LPLC2,right,acetylcholine,19842,LPLC2,right,8,0.046511627906976744,intra_population
17059,LPLC2,left,acetylcholine,22253,LPLC2,left,8,0.046511627906976744,intra_population
525844,LPLC2,left,acetylcholine,531898,DNp04,left,8,0.046511627906976744,visual_to_readout
20329,LPLC2,left,acetylcholine,515971,LPLC2,left,8,0.046511627906976744,intra_population
512366,LC4,left,acetylcholine,29469,LC4,left,8,0.046511627906976744,intra_population
24840,LPLC2,left,acetylcholine,33303,LPLC2,left,8,0.046511627906976744,intra_population
20329,LPLC2,left,acetylcholine,95241,LPLC2,left,8,0.046511627906976744,intra_population
512366,LC4,left,acetylcholine,16917,LC4,left,8,0.046511627906976744,intra_population
526286,LC4,left,acetylcholine,23202,LC4,left,8,0.046511627906976744,intra_population
14465,LPLC2,right,acetylcholine,21899,LPLC2,right,8,0.046511627906976744,intra_population
23247,LPLC2,left,acetylcholine,514670,LPLC2,left,8,0.046511627906976744,intra_population
526286,LC4,left,acetylcholine,31308,LC4,left,8,0.046511627906976744,intra_population
19608,LPLC2,right,acetylcholine,20103,LPLC2,right,8,0.046511627906976744,intra_population
20103,LPLC2,right,acetylcholine,19034,LPLC2,right,8,0.046511627906976744,intra_population
24800,LPLC2,right,acetylcholine,20103,LPLC2,right,8,0.046511627906976744,intra_population
31308,LC4,left,acetylcholine,20859,LC4,left,8,0.046511627906976744,intra_population
28871,LPLC2,right,acetylcholine,28044,LPLC2,right,8,0.046511627906976744,intra_population
28188,LPLC2,left,acetylcholine,27399,LPLC2,left,8,0.046511627906976744,intra_population
14465,LPLC2,right,acetylcholine,20103,LPLC2,right,8,0.046511627906976744,intra_population
14465,LPLC2,right,acetylcholine,19608,LPLC2,right,8,0.046511627906976744,intra_population
24268,LPLC2,right,acetylcholine,37613,LPLC2,right,8,0.046511627906976744,intra_population
24118,LPLC2,right,acetylcholine,25636,LPLC2,right,8,0.046511627906976744,intra_population
20535,LPLC2,right,acetylcholine,17551,LPLC2,right,8,0.046511627906976744,intra_population
32737,LPLC2,left,acetylcholine,25286,LPLC2,left,8,0.046511627906976744,intra_population
28188,LPLC2,left,acetylcholine,27355,LPLC2,left,8,0.046511627906976744,intra_population
22557,LPLC2,left,acetylcholine,23247,LPLC2,left,8,0.046511627906976744,intra_population
19787,LPLC2,left,acetylcholine,23349,LPLC2,left,8,0.046511627906976744,intra_population
514670,LPLC2,left,acetylcholine,25524,LPLC2,left,8,0.046511627906976744,intra_population
33185,LPLC2,right,acetylcholine,21562,LPLC2,right,8,0.046511627906976744,intra_population
37431,LPLC2,right,acetylcholine,11137,DNp04,right,8,0.046511627906976744,visual_to_readout
29287,LPLC2,right,acetylcholine,35889,LPLC2,right,8,0.046511627906976744,intra_population
22253,LPLC2,left,acetylcholine,25524,LPLC2,left,8,0.046511627906976744,intra_population
20103,LPLC2,right,acetylcholine,20584,LPLC2,right,8,0.046511627906976744,intra_population
28044,LPLC2,right,acetylcholine,25511,LPLC2,right,8,0.046511627906976744,intra_population
16628,LC4,right,acetylcholine,21313,LC4,right,8,0.046511627906976744,intra_population
37431,LPLC2,right,acetylcholine,19146,LPLC2,right,8,0.046511627906976744,intra_population
28188,LPLC2,left,acetylcholine,531898,DNp04,left,8,0.046511627906976744,visual_to_readout
518731,LPLC2,left,acetylcholine,25524,LPLC2,left,8,0.046511627906976744,intra_population
17774,LPLC2,left,acetylcholine,514670,LPLC2,left,8,0.046511627906976744,intra_population
512705,LC4,left,acetylcholine,20859,LC4,left,8,0.046511627906976744,intra_population
19589,LPLC2,right,acetylcholine,21899,LPLC2,right,8,0.046511627906976744,intra_population
17774,LPLC2,left,acetylcholine,515971,LPLC2,left,8,0.046511627906976744,intra_population
22253,LPLC2,left,acetylcholine,24840,LPLC2,left,8,0.046511627906976744,intra_population
23247,LPLC2,left,acetylcholine,19830,LPLC2,left,8,0.046511627906976744,intra_population
25027,LPLC2,left,acetylcholine,23665,LPLC2,left,8,0.046511627906976744,intra_population
19589,LPLC2,right,acetylcholine,21318,LPLC2,right,8,0.046511627906976744,intra_population
515971,LPLC2,left,acetylcholine,15804,LPLC2,left,8,0.046511627906976744,intra_population
19589,LPLC2,right,acetylcholine,14465,LPLC2,right,8,0.046511627906976744,intra_population
24605,LPLC2,left,acetylcholine,15804,LPLC2,left,8,0.046511627906976744,intra_population
20584,LPLC2,right,acetylcholine,21769,LPLC2,right,8,0.046511627906976744,intra_population
31563,LPLC2,left,acetylcholine,32737,LPLC2,left,8,0.046511627906976744,intra_population
518731,LPLC2,left,acetylcholine,533895,LPLC2,left,8,0.046511627906976744,intra_population
20047,LPLC2,right,acetylcholine,25497,LPLC2,right,8,0.046511627906976744,intra_population
20584,LPLC2,right,acetylcholine,20694,LPLC2,right,8,0.046511627906976744,intra_population
22557,LPLC2,left,acetylcholine,17880,LPLC2,left,8,0.046511627906976744,intra_population
28945,LC4,right,acetylcholine,23792,LC4,right,8,0.046511627906976744,intra_population
23550,LPLC2,left,acetylcholine,25524,LPLC2,left,8,0.046511627906976744,intra_population
23919,LPLC2,left,acetylcholine,35294,LPLC2,left,8,0.046511627906976744,intra_population
13726,LPLC2,left,acetylcholine,20329,LPLC2,left,8,0.046511627906976744,intra_population
20584,LPLC2,right,acetylcholine,19549,LPLC2,right,8,0.046511627906976744,intra_population
31563,LPLC2,left,acetylcholine,536444,LPLC2,left,8,0.046511627906976744,intra_population
17054,LC4,right,acetylcholine,10584,DNp06,right,8,0.046511627906976744,visual_to_readout
25854,LPLC2,left,acetylcholine,520764,LPLC2,left,8,0.046511627906976744,intra_population
27829,LC4,left,acetylcholine,23202,LC4,left,8,0.046511627906976744,intra_population
17608,LC4,left,acetylcholine,34845,LC4,left,8,0.046511627906976744,intra_population
19608,LPLC2,right,acetylcholine,23590,LPLC2,right,8,0.046511627906976744,intra_population
25136,LPLC2,left,acetylcholine,27355,LPLC2,left,8,0.046511627906976744,intra_population
20334,LPLC2,right,acetylcholine,21769,LPLC2,right,8,0.046511627906976744,intra_population
517078,LPLC2,left,acetylcholine,21361,LPLC2,left,8,0.046511627906976744,intra_population
20673,LC4,right,acetylcholine,17364,LC4,right,8,0.046511627906976744,intra_population
23247,LPLC2,left,acetylcholine,10228,DNp06,left,8,0.046511627906976744,visual_to_readout
33137,LC4,left,acetylcholine,514508,LC4,left,8,0.046511627906976744,intra_population
19608,LPLC2,right,acetylcholine,23497,LPLC2,right,8,0.046511627906976744,intra_population
17059,LPLC2,left,acetylcholine,17990,LPLC2,left,8,0.046511627906976744,intra_population
18478,LC4,left,acetylcholine,23226,LC4,left,8,0.046511627906976744,intra_population
22261,LPLC2,right,acetylcholine,29391,LPLC2,right,8,0.046511627906976744,intra_population
31988,LPLC2,right,acetylcholine,21562,LPLC2,right,8,0.046511627906976744,intra_population
23919,LPLC2,left,acetylcholine,33303,LPLC2,left,8,0.046511627906976744,intra_population
23202,LC4,left,acetylcholine,533129,LC4,left,8,0.046511627906976744,intra_population
14102,LPLC2,left,acetylcholine,517078,LPLC2,left,8,0.046511627906976744,intra_population
24840,LPLC2,left,acetylcholine,28188,LPLC2,left,8,0.046511627906976744,intra_population
18189,LC4,right,acetylcholine,20917,LC4,right,8,0.046511627906976744,intra_population
22253,LPLC2,left,acetylcholine,19787,LPLC2,left,8,0.046511627906976744,intra_population
22253,LPLC2,left,acetylcholine,18900,LPLC2,left,8,0.046511627906976744,intra_population
517078,LPLC2,left,acetylcholine,100103,LPLC2,left,8,0.046511627906976744,intra_population
517078,LPLC2,left,acetylcholine,514670,LPLC2,left,8,0.046511627906976744,intra_population
19589,LPLC2,right,acetylcholine,20103,LPLC2,right,8,0.046511627906976744,intra_population
23878,LPLC2,right,acetylcholine,26915,LPLC2,right,8,0.046511627906976744,intra_population
37431,LPLC2,right,acetylcholine,25511,LPLC2,right,8,0.046511627906976744,intra_population
20749,LPLC2,right,acetylcholine,17551,LPLC2,right,8,0.046511627906976744,intra_population
20103,LPLC2,right,acetylcholine,21899,LPLC2,right,8,0.046511627906976744,intra_population
37431,LPLC2,right,acetylcholine,24800,LPLC2,right,8,0.046511627906976744,intra_population
20749,LPLC2,right,acetylcholine,18929,LPLC2,right,8,0.046511627906976744,intra_population
14465,LPLC2,right,acetylcholine,21808,LPLC2,right,8,0.046511627906976744,intra_population
18900,LPLC2,left,acetylcholine,21299,LPLC2,left,8,0.046511627906976744,intra_population
31563,LPLC2,left,acetylcholine,27399,LPLC2,left,8,0.046511627906976744,intra_population
19589,LPLC2,right,acetylcholine,19549,LPLC2,right,8,0.046511627906976744,intra_population
517078,LPLC2,left,acetylcholine,23349,LPLC2,left,8,0.046511627906976744,intra_population
18900,LPLC2,left,acetylcholine,19830,LPLC2,left,8,0.046511627906976744,intra_population
16809,LC4,left,acetylcholine,111787,LC4,left,8,0.046511627906976744,intra_population
20334,LPLC2,right,acetylcholine,21899,LPLC2,right,8,0.046511627906976744,intra_population
23226,LC4,left,acetylcholine,516909,LC4,left,8,0.046511627906976744,intra_population
23919,LPLC2,left,acetylcholine,25572,LPLC2,left,8,0.046511627906976744,intra_population
17478,LC4,left,acetylcholine,31429,LC4,left,8,0.046511627906976744,intra_population
33137,LC4,left,acetylcholine,23202,LC4,left,8,0.046511627906976744,intra_population
23226,LC4,left,acetylcholine,511914,LC4,left,8,0.046511627906976744,intra_population
34407,LPLC2,left,acetylcholine,31563,LPLC2,left,8,0.046511627906976744,intra_population
26147,LPLC2,right,acetylcholine,29287,LPLC2,right,8,0.046511627906976744,intra_population
19608,LPLC2,right,acetylcholine,29014,LPLC2,right,8,0.046511627906976744,intra_population
32237,LPLC2,left,acetylcholine,531898,DNp04,left,8,0.046511627906976744,visual_to_readout
34407,LPLC2,left,acetylcholine,32237,LPLC2,left,8,0.046511627906976744,intra_population
520449,LC4,left,acetylcholine,20976,LC4,left,8,0.046511627906976744,intra_population
524366,LPLC2,left,acetylcholine,24840,LPLC2,left,8,0.046511627906976744,intra_population
22557,LPLC2,left,acetylcholine,25854,LPLC2,left,8,0.046511627906976744,intra_population
22557,LPLC2,left,acetylcholine,25524,LPLC2,left,8,0.046511627906976744,intra_population
25854,LPLC2,left,acetylcholine,531014,LPLC2,left,8,0.046511627906976744,intra_population
19787,LPLC2,left,acetylcholine,17990,LPLC2,left,8,0.046511627906976744,intra_population
20572,LC4,left,acetylcholine,535341,LC4,left,8,0.046511627906976744,intra_population
20584,LPLC2,right,acetylcholine,10001,DNp01,right,8,0.046511627906976744,visual_to_readout
26730,LPLC2,right,acetylcholine,19549,LPLC2,right,8,0.046511627906976744,intra_population
31964,LPLC2,right,acetylcholine,20535,LPLC2,right,8,0.046511627906976744,intra_population
26147,LPLC2,right,acetylcholine,28871,LPLC2,right,8,0.046511627906976744,intra_population
19787,LPLC2,left,acetylcholine,13726,LPLC2,left,8,0.046511627906976744,intra_population
35632,LPLC2,right,acetylcholine,31262,LC4,right,8,0.046511627906976744,cross_visual
23202,LC4,left,acetylcholine,27829,LC4,left,8,0.046511627906976744,intra_population
22677,LPLC2,right,acetylcholine,19549,LPLC2,right,8,0.046511627906976744,intra_population
20103,LPLC2,right,acetylcholine,31964,LPLC2,right,8,0.046511627906976744,intra_population
14465,LPLC2,right,acetylcholine,16128,LC4,right,8,0.046511627906976744,cross_visual
31964,LPLC2,right,acetylcholine,29287,LPLC2,right,8,0.046511627906976744,intra_population
17054,LC4,right,acetylcholine,17364,LC4,right,8,0.046511627906976744,intra_population
514956,LC4,left,acetylcholine,17608,LC4,left,8,0.046511627906976744,intra_population
19787,LPLC2,left,acetylcholine,33303,LPLC2,left,8,0.046511627906976744,intra_population
521115,LPLC2,left,acetylcholine,31105,LPLC2,left,8,0.046511627906976744,intra_population
521115,LPLC2,left,acetylcholine,33303,LPLC2,left,8,0.046511627906976744,intra_population
34655,LPLC2,left,acetylcholine,29955,LPLC2,left,8,0.046511627906976744,intra_population
19787,LPLC2,left,acetylcholine,29702,LPLC2,left,8,0.046511627906976744,intra_population
24401,LPLC2,right,acetylcholine,33185,LPLC2,right,8,0.046511627906976744,intra_population
17548,LC4,right,acetylcholine,17926,LC4,right,8,0.046511627906976744,intra_population
13726,LPLC2,left,acetylcholine,17059,LPLC2,left,8,0.046511627906976744,intra_population
31964,LPLC2,right,acetylcholine,25253,LPLC2,right,8,0.046511627906976744,intra_population
34655,LPLC2,left,acetylcholine,27355,LPLC2,left,8,0.046511627906976744,intra_population
26112,LC4,right,acetylcholine,10584,DNp06,right,8,0.046511627906976744,visual_to_readout
20572,LC4,left,acetylcholine,518983,LC4,left,8,0.046511627906976744,intra_population
514670,LPLC2,left,acetylcholine,100103,LPLC2,left,8,0.046511627906976744,intra_population
20047,LPLC2,right,acetylcholine,24118,LPLC2,right,8,0.046511627906976744,intra_population
515476,LC4,left,acetylcholine,27750,LC4,left,8,0.046511627906976744,intra_population
22677,LPLC2,right,acetylcholine,20694,LPLC2,right,8,0.046511627906976744,intra_population
14465,LPLC2,right,acetylcholine,20584,LPLC2,right,8,0.046511627906976744,intra_population
17548,LC4,right,acetylcholine,16628,LC4,right,8,0.046511627906976744,intra_population
18672,LPLC2,right,acetylcholine,24118,LPLC2,right,8,0.046511627906976744,intra_population
17059,LPLC2,left,acetylcholine,14030,LPLC2,left,8,0.046511627906976744,intra_population
24401,LPLC2,right,acetylcholine,23590,LPLC2,right,8,0.046511627906976744,intra_population
19794,LC4,right,acetylcholine,21165,LC4,right,8,0.046511627906976744,intra_population
17478,LC4,left,acetylcholine,533129,LC4,left,8,0.046511627906976744,intra_population
19794,LC4,right,acetylcholine,22194,LC4,right,8,0.046511627906976744,intra_population
20399,LC4,right,acetylcholine,20917,LC4,right,8,0.046511627906976744,intra_population
24308,LPLC2,left,acetylcholine,536444,LPLC2,left,8,0.046511627906976744,intra_population
19830,LPLC2,left,acetylcholine,23247,LPLC2,left,8,0.046511627906976744,intra_population
23098,LC4,right,acetylcholine,21225,LC4,right,8,0.046511627906976744,intra_population
28188,LPLC2,left,acetylcholine,24840,LPLC2,left,8,0.046511627906976744,intra_population
22557,LPLC2,left,acetylcholine,95241,LPLC2,left,8,0.046511627906976744,intra_population
22772,LC4,left,acetylcholine,27829,LC4,left,8,0.046511627906976744,intra_population
20535,LPLC2,right,acetylcholine,26730,LPLC2,right,8,0.046511627906976744,intra_population
520764,LPLC2,left,acetylcholine,34051,LPLC2,left,8,0.046511627906976744,intra_population
20535,LPLC2,right,acetylcholine,28003,LPLC2,right,8,0.046511627906976744,intra_population
24338,LC4,right,acetylcholine,22328,LC4,right,8,0.046511627906976744,intra_population
520764,LPLC2,left,acetylcholine,521115,LPLC2,left,8,0.046511627906976744,intra_population
19830,LPLC2,left,acetylcholine,12384,LPLC2,left,8,0.046511627906976744,intra_population
520764,LPLC2,left,acetylcholine,531898,DNp04,left,8,0.046511627906976744,visual_to_readout
18672,LPLC2,right,acetylcholine,21899,LPLC2,right,8,0.046511627906976744,intra_population
515476,LC4,left,acetylcholine,10228,DNp06,left,8,0.046511627906976744,visual_to_readout
520764,LPLC2,left,acetylcholine,27355,LPLC2,left,8,0.046511627906976744,intra_population
17668,LC4,right,acetylcholine,19420,LC4,right,8,0.046511627906976744,intra_population
22677,LPLC2,right,acetylcholine,19249,LPLC2,right,8,0.046511627906976744,intra_population
22557,LPLC2,left,acetylcholine,517079,LPLC2,left,8,0.046511627906976744,intra_population
29319,LPLC2,left,acetylcholine,531898,DNp04,left,8,0.046511627906976744,visual_to_readout
20399,LC4,right,acetylcholine,23392,LC4,right,8,0.046511627906976744,intra_population
22975,LC4,right,acetylcholine,22966,LC4,right,8,0.046511627906976744,intra_population
18672,LPLC2,right,acetylcholine,17364,LC4,right,8,0.046511627906976744,cross_visual
29391,LPLC2,right,acetylcholine,24118,LPLC2,right,8,0.046511627906976744,intra_population
17653,LC4,left,acetylcholine,27829,LC4,left,8,0.046511627906976744,intra_population
22966,LC4,right,acetylcholine,30803,LC4,right,8,0.046511627906976744,intra_population
28188,LPLC2,left,acetylcholine,25027,LPLC2,left,8,0.046511627906976744,intra_population
520449,LC4,left,acetylcholine,10228,DNp06,left,8,0.046511627906976744,visual_to_readout
515971,LPLC2,left,acetylcholine,20329,LPLC2,left,8,0.046511627906976744,intra_population
20535,LPLC2,right,acetylcholine,19589,LPLC2,right,8,0.046511627906976744,intra_population
13132,LPLC2,left,acetylcholine,95241,LPLC2,left,8,0.046511627906976744,intra_population
22772,LC4,left,acetylcholine,533129,LC4,left,8,0.046511627906976744,intra_population
24118,LPLC2,right,acetylcholine,23878,LPLC2,right,8,0.046511627906976744,intra_population
20535,LPLC2,right,acetylcholine,20269,LPLC2,right,8,0.046511627906976744,intra_population
13132,LPLC2,left,acetylcholine,517078,LPLC2,left,8,0.046511627906976744,intra_population
18127,LC4,right,acetylcholine,17054,LC4,right,8,0.046511627906976744,intra_population
32737,LPLC2,left,acetylcholine,27796,LPLC2,left,8,0.046511627906976744,intra_population
28871,LPLC2,right,acetylcholine,30938,LPLC2,right,8,0.046511627906976744,intra_population
32223,LPLC2,left,acetylcholine,35294,LPLC2,left,8,0.046511627906976744,intra_population
26112,LC4,right,acetylcholine,30480,LC4,right,8,0.046511627906976744,intra_population
14465,LPLC2,right,acetylcholine,19229,LPLC2,right,8,0.046511627906976744,intra_population
13132,LPLC2,left,acetylcholine,10010,DNp01,left,8,0.046511627906976744,visual_to_readout
19830,LPLC2,left,acetylcholine,111903,LPLC2,left,8,0.046511627906976744,intra_population
32237,LPLC2,left,acetylcholine,26528,LPLC2,left,8,0.046511627906976744,intra_population
34681,LPLC2,right,acetylcholine,35680,LPLC2,right,8,0.046511627906976744,intra_population
23098,LC4,right,acetylcholine,17926,LC4,right,8,0.046511627906976744,intra_population
22847,LC4,right,acetylcholine,10584,DNp06,right,8,0.046511627906976744,visual_to_readout
520449,LC4,left,acetylcholine,14888,LC4,left,8,0.046511627906976744,intra_population
18672,LPLC2,right,acetylcholine,21045,LPLC2,right,8,0.046511627906976744,intra_population
520449,LC4,left,acetylcholine,17478,LC4,left,8,0.046511627906976744,intra_population
18672,LPLC2,right,acetylcholine,10584,DNp06,right,8,0.046511627906976744,visual_to_readout
24118,LPLC2,right,acetylcholine,37431,LPLC2,right,8,0.046511627906976744,intra_population
13726,LPLC2,left,acetylcholine,11498,LPLC2,left,8,0.046511627906976744,intra_population
24187,LPLC2,right,acetylcholine,21808,LPLC2,right,8,0.046511627906976744,intra_population
515971,LPLC2,left,acetylcholine,517079,LPLC2,left,8,0.046511627906976744,intra_population
22966,LC4,right,acetylcholine,22975,LC4,right,8,0.046511627906976744,intra_population
24187,LPLC2,right,acetylcholine,28044,LPLC2,right,8,0.046511627906976744,intra_population
22975,LC4,right,acetylcholine,527408,LC4,right,8,0.046511627906976744,intra_population
24187,LPLC2,right,acetylcholine,20535,LPLC2,right,8,0.046511627906976744,intra_population
27716,LPLC2,left,acetylcholine,10228,DNp06,left,8,0.046511627906976744,visual_to_readout
515971,LPLC2,left,acetylcholine,24605,LPLC2,left,8,0.046511627906976744,intra_population
515971,LPLC2,left,acetylcholine,23919,LPLC2,left,8,0.046511627906976744,intra_population
24268,LPLC2,right,acetylcholine,11137,DNp04,right,8,0.046511627906976744,visual_to_readout
22966,LC4,right,acetylcholine,10584,DNp06,right,8,0.046511627906976744,visual_to_readout
13132,LPLC2,left,acetylcholine,17774,LPLC2,left,8,0.046511627906976744,intra_population
22922,LC4,left,acetylcholine,533129,LC4,left,8,0.046511627906976744,intra_population
515971,LPLC2,left,acetylcholine,22253,LPLC2,left,8,0.046511627906976744,intra_population
18127,LC4,right,acetylcholine,19954,LC4,right,8,0.046511627906976744,intra_population
515971,LPLC2,left,acetylcholine,21361,LPLC2,left,8,0.046511627906976744,intra_population
32507,LPLC2,right,acetylcholine,28003,LPLC2,right,8,0.046511627906976744,intra_population
22966,LC4,right,acetylcholine,28945,LC4,right,8,0.046511627906976744,intra_population
519650,LC4,left,acetylcholine,22922,LC4,left,8,0.046511627906976744,intra_population
24187,LPLC2,right,acetylcholine,20269,LPLC2,right,8,0.046511627906976744,intra_population
20471,LPLC2,right,acetylcholine,24800,LPLC2,right,8,0.046511627906976744,intra_population
19954,LC4,right,acetylcholine,19794,LC4,right,8,0.046511627906976744,intra_population
18672,LPLC2,right,acetylcholine,19146,LPLC2,right,8,0.046511627906976744,intra_population
19954,LC4,right,acetylcholine,25584,LC4,right,8,0.046511627906976744,intra_population
26147,LPLC2,right,acetylcholine,23878,LPLC2,right,8,0.046511627906976744,intra_population
32597,LC4,left,acetylcholine,512366,LC4,left,8,0.046511627906976744,intra_population
24187,LPLC2,right,acetylcholine,24268,LPLC2,right,8,0.046511627906976744,intra_population
22975,LC4,right,acetylcholine,30480,LC4,right,8,0.046511627906976744,intra_population
17059,LPLC2,left,acetylcholine,24308,LPLC2,left,8,0.046511627906976744,intra_population
24308,LPLC2,left,acetylcholine,30512,LPLC2,left,7,0.040697674418604654,intra_population
24308,LPLC2,left,acetylcholine,25209,LPLC2,left,7,0.040697674418604654,intra_population
24308,LPLC2,left,acetylcholine,27829,LC4,left,7,0.040697674418604654,cross_visual
24308,LPLC2,left,acetylcholine,34407,LPLC2,left,7,0.040697674418604654,intra_population
18672,LPLC2,right,acetylcholine,20694,LPLC2,right,7,0.040697674418604654,intra_population
18672,LPLC2,right,acetylcholine,20535,LPLC2,right,7,0.040697674418604654,intra_population
19830,LPLC2,left,acetylcholine,514670,LPLC2,left,7,0.040697674418604654,intra_population
24308,LPLC2,left,acetylcholine,26528,LPLC2,left,7,0.040697674418604654,intra_population
19146,LPLC2,right,acetylcholine,20103,LPLC2,right,7,0.040697674418604654,intra_population
32597,LC4,left,acetylcholine,81112,LC4,left,7,0.040697674418604654,intra_population
24308,LPLC2,left,acetylcholine,25136,LPLC2,left,7,0.040697674418604654,intra_population
29702,LPLC2,left,acetylcholine,22557,LPLC2,left,7,0.040697674418604654,intra_population
24840,LPLC2,left,acetylcholine,520764,LPLC2,left,7,0.040697674418604654,intra_population
19146,LPLC2,right,acetylcholine,29014,LPLC2,right,7,0.040697674418604654,intra_population
25497,LPLC2,right,acetylcholine,33185,LPLC2,right,7,0.040697674418604654,intra_population
25497,LPLC2,right,acetylcholine,31257,LPLC2,right,7,0.040697674418604654,intra_population
19146,LPLC2,right,acetylcholine,19549,LPLC2,right,7,0.040697674418604654,intra_population
520764,LPLC2,left,acetylcholine,28011,LPLC2,left,7,0.040697674418604654,intra_population
29986,LPLC2,right,acetylcholine,26147,LPLC2,right,7,0.040697674418604654,intra_population
28011,LPLC2,left,acetylcholine,19787,LPLC2,left,7,0.040697674418604654,intra_population
520764,LPLC2,left,acetylcholine,24840,LPLC2,left,7,0.040697674418604654,intra_population
31988,LPLC2,right,acetylcholine,24187,LPLC2,right,7,0.040697674418604654,intra_population
19830,LPLC2,left,acetylcholine,20240,LPLC2,left,7,0.040697674418604654,intra_population
31988,LPLC2,right,acetylcholine,10584,DNp06,right,7,0.040697674418604654,visual_to_readout
19842,LPLC2,right,acetylcholine,19249,LPLC2,right,7,0.040697674418604654,intra_population
19787,LPLC2,left,acetylcholine,27023,LPLC2,left,7,0.040697674418604654,intra_population
533895,LPLC2,left,acetylcholine,24568,LPLC2,left,7,0.040697674418604654,intra_population
18672,LPLC2,right,acetylcholine,21808,LPLC2,right,7,0.040697674418604654,intra_population
24401,LPLC2,right,acetylcholine,34372,LPLC2,right,7,0.040697674418604654,intra_population
24401,LPLC2,right,acetylcholine,28003,LPLC2,right,7,0.040697674418604654,intra_population
24401,LPLC2,right,acetylcholine,25253,LPLC2,right,7,0.040697674418604654,intra_population
521115,LPLC2,left,acetylcholine,28011,LPLC2,left,7,0.040697674418604654,intra_population
19787,LPLC2,left,acetylcholine,517079,LPLC2,left,7,0.040697674418604654,intra_population
18672,LPLC2,right,acetylcholine,23590,LPLC2,right,7,0.040697674418604654,intra_population
31988,LPLC2,right,acetylcholine,31964,LPLC2,right,7,0.040697674418604654,intra_population
19794,LC4,right,acetylcholine,17548,LC4,right,7,0.040697674418604654,intra_population
29563,LC4,right,acetylcholine,19794,LC4,right,7,0.040697674418604654,intra_population
12032,LC4,left,acetylcholine,514956,LC4,left,7,0.040697674418604654,intra_population
17059,LPLC2,left,acetylcholine,14102,LPLC2,left,7,0.040697674418604654,intra_population
520764,LPLC2,left,acetylcholine,533895,LPLC2,left,7,0.040697674418604654,intra_population
18672,LPLC2,right,acetylcholine,22218,LPLC2,right,7,0.040697674418604654,intra_population
27796,LPLC2,left,acetylcholine,521115,LPLC2,left,7,0.040697674418604654,intra_population
24308,LPLC2,left,acetylcholine,23550,LPLC2,left,7,0.040697674418604654,intra_population
520764,LPLC2,left,acetylcholine,41097,LPLC2,left,7,0.040697674418604654,intra_population
29986,LPLC2,right,acetylcholine,29014,LPLC2,right,7,0.040697674418604654,intra_population
536444,LPLC2,left,acetylcholine,521115,LPLC2,left,7,0.040697674418604654,intra_population
30041,LPLC2,right,acetylcholine,11137,DNp04,right,7,0.040697674418604654,visual_to_readout
18936,LPLC2,left,acetylcholine,17990,LPLC2,left,7,0.040697674418604654,intra_population
18936,LPLC2,left,acetylcholine,22557,LPLC2,left,7,0.040697674418604654,intra_population
25572,LPLC2,left,acetylcholine,32737,LPLC2,left,7,0.040697674418604654,intra_population
17340,LC4,left,acetylcholine,24523,LC4,left,7,0.040697674418604654,intra_population
536444,LPLC2,left,acetylcholine,41097,LPLC2,left,7,0.040697674418604654,intra_population
28011,LPLC2,left,acetylcholine,32237,LPLC2,left,7,0.040697674418604654,intra_population
536444,LPLC2,left,acetylcholine,33965,LPLC2,left,7,0.040697674418604654,intra_population
536444,LPLC2,left,acetylcholine,33303,LPLC2,left,7,0.040697674418604654,intra_population
25572,LPLC2,left,acetylcholine,23550,LPLC2,left,7,0.040697674418604654,intra_population
25572,LPLC2,left,acetylcholine,22557,LPLC2,left,7,0.040697674418604654,intra_population
18936,LPLC2,left,acetylcholine,17653,LC4,left,7,0.040697674418604654,cross_visual
16138,LC4,right,acetylcholine,17364,LC4,right,7,0.040697674418604654,intra_population
25524,LPLC2,left,acetylcholine,536444,LPLC2,left,7,0.040697674418604654,intra_population
25524,LPLC2,left,acetylcholine,520764,LPLC2,left,7,0.040697674418604654,intra_population
19034,LPLC2,right,acetylcholine,18929,LPLC2,right,7,0.040697674418604654,intra_population
25511,LPLC2,right,acetylcholine,24268,LPLC2,right,7,0.040697674418604654,intra_population
25524,LPLC2,left,acetylcholine,515971,LPLC2,left,7,0.040697674418604654,intra_population
29873,LPLC2,right,acetylcholine,27566,LPLC2,right,7,0.040697674418604654,intra_population
19034,LPLC2,right,acetylcholine,20162,LPLC2,right,7,0.040697674418604654,intra_population
19954,LC4,right,acetylcholine,18127,LC4,right,7,0.040697674418604654,intra_population
25524,LPLC2,left,acetylcholine,26528,LPLC2,left,7,0.040697674418604654,intra_population
25524,LPLC2,left,acetylcholine,518731,LPLC2,left,7,0.040697674418604654,intra_population
19034,LPLC2,right,acetylcholine,35632,LPLC2,right,7,0.040697674418604654,intra_population
533895,LPLC2,left,acetylcholine,22557,LPLC2,left,7,0.040697674418604654,intra_population
19229,LPLC2,right,acetylcholine,17551,LPLC2,right,7,0.040697674418604654,intra_population
25575,LPLC2,left,acetylcholine,129687,LPLC2,left,7,0.040697674418604654,intra_population
30041,LPLC2,right,acetylcholine,25511,LPLC2,right,7,0.040697674418604654,intra_population
17054,LC4,right,acetylcholine,23792,LC4,right,7,0.040697674418604654,intra_population
30041,LPLC2,right,acetylcholine,31257,LPLC2,right,7,0.040697674418604654,intra_population
533895,LPLC2,left,acetylcholine,10228,DNp06,left,7,0.040697674418604654,visual_to_readout
533895,LPLC2,left,acetylcholine,29753,LPLC2,left,7,0.040697674418604654,intra_population
29753,LPLC2,left,acetylcholine,531898,DNp04,left,7,0.040697674418604654,visual_to_readout
30087,LC4,left,acetylcholine,29417,LC4,left,7,0.040697674418604654,intra_population
30087,LC4,left,acetylcholine,37587,LC4,left,7,0.040697674418604654,intra_population
19229,LPLC2,right,acetylcholine,19034,LPLC2,right,7,0.040697674418604654,intra_population
29986,LPLC2,right,acetylcholine,20334,LPLC2,right,7,0.040697674418604654,intra_population
25584,LC4,right,acetylcholine,19543,LC4,right,7,0.040697674418604654,intra_population
19229,LPLC2,right,acetylcholine,19549,LPLC2,right,7,0.040697674418604654,intra_population
19229,LPLC2,right,acetylcholine,20047,LPLC2,right,7,0.040697674418604654,intra_population
19229,LPLC2,right,acetylcholine,20182,LPLC2,right,7,0.040697674418604654,intra_population
25286,LPLC2,left,acetylcholine,32737,LPLC2,left,7,0.040697674418604654,intra_population
19229,LPLC2,right,acetylcholine,20749,LPLC2,right,7,0.040697674418604654,intra_population
25286,LPLC2,left,acetylcholine,12349,LC4,left,7,0.040697674418604654,cross_visual
28044,LPLC2,right,acetylcholine,20269,LPLC2,right,7,0.040697674418604654,intra_population
18929,LPLC2,right,acetylcholine,19549,LPLC2,right,7,0.040697674418604654,intra_population
26147,LPLC2,right,acetylcholine,11137,DNp04,right,7,0.040697674418604654,visual_to_readout
19589,LPLC2,right,acetylcholine,16628,LC4,right,7,0.040697674418604654,cross_visual
24187,LPLC2,right,acetylcholine,23590,LPLC2,right,7,0.040697674418604654,intra_population
29702,LPLC2,left,acetylcholine,22253,LPLC2,left,7,0.040697674418604654,intra_population
17270,LC4,left,acetylcholine,518730,LC4,left,7,0.040697674418604654,intra_population
19787,LPLC2,left,acetylcholine,21721,LC4,left,7,0.040697674418604654,cross_visual
24523,LC4,left,acetylcholine,17340,LC4,left,7,0.040697674418604654,intra_population
31429,LC4,left,acetylcholine,515476,LC4,left,7,0.040697674418604654,intra_population
31429,LC4,left,acetylcholine,512366,LC4,left,7,0.040697674418604654,intra_population
24523,LC4,left,acetylcholine,14888,LC4,left,7,0.040697674418604654,intra_population
24800,LPLC2,right,acetylcholine,25511,LPLC2,right,7,0.040697674418604654,intra_population
19589,LPLC2,right,acetylcholine,17668,LC4,right,7,0.040697674418604654,cross_visual
19589,LPLC2,right,acetylcholine,19034,LPLC2,right,7,0.040697674418604654,intra_population
24840,LPLC2,left,acetylcholine,27399,LPLC2,left,7,0.040697674418604654,intra_population
15804,LPLC2,left,acetylcholine,22253,LPLC2,left,7,0.040697674418604654,intra_population
17478,LC4,left,acetylcholine,20572,LC4,left,7,0.040697674418604654,intra_population
525844,LPLC2,left,acetylcholine,29955,LPLC2,left,7,0.040697674418604654,intra_population
19589,LPLC2,right,acetylcholine,20269,LPLC2,right,7,0.040697674418604654,intra_population
31262,LC4,right,acetylcholine,38065,LC4,right,7,0.040697674418604654,intra_population
525844,LPLC2,left,acetylcholine,27355,LPLC2,left,7,0.040697674418604654,intra_population
29702,LPLC2,left,acetylcholine,19830,LPLC2,left,7,0.040697674418604654,intra_population
29702,LPLC2,left,acetylcholine,19787,LPLC2,left,7,0.040697674418604654,intra_population
31301,LC4,left,acetylcholine,22922,LC4,left,7,0.040697674418604654,intra_population
31301,LC4,left,acetylcholine,524899,LC4,left,7,0.040697674418604654,intra_population
19787,LPLC2,left,acetylcholine,20240,LPLC2,left,7,0.040697674418604654,intra_population
27829,LC4,left,acetylcholine,22772,LC4,left,7,0.040697674418604654,intra_population
12349,LC4,left,acetylcholine,31308,LC4,left,7,0.040697674418604654,intra_population
29563,LC4,right,acetylcholine,527408,LC4,right,7,0.040697674418604654,intra_population
25524,LPLC2,left,acetylcholine,23665,LPLC2,left,7,0.040697674418604654,intra_population
31429,LC4,left,acetylcholine,517752,LC4,left,7,0.040697674418604654,intra_population
25854,LPLC2,left,acetylcholine,33406,LPLC2,left,7,0.040697674418604654,intra_population
19608,LPLC2,right,acetylcholine,24401,LPLC2,right,7,0.040697674418604654,intra_population
28044,LPLC2,right,acetylcholine,31964,LPLC2,right,7,0.040697674418604654,intra_population
17478,LC4,left,acetylcholine,28980,LC4,left,7,0.040697674418604654,intra_population
31563,LPLC2,left,acetylcholine,23349,LPLC2,left,7,0.040697674418604654,intra_population
19608,LPLC2,right,acetylcholine,26915,LPLC2,right,7,0.040697674418604654,intra_population
24568,LPLC2,left,acetylcholine,100103,LPLC2,left,7,0.040697674418604654,intra_population
24568,LPLC2,left,acetylcholine,27399,LPLC2,left,7,0.040697674418604654,intra_population
31964,LPLC2,right,acetylcholine,20471,LPLC2,right,7,0.040697674418604654,intra_population
24568,LPLC2,left,acetylcholine,25575,LPLC2,left,7,0.040697674418604654,intra_population
524899,LC4,left,acetylcholine,21721,LC4,left,7,0.040697674418604654,intra_population
31563,LPLC2,left,acetylcholine,33406,LPLC2,left,7,0.040697674418604654,intra_population
24568,LPLC2,left,acetylcholine,18900,LPLC2,left,7,0.040697674418604654,intra_population
24568,LPLC2,left,acetylcholine,17880,LPLC2,left,7,0.040697674418604654,intra_population
31964,LPLC2,right,acetylcholine,11137,DNp04,right,7,0.040697674418604654,visual_to_readout
31964,LPLC2,right,acetylcholine,20103,LPLC2,right,7,0.040697674418604654,intra_population
24523,LC4,left,acetylcholine,512705,LC4,left,7,0.040697674418604654,intra_population
524366,LPLC2,left,acetylcholine,21361,LPLC2,left,7,0.040697674418604654,intra_population
24800,LPLC2,right,acetylcholine,25497,LPLC2,right,7,0.040697674418604654,intra_population
19608,LPLC2,right,acetylcholine,20471,LPLC2,right,7,0.040697674418604654,intra_population
525844,LPLC2,left,acetylcholine,10228,DNp06,left,7,0.040697674418604654,visual_to_readout
27796,LPLC2,left,acetylcholine,29815,LPLC2,left,7,0.040697674418604654,intra_population
15018,LC4,left,acetylcholine,37587,LC4,left,7,0.040697674418604654,intra_population
24268,LPLC2,right,acetylcholine,25316,LPLC2,right,7,0.040697674418604654,intra_population
19911,LPLC2,left,acetylcholine,16809,LC4,left,7,0.040697674418604654,cross_visual
24268,LPLC2,right,acetylcholine,23497,LPLC2,right,7,0.040697674418604654,intra_population
19911,LPLC2,left,acetylcholine,27355,LPLC2,left,7,0.040697674418604654,intra_population
12349,LC4,left,acetylcholine,20976,LC4,left,7,0.040697674418604654,intra_population
12349,LC4,left,acetylcholine,22772,LC4,left,7,0.040697674418604654,intra_population
17544,LPLC2,left,acetylcholine,27624,LC4,left,7,0.040697674418604654,cross_visual
18672,LPLC2,right,acetylcholine,20269,LPLC2,right,7,0.040697674418604654,intra_population
28188,LPLC2,left,acetylcholine,28011,LPLC2,left,7,0.040697674418604654,intra_population
31308,LC4,left,acetylcholine,81112,LC4,left,7,0.040697674418604654,intra_population
32507,LPLC2,right,acetylcholine,29216,LPLC2,right,7,0.040697674418604654,intra_population
24187,LPLC2,right,acetylcholine,33396,LPLC2,right,7,0.040697674418604654,intra_population
24187,LPLC2,right,acetylcholine,29391,LPLC2,right,7,0.040697674418604654,intra_population
15018,LC4,left,acetylcholine,34845,LC4,left,7,0.040697674418604654,intra_population
519931,LC4,left,acetylcholine,10228,DNp06,left,7,0.040697674418604654,visual_to_readout
18672,LPLC2,right,acetylcholine,19842,LPLC2,right,7,0.040697674418604654,intra_population
18672,LPLC2,right,acetylcholine,19608,LPLC2,right,7,0.040697674418604654,intra_population
24187,LPLC2,right,acetylcholine,25253,LPLC2,right,7,0.040697674418604654,intra_population
24187,LPLC2,right,acetylcholine,23878,LPLC2,right,7,0.040697674418604654,intra_population
19842,LPLC2,right,acetylcholine,26730,LPLC2,right,7,0.040697674418604654,intra_population
19842,LPLC2,right,acetylcholine,22677,LPLC2,right,7,0.040697674418604654,intra_population
32237,LPLC2,left,acetylcholine,41097,LPLC2,left,7,0.040697674418604654,intra_population
32237,LPLC2,left,acetylcholine,34407,LPLC2,left,7,0.040697674418604654,intra_population
31308,LC4,left,acetylcholine,519650,LC4,left,7,0.040697674418604654,intra_population
19608,LPLC2,right,acetylcholine,10584,DNp06,right,7,0.040697674418604654,visual_to_readout
18900,LPLC2,left,acetylcholine,17059,LPLC2,left,7,0.040697674418604654,intra_population
24800,LPLC2,right,acetylcholine,19034,LPLC2,right,7,0.040697674418604654,intra_population
19608,LPLC2,right,acetylcholine,18929,LPLC2,right,7,0.040697674418604654,intra_population
19608,LPLC2,right,acetylcholine,19034,LPLC2,right,7,0.040697674418604654,intra_population
17478,LC4,left,acetylcholine,23226,LC4,left,7,0.040697674418604654,intra_population
24605,LPLC2,left,acetylcholine,111903,LPLC2,left,7,0.040697674418604654,intra_population
19608,LPLC2,right,acetylcholine,20047,LPLC2,right,7,0.040697674418604654,intra_population
24605,LPLC2,left,acetylcholine,34407,LPLC2,left,7,0.040697674418604654,intra_population
17270,LC4,left,acetylcholine,524899,LC4,left,7,0.040697674418604654,intra_population
524899,LC4,left,acetylcholine,22772,LC4,left,7,0.040697674418604654,intra_population
18672,LPLC2,right,acetylcholine,28044,LPLC2,right,7,0.040697674418604654,intra_population
17478,LC4,left,acetylcholine,526286,LC4,left,7,0.040697674418604654,intra_population
31257,LPLC2,right,acetylcholine,35680,LPLC2,right,7,0.040697674418604654,intra_population
26147,LPLC2,right,acetylcholine,20103,LPLC2,right,7,0.040697674418604654,intra_population
27796,LPLC2,left,acetylcholine,33965,LPLC2,left,7,0.040697674418604654,intra_population
26147,LPLC2,right,acetylcholine,17551,LPLC2,right,7,0.040697674418604654,intra_population
520449,LC4,left,acetylcholine,518983,LC4,left,7,0.040697674418604654,intra_population
19034,LPLC2,right,acetylcholine,20535,LPLC2,right,7,0.040697674418604654,intra_population
518439,LC4,left,acetylcholine,31429,LC4,left,7,0.040697674418604654,intra_population
536444,LPLC2,left,acetylcholine,10228,DNp06,left,7,0.040697674418604654,visual_to_readout
17548,LC4,right,acetylcholine,19794,LC4,right,7,0.040697674418604654,intra_population
20162,LPLC2,right,acetylcholine,37431,LPLC2,right,7,0.040697674418604654,intra_population
27750,LC4,left,acetylcholine,515476,LC4,left,7,0.040697674418604654,intra_population
23878,LPLC2,right,acetylcholine,28871,LPLC2,right,7,0.040697674418604654,intra_population
33185,LPLC2,right,acetylcholine,20269,LPLC2,right,7,0.040697674418604654,intra_population
18478,LC4,left,acetylcholine,20859,LC4,left,7,0.040697674418604654,intra_population
23665,LPLC2,left,acetylcholine,15804,LPLC2,left,7,0.040697674418604654,intra_population
23665,LPLC2,left,acetylcholine,18936,LPLC2,left,7,0.040697674418604654,intra_population
17551,LPLC2,right,acetylcholine,19229,LPLC2,right,7,0.040697674418604654,intra_population
20182,LPLC2,right,acetylcholine,19034,LPLC2,right,7,0.040697674418604654,intra_population
29469,LC4,left,acetylcholine,35262,LC4,left,7,0.040697674418604654,intra_population
518439,LC4,left,acetylcholine,27750,LC4,left,7,0.040697674418604654,intra_population
27750,LC4,left,acetylcholine,18432,LC4,left,7,0.040697674418604654,intra_population
33396,LPLC2,right,acetylcholine,28741,LPLC2,right,7,0.040697674418604654,intra_population
20162,LPLC2,right,acetylcholine,19146,LPLC2,right,7,0.040697674418604654,intra_population
20162,LPLC2,right,acetylcholine,29183,LPLC2,right,7,0.040697674418604654,intra_population
33137,LC4,left,acetylcholine,35262,LC4,left,7,0.040697674418604654,intra_population
33396,LPLC2,right,acetylcholine,55627,LPLC2,right,7,0.040697674418604654,intra_population
17551,LPLC2,right,acetylcholine,19249,LPLC2,right,7,0.040697674418604654,intra_population
33137,LC4,left,acetylcholine,77614,LC4,left,7,0.040697674418604654,intra_population
23919,LPLC2,left,acetylcholine,19787,LPLC2,left,7,0.040697674418604654,intra_population
518731,LPLC2,left,acetylcholine,26528,LPLC2,left,7,0.040697674418604654,intra_population
23665,LPLC2,left,acetylcholine,25027,LPLC2,left,7,0.040697674418604654,intra_population
535341,LC4,left,acetylcholine,526286,LC4,left,7,0.040697674418604654,intra_population
518983,LC4,left,acetylcholine,17270,LC4,left,7,0.040697674418604654,intra_population
28741,LPLC2,right,acetylcholine,29183,LPLC2,right,7,0.040697674418604654,intra_population
518544,LC4,left,acetylcholine,518730,LC4,left,7,0.040697674418604654,intra_population
20182,LPLC2,right,acetylcholine,29216,LPLC2,right,7,0.040697674418604654,intra_population
518016,LC4,left,acetylcholine,27829,LC4,left,7,0.040697674418604654,intra_population
33406,LPLC2,left,acetylcholine,29702,LPLC2,left,7,0.040697674418604654,intra_population
14888,LC4,left,acetylcholine,515900,LC4,left,7,0.040697674418604654,intra_population
518983,LC4,left,acetylcholine,28980,LC4,left,7,0.040697674418604654,intra_population
20162,LPLC2,right,acetylcholine,24118,LPLC2,right,7,0.040697674418604654,intra_population
23929,LC4,right,acetylcholine,20282,LC4,right,7,0.040697674418604654,intra_population
26147,LPLC2,right,acetylcholine,38542,LPLC2,right,7,0.040697674418604654,intra_population
518731,LPLC2,left,acetylcholine,20329,LPLC2,left,7,0.040697674418604654,intra_population
23590,LPLC2,right,acetylcholine,19608,LPLC2,right,7,0.040697674418604654,intra_population
518983,LC4,left,acetylcholine,14888,LC4,left,7,0.040697674418604654,intra_population
14888,LC4,left,acetylcholine,31429,LC4,left,7,0.040697674418604654,intra_population
17548,LC4,right,acetylcholine,21313,LC4,right,7,0.040697674418604654,intra_population
32737,LPLC2,left,acetylcholine,520764,LPLC2,left,7,0.040697674418604654,intra_population
20047,LPLC2,right,acetylcholine,23590,LPLC2,right,7,0.040697674418604654,intra_population
23665,LPLC2,left,acetylcholine,27796,LPLC2,left,7,0.040697674418604654,intra_population
14888,LC4,left,acetylcholine,20967,LC4,left,7,0.040697674418604654,intra_population
17551,LPLC2,right,acetylcholine,16628,LC4,right,7,0.040697674418604654,cross_visual
518731,LPLC2,left,acetylcholine,31563,LPLC2,left,7,0.040697674418604654,intra_population
23665,LPLC2,left,acetylcholine,27716,LPLC2,left,7,0.040697674418604654,intra_population
23665,LPLC2,left,acetylcholine,25572,LPLC2,left,7,0.040697674418604654,intra_population
24118,LPLC2,right,acetylcholine,23590,LPLC2,right,7,0.040697674418604654,intra_population
27750,LC4,left,acetylcholine,31301,LC4,left,7,0.040697674418604654,intra_population
24118,LPLC2,right,acetylcholine,21562,LPLC2,right,7,0.040697674418604654,intra_population
20162,LPLC2,right,acetylcholine,20471,LPLC2,right,7,0.040697674418604654,intra_population
16809,LC4,left,acetylcholine,530029,LC4,left,7,0.040697674418604654,intra_population
20016,LC4,right,acetylcholine,19794,LC4,right,7,0.040697674418604654,intra_population
33303,LPLC2,left,acetylcholine,17990,LPLC2,left,7,0.040697674418604654,intra_population
24187,LPLC2,right,acetylcholine,10584,DNp06,right,7,0.040697674418604654,visual_to_readout
15018,LC4,left,acetylcholine,27750,LC4,left,7,0.040697674418604654,intra_population
17551,LPLC2,right,acetylcholine,21318,LPLC2,right,7,0.040697674418604654,intra_population
32737,LPLC2,left,acetylcholine,30893,LPLC2,left,7,0.040697674418604654,intra_population
518731,LPLC2,left,acetylcholine,20799,LPLC2,left,7,0.040697674418604654,intra_population
20240,LPLC2,left,acetylcholine,13132,LPLC2,left,7,0.040697674418604654,intra_population
32737,LPLC2,left,acetylcholine,25572,LPLC2,left,7,0.040697674418604654,intra_population
24118,LPLC2,right,acetylcholine,20182,LPLC2,right,7,0.040697674418604654,intra_population
18432,LC4,left,acetylcholine,515900,LC4,left,7,0.040697674418604654,intra_population
24118,LPLC2,right,acetylcholine,20047,LPLC2,right,7,0.040697674418604654,intra_population
32737,LPLC2,left,acetylcholine,23665,LPLC2,left,7,0.040697674418604654,intra_population
20240,LPLC2,left,acetylcholine,17059,LPLC2,left,7,0.040697674418604654,intra_population
33303,LPLC2,left,acetylcholine,35294,LPLC2,left,7,0.040697674418604654,intra_population
524899,LC4,left,acetylcholine,17653,LC4,left,7,0.040697674418604654,intra_population
24118,LPLC2,right,acetylcholine,20535,LPLC2,right,7,0.040697674418604654,intra_population
27750,LC4,left,acetylcholine,32597,LC4,left,7,0.040697674418604654,intra_population
32737,LPLC2,left,acetylcholine,22253,LPLC2,left,7,0.040697674418604654,intra_population
28741,LPLC2,right,acetylcholine,20182,LPLC2,right,7,0.040697674418604654,intra_population
18478,LC4,left,acetylcholine,35616,LC4,left,7,0.040697674418604654,intra_population
27750,LC4,left,acetylcholine,16809,LC4,left,7,0.040697674418604654,intra_population
20182,LPLC2,right,acetylcholine,20103,LPLC2,right,7,0.040697674418604654,intra_population
27750,LC4,left,acetylcholine,27624,LC4,left,7,0.040697674418604654,intra_population
33396,LPLC2,right,acetylcholine,37925,LPLC2,right,7,0.040697674418604654,intra_population
27716,LPLC2,left,acetylcholine,517819,LPLC2,left,7,0.040697674418604654,intra_population
23665,LPLC2,left,acetylcholine,23349,LPLC2,left,7,0.040697674418604654,intra_population
518730,LC4,left,acetylcholine,512705,LC4,left,7,0.040697674418604654,intra_population
18478,LC4,left,acetylcholine,516909,LC4,left,7,0.040697674418604654,intra_population
23792,LC4,right,acetylcholine,21804,LC4,right,7,0.040697674418604654,intra_population
519650,LC4,left,acetylcholine,14888,LC4,left,7,0.040697674418604654,intra_population
32737,LPLC2,left,acetylcholine,19911,LPLC2,left,7,0.040697674418604654,intra_population
20047,LPLC2,right,acetylcholine,17551,LPLC2,right,7,0.040697674418604654,intra_population
18432,LC4,left,acetylcholine,27750,LC4,left,7,0.040697674418604654,intra_population
17548,LC4,right,acetylcholine,23392,LC4,right,7,0.040697674418604654,intra_population
23929,LC4,right,acetylcholine,30480,LC4,right,7,0.040697674418604654,intra_population
26147,LPLC2,right,acetylcholine,25253,LPLC2,right,7,0.040697674418604654,intra_population
33439,LPLC2,right,acetylcholine,33185,LPLC2,right,7,0.040697674418604654,intra_population
28741,LPLC2,right,acetylcholine,30041,LPLC2,right,7,0.040697674418604654,intra_population
518016,LC4,left,acetylcholine,519650,LC4,left,7,0.040697674418604654,intra_population
518731,LPLC2,left,acetylcholine,20240,LPLC2,left,7,0.040697674418604654,intra_population
17059,LPLC2,left,acetylcholine,18936,LPLC2,left,7,0.040697674418604654,intra_population
25027,LPLC2,left,acetylcholine,32737,LPLC2,left,7,0.040697674418604654,intra_population
25209,LPLC2,left,acetylcholine,16917,LC4,left,7,0.040697674418604654,cross_visual
527408,LC4,right,acetylcholine,38065,LC4,right,7,0.040697674418604654,intra_population
19420,LC4,right,acetylcholine,17668,LC4,right,7,0.040697674418604654,intra_population
25136,LPLC2,left,acetylcholine,29753,LPLC2,left,7,0.040697674418604654,intra_population
19549,LPLC2,right,acetylcholine,19229,LPLC2,right,7,0.040697674418604654,intra_population
19549,LPLC2,right,acetylcholine,19249,LPLC2,right,7,0.040697674418604654,intra_population
19549,LPLC2,right,acetylcholine,20334,LPLC2,right,7,0.040697674418604654,intra_population
15804,LPLC2,left,acetylcholine,515971,LPLC2,left,7,0.040697674418604654,intra_population
15804,LPLC2,left,acetylcholine,514670,LPLC2,left,7,0.040697674418604654,intra_population
17340,LC4,left,acetylcholine,14888,LC4,left,7,0.040697674418604654,intra_population
29753,LPLC2,left,acetylcholine,23550,LPLC2,left,7,0.040697674418604654,intra_population
527408,LC4,right,acetylcholine,10584,DNp06,right,7,0.040697674418604654,visual_to_readout
25854,LPLC2,left,acetylcholine,18936,LPLC2,left,7,0.040697674418604654,intra_population
31257,LPLC2,right,acetylcholine,25497,LPLC2,right,7,0.040697674418604654,intra_population
19550,LC4,right,acetylcholine,17548,LC4,right,7,0.040697674418604654,intra_population
526286,LC4,left,acetylcholine,20572,LC4,left,7,0.040697674418604654,intra_population
31257,LPLC2,right,acetylcholine,28003,LPLC2,right,7,0.040697674418604654,intra_population
30895,LPLC2,left,acetylcholine,25027,LPLC2,left,7,0.040697674418604654,intra_population
19420,LC4,right,acetylcholine,17548,LC4,right,7,0.040697674418604654,intra_population
25267,LPLC2,right,acetylcholine,33396,LPLC2,right,7,0.040697674418604654,intra_population
28003,LPLC2,right,acetylcholine,20535,LPLC2,right,7,0.040697674418604654,intra_population
16628,LC4,right,acetylcholine,21151,LC4,right,7,0.040697674418604654,intra_population
30938,LPLC2,right,acetylcholine,20162,LPLC2,right,7,0.040697674418604654,intra_population
30938,LPLC2,right,acetylcholine,11137,DNp04,right,7,0.040697674418604654,visual_to_readout
25524,LPLC2,left,acetylcholine,22557,LPLC2,left,7,0.040697674418604654,intra_population
18936,LPLC2,left,acetylcholine,11498,LPLC2,left,7,0.040697674418604654,intra_population
29955,LPLC2,left,acetylcholine,30512,LPLC2,left,7,0.040697674418604654,intra_population
25511,LPLC2,right,acetylcholine,30041,LPLC2,right,7,0.040697674418604654,intra_population
533895,LPLC2,left,acetylcholine,520764,LPLC2,left,7,0.040697674418604654,intra_population
25511,LPLC2,right,acetylcholine,29183,LPLC2,right,7,0.040697674418604654,intra_population
533129,LC4,left,acetylcholine,20440,LC4,left,7,0.040697674418604654,intra_population
19229,LPLC2,right,acetylcholine,23878,LPLC2,right,7,0.040697674418604654,intra_population
526286,LC4,left,acetylcholine,17478,LC4,left,7,0.040697674418604654,intra_population
25636,LPLC2,right,acetylcholine,25584,LC4,right,7,0.040697674418604654,cross_visual
19420,LC4,right,acetylcholine,17926,LC4,right,7,0.040697674418604654,intra_population
19420,LC4,right,acetylcholine,17987,LC4,right,7,0.040697674418604654,intra_population
28044,LPLC2,right,acetylcholine,21862,LPLC2,right,7,0.040697674418604654,intra_population
25636,LPLC2,right,acetylcholine,24118,LPLC2,right,7,0.040697674418604654,intra_population
25209,LPLC2,left,acetylcholine,29753,LPLC2,left,7,0.040697674418604654,intra_population
531014,LPLC2,left,acetylcholine,13764,LPLC2,left,7,0.040697674418604654,intra_population
530029,LC4,left,acetylcholine,35262,LC4,left,7,0.040697674418604654,intra_population
25209,LPLC2,left,acetylcholine,27796,LPLC2,left,7,0.040697674418604654,intra_population
16128,LC4,right,acetylcholine,17668,LC4,right,7,0.040697674418604654,intra_population
16128,LC4,right,acetylcholine,20917,LC4,right,7,0.040697674418604654,intra_population
30480,LC4,right,acetylcholine,31262,LC4,right,7,0.040697674418604654,intra_population
28188,LPLC2,left,acetylcholine,517819,LPLC2,left,7,0.040697674418604654,intra_population
23590,LPLC2,right,acetylcholine,21769,LPLC2,right,7,0.040697674418604654,intra_population
531014,LPLC2,left,acetylcholine,25854,LPLC2,left,7,0.040697674418604654,intra_population
18900,LPLC2,left,acetylcholine,111903,LPLC2,left,7,0.040697674418604654,intra_population
19420,LC4,right,acetylcholine,17054,LC4,right,7,0.040697674418604654,intra_population
29702,LPLC2,left,acetylcholine,41097,LPLC2,left,7,0.040697674418604654,intra_population
519650,LC4,left,acetylcholine,518016,LC4,left,7,0.040697674418604654,intra_population
24605,LPLC2,left,acetylcholine,24523,LC4,left,7,0.040697674418604654,cross_visual
21313,LC4,right,acetylcholine,20016,LC4,right,7,0.040697674418604654,intra_population
518731,LPLC2,left,acetylcholine,521115,LPLC2,left,7,0.040697674418604654,intra_population
20103,LPLC2,right,acetylcholine,28871,LPLC2,right,7,0.040697674418604654,intra_population
20047,LPLC2,right,acetylcholine,24800,LPLC2,right,7,0.040697674418604654,intra_population
11498,LPLC2,left,acetylcholine,18900,LPLC2,left,7,0.040697674418604654,intra_population
33137,LC4,left,acetylcholine,12349,LC4,left,7,0.040697674418604654,intra_population
518731,LPLC2,left,acetylcholine,18936,LPLC2,left,7,0.040697674418604654,intra_population
33406,LPLC2,left,acetylcholine,25209,LPLC2,left,7,0.040697674418604654,intra_population
23878,LPLC2,right,acetylcholine,21862,LPLC2,right,7,0.040697674418604654,intra_population
23590,LPLC2,right,acetylcholine,24118,LPLC2,right,7,0.040697674418604654,intra_population
14888,LC4,left,acetylcholine,27829,LC4,left,7,0.040697674418604654,intra_population
29469,LC4,left,acetylcholine,30087,LC4,left,7,0.040697674418604654,intra_population
17548,LC4,right,acetylcholine,18127,LC4,right,7,0.040697674418604654,intra_population
27750,LC4,left,acetylcholine,10228,DNp06,left,7,0.040697674418604654,visual_to_readout
30893,LPLC2,left,acetylcholine,531898,DNp04,left,7,0.040697674418604654,visual_to_readout
19260,LC4,right,acetylcholine,21313,LC4,right,7,0.040697674418604654,intra_population
30893,LPLC2,left,acetylcholine,32237,LPLC2,left,7,0.040697674418604654,intra_population
28044,LPLC2,right,acetylcholine,20749,LPLC2,right,7,0.040697674418604654,intra_population
19229,LPLC2,right,acetylcholine,29873,LPLC2,right,7,0.040697674418604654,intra_population
29753,LPLC2,left,acetylcholine,20240,LPLC2,left,7,0.040697674418604654,intra_population
28003,LPLC2,right,acetylcholine,28044,LPLC2,right,7,0.040697674418604654,intra_population
25267,LPLC2,right,acetylcholine,20334,LPLC2,right,7,0.040697674418604654,intra_population
25636,LPLC2,right,acetylcholine,10584,DNp06,right,7,0.040697674418604654,visual_to_readout
30512,LPLC2,left,acetylcholine,37587,LC4,left,7,0.040697674418604654,cross_visual
28044,LPLC2,right,acetylcholine,20471,LPLC2,right,7,0.040697674418604654,intra_population
28003,LPLC2,right,acetylcholine,26915,LPLC2,right,7,0.040697674418604654,intra_population
25267,LPLC2,right,acetylcholine,10001,DNp01,right,7,0.040697674418604654,visual_to_readout
30512,LPLC2,left,acetylcholine,524366,LPLC2,left,7,0.040697674418604654,intra_population
30512,LPLC2,left,acetylcholine,525844,LPLC2,left,7,0.040697674418604654,intra_population
19249,LPLC2,right,acetylcholine,20749,LPLC2,right,7,0.040697674418604654,intra_population
18900,LPLC2,left,acetylcholine,41097,LPLC2,left,7,0.040697674418604654,intra_population
16128,LC4,right,acetylcholine,20542,LC4,right,7,0.040697674418604654,intra_population
17059,LPLC2,left,acetylcholine,11498,LPLC2,left,7,0.040697674418604654,intra_population
19260,LC4,right,acetylcholine,10584,DNp06,right,7,0.040697674418604654,visual_to_readout
25253,LPLC2,right,acetylcholine,26147,LPLC2,right,7,0.040697674418604654,intra_population
30803,LC4,right,acetylcholine,22975,LC4,right,7,0.040697674418604654,intra_population
18900,LPLC2,left,acetylcholine,515971,LPLC2,left,7,0.040697674418604654,intra_population
24605,LPLC2,left,acetylcholine,20240,LPLC2,left,7,0.040697674418604654,intra_population
27399,LPLC2,left,acetylcholine,15804,LPLC2,left,7,0.040697674418604654,intra_population
24605,LPLC2,left,acetylcholine,23247,LPLC2,left,7,0.040697674418604654,intra_population
17775,LPLC2,left,acetylcholine,41097,LPLC2,left,7,0.040697674418604654,intra_population
38542,LPLC2,right,acetylcholine,28741,LPLC2,right,7,0.040697674418604654,intra_population
40841,LPLC2,left,acetylcholine,23665,LPLC2,left,7,0.040697674418604654,intra_population
21045,LPLC2,right,acetylcholine,20535,LPLC2,right,7,0.040697674418604654,intra_population
17926,LC4,right,acetylcholine,10584,DNp06,right,7,0.040697674418604654,visual_to_readout
29216,LPLC2,right,acetylcholine,29873,LPLC2,right,7,0.040697674418604654,intra_population
29014,LPLC2,right,acetylcholine,21862,LPLC2,right,7,0.040697674418604654,intra_population
21045,LPLC2,right,acetylcholine,24118,LPLC2,right,7,0.040697674418604654,intra_population
40841,LPLC2,left,acetylcholine,33406,LPLC2,left,7,0.040697674418604654,intra_population
21769,LPLC2,right,acetylcholine,17054,LC4,right,7,0.040697674418604654,cross_visual
41097,LPLC2,left,acetylcholine,17775,LPLC2,left,7,0.040697674418604654,intra_population
27023,LPLC2,left,acetylcholine,25027,LPLC2,left,7,0.040697674418604654,intra_population
111903,LPLC2,left,acetylcholine,13132,LPLC2,left,7,0.040697674418604654,intra_population
21721,LC4,left,acetylcholine,18478,LC4,left,7,0.040697674418604654,intra_population
21721,LC4,left,acetylcholine,17653,LC4,left,7,0.040697674418604654,intra_population
17775,LPLC2,left,acetylcholine,518731,LPLC2,left,7,0.040697674418604654,intra_population
129687,LPLC2,left,acetylcholine,23550,LPLC2,left,7,0.040697674418604654,intra_population
21862,LPLC2,right,acetylcholine,20162,LPLC2,right,7,0.040697674418604654,intra_population
21703,LPLC2,right,acetylcholine,37431,LPLC2,right,7,0.040697674418604654,intra_population
134521,LPLC2,left,acetylcholine,27716,LPLC2,left,7,0.040697674418604654,intra_population
37587,LC4,left,acetylcholine,10228,DNp06,left,7,0.040697674418604654,visual_to_readout
14102,LPLC2,left,acetylcholine,11498,LPLC2,left,7,0.040697674418604654,intra_population
27399,LPLC2,left,acetylcholine,30895,LPLC2,left,7,0.040697674418604654,intra_population
100103,LPLC2,left,acetylcholine,533129,LC4,left,7,0.040697674418604654,cross_visual
14102,LPLC2,left,acetylcholine,20240,LPLC2,left,7,0.040697674418604654,intra_population
20399,LC4,right,acetylcholine,21165,LC4,right,7,0.040697674418604654,intra_population
28741,LPLC2,right,acetylcholine,38542,LPLC2,right,7,0.040697674418604654,intra_population
517752,LC4,left,acetylcholine,22772,LC4,left,7,0.040697674418604654,intra_population
20269,LPLC2,right,acetylcholine,20047,LPLC2,right,7,0.040697674418604654,intra_population
18396,LC4,left,acetylcholine,32597,LC4,left,7,0.040697674418604654,intra_population
27716,LPLC2,left,acetylcholine,24840,LPLC2,left,7,0.040697674418604654,intra_population
29319,LPLC2,left,acetylcholine,27355,LPLC2,left,7,0.040697674418604654,intra_population
27624,LC4,left,acetylcholine,107513,LC4,left,7,0.040697674418604654,intra_population
21769,LPLC2,right,acetylcholine,22677,LPLC2,right,7,0.040697674418604654,intra_population
14102,LPLC2,left,acetylcholine,19830,LPLC2,left,7,0.040697674418604654,intra_population
13726,LPLC2,left,acetylcholine,533895,LPLC2,left,7,0.040697674418604654,intra_population
14102,LPLC2,left,acetylcholine,19787,LPLC2,left,7,0.040697674418604654,intra_population
21808,LPLC2,right,acetylcholine,23590,LPLC2,right,7,0.040697674418604654,intra_population
21808,LPLC2,right,acetylcholine,20047,LPLC2,right,7,0.040697674418604654,intra_population
14102,LPLC2,left,acetylcholine,17774,LPLC2,left,7,0.040697674418604654,intra_population
14102,LPLC2,left,acetylcholine,14030,LPLC2,left,7,0.040697674418604654,intra_population
40811,LPLC2,left,acetylcholine,10228,DNp06,left,7,0.040697674418604654,visual_to_readout
29216,LPLC2,right,acetylcholine,37431,LPLC2,right,7,0.040697674418604654,intra_population
20976,LC4,left,acetylcholine,518730,LC4,left,7,0.040697674418604654,intra_population
20976,LC4,left,acetylcholine,524899,LC4,left,7,0.040697674418604654,intra_population
37587,LC4,left,acetylcholine,15018,LC4,left,7,0.040697674418604654,intra_population
20799,LPLC2,left,acetylcholine,24568,LPLC2,left,7,0.040697674418604654,intra_population
22194,LC4,right,acetylcholine,22328,LC4,right,7,0.040697674418604654,intra_population
27355,LPLC2,left,acetylcholine,27399,LPLC2,left,7,0.040697674418604654,intra_population
129687,LPLC2,left,acetylcholine,29319,LPLC2,left,7,0.040697674418604654,intra_population
20917,LC4,right,acetylcholine,19634,LC4,right,7,0.040697674418604654,intra_population
21045,LPLC2,right,acetylcholine,35632,LPLC2,right,7,0.040697674418604654,intra_population
21045,LPLC2,right,acetylcholine,39620,LPLC2,right,7,0.040697674418604654,intra_population
22975,LC4,right,acetylcholine,23929,LC4,right,7,0.040697674418604654,intra_population
100103,LPLC2,left,acetylcholine,19830,LPLC2,left,7,0.040697674418604654,intra_population
77614,LC4,left,acetylcholine,33137,LC4,left,7,0.040697674418604654,intra_population
77614,LC4,left,acetylcholine,35262,LC4,left,7,0.040697674418604654,intra_population
21336,LC4,right,acetylcholine,22034,LC4,right,7,0.040697674418604654,intra_population
27355,LPLC2,left,acetylcholine,524366,LPLC2,left,7,0.040697674418604654,intra_population
37587,LC4,left,acetylcholine,30087,LC4,left,7,0.040697674418604654,intra_population
13764,LPLC2,left,acetylcholine,33303,LPLC2,left,7,0.040697674418604654,intra_population
21336,LC4,right,acetylcholine,17668,LC4,right,7,0.040697674418604654,intra_population
21336,LC4,right,acetylcholine,17548,LC4,right,7,0.040697674418604654,intra_population
81112,LC4,left,acetylcholine,20859,LC4,left,7,0.040697674418604654,intra_population
81112,LC4,left,acetylcholine,22922,LC4,left,7,0.040697674418604654,intra_population
27355,LPLC2,left,acetylcholine,28188,LPLC2,left,7,0.040697674418604654,intra_population
21336,LC4,right,acetylcholine,16128,LC4,right,7,0.040697674418604654,intra_population
81112,LC4,left,acetylcholine,33137,LC4,left,7,0.040697674418604654,intra_population
29014,LPLC2,right,acetylcholine,34110,LPLC2,right,7,0.040697674418604654,intra_population
21862,LPLC2,right,acetylcholine,23497,LPLC2,right,7,0.040697674418604654,intra_population
21862,LPLC2,right,acetylcholine,25497,LPLC2,right,7,0.040697674418604654,intra_population
17987,LC4,right,acetylcholine,17054,LC4,right,7,0.040697674418604654,intra_population
20859,LC4,left,acetylcholine,512705,LC4,left,7,0.040697674418604654,intra_population
37587,LC4,left,acetylcholine,518439,LC4,left,7,0.040697674418604654,intra_population
134521,LPLC2,left,acetylcholine,525844,LPLC2,left,7,0.040697674418604654,intra_population
134521,LPLC2,left,acetylcholine,129687,LPLC2,left,7,0.040697674418604654,intra_population
37613,LPLC2,right,acetylcholine,21808,LPLC2,right,7,0.040697674418604654,intra_population
20799,LPLC2,left,acetylcholine,517079,LPLC2,left,7,0.040697674418604654,intra_population
20799,LPLC2,left,acetylcholine,518731,LPLC2,left,7,0.040697674418604654,intra_population
20799,LPLC2,left,acetylcholine,531014,LPLC2,left,7,0.040697674418604654,intra_population
26915,LPLC2,right,acetylcholine,23878,LPLC2,right,7,0.040697674418604654,intra_population
26915,LPLC2,right,acetylcholine,25253,LPLC2,right,7,0.040697674418604654,intra_population
134521,LPLC2,left,acetylcholine,26416,LPLC2,left,7,0.040697674418604654,intra_population
20917,LC4,right,acetylcholine,21225,LC4,right,7,0.040697674418604654,intra_population
14102,LPLC2,left,acetylcholine,22253,LPLC2,left,7,0.040697674418604654,intra_population
27471,LPLC2,right,acetylcholine,18189,LC4,right,7,0.040697674418604654,cross_visual
20859,LC4,left,acetylcholine,18478,LC4,left,7,0.040697674418604654,intra_population
21899,LPLC2,right,acetylcholine,14465,LPLC2,right,7,0.040697674418604654,intra_population
28980,LC4,left,acetylcholine,524899,LC4,left,7,0.040697674418604654,intra_population
37925,LPLC2,right,acetylcholine,50287,LPLC2,right,7,0.040697674418604654,intra_population
13726,LPLC2,left,acetylcholine,517078,LPLC2,left,7,0.040697674418604654,intra_population
14102,LPLC2,left,acetylcholine,21299,LPLC2,left,7,0.040697674418604654,intra_population
34655,LPLC2,left,acetylcholine,134521,LPLC2,left,7,0.040697674418604654,intra_population
34407,LPLC2,left,acetylcholine,25575,LPLC2,left,7,0.040697674418604654,intra_population
23247,LPLC2,left,acetylcholine,17774,LPLC2,left,7,0.040697674418604654,intra_population
23349,LPLC2,left,acetylcholine,25524,LPLC2,left,7,0.040697674418604654,intra_population
20240,LPLC2,left,acetylcholine,95241,LPLC2,left,7,0.040697674418604654,intra_population
517079,LPLC2,left,acetylcholine,22557,LPLC2,left,7,0.040697674418604654,intra_population
20240,LPLC2,left,acetylcholine,24605,LPLC2,left,7,0.040697674418604654,intra_population
23497,LPLC2,right,acetylcholine,26915,LPLC2,right,7,0.040697674418604654,intra_population
20329,LPLC2,left,acetylcholine,17774,LPLC2,left,7,0.040697674418604654,intra_population
20329,LPLC2,left,acetylcholine,17059,LPLC2,left,7,0.040697674418604654,intra_population
23098,LC4,right,acetylcholine,16128,LC4,right,7,0.040697674418604654,intra_population
34681,LPLC2,right,acetylcholine,11137,DNp04,right,7,0.040697674418604654,visual_to_readout
20329,LPLC2,left,acetylcholine,32737,LPLC2,left,7,0.040697674418604654,intra_population
23098,LC4,right,acetylcholine,17860,LC4,right,7,0.040697674418604654,intra_population
20269,LPLC2,right,acetylcholine,21808,LPLC2,right,7,0.040697674418604654,intra_population
34407,LPLC2,left,acetylcholine,20329,LPLC2,left,7,0.040697674418604654,intra_population
17270,LC4,left,acetylcholine,17478,LC4,left,7,0.040697674418604654,intra_population
20440,LC4,left,acetylcholine,17653,LC4,left,7,0.040697674418604654,intra_population
26528,LPLC2,left,acetylcholine,25572,LPLC2,left,7,0.040697674418604654,intra_population
23392,LC4,right,acetylcholine,26112,LC4,right,7,0.040697674418604654,intra_population
26416,LPLC2,left,acetylcholine,28188,LPLC2,left,7,0.040697674418604654,intra_population
517819,LPLC2,left,acetylcholine,18936,LPLC2,left,7,0.040697674418604654,intra_population
23202,LC4,left,acetylcholine,17478,LC4,left,7,0.040697674418604654,intra_population
34655,LPLC2,left,acetylcholine,33303,LPLC2,left,7,0.040697674418604654,intra_population
17653,LC4,left,acetylcholine,20572,LC4,left,7,0.040697674418604654,intra_population
517079,LPLC2,left,acetylcholine,17990,LPLC2,left,7,0.040697674418604654,intra_population
23349,LPLC2,left,acetylcholine,20240,LPLC2,left,7,0.040697674418604654,intra_population
20240,LPLC2,left,acetylcholine,29815,LPLC2,left,7,0.040697674418604654,intra_population
524899,LC4,left,acetylcholine,18478,LC4,left,7,0.040697674418604654,intra_population
20329,LPLC2,left,acetylcholine,23349,LPLC2,left,7,0.040697674418604654,intra_population
517079,LPLC2,left,acetylcholine,28011,LPLC2,left,7,0.040697674418604654,intra_population
515971,LPLC2,left,acetylcholine,524366,LPLC2,left,7,0.040697674418604654,intra_population
517079,LPLC2,left,acetylcholine,26528,LPLC2,left,7,0.040697674418604654,intra_population
23247,LPLC2,left,acetylcholine,526286,LC4,left,7,0.040697674418604654,cross_visual
18127,LC4,right,acetylcholine,21287,LC4,right,7,0.040697674418604654,intra_population
20334,LPLC2,right,acetylcholine,18672,LPLC2,right,7,0.040697674418604654,intra_population
23349,LPLC2,left,acetylcholine,25854,LPLC2,left,7,0.040697674418604654,intra_population
23349,LPLC2,left,acetylcholine,25572,LPLC2,left,7,0.040697674418604654,intra_population
517078,LPLC2,left,acetylcholine,95241,LPLC2,left,7,0.040697674418604654,intra_population
23497,LPLC2,right,acetylcholine,39620,LPLC2,right,7,0.040697674418604654,intra_population
18127,LC4,right,acetylcholine,23098,LC4,right,7,0.040697674418604654,intra_population
517079,LPLC2,left,acetylcholine,22253,LPLC2,left,7,0.040697674418604654,intra_population
34110,LPLC2,right,acetylcholine,35680,LPLC2,right,7,0.040697674418604654,intra_population
23497,LPLC2,right,acetylcholine,35680,LPLC2,right,7,0.040697674418604654,intra_population
23247,LPLC2,left,acetylcholine,18900,LPLC2,left,7,0.040697674418604654,intra_population
27716,LPLC2,left,acetylcholine,23247,LPLC2,left,7,0.040697674418604654,intra_population
23247,LPLC2,left,acetylcholine,25286,LPLC2,left,7,0.040697674418604654,intra_population
34110,LPLC2,right,acetylcholine,10584,DNp06,right,7,0.040697674418604654,visual_to_readout
23226,LC4,left,acetylcholine,520449,LC4,left,7,0.040697674418604654,intra_population
20399,LC4,right,acetylcholine,21804,LC4,right,7,0.040697674418604654,intra_population
12824,LC4,left,acetylcholine,14888,LC4,left,7,0.040697674418604654,intra_population
20240,LPLC2,left,acetylcholine,531014,LPLC2,left,7,0.040697674418604654,intra_population
20282,LC4,right,acetylcholine,30803,LC4,right,7,0.040697674418604654,intra_population
20282,LC4,right,acetylcholine,29563,LC4,right,7,0.040697674418604654,intra_population
515971,LPLC2,left,acetylcholine,533895,LPLC2,left,7,0.040697674418604654,intra_population
14465,LPLC2,right,acetylcholine,20749,LPLC2,right,7,0.040697674418604654,intra_population
23497,LPLC2,right,acetylcholine,21808,LPLC2,right,7,0.040697674418604654,intra_population
18189,LC4,right,acetylcholine,17054,LC4,right,7,0.040697674418604654,intra_population
23247,LPLC2,left,acetylcholine,17775,LPLC2,left,7,0.040697674418604654,intra_population
33965,LPLC2,left,acetylcholine,23919,LPLC2,left,7,0.040697674418604654,intra_population
28871,LPLC2,right,acetylcholine,24187,LPLC2,right,7,0.040697674418604654,intra_population
27716,LPLC2,left,acetylcholine,29702,LPLC2,left,7,0.040697674418604654,intra_population
20399,LC4,right,acetylcholine,24338,LC4,right,7,0.040697674418604654,intra_population
517079,LPLC2,left,acetylcholine,536444,LPLC2,left,7,0.040697674418604654,intra_population
23497,LPLC2,right,acetylcholine,20269,LPLC2,right,7,0.040697674418604654,intra_population
20334,LPLC2,right,acetylcholine,19549,LPLC2,right,7,0.040697674418604654,intra_population
28871,LPLC2,right,acetylcholine,24118,LPLC2,right,7,0.040697674418604654,intra_population
23497,LPLC2,right,acetylcholine,17364,LC4,right,7,0.040697674418604654,cross_visual
517078,LPLC2,left,acetylcholine,10228,DNp06,left,7,0.040697674418604654,visual_to_readout
34655,LPLC2,left,acetylcholine,520764,LPLC2,left,7,0.040697674418604654,intra_population
23349,LPLC2,left,acetylcholine,31563,LPLC2,left,7,0.040697674418604654,intra_population
26416,LPLC2,left,acetylcholine,515971,LPLC2,left,7,0.040697674418604654,intra_population
20240,LPLC2,left,acetylcholine,518731,LPLC2,left,7,0.040697674418604654,intra_population
516909,LC4,left,acetylcholine,20976,LC4,left,7,0.040697674418604654,intra_population
23247,LPLC2,left,acetylcholine,14102,LPLC2,left,7,0.040697674418604654,intra_population
20399,LC4,right,acetylcholine,16128,LC4,right,7,0.040697674418604654,intra_population
23392,LC4,right,acetylcholine,20673,LC4,right,7,0.040697674418604654,intra_population
34655,LPLC2,left,acetylcholine,29702,LPLC2,left,7,0.040697674418604654,intra_population
18396,LC4,left,acetylcholine,27750,LC4,left,7,0.040697674418604654,intra_population
23226,LC4,left,acetylcholine,17478,LC4,left,7,0.040697674418604654,intra_population
12824,LC4,left,acetylcholine,518983,LC4,left,7,0.040697674418604654,intra_population
20329,LPLC2,left,acetylcholine,25524,LPLC2,left,7,0.040697674418604654,intra_population
20334,LPLC2,right,acetylcholine,25267,LPLC2,right,7,0.040697674418604654,intra_population
27716,LPLC2,left,acetylcholine,28188,LPLC2,left,7,0.040697674418604654,intra_population
23349,LPLC2,left,acetylcholine,517079,LPLC2,left,7,0.040697674418604654,intra_population
23349,LPLC2,left,acetylcholine,518731,LPLC2,left,7,0.040697674418604654,intra_population
23392,LC4,right,acetylcholine,19954,LC4,right,7,0.040697674418604654,intra_population
23202,LC4,left,acetylcholine,31308,LC4,left,7,0.040697674418604654,intra_population
17551,LPLC2,right,acetylcholine,25636,LPLC2,right,7,0.040697674418604654,intra_population
23349,LPLC2,left,acetylcholine,533895,LPLC2,left,7,0.040697674418604654,intra_population
34051,LPLC2,left,acetylcholine,25209,LPLC2,left,7,0.040697674418604654,intra_population
34051,LPLC2,left,acetylcholine,25286,LPLC2,left,7,0.040697674418604654,intra_population
12384,LPLC2,left,acetylcholine,518983,LC4,left,7,0.040697674418604654,cross_visual
34407,LPLC2,left,acetylcholine,533895,LPLC2,left,7,0.040697674418604654,intra_population
29183,LPLC2,right,acetylcholine,24401,LPLC2,right,7,0.040697674418604654,intra_population
23349,LPLC2,left,acetylcholine,517078,LPLC2,left,7,0.040697674418604654,intra_population
81112,LC4,left,acetylcholine,518983,LC4,left,7,0.040697674418604654,intra_population
26915,LPLC2,right,acetylcholine,11137,DNp04,right,7,0.040697674418604654,visual_to_readout
20694,LPLC2,right,acetylcholine,20182,LPLC2,right,7,0.040697674418604654,intra_population
20694,LPLC2,right,acetylcholine,20584,LPLC2,right,7,0.040697674418604654,intra_population
17774,LPLC2,left,acetylcholine,95241,LPLC2,left,7,0.040697674418604654,intra_population
27471,LPLC2,right,acetylcholine,28741,LPLC2,right,7,0.040697674418604654,intra_population
20694,LPLC2,right,acetylcholine,22677,LPLC2,right,7,0.040697674418604654,intra_population
26915,LPLC2,right,acetylcholine,10584,DNp06,right,7,0.040697674418604654,visual_to_readout
22253,LPLC2,left,acetylcholine,17774,LPLC2,left,7,0.040697674418604654,intra_population
27471,LPLC2,right,acetylcholine,26730,LPLC2,right,7,0.040697674418604654,intra_population
27471,LPLC2,right,acetylcholine,25636,LPLC2,right,7,0.040697674418604654,intra_population
27471,LPLC2,right,acetylcholine,25497,LPLC2,right,7,0.040697674418604654,intra_population
17990,LPLC2,left,acetylcholine,33303,LPLC2,left,7,0.040697674418604654,intra_population
22253,LPLC2,left,acetylcholine,11498,LPLC2,left,7,0.040697674418604654,intra_population
20749,LPLC2,right,acetylcholine,19146,LPLC2,right,7,0.040697674418604654,intra_population
20749,LPLC2,right,acetylcholine,19249,LPLC2,right,7,0.040697674418604654,intra_population
37431,LPLC2,right,acetylcholine,26147,LPLC2,right,7,0.040697674418604654,intra_population
22557,LPLC2,left,acetylcholine,15804,LPLC2,left,7,0.040697674418604654,intra_population
512366,LC4,left,acetylcholine,31429,LC4,left,7,0.040697674418604654,intra_population
512366,LC4,left,acetylcholine,31301,LC4,left,7,0.040697674418604654,intra_population
512366,LC4,left,acetylcholine,30087,LC4,left,7,0.040697674418604654,intra_population
37431,LPLC2,right,acetylcholine,28044,LPLC2,right,7,0.040697674418604654,intra_population
17990,LPLC2,left,acetylcholine,18900,LPLC2,left,7,0.040697674418604654,intra_population
20584,LPLC2,right,acetylcholine,21045,LPLC2,right,7,0.040697674418604654,intra_population
29391,LPLC2,right,acetylcholine,21808,LPLC2,right,7,0.040697674418604654,intra_population
22847,LC4,right,acetylcholine,21804,LC4,right,7,0.040697674418604654,intra_population
515971,LPLC2,left,acetylcholine,20240,LPLC2,left,7,0.040697674418604654,intra_population
26528,LPLC2,left,acetylcholine,29319,LPLC2,left,7,0.040697674418604654,intra_population
22922,LC4,left,acetylcholine,516909,LC4,left,7,0.040697674418604654,intra_population
17653,LC4,left,acetylcholine,516909,LC4,left,7,0.040697674418604654,intra_population
515971,LPLC2,left,acetylcholine,13726,LPLC2,left,7,0.040697674418604654,intra_population
20535,LPLC2,right,acetylcholine,23590,LPLC2,right,7,0.040697674418604654,intra_population
22922,LC4,left,acetylcholine,10228,DNp06,left,7,0.040697674418604654,visual_to_readout
515900,LC4,left,acetylcholine,518544,LC4,left,7,0.040697674418604654,intra_population
515900,LC4,left,acetylcholine,516909,LC4,left,7,0.040697674418604654,intra_population
35262,LC4,left,acetylcholine,18432,LC4,left,7,0.040697674418604654,intra_population
20584,LPLC2,right,acetylcholine,20749,LPLC2,right,7,0.040697674418604654,intra_population
22847,LC4,right,acetylcholine,19634,LC4,right,7,0.040697674418604654,intra_population
14465,LPLC2,right,acetylcholine,19249,LPLC2,right,7,0.040697674418604654,intra_population
20535,LPLC2,right,acetylcholine,20047,LPLC2,right,7,0.040697674418604654,intra_population
20535,LPLC2,right,acetylcholine,20162,LPLC2,right,7,0.040697674418604654,intra_population
515900,LC4,left,acetylcholine,17270,LC4,left,7,0.040697674418604654,intra_population
20535,LPLC2,right,acetylcholine,20584,LPLC2,right,7,0.040697674418604654,intra_population
22772,LC4,left,acetylcholine,516909,LC4,left,7,0.040697674418604654,intra_population
18127,LC4,right,acetylcholine,16628,LC4,right,7,0.040697674418604654,intra_population
515476,LC4,left,acetylcholine,514956,LC4,left,7,0.040697674418604654,intra_population
17990,LPLC2,left,acetylcholine,17774,LPLC2,left,7,0.040697674418604654,intra_population
37431,LPLC2,right,acetylcholine,29287,LPLC2,right,7,0.040697674418604654,intra_population
512366,LC4,left,acetylcholine,27750,LC4,left,7,0.040697674418604654,intra_population
20673,LC4,right,acetylcholine,21336,LC4,right,7,0.040697674418604654,intra_population
35838,LPLC2,right,acetylcholine,22194,LC4,right,7,0.040697674418604654,cross_visual
20588,LC4,right,acetylcholine,20282,LC4,right,7,0.040697674418604654,intra_population
514508,LC4,left,acetylcholine,517752,LC4,left,7,0.040697674418604654,intra_population
22261,LPLC2,right,acetylcholine,25253,LPLC2,right,7,0.040697674418604654,intra_population
29319,LPLC2,left,acetylcholine,10228,DNp06,left,7,0.040697674418604654,visual_to_readout
20673,LC4,right,acetylcholine,17266,LC4,right,7,0.040697674418604654,intra_population
22261,LPLC2,right,acetylcholine,20162,LPLC2,right,7,0.040697674418604654,intra_population
22261,LPLC2,right,acetylcholine,19229,LPLC2,right,7,0.040697674418604654,intra_population
22253,LPLC2,left,acetylcholine,521115,LPLC2,left,7,0.040697674418604654,intra_population
27471,LPLC2,right,acetylcholine,35889,LPLC2,right,7,0.040697674418604654,intra_population
37431,LPLC2,right,acetylcholine,29598,LPLC2,right,7,0.040697674418604654,intra_population
35889,LPLC2,right,acetylcholine,25511,LPLC2,right,7,0.040697674418604654,intra_population
27471,LPLC2,right,acetylcholine,35632,LPLC2,right,7,0.040697674418604654,intra_population
22253,LPLC2,left,acetylcholine,517079,LPLC2,left,7,0.040697674418604654,intra_population
20694,LPLC2,right,acetylcholine,10584,DNp06,right,7,0.040697674418604654,visual_to_readout
20240,LPLC2,left,acetylcholine,19830,LPLC2,left,7,0.040697674418604654,intra_population
23497,LPLC2,right,acetylcholine,28871,LPLC2,right,7,0.040697674418604654,intra_population
18432,LC4,left,acetylcholine,17653,LC4,left,7,0.040697674418604654,intra_population
21318,LPLC2,right,acetylcholine,22677,LPLC2,right,7,0.040697674418604654,intra_population
24568,LPLC2,left,acetylcholine,26528,LPLC2,left,7,0.040697674418604654,intra_population
514670,LPLC2,left,acetylcholine,12384,LPLC2,left,7,0.040697674418604654,intra_population
29319,LPLC2,left,acetylcholine,24840,LPLC2,left,7,0.040697674418604654,intra_population
35838,LPLC2,right,acetylcholine,20535,LPLC2,right,7,0.040697674418604654,intra_population
13726,LPLC2,left,acetylcholine,23247,LPLC2,left,7,0.040697674418604654,intra_population
27471,LPLC2,right,acetylcholine,22261,LPLC2,right,7,0.040697674418604654,intra_population
13726,LPLC2,left,acetylcholine,31563,LPLC2,left,7,0.040697674418604654,intra_population
511914,LC4,left,acetylcholine,518730,LC4,left,7,0.040697674418604654,intra_population
22218,LPLC2,right,acetylcholine,28003,LPLC2,right,7,0.040697674418604654,intra_population
22218,LPLC2,right,acetylcholine,27566,LPLC2,right,7,0.040697674418604654,intra_population
26915,LPLC2,right,acetylcholine,19608,LPLC2,right,7,0.040697674418604654,intra_population
22253,LPLC2,left,acetylcholine,26528,LPLC2,left,7,0.040697674418604654,intra_population
20694,LPLC2,right,acetylcholine,19589,LPLC2,right,7,0.040697674418604654,intra_population
20694,LPLC2,right,acetylcholine,18929,LPLC2,right,7,0.040697674418604654,intra_population
22253,LPLC2,left,acetylcholine,95241,LPLC2,left,7,0.040697674418604654,intra_population
26730,LPLC2,right,acetylcholine,20584,LPLC2,right,7,0.040697674418604654,intra_population
35680,LPLC2,right,acetylcholine,31257,LPLC2,right,7,0.040697674418604654,intra_population
14102,LPLC2,left,acetylcholine,514670,LPLC2,left,7,0.040697674418604654,intra_population
514670,LPLC2,left,acetylcholine,19830,LPLC2,left,7,0.040697674418604654,intra_population
35680,LPLC2,right,acetylcholine,55627,LPLC2,right,7,0.040697674418604654,intra_population
13726,LPLC2,left,acetylcholine,21361,LPLC2,left,7,0.040697674418604654,intra_population
514670,LPLC2,left,acetylcholine,18900,LPLC2,left,7,0.040697674418604654,intra_population
13726,LPLC2,left,acetylcholine,22557,LPLC2,left,7,0.040697674418604654,intra_population
26730,LPLC2,right,acetylcholine,21769,LPLC2,right,7,0.040697674418604654,intra_population
28871,LPLC2,right,acetylcholine,26147,LPLC2,right,7,0.040697674418604654,intra_population
22328,LC4,right,acetylcholine,22194,LC4,right,7,0.040697674418604654,intra_population
34681,LPLC2,right,acetylcholine,30938,LPLC2,right,7,0.040697674418604654,intra_population
21562,LPLC2,right,acetylcholine,25253,LPLC2,right,7,0.040697674418604654,intra_population
29216,LPLC2,right,acetylcholine,20182,LPLC2,right,7,0.040697674418604654,intra_population
21562,LPLC2,right,acetylcholine,35889,LPLC2,right,7,0.040697674418604654,intra_population
17059,LPLC2,left,acetylcholine,515971,LPLC2,left,7,0.040697674418604654,intra_population
107513,LC4,left,acetylcholine,30087,LC4,left,7,0.040697674418604654,intra_population
21562,LPLC2,right,acetylcholine,29287,LPLC2,right,7,0.040697674418604654,intra_population
107513,LC4,left,acetylcholine,17608,LC4,left,7,0.040697674418604654,intra_population
17266,LC4,right,acetylcholine,17364,LC4,right,7,0.040697674418604654,intra_population
27355,LPLC2,left,acetylcholine,13726,LPLC2,left,7,0.040697674418604654,intra_population
100485,LC4,left,acetylcholine,14888,LC4,left,7,0.040697674418604654,intra_population
21165,LC4,right,acetylcholine,21225,LC4,right,7,0.040697674418604654,intra_population
14030,LPLC2,left,acetylcholine,20799,LPLC2,left,7,0.040697674418604654,intra_population
50287,LPLC2,right,acetylcholine,55627,LPLC2,right,7,0.040697674418604654,intra_population
21562,LPLC2,right,acetylcholine,10584,DNp06,right,7,0.040697674418604654,visual_to_readout
29183,LPLC2,right,acetylcholine,29216,LPLC2,right,7,0.040697674418604654,intra_population
21361,LPLC2,left,acetylcholine,517078,LPLC2,left,7,0.040697674418604654,intra_population
13132,LPLC2,left,acetylcholine,11498,LPLC2,left,7,0.040697674418604654,intra_population
21225,LC4,right,acetylcholine,16628,LC4,right,7,0.040697674418604654,intra_population
27355,LPLC2,left,acetylcholine,25136,LPLC2,left,7,0.040697674418604654,intra_population
21225,LC4,right,acetylcholine,21165,LC4,right,7,0.040697674418604654,intra_population
14030,LPLC2,left,acetylcholine,21361,LPLC2,left,7,0.040697674418604654,intra_population
21151,LC4,right,acetylcholine,23098,LC4,right,7,0.040697674418604654,intra_population
27399,LPLC2,left,acetylcholine,23550,LPLC2,left,7,0.040697674418604654,intra_population
29216,LPLC2,right,acetylcholine,21336,LC4,right,7,0.040697674418604654,cross_visual
21703,LPLC2,right,acetylcholine,18127,LC4,right,7,0.040697674418604654,cross_visual
13764,LPLC2,left,acetylcholine,134521,LPLC2,left,7,0.040697674418604654,intra_population
21318,LPLC2,right,acetylcholine,20749,LPLC2,right,7,0.040697674418604654,intra_population
22966,LC4,right,acetylcholine,24338,LC4,right,7,0.040697674418604654,intra_population
21318,LPLC2,right,acetylcholine,19249,LPLC2,right,7,0.040697674418604654,intra_population
21318,LPLC2,right,acetylcholine,17551,LPLC2,right,7,0.040697674418604654,intra_population
21318,LPLC2,right,acetylcholine,17548,LC4,right,7,0.040697674418604654,cross_visual
17880,LPLC2,left,acetylcholine,24568,LPLC2,left,7,0.040697674418604654,intra_population
95241,LPLC2,left,acetylcholine,24605,LPLC2,left,7,0.040697674418604654,intra_population
21313,LC4,right,acetylcholine,38065,LC4,right,7,0.040697674418604654,intra_population
95241,LPLC2,left,acetylcholine,23247,LPLC2,left,7,0.040697674418604654,intra_population
27355,LPLC2,left,acetylcholine,31105,LPLC2,left,7,0.040697674418604654,intra_population
95241,LPLC2,left,acetylcholine,17774,LPLC2,left,7,0.040697674418604654,intra_population
95241,LPLC2,left,acetylcholine,19787,LPLC2,left,7,0.040697674418604654,intra_population
21361,LPLC2,left,acetylcholine,17059,LPLC2,left,7,0.040697674418604654,intra_population
41097,LPLC2,left,acetylcholine,29753,LPLC2,left,7,0.040697674418604654,intra_population
21562,LPLC2,right,acetylcholine,26147,LPLC2,right,7,0.040697674418604654,intra_population
41097,LPLC2,left,acetylcholine,31105,LPLC2,left,7,0.040697674418604654,intra_population
41097,LPLC2,left,acetylcholine,34655,LPLC2,left,7,0.040697674418604654,intra_population
21703,LPLC2,right,acetylcholine,20535,LPLC2,right,7,0.040697674418604654,intra_population
77614,LC4,left,acetylcholine,12349,LC4,left,7,0.040697674418604654,intra_population
29014,LPLC2,right,acetylcholine,29216,LPLC2,right,7,0.040697674418604654,intra_population
20535,LPLC2,right,acetylcholine,24118,LPLC2,right,7,0.040697674418604654,intra_population
35680,LPLC2,right,acetylcholine,11137,DNp04,right,7,0.040697674418604654,visual_to_readout
35616,LC4,left,acetylcholine,81112,LC4,left,7,0.040697674418604654,intra_population
28945,LC4,right,acetylcholine,10584,DNp06,right,7,0.040697674418604654,visual_to_readout
20572,LC4,left,acetylcholine,23202,LC4,left,7,0.040697674418604654,intra_population
22557,LPLC2,left,acetylcholine,518731,LPLC2,left,7,0.040697674418604654,intra_population
22557,LPLC2,left,acetylcholine,100103,LPLC2,left,7,0.040697674418604654,intra_population
22557,LPLC2,left,acetylcholine,26528,LPLC2,left,7,0.040697674418604654,intra_population
22557,LPLC2,left,acetylcholine,23665,LPLC2,left,7,0.040697674418604654,intra_population
20584,LPLC2,right,acetylcholine,18929,LPLC2,right,7,0.040697674418604654,intra_population
29391,LPLC2,right,acetylcholine,22261,LPLC2,right,7,0.040697674418604654,intra_population
22557,LPLC2,left,acetylcholine,20240,LPLC2,left,7,0.040697674418604654,intra_population
20572,LC4,left,acetylcholine,10228,DNp06,left,7,0.040697674418604654,visual_to_readout
20584,LPLC2,right,acetylcholine,20162,LPLC2,right,7,0.040697674418604654,intra_population
26528,LPLC2,left,acetylcholine,41097,LPLC2,left,7,0.040697674418604654,intra_population
29287,LPLC2,right,acetylcholine,28871,LPLC2,right,7,0.040697674418604654,intra_population
17059,LPLC2,left,acetylcholine,24840,LPLC2,left,7,0.040697674418604654,intra_population
34681,LPLC2,right,acetylcholine,20749,LPLC2,right,7,0.040697674418604654,intra_population
515971,LPLC2,left,acetylcholine,29319,LPLC2,left,7,0.040697674418604654,intra_population
27624,LC4,left,acetylcholine,37587,LC4,left,7,0.040697674418604654,intra_population
34681,LPLC2,right,acetylcholine,25511,LPLC2,right,7,0.040697674418604654,intra_population
21225,LC4,right,acetylcholine,23392,LC4,right,7,0.040697674418604654,intra_population
35616,LC4,left,acetylcholine,27829,LC4,left,7,0.040697674418604654,intra_population
514670,LPLC2,left,acetylcholine,112292,LPLC2,left,7,0.040697674418604654,intra_population
20535,LPLC2,right,acetylcholine,25253,LPLC2,right,7,0.040697674418604654,intra_population
20535,LPLC2,right,acetylcholine,35838,LPLC2,right,7,0.040697674418604654,intra_population
22218,LPLC2,right,acetylcholine,22677,LPLC2,right,7,0.040697674418604654,intra_population
22218,LPLC2,right,acetylcholine,24118,LPLC2,right,7,0.040697674418604654,intra_population
511914,LC4,left,acetylcholine,81112,LC4,left,7,0.040697674418604654,intra_population
26528,LPLC2,left,acetylcholine,531014,LPLC2,left,7,0.040697674418604654,intra_population
515476,LC4,left,acetylcholine,512705,LC4,left,7,0.040697674418604654,intra_population
26528,LPLC2,left,acetylcholine,100103,LPLC2,left,7,0.040697674418604654,intra_population
22772,LC4,left,acetylcholine,28980,LC4,left,7,0.040697674418604654,intra_population
29319,LPLC2,left,acetylcholine,521115,LPLC2,left,7,0.040697674418604654,intra_population
17668,LC4,right,acetylcholine,17926,LC4,right,7,0.040697674418604654,intra_population
29391,LPLC2,right,acetylcholine,23590,LPLC2,right,7,0.040697674418604654,intra_population
27566,LPLC2,right,acetylcholine,29216,LPLC2,right,7,0.040697674418604654,intra_population
35294,LPLC2,left,acetylcholine,10228,DNp06,left,7,0.040697674418604654,visual_to_readout
514956,LC4,left,acetylcholine,515476,LC4,left,7,0.040697674418604654,intra_population
35294,LPLC2,left,acetylcholine,23919,LPLC2,left,7,0.040697674418604654,intra_population
20542,LC4,right,acetylcholine,22847,LC4,right,7,0.040697674418604654,intra_population
26528,LPLC2,left,acetylcholine,518731,LPLC2,left,7,0.040697674418604654,intra_population
20542,LC4,right,acetylcholine,19794,LC4,right,7,0.040697674418604654,intra_population
28871,LPLC2,right,acetylcholine,33439,LPLC2,right,7,0.040697674418604654,intra_population
514956,LC4,left,acetylcholine,35262,LC4,left,7,0.040697674418604654,intra_population
531014,LPLC2,left,acetylcholine,17059,LPLC2,left,6,0.03488372093023256,intra_population
517079,LPLC2,left,acetylcholine,31563,LPLC2,left,6,0.03488372093023256,intra_population
19543,LC4,right,acetylcholine,17364,LC4,right,6,0.03488372093023256,intra_population
28044,LPLC2,right,acetylcholine,22261,LPLC2,right,6,0.03488372093023256,intra_population
20047,LPLC2,right,acetylcholine,20535,LPLC2,right,6,0.03488372093023256,intra_population
11498,LPLC2,left,acetylcholine,95241,LPLC2,left,6,0.03488372093023256,intra_population
518983,LC4,left,acetylcholine,20859,LC4,left,6,0.03488372093023256,intra_population
518983,LC4,left,acetylcholine,23202,LC4,left,6,0.03488372093023256,intra_population
20329,LPLC2,left,acetylcholine,22557,LPLC2,left,6,0.03488372093023256,intra_population
19543,LC4,right,acetylcholine,20282,LC4,right,6,0.03488372093023256,intra_population
27796,LPLC2,left,acetylcholine,134521,LPLC2,left,6,0.03488372093023256,intra_population
527408,LC4,right,acetylcholine,30480,LC4,right,6,0.03488372093023256,intra_population
530029,LC4,left,acetylcholine,27624,LC4,left,6,0.03488372093023256,intra_population
134521,LPLC2,left,acetylcholine,19911,LPLC2,left,6,0.03488372093023256,intra_population
18478,LC4,left,acetylcholine,518544,LC4,left,6,0.03488372093023256,intra_population
11498,LPLC2,left,acetylcholine,24605,LPLC2,left,6,0.03488372093023256,intra_population
530029,LC4,left,acetylcholine,16917,LC4,left,6,0.03488372093023256,intra_population
27399,LPLC2,left,acetylcholine,520764,LPLC2,left,6,0.03488372093023256,intra_population
13132,LPLC2,left,acetylcholine,18936,LPLC2,left,6,0.03488372093023256,intra_population
20047,LPLC2,right,acetylcholine,18672,LPLC2,right,6,0.03488372093023256,intra_population
20471,LPLC2,right,acetylcholine,25316,LPLC2,right,6,0.03488372093023256,intra_population
524366,LPLC2,left,acetylcholine,25136,LPLC2,left,6,0.03488372093023256,intra_population
524366,LPLC2,left,acetylcholine,25209,LPLC2,left,6,0.03488372093023256,intra_population
12032,LC4,left,acetylcholine,100485,LC4,left,6,0.03488372093023256,intra_population
512366,LC4,left,acetylcholine,35262,LC4,left,6,0.03488372093023256,intra_population
512366,LC4,left,acetylcholine,32597,LC4,left,6,0.03488372093023256,intra_population
20749,LPLC2,right,acetylcholine,20047,LPLC2,right,6,0.03488372093023256,intra_population
518983,LC4,left,acetylcholine,518544,LC4,left,6,0.03488372093023256,intra_population
129687,LPLC2,left,acetylcholine,32737,LPLC2,left,6,0.03488372093023256,intra_population
129687,LPLC2,left,acetylcholine,32223,LPLC2,left,6,0.03488372093023256,intra_population
17987,LC4,right,acetylcholine,10584,DNp06,right,6,0.03488372093023256,visual_to_readout
27796,LPLC2,left,acetylcholine,22557,LPLC2,left,6,0.03488372093023256,intra_population
20917,LC4,right,acetylcholine,16128,LC4,right,6,0.03488372093023256,intra_population
17059,LPLC2,left,acetylcholine,95241,LPLC2,left,6,0.03488372093023256,intra_population
13726,LPLC2,left,acetylcholine,531014,LPLC2,left,6,0.03488372093023256,intra_population
17987,LC4,right,acetylcholine,19954,LC4,right,6,0.03488372093023256,intra_population
20282,LC4,right,acetylcholine,19954,LC4,right,6,0.03488372093023256,intra_population
20282,LC4,right,acetylcholine,20808,LC4,right,6,0.03488372093023256,intra_population
28741,LPLC2,right,acetylcholine,39620,LPLC2,right,6,0.03488372093023256,intra_population
27399,LPLC2,left,acetylcholine,40841,LPLC2,left,6,0.03488372093023256,intra_population
18478,LC4,left,acetylcholine,81112,LC4,left,6,0.03488372093023256,intra_population
20047,LPLC2,right,acetylcholine,29216,LPLC2,right,6,0.03488372093023256,intra_population
27399,LPLC2,left,acetylcholine,34051,LPLC2,left,6,0.03488372093023256,intra_population
28044,LPLC2,right,acetylcholine,20535,LPLC2,right,6,0.03488372093023256,intra_population
112292,LPLC2,left,acetylcholine,517819,LPLC2,left,6,0.03488372093023256,intra_population
112292,LPLC2,left,acetylcholine,27355,LPLC2,left,6,0.03488372093023256,intra_population
112292,LPLC2,left,acetylcholine,27023,LPLC2,left,6,0.03488372093023256,intra_population
18396,LC4,left,acetylcholine,16809,LC4,left,6,0.03488372093023256,intra_population
20329,LPLC2,left,acetylcholine,18900,LPLC2,left,6,0.03488372093023256,intra_population
524366,LPLC2,left,acetylcholine,19787,LPLC2,left,6,0.03488372093023256,intra_population
20047,LPLC2,right,acetylcholine,26915,LPLC2,right,6,0.03488372093023256,intra_population
20967,LC4,left,acetylcholine,518544,LC4,left,6,0.03488372093023256,intra_population
20047,LPLC2,right,acetylcholine,28044,LPLC2,right,6,0.03488372093023256,intra_population
20329,LPLC2,left,acetylcholine,28188,LPLC2,left,6,0.03488372093023256,intra_population
27399,LPLC2,left,acetylcholine,536444,LPLC2,left,6,0.03488372093023256,intra_population
20859,LC4,left,acetylcholine,519650,LC4,left,6,0.03488372093023256,intra_population
20047,LPLC2,right,acetylcholine,18929,LPLC2,right,6,0.03488372093023256,intra_population
20047,LPLC2,right,acetylcholine,19249,LPLC2,right,6,0.03488372093023256,intra_population
11498,LPLC2,left,acetylcholine,514670,LPLC2,left,6,0.03488372093023256,intra_population
20329,LPLC2,left,acetylcholine,24568,LPLC2,left,6,0.03488372093023256,intra_population
20859,LC4,left,acetylcholine,31308,LC4,left,6,0.03488372093023256,intra_population
19543,LC4,right,acetylcholine,22847,LC4,right,6,0.03488372093023256,intra_population
18900,LPLC2,left,acetylcholine,517079,LPLC2,left,6,0.03488372093023256,intra_population
19543,LC4,right,acetylcholine,21336,LC4,right,6,0.03488372093023256,intra_population
129687,LPLC2,left,acetylcholine,533895,LPLC2,left,6,0.03488372093023256,intra_population
20808,LC4,right,acetylcholine,24338,LC4,right,6,0.03488372093023256,intra_population
517079,LPLC2,left,acetylcholine,33303,LPLC2,left,6,0.03488372093023256,intra_population
531014,LPLC2,left,acetylcholine,20240,LPLC2,left,6,0.03488372093023256,intra_population
19260,LC4,right,acetylcholine,17926,LC4,right,6,0.03488372093023256,intra_population
520449,LC4,left,acetylcholine,532254,LC4,left,6,0.03488372093023256,intra_population
515476,LC4,left,acetylcholine,17653,LC4,left,6,0.03488372093023256,intra_population
27829,LC4,left,acetylcholine,22922,LC4,left,6,0.03488372093023256,intra_population
515476,LC4,left,acetylcholine,21721,LC4,left,6,0.03488372093023256,intra_population
515900,LC4,left,acetylcholine,518016,LC4,left,6,0.03488372093023256,intra_population
19842,LPLC2,right,acetylcholine,14465,LPLC2,right,6,0.03488372093023256,intra_population
515900,LC4,left,acetylcholine,29417,LC4,left,6,0.03488372093023256,intra_population
20542,LC4,right,acetylcholine,18127,LC4,right,6,0.03488372093023256,intra_population
515476,LC4,left,acetylcholine,32597,LC4,left,6,0.03488372093023256,intra_population
28871,LPLC2,right,acetylcholine,31964,LPLC2,right,6,0.03488372093023256,intra_population
20535,LPLC2,right,acetylcholine,21808,LPLC2,right,6,0.03488372093023256,intra_population
20572,LC4,left,acetylcholine,20859,LC4,left,6,0.03488372093023256,intra_population
27566,LPLC2,right,acetylcholine,30041,LPLC2,right,6,0.03488372093023256,intra_population
520764,LPLC2,left,acetylcholine,30512,LPLC2,left,6,0.03488372093023256,intra_population
515900,LC4,left,acetylcholine,24523,LC4,left,6,0.03488372093023256,intra_population
28871,LPLC2,right,acetylcholine,32507,LPLC2,right,6,0.03488372093023256,intra_population
20535,LPLC2,right,acetylcholine,31964,LPLC2,right,6,0.03488372093023256,intra_population
13726,LPLC2,left,acetylcholine,13764,LPLC2,left,6,0.03488372093023256,intra_population
514670,LPLC2,left,acetylcholine,536444,LPLC2,left,6,0.03488372093023256,intra_population
19787,LPLC2,left,acetylcholine,29955,LPLC2,left,6,0.03488372093023256,intra_population
19794,LC4,right,acetylcholine,20016,LC4,right,6,0.03488372093023256,intra_population
521115,LPLC2,left,acetylcholine,27355,LPLC2,left,6,0.03488372093023256,intra_population
20471,LPLC2,right,acetylcholine,19034,LPLC2,right,6,0.03488372093023256,intra_population
16917,LC4,left,acetylcholine,518016,LC4,left,6,0.03488372093023256,intra_population
521115,LPLC2,left,acetylcholine,23919,LPLC2,left,6,0.03488372093023256,intra_population
521115,LPLC2,left,acetylcholine,24308,LPLC2,left,6,0.03488372093023256,intra_population
521115,LPLC2,left,acetylcholine,24840,LPLC2,left,6,0.03488372093023256,intra_population
19830,LPLC2,left,acetylcholine,517078,LPLC2,left,6,0.03488372093023256,intra_population
19787,LPLC2,left,acetylcholine,518731,LPLC2,left,6,0.03488372093023256,intra_population
20572,LC4,left,acetylcholine,12824,LC4,left,6,0.03488372093023256,intra_population
514956,LC4,left,acetylcholine,27624,LC4,left,6,0.03488372093023256,intra_population
514956,LC4,left,acetylcholine,111787,LC4,left,6,0.03488372093023256,intra_population
18127,LC4,right,acetylcholine,18189,LC4,right,6,0.03488372093023256,intra_population
515900,LC4,left,acetylcholine,518730,LC4,left,6,0.03488372093023256,intra_population
28188,LPLC2,left,acetylcholine,19787,LPLC2,left,6,0.03488372093023256,intra_population
28871,LPLC2,right,acetylcholine,29014,LPLC2,right,6,0.03488372093023256,intra_population
20542,LC4,right,acetylcholine,10584,DNp06,right,6,0.03488372093023256,visual_to_readout
20542,LC4,right,acetylcholine,17266,LC4,right,6,0.03488372093023256,intra_population
19787,LPLC2,left,acetylcholine,18900,LPLC2,left,6,0.03488372093023256,intra_population
514670,LPLC2,left,acetylcholine,31563,LPLC2,left,6,0.03488372093023256,intra_population
19842,LPLC2,right,acetylcholine,20694,LPLC2,right,6,0.03488372093023256,intra_population
514670,LPLC2,left,acetylcholine,20329,LPLC2,left,6,0.03488372093023256,intra_population
20471,LPLC2,right,acetylcholine,19146,LPLC2,right,6,0.03488372093023256,intra_population
17990,LPLC2,left,acetylcholine,29815,LPLC2,left,6,0.03488372093023256,intra_population
19787,LPLC2,left,acetylcholine,27355,LPLC2,left,6,0.03488372093023256,intra_population
524366,LPLC2,left,acetylcholine,29955,LPLC2,left,6,0.03488372093023256,intra_population
13726,LPLC2,left,acetylcholine,18900,LPLC2,left,6,0.03488372093023256,intra_population
515971,LPLC2,left,acetylcholine,25575,LPLC2,left,6,0.03488372093023256,intra_population
19787,LPLC2,left,acetylcholine,23247,LPLC2,left,6,0.03488372093023256,intra_population
19787,LPLC2,left,acetylcholine,22557,LPLC2,left,6,0.03488372093023256,intra_population
28044,LPLC2,right,acetylcholine,35680,LPLC2,right,6,0.03488372093023256,intra_population
18127,LC4,right,acetylcholine,19550,LC4,right,6,0.03488372093023256,intra_population
19787,LPLC2,left,acetylcholine,18936,LPLC2,left,6,0.03488372093023256,intra_population
524366,LPLC2,left,acetylcholine,27750,LC4,left,6,0.03488372093023256,cross_visual
20471,LPLC2,right,acetylcholine,19608,LPLC2,right,6,0.03488372093023256,intra_population
19842,LPLC2,right,acetylcholine,20584,LPLC2,right,6,0.03488372093023256,intra_population
515900,LC4,left,acetylcholine,20440,LC4,left,6,0.03488372093023256,intra_population
20471,LPLC2,right,acetylcholine,21862,LPLC2,right,6,0.03488372093023256,intra_population
19830,LPLC2,left,acetylcholine,95241,LPLC2,left,6,0.03488372093023256,intra_population
28871,LPLC2,right,acetylcholine,33396,LPLC2,right,6,0.03488372093023256,intra_population
512366,LC4,left,acetylcholine,37587,LC4,left,6,0.03488372093023256,intra_population
17054,LC4,right,acetylcholine,19260,LC4,right,6,0.03488372093023256,intra_population
515971,LPLC2,left,acetylcholine,17059,LPLC2,left,6,0.03488372093023256,intra_population
514670,LPLC2,left,acetylcholine,25027,LPLC2,left,6,0.03488372093023256,intra_population
19634,LC4,right,acetylcholine,17926,LC4,right,6,0.03488372093023256,intra_population
20584,LPLC2,right,acetylcholine,23878,LPLC2,right,6,0.03488372093023256,intra_population
19634,LC4,right,acetylcholine,17860,LC4,right,6,0.03488372093023256,intra_population
27624,LC4,left,acetylcholine,27750,LC4,left,6,0.03488372093023256,intra_population
19634,LC4,right,acetylcholine,16128,LC4,right,6,0.03488372093023256,intra_population
524366,LPLC2,left,acetylcholine,33965,LPLC2,left,6,0.03488372093023256,intra_population
20471,LPLC2,right,acetylcholine,25253,LPLC2,right,6,0.03488372093023256,intra_population
27566,LPLC2,right,acetylcholine,20471,LPLC2,right,6,0.03488372093023256,intra_population
531014,LPLC2,left,acetylcholine,20799,LPLC2,left,6,0.03488372093023256,intra_population
134521,LPLC2,left,acetylcholine,32737,LPLC2,left,6,0.03488372093023256,intra_population
20917,LC4,right,acetylcholine,24338,LC4,right,6,0.03488372093023256,intra_population
518983,LC4,left,acetylcholine,20440,LC4,left,6,0.03488372093023256,intra_population
19549,LPLC2,right,acetylcholine,29598,LPLC2,right,6,0.03488372093023256,intra_population
12032,LC4,left,acetylcholine,10228,DNp06,left,6,0.03488372093023256,visual_to_readout
95241,LPLC2,left,acetylcholine,20240,LPLC2,left,6,0.03488372093023256,intra_population
14030,LPLC2,left,acetylcholine,100103,LPLC2,left,6,0.03488372093023256,intra_population
22194,LC4,right,acetylcholine,19794,LC4,right,6,0.03488372093023256,intra_population
26730,LPLC2,right,acetylcholine,34372,LPLC2,right,6,0.03488372093023256,intra_population
14102,LPLC2,left,acetylcholine,28188,LPLC2,left,6,0.03488372093023256,intra_population
31308,LC4,left,acetylcholine,512705,LC4,left,6,0.03488372093023256,intra_population
24800,LPLC2,right,acetylcholine,19589,LPLC2,right,6,0.03488372093023256,intra_population
23247,LPLC2,left,acetylcholine,27716,LPLC2,left,6,0.03488372093023256,intra_population
23878,LPLC2,right,acetylcholine,24118,LPLC2,right,6,0.03488372093023256,intra_population
22253,LPLC2,left,acetylcholine,41097,LPLC2,left,6,0.03488372093023256,intra_population
31308,LC4,left,acetylcholine,526286,LC4,left,6,0.03488372093023256,intra_population
33185,LPLC2,right,acetylcholine,25511,LPLC2,right,6,0.03488372093023256,intra_population
35889,LPLC2,right,acetylcholine,25636,LPLC2,right,6,0.03488372093023256,intra_population
28003,LPLC2,right,acetylcholine,20047,LPLC2,right,6,0.03488372093023256,intra_population
134521,LPLC2,left,acetylcholine,34655,LPLC2,left,6,0.03488372093023256,intra_population
134521,LPLC2,left,acetylcholine,511914,LC4,left,6,0.03488372093023256,cross_visual
20799,LPLC2,left,acetylcholine,27399,LPLC2,left,6,0.03488372093023256,intra_population
20016,LC4,right,acetylcholine,21336,LC4,right,6,0.03488372093023256,intra_population
511914,LC4,left,acetylcholine,17653,LC4,left,6,0.03488372093023256,intra_population
20016,LC4,right,acetylcholine,20673,LC4,right,6,0.03488372093023256,intra_population
517078,LPLC2,left,acetylcholine,517819,LPLC2,left,6,0.03488372093023256,intra_population
517078,LPLC2,left,acetylcholine,23665,LPLC2,left,6,0.03488372093023256,intra_population
517078,LPLC2,left,acetylcholine,24523,LC4,left,6,0.03488372093023256,cross_visual
526286,LC4,left,acetylcholine,10228,DNp06,left,6,0.03488372093023256,visual_to_readout
526286,LC4,left,acetylcholine,518016,LC4,left,6,0.03488372093023256,intra_population
20016,LC4,right,acetylcholine,17054,LC4,right,6,0.03488372093023256,intra_population
20334,LPLC2,right,acetylcholine,19146,LPLC2,right,6,0.03488372093023256,intra_population
511914,LC4,left,acetylcholine,10228,DNp06,left,6,0.03488372093023256,visual_to_readout
19549,LPLC2,right,acetylcholine,24800,LPLC2,right,6,0.03488372093023256,intra_population
526286,LC4,left,acetylcholine,81112,LC4,left,6,0.03488372093023256,intra_population
18478,LC4,left,acetylcholine,535341,LC4,left,6,0.03488372093023256,intra_population
22253,LPLC2,left,acetylcholine,515971,LPLC2,left,6,0.03488372093023256,intra_population
34407,LPLC2,left,acetylcholine,21299,LPLC2,left,6,0.03488372093023256,intra_population
23878,LPLC2,right,acetylcholine,24268,LPLC2,right,6,0.03488372093023256,intra_population
31308,LC4,left,acetylcholine,22772,LC4,left,6,0.03488372093023256,intra_population
22253,LPLC2,left,acetylcholine,23550,LPLC2,left,6,0.03488372093023256,intra_population
37431,LPLC2,right,acetylcholine,20162,LPLC2,right,6,0.03488372093023256,intra_population
25854,LPLC2,left,acetylcholine,26528,LPLC2,left,6,0.03488372093023256,intra_population
24800,LPLC2,right,acetylcholine,26147,LPLC2,right,6,0.03488372093023256,intra_population
34407,LPLC2,left,acetylcholine,18900,LPLC2,left,6,0.03488372093023256,intra_population
29391,LPLC2,right,acetylcholine,28044,LPLC2,right,6,0.03488372093023256,intra_population
35889,LPLC2,right,acetylcholine,25253,LPLC2,right,6,0.03488372093023256,intra_population
24800,LPLC2,right,acetylcholine,33694,LPLC2,right,6,0.03488372093023256,intra_population
33185,LPLC2,right,acetylcholine,24268,LPLC2,right,6,0.03488372093023256,intra_population
17774,LPLC2,left,acetylcholine,24568,LPLC2,left,6,0.03488372093023256,intra_population
24605,LPLC2,left,acetylcholine,22557,LPLC2,left,6,0.03488372093023256,intra_population
22261,LPLC2,right,acetylcholine,29873,LPLC2,right,6,0.03488372093023256,intra_population
14102,LPLC2,left,acetylcholine,111903,LPLC2,left,6,0.03488372093023256,intra_population
27829,LC4,left,acetylcholine,511914,LC4,left,6,0.03488372093023256,intra_population
23247,LPLC2,left,acetylcholine,41097,LPLC2,left,6,0.03488372093023256,intra_population
31301,LC4,left,acetylcholine,18432,LC4,left,6,0.03488372093023256,intra_population
34407,LPLC2,left,acetylcholine,21361,LPLC2,left,6,0.03488372093023256,intra_population
31308,LC4,left,acetylcholine,20572,LC4,left,6,0.03488372093023256,intra_population
17548,LC4,right,acetylcholine,20917,LC4,right,6,0.03488372093023256,intra_population
34407,LPLC2,left,acetylcholine,23247,LPLC2,left,6,0.03488372093023256,intra_population
35889,LPLC2,right,acetylcholine,25267,LPLC2,right,6,0.03488372093023256,intra_population
24800,LPLC2,right,acetylcholine,20471,LPLC2,right,6,0.03488372093023256,intra_population
29469,LC4,left,acetylcholine,518439,LC4,left,6,0.03488372093023256,intra_population
23247,LPLC2,left,acetylcholine,29319,LPLC2,left,6,0.03488372093023256,intra_population
24840,LPLC2,left,acetylcholine,19911,LPLC2,left,6,0.03488372093023256,intra_population
34407,LPLC2,left,acetylcholine,17990,LPLC2,left,6,0.03488372093023256,intra_population
22253,LPLC2,left,acetylcholine,17059,LPLC2,left,6,0.03488372093023256,intra_population
15804,LPLC2,left,acetylcholine,112292,LPLC2,left,6,0.03488372093023256,intra_population
22253,LPLC2,left,acetylcholine,17775,LPLC2,left,6,0.03488372093023256,intra_population
24840,LPLC2,left,acetylcholine,17059,LPLC2,left,6,0.03488372093023256,intra_population
31262,LC4,right,acetylcholine,527408,LC4,right,6,0.03488372093023256,intra_population
17478,LC4,left,acetylcholine,20976,LC4,left,6,0.03488372093023256,intra_population
18478,LC4,left,acetylcholine,524899,LC4,left,6,0.03488372093023256,intra_population
20808,LC4,right,acetylcholine,20399,LC4,right,6,0.03488372093023256,intra_population
19549,LPLC2,right,acetylcholine,19589,LPLC2,right,6,0.03488372093023256,intra_population
511914,LC4,left,acetylcholine,23202,LC4,left,6,0.03488372093023256,intra_population
519650,LC4,left,acetylcholine,22772,LC4,left,6,0.03488372093023256,intra_population
18900,LPLC2,left,acetylcholine,20859,LC4,left,6,0.03488372093023256,cross_visual
20799,LPLC2,left,acetylcholine,20240,LPLC2,left,6,0.03488372093023256,intra_population
519650,LC4,left,acetylcholine,21721,LC4,left,6,0.03488372093023256,intra_population
13726,LPLC2,left,acetylcholine,40841,LPLC2,left,6,0.03488372093023256,intra_population
519650,LC4,left,acetylcholine,524899,LC4,left,6,0.03488372093023256,intra_population
18900,LPLC2,left,acetylcholine,22253,LPLC2,left,6,0.03488372093023256,intra_population
19954,LC4,right,acetylcholine,20917,LC4,right,6,0.03488372093023256,intra_population
20799,LPLC2,left,acetylcholine,23247,LPLC2,left,6,0.03488372093023256,intra_population
517078,LPLC2,left,acetylcholine,23247,LPLC2,left,6,0.03488372093023256,intra_population
525844,LPLC2,left,acetylcholine,134521,LPLC2,left,6,0.03488372093023256,intra_population
511914,LC4,left,acetylcholine,18432,LC4,left,6,0.03488372093023256,intra_population
28188,LPLC2,left,acetylcholine,34407,LPLC2,left,6,0.03488372093023256,intra_population
525844,LPLC2,left,acetylcholine,517079,LPLC2,left,6,0.03488372093023256,intra_population
20334,LPLC2,right,acetylcholine,23497,LPLC2,right,6,0.03488372093023256,intra_population
19549,LPLC2,right,acetylcholine,19550,LC4,right,6,0.03488372093023256,cross_visual
525844,LPLC2,left,acetylcholine,520764,LPLC2,left,6,0.03488372093023256,intra_population
20329,LPLC2,left,acetylcholine,11498,LPLC2,left,6,0.03488372093023256,intra_population
19420,LC4,right,acetylcholine,16628,LC4,right,6,0.03488372093023256,intra_population
20967,LC4,left,acetylcholine,14888,LC4,left,6,0.03488372093023256,intra_population
20329,LPLC2,left,acetylcholine,14102,LPLC2,left,6,0.03488372093023256,intra_population
17926,LC4,right,acetylcholine,20542,LC4,right,6,0.03488372093023256,intra_population
18900,LPLC2,left,acetylcholine,100103,LPLC2,left,6,0.03488372093023256,intra_population
27716,LPLC2,left,acetylcholine,25572,LPLC2,left,6,0.03488372093023256,intra_population
20047,LPLC2,right,acetylcholine,24187,LPLC2,right,6,0.03488372093023256,intra_population
20329,LPLC2,left,acetylcholine,31105,LPLC2,left,6,0.03488372093023256,intra_population
29014,LPLC2,right,acetylcholine,17551,LPLC2,right,6,0.03488372093023256,intra_population
17054,LC4,right,acetylcholine,18127,LC4,right,6,0.03488372093023256,intra_population
20047,LPLC2,right,acetylcholine,24401,LPLC2,right,6,0.03488372093023256,intra_population
28044,LPLC2,right,acetylcholine,21562,LPLC2,right,6,0.03488372093023256,intra_population
28003,LPLC2,right,acetylcholine,22677,LPLC2,right,6,0.03488372093023256,intra_population
20282,LC4,right,acetylcholine,19543,LC4,right,6,0.03488372093023256,intra_population
12349,LC4,left,acetylcholine,33137,LC4,left,6,0.03488372093023256,intra_population
525844,LPLC2,left,acetylcholine,30893,LPLC2,left,6,0.03488372093023256,intra_population
20808,LC4,right,acetylcholine,20282,LC4,right,6,0.03488372093023256,intra_population
20329,LPLC2,left,acetylcholine,521115,LPLC2,left,6,0.03488372093023256,intra_population
525844,LPLC2,left,acetylcholine,536444,LPLC2,left,6,0.03488372093023256,intra_population
20799,LPLC2,left,acetylcholine,25854,LPLC2,left,6,0.03488372093023256,intra_population
19549,LPLC2,right,acetylcholine,22677,LPLC2,right,6,0.03488372093023256,intra_population
526286,LC4,left,acetylcholine,535341,LC4,left,6,0.03488372093023256,intra_population
527408,LC4,right,acetylcholine,16138,LC4,right,6,0.03488372093023256,intra_population
17987,LC4,right,acetylcholine,21336,LC4,right,6,0.03488372093023256,intra_population
517079,LPLC2,left,acetylcholine,11498,LPLC2,left,6,0.03488372093023256,intra_population
20749,LPLC2,right,acetylcholine,21769,LPLC2,right,6,0.03488372093023256,intra_population
17987,LC4,right,acetylcholine,21287,LC4,right,6,0.03488372093023256,intra_population
526286,LC4,left,acetylcholine,533129,LC4,left,6,0.03488372093023256,intra_population
517079,LPLC2,left,acetylcholine,17775,LPLC2,left,6,0.03488372093023256,intra_population
19549,LPLC2,right,acetylcholine,20694,LPLC2,right,6,0.03488372093023256,intra_population
20016,LC4,right,acetylcholine,22034,LC4,right,6,0.03488372093023256,intra_population
28980,LC4,left,acetylcholine,518983,LC4,left,6,0.03488372093023256,intra_population
19549,LPLC2,right,acetylcholine,19146,LPLC2,right,6,0.03488372093023256,intra_population
28044,LPLC2,right,acetylcholine,25267,LPLC2,right,6,0.03488372093023256,intra_population
525844,LPLC2,left,acetylcholine,29753,LPLC2,left,6,0.03488372093023256,intra_population
17990,LPLC2,left,acetylcholine,17775,LPLC2,left,6,0.03488372093023256,intra_population
20749,LPLC2,right,acetylcholine,20162,LPLC2,right,6,0.03488372093023256,intra_population
18672,LPLC2,right,acetylcholine,19549,LPLC2,right,6,0.03488372093023256,intra_population
12824,LC4,left,acetylcholine,516909,LC4,left,6,0.03488372093023256,intra_population
20749,LPLC2,right,acetylcholine,21318,LPLC2,right,6,0.03488372093023256,intra_population
517078,LPLC2,left,acetylcholine,13726,LPLC2,left,6,0.03488372093023256,intra_population
517078,LPLC2,left,acetylcholine,14030,LPLC2,left,6,0.03488372093023256,intra_population
517078,LPLC2,left,acetylcholine,18900,LPLC2,left,6,0.03488372093023256,intra_population
20799,LPLC2,left,acetylcholine,14102,LPLC2,left,6,0.03488372093023256,intra_population
19954,LC4,right,acetylcholine,16128,LC4,right,6,0.03488372093023256,intra_population
20749,LPLC2,right,acetylcholine,22677,LPLC2,right,6,0.03488372093023256,intra_population
512366,LC4,left,acetylcholine,16809,LC4,left,6,0.03488372093023256,intra_population
20749,LPLC2,right,acetylcholine,27566,LPLC2,right,6,0.03488372093023256,intra_population
19589,LPLC2,right,acetylcholine,20694,LPLC2,right,6,0.03488372093023256,intra_population
517078,LPLC2,left,acetylcholine,17775,LPLC2,left,6,0.03488372093023256,intra_population
515971,LPLC2,left,acetylcholine,26528,LPLC2,left,6,0.03488372093023256,intra_population
20240,LPLC2,left,acetylcholine,22253,LPLC2,left,6,0.03488372093023256,intra_population
18900,LPLC2,left,acetylcholine,17774,LPLC2,left,6,0.03488372093023256,intra_population
18189,LC4,right,acetylcholine,17987,LC4,right,6,0.03488372093023256,intra_population
11498,LPLC2,left,acetylcholine,18936,LPLC2,left,6,0.03488372093023256,intra_population
532254,LC4,left,acetylcholine,20976,LC4,left,6,0.03488372093023256,intra_population
27355,LPLC2,left,acetylcholine,32737,LPLC2,left,6,0.03488372093023256,intra_population
95241,LPLC2,left,acetylcholine,22557,LPLC2,left,6,0.03488372093023256,intra_population
112292,LPLC2,left,acetylcholine,17544,LPLC2,left,6,0.03488372093023256,intra_population
20976,LC4,left,acetylcholine,520449,LC4,left,6,0.03488372093023256,intra_population
29014,LPLC2,right,acetylcholine,28003,LPLC2,right,6,0.03488372093023256,intra_population
18936,LPLC2,left,acetylcholine,24308,LPLC2,left,6,0.03488372093023256,intra_population
12384,LPLC2,left,acetylcholine,19830,LPLC2,left,6,0.03488372093023256,intra_population
19034,LPLC2,right,acetylcholine,28003,LPLC2,right,6,0.03488372093023256,intra_population
22261,LPLC2,right,acetylcholine,31257,LPLC2,right,6,0.03488372093023256,intra_population
27355,LPLC2,left,acetylcholine,112292,LPLC2,left,6,0.03488372093023256,intra_population
20240,LPLC2,left,acetylcholine,112292,LPLC2,left,6,0.03488372093023256,intra_population
19146,LPLC2,right,acetylcholine,25253,LPLC2,right,6,0.03488372093023256,intra_population
21151,LC4,right,acetylcholine,20542,LC4,right,6,0.03488372093023256,intra_population
20182,LPLC2,right,acetylcholine,23497,LPLC2,right,6,0.03488372093023256,intra_population
17880,LPLC2,left,acetylcholine,112292,LPLC2,left,6,0.03488372093023256,intra_population
112292,LPLC2,left,acetylcholine,17059,LPLC2,left,6,0.03488372093023256,intra_population
12384,LPLC2,left,acetylcholine,518731,LPLC2,left,6,0.03488372093023256,intra_population
12384,LPLC2,left,acetylcholine,19787,LPLC2,left,6,0.03488372093023256,intra_population
20269,LPLC2,right,acetylcholine,24187,LPLC2,right,6,0.03488372093023256,intra_population
21299,LPLC2,left,acetylcholine,518730,LC4,left,6,0.03488372093023256,cross_visual
21165,LC4,right,acetylcholine,23098,LC4,right,6,0.03488372093023256,intra_population
28011,LPLC2,left,acetylcholine,40811,LPLC2,left,6,0.03488372093023256,intra_population
17054,LC4,right,acetylcholine,21287,LC4,right,6,0.03488372093023256,intra_population
18929,LPLC2,right,acetylcholine,19249,LPLC2,right,6,0.03488372093023256,intra_population
21225,LC4,right,acetylcholine,20808,LC4,right,6,0.03488372093023256,intra_population
95241,LPLC2,left,acetylcholine,34407,LPLC2,left,6,0.03488372093023256,intra_population
100485,LC4,left,acetylcholine,81112,LC4,left,6,0.03488372093023256,intra_population
17926,LC4,right,acetylcholine,17668,LC4,right,6,0.03488372093023256,intra_population
27716,LPLC2,left,acetylcholine,28011,LPLC2,left,6,0.03488372093023256,intra_population
18936,LPLC2,left,acetylcholine,25854,LPLC2,left,6,0.03488372093023256,intra_population
18936,LPLC2,left,acetylcholine,25572,LPLC2,left,6,0.03488372093023256,intra_population
20162,LPLC2,right,acetylcholine,24800,LPLC2,right,6,0.03488372093023256,intra_population
21165,LC4,right,acetylcholine,19794,LC4,right,6,0.03488372093023256,intra_population
12349,LC4,left,acetylcholine,512705,LC4,left,6,0.03488372093023256,intra_population
517819,LPLC2,left,acetylcholine,27355,LPLC2,left,6,0.03488372093023256,intra_population
28003,LPLC2,right,acetylcholine,39620,LPLC2,right,6,0.03488372093023256,intra_population
19034,LPLC2,right,acetylcholine,20584,LPLC2,right,6,0.03488372093023256,intra_population
28044,LPLC2,right,acetylcholine,19034,LPLC2,right,6,0.03488372093023256,intra_population
19146,LPLC2,right,acetylcholine,20694,LPLC2,right,6,0.03488372093023256,intra_population
20240,LPLC2,left,acetylcholine,30512,LPLC2,left,6,0.03488372093023256,intra_population
533895,LPLC2,left,acetylcholine,23550,LPLC2,left,6,0.03488372093023256,intra_population
20162,LPLC2,right,acetylcholine,25511,LPLC2,right,6,0.03488372093023256,intra_population
19146,LPLC2,right,acetylcholine,19842,LPLC2,right,6,0.03488372093023256,intra_population
21287,LC4,right,acetylcholine,17987,LC4,right,6,0.03488372093023256,intra_population
518731,LPLC2,left,acetylcholine,11498,LPLC2,left,6,0.03488372093023256,intra_population
27399,LPLC2,left,acetylcholine,19911,LPLC2,left,6,0.03488372093023256,intra_population
19034,LPLC2,right,acetylcholine,21703,LPLC2,right,6,0.03488372093023256,intra_population
19146,LPLC2,right,acetylcholine,21703,LPLC2,right,6,0.03488372093023256,intra_population
533895,LPLC2,left,acetylcholine,22253,LPLC2,left,6,0.03488372093023256,intra_population
18396,LC4,left,acetylcholine,512705,LC4,left,6,0.03488372093023256,intra_population
28741,LPLC2,right,acetylcholine,33185,LPLC2,right,6,0.03488372093023256,intra_population
21165,LC4,right,acetylcholine,20542,LC4,right,6,0.03488372093023256,intra_population
20103,LPLC2,right,acetylcholine,32507,LPLC2,right,6,0.03488372093023256,intra_population
533895,LPLC2,left,acetylcholine,13726,LPLC2,left,6,0.03488372093023256,intra_population
20162,LPLC2,right,acetylcholine,19249,LPLC2,right,6,0.03488372093023256,intra_population
518731,LPLC2,left,acetylcholine,17544,LPLC2,left,6,0.03488372093023256,intra_population
19146,LPLC2,right,acetylcholine,19034,LPLC2,right,6,0.03488372093023256,intra_population
18432,LC4,left,acetylcholine,10228,DNp06,left,6,0.03488372093023256,visual_to_readout
21151,LC4,right,acetylcholine,18189,LC4,right,6,0.03488372093023256,intra_population
20182,LPLC2,right,acetylcholine,29014,LPLC2,right,6,0.03488372093023256,intra_population
518730,LC4,left,acetylcholine,17340,LC4,left,6,0.03488372093023256,intra_population
21287,LC4,right,acetylcholine,21313,LC4,right,6,0.03488372093023256,intra_population
19034,LPLC2,right,acetylcholine,20103,LPLC2,right,6,0.03488372093023256,intra_population
21151,LC4,right,acetylcholine,17364,LC4,right,6,0.03488372093023256,intra_population
535341,LC4,left,acetylcholine,21721,LC4,left,6,0.03488372093023256,intra_population
18396,LC4,left,acetylcholine,518439,LC4,left,6,0.03488372093023256,intra_population
11498,LPLC2,left,acetylcholine,14102,LPLC2,left,6,0.03488372093023256,intra_population
21225,LC4,right,acetylcholine,19420,LC4,right,6,0.03488372093023256,intra_population
18936,LPLC2,left,acetylcholine,23349,LPLC2,left,6,0.03488372093023256,intra_population
517752,LC4,left,acetylcholine,516909,LC4,left,6,0.03488372093023256,intra_population
517819,LPLC2,left,acetylcholine,531014,LPLC2,left,6,0.03488372093023256,intra_population
13764,LPLC2,left,acetylcholine,515971,LPLC2,left,6,0.03488372093023256,intra_population
517819,LPLC2,left,acetylcholine,21299,LPLC2,left,6,0.03488372093023256,intra_population
111903,LPLC2,left,acetylcholine,25209,LPLC2,left,6,0.03488372093023256,intra_population
21045,LPLC2,right,acetylcholine,26393,LPLC2,right,6,0.03488372093023256,intra_population
18936,LPLC2,left,acetylcholine,517819,LPLC2,left,6,0.03488372093023256,intra_population
517819,LPLC2,left,acetylcholine,23349,LPLC2,left,6,0.03488372093023256,intra_population
21299,LPLC2,left,acetylcholine,34051,LPLC2,left,6,0.03488372093023256,intra_population
27355,LPLC2,left,acetylcholine,40811,LPLC2,left,6,0.03488372093023256,intra_population
20240,LPLC2,left,acetylcholine,19787,LPLC2,left,6,0.03488372093023256,intra_population
28741,LPLC2,right,acetylcholine,33694,LPLC2,right,6,0.03488372093023256,intra_population
533129,LC4,left,acetylcholine,23202,LC4,left,6,0.03488372093023256,intra_population
20162,LPLC2,right,acetylcholine,20182,LPLC2,right,6,0.03488372093023256,intra_population
20240,LPLC2,left,acetylcholine,14102,LPLC2,left,6,0.03488372093023256,intra_population
28741,LPLC2,right,acetylcholine,34681,LPLC2,right,6,0.03488372093023256,intra_population
19146,LPLC2,right,acetylcholine,20471,LPLC2,right,6,0.03488372093023256,intra_population
536444,LPLC2,left,acetylcholine,31563,LPLC2,left,6,0.03488372093023256,intra_population
28044,LPLC2,right,acetylcholine,20182,LPLC2,right,6,0.03488372093023256,intra_population
100485,LC4,left,acetylcholine,519931,LC4,left,6,0.03488372093023256,intra_population
21045,LPLC2,right,acetylcholine,21808,LPLC2,right,6,0.03488372093023256,intra_population
533129,LC4,left,acetylcholine,17653,LC4,left,6,0.03488372093023256,intra_population
21225,LC4,right,acetylcholine,17364,LC4,right,6,0.03488372093023256,intra_population
13764,LPLC2,left,acetylcholine,10010,DNp01,left,6,0.03488372093023256,visual_to_readout
100485,LC4,left,acetylcholine,512705,LC4,left,6,0.03488372093023256,intra_population
17059,LPLC2,left,acetylcholine,18900,LPLC2,left,6,0.03488372093023256,intra_population
533895,LPLC2,left,acetylcholine,34407,LPLC2,left,6,0.03488372093023256,intra_population
11498,LPLC2,left,acetylcholine,17775,LPLC2,left,6,0.03488372093023256,intra_population
16917,LC4,left,acetylcholine,37587,LC4,left,6,0.03488372093023256,intra_population
20182,LPLC2,right,acetylcholine,19608,LPLC2,right,6,0.03488372093023256,intra_population
17926,LC4,right,acetylcholine,17054,LC4,right,6,0.03488372093023256,intra_population
17926,LC4,right,acetylcholine,17266,LC4,right,6,0.03488372093023256,intra_population
19229,LPLC2,right,acetylcholine,27566,LPLC2,right,6,0.03488372093023256,intra_population
19229,LPLC2,right,acetylcholine,27471,LPLC2,right,6,0.03488372093023256,intra_population
19229,LPLC2,right,acetylcholine,21769,LPLC2,right,6,0.03488372093023256,intra_population
533129,LC4,left,acetylcholine,20967,LC4,left,6,0.03488372093023256,intra_population
536444,LPLC2,left,acetylcholine,531014,LPLC2,left,6,0.03488372093023256,intra_population
533895,LPLC2,left,acetylcholine,521115,LPLC2,left,6,0.03488372093023256,intra_population
18936,LPLC2,left,acetylcholine,23247,LPLC2,left,6,0.03488372093023256,intra_population
532254,LC4,left,acetylcholine,12032,LC4,left,6,0.03488372093023256,intra_population
533895,LPLC2,left,acetylcholine,129687,LPLC2,left,6,0.03488372093023256,intra_population
112292,LPLC2,left,acetylcholine,22253,LPLC2,left,6,0.03488372093023256,intra_population
20976,LC4,left,acetylcholine,24523,LC4,left,6,0.03488372093023256,intra_population
17059,LPLC2,left,acetylcholine,514670,LPLC2,left,6,0.03488372093023256,intra_population
518730,LC4,left,acetylcholine,27829,LC4,left,6,0.03488372093023256,intra_population
19249,LPLC2,right,acetylcholine,18929,LPLC2,right,6,0.03488372093023256,intra_population
18432,LC4,left,acetylcholine,31301,LC4,left,6,0.03488372093023256,intra_population
21225,LC4,right,acetylcholine,20588,LC4,right,6,0.03488372093023256,intra_population
531014,LPLC2,left,acetylcholine,533895,LPLC2,left,6,0.03488372093023256,intra_population
20976,LC4,left,acetylcholine,20572,LC4,left,6,0.03488372093023256,intra_population
20162,LPLC2,right,acetylcholine,20749,LPLC2,right,6,0.03488372093023256,intra_population
20976,LC4,left,acetylcholine,17478,LC4,left,6,0.03488372093023256,intra_population
20269,LPLC2,right,acetylcholine,34681,LPLC2,right,6,0.03488372093023256,intra_population
27355,LPLC2,left,acetylcholine,32237,LPLC2,left,6,0.03488372093023256,intra_population
20162,LPLC2,right,acetylcholine,21862,LPLC2,right,6,0.03488372093023256,intra_population
21045,LPLC2,right,acetylcholine,20047,LPLC2,right,6,0.03488372093023256,intra_population
12384,LPLC2,left,acetylcholine,100103,LPLC2,left,6,0.03488372093023256,intra_population
28044,LPLC2,right,acetylcholine,10584,DNp06,right,6,0.03488372093023256,visual_to_readout
28011,LPLC2,left,acetylcholine,23665,LPLC2,left,6,0.03488372093023256,intra_population
21045,LPLC2,right,acetylcholine,22261,LPLC2,right,6,0.03488372093023256,intra_population
533895,LPLC2,left,acetylcholine,531898,DNp04,left,6,0.03488372093023256,visual_to_readout
19229,LPLC2,right,acetylcholine,24401,LPLC2,right,6,0.03488372093023256,intra_population
27355,LPLC2,left,acetylcholine,33406,LPLC2,left,6,0.03488372093023256,intra_population
19249,LPLC2,right,acetylcholine,18672,LPLC2,right,6,0.03488372093023256,intra_population
518731,LPLC2,left,acetylcholine,28011,LPLC2,left,6,0.03488372093023256,intra_population
533895,LPLC2,left,acetylcholine,517079,LPLC2,left,6,0.03488372093023256,intra_population
20240,LPLC2,left,acetylcholine,17775,LPLC2,left,6,0.03488372093023256,intra_population
533895,LPLC2,left,acetylcholine,518731,LPLC2,left,6,0.03488372093023256,intra_population
21225,LC4,right,acetylcholine,19794,LC4,right,6,0.03488372093023256,intra_population
518730,LC4,left,acetylcholine,28980,LC4,left,6,0.03488372093023256,intra_population
27716,LPLC2,left,acetylcholine,32737,LPLC2,left,6,0.03488372093023256,intra_population
20182,LPLC2,right,acetylcholine,33396,LPLC2,right,6,0.03488372093023256,intra_population
536444,LPLC2,left,acetylcholine,23349,LPLC2,left,6,0.03488372093023256,intra_population
27624,LC4,left,acetylcholine,514956,LC4,left,6,0.03488372093023256,intra_population
27796,LPLC2,left,acetylcholine,32737,LPLC2,left,6,0.03488372093023256,intra_population
20588,LC4,right,acetylcholine,19543,LC4,right,6,0.03488372093023256,intra_population
28945,LC4,right,acetylcholine,31262,LC4,right,6,0.03488372093023256,intra_population
520449,LC4,left,acetylcholine,23226,LC4,left,6,0.03488372093023256,intra_population
18127,LC4,right,acetylcholine,21225,LC4,right,6,0.03488372093023256,intra_population
19608,LPLC2,right,acetylcholine,29287,LPLC2,right,6,0.03488372093023256,intra_population
514508,LC4,left,acetylcholine,524899,LC4,left,6,0.03488372093023256,intra_population
17990,LPLC2,left,acetylcholine,27716,LPLC2,left,6,0.03488372093023256,intra_population
18900,LPLC2,left,acetylcholine,11498,LPLC2,left,6,0.03488372093023256,intra_population
19608,LPLC2,right,acetylcholine,28003,LPLC2,right,6,0.03488372093023256,intra_population
20588,LC4,right,acetylcholine,20808,LC4,right,6,0.03488372093023256,intra_population
524366,LPLC2,left,acetylcholine,531898,DNp04,left,6,0.03488372093023256,visual_to_readout
524899,LC4,left,acetylcholine,22922,LC4,left,6,0.03488372093023256,intra_population
12824,LC4,left,acetylcholine,526286,LC4,left,6,0.03488372093023256,intra_population
17990,LPLC2,left,acetylcholine,27399,LPLC2,left,6,0.03488372093023256,intra_population
13726,LPLC2,left,acetylcholine,23349,LPLC2,left,6,0.03488372093023256,intra_population
28980,LC4,left,acetylcholine,20859,LC4,left,6,0.03488372093023256,intra_population
514508,LC4,left,acetylcholine,27750,LC4,left,6,0.03488372093023256,intra_population
19608,LPLC2,right,acetylcholine,22261,LPLC2,right,6,0.03488372093023256,intra_population
27796,LPLC2,left,acetylcholine,30895,LPLC2,left,6,0.03488372093023256,intra_population
514508,LC4,left,acetylcholine,33137,LC4,left,6,0.03488372093023256,intra_population
27829,LC4,left,acetylcholine,524899,LC4,left,6,0.03488372093023256,intra_population
17059,LPLC2,left,acetylcholine,27399,LPLC2,left,6,0.03488372093023256,intra_population
524899,LC4,left,acetylcholine,20976,LC4,left,6,0.03488372093023256,intra_population
18900,LPLC2,left,acetylcholine,13132,LPLC2,left,6,0.03488372093023256,intra_population
514670,LPLC2,left,acetylcholine,15804,LPLC2,left,6,0.03488372093023256,intra_population
19608,LPLC2,right,acetylcholine,20334,LPLC2,right,6,0.03488372093023256,intra_population
515971,LPLC2,left,acetylcholine,111903,LPLC2,left,6,0.03488372093023256,intra_population
19608,LPLC2,right,acetylcholine,26730,LPLC2,right,6,0.03488372093023256,intra_population
17059,LPLC2,left,acetylcholine,23247,LPLC2,left,6,0.03488372093023256,intra_population
20588,LC4,right,acetylcholine,21225,LC4,right,6,0.03488372093023256,intra_population
514670,LPLC2,left,acetylcholine,17059,LPLC2,left,6,0.03488372093023256,intra_population
516909,LC4,left,acetylcholine,20859,LC4,left,6,0.03488372093023256,intra_population
19911,LPLC2,left,acetylcholine,41097,LPLC2,left,6,0.03488372093023256,intra_population
18189,LC4,right,acetylcholine,16628,LC4,right,6,0.03488372093023256,intra_population
17990,LPLC2,left,acetylcholine,22253,LPLC2,left,6,0.03488372093023256,intra_population
519931,LC4,left,acetylcholine,111787,LC4,left,6,0.03488372093023256,intra_population
512705,LC4,left,acetylcholine,519931,LC4,left,6,0.03488372093023256,intra_population
516909,LC4,left,acetylcholine,21721,LC4,left,6,0.03488372093023256,intra_population
17990,LPLC2,left,acetylcholine,24840,LPLC2,left,6,0.03488372093023256,intra_population
20399,LC4,right,acetylcholine,19794,LC4,right,6,0.03488372093023256,intra_population
524899,LC4,left,acetylcholine,100485,LC4,left,6,0.03488372093023256,intra_population
17990,LPLC2,left,acetylcholine,24568,LPLC2,left,6,0.03488372093023256,intra_population
17059,LPLC2,left,acetylcholine,12384,LPLC2,left,6,0.03488372093023256,intra_population
27471,LPLC2,right,acetylcholine,31988,LPLC2,right,6,0.03488372093023256,intra_population
524899,LC4,left,acetylcholine,518016,LC4,left,6,0.03488372093023256,intra_population
17990,LPLC2,left,acetylcholine,23349,LPLC2,left,6,0.03488372093023256,intra_population
19589,LPLC2,right,acetylcholine,30041,LPLC2,right,6,0.03488372093023256,intra_population
519931,LC4,left,acetylcholine,27829,LC4,left,6,0.03488372093023256,intra_population
516909,LC4,left,acetylcholine,23226,LC4,left,6,0.03488372093023256,intra_population
20673,LC4,right,acetylcholine,21313,LC4,right,6,0.03488372093023256,intra_population
28188,LPLC2,left,acetylcholine,29319,LPLC2,left,6,0.03488372093023256,intra_population
20694,LPLC2,right,acetylcholine,20535,LPLC2,right,6,0.03488372093023256,intra_population
27796,LPLC2,left,acetylcholine,27399,LPLC2,left,6,0.03488372093023256,intra_population
512705,LC4,left,acetylcholine,22922,LC4,left,6,0.03488372093023256,intra_population
516909,LC4,left,acetylcholine,517752,LC4,left,6,0.03488372093023256,intra_population
28003,LPLC2,right,acetylcholine,19034,LPLC2,right,6,0.03488372093023256,intra_population
519931,LC4,left,acetylcholine,17478,LC4,left,6,0.03488372093023256,intra_population
19589,LPLC2,right,acetylcholine,26730,LPLC2,right,6,0.03488372093023256,intra_population
525844,LPLC2,left,acetylcholine,25286,LPLC2,left,6,0.03488372093023256,intra_population
28188,LPLC2,left,acetylcholine,29702,LPLC2,left,6,0.03488372093023256,intra_population
28945,LC4,right,acetylcholine,24338,LC4,right,6,0.03488372093023256,intra_population
13726,LPLC2,left,acetylcholine,27796,LPLC2,left,6,0.03488372093023256,intra_population
18189,LC4,right,acetylcholine,19550,LC4,right,6,0.03488372093023256,intra_population
516909,LC4,left,acetylcholine,526286,LC4,left,6,0.03488372093023256,intra_population
19589,LPLC2,right,acetylcholine,24401,LPLC2,right,6,0.03488372093023256,intra_population
20749,LPLC2,right,acetylcholine,14465,LPLC2,right,6,0.03488372093023256,intra_population
512705,LC4,left,acetylcholine,20572,LC4,left,6,0.03488372093023256,intra_population
19608,LPLC2,right,acetylcholine,22677,LPLC2,right,6,0.03488372093023256,intra_population
518439,LC4,left,acetylcholine,16917,LC4,left,6,0.03488372093023256,intra_population
21165,LC4,right,acetylcholine,19260,LC4,right,6,0.03488372093023256,intra_population
20182,LPLC2,right,acetylcholine,19146,LPLC2,right,6,0.03488372093023256,intra_population
28003,LPLC2,right,acetylcholine,32507,LPLC2,right,6,0.03488372093023256,intra_population
27399,LPLC2,left,acetylcholine,25854,LPLC2,left,6,0.03488372093023256,intra_population
21165,LC4,right,acetylcholine,22034,LC4,right,6,0.03488372093023256,intra_population
27399,LPLC2,left,acetylcholine,26528,LPLC2,left,6,0.03488372093023256,intra_population
19229,LPLC2,right,acetylcholine,20334,LPLC2,right,6,0.03488372093023256,intra_population
111903,LPLC2,left,acetylcholine,20799,LPLC2,left,6,0.03488372093023256,intra_population
28741,LPLC2,right,acetylcholine,33396,LPLC2,right,6,0.03488372093023256,intra_population
517819,LPLC2,left,acetylcholine,100103,LPLC2,left,6,0.03488372093023256,intra_population
20240,LPLC2,left,acetylcholine,22557,LPLC2,left,6,0.03488372093023256,intra_population
17880,LPLC2,left,acetylcholine,526286,LC4,left,6,0.03488372093023256,cross_visual
28003,LPLC2,right,acetylcholine,30207,LPLC2,right,6,0.03488372093023256,intra_population
517819,LPLC2,left,acetylcholine,112292,LPLC2,left,6,0.03488372093023256,intra_population
18478,LC4,left,acetylcholine,20572,LC4,left,6,0.03488372093023256,intra_population
20182,LPLC2,right,acetylcholine,19229,LPLC2,right,6,0.03488372093023256,intra_population
533129,LC4,left,acetylcholine,31429,LC4,left,6,0.03488372093023256,intra_population
20162,LPLC2,right,acetylcholine,19842,LPLC2,right,6,0.03488372093023256,intra_population
13764,LPLC2,left,acetylcholine,511914,LC4,left,6,0.03488372093023256,cross_visual
13764,LPLC2,left,acetylcholine,27829,LC4,left,6,0.03488372093023256,cross_visual
19146,LPLC2,right,acetylcholine,20182,LPLC2,right,6,0.03488372093023256,intra_population
28044,LPLC2,right,acetylcholine,19146,LPLC2,right,6,0.03488372093023256,intra_population
19034,LPLC2,right,acetylcholine,20749,LPLC2,right,6,0.03488372093023256,intra_population
27399,LPLC2,left,acetylcholine,24568,LPLC2,left,6,0.03488372093023256,intra_population
533895,LPLC2,left,acetylcholine,20240,LPLC2,left,6,0.03488372093023256,intra_population
20162,LPLC2,right,acetylcholine,17551,LPLC2,right,6,0.03488372093023256,intra_population
517819,LPLC2,left,acetylcholine,25575,LPLC2,left,6,0.03488372093023256,intra_population
13764,LPLC2,left,acetylcholine,25286,LPLC2,left,6,0.03488372093023256,intra_population
17880,LPLC2,left,acetylcholine,34407,LPLC2,left,6,0.03488372093023256,intra_population
107513,LC4,left,acetylcholine,15018,LC4,left,6,0.03488372093023256,intra_population
28011,LPLC2,left,acetylcholine,40841,LPLC2,left,6,0.03488372093023256,intra_population
111903,LPLC2,left,acetylcholine,17340,LC4,left,6,0.03488372093023256,cross_visual
19229,LPLC2,right,acetylcholine,18929,LPLC2,right,6,0.03488372093023256,intra_population
20240,LPLC2,left,acetylcholine,11498,LPLC2,left,6,0.03488372093023256,intra_population
27399,LPLC2,left,acetylcholine,27355,LPLC2,left,6,0.03488372093023256,intra_population
19034,LPLC2,right,acetylcholine,14465,LPLC2,right,6,0.03488372093023256,intra_population
20440,LC4,left,acetylcholine,21721,LC4,left,6,0.03488372093023256,intra_population
533129,LC4,left,acetylcholine,516909,LC4,left,6,0.03488372093023256,intra_population
20269,LPLC2,right,acetylcholine,17551,LPLC2,right,6,0.03488372093023256,intra_population
27716,LPLC2,left,acetylcholine,134521,LPLC2,left,6,0.03488372093023256,intra_population
535341,LC4,left,acetylcholine,20572,LC4,left,6,0.03488372093023256,intra_population
19034,LPLC2,right,acetylcholine,19146,LPLC2,right,6,0.03488372093023256,intra_population
21299,LPLC2,left,acetylcholine,18900,LPLC2,left,6,0.03488372093023256,intra_population
111903,LPLC2,left,acetylcholine,10010,DNp01,left,6,0.03488372093023256,visual_to_readout
518731,LPLC2,left,acetylcholine,22253,LPLC2,left,6,0.03488372093023256,intra_population
19146,LPLC2,right,acetylcholine,39620,LPLC2,right,6,0.03488372093023256,intra_population
27399,LPLC2,left,acetylcholine,25027,LPLC2,left,6,0.03488372093023256,intra_population
20162,LPLC2,right,acetylcholine,21703,LPLC2,right,6,0.03488372093023256,intra_population
19543,LC4,right,acetylcholine,20399,LC4,right,6,0.03488372093023256,intra_population
20976,LC4,left,acetylcholine,12349,LC4,left,6,0.03488372093023256,intra_population
13132,LPLC2,left,acetylcholine,12384,LPLC2,left,6,0.03488372093023256,intra_population
20440,LC4,left,acetylcholine,27829,LC4,left,6,0.03488372093023256,intra_population
111787,LC4,left,acetylcholine,514956,LC4,left,6,0.03488372093023256,intra_population
21299,LPLC2,left,acetylcholine,17340,LC4,left,6,0.03488372093023256,cross_visual
533129,LC4,left,acetylcholine,81112,LC4,left,6,0.03488372093023256,intra_population
100103,LPLC2,left,acetylcholine,23349,LPLC2,left,6,0.03488372093023256,intra_population
28741,LPLC2,right,acetylcholine,31257,LPLC2,right,6,0.03488372093023256,intra_population
20269,LPLC2,right,acetylcholine,18672,LPLC2,right,6,0.03488372093023256,intra_population
533895,LPLC2,left,acetylcholine,25854,LPLC2,left,6,0.03488372093023256,intra_population
27355,LPLC2,left,acetylcholine,520764,LPLC2,left,6,0.03488372093023256,intra_population
20162,LPLC2,right,acetylcholine,31964,LPLC2,right,6,0.03488372093023256,intra_population
20103,LPLC2,right,acetylcholine,28044,LPLC2,right,6,0.03488372093023256,intra_population
100485,LC4,left,acetylcholine,17270,LC4,left,6,0.03488372093023256,intra_population
111787,LC4,left,acetylcholine,30087,LC4,left,6,0.03488372093023256,intra_population
21299,LPLC2,left,acetylcholine,14102,LPLC2,left,6,0.03488372093023256,intra_population
18396,LC4,left,acetylcholine,107513,LC4,left,6,0.03488372093023256,intra_population
533129,LC4,left,acetylcholine,518544,LC4,left,6,0.03488372093023256,intra_population
20240,LPLC2,left,acetylcholine,23665,LPLC2,left,6,0.03488372093023256,intra_population
100103,LPLC2,left,acetylcholine,22557,LPLC2,left,6,0.03488372093023256,intra_population
100103,LPLC2,left,acetylcholine,13764,LPLC2,left,6,0.03488372093023256,intra_population
33185,LPLC2,right,acetylcholine,24187,LPLC2,right,6,0.03488372093023256,intra_population
20572,LC4,left,acetylcholine,512705,LC4,left,6,0.03488372093023256,intra_population
22261,LPLC2,right,acetylcholine,32507,LPLC2,right,6,0.03488372093023256,intra_population
25575,LPLC2,left,acetylcholine,20329,LPLC2,left,6,0.03488372093023256,intra_population
21318,LPLC2,right,acetylcholine,19034,LPLC2,right,6,0.03488372093023256,intra_population
25572,LPLC2,left,acetylcholine,19787,LPLC2,left,6,0.03488372093023256,intra_population
23550,LPLC2,left,acetylcholine,34655,LPLC2,left,6,0.03488372093023256,intra_population
29873,LPLC2,right,acetylcholine,26915,LPLC2,right,6,0.03488372093023256,intra_population
23497,LPLC2,right,acetylcholine,33694,LPLC2,right,6,0.03488372093023256,intra_population
81112,LC4,left,acetylcholine,518544,LC4,left,6,0.03488372093023256,intra_population
81112,LC4,left,acetylcholine,514508,LC4,left,6,0.03488372093023256,intra_population
33439,LPLC2,right,acetylcholine,11137,DNp04,right,6,0.03488372093023256,visual_to_readout
81112,LC4,left,acetylcholine,107513,LC4,left,6,0.03488372093023256,intra_population
81112,LC4,left,acetylcholine,533129,LC4,left,6,0.03488372093023256,intra_population
29183,LPLC2,right,acetylcholine,25511,LPLC2,right,6,0.03488372093023256,intra_population
21318,LPLC2,right,acetylcholine,18672,LPLC2,right,6,0.03488372093023256,intra_population
23550,LPLC2,left,acetylcholine,29955,LPLC2,left,6,0.03488372093023256,intra_population
25572,LPLC2,left,acetylcholine,517819,LPLC2,left,6,0.03488372093023256,intra_population
21313,LC4,right,acetylcholine,20673,LC4,right,6,0.03488372093023256,intra_population
16917,LC4,left,acetylcholine,10228,DNp06,left,6,0.03488372093023256,visual_to_readout
29873,LPLC2,right,acetylcholine,25253,LPLC2,right,6,0.03488372093023256,intra_population
25572,LPLC2,left,acetylcholine,20799,LPLC2,left,6,0.03488372093023256,intra_population
14030,LPLC2,left,acetylcholine,515900,LC4,left,6,0.03488372093023256,cross_visual
33965,LPLC2,left,acetylcholine,520764,LPLC2,left,6,0.03488372093023256,intra_population
25584,LC4,right,acetylcholine,10584,DNp06,right,6,0.03488372093023256,visual_to_readout
41097,LPLC2,left,acetylcholine,26528,LPLC2,left,6,0.03488372093023256,intra_population
41097,LPLC2,left,acetylcholine,25209,LPLC2,left,6,0.03488372093023256,intra_population
29753,LPLC2,left,acetylcholine,525844,LPLC2,left,6,0.03488372093023256,intra_population
17364,LC4,right,acetylcholine,17054,LC4,right,6,0.03488372093023256,intra_population
29216,LPLC2,right,acetylcholine,26147,LPLC2,right,6,0.03488372093023256,intra_population
33439,LPLC2,right,acetylcholine,28871,LPLC2,right,6,0.03488372093023256,intra_population
21361,LPLC2,left,acetylcholine,29815,LPLC2,left,6,0.03488372093023256,intra_population
55627,LPLC2,right,acetylcholine,35889,LPLC2,right,6,0.03488372093023256,intra_population
17059,LPLC2,left,acetylcholine,533895,LPLC2,left,6,0.03488372093023256,intra_population
95241,LPLC2,left,acetylcholine,13764,LPLC2,left,6,0.03488372093023256,intra_population
23550,LPLC2,left,acetylcholine,15804,LPLC2,left,6,0.03488372093023256,intra_population
21318,LPLC2,right,acetylcholine,19589,LPLC2,right,6,0.03488372093023256,intra_population
25572,LPLC2,left,acetylcholine,525844,LPLC2,left,6,0.03488372093023256,intra_population
25572,LPLC2,left,acetylcholine,33303,LPLC2,left,6,0.03488372093023256,intra_population
33439,LPLC2,right,acetylcholine,37925,LPLC2,right,6,0.03488372093023256,intra_population
25511,LPLC2,right,acetylcholine,29873,LPLC2,right,6,0.03488372093023256,intra_population
16138,LC4,right,acetylcholine,38065,LC4,right,6,0.03488372093023256,intra_population
14030,LPLC2,left,acetylcholine,20240,LPLC2,left,6,0.03488372093023256,intra_population
29955,LPLC2,left,acetylcholine,34655,LPLC2,left,6,0.03488372093023256,intra_population
25511,LPLC2,right,acetylcholine,35889,LPLC2,right,6,0.03488372093023256,intra_population
21361,LPLC2,left,acetylcholine,18900,LPLC2,left,6,0.03488372093023256,intra_population
77614,LC4,left,acetylcholine,17340,LC4,left,6,0.03488372093023256,intra_population
25575,LPLC2,left,acetylcholine,24568,LPLC2,left,6,0.03488372093023256,intra_population
29955,LPLC2,left,acetylcholine,32237,LPLC2,left,6,0.03488372093023256,intra_population
26416,LPLC2,left,acetylcholine,24568,LPLC2,left,6,0.03488372093023256,intra_population
21361,LPLC2,left,acetylcholine,23665,LPLC2,left,6,0.03488372093023256,intra_population
21361,LPLC2,left,acetylcholine,24568,LPLC2,left,6,0.03488372093023256,intra_population
21361,LPLC2,left,acetylcholine,24605,LPLC2,left,6,0.03488372093023256,intra_population
29955,LPLC2,left,acetylcholine,40811,LPLC2,left,6,0.03488372093023256,intra_population
25511,LPLC2,right,acetylcholine,37613,LPLC2,right,6,0.03488372093023256,intra_population
77614,LC4,left,acetylcholine,20967,LC4,left,6,0.03488372093023256,intra_population
77614,LC4,left,acetylcholine,29469,LC4,left,6,0.03488372093023256,intra_population
33439,LPLC2,right,acetylcholine,33396,LPLC2,right,6,0.03488372093023256,intra_population
25572,LPLC2,left,acetylcholine,27023,LPLC2,left,6,0.03488372093023256,intra_population
25572,LPLC2,left,acetylcholine,531014,LPLC2,left,6,0.03488372093023256,intra_population
21318,LPLC2,right,acetylcholine,18189,LC4,right,6,0.03488372093023256,cross_visual
95241,LPLC2,left,acetylcholine,17059,LPLC2,left,6,0.03488372093023256,intra_population
14030,LPLC2,left,acetylcholine,14888,LC4,left,6,0.03488372093023256,cross_visual
23550,LPLC2,left,acetylcholine,25027,LPLC2,left,6,0.03488372093023256,intra_population
95241,LPLC2,left,acetylcholine,14030,LPLC2,left,6,0.03488372093023256,intra_population
29417,LC4,left,acetylcholine,514956,LC4,left,6,0.03488372093023256,intra_population
25511,LPLC2,right,acetylcholine,35632,LPLC2,right,6,0.03488372093023256,intra_population
21318,LPLC2,right,acetylcholine,17054,LC4,right,6,0.03488372093023256,cross_visual
29873,LPLC2,right,acetylcholine,21318,LPLC2,right,6,0.03488372093023256,intra_population
95241,LPLC2,left,acetylcholine,15804,LPLC2,left,6,0.03488372093023256,intra_population
17880,LPLC2,left,acetylcholine,23349,LPLC2,left,6,0.03488372093023256,intra_population
29417,LC4,left,acetylcholine,35262,LC4,left,6,0.03488372093023256,intra_population
25524,LPLC2,left,acetylcholine,33303,LPLC2,left,6,0.03488372093023256,intra_population
30041,LPLC2,right,acetylcholine,33439,LPLC2,right,6,0.03488372093023256,intra_population
33965,LPLC2,left,acetylcholine,524366,LPLC2,left,6,0.03488372093023256,intra_population
30041,LPLC2,right,acetylcholine,32507,LPLC2,right,6,0.03488372093023256,intra_population
55627,LPLC2,right,acetylcholine,33694,LPLC2,right,6,0.03488372093023256,intra_population
23590,LPLC2,right,acetylcholine,31964,LPLC2,right,6,0.03488372093023256,intra_population
25497,LPLC2,right,acetylcholine,21862,LPLC2,right,6,0.03488372093023256,intra_population
25497,LPLC2,right,acetylcholine,20269,LPLC2,right,6,0.03488372093023256,intra_population
21562,LPLC2,right,acetylcholine,20535,LPLC2,right,6,0.03488372093023256,intra_population
50287,LPLC2,right,acetylcholine,38542,LPLC2,right,6,0.03488372093023256,intra_population
21361,LPLC2,left,acetylcholine,34407,LPLC2,left,6,0.03488372093023256,intra_population
25511,LPLC2,right,acetylcholine,25636,LPLC2,right,6,0.03488372093023256,intra_population
25575,LPLC2,left,acetylcholine,112292,LPLC2,left,6,0.03488372093023256,intra_population
21361,LPLC2,left,acetylcholine,95241,LPLC2,left,6,0.03488372093023256,intra_population
29815,LPLC2,left,acetylcholine,33965,LPLC2,left,6,0.03488372093023256,intra_population
25575,LPLC2,left,acetylcholine,24840,LPLC2,left,6,0.03488372093023256,intra_population
23497,LPLC2,right,acetylcholine,21899,LPLC2,right,6,0.03488372093023256,intra_population
25497,LPLC2,right,acetylcholine,28003,LPLC2,right,6,0.03488372093023256,intra_population
29986,LPLC2,right,acetylcholine,20182,LPLC2,right,6,0.03488372093023256,intra_population
21703,LPLC2,right,acetylcholine,14465,LPLC2,right,6,0.03488372093023256,intra_population
17551,LPLC2,right,acetylcholine,23878,LPLC2,right,6,0.03488372093023256,intra_population
29986,LPLC2,right,acetylcholine,21225,LC4,right,6,0.03488372093023256,cross_visual
17860,LC4,right,acetylcholine,18189,LC4,right,6,0.03488372093023256,intra_population
26915,LPLC2,right,acetylcholine,24800,LPLC2,right,6,0.03488372093023256,intra_population
32597,LC4,left,acetylcholine,514956,LC4,left,6,0.03488372093023256,intra_population
25636,LPLC2,right,acetylcholine,25511,LPLC2,right,6,0.03488372093023256,intra_population
17551,LPLC2,right,acetylcholine,22677,LPLC2,right,6,0.03488372093023256,intra_population
33965,LPLC2,left,acetylcholine,30512,LPLC2,left,6,0.03488372093023256,intra_population
29815,LPLC2,left,acetylcholine,29319,LPLC2,left,6,0.03488372093023256,intra_population
23590,LPLC2,right,acetylcholine,30938,LPLC2,right,6,0.03488372093023256,intra_population
27023,LPLC2,left,acetylcholine,524366,LPLC2,left,6,0.03488372093023256,intra_population
25497,LPLC2,right,acetylcholine,23590,LPLC2,right,6,0.03488372093023256,intra_population
30041,LPLC2,right,acetylcholine,22194,LC4,right,6,0.03488372093023256,cross_visual
21562,LPLC2,right,acetylcholine,24268,LPLC2,right,6,0.03488372093023256,intra_population
50287,LPLC2,right,acetylcholine,22218,LPLC2,right,6,0.03488372093023256,intra_population
25497,LPLC2,right,acetylcholine,21808,LPLC2,right,6,0.03488372093023256,intra_population
41097,LPLC2,left,acetylcholine,536444,LPLC2,left,6,0.03488372093023256,intra_population
17551,LPLC2,right,acetylcholine,20269,LPLC2,right,6,0.03488372093023256,intra_population
29986,LPLC2,right,acetylcholine,23878,LPLC2,right,6,0.03488372093023256,intra_population
29216,LPLC2,right,acetylcholine,25636,LPLC2,right,6,0.03488372093023256,intra_population
25497,LPLC2,right,acetylcholine,20047,LPLC2,right,6,0.03488372093023256,intra_population
30207,LPLC2,right,acetylcholine,10584,DNp06,right,6,0.03488372093023256,visual_to_readout
17270,LC4,left,acetylcholine,20967,LC4,left,6,0.03488372093023256,intra_population
30207,LPLC2,right,acetylcholine,21862,LPLC2,right,6,0.03488372093023256,intra_population
21769,LPLC2,right,acetylcholine,19549,LPLC2,right,6,0.03488372093023256,intra_population
29753,LPLC2,left,acetylcholine,33303,LPLC2,left,6,0.03488372093023256,intra_population
17775,LPLC2,left,acetylcholine,514670,LPLC2,left,6,0.03488372093023256,intra_population
29753,LPLC2,left,acetylcholine,521115,LPLC2,left,6,0.03488372093023256,intra_population
21721,LC4,left,acetylcholine,535341,LC4,left,6,0.03488372093023256,intra_population
30087,LC4,left,acetylcholine,34845,LC4,left,6,0.03488372093023256,intra_population
16628,LC4,right,acetylcholine,17668,LC4,right,6,0.03488372093023256,intra_population
25575,LPLC2,left,acetylcholine,517819,LPLC2,left,6,0.03488372093023256,intra_population
21703,LPLC2,right,acetylcholine,20584,LPLC2,right,6,0.03488372093023256,intra_population
25497,LPLC2,right,acetylcholine,18672,LPLC2,right,6,0.03488372093023256,intra_population
21703,LPLC2,right,acetylcholine,22218,LPLC2,right,6,0.03488372093023256,intra_population
17775,LPLC2,left,acetylcholine,95241,LPLC2,left,6,0.03488372093023256,intra_population
21721,LC4,left,acetylcholine,519650,LC4,left,6,0.03488372093023256,intra_population
14465,LPLC2,right,acetylcholine,30938,LPLC2,right,6,0.03488372093023256,intra_population
25497,LPLC2,right,acetylcholine,19229,LPLC2,right,6,0.03488372093023256,intra_population
55627,LPLC2,right,acetylcholine,10584,DNp06,right,6,0.03488372093023256,visual_to_readout
29986,LPLC2,right,acetylcholine,24268,LPLC2,right,6,0.03488372093023256,intra_population
21562,LPLC2,right,acetylcholine,20269,LPLC2,right,6,0.03488372093023256,intra_population
55627,LPLC2,right,acetylcholine,29598,LPLC2,right,6,0.03488372093023256,intra_population
21361,LPLC2,left,acetylcholine,32737,LPLC2,left,6,0.03488372093023256,intra_population
41097,LPLC2,left,acetylcholine,524366,LPLC2,left,6,0.03488372093023256,intra_population
21721,LC4,left,acetylcholine,28980,LC4,left,6,0.03488372093023256,intra_population
29216,LPLC2,right,acetylcholine,26730,LPLC2,right,6,0.03488372093023256,intra_population
30087,LC4,left,acetylcholine,111787,LC4,left,6,0.03488372093023256,intra_population
41097,LPLC2,left,acetylcholine,19911,LPLC2,left,6,0.03488372093023256,intra_population
25316,LPLC2,right,acetylcholine,10001,DNp01,right,6,0.03488372093023256,visual_to_readout
27023,LPLC2,left,acetylcholine,31563,LPLC2,left,6,0.03488372093023256,intra_population
21721,LC4,left,acetylcholine,516909,LC4,left,6,0.03488372093023256,intra_population
40841,LPLC2,left,acetylcholine,521115,LPLC2,left,6,0.03488372093023256,intra_population
25575,LPLC2,left,acetylcholine,21361,LPLC2,left,6,0.03488372093023256,intra_population
23497,LPLC2,right,acetylcholine,30041,LPLC2,right,6,0.03488372093023256,intra_population
15804,LPLC2,left,acetylcholine,17880,LPLC2,left,6,0.03488372093023256,intra_population
81112,LC4,left,acetylcholine,31308,LC4,left,6,0.03488372093023256,intra_population
27023,LPLC2,left,acetylcholine,25572,LPLC2,left,6,0.03488372093023256,intra_population
29216,LPLC2,right,acetylcholine,31964,LPLC2,right,6,0.03488372093023256,intra_population
25267,LPLC2,right,acetylcholine,31988,LPLC2,right,6,0.03488372093023256,intra_population
34051,LPLC2,left,acetylcholine,19911,LPLC2,left,6,0.03488372093023256,intra_population
29753,LPLC2,left,acetylcholine,23919,LPLC2,left,6,0.03488372093023256,intra_population
40811,LPLC2,left,acetylcholine,28011,LPLC2,left,6,0.03488372093023256,intra_population
29287,LPLC2,right,acetylcholine,25253,LPLC2,right,6,0.03488372093023256,intra_population
23665,LPLC2,left,acetylcholine,28011,LPLC2,left,6,0.03488372093023256,intra_population
25267,LPLC2,right,acetylcholine,25316,LPLC2,right,6,0.03488372093023256,intra_population
21769,LPLC2,right,acetylcholine,35632,LPLC2,right,6,0.03488372093023256,intra_population
37925,LPLC2,right,acetylcholine,30803,LC4,right,6,0.03488372093023256,cross_visual
16128,LC4,right,acetylcholine,22194,LC4,right,6,0.03488372093023256,intra_population
33396,LPLC2,right,acetylcholine,25511,LPLC2,right,6,0.03488372093023256,intra_population
14888,LC4,left,acetylcholine,35616,LC4,left,6,0.03488372093023256,intra_population
33303,LPLC2,left,acetylcholine,25572,LPLC2,left,6,0.03488372093023256,intra_population
30480,LC4,right,acetylcholine,23792,LC4,right,6,0.03488372093023256,intra_population
25267,LPLC2,right,acetylcholine,35889,LPLC2,right,6,0.03488372093023256,intra_population
33396,LPLC2,right,acetylcholine,29598,LPLC2,right,6,0.03488372093023256,intra_population
21862,LPLC2,right,acetylcholine,29014,LPLC2,right,6,0.03488372093023256,intra_population
38065,LC4,right,acetylcholine,20588,LC4,right,6,0.03488372093023256,intra_population
17775,LPLC2,left,acetylcholine,25854,LPLC2,left,6,0.03488372093023256,intra_population
21862,LPLC2,right,acetylcholine,10584,DNp06,right,6,0.03488372093023256,visual_to_readout
39620,LPLC2,right,acetylcholine,31988,LPLC2,right,6,0.03488372093023256,intra_population
23665,LPLC2,left,acetylcholine,40841,LPLC2,left,6,0.03488372093023256,intra_population
16128,LC4,right,acetylcholine,19550,LC4,right,6,0.03488372093023256,intra_population
21862,LPLC2,right,acetylcholine,19229,LPLC2,right,6,0.03488372093023256,intra_population
23349,LPLC2,left,acetylcholine,26528,LPLC2,left,6,0.03488372093023256,intra_population
38542,LPLC2,right,acetylcholine,34681,LPLC2,right,6,0.03488372093023256,intra_population
29287,LPLC2,right,acetylcholine,21045,LPLC2,right,6,0.03488372093023256,intra_population
25253,LPLC2,right,acetylcholine,22261,LPLC2,right,6,0.03488372093023256,intra_population
21862,LPLC2,right,acetylcholine,19034,LPLC2,right,6,0.03488372093023256,intra_population
39620,LPLC2,right,acetylcholine,34110,LPLC2,right,6,0.03488372093023256,intra_population
29391,LPLC2,right,acetylcholine,37925,LPLC2,right,6,0.03488372093023256,intra_population
40841,LPLC2,left,acetylcholine,25209,LPLC2,left,6,0.03488372093023256,intra_population
16138,LC4,right,acetylcholine,18127,LC4,right,6,0.03488372093023256,intra_population
34110,LPLC2,right,acetylcholine,33694,LPLC2,right,6,0.03488372093023256,intra_population
25267,LPLC2,right,acetylcholine,20282,LC4,right,6,0.03488372093023256,cross_visual
21899,LPLC2,right,acetylcholine,17926,LC4,right,6,0.03488372093023256,cross_visual
21899,LPLC2,right,acetylcholine,18672,LPLC2,right,6,0.03488372093023256,intra_population
21804,LC4,right,acetylcholine,22328,LC4,right,6,0.03488372093023256,intra_population
21899,LPLC2,right,acetylcholine,19146,LPLC2,right,6,0.03488372093023256,intra_population
21899,LPLC2,right,acetylcholine,20103,LPLC2,right,6,0.03488372093023256,intra_population
30512,LPLC2,left,acetylcholine,32237,LPLC2,left,6,0.03488372093023256,intra_population
25636,LPLC2,right,acetylcholine,25253,LPLC2,right,6,0.03488372093023256,intra_population
14102,LPLC2,left,acetylcholine,17059,LPLC2,left,6,0.03488372093023256,intra_population
25267,LPLC2,right,acetylcholine,20584,LPLC2,right,6,0.03488372093023256,intra_population
40811,LPLC2,left,acetylcholine,18900,LPLC2,left,6,0.03488372093023256,intra_population
30895,LPLC2,left,acetylcholine,40841,LPLC2,left,6,0.03488372093023256,intra_population
29216,LPLC2,right,acetylcholine,35680,LPLC2,right,6,0.03488372093023256,intra_population
21899,LPLC2,right,acetylcholine,19549,LPLC2,right,6,0.03488372093023256,intra_population
33185,LPLC2,right,acetylcholine,24118,LPLC2,right,6,0.03488372093023256,intra_population
29469,LC4,left,acetylcholine,514956,LC4,left,6,0.03488372093023256,intra_population
17775,LPLC2,left,acetylcholine,23247,LPLC2,left,6,0.03488372093023256,intra_population
23665,LPLC2,left,acetylcholine,23550,LPLC2,left,6,0.03488372093023256,intra_population
17775,LPLC2,left,acetylcholine,20240,LPLC2,left,6,0.03488372093023256,intra_population
40841,LPLC2,left,acetylcholine,25027,LPLC2,left,6,0.03488372093023256,intra_population
37613,LPLC2,right,acetylcholine,31988,LPLC2,right,6,0.03488372093023256,intra_population
29702,LPLC2,left,acetylcholine,34655,LPLC2,left,6,0.03488372093023256,intra_population
25286,LPLC2,left,acetylcholine,10010,DNp01,left,6,0.03488372093023256,visual_to_readout
34051,LPLC2,left,acetylcholine,17544,LPLC2,left,6,0.03488372093023256,intra_population
37613,LPLC2,right,acetylcholine,35889,LPLC2,right,6,0.03488372093023256,intra_population
30938,LPLC2,right,acetylcholine,21562,LPLC2,right,6,0.03488372093023256,intra_population
30512,LPLC2,left,acetylcholine,34407,LPLC2,left,6,0.03488372093023256,intra_population
40841,LPLC2,left,acetylcholine,19911,LPLC2,left,6,0.03488372093023256,intra_population
23792,LC4,right,acetylcholine,25584,LC4,right,6,0.03488372093023256,intra_population
37613,LPLC2,right,acetylcholine,33396,LPLC2,right,6,0.03488372093023256,intra_population
17340,LC4,left,acetylcholine,17478,LC4,left,6,0.03488372093023256,intra_population
30480,LC4,right,acetylcholine,527408,LC4,right,6,0.03488372093023256,intra_population
21899,LPLC2,right,acetylcholine,19589,LPLC2,right,6,0.03488372093023256,intra_population
34051,LPLC2,left,acetylcholine,520764,LPLC2,left,6,0.03488372093023256,intra_population
38065,LC4,right,acetylcholine,20282,LC4,right,6,0.03488372093023256,intra_population
30803,LC4,right,acetylcholine,20282,LC4,right,6,0.03488372093023256,intra_population
23665,LPLC2,left,acetylcholine,30895,LPLC2,left,6,0.03488372093023256,intra_population
21808,LPLC2,right,acetylcholine,29598,LPLC2,right,6,0.03488372093023256,intra_population
16128,LC4,right,acetylcholine,20399,LC4,right,6,0.03488372093023256,intra_population
21808,LPLC2,right,acetylcholine,29287,LPLC2,right,6,0.03488372093023256,intra_population
25253,LPLC2,right,acetylcholine,29287,LPLC2,right,6,0.03488372093023256,intra_population
29287,LPLC2,right,acetylcholine,24187,LPLC2,right,6,0.03488372093023256,intra_population
23349,LPLC2,left,acetylcholine,517819,LPLC2,left,6,0.03488372093023256,intra_population
33303,LPLC2,left,acetylcholine,34655,LPLC2,left,6,0.03488372093023256,intra_population
30207,LPLC2,right,acetylcholine,37613,LPLC2,right,6,0.03488372093023256,intra_population
16628,LC4,right,acetylcholine,20016,LC4,right,6,0.03488372093023256,intra_population
23349,LPLC2,left,acetylcholine,531014,LPLC2,left,6,0.03488372093023256,intra_population
39620,LPLC2,right,acetylcholine,26393,LPLC2,right,6,0.03488372093023256,intra_population
21808,LPLC2,right,acetylcholine,22218,LPLC2,right,6,0.03488372093023256,intra_population
33303,LPLC2,left,acetylcholine,32737,LPLC2,left,6,0.03488372093023256,intra_population
33303,LPLC2,left,acetylcholine,533895,LPLC2,left,6,0.03488372093023256,intra_population
41097,LPLC2,left,acetylcholine,23665,LPLC2,left,6,0.03488372093023256,intra_population
29753,LPLC2,left,acetylcholine,25136,LPLC2,left,6,0.03488372093023256,intra_population
21769,LPLC2,right,acetylcholine,20182,LPLC2,right,6,0.03488372093023256,intra_population
23550,LPLC2,left,acetylcholine,525844,LPLC2,left,6,0.03488372093023256,intra_population
29873,LPLC2,right,acetylcholine,39620,LPLC2,right,6,0.03488372093023256,intra_population
16628,LC4,right,acetylcholine,17054,LC4,right,6,0.03488372093023256,intra_population
25524,LPLC2,left,acetylcholine,27355,LPLC2,left,6,0.03488372093023256,intra_population
26416,LPLC2,left,acetylcholine,19830,LPLC2,left,6,0.03488372093023256,intra_population
25524,LPLC2,left,acetylcholine,24840,LPLC2,left,6,0.03488372093023256,intra_population
25575,LPLC2,left,acetylcholine,17880,LPLC2,left,6,0.03488372093023256,intra_population
21336,LC4,right,acetylcholine,17987,LC4,right,6,0.03488372093023256,intra_population
29815,LPLC2,left,acetylcholine,41097,LPLC2,left,6,0.03488372093023256,intra_population
17340,LC4,left,acetylcholine,111787,LC4,left,6,0.03488372093023256,intra_population
23497,LPLC2,right,acetylcholine,26393,LPLC2,right,6,0.03488372093023256,intra_population
29955,LPLC2,left,acetylcholine,19911,LPLC2,left,6,0.03488372093023256,intra_population
25524,LPLC2,left,acetylcholine,22253,LPLC2,left,6,0.03488372093023256,intra_population
29469,LC4,left,acetylcholine,16917,LC4,left,6,0.03488372093023256,intra_population
21361,LPLC2,left,acetylcholine,12384,LPLC2,left,6,0.03488372093023256,intra_population
39620,LPLC2,right,acetylcholine,29287,LPLC2,right,6,0.03488372093023256,intra_population
39620,LPLC2,right,acetylcholine,29391,LPLC2,right,6,0.03488372093023256,intra_population
23349,LPLC2,left,acetylcholine,29702,LPLC2,left,6,0.03488372093023256,intra_population
30893,LPLC2,left,acetylcholine,27624,LC4,left,6,0.03488372093023256,cross_visual
38065,LC4,right,acetylcholine,31262,LC4,right,6,0.03488372093023256,intra_population
23349,LPLC2,left,acetylcholine,41097,LPLC2,left,6,0.03488372093023256,intra_population
30893,LPLC2,left,acetylcholine,524366,LPLC2,left,6,0.03488372093023256,intra_population
38542,LPLC2,right,acetylcholine,26147,LPLC2,right,6,0.03488372093023256,intra_population
30893,LPLC2,left,acetylcholine,520764,LPLC2,left,6,0.03488372093023256,intra_population
33303,LPLC2,left,acetylcholine,40811,LPLC2,left,6,0.03488372093023256,intra_population
26915,LPLC2,right,acetylcholine,37925,LPLC2,right,6,0.03488372093023256,intra_population
33303,LPLC2,left,acetylcholine,531014,LPLC2,left,6,0.03488372093023256,intra_population
25209,LPLC2,left,acetylcholine,517819,LPLC2,left,6,0.03488372093023256,intra_population
17551,LPLC2,right,acetylcholine,16128,LC4,right,6,0.03488372093023256,cross_visual
25253,LPLC2,right,acetylcholine,21562,LPLC2,right,6,0.03488372093023256,intra_population
21862,LPLC2,right,acetylcholine,20182,LPLC2,right,6,0.03488372093023256,intra_population
26393,LPLC2,right,acetylcholine,21045,LPLC2,right,6,0.03488372093023256,intra_population
30893,LPLC2,left,acetylcholine,10010,DNp01,left,6,0.03488372093023256,visual_to_readout
17364,LC4,right,acetylcholine,21225,LC4,right,6,0.03488372093023256,intra_population
34110,LPLC2,right,acetylcholine,29014,LPLC2,right,6,0.03488372093023256,intra_population
17775,LPLC2,left,acetylcholine,26528,LPLC2,left,6,0.03488372093023256,intra_population
17551,LPLC2,right,acetylcholine,25511,LPLC2,right,6,0.03488372093023256,intra_population
25209,LPLC2,left,acetylcholine,33406,LPLC2,left,6,0.03488372093023256,intra_population
39620,LPLC2,right,acetylcholine,29598,LPLC2,right,6,0.03488372093023256,intra_population
17775,LPLC2,left,acetylcholine,27399,LPLC2,left,6,0.03488372093023256,intra_population
33303,LPLC2,left,acetylcholine,29702,LPLC2,left,6,0.03488372093023256,intra_population
17775,LPLC2,left,acetylcholine,27716,LPLC2,left,6,0.03488372093023256,intra_population
30895,LPLC2,left,acetylcholine,30512,LPLC2,left,6,0.03488372093023256,intra_population
21808,LPLC2,right,acetylcholine,19608,LPLC2,right,6,0.03488372093023256,intra_population
39620,LPLC2,right,acetylcholine,20162,LPLC2,right,6,0.03488372093023256,intra_population
21808,LPLC2,right,acetylcholine,19589,LPLC2,right,6,0.03488372093023256,intra_population
17775,LPLC2,left,acetylcholine,27796,LPLC2,left,6,0.03488372093023256,intra_population
34051,LPLC2,left,acetylcholine,32237,LPLC2,left,6,0.03488372093023256,intra_population
21808,LPLC2,right,acetylcholine,17266,LC4,right,6,0.03488372093023256,cross_visual
39620,LPLC2,right,acetylcholine,30803,LC4,right,6,0.03488372093023256,cross_visual
16128,LC4,right,acetylcholine,21165,LC4,right,6,0.03488372093023256,intra_population
16809,LC4,left,acetylcholine,29417,LC4,left,6,0.03488372093023256,intra_population
21862,LPLC2,right,acetylcholine,24268,LPLC2,right,6,0.03488372093023256,intra_population
34407,LPLC2,left,acetylcholine,515971,LPLC2,left,6,0.03488372093023256,intra_population
22772,LC4,left,acetylcholine,18478,LC4,left,6,0.03488372093023256,intra_population
24840,LPLC2,left,acetylcholine,29319,LPLC2,left,6,0.03488372093023256,intra_population
34372,LPLC2,right,acetylcholine,31988,LPLC2,right,6,0.03488372093023256,intra_population
29391,LPLC2,right,acetylcholine,31964,LPLC2,right,6,0.03488372093023256,intra_population
33185,LPLC2,right,acetylcholine,30041,LPLC2,right,6,0.03488372093023256,intra_population
31262,LC4,right,acetylcholine,29563,LC4,right,6,0.03488372093023256,intra_population
22218,LPLC2,right,acetylcholine,31257,LPLC2,right,6,0.03488372093023256,intra_population
22218,LPLC2,right,acetylcholine,29986,LPLC2,right,6,0.03488372093023256,intra_population
31257,LPLC2,right,acetylcholine,30041,LPLC2,right,6,0.03488372093023256,intra_population
17478,LC4,left,acetylcholine,17653,LC4,left,6,0.03488372093023256,intra_population
22218,LPLC2,right,acetylcholine,23098,LC4,right,6,0.03488372093023256,cross_visual
25027,LPLC2,left,acetylcholine,30893,LPLC2,left,6,0.03488372093023256,intra_population
29702,LPLC2,left,acetylcholine,24840,LPLC2,left,6,0.03488372093023256,intra_population
25027,LPLC2,left,acetylcholine,27716,LPLC2,left,6,0.03488372093023256,intra_population
25027,LPLC2,left,acetylcholine,27399,LPLC2,left,6,0.03488372093023256,intra_population
25027,LPLC2,left,acetylcholine,27355,LPLC2,left,6,0.03488372093023256,intra_population
17608,LC4,left,acetylcholine,15018,LC4,left,6,0.03488372093023256,intra_population
24840,LPLC2,left,acetylcholine,32223,LPLC2,left,6,0.03488372093023256,intra_population
17548,LC4,right,acetylcholine,21151,LC4,right,6,0.03488372093023256,intra_population
23349,LPLC2,left,acetylcholine,12384,LPLC2,left,6,0.03488372093023256,intra_population
25136,LPLC2,left,acetylcholine,25209,LPLC2,left,6,0.03488372093023256,intra_population
25136,LPLC2,left,acetylcholine,24308,LPLC2,left,6,0.03488372093023256,intra_population
22034,LC4,right,acetylcholine,30803,LC4,right,6,0.03488372093023256,intra_population
22218,LPLC2,right,acetylcholine,21769,LPLC2,right,6,0.03488372093023256,intra_population
25854,LPLC2,left,acetylcholine,10228,DNp06,left,6,0.03488372093023256,visual_to_readout
25027,LPLC2,left,acetylcholine,30895,LPLC2,left,6,0.03488372093023256,intra_population
29702,LPLC2,left,acetylcholine,24308,LPLC2,left,6,0.03488372093023256,intra_population
31257,LPLC2,right,acetylcholine,35838,LPLC2,right,6,0.03488372093023256,intra_population
29287,LPLC2,right,acetylcholine,29391,LPLC2,right,6,0.03488372093023256,intra_population
14888,LC4,left,acetylcholine,518983,LC4,left,6,0.03488372093023256,intra_population
31257,LPLC2,right,acetylcholine,34681,LPLC2,right,6,0.03488372093023256,intra_population
23349,LPLC2,left,acetylcholine,10228,DNp06,left,6,0.03488372093023256,visual_to_readout
37431,LPLC2,right,acetylcholine,27471,LPLC2,right,6,0.03488372093023256,intra_population
37431,LPLC2,right,acetylcholine,26730,LPLC2,right,6,0.03488372093023256,intra_population
25027,LPLC2,left,acetylcholine,27023,LPLC2,left,6,0.03488372093023256,intra_population
22218,LPLC2,right,acetylcholine,26730,LPLC2,right,6,0.03488372093023256,intra_population
17774,LPLC2,left,acetylcholine,518731,LPLC2,left,6,0.03488372093023256,intra_population
23929,LC4,right,acetylcholine,38065,LC4,right,6,0.03488372093023256,intra_population
17544,LPLC2,left,acetylcholine,531898,DNp04,left,6,0.03488372093023256,visual_to_readout
29514,LC4,left,acetylcholine,512366,LC4,left,6,0.03488372093023256,intra_population
24308,LPLC2,left,acetylcholine,27399,LPLC2,left,6,0.03488372093023256,intra_population
24308,LPLC2,left,acetylcholine,27355,LPLC2,left,6,0.03488372093023256,intra_population
23098,LC4,right,acetylcholine,21313,LC4,right,6,0.03488372093023256,intra_population
22772,LC4,left,acetylcholine,526286,LC4,left,6,0.03488372093023256,intra_population
15018,LC4,left,acetylcholine,16917,LC4,left,6,0.03488372093023256,intra_population
23929,LC4,right,acetylcholine,28945,LC4,right,6,0.03488372093023256,intra_population
32237,LPLC2,left,acetylcholine,27355,LPLC2,left,6,0.03488372093023256,intra_population
17668,LC4,right,acetylcholine,16128,LC4,right,6,0.03488372093023256,intra_population
32737,LPLC2,left,acetylcholine,35294,LPLC2,left,6,0.03488372093023256,intra_population
24308,LPLC2,left,acetylcholine,30893,LPLC2,left,6,0.03488372093023256,intra_population
22847,LC4,right,acetylcholine,17266,LC4,right,6,0.03488372093023256,intra_population
32223,LPLC2,left,acetylcholine,41097,LPLC2,left,6,0.03488372093023256,intra_population
22772,LC4,left,acetylcholine,524899,LC4,left,6,0.03488372093023256,intra_population
22772,LC4,left,acetylcholine,517752,LC4,left,6,0.03488372093023256,intra_population
25027,LPLC2,left,acetylcholine,25854,LPLC2,left,6,0.03488372093023256,intra_population
23349,LPLC2,left,acetylcholine,13764,LPLC2,left,6,0.03488372093023256,intra_population
23349,LPLC2,left,acetylcholine,17775,LPLC2,left,6,0.03488372093023256,intra_population
17478,LC4,left,acetylcholine,17340,LC4,left,6,0.03488372093023256,intra_population
25027,LPLC2,left,acetylcholine,23247,LPLC2,left,6,0.03488372093023256,intra_population
22218,LPLC2,right,acetylcholine,28044,LPLC2,right,6,0.03488372093023256,intra_population
14102,LPLC2,left,acetylcholine,25575,LPLC2,left,6,0.03488372093023256,intra_population
25854,LPLC2,left,acetylcholine,20240,LPLC2,left,6,0.03488372093023256,intra_population
17270,LC4,left,acetylcholine,12349,LC4,left,6,0.03488372093023256,intra_population
24308,LPLC2,left,acetylcholine,28188,LPLC2,left,6,0.03488372093023256,intra_population
29469,LC4,left,acetylcholine,517752,LC4,left,6,0.03488372093023256,intra_population
24568,LPLC2,left,acetylcholine,518731,LPLC2,left,6,0.03488372093023256,intra_population
23878,LPLC2,right,acetylcholine,37431,LPLC2,right,6,0.03488372093023256,intra_population
26147,LPLC2,right,acetylcholine,30207,LPLC2,right,6,0.03488372093023256,intra_population
35262,LC4,left,acetylcholine,32597,LC4,left,6,0.03488372093023256,intra_population
17653,LC4,left,acetylcholine,18432,LC4,left,6,0.03488372093023256,intra_population
15804,LPLC2,left,acetylcholine,533895,LPLC2,left,6,0.03488372093023256,intra_population
37613,LPLC2,right,acetylcholine,18929,LPLC2,right,6,0.03488372093023256,intra_population
29287,LPLC2,right,acetylcholine,26147,LPLC2,right,6,0.03488372093023256,intra_population
17266,LC4,right,acetylcholine,29563,LC4,right,6,0.03488372093023256,intra_population
17774,LPLC2,left,acetylcholine,23247,LPLC2,left,6,0.03488372093023256,intra_population
26730,LPLC2,right,acetylcholine,25316,LPLC2,right,6,0.03488372093023256,intra_population
22261,LPLC2,right,acetylcholine,19034,LPLC2,right,6,0.03488372093023256,intra_population
31429,LC4,left,acetylcholine,29514,LC4,left,6,0.03488372093023256,intra_population
35889,LPLC2,right,acetylcholine,22034,LC4,right,6,0.03488372093023256,cross_visual
37431,LPLC2,right,acetylcholine,24118,LPLC2,right,6,0.03488372093023256,intra_population
34407,LPLC2,left,acetylcholine,24605,LPLC2,left,6,0.03488372093023256,intra_population
23878,LPLC2,right,acetylcholine,28044,LPLC2,right,6,0.03488372093023256,intra_population
28011,LPLC2,left,acetylcholine,34407,LPLC2,left,6,0.03488372093023256,intra_population
22261,LPLC2,right,acetylcholine,21045,LPLC2,right,6,0.03488372093023256,intra_population
22261,LPLC2,right,acetylcholine,21862,LPLC2,right,6,0.03488372093023256,intra_population
17774,LPLC2,left,acetylcholine,21299,LPLC2,left,6,0.03488372093023256,intra_population
35889,LPLC2,right,acetylcholine,19608,LPLC2,right,6,0.03488372093023256,intra_population
22261,LPLC2,right,acetylcholine,24268,LPLC2,right,6,0.03488372093023256,intra_population
35889,LPLC2,right,acetylcholine,24187,LPLC2,right,6,0.03488372093023256,intra_population
22253,LPLC2,left,acetylcholine,533895,LPLC2,left,6,0.03488372093023256,intra_population
16917,LC4,left,acetylcholine,29469,LC4,left,6,0.03488372093023256,intra_population
23878,LPLC2,right,acetylcholine,34372,LPLC2,right,6,0.03488372093023256,intra_population
26730,LPLC2,right,acetylcholine,21899,LPLC2,right,6,0.03488372093023256,intra_population
26528,LPLC2,left,acetylcholine,25209,LPLC2,left,6,0.03488372093023256,intra_population
34407,LPLC2,left,acetylcholine,25524,LPLC2,left,6,0.03488372093023256,intra_population
22328,LC4,right,acetylcholine,20673,LC4,right,6,0.03488372093023256,intra_population
24605,LPLC2,left,acetylcholine,13764,LPLC2,left,6,0.03488372093023256,intra_population
29319,LPLC2,left,acetylcholine,25136,LPLC2,left,6,0.03488372093023256,intra_population
24568,LPLC2,left,acetylcholine,533895,LPLC2,left,6,0.03488372093023256,intra_population
22261,LPLC2,right,acetylcholine,26730,LPLC2,right,6,0.03488372093023256,intra_population
29319,LPLC2,left,acetylcholine,26528,LPLC2,left,6,0.03488372093023256,intra_population
34407,LPLC2,left,acetylcholine,27399,LPLC2,left,6,0.03488372093023256,intra_population
17774,LPLC2,left,acetylcholine,13726,LPLC2,left,6,0.03488372093023256,intra_population
22261,LPLC2,right,acetylcholine,29014,LPLC2,right,6,0.03488372093023256,intra_population
23247,LPLC2,left,acetylcholine,22557,LPLC2,left,6,0.03488372093023256,intra_population
17774,LPLC2,left,acetylcholine,20329,LPLC2,left,6,0.03488372093023256,intra_population
33439,LPLC2,right,acetylcholine,37613,LPLC2,right,6,0.03488372093023256,intra_population
31563,LPLC2,left,acetylcholine,23919,LPLC2,left,6,0.03488372093023256,intra_population
22034,LC4,right,acetylcholine,21336,LC4,right,6,0.03488372093023256,intra_population
23349,LPLC2,left,acetylcholine,24605,LPLC2,left,6,0.03488372093023256,intra_population
22218,LPLC2,right,acetylcholine,21313,LC4,right,6,0.03488372093023256,cross_visual
15804,LPLC2,left,acetylcholine,517819,LPLC2,left,6,0.03488372093023256,intra_population
29702,LPLC2,left,acetylcholine,26528,LPLC2,left,6,0.03488372093023256,intra_population
21899,LPLC2,right,acetylcholine,50287,LPLC2,right,6,0.03488372093023256,intra_population
22034,LC4,right,acetylcholine,19954,LC4,right,6,0.03488372093023256,intra_population
33303,LPLC2,left,acetylcholine,23550,LPLC2,left,6,0.03488372093023256,intra_population
25209,LPLC2,left,acetylcholine,10228,DNp06,left,6,0.03488372093023256,visual_to_readout
22218,LPLC2,right,acetylcholine,20334,LPLC2,right,6,0.03488372093023256,intra_population
26915,LPLC2,right,acetylcholine,23497,LPLC2,right,6,0.03488372093023256,intra_population
29702,LPLC2,left,acetylcholine,31563,LPLC2,left,6,0.03488372093023256,intra_population
30938,LPLC2,right,acetylcholine,30207,LPLC2,right,6,0.03488372093023256,intra_population
14102,LPLC2,left,acetylcholine,23247,LPLC2,left,6,0.03488372093023256,intra_population
17270,LC4,left,acetylcholine,100485,LC4,left,6,0.03488372093023256,intra_population
22034,LC4,right,acetylcholine,21165,LC4,right,6,0.03488372093023256,intra_population
34110,LPLC2,right,acetylcholine,39620,LPLC2,right,6,0.03488372093023256,intra_population
23349,LPLC2,left,acetylcholine,18900,LPLC2,left,6,0.03488372093023256,intra_population
24840,LPLC2,left,acetylcholine,22557,LPLC2,left,6,0.03488372093023256,intra_population
31105,LPLC2,left,acetylcholine,41097,LPLC2,left,6,0.03488372093023256,intra_population
26528,LPLC2,left,acetylcholine,17775,LPLC2,left,6,0.03488372093023256,intra_population
22194,LC4,right,acetylcholine,16138,LC4,right,6,0.03488372093023256,intra_population
22194,LC4,right,acetylcholine,16628,LC4,right,6,0.03488372093023256,intra_population
22194,LC4,right,acetylcholine,20282,LC4,right,6,0.03488372093023256,intra_population
17478,LC4,left,acetylcholine,17270,LC4,left,6,0.03488372093023256,intra_population
37587,LC4,left,acetylcholine,32597,LC4,left,6,0.03488372093023256,intra_population
34372,LPLC2,right,acetylcholine,10584,DNp06,right,6,0.03488372093023256,visual_to_readout
22218,LPLC2,right,acetylcholine,19229,LPLC2,right,6,0.03488372093023256,intra_population
25027,LPLC2,left,acetylcholine,111903,LPLC2,left,6,0.03488372093023256,intra_population
22194,LC4,right,acetylcholine,22975,LC4,right,6,0.03488372093023256,intra_population
17548,LC4,right,acetylcholine,22034,LC4,right,6,0.03488372093023256,intra_population
22194,LC4,right,acetylcholine,25584,LC4,right,6,0.03488372093023256,intra_population
23349,LPLC2,left,acetylcholine,18936,LPLC2,left,6,0.03488372093023256,intra_population
17548,LC4,right,acetylcholine,21336,LC4,right,6,0.03488372093023256,intra_population
22772,LC4,left,acetylcholine,511914,LC4,left,6,0.03488372093023256,intra_population
25027,LPLC2,left,acetylcholine,514670,LPLC2,left,6,0.03488372093023256,intra_population
35262,LC4,left,acetylcholine,518016,LC4,left,6,0.03488372093023256,intra_population
23919,LPLC2,left,acetylcholine,29702,LPLC2,left,6,0.03488372093023256,intra_population
22557,LPLC2,left,acetylcholine,17774,LPLC2,left,6,0.03488372093023256,intra_population
24523,LC4,left,acetylcholine,17478,LC4,left,6,0.03488372093023256,intra_population
24568,LPLC2,left,acetylcholine,26416,LPLC2,left,6,0.03488372093023256,intra_population
23919,LPLC2,left,acetylcholine,17775,LPLC2,left,6,0.03488372093023256,intra_population
24568,LPLC2,left,acetylcholine,23665,LPLC2,left,6,0.03488372093023256,intra_population
23247,LPLC2,left,acetylcholine,11498,LPLC2,left,6,0.03488372093023256,intra_population
24568,LPLC2,left,acetylcholine,22253,LPLC2,left,6,0.03488372093023256,intra_population
24568,LPLC2,left,acetylcholine,20329,LPLC2,left,6,0.03488372093023256,intra_population
31563,LPLC2,left,acetylcholine,514670,LPLC2,left,6,0.03488372093023256,intra_population
23226,LC4,left,acetylcholine,533129,LC4,left,6,0.03488372093023256,intra_population
24568,LPLC2,left,acetylcholine,17774,LPLC2,left,6,0.03488372093023256,intra_population
35680,LPLC2,right,acetylcholine,26915,LPLC2,right,6,0.03488372093023256,intra_population
30938,LPLC2,right,acetylcholine,26393,LPLC2,right,6,0.03488372093023256,intra_population
23226,LC4,left,acetylcholine,18478,LC4,left,6,0.03488372093023256,intra_population
26528,LPLC2,left,acetylcholine,24308,LPLC2,left,6,0.03488372093023256,intra_population
35680,LPLC2,right,acetylcholine,28741,LPLC2,right,6,0.03488372093023256,intra_population
34407,LPLC2,left,acetylcholine,28011,LPLC2,left,6,0.03488372093023256,intra_population
35680,LPLC2,right,acetylcholine,29563,LC4,right,6,0.03488372093023256,cross_visual
14465,LPLC2,right,acetylcholine,10584,DNp06,right,6,0.03488372093023256,visual_to_readout
22557,LPLC2,left,acetylcholine,28011,LPLC2,left,6,0.03488372093023256,intra_population
22557,LPLC2,left,acetylcholine,29753,LPLC2,left,6,0.03488372093023256,intra_population
17478,LC4,left,acetylcholine,519931,LC4,left,6,0.03488372093023256,intra_population
33137,LC4,left,acetylcholine,17478,LC4,left,6,0.03488372093023256,intra_population
25854,LPLC2,left,acetylcholine,533895,LPLC2,left,6,0.03488372093023256,intra_population
29319,LPLC2,left,acetylcholine,32223,LPLC2,left,6,0.03488372093023256,intra_population
17608,LC4,left,acetylcholine,29514,LC4,left,6,0.03488372093023256,intra_population
34407,LPLC2,left,acetylcholine,27796,LPLC2,left,6,0.03488372093023256,intra_population
24523,LC4,left,acetylcholine,519650,LC4,left,6,0.03488372093023256,intra_population
29563,LC4,right,acetylcholine,31262,LC4,right,6,0.03488372093023256,intra_population
24568,LPLC2,left,acetylcholine,13726,LPLC2,left,6,0.03488372093023256,intra_population
24568,LPLC2,left,acetylcholine,95241,LPLC2,left,6,0.03488372093023256,intra_population
24568,LPLC2,left,acetylcholine,30512,LPLC2,left,6,0.03488372093023256,intra_population
23247,LPLC2,left,acetylcholine,14030,LPLC2,left,6,0.03488372093023256,intra_population
22677,LPLC2,right,acetylcholine,20749,LPLC2,right,6,0.03488372093023256,intra_population
31988,LPLC2,right,acetylcholine,22034,LC4,right,6,0.03488372093023256,cross_visual
23202,LC4,left,acetylcholine,511914,LC4,left,6,0.03488372093023256,intra_population
15804,LPLC2,left,acetylcholine,20799,LPLC2,left,6,0.03488372093023256,intra_population
31964,LPLC2,right,acetylcholine,25267,LPLC2,right,6,0.03488372093023256,intra_population
35616,LC4,left,acetylcholine,524899,LC4,left,6,0.03488372093023256,intra_population
35616,LC4,left,acetylcholine,511914,LC4,left,6,0.03488372093023256,intra_population
24401,LPLC2,right,acetylcholine,31964,LPLC2,right,6,0.03488372093023256,intra_population
24401,LPLC2,right,acetylcholine,31257,LPLC2,right,6,0.03488372093023256,intra_population
17668,LC4,right,acetylcholine,20673,LC4,right,6,0.03488372093023256,intra_population
17266,LC4,right,acetylcholine,21313,LC4,right,6,0.03488372093023256,intra_population
23919,LPLC2,left,acetylcholine,31105,LPLC2,left,6,0.03488372093023256,intra_population
24401,LPLC2,right,acetylcholine,29014,LPLC2,right,6,0.03488372093023256,intra_population
17266,LC4,right,acetylcholine,22034,LC4,right,6,0.03488372093023256,intra_population
26528,LPLC2,left,acetylcholine,536444,LPLC2,left,6,0.03488372093023256,intra_population
31988,LPLC2,right,acetylcholine,30938,LPLC2,right,6,0.03488372093023256,intra_population
15804,LPLC2,left,acetylcholine,20240,LPLC2,left,6,0.03488372093023256,intra_population
22677,LPLC2,right,acetylcholine,19146,LPLC2,right,6,0.03488372093023256,intra_population
23226,LC4,left,acetylcholine,10228,DNp06,left,6,0.03488372093023256,visual_to_readout
14465,LPLC2,right,acetylcholine,21769,LPLC2,right,6,0.03488372093023256,intra_population
22677,LPLC2,right,acetylcholine,21703,LPLC2,right,6,0.03488372093023256,intra_population
26112,LC4,right,acetylcholine,21287,LC4,right,6,0.03488372093023256,intra_population
23919,LPLC2,left,acetylcholine,518731,LPLC2,left,6,0.03488372093023256,intra_population
22677,LPLC2,right,acetylcholine,23098,LC4,right,6,0.03488372093023256,cross_visual
26147,LPLC2,right,acetylcholine,28741,LPLC2,right,6,0.03488372093023256,intra_population
24401,LPLC2,right,acetylcholine,19229,LPLC2,right,6,0.03488372093023256,intra_population
24401,LPLC2,right,acetylcholine,10584,DNp06,right,6,0.03488372093023256,visual_to_readout
35294,LPLC2,left,acetylcholine,20329,LPLC2,left,6,0.03488372093023256,intra_population
24338,LC4,right,acetylcholine,29563,LC4,right,6,0.03488372093023256,intra_population
35294,LPLC2,left,acetylcholine,32237,LPLC2,left,6,0.03488372093023256,intra_population
24338,LC4,right,acetylcholine,23792,LC4,right,6,0.03488372093023256,intra_population
24338,LC4,right,acetylcholine,22966,LC4,right,6,0.03488372093023256,intra_population
34655,LPLC2,left,acetylcholine,29753,LPLC2,left,6,0.03488372093023256,intra_population
22677,LPLC2,right,acetylcholine,29014,LPLC2,right,6,0.03488372093023256,intra_population
29563,LC4,right,acetylcholine,20282,LC4,right,6,0.03488372093023256,intra_population
29514,LC4,left,acetylcholine,10228,DNp06,left,6,0.03488372093023256,visual_to_readout
29319,LPLC2,left,acetylcholine,29955,LPLC2,left,6,0.03488372093023256,intra_population
16809,LC4,left,acetylcholine,32597,LC4,left,6,0.03488372093023256,intra_population
26528,LPLC2,left,acetylcholine,23349,LPLC2,left,6,0.03488372093023256,intra_population
32597,LC4,left,acetylcholine,29514,LC4,left,6,0.03488372093023256,intra_population
24118,LPLC2,right,acetylcholine,28871,LPLC2,right,6,0.03488372093023256,intra_population
24268,LPLC2,right,acetylcholine,20471,LPLC2,right,6,0.03488372093023256,intra_population
24118,LPLC2,right,acetylcholine,29391,LPLC2,right,6,0.03488372093023256,intra_population
23098,LC4,right,acetylcholine,17548,LC4,right,6,0.03488372093023256,intra_population
17653,LC4,left,acetylcholine,77614,LC4,left,6,0.03488372093023256,intra_population
32507,LPLC2,right,acetylcholine,28871,LPLC2,right,6,0.03488372093023256,intra_population
24118,LPLC2,right,acetylcholine,31964,LPLC2,right,6,0.03488372093023256,intra_population
17653,LC4,left,acetylcholine,20859,LC4,left,6,0.03488372093023256,intra_population
34681,LPLC2,right,acetylcholine,29183,LPLC2,right,6,0.03488372093023256,intra_population
17653,LC4,left,acetylcholine,21721,LC4,left,6,0.03488372093023256,intra_population
24118,LPLC2,right,acetylcholine,33185,LPLC2,right,6,0.03488372093023256,intra_population
29391,LPLC2,right,acetylcholine,24268,LPLC2,right,6,0.03488372093023256,intra_population
16809,LC4,left,acetylcholine,81112,LC4,left,6,0.03488372093023256,intra_population
29514,LC4,left,acetylcholine,16917,LC4,left,6,0.03488372093023256,intra_population
15018,LC4,left,acetylcholine,18478,LC4,left,6,0.03488372093023256,intra_population
23098,LC4,right,acetylcholine,20917,LC4,right,6,0.03488372093023256,intra_population
26528,LPLC2,left,acetylcholine,32237,LPLC2,left,6,0.03488372093023256,intra_population
26528,LPLC2,left,acetylcholine,33406,LPLC2,left,6,0.03488372093023256,intra_population
31988,LPLC2,right,acetylcholine,34372,LPLC2,right,6,0.03488372093023256,intra_population
23202,LC4,left,acetylcholine,17653,LC4,left,6,0.03488372093023256,intra_population
24338,LC4,right,acetylcholine,20673,LC4,right,6,0.03488372093023256,intra_population
31964,LPLC2,right,acetylcholine,21769,LPLC2,right,6,0.03488372093023256,intra_population
17668,LC4,right,acetylcholine,17364,LC4,right,6,0.03488372093023256,intra_population
31988,LPLC2,right,acetylcholine,33185,LPLC2,right,6,0.03488372093023256,intra_population
24338,LC4,right,acetylcholine,20282,LC4,right,6,0.03488372093023256,intra_population
32223,LPLC2,left,acetylcholine,10228,DNp06,left,6,0.03488372093023256,visual_to_readout
32223,LPLC2,left,acetylcholine,28011,LPLC2,left,6,0.03488372093023256,intra_population
22772,LC4,left,acetylcholine,31301,LC4,left,6,0.03488372093023256,intra_population
17548,LC4,right,acetylcholine,16128,LC4,right,6,0.03488372093023256,intra_population
32223,LPLC2,left,acetylcholine,25286,LPLC2,left,6,0.03488372093023256,intra_population
26112,LC4,right,acetylcholine,25584,LC4,right,6,0.03488372093023256,intra_population
17548,LC4,right,acetylcholine,10584,DNp06,right,6,0.03488372093023256,visual_to_readout
32737,LPLC2,left,acetylcholine,517078,LPLC2,left,6,0.03488372093023256,intra_population
17653,LC4,left,acetylcholine,23202,LC4,left,6,0.03488372093023256,intra_population
17653,LC4,left,acetylcholine,17478,LC4,left,6,0.03488372093023256,intra_population
24268,LPLC2,right,acetylcholine,21562,LPLC2,right,6,0.03488372093023256,intra_population
22677,LPLC2,right,acetylcholine,37613,LPLC2,right,6,0.03488372093023256,intra_population
24268,LPLC2,right,acetylcholine,25511,LPLC2,right,6,0.03488372093023256,intra_population
24118,LPLC2,right,acetylcholine,24187,LPLC2,right,6,0.03488372093023256,intra_population
24118,LPLC2,right,acetylcholine,24401,LPLC2,right,6,0.03488372093023256,intra_population
24268,LPLC2,right,acetylcholine,23878,LPLC2,right,6,0.03488372093023256,intra_population
34845,LC4,left,acetylcholine,27750,LC4,left,6,0.03488372093023256,intra_population
22772,LC4,left,acetylcholine,10228,DNp06,left,6,0.03488372093023256,visual_to_readout
31964,LPLC2,right,acetylcholine,19034,LPLC2,right,6,0.03488372093023256,intra_population
34845,LC4,left,acetylcholine,27624,LC4,left,6,0.03488372093023256,intra_population
14102,LPLC2,left,acetylcholine,531014,LPLC2,left,6,0.03488372093023256,intra_population
17478,LC4,left,acetylcholine,517752,LC4,left,6,0.03488372093023256,intra_population
32507,LPLC2,right,acetylcholine,21336,LC4,right,6,0.03488372093023256,cross_visual
15804,LPLC2,left,acetylcholine,23247,LPLC2,left,6,0.03488372093023256,intra_population
35632,LPLC2,right,acetylcholine,29183,LPLC2,right,6,0.03488372093023256,intra_population
23226,LC4,left,acetylcholine,518016,LC4,left,6,0.03488372093023256,intra_population
14465,LPLC2,right,acetylcholine,20182,LPLC2,right,6,0.03488372093023256,intra_population
29514,LC4,left,acetylcholine,15018,LC4,left,6,0.03488372093023256,intra_population
29514,LC4,left,acetylcholine,32597,LC4,left,6,0.03488372093023256,intra_population
34845,LC4,left,acetylcholine,35262,LC4,left,6,0.03488372093023256,intra_population
22847,LC4,right,acetylcholine,23392,LC4,right,6,0.03488372093023256,intra_population
22922,LC4,left,acetylcholine,23226,LC4,left,6,0.03488372093023256,intra_population
23098,LC4,right,acetylcholine,18127,LC4,right,6,0.03488372093023256,intra_population
34681,LPLC2,right,acetylcholine,37613,LPLC2,right,6,0.03488372093023256,intra_population
24118,LPLC2,right,acetylcholine,25511,LPLC2,right,6,0.03488372093023256,intra_population
29514,LC4,left,acetylcholine,34845,LC4,left,6,0.03488372093023256,intra_population
29391,LPLC2,right,acetylcholine,20471,LPLC2,right,6,0.03488372093023256,intra_population
32237,LPLC2,left,acetylcholine,520764,LPLC2,left,6,0.03488372093023256,intra_population
24268,LPLC2,right,acetylcholine,30480,LC4,right,6,0.03488372093023256,cross_visual
22772,LC4,left,acetylcholine,16917,LC4,left,6,0.03488372093023256,intra_population
34845,LC4,left,acetylcholine,29514,LC4,left,6,0.03488372093023256,intra_population
29391,LPLC2,right,acetylcholine,20182,LPLC2,right,6,0.03488372093023256,intra_population
27355,LPLC2,left,acetylcholine,533895,LPLC2,left,5,0.029069767441860465,intra_population
21287,LC4,right,acetylcholine,19420,LC4,right,5,0.029069767441860465,intra_population
21318,LPLC2,right,acetylcholine,29873,LPLC2,right,5,0.029069767441860465,intra_population
21361,LPLC2,left,acetylcholine,14102,LPLC2,left,5,0.029069767441860465,intra_population
77614,LC4,left,acetylcholine,111787,LC4,left,5,0.029069767441860465,intra_population
17880,LPLC2,left,acetylcholine,20240,LPLC2,left,5,0.029069767441860465,intra_population
21361,LPLC2,left,acetylcholine,10228,DNp06,left,5,0.029069767441860465,visual_to_readout
17880,LPLC2,left,acetylcholine,31563,LPLC2,left,5,0.029069767441860465,intra_population
21287,LC4,right,acetylcholine,20016,LC4,right,5,0.029069767441860465,intra_population
21313,LC4,right,acetylcholine,20588,LC4,right,5,0.029069767441860465,intra_population
100103,LPLC2,left,acetylcholine,18936,LPLC2,left,5,0.029069767441860465,intra_population
13764,LPLC2,left,acetylcholine,111903,LPLC2,left,5,0.029069767441860465,intra_population
95241,LPLC2,left,acetylcholine,20329,LPLC2,left,5,0.029069767441860465,intra_population
27355,LPLC2,left,acetylcholine,31563,LPLC2,left,5,0.029069767441860465,intra_population
21313,LC4,right,acetylcholine,18189,LC4,right,5,0.029069767441860465,intra_population
21313,LC4,right,acetylcholine,17364,LC4,right,5,0.029069767441860465,intra_population
95241,LPLC2,left,acetylcholine,24568,LPLC2,left,5,0.029069767441860465,intra_population
21336,LC4,right,acetylcholine,24338,LC4,right,5,0.029069767441860465,intra_population
27355,LPLC2,left,acetylcholine,30893,LPLC2,left,5,0.029069767441860465,intra_population
21313,LC4,right,acetylcholine,17266,LC4,right,5,0.029069767441860465,intra_population
21313,LC4,right,acetylcholine,17054,LC4,right,5,0.029069767441860465,intra_population
77614,LC4,left,acetylcholine,512366,LC4,left,5,0.029069767441860465,intra_population
21336,LC4,right,acetylcholine,19260,LC4,right,5,0.029069767441860465,intra_population
29183,LPLC2,right,acetylcholine,26915,LPLC2,right,5,0.029069767441860465,intra_population
29014,LPLC2,right,acetylcholine,33694,LPLC2,right,5,0.029069767441860465,intra_population
112292,LPLC2,left,acetylcholine,18936,LPLC2,left,5,0.029069767441860465,intra_population
40811,LPLC2,left,acetylcholine,26528,LPLC2,left,5,0.029069767441860465,intra_population
95241,LPLC2,left,acetylcholine,25854,LPLC2,left,5,0.029069767441860465,intra_population
14102,LPLC2,left,acetylcholine,13726,LPLC2,left,5,0.029069767441860465,intra_population
21703,LPLC2,right,acetylcholine,18929,LPLC2,right,5,0.029069767441860465,intra_population
111787,LC4,left,acetylcholine,17340,LC4,left,5,0.029069767441860465,intra_population
21703,LPLC2,right,acetylcholine,17926,LC4,right,5,0.029069767441860465,cross_visual
21151,LC4,right,acetylcholine,21287,LC4,right,5,0.029069767441860465,intra_population
29183,LPLC2,right,acetylcholine,25636,LPLC2,right,5,0.029069767441860465,intra_population
21299,LPLC2,left,acetylcholine,13726,LPLC2,left,5,0.029069767441860465,intra_population
17880,LPLC2,left,acetylcholine,29319,LPLC2,left,5,0.029069767441860465,intra_population
27355,LPLC2,left,acetylcholine,525844,LPLC2,left,5,0.029069767441860465,intra_population
27355,LPLC2,left,acetylcholine,27796,LPLC2,left,5,0.029069767441860465,intra_population
21336,LC4,right,acetylcholine,19634,LC4,right,5,0.029069767441860465,intra_population
21336,LC4,right,acetylcholine,20016,LC4,right,5,0.029069767441860465,intra_population
81112,LC4,left,acetylcholine,17340,LC4,left,5,0.029069767441860465,intra_population
21336,LC4,right,acetylcholine,20588,LC4,right,5,0.029069767441860465,intra_population
100103,LPLC2,left,acetylcholine,32737,LPLC2,left,5,0.029069767441860465,intra_population
21336,LC4,right,acetylcholine,20917,LC4,right,5,0.029069767441860465,intra_population
29014,LPLC2,right,acetylcholine,34681,LPLC2,right,5,0.029069767441860465,intra_population
29183,LPLC2,right,acetylcholine,26147,LPLC2,right,5,0.029069767441860465,intra_population
14030,LPLC2,left,acetylcholine,18936,LPLC2,left,5,0.029069767441860465,intra_population
17880,LPLC2,left,acetylcholine,24840,LPLC2,left,5,0.029069767441860465,intra_population
21562,LPLC2,right,acetylcholine,20047,LPLC2,right,5,0.029069767441860465,intra_population
95241,LPLC2,left,acetylcholine,30512,LPLC2,left,5,0.029069767441860465,intra_population
29014,LPLC2,right,acetylcholine,24401,LPLC2,right,5,0.029069767441860465,intra_population
21562,LPLC2,right,acetylcholine,25267,LPLC2,right,5,0.029069767441860465,intra_population
16917,LC4,left,acetylcholine,32597,LC4,left,5,0.029069767441860465,intra_population
21165,LC4,right,acetylcholine,19420,LC4,right,5,0.029069767441860465,intra_population
21562,LPLC2,right,acetylcholine,28871,LPLC2,right,5,0.029069767441860465,intra_population
21562,LPLC2,right,acetylcholine,29216,LPLC2,right,5,0.029069767441860465,intra_population
13764,LPLC2,left,acetylcholine,21361,LPLC2,left,5,0.029069767441860465,intra_population
21562,LPLC2,right,acetylcholine,30041,LPLC2,right,5,0.029069767441860465,intra_population
21165,LC4,right,acetylcholine,16628,LC4,right,5,0.029069767441860465,intra_population
29014,LPLC2,right,acetylcholine,26147,LPLC2,right,5,0.029069767441860465,intra_population
50287,LPLC2,right,acetylcholine,21899,LPLC2,right,5,0.029069767441860465,intra_population
21562,LPLC2,right,acetylcholine,37431,LPLC2,right,5,0.029069767441860465,intra_population
21562,LPLC2,right,acetylcholine,24338,LC4,right,5,0.029069767441860465,cross_visual
13764,LPLC2,left,acetylcholine,20799,LPLC2,left,5,0.029069767441860465,intra_population
17266,LC4,right,acetylcholine,17860,LC4,right,5,0.029069767441860465,intra_population
27399,LPLC2,left,acetylcholine,23349,LPLC2,left,5,0.029069767441860465,intra_population
21151,LC4,right,acetylcholine,25584,LC4,right,5,0.029069767441860465,intra_population
27399,LPLC2,left,acetylcholine,24308,LPLC2,left,5,0.029069767441860465,intra_population
17059,LPLC2,left,acetylcholine,517079,LPLC2,left,5,0.029069767441860465,intra_population
50287,LPLC2,right,acetylcholine,39620,LPLC2,right,5,0.029069767441860465,intra_population
29216,LPLC2,right,acetylcholine,32507,LPLC2,right,5,0.029069767441860465,intra_population
21562,LPLC2,right,acetylcholine,19589,LPLC2,right,5,0.029069767441860465,intra_population
29014,LPLC2,right,acetylcholine,26393,LPLC2,right,5,0.029069767441860465,intra_population
29183,LPLC2,right,acetylcholine,37613,LPLC2,right,5,0.029069767441860465,intra_population
17860,LC4,right,acetylcholine,20673,LC4,right,5,0.029069767441860465,intra_population
21318,LPLC2,right,acetylcholine,17987,LC4,right,5,0.029069767441860465,cross_visual
21299,LPLC2,left,acetylcholine,25286,LPLC2,left,5,0.029069767441860465,intra_population
21318,LPLC2,right,acetylcholine,18929,LPLC2,right,5,0.029069767441860465,intra_population
29183,LPLC2,right,acetylcholine,16128,LC4,right,5,0.029069767441860465,cross_visual
21318,LPLC2,right,acetylcholine,19229,LPLC2,right,5,0.029069767441860465,intra_population
16917,LC4,left,acetylcholine,35262,LC4,left,5,0.029069767441860465,intra_population
21299,LPLC2,left,acetylcholine,514670,LPLC2,left,5,0.029069767441860465,intra_population
95241,LPLC2,left,acetylcholine,11498,LPLC2,left,5,0.029069767441860465,intra_population
95241,LPLC2,left,acetylcholine,10228,DNp06,left,5,0.029069767441860465,visual_to_readout
21318,LPLC2,right,acetylcholine,20694,LPLC2,right,5,0.029069767441860465,intra_population
21318,LPLC2,right,acetylcholine,21045,LPLC2,right,5,0.029069767441860465,intra_population
21318,LPLC2,right,acetylcholine,22218,LPLC2,right,5,0.029069767441860465,intra_population
21299,LPLC2,left,acetylcholine,24840,LPLC2,left,5,0.029069767441860465,intra_population
27355,LPLC2,left,acetylcholine,19911,LPLC2,left,5,0.029069767441860465,intra_population
29014,LPLC2,right,acetylcholine,37613,LPLC2,right,5,0.029069767441860465,intra_population
81112,LC4,left,acetylcholine,517752,LC4,left,5,0.029069767441860465,intra_population
13764,LPLC2,left,acetylcholine,27716,LPLC2,left,5,0.029069767441860465,intra_population
21808,LPLC2,right,acetylcholine,28003,LPLC2,right,5,0.029069767441860465,intra_population
21287,LC4,right,acetylcholine,16128,LC4,right,5,0.029069767441860465,intra_population
77614,LC4,left,acetylcholine,17653,LC4,left,5,0.029069767441860465,intra_population
13764,LPLC2,left,acetylcholine,24605,LPLC2,left,5,0.029069767441860465,intra_population
50287,LPLC2,right,acetylcholine,37925,LPLC2,right,5,0.029069767441860465,intra_population
21165,LC4,right,acetylcholine,20673,LC4,right,5,0.029069767441860465,intra_population
50287,LPLC2,right,acetylcholine,35838,LPLC2,right,5,0.029069767441860465,intra_population
27023,LPLC2,left,acetylcholine,24308,LPLC2,left,5,0.029069767441860465,intra_population
29014,LPLC2,right,acetylcholine,23497,LPLC2,right,5,0.029069767441860465,intra_population
40811,LPLC2,left,acetylcholine,29702,LPLC2,left,5,0.029069767441860465,intra_population
21151,LC4,right,acetylcholine,17054,LC4,right,5,0.029069767441860465,intra_population
29216,LPLC2,right,acetylcholine,22218,LPLC2,right,5,0.029069767441860465,intra_population
21151,LC4,right,acetylcholine,20399,LC4,right,5,0.029069767441860465,intra_population
111787,LC4,left,acetylcholine,27750,LC4,left,5,0.029069767441860465,intra_population
21151,LC4,right,acetylcholine,17987,LC4,right,5,0.029069767441860465,intra_population
29014,LPLC2,right,acetylcholine,24187,LPLC2,right,5,0.029069767441860465,intra_population
21703,LPLC2,right,acetylcholine,20694,LPLC2,right,5,0.029069767441860465,intra_population
21703,LPLC2,right,acetylcholine,21318,LPLC2,right,5,0.029069767441860465,intra_population
17860,LC4,right,acetylcholine,10584,DNp06,right,5,0.029069767441860465,visual_to_readout
27399,LPLC2,left,acetylcholine,24840,LPLC2,left,5,0.029069767441860465,intra_population
21703,LPLC2,right,acetylcholine,22677,LPLC2,right,5,0.029069767441860465,intra_population
21703,LPLC2,right,acetylcholine,23497,LPLC2,right,5,0.029069767441860465,intra_population
21703,LPLC2,right,acetylcholine,19549,LPLC2,right,5,0.029069767441860465,intra_population
21703,LPLC2,right,acetylcholine,23878,LPLC2,right,5,0.029069767441860465,intra_population
41097,LPLC2,left,acetylcholine,32237,LPLC2,left,5,0.029069767441860465,intra_population
41097,LPLC2,left,acetylcholine,32223,LPLC2,left,5,0.029069767441860465,intra_population
21703,LPLC2,right,acetylcholine,25316,LPLC2,right,5,0.029069767441860465,intra_population
21151,LC4,right,acetylcholine,16138,LC4,right,5,0.029069767441860465,intra_population
41097,LPLC2,left,acetylcholine,28188,LPLC2,left,5,0.029069767441860465,intra_population
111787,LC4,left,acetylcholine,100485,LC4,left,5,0.029069767441860465,intra_population
41097,LPLC2,left,acetylcholine,33303,LPLC2,left,5,0.029069767441860465,intra_population
40841,LPLC2,left,acetylcholine,25524,LPLC2,left,5,0.029069767441860465,intra_population
21045,LPLC2,right,acetylcholine,20749,LPLC2,right,5,0.029069767441860465,intra_population
21703,LPLC2,right,acetylcholine,19608,LPLC2,right,5,0.029069767441860465,intra_population
41097,LPLC2,left,acetylcholine,520764,LPLC2,left,5,0.029069767441860465,intra_population
40811,LPLC2,left,acetylcholine,29753,LPLC2,left,5,0.029069767441860465,intra_population
27399,LPLC2,left,acetylcholine,27796,LPLC2,left,5,0.029069767441860465,intra_population
14030,LPLC2,left,acetylcholine,517078,LPLC2,left,5,0.029069767441860465,intra_population
100485,LC4,left,acetylcholine,18432,LC4,left,5,0.029069767441860465,intra_population
41097,LPLC2,left,acetylcholine,24840,LPLC2,left,5,0.029069767441860465,intra_population
21045,LPLC2,right,acetylcholine,28871,LPLC2,right,5,0.029069767441860465,intra_population
111903,LPLC2,left,acetylcholine,21299,LPLC2,left,5,0.029069767441860465,intra_population
111903,LPLC2,left,acetylcholine,25027,LPLC2,left,5,0.029069767441860465,intra_population
17775,LPLC2,left,acetylcholine,112292,LPLC2,left,5,0.029069767441860465,intra_population
27023,LPLC2,left,acetylcholine,30512,LPLC2,left,5,0.029069767441860465,intra_population
21045,LPLC2,right,acetylcholine,24800,LPLC2,right,5,0.029069767441860465,intra_population
21769,LPLC2,right,acetylcholine,17551,LPLC2,right,5,0.029069767441860465,intra_population
21045,LPLC2,right,acetylcholine,24187,LPLC2,right,5,0.029069767441860465,intra_population
111787,LC4,left,acetylcholine,17608,LC4,left,5,0.029069767441860465,intra_population
40841,LPLC2,left,acetylcholine,32737,LPLC2,left,5,0.029069767441860465,intra_population
40841,LPLC2,left,acetylcholine,30895,LPLC2,left,5,0.029069767441860465,intra_population
111903,LPLC2,left,acetylcholine,33303,LPLC2,left,5,0.029069767441860465,intra_population
27399,LPLC2,left,acetylcholine,28188,LPLC2,left,5,0.029069767441860465,intra_population
21721,LC4,left,acetylcholine,524899,LC4,left,5,0.029069767441860465,intra_population
111903,LPLC2,left,acetylcholine,512366,LC4,left,5,0.029069767441860465,cross_visual
27023,LPLC2,left,acetylcholine,35294,LPLC2,left,5,0.029069767441860465,intra_population
13764,LPLC2,left,acetylcholine,17775,LPLC2,left,5,0.029069767441860465,intra_population
21703,LPLC2,right,acetylcholine,19034,LPLC2,right,5,0.029069767441860465,intra_population
21151,LC4,right,acetylcholine,20917,LC4,right,5,0.029069767441860465,intra_population
29014,LPLC2,right,acetylcholine,20471,LPLC2,right,5,0.029069767441860465,intra_population
29014,LPLC2,right,acetylcholine,20103,LPLC2,right,5,0.029069767441860465,intra_population
112292,LPLC2,left,acetylcholine,22557,LPLC2,left,5,0.029069767441860465,intra_population
21045,LPLC2,right,acetylcholine,19608,LPLC2,right,5,0.029069767441860465,intra_population
21804,LC4,right,acetylcholine,18189,LC4,right,5,0.029069767441860465,intra_population
112292,LPLC2,left,acetylcholine,20799,LPLC2,left,5,0.029069767441860465,intra_population
40841,LPLC2,left,acetylcholine,24605,LPLC2,left,5,0.029069767441860465,intra_population
17775,LPLC2,left,acetylcholine,33965,LPLC2,left,5,0.029069767441860465,intra_population
21769,LPLC2,right,acetylcholine,20917,LC4,right,5,0.029069767441860465,cross_visual
27023,LPLC2,left,acetylcholine,27399,LPLC2,left,5,0.029069767441860465,intra_population
40841,LPLC2,left,acetylcholine,13726,LPLC2,left,5,0.029069767441860465,intra_population
21045,LPLC2,right,acetylcholine,20103,LPLC2,right,5,0.029069767441860465,intra_population
21769,LPLC2,right,acetylcholine,21899,LPLC2,right,5,0.029069767441860465,intra_population
112292,LPLC2,left,acetylcholine,12384,LPLC2,left,5,0.029069767441860465,intra_population
112292,LPLC2,left,acetylcholine,13726,LPLC2,left,5,0.029069767441860465,intra_population
112292,LPLC2,left,acetylcholine,24308,LPLC2,left,5,0.029069767441860465,intra_population
21045,LPLC2,right,acetylcholine,19229,LPLC2,right,5,0.029069767441860465,intra_population
14102,LPLC2,left,acetylcholine,13132,LPLC2,left,5,0.029069767441860465,intra_population
21769,LPLC2,right,acetylcholine,25267,LPLC2,right,5,0.029069767441860465,intra_population
112292,LPLC2,left,acetylcholine,13764,LPLC2,left,5,0.029069767441860465,intra_population
17266,LC4,right,acetylcholine,19260,LC4,right,5,0.029069767441860465,intra_population
21769,LPLC2,right,acetylcholine,26730,LPLC2,right,5,0.029069767441860465,intra_population
112292,LPLC2,left,acetylcholine,15804,LPLC2,left,5,0.029069767441860465,intra_population
27023,LPLC2,left,acetylcholine,24840,LPLC2,left,5,0.029069767441860465,intra_population
40811,LPLC2,left,acetylcholine,29955,LPLC2,left,5,0.029069767441860465,intra_population
21769,LPLC2,right,acetylcholine,31964,LPLC2,right,5,0.029069767441860465,intra_population
40811,LPLC2,left,acetylcholine,23349,LPLC2,left,5,0.029069767441860465,intra_population
20967,LC4,left,acetylcholine,520449,LC4,left,5,0.029069767441860465,intra_population
39620,LPLC2,right,acetylcholine,23497,LPLC2,right,5,0.029069767441860465,intra_population
27023,LPLC2,left,acetylcholine,17544,LPLC2,left,5,0.029069767441860465,intra_population
17926,LC4,right,acetylcholine,19543,LC4,right,5,0.029069767441860465,intra_population
39620,LPLC2,right,acetylcholine,37925,LPLC2,right,5,0.029069767441860465,intra_population
39620,LPLC2,right,acetylcholine,33439,LPLC2,right,5,0.029069767441860465,intra_population
29014,LPLC2,right,acetylcholine,19589,LPLC2,right,5,0.029069767441860465,intra_population
17775,LPLC2,left,acetylcholine,29955,LPLC2,left,5,0.029069767441860465,intra_population
14102,LPLC2,left,acetylcholine,17775,LPLC2,left,5,0.029069767441860465,intra_population
21808,LPLC2,right,acetylcholine,18929,LPLC2,right,5,0.029069767441860465,intra_population
112292,LPLC2,left,acetylcholine,33303,LPLC2,left,5,0.029069767441860465,intra_population
27023,LPLC2,left,acetylcholine,21361,LPLC2,left,5,0.029069767441860465,intra_population
21804,LC4,right,acetylcholine,19954,LC4,right,5,0.029069767441860465,intra_population
20967,LC4,left,acetylcholine,524899,LC4,left,5,0.029069767441860465,intra_population
21808,LPLC2,right,acetylcholine,20162,LPLC2,right,5,0.029069767441860465,intra_population
112292,LPLC2,left,acetylcholine,514670,LPLC2,left,5,0.029069767441860465,intra_population
112292,LPLC2,left,acetylcholine,516909,LC4,left,5,0.029069767441860465,cross_visual
20967,LC4,left,acetylcholine,516909,LC4,left,5,0.029069767441860465,intra_population
39620,LPLC2,right,acetylcholine,29183,LPLC2,right,5,0.029069767441860465,intra_population
20967,LC4,left,acetylcholine,515900,LC4,left,5,0.029069767441860465,intra_population
112292,LPLC2,left,acetylcholine,518731,LPLC2,left,5,0.029069767441860465,intra_population
20967,LC4,left,acetylcholine,100485,LC4,left,5,0.029069767441860465,intra_population
20967,LC4,left,acetylcholine,31301,LC4,left,5,0.029069767441860465,intra_population
20967,LC4,left,acetylcholine,28980,LC4,left,5,0.029069767441860465,intra_population
27399,LPLC2,left,acetylcholine,10228,DNp06,left,5,0.029069767441860465,visual_to_readout
514508,LC4,left,acetylcholine,512705,LC4,left,5,0.029069767441860465,intra_population
21225,LC4,right,acetylcholine,21804,LC4,right,5,0.029069767441860465,intra_population
29319,LPLC2,left,acetylcholine,20799,LPLC2,left,5,0.029069767441860465,intra_population
33406,LPLC2,left,acetylcholine,23247,LPLC2,left,5,0.029069767441860465,intra_population
514508,LC4,left,acetylcholine,100485,LC4,left,5,0.029069767441860465,intra_population
20588,LC4,right,acetylcholine,24338,LC4,right,5,0.029069767441860465,intra_population
22261,LPLC2,right,acetylcholine,23392,LC4,right,5,0.029069767441860465,cross_visual
20588,LC4,right,acetylcholine,22975,LC4,right,5,0.029069767441860465,intra_population
22261,LPLC2,right,acetylcholine,24118,LPLC2,right,5,0.029069767441860465,intra_population
514508,LC4,left,acetylcholine,511914,LC4,left,5,0.029069767441860465,intra_population
514508,LC4,left,acetylcholine,512366,LC4,left,5,0.029069767441860465,intra_population
35889,LPLC2,right,acetylcholine,19229,LPLC2,right,5,0.029069767441860465,intra_population
22261,LPLC2,right,acetylcholine,25497,LPLC2,right,5,0.029069767441860465,intra_population
22261,LPLC2,right,acetylcholine,26393,LPLC2,right,5,0.029069767441860465,intra_population
21862,LPLC2,right,acetylcholine,29873,LPLC2,right,5,0.029069767441860465,intra_population
20588,LC4,right,acetylcholine,22194,LC4,right,5,0.029069767441860465,intra_population
35889,LPLC2,right,acetylcholine,19034,LPLC2,right,5,0.029069767441860465,intra_population
35889,LPLC2,right,acetylcholine,18672,LPLC2,right,5,0.029069767441860465,intra_population
514508,LC4,left,acetylcholine,518016,LC4,left,5,0.029069767441860465,intra_population
514508,LC4,left,acetylcholine,518439,LC4,left,5,0.029069767441860465,intra_population
20673,LC4,right,acetylcholine,21165,LC4,right,5,0.029069767441860465,intra_population
17990,LPLC2,left,acetylcholine,34407,LPLC2,left,5,0.029069767441860465,intra_population
37431,LPLC2,right,acetylcholine,38542,LPLC2,right,5,0.029069767441860465,intra_population
22218,LPLC2,right,acetylcholine,20162,LPLC2,right,5,0.029069767441860465,intra_population
17059,LPLC2,left,acetylcholine,112292,LPLC2,left,5,0.029069767441860465,intra_population
20673,LC4,right,acetylcholine,10584,DNp06,right,5,0.029069767441860465,visual_to_readout
17990,LPLC2,left,acetylcholine,25524,LPLC2,left,5,0.029069767441860465,intra_population
22261,LPLC2,right,acetylcholine,20103,LPLC2,right,5,0.029069767441860465,intra_population
22261,LPLC2,right,acetylcholine,19608,LPLC2,right,5,0.029069767441860465,intra_population
28945,LC4,right,acetylcholine,23929,LC4,right,5,0.029069767441860465,intra_population
22328,LC4,right,acetylcholine,25584,LC4,right,5,0.029069767441860465,intra_population
35680,LPLC2,right,acetylcholine,38542,LPLC2,right,5,0.029069767441860465,intra_population
22328,LC4,right,acetylcholine,28945,LC4,right,5,0.029069767441860465,intra_population
26730,LPLC2,right,acetylcholine,20917,LC4,right,5,0.029069767441860465,cross_visual
17774,LPLC2,left,acetylcholine,10228,DNp06,left,5,0.029069767441860465,visual_to_readout
35680,LPLC2,right,acetylcholine,34110,LPLC2,right,5,0.029069767441860465,intra_population
20584,LPLC2,right,acetylcholine,25511,LPLC2,right,5,0.029069767441860465,intra_population
35680,LPLC2,right,acetylcholine,31964,LPLC2,right,5,0.029069767441860465,intra_population
20584,LPLC2,right,acetylcholine,25267,LPLC2,right,5,0.029069767441860465,intra_population
514670,LPLC2,left,acetylcholine,21299,LPLC2,left,5,0.029069767441860465,intra_population
20584,LPLC2,right,acetylcholine,22677,LPLC2,right,5,0.029069767441860465,intra_population
514670,LPLC2,left,acetylcholine,17990,LPLC2,left,5,0.029069767441860465,intra_population
29319,LPLC2,left,acetylcholine,23665,LPLC2,left,5,0.029069767441860465,intra_population
20588,LC4,right,acetylcholine,19954,LC4,right,5,0.029069767441860465,intra_population
28945,LC4,right,acetylcholine,30480,LC4,right,5,0.029069767441860465,intra_population
27471,LPLC2,right,acetylcholine,37431,LPLC2,right,5,0.029069767441860465,intra_population
20673,LC4,right,acetylcholine,20016,LC4,right,5,0.029069767441860465,intra_population
29287,LPLC2,right,acetylcholine,39620,LPLC2,right,5,0.029069767441860465,intra_population
22261,LPLC2,right,acetylcholine,18672,LPLC2,right,5,0.029069767441860465,intra_population
20673,LC4,right,acetylcholine,18189,LC4,right,5,0.029069767441860465,intra_population
27399,LPLC2,left,acetylcholine,533895,LPLC2,left,5,0.029069767441860465,intra_population
38065,LC4,right,acetylcholine,20808,LC4,right,5,0.029069767441860465,intra_population
35838,LPLC2,right,acetylcholine,29873,LPLC2,right,5,0.029069767441860465,intra_population
129687,LPLC2,left,acetylcholine,25027,LPLC2,left,5,0.029069767441860465,intra_population
13726,LPLC2,left,acetylcholine,518731,LPLC2,left,5,0.029069767441860465,intra_population
129687,LPLC2,left,acetylcholine,10228,DNp06,left,5,0.029069767441860465,visual_to_readout
129687,LPLC2,left,acetylcholine,11498,LPLC2,left,5,0.029069767441860465,intra_population
129687,LPLC2,left,acetylcholine,15804,LPLC2,left,5,0.029069767441860465,intra_population
21808,LPLC2,right,acetylcholine,50287,LPLC2,right,5,0.029069767441860465,intra_population
20967,LC4,left,acetylcholine,12824,LC4,left,5,0.029069767441860465,intra_population
129687,LPLC2,left,acetylcholine,19787,LPLC2,left,5,0.029069767441860465,intra_population
29287,LPLC2,right,acetylcholine,20269,LPLC2,right,5,0.029069767441860465,intra_population
29287,LPLC2,right,acetylcholine,20471,LPLC2,right,5,0.029069767441860465,intra_population
17926,LC4,right,acetylcholine,22194,LC4,right,5,0.029069767441860465,intra_population
29287,LPLC2,right,acetylcholine,21165,LC4,right,5,0.029069767441860465,cross_visual
17775,LPLC2,left,acetylcholine,24568,LPLC2,left,5,0.029069767441860465,intra_population
129687,LPLC2,left,acetylcholine,25575,LPLC2,left,5,0.029069767441860465,intra_population
20917,LC4,right,acetylcholine,21336,LC4,right,5,0.029069767441860465,intra_population
129687,LPLC2,left,acetylcholine,26416,LPLC2,left,5,0.029069767441860465,intra_population
17775,LPLC2,left,acetylcholine,25575,LPLC2,left,5,0.029069767441860465,intra_population
21862,LPLC2,right,acetylcholine,20535,LPLC2,right,5,0.029069767441860465,intra_population
129687,LPLC2,left,acetylcholine,27796,LPLC2,left,5,0.029069767441860465,intra_population
27399,LPLC2,left,acetylcholine,517819,LPLC2,left,5,0.029069767441860465,intra_population
38542,LPLC2,right,acetylcholine,26915,LPLC2,right,5,0.029069767441860465,intra_population
21862,LPLC2,right,acetylcholine,21808,LPLC2,right,5,0.029069767441860465,intra_population
21721,LC4,left,acetylcholine,35616,LC4,left,5,0.029069767441860465,intra_population
38542,LPLC2,right,acetylcholine,10584,DNp06,right,5,0.029069767441860465,visual_to_readout
38542,LPLC2,right,acetylcholine,10001,DNp01,right,5,0.029069767441860465,visual_to_readout
20917,LC4,right,acetylcholine,16628,LC4,right,5,0.029069767441860465,intra_population
20859,LC4,left,acetylcholine,20967,LC4,left,5,0.029069767441860465,intra_population
129687,LPLC2,left,acetylcholine,111903,LPLC2,left,5,0.029069767441860465,intra_population
20859,LC4,left,acetylcholine,516909,LC4,left,5,0.029069767441860465,intra_population
37925,LPLC2,right,acetylcholine,55627,LPLC2,right,5,0.029069767441860465,intra_population
20859,LC4,left,acetylcholine,24523,LC4,left,5,0.029069767441860465,intra_population
17987,LC4,right,acetylcholine,19420,LC4,right,5,0.029069767441860465,intra_population
37925,LPLC2,right,acetylcholine,37613,LPLC2,right,5,0.029069767441860465,intra_population
17775,LPLC2,left,acetylcholine,23550,LPLC2,left,5,0.029069767441860465,intra_population
38065,LC4,right,acetylcholine,30480,LC4,right,5,0.029069767441860465,intra_population
129687,LPLC2,left,acetylcholine,517819,LPLC2,left,5,0.029069767441860465,intra_population
129687,LPLC2,left,acetylcholine,518016,LC4,left,5,0.029069767441860465,cross_visual
13726,LPLC2,left,acetylcholine,129687,LPLC2,left,5,0.029069767441860465,intra_population
17775,LPLC2,left,acetylcholine,22772,LC4,left,5,0.029069767441860465,cross_visual
37925,LPLC2,right,acetylcholine,33439,LPLC2,right,5,0.029069767441860465,intra_population
134521,LPLC2,left,acetylcholine,13726,LPLC2,left,5,0.029069767441860465,intra_population
20808,LC4,right,acetylcholine,38065,LC4,right,5,0.029069767441860465,intra_population
21899,LPLC2,right,acetylcholine,19608,LPLC2,right,5,0.029069767441860465,intra_population
21899,LPLC2,right,acetylcholine,20047,LPLC2,right,5,0.029069767441860465,intra_population
37925,LPLC2,right,acetylcholine,33396,LPLC2,right,5,0.029069767441860465,intra_population
134521,LPLC2,left,acetylcholine,20240,LPLC2,left,5,0.029069767441860465,intra_population
21899,LPLC2,right,acetylcholine,20535,LPLC2,right,5,0.029069767441860465,intra_population
17775,LPLC2,left,acetylcholine,20329,LPLC2,left,5,0.029069767441860465,intra_population
22328,LC4,right,acetylcholine,23792,LC4,right,5,0.029069767441860465,intra_population
22328,LC4,right,acetylcholine,22975,LC4,right,5,0.029069767441860465,intra_population
21361,LPLC2,left,acetylcholine,20859,LC4,left,5,0.029069767441860465,cross_visual
512705,LC4,left,acetylcholine,24523,LC4,left,5,0.029069767441860465,intra_population
20967,LC4,left,acetylcholine,20976,LC4,left,5,0.029069767441860465,intra_population
20967,LC4,left,acetylcholine,20859,LC4,left,5,0.029069767441860465,intra_population
37431,LPLC2,right,acetylcholine,22218,LPLC2,right,5,0.029069767441860465,intra_population
37431,LPLC2,right,acetylcholine,21703,LPLC2,right,5,0.029069767441860465,intra_population
29287,LPLC2,right,acetylcholine,31257,LPLC2,right,5,0.029069767441860465,intra_population
512705,LC4,left,acetylcholine,18396,LC4,left,5,0.029069767441860465,intra_population
20694,LPLC2,right,acetylcholine,21703,LPLC2,right,5,0.029069767441860465,intra_population
20694,LPLC2,right,acetylcholine,21318,LPLC2,right,5,0.029069767441860465,intra_population
512705,LC4,left,acetylcholine,20967,LC4,left,5,0.029069767441860465,intra_population
37431,LPLC2,right,acetylcholine,20334,LPLC2,right,5,0.029069767441860465,intra_population
29287,LPLC2,right,acetylcholine,35632,LPLC2,right,5,0.029069767441860465,intra_population
20694,LPLC2,right,acetylcholine,17926,LC4,right,5,0.029069767441860465,cross_visual
20694,LPLC2,right,acetylcholine,19842,LPLC2,right,5,0.029069767441860465,intra_population
26730,LPLC2,right,acetylcholine,35632,LPLC2,right,5,0.029069767441860465,intra_population
512705,LC4,left,acetylcholine,12824,LC4,left,5,0.029069767441860465,intra_population
35889,LPLC2,right,acetylcholine,37925,LPLC2,right,5,0.029069767441860465,intra_population
20694,LPLC2,right,acetylcholine,19549,LPLC2,right,5,0.029069767441860465,intra_population
27471,LPLC2,right,acetylcholine,30938,LPLC2,right,5,0.029069767441860465,intra_population
22253,LPLC2,left,acetylcholine,31105,LPLC2,left,5,0.029069767441860465,intra_population
22253,LPLC2,left,acetylcholine,31563,LPLC2,left,5,0.029069767441860465,intra_population
35889,LPLC2,right,acetylcholine,30041,LPLC2,right,5,0.029069767441860465,intra_population
35889,LPLC2,right,acetylcholine,29287,LPLC2,right,5,0.029069767441860465,intra_population
112292,LPLC2,left,acetylcholine,521115,LPLC2,left,5,0.029069767441860465,intra_population
17880,LPLC2,left,acetylcholine,17775,LPLC2,left,5,0.029069767441860465,intra_population
21165,LC4,right,acetylcholine,23392,LC4,right,5,0.029069767441860465,intra_population
55627,LPLC2,right,acetylcholine,26393,LPLC2,right,5,0.029069767441860465,intra_population
29014,LPLC2,right,acetylcholine,28871,LPLC2,right,5,0.029069767441860465,intra_population
21361,LPLC2,left,acetylcholine,22557,LPLC2,left,5,0.029069767441860465,intra_population
29014,LPLC2,right,acetylcholine,28044,LPLC2,right,5,0.029069767441860465,intra_population
21361,LPLC2,left,acetylcholine,23349,LPLC2,left,5,0.029069767441860465,intra_population
100485,LC4,left,acetylcholine,23202,LC4,left,5,0.029069767441860465,intra_population
14030,LPLC2,left,acetylcholine,22253,LPLC2,left,5,0.029069767441860465,intra_population
55627,LPLC2,right,acetylcholine,50287,LPLC2,right,5,0.029069767441860465,intra_population
100485,LC4,left,acetylcholine,24523,LC4,left,5,0.029069767441860465,intra_population
21361,LPLC2,left,acetylcholine,25575,LPLC2,left,5,0.029069767441860465,intra_population
100485,LC4,left,acetylcholine,31308,LC4,left,5,0.029069767441860465,intra_population
21361,LPLC2,left,acetylcholine,27716,LPLC2,left,5,0.029069767441860465,intra_population
55627,LPLC2,right,acetylcholine,35680,LPLC2,right,5,0.029069767441860465,intra_population
55627,LPLC2,right,acetylcholine,34681,LPLC2,right,5,0.029069767441860465,intra_population
100485,LC4,left,acetylcholine,31429,LC4,left,5,0.029069767441860465,intra_population
55627,LPLC2,right,acetylcholine,34110,LPLC2,right,5,0.029069767441860465,intra_population
17059,LPLC2,left,acetylcholine,536444,LPLC2,left,5,0.029069767441860465,intra_population
21361,LPLC2,left,acetylcholine,112292,LPLC2,left,5,0.029069767441860465,intra_population
21361,LPLC2,left,acetylcholine,517079,LPLC2,left,5,0.029069767441860465,intra_population
100485,LC4,left,acetylcholine,520449,LC4,left,5,0.029069767441860465,intra_population
100485,LC4,left,acetylcholine,524899,LC4,left,5,0.029069767441860465,intra_population
55627,LPLC2,right,acetylcholine,28871,LPLC2,right,5,0.029069767441860465,intra_population
14102,LPLC2,left,acetylcholine,31563,LPLC2,left,5,0.029069767441860465,intra_population
35889,LPLC2,right,acetylcholine,26730,LPLC2,right,5,0.029069767441860465,intra_population
514670,LPLC2,left,acetylcholine,13132,LPLC2,left,5,0.029069767441860465,intra_population
20673,LC4,right,acetylcholine,22034,LC4,right,5,0.029069767441860465,intra_population
22218,LPLC2,right,acetylcholine,30207,LPLC2,right,5,0.029069767441860465,intra_population
29287,LPLC2,right,acetylcholine,29183,LPLC2,right,5,0.029069767441860465,intra_population
22218,LPLC2,right,acetylcholine,34110,LPLC2,right,5,0.029069767441860465,intra_population
22218,LPLC2,right,acetylcholine,35889,LPLC2,right,5,0.029069767441860465,intra_population
512366,LC4,left,acetylcholine,29514,LC4,left,5,0.029069767441860465,intra_population
37431,LPLC2,right,acetylcholine,25497,LPLC2,right,5,0.029069767441860465,intra_population
512366,LC4,left,acetylcholine,107513,LC4,left,5,0.029069767441860465,intra_population
512366,LC4,left,acetylcholine,517752,LC4,left,5,0.029069767441860465,intra_population
22253,LPLC2,left,acetylcholine,518731,LPLC2,left,5,0.029069767441860465,intra_population
17990,LPLC2,left,acetylcholine,13764,LPLC2,left,5,0.029069767441860465,intra_population
13726,LPLC2,left,acetylcholine,27023,LPLC2,left,5,0.029069767441860465,intra_population
26730,LPLC2,right,acetylcholine,27471,LPLC2,right,5,0.029069767441860465,intra_population
22261,LPLC2,right,acetylcholine,37613,LPLC2,right,5,0.029069767441860465,intra_population
22261,LPLC2,right,acetylcholine,37925,LPLC2,right,5,0.029069767441860465,intra_population
22261,LPLC2,right,acetylcholine,50287,LPLC2,right,5,0.029069767441860465,intra_population
35838,LPLC2,right,acetylcholine,29183,LPLC2,right,5,0.029069767441860465,intra_population
22328,LC4,right,acetylcholine,10584,DNp06,right,5,0.029069767441860465,visual_to_readout
35838,LPLC2,right,acetylcholine,28741,LPLC2,right,5,0.029069767441860465,intra_population
35838,LPLC2,right,acetylcholine,22975,LC4,right,5,0.029069767441860465,cross_visual
16917,LC4,left,acetylcholine,532254,LC4,left,5,0.029069767441860465,intra_population
22328,LC4,right,acetylcholine,20399,LC4,right,5,0.029069767441860465,intra_population
17774,LPLC2,left,acetylcholine,15804,LPLC2,left,5,0.029069767441860465,intra_population
37431,LPLC2,right,acetylcholine,29216,LPLC2,right,5,0.029069767441860465,intra_population
22218,LPLC2,right,acetylcholine,29598,LPLC2,right,5,0.029069767441860465,intra_population
512366,LC4,left,acetylcholine,15018,LC4,left,5,0.029069767441860465,intra_population
17990,LPLC2,left,acetylcholine,14102,LPLC2,left,5,0.029069767441860465,intra_population
28980,LC4,left,acetylcholine,17340,LC4,left,5,0.029069767441860465,intra_population
28980,LC4,left,acetylcholine,12032,LC4,left,5,0.029069767441860465,intra_population
35889,LPLC2,right,acetylcholine,35838,LPLC2,right,5,0.029069767441860465,intra_population
20694,LPLC2,right,acetylcholine,25316,LPLC2,right,5,0.029069767441860465,intra_population
13726,LPLC2,left,acetylcholine,29702,LPLC2,left,5,0.029069767441860465,intra_population
28980,LC4,left,acetylcholine,22772,LC4,left,5,0.029069767441860465,intra_population
22218,LPLC2,right,acetylcholine,21703,LPLC2,right,5,0.029069767441860465,intra_population
511914,LC4,left,acetylcholine,27829,LC4,left,5,0.029069767441860465,intra_population
22218,LPLC2,right,acetylcholine,21808,LPLC2,right,5,0.029069767441860465,intra_population
20799,LPLC2,left,acetylcholine,18900,LPLC2,left,5,0.029069767441860465,intra_population
20799,LPLC2,left,acetylcholine,17990,LPLC2,left,5,0.029069767441860465,intra_population
511914,LC4,left,acetylcholine,31301,LC4,left,5,0.029069767441860465,intra_population
22218,LPLC2,right,acetylcholine,23590,LPLC2,right,5,0.029069767441860465,intra_population
17990,LPLC2,left,acetylcholine,14030,LPLC2,left,5,0.029069767441860465,intra_population
22218,LPLC2,right,acetylcholine,24268,LPLC2,right,5,0.029069767441860465,intra_population
29287,LPLC2,right,acetylcholine,28741,LPLC2,right,5,0.029069767441860465,intra_population
22218,LPLC2,right,acetylcholine,25253,LPLC2,right,5,0.029069767441860465,intra_population
27471,LPLC2,right,acetylcholine,21769,LPLC2,right,5,0.029069767441860465,intra_population
20799,LPLC2,left,acetylcholine,13764,LPLC2,left,5,0.029069767441860465,intra_population
22218,LPLC2,right,acetylcholine,26915,LPLC2,right,5,0.029069767441860465,intra_population
20799,LPLC2,left,acetylcholine,12384,LPLC2,left,5,0.029069767441860465,intra_population
21721,LC4,left,acetylcholine,515900,LC4,left,5,0.029069767441860465,intra_population
22847,LC4,right,acetylcholine,26112,LC4,right,5,0.029069767441860465,intra_population
29014,LPLC2,right,acetylcholine,22261,LPLC2,right,5,0.029069767441860465,intra_population
13726,LPLC2,left,acetylcholine,13132,LPLC2,left,5,0.029069767441860465,intra_population
34845,LC4,left,acetylcholine,30087,LC4,left,5,0.029069767441860465,intra_population
515971,LPLC2,left,acetylcholine,13764,LPLC2,left,5,0.029069767441860465,intra_population
22922,LC4,left,acetylcholine,22772,LC4,left,5,0.029069767441860465,intra_population
17059,LPLC2,left,acetylcholine,24605,LPLC2,left,5,0.029069767441860465,intra_population
22557,LPLC2,left,acetylcholine,29702,LPLC2,left,5,0.029069767441860465,intra_population
22922,LC4,left,acetylcholine,24523,LC4,left,5,0.029069767441860465,intra_population
22557,LPLC2,left,acetylcholine,34051,LPLC2,left,5,0.029069767441860465,intra_population
27566,LPLC2,right,acetylcholine,37925,LPLC2,right,5,0.029069767441860465,intra_population
22847,LC4,right,acetylcholine,22034,LC4,right,5,0.029069767441860465,intra_population
35262,LC4,left,acetylcholine,16917,LC4,left,5,0.029069767441860465,intra_population
13726,LPLC2,left,acetylcholine,12384,LPLC2,left,5,0.029069767441860465,intra_population
22922,LC4,left,acetylcholine,12824,LC4,left,5,0.029069767441860465,intra_population
35262,LC4,left,acetylcholine,33137,LC4,left,5,0.029069767441860465,intra_population
515900,LC4,left,acetylcholine,12349,LC4,left,5,0.029069767441860465,intra_population
22772,LC4,left,acetylcholine,518544,LC4,left,5,0.029069767441860465,intra_population
22772,LC4,left,acetylcholine,519650,LC4,left,5,0.029069767441860465,intra_population
29319,LPLC2,left,acetylcholine,34655,LPLC2,left,5,0.029069767441860465,intra_population
29319,LPLC2,left,acetylcholine,32737,LPLC2,left,5,0.029069767441860465,intra_population
20535,LPLC2,right,acetylcholine,20694,LPLC2,right,5,0.029069767441860465,intra_population
22557,LPLC2,left,acetylcholine,29319,LPLC2,left,5,0.029069767441860465,intra_population
17054,LC4,right,acetylcholine,17548,LC4,right,5,0.029069767441860465,intra_population
35262,LC4,left,acetylcholine,29514,LC4,left,5,0.029069767441860465,intra_population
20572,LC4,left,acetylcholine,519650,LC4,left,5,0.029069767441860465,intra_population
27566,LPLC2,right,acetylcholine,39620,LPLC2,right,5,0.029069767441860465,intra_population
21721,LC4,left,acetylcholine,27750,LC4,left,5,0.029069767441860465,intra_population
514956,LC4,left,acetylcholine,512366,LC4,left,5,0.029069767441860465,intra_population
514956,LC4,left,acetylcholine,33137,LC4,left,5,0.029069767441860465,intra_population
28871,LPLC2,right,acetylcholine,33694,LPLC2,right,5,0.029069767441860465,intra_population
35294,LPLC2,left,acetylcholine,32223,LPLC2,left,5,0.029069767441860465,intra_population
20542,LC4,right,acetylcholine,21151,LC4,right,5,0.029069767441860465,intra_population
514956,LC4,left,acetylcholine,107513,LC4,left,5,0.029069767441860465,intra_population
17990,LPLC2,left,acetylcholine,517819,LPLC2,left,5,0.029069767441860465,intra_population
20572,LC4,left,acetylcholine,12032,LC4,left,5,0.029069767441860465,intra_population
20542,LC4,right,acetylcholine,19954,LC4,right,5,0.029069767441860465,intra_population
22677,LPLC2,right,acetylcholine,21318,LPLC2,right,5,0.029069767441860465,intra_population
20542,LC4,right,acetylcholine,19543,LC4,right,5,0.029069767441860465,intra_population
20535,LPLC2,right,acetylcholine,26147,LPLC2,right,5,0.029069767441860465,intra_population
17653,LC4,left,acetylcholine,524899,LC4,left,5,0.029069767441860465,intra_population
22772,LC4,left,acetylcholine,31308,LC4,left,5,0.029069767441860465,intra_population
515476,LC4,left,acetylcholine,111787,LC4,left,5,0.029069767441860465,intra_population
22557,LPLC2,left,acetylcholine,33965,LPLC2,left,5,0.029069767441860465,intra_population
13132,LPLC2,left,acetylcholine,27796,LPLC2,left,5,0.029069767441860465,intra_population
22847,LC4,right,acetylcholine,25584,LC4,right,5,0.029069767441860465,intra_population
22557,LPLC2,left,acetylcholine,33303,LPLC2,left,5,0.029069767441860465,intra_population
20542,LC4,right,acetylcholine,26112,LC4,right,5,0.029069767441860465,intra_population
22557,LPLC2,left,acetylcholine,31105,LPLC2,left,5,0.029069767441860465,intra_population
20471,LPLC2,right,acetylcholine,34681,LPLC2,right,5,0.029069767441860465,intra_population
22557,LPLC2,left,acetylcholine,30512,LPLC2,left,5,0.029069767441860465,intra_population
20535,LPLC2,right,acetylcholine,19634,LC4,right,5,0.029069767441860465,cross_visual
22772,LC4,left,acetylcholine,535341,LC4,left,5,0.029069767441860465,intra_population
13132,LPLC2,left,acetylcholine,81112,LC4,left,5,0.029069767441860465,cross_visual
517819,LPLC2,left,acetylcholine,23919,LPLC2,left,5,0.029069767441860465,intra_population
23497,LPLC2,right,acetylcholine,23878,LPLC2,right,5,0.029069767441860465,intra_population
23497,LPLC2,right,acetylcholine,25267,LPLC2,right,5,0.029069767441860465,intra_population
20240,LPLC2,left,acetylcholine,134521,LPLC2,left,5,0.029069767441860465,intra_population
33694,LPLC2,right,acetylcholine,32507,LPLC2,right,5,0.029069767441860465,intra_population
26416,LPLC2,left,acetylcholine,19911,LPLC2,left,5,0.029069767441860465,intra_population
21313,LC4,right,acetylcholine,19550,LC4,right,5,0.029069767441860465,intra_population
33694,LPLC2,right,acetylcholine,29014,LPLC2,right,5,0.029069767441860465,intra_population
23497,LPLC2,right,acetylcholine,29391,LPLC2,right,5,0.029069767441860465,intra_population
23497,LPLC2,right,acetylcholine,18672,LPLC2,right,5,0.029069767441860465,intra_population
23497,LPLC2,right,acetylcholine,17551,LPLC2,right,5,0.029069767441860465,intra_population
20269,LPLC2,right,acetylcholine,19229,LPLC2,right,5,0.029069767441860465,intra_population
27566,LPLC2,right,acetylcholine,33694,LPLC2,right,5,0.029069767441860465,intra_population
20282,LC4,right,acetylcholine,20016,LC4,right,5,0.029069767441860465,intra_population
18396,LC4,left,acetylcholine,16917,LC4,left,5,0.029069767441860465,intra_population
20282,LC4,right,acetylcholine,10584,DNp06,right,5,0.029069767441860465,visual_to_readout
517752,LC4,left,acetylcholine,514508,LC4,left,5,0.029069767441860465,intra_population
26416,LPLC2,left,acetylcholine,77614,LC4,left,5,0.029069767441860465,cross_visual
20269,LPLC2,right,acetylcholine,35889,LPLC2,right,5,0.029069767441860465,intra_population
23349,LPLC2,left,acetylcholine,536444,LPLC2,left,5,0.029069767441860465,intra_population
517752,LC4,left,acetylcholine,518730,LC4,left,5,0.029069767441860465,intra_population
20269,LPLC2,right,acetylcholine,33185,LPLC2,right,5,0.029069767441860465,intra_population
34051,LPLC2,left,acetylcholine,31563,LPLC2,left,5,0.029069767441860465,intra_population
12384,LPLC2,left,acetylcholine,31105,LPLC2,left,5,0.029069767441860465,intra_population
33694,LPLC2,right,acetylcholine,39620,LPLC2,right,5,0.029069767441860465,intra_population
29417,LC4,left,acetylcholine,34845,LC4,left,5,0.029069767441860465,intra_population
517819,LPLC2,left,acetylcholine,25524,LPLC2,left,5,0.029069767441860465,intra_population
13726,LPLC2,left,acetylcholine,18478,LC4,left,5,0.029069767441860465,cross_visual
17668,LC4,right,acetylcholine,21165,LC4,right,5,0.029069767441860465,intra_population
22557,LPLC2,left,acetylcholine,34407,LPLC2,left,5,0.029069767441860465,intra_population
20535,LPLC2,right,acetylcholine,17860,LC4,right,5,0.029069767441860465,cross_visual
17668,LC4,right,acetylcholine,16628,LC4,right,5,0.029069767441860465,intra_population
22772,LC4,left,acetylcholine,20440,LC4,left,5,0.029069767441860465,intra_population
517078,LPLC2,left,acetylcholine,21299,LPLC2,left,5,0.029069767441860465,intra_population
34655,LPLC2,left,acetylcholine,34051,LPLC2,left,5,0.029069767441860465,intra_population
23497,LPLC2,right,acetylcholine,19034,LPLC2,right,5,0.029069767441860465,intra_population
17551,LPLC2,right,acetylcholine,23590,LPLC2,right,5,0.029069767441860465,intra_population
23497,LPLC2,right,acetylcholine,19842,LPLC2,right,5,0.029069767441860465,intra_population
38542,LPLC2,right,acetylcholine,22975,LC4,right,5,0.029069767441860465,cross_visual
33965,LPLC2,left,acetylcholine,29469,LC4,left,5,0.029069767441860465,cross_visual
23497,LPLC2,right,acetylcholine,20182,LPLC2,right,5,0.029069767441860465,intra_population
29417,LC4,left,acetylcholine,27624,LC4,left,5,0.029069767441860465,intra_population
29417,LC4,left,acetylcholine,31429,LC4,left,5,0.029069767441860465,intra_population
23497,LPLC2,right,acetylcholine,20694,LPLC2,right,5,0.029069767441860465,intra_population
33965,LPLC2,left,acetylcholine,24308,LPLC2,left,5,0.029069767441860465,intra_population
517819,LPLC2,left,acetylcholine,24568,LPLC2,left,5,0.029069767441860465,intra_population
23497,LPLC2,right,acetylcholine,21703,LPLC2,right,5,0.029069767441860465,intra_population
33965,LPLC2,left,acetylcholine,20799,LPLC2,left,5,0.029069767441860465,intra_population
17266,LC4,right,acetylcholine,22847,LC4,right,5,0.029069767441860465,intra_population
17990,LPLC2,left,acetylcholine,521115,LPLC2,left,5,0.029069767441860465,intra_population
35294,LPLC2,left,acetylcholine,530029,LC4,left,5,0.029069767441860465,cross_visual
514670,LPLC2,left,acetylcholine,24605,LPLC2,left,5,0.029069767441860465,intra_population
514670,LPLC2,left,acetylcholine,25854,LPLC2,left,5,0.029069767441860465,intra_population
18127,LC4,right,acetylcholine,26112,LC4,right,5,0.029069767441860465,intra_population
516909,LC4,left,acetylcholine,17653,LC4,left,5,0.029069767441860465,intra_population
34655,LPLC2,left,acetylcholine,536444,LPLC2,left,5,0.029069767441860465,intra_population
17990,LPLC2,left,acetylcholine,95241,LPLC2,left,5,0.029069767441860465,intra_population
34655,LPLC2,left,acetylcholine,531898,DNp04,left,5,0.029069767441860465,visual_to_readout
23098,LC4,right,acetylcholine,19550,LC4,right,5,0.029069767441860465,intra_population
22557,LPLC2,left,acetylcholine,21361,LPLC2,left,5,0.029069767441860465,intra_population
20584,LPLC2,right,acetylcholine,19034,LPLC2,right,5,0.029069767441860465,intra_population
18189,LC4,right,acetylcholine,17548,LC4,right,5,0.029069767441860465,intra_population
35680,LPLC2,right,acetylcholine,25511,LPLC2,right,5,0.029069767441860465,intra_population
27624,LC4,left,acetylcholine,30087,LC4,left,5,0.029069767441860465,intra_population
23098,LC4,right,acetylcholine,21165,LC4,right,5,0.029069767441860465,intra_population
20399,LC4,right,acetylcholine,21225,LC4,right,5,0.029069767441860465,intra_population
27566,LPLC2,right,acetylcholine,22218,LPLC2,right,5,0.029069767441860465,intra_population
22557,LPLC2,left,acetylcholine,18936,LPLC2,left,5,0.029069767441860465,intra_population
20399,LC4,right,acetylcholine,20588,LC4,right,5,0.029069767441860465,intra_population
34681,LPLC2,right,acetylcholine,20269,LPLC2,right,5,0.029069767441860465,intra_population
515971,LPLC2,left,acetylcholine,517819,LPLC2,left,5,0.029069767441860465,intra_population
515971,LPLC2,left,acetylcholine,134521,LPLC2,left,5,0.029069767441860465,intra_population
17059,LPLC2,left,acetylcholine,23349,LPLC2,left,5,0.029069767441860465,intra_population
20471,LPLC2,right,acetylcholine,20162,LPLC2,right,5,0.029069767441860465,intra_population
515971,LPLC2,left,acetylcholine,521115,LPLC2,left,5,0.029069767441860465,intra_population
34681,LPLC2,right,acetylcholine,20162,LPLC2,right,5,0.029069767441860465,intra_population
20584,LPLC2,right,acetylcholine,10584,DNp06,right,5,0.029069767441860465,visual_to_readout
22677,LPLC2,right,acetylcholine,18929,LPLC2,right,5,0.029069767441860465,intra_population
515971,LPLC2,left,acetylcholine,25524,LPLC2,left,5,0.029069767441860465,intra_population
26528,LPLC2,left,acetylcholine,29702,LPLC2,left,5,0.029069767441860465,intra_population
20471,LPLC2,right,acetylcholine,24268,LPLC2,right,5,0.029069767441860465,intra_population
34681,LPLC2,right,acetylcholine,29873,LPLC2,right,5,0.029069767441860465,intra_population
514670,LPLC2,left,acetylcholine,33406,LPLC2,left,5,0.029069767441860465,intra_population
35632,LPLC2,right,acetylcholine,24268,LPLC2,right,5,0.029069767441860465,intra_population
22557,LPLC2,left,acetylcholine,25572,LPLC2,left,5,0.029069767441860465,intra_population
515971,LPLC2,left,acetylcholine,23247,LPLC2,left,5,0.029069767441860465,intra_population
28945,LC4,right,acetylcholine,22847,LC4,right,5,0.029069767441860465,intra_population
20471,LPLC2,right,acetylcholine,21562,LPLC2,right,5,0.029069767441860465,intra_population
14465,LPLC2,right,acetylcholine,20471,LPLC2,right,5,0.029069767441860465,intra_population
28871,LPLC2,right,acetylcholine,27471,LPLC2,right,5,0.029069767441860465,intra_population
35632,LPLC2,right,acetylcholine,20535,LPLC2,right,5,0.029069767441860465,intra_population
22557,LPLC2,left,acetylcholine,27399,LPLC2,left,5,0.029069767441860465,intra_population
20572,LC4,left,acetylcholine,526286,LC4,left,5,0.029069767441860465,intra_population
22922,LC4,left,acetylcholine,524899,LC4,left,5,0.029069767441860465,intra_population
17990,LPLC2,left,acetylcholine,514670,LPLC2,left,5,0.029069767441860465,intra_population
22966,LC4,right,acetylcholine,16138,LC4,right,5,0.029069767441860465,intra_population
34681,LPLC2,right,acetylcholine,31257,LPLC2,right,5,0.029069767441860465,intra_population
22922,LC4,left,acetylcholine,519931,LC4,left,5,0.029069767441860465,intra_population
22922,LC4,left,acetylcholine,518730,LC4,left,5,0.029069767441860465,intra_population
515971,LPLC2,left,acetylcholine,25572,LPLC2,left,5,0.029069767441860465,intra_population
22557,LPLC2,left,acetylcholine,25136,LPLC2,left,5,0.029069767441860465,intra_population
35616,LC4,left,acetylcholine,18478,LC4,left,5,0.029069767441860465,intra_population
20535,LPLC2,right,acetylcholine,26915,LPLC2,right,5,0.029069767441860465,intra_population
20535,LPLC2,right,acetylcholine,30938,LPLC2,right,5,0.029069767441860465,intra_population
20535,LPLC2,right,acetylcholine,29873,LPLC2,right,5,0.029069767441860465,intra_population
35262,LC4,left,acetylcholine,530029,LC4,left,5,0.029069767441860465,intra_population
515476,LC4,left,acetylcholine,16917,LC4,left,5,0.029069767441860465,intra_population
20535,LPLC2,right,acetylcholine,28871,LPLC2,right,5,0.029069767441860465,intra_population
516909,LC4,left,acetylcholine,22772,LC4,left,5,0.029069767441860465,intra_population
26528,LPLC2,left,acetylcholine,515971,LPLC2,left,5,0.029069767441860465,intra_population
20572,LC4,left,acetylcholine,18478,LC4,left,5,0.029069767441860465,intra_population
26730,LPLC2,right,acetylcholine,16128,LC4,right,5,0.029069767441860465,cross_visual
514670,LPLC2,left,acetylcholine,531014,LPLC2,left,5,0.029069767441860465,intra_population
22557,LPLC2,left,acetylcholine,515971,LPLC2,left,5,0.029069767441860465,intra_population
27624,LC4,left,acetylcholine,34845,LC4,left,5,0.029069767441860465,intra_population
16917,LC4,left,acetylcholine,22772,LC4,left,5,0.029069767441860465,intra_population
514956,LC4,left,acetylcholine,514508,LC4,left,5,0.029069767441860465,intra_population
22557,LPLC2,left,acetylcholine,514670,LPLC2,left,5,0.029069767441860465,intra_population
514956,LC4,left,acetylcholine,16917,LC4,left,5,0.029069767441860465,intra_population
35294,LPLC2,left,acetylcholine,30512,LPLC2,left,5,0.029069767441860465,intra_population
20542,LC4,right,acetylcholine,25584,LC4,right,5,0.029069767441860465,intra_population
22677,LPLC2,right,acetylcholine,17551,LPLC2,right,5,0.029069767441860465,intra_population
35616,LC4,left,acetylcholine,12349,LC4,left,5,0.029069767441860465,intra_population
35616,LC4,left,acetylcholine,14888,LC4,left,5,0.029069767441860465,intra_population
28871,LPLC2,right,acetylcholine,55627,LPLC2,right,5,0.029069767441860465,intra_population
20535,LPLC2,right,acetylcholine,33185,LPLC2,right,5,0.029069767441860465,intra_population
22677,LPLC2,right,acetylcholine,26915,LPLC2,right,5,0.029069767441860465,intra_population
22677,LPLC2,right,acetylcholine,26730,LPLC2,right,5,0.029069767441860465,intra_population
17990,LPLC2,left,acetylcholine,533895,LPLC2,left,5,0.029069767441860465,intra_population
26730,LPLC2,right,acetylcholine,19550,LC4,right,5,0.029069767441860465,cross_visual
22966,LC4,right,acetylcholine,38065,LC4,right,5,0.029069767441860465,intra_population
17653,LC4,left,acetylcholine,23226,LC4,left,5,0.029069767441860465,intra_population
29319,LPLC2,left,acetylcholine,29815,LPLC2,left,5,0.029069767441860465,intra_population
20572,LC4,left,acetylcholine,533129,LC4,left,5,0.029069767441860465,intra_population
26730,LPLC2,right,acetylcholine,19842,LPLC2,right,5,0.029069767441860465,intra_population
34681,LPLC2,right,acetylcholine,22218,LPLC2,right,5,0.029069767441860465,intra_population
34681,LPLC2,right,acetylcholine,21045,LPLC2,right,5,0.029069767441860465,intra_population
29391,LPLC2,right,acetylcholine,24187,LPLC2,right,5,0.029069767441860465,intra_population
515971,LPLC2,left,acetylcholine,28188,LPLC2,left,5,0.029069767441860465,intra_population
20440,LC4,left,acetylcholine,533129,LC4,left,5,0.029069767441860465,intra_population
22975,LC4,right,acetylcholine,26112,LC4,right,5,0.029069767441860465,intra_population
27624,LC4,left,acetylcholine,530029,LC4,left,5,0.029069767441860465,intra_population
20440,LC4,left,acetylcholine,517752,LC4,left,5,0.029069767441860465,intra_population
22975,LC4,right,acetylcholine,31262,LC4,right,5,0.029069767441860465,intra_population
22975,LC4,right,acetylcholine,20588,LC4,right,5,0.029069767441860465,intra_population
14465,LPLC2,right,acetylcholine,20162,LPLC2,right,5,0.029069767441860465,intra_population
13726,LPLC2,left,acetylcholine,19787,LPLC2,left,5,0.029069767441860465,intra_population
17653,LC4,left,acetylcholine,518544,LC4,left,5,0.029069767441860465,intra_population
22677,LPLC2,right,acetylcholine,25253,LPLC2,right,5,0.029069767441860465,intra_population
17990,LPLC2,left,acetylcholine,517078,LPLC2,left,5,0.029069767441860465,intra_population
26416,LPLC2,left,acetylcholine,37587,LC4,left,5,0.029069767441860465,cross_visual
29417,LC4,left,acetylcholine,10228,DNp06,left,5,0.029069767441860465,visual_to_readout
33694,LPLC2,right,acetylcholine,28003,LPLC2,right,5,0.029069767441860465,intra_population
517079,LPLC2,left,acetylcholine,32237,LPLC2,left,5,0.029069767441860465,intra_population
34407,LPLC2,left,acetylcholine,112292,LPLC2,left,5,0.029069767441860465,intra_population
27716,LPLC2,left,acetylcholine,20240,LPLC2,left,5,0.029069767441860465,intra_population
517078,LPLC2,left,acetylcholine,17774,LPLC2,left,5,0.029069767441860465,intra_population
28871,LPLC2,right,acetylcholine,23497,LPLC2,right,5,0.029069767441860465,intra_population
23349,LPLC2,left,acetylcholine,40811,LPLC2,left,5,0.029069767441860465,intra_population
23247,LPLC2,left,acetylcholine,23202,LC4,left,5,0.029069767441860465,cross_visual
12824,LC4,left,acetylcholine,35262,LC4,left,5,0.029069767441860465,intra_population
34372,LPLC2,right,acetylcholine,22975,LC4,right,5,0.029069767441860465,cross_visual
23349,LPLC2,left,acetylcholine,19787,LPLC2,left,5,0.029069767441860465,intra_population
23349,LPLC2,left,acetylcholine,19911,LPLC2,left,5,0.029069767441860465,intra_population
23349,LPLC2,left,acetylcholine,20329,LPLC2,left,5,0.029069767441860465,intra_population
20282,LC4,right,acetylcholine,38065,LC4,right,5,0.029069767441860465,intra_population
23349,LPLC2,left,acetylcholine,20799,LPLC2,left,5,0.029069767441860465,intra_population
20329,LPLC2,left,acetylcholine,20240,LPLC2,left,5,0.029069767441860465,intra_population
517079,LPLC2,left,acetylcholine,32737,LPLC2,left,5,0.029069767441860465,intra_population
34110,LPLC2,right,acetylcholine,37925,LPLC2,right,5,0.029069767441860465,intra_population
517079,LPLC2,left,acetylcholine,112292,LPLC2,left,5,0.029069767441860465,intra_population
23349,LPLC2,left,acetylcholine,24568,LPLC2,left,5,0.029069767441860465,intra_population
20329,LPLC2,left,acetylcholine,17775,LPLC2,left,5,0.029069767441860465,intra_population
27716,LPLC2,left,acetylcholine,25209,LPLC2,left,5,0.029069767441860465,intra_population
517079,LPLC2,left,acetylcholine,521115,LPLC2,left,5,0.029069767441860465,intra_population
18396,LC4,left,acetylcholine,15018,LC4,left,5,0.029069767441860465,intra_population
517078,LPLC2,left,acetylcholine,14102,LPLC2,left,5,0.029069767441860465,intra_population
29391,LPLC2,right,acetylcholine,26393,LPLC2,right,5,0.029069767441860465,intra_population
23202,LC4,left,acetylcholine,524899,LC4,left,5,0.029069767441860465,intra_population
26528,LPLC2,left,acetylcholine,25286,LPLC2,left,5,0.029069767441860465,intra_population
34407,LPLC2,left,acetylcholine,33303,LPLC2,left,5,0.029069767441860465,intra_population
26528,LPLC2,left,acetylcholine,23919,LPLC2,left,5,0.029069767441860465,intra_population
20399,LC4,right,acetylcholine,17548,LC4,right,5,0.029069767441860465,intra_population
12824,LC4,left,acetylcholine,524899,LC4,left,5,0.029069767441860465,intra_population
23202,LC4,left,acetylcholine,20572,LC4,left,5,0.029069767441860465,intra_population
18189,LC4,right,acetylcholine,18127,LC4,right,5,0.029069767441860465,intra_population
23202,LC4,left,acetylcholine,20976,LC4,left,5,0.029069767441860465,intra_population
516909,LC4,left,acetylcholine,31308,LC4,left,5,0.029069767441860465,intra_population
23202,LC4,left,acetylcholine,22922,LC4,left,5,0.029069767441860465,intra_population
29391,LPLC2,right,acetylcholine,26147,LPLC2,right,5,0.029069767441860465,intra_population
17608,LC4,left,acetylcholine,518439,LC4,left,5,0.029069767441860465,intra_population
34655,LPLC2,left,acetylcholine,23919,LPLC2,left,5,0.029069767441860465,intra_population
27716,LPLC2,left,acetylcholine,17775,LPLC2,left,5,0.029069767441860465,intra_population
34655,LPLC2,left,acetylcholine,23550,LPLC2,left,5,0.029069767441860465,intra_population
517078,LPLC2,left,acetylcholine,25854,LPLC2,left,5,0.029069767441860465,intra_population
23202,LC4,left,acetylcholine,35616,LC4,left,5,0.029069767441860465,intra_population
14465,LPLC2,right,acetylcholine,21703,LPLC2,right,5,0.029069767441860465,intra_population
23202,LC4,left,acetylcholine,515900,LC4,left,5,0.029069767441860465,intra_population
23202,LC4,left,acetylcholine,518983,LC4,left,5,0.029069767441860465,intra_population
27716,LPLC2,left,acetylcholine,19830,LPLC2,left,5,0.029069767441860465,intra_population
23202,LC4,left,acetylcholine,519931,LC4,left,5,0.029069767441860465,intra_population
34110,LPLC2,right,acetylcholine,29873,LPLC2,right,5,0.029069767441860465,intra_population
17551,LPLC2,right,acetylcholine,29391,LPLC2,right,5,0.029069767441860465,intra_population
23226,LC4,left,acetylcholine,22922,LC4,left,5,0.029069767441860465,intra_population
23349,LPLC2,left,acetylcholine,15804,LPLC2,left,5,0.029069767441860465,intra_population
29391,LPLC2,right,acetylcholine,30207,LPLC2,right,5,0.029069767441860465,intra_population
517079,LPLC2,left,acetylcholine,23665,LPLC2,left,5,0.029069767441860465,intra_population
28871,LPLC2,right,acetylcholine,19608,LPLC2,right,5,0.029069767441860465,intra_population
23247,LPLC2,left,acetylcholine,520764,LPLC2,left,5,0.029069767441860465,intra_population
34372,LPLC2,right,acetylcholine,35680,LPLC2,right,5,0.029069767441860465,intra_population
517079,LPLC2,left,acetylcholine,25136,LPLC2,left,5,0.029069767441860465,intra_population
20329,LPLC2,left,acetylcholine,26528,LPLC2,left,5,0.029069767441860465,intra_population
517079,LPLC2,left,acetylcholine,26416,LPLC2,left,5,0.029069767441860465,intra_population
20329,LPLC2,left,acetylcholine,24308,LPLC2,left,5,0.029069767441860465,intra_population
23349,LPLC2,left,acetylcholine,14030,LPLC2,left,5,0.029069767441860465,intra_population
17266,LC4,right,acetylcholine,31262,LC4,right,5,0.029069767441860465,intra_population
20282,LC4,right,acetylcholine,23792,LC4,right,5,0.029069767441860465,intra_population
22557,LPLC2,left,acetylcholine,17990,LPLC2,left,5,0.029069767441860465,intra_population
25572,LPLC2,left,acetylcholine,515971,LPLC2,left,5,0.029069767441860465,intra_population
13726,LPLC2,left,acetylcholine,21299,LPLC2,left,5,0.029069767441860465,intra_population
21045,LPLC2,right,acetylcholine,34372,LPLC2,right,5,0.029069767441860465,intra_population
13764,LPLC2,left,acetylcholine,14102,LPLC2,left,5,0.029069767441860465,intra_population
13764,LPLC2,left,acetylcholine,13726,LPLC2,left,5,0.029069767441860465,intra_population
111903,LPLC2,left,acetylcholine,12384,LPLC2,left,5,0.029069767441860465,intra_population
29216,LPLC2,right,acetylcholine,27566,LPLC2,right,5,0.029069767441860465,intra_population
41097,LPLC2,left,acetylcholine,22557,LPLC2,left,5,0.029069767441860465,intra_population
29216,LPLC2,right,acetylcholine,28871,LPLC2,right,5,0.029069767441860465,intra_population
29391,LPLC2,right,acetylcholine,29287,LPLC2,right,5,0.029069767441860465,intra_population
20329,LPLC2,left,acetylcholine,33303,LPLC2,left,5,0.029069767441860465,intra_population
17608,LC4,left,acetylcholine,23226,LC4,left,5,0.029069767441860465,intra_population
20329,LPLC2,left,acetylcholine,34407,LPLC2,left,5,0.029069767441860465,intra_population
34110,LPLC2,right,acetylcholine,28871,LPLC2,right,5,0.029069767441860465,intra_population
20282,LC4,right,acetylcholine,22328,LC4,right,5,0.029069767441860465,intra_population
23349,LPLC2,left,acetylcholine,30512,LPLC2,left,5,0.029069767441860465,intra_population
29391,LPLC2,right,acetylcholine,37431,LPLC2,right,5,0.029069767441860465,intra_population
34110,LPLC2,right,acetylcholine,26393,LPLC2,right,5,0.029069767441860465,intra_population
517752,LC4,left,acetylcholine,17270,LC4,left,5,0.029069767441860465,intra_population
23349,LPLC2,left,acetylcholine,17880,LPLC2,left,5,0.029069767441860465,intra_population
517079,LPLC2,left,acetylcholine,27796,LPLC2,left,5,0.029069767441860465,intra_population
34372,LPLC2,right,acetylcholine,23590,LPLC2,right,5,0.029069767441860465,intra_population
34372,LPLC2,right,acetylcholine,23878,LPLC2,right,5,0.029069767441860465,intra_population
23247,LPLC2,left,acetylcholine,24840,LPLC2,left,5,0.029069767441860465,intra_population
23247,LPLC2,left,acetylcholine,25027,LPLC2,left,5,0.029069767441860465,intra_population
12824,LC4,left,acetylcholine,33137,LC4,left,5,0.029069767441860465,intra_population
34407,LPLC2,left,acetylcholine,22557,LPLC2,left,5,0.029069767441860465,intra_population
20329,LPLC2,left,acetylcholine,518731,LPLC2,left,5,0.029069767441860465,intra_population
28871,LPLC2,right,acetylcholine,20182,LPLC2,right,5,0.029069767441860465,intra_population
26528,LPLC2,left,acetylcholine,20329,LPLC2,left,5,0.029069767441860465,intra_population
23247,LPLC2,left,acetylcholine,33965,LPLC2,left,5,0.029069767441860465,intra_population
20329,LPLC2,left,acetylcholine,100103,LPLC2,left,5,0.029069767441860465,intra_population
23247,LPLC2,left,acetylcholine,34407,LPLC2,left,5,0.029069767441860465,intra_population
23247,LPLC2,left,acetylcholine,40841,LPLC2,left,5,0.029069767441860465,intra_population
26528,LPLC2,left,acetylcholine,23550,LPLC2,left,5,0.029069767441860465,intra_population
34407,LPLC2,left,acetylcholine,25027,LPLC2,left,5,0.029069767441860465,intra_population
23392,LC4,right,acetylcholine,17266,LC4,right,5,0.029069767441860465,intra_population
23590,LPLC2,right,acetylcholine,24800,LPLC2,right,5,0.029069767441860465,intra_population
518016,LC4,left,acetylcholine,524899,LC4,left,5,0.029069767441860465,intra_population
23590,LPLC2,right,acetylcholine,20535,LPLC2,right,5,0.029069767441860465,intra_population
23590,LPLC2,right,acetylcholine,21562,LPLC2,right,5,0.029069767441860465,intra_population
20182,LPLC2,right,acetylcholine,25511,LPLC2,right,5,0.029069767441860465,intra_population
17551,LPLC2,right,acetylcholine,20047,LPLC2,right,5,0.029069767441860465,intra_population
33406,LPLC2,left,acetylcholine,25854,LPLC2,left,5,0.029069767441860465,intra_population
33406,LPLC2,left,acetylcholine,25572,LPLC2,left,5,0.029069767441860465,intra_population
20182,LPLC2,right,acetylcholine,24800,LPLC2,right,5,0.029069767441860465,intra_population
20182,LPLC2,right,acetylcholine,24401,LPLC2,right,5,0.029069767441860465,intra_population
23590,LPLC2,right,acetylcholine,24401,LPLC2,right,5,0.029069767441860465,intra_population
23590,LPLC2,right,acetylcholine,25316,LPLC2,right,5,0.029069767441860465,intra_population
33694,LPLC2,right,acetylcholine,24268,LPLC2,right,5,0.029069767441860465,intra_population
23590,LPLC2,right,acetylcholine,25497,LPLC2,right,5,0.029069767441860465,intra_population
29469,LC4,left,acetylcholine,31301,LC4,left,5,0.029069767441860465,intra_population
20182,LPLC2,right,acetylcholine,22677,LPLC2,right,5,0.029069767441860465,intra_population
23590,LPLC2,right,acetylcholine,28871,LPLC2,right,5,0.029069767441860465,intra_population
28741,LPLC2,right,acetylcholine,29598,LPLC2,right,5,0.029069767441860465,intra_population
23550,LPLC2,left,acetylcholine,536444,LPLC2,left,5,0.029069767441860465,intra_population
33406,LPLC2,left,acetylcholine,517079,LPLC2,left,5,0.029069767441860465,intra_population
518016,LC4,left,acetylcholine,23226,LC4,left,5,0.029069767441860465,intra_population
517819,LPLC2,left,acetylcholine,27716,LPLC2,left,5,0.029069767441860465,intra_population
29417,LC4,left,acetylcholine,37587,LC4,left,5,0.029069767441860465,intra_population
23590,LPLC2,right,acetylcholine,20334,LPLC2,right,5,0.029069767441860465,intra_population
20182,LPLC2,right,acetylcholine,27566,LPLC2,right,5,0.029069767441860465,intra_population
23590,LPLC2,right,acetylcholine,20182,LPLC2,right,5,0.029069767441860465,intra_population
23590,LPLC2,right,acetylcholine,20103,LPLC2,right,5,0.029069767441860465,intra_population
34051,LPLC2,left,acetylcholine,27355,LPLC2,left,5,0.029069767441860465,intra_population
517819,LPLC2,left,acetylcholine,11498,LPLC2,left,5,0.029069767441860465,intra_population
34051,LPLC2,left,acetylcholine,23665,LPLC2,left,5,0.029069767441860465,intra_population
517819,LPLC2,left,acetylcholine,15804,LPLC2,left,5,0.029069767441860465,intra_population
33965,LPLC2,left,acetylcholine,531014,LPLC2,left,5,0.029069767441860465,intra_population
20269,LPLC2,right,acetylcholine,23590,LPLC2,right,5,0.029069767441860465,intra_population
20269,LPLC2,right,acetylcholine,23497,LPLC2,right,5,0.029069767441860465,intra_population
12384,LPLC2,left,acetylcholine,517819,LPLC2,left,5,0.029069767441860465,intra_population
12384,LPLC2,left,acetylcholine,514670,LPLC2,left,5,0.029069767441860465,intra_population
20269,LPLC2,right,acetylcholine,21045,LPLC2,right,5,0.029069767441860465,intra_population
517819,LPLC2,left,acetylcholine,20799,LPLC2,left,5,0.029069767441860465,intra_population
29417,LC4,left,acetylcholine,16809,LC4,left,5,0.029069767441860465,intra_population
517752,LC4,left,acetylcholine,526286,LC4,left,5,0.029069767441860465,intra_population
34110,LPLC2,right,acetylcholine,11137,DNp04,right,5,0.029069767441860465,visual_to_readout
20240,LPLC2,left,acetylcholine,31563,LPLC2,left,5,0.029069767441860465,intra_population
23497,LPLC2,right,acetylcholine,34110,LPLC2,right,5,0.029069767441860465,intra_population
17551,LPLC2,right,acetylcholine,20334,LPLC2,right,5,0.029069767441860465,intra_population
20182,LPLC2,right,acetylcholine,29391,LPLC2,right,5,0.029069767441860465,intra_population
20182,LPLC2,right,acetylcholine,29287,LPLC2,right,5,0.029069767441860465,intra_population
33406,LPLC2,left,acetylcholine,26528,LPLC2,left,5,0.029069767441860465,intra_population
20182,LPLC2,right,acetylcholine,28741,LPLC2,right,5,0.029069767441860465,intra_population
28741,LPLC2,right,acetylcholine,32507,LPLC2,right,5,0.029069767441860465,intra_population
33694,LPLC2,right,acetylcholine,21045,LPLC2,right,5,0.029069767441860465,intra_population
12824,LC4,left,acetylcholine,35616,LC4,left,5,0.029069767441860465,intra_population
17608,LC4,left,acetylcholine,29417,LC4,left,5,0.029069767441860465,intra_population
20334,LPLC2,right,acetylcholine,23590,LPLC2,right,5,0.029069767441860465,intra_population
34407,LPLC2,left,acetylcholine,31105,LPLC2,left,5,0.029069767441860465,intra_population
34407,LPLC2,left,acetylcholine,30893,LPLC2,left,5,0.029069767441860465,intra_population
20334,LPLC2,right,acetylcholine,22677,LPLC2,right,5,0.029069767441860465,intra_population
18189,LC4,right,acetylcholine,19794,LC4,right,5,0.029069767441860465,intra_population
12824,LC4,left,acetylcholine,512705,LC4,left,5,0.029069767441860465,intra_population
34407,LPLC2,left,acetylcholine,28188,LPLC2,left,5,0.029069767441860465,intra_population
20334,LPLC2,right,acetylcholine,21808,LPLC2,right,5,0.029069767441860465,intra_population
517078,LPLC2,left,acetylcholine,19830,LPLC2,left,5,0.029069767441860465,intra_population
20334,LPLC2,right,acetylcholine,21562,LPLC2,right,5,0.029069767441860465,intra_population
22557,LPLC2,left,acetylcholine,18900,LPLC2,left,5,0.029069767441860465,intra_population
17551,LPLC2,right,acetylcholine,21808,LPLC2,right,5,0.029069767441860465,intra_population
18189,LC4,right,acetylcholine,19954,LC4,right,5,0.029069767441860465,intra_population
20334,LPLC2,right,acetylcholine,20694,LPLC2,right,5,0.029069767441860465,intra_population
26528,LPLC2,left,acetylcholine,22557,LPLC2,left,5,0.029069767441860465,intra_population
20334,LPLC2,right,acetylcholine,20269,LPLC2,right,5,0.029069767441860465,intra_population
20334,LPLC2,right,acetylcholine,20047,LPLC2,right,5,0.029069767441860465,intra_population
23247,LPLC2,left,acetylcholine,15804,LPLC2,left,5,0.029069767441860465,intra_population
20334,LPLC2,right,acetylcholine,19589,LPLC2,right,5,0.029069767441860465,intra_population
20334,LPLC2,right,acetylcholine,19249,LPLC2,right,5,0.029069767441860465,intra_population
20334,LPLC2,right,acetylcholine,19229,LPLC2,right,5,0.029069767441860465,intra_population
23247,LPLC2,left,acetylcholine,18936,LPLC2,left,5,0.029069767441860465,intra_population
23226,LC4,left,acetylcholine,27829,LC4,left,5,0.029069767441860465,intra_population
34110,LPLC2,right,acetylcholine,23497,LPLC2,right,5,0.029069767441860465,intra_population
26416,LPLC2,left,acetylcholine,134521,LPLC2,left,5,0.029069767441860465,intra_population
23202,LC4,left,acetylcholine,17270,LC4,left,5,0.029069767441860465,intra_population
27716,LPLC2,left,acetylcholine,34051,LPLC2,left,5,0.029069767441860465,intra_population
23550,LPLC2,left,acetylcholine,17775,LPLC2,left,5,0.029069767441860465,intra_population
23550,LPLC2,left,acetylcholine,21299,LPLC2,left,5,0.029069767441860465,intra_population
517819,LPLC2,left,acetylcholine,33303,LPLC2,left,5,0.029069767441860465,intra_population
20240,LPLC2,left,acetylcholine,18900,LPLC2,left,5,0.029069767441860465,intra_population
33439,LPLC2,right,acetylcholine,35680,LPLC2,right,5,0.029069767441860465,intra_population
23497,LPLC2,right,acetylcholine,31964,LPLC2,right,5,0.029069767441860465,intra_population
33439,LPLC2,right,acetylcholine,34110,LPLC2,right,5,0.029069767441860465,intra_population
23550,LPLC2,left,acetylcholine,28188,LPLC2,left,5,0.029069767441860465,intra_population
33439,LPLC2,right,acetylcholine,32507,LPLC2,right,5,0.029069767441860465,intra_population
23550,LPLC2,left,acetylcholine,29815,LPLC2,left,5,0.029069767441860465,intra_population
20240,LPLC2,left,acetylcholine,15804,LPLC2,left,5,0.029069767441860465,intra_population
29417,LC4,left,acetylcholine,532254,LC4,left,5,0.029069767441860465,intra_population
518016,LC4,left,acetylcholine,20976,LC4,left,5,0.029069767441860465,intra_population
518016,LC4,left,acetylcholine,22922,LC4,left,5,0.029069767441860465,intra_population
23550,LPLC2,left,acetylcholine,129687,LPLC2,left,5,0.029069767441860465,intra_population
17270,LC4,left,acetylcholine,20440,LC4,left,5,0.029069767441860465,intra_population
33406,LPLC2,left,acetylcholine,531014,LPLC2,left,5,0.029069767441860465,intra_population
23550,LPLC2,left,acetylcholine,521115,LPLC2,left,5,0.029069767441860465,intra_population
20182,LPLC2,right,acetylcholine,35889,LPLC2,right,5,0.029069767441860465,intra_population
517819,LPLC2,left,acetylcholine,517079,LPLC2,left,5,0.029069767441860465,intra_population
129687,LPLC2,left,acetylcholine,29815,LPLC2,left,5,0.029069767441860465,intra_population
33965,LPLC2,left,acetylcholine,29753,LPLC2,left,5,0.029069767441860465,intra_population
17926,LC4,right,acetylcholine,25584,LC4,right,5,0.029069767441860465,intra_population
26393,LPLC2,right,acetylcholine,10584,DNp06,right,5,0.029069767441860465,visual_to_readout
32597,LC4,left,acetylcholine,518544,LC4,left,5,0.029069767441860465,intra_population
32597,LC4,left,acetylcholine,514508,LC4,left,5,0.029069767441860465,intra_population
12349,LC4,left,acetylcholine,520449,LC4,left,5,0.029069767441860465,intra_population
519650,LC4,left,acetylcholine,31308,LC4,left,5,0.029069767441860465,intra_population
519650,LC4,left,acetylcholine,17653,LC4,left,5,0.029069767441860465,intra_population
23878,LPLC2,right,acetylcholine,19229,LPLC2,right,5,0.029069767441860465,intra_population
28741,LPLC2,right,acetylcholine,11137,DNp04,right,5,0.029069767441860465,visual_to_readout
32597,LC4,left,acetylcholine,33137,LC4,left,5,0.029069767441860465,intra_population
18672,LPLC2,right,acetylcholine,19249,LPLC2,right,5,0.029069767441860465,intra_population
24187,LPLC2,right,acetylcholine,21045,LPLC2,right,5,0.029069767441860465,intra_population
32597,LC4,left,acetylcholine,31429,LC4,left,5,0.029069767441860465,intra_population
17054,LC4,right,acetylcholine,18189,LC4,right,5,0.029069767441860465,intra_population
27796,LPLC2,left,acetylcholine,25854,LPLC2,left,5,0.029069767441860465,intra_population
19954,LC4,right,acetylcholine,17668,LC4,right,5,0.029069767441860465,intra_population
32597,LC4,left,acetylcholine,35262,LC4,left,5,0.029069767441860465,intra_population
19954,LC4,right,acetylcholine,16628,LC4,right,5,0.029069767441860465,intra_population
32737,LPLC2,left,acetylcholine,10228,DNp06,left,5,0.029069767441860465,visual_to_readout
32737,LPLC2,left,acetylcholine,17775,LPLC2,left,5,0.029069767441860465,intra_population
26147,LPLC2,right,acetylcholine,35889,LPLC2,right,5,0.029069767441860465,intra_population
24118,LPLC2,right,acetylcholine,29183,LPLC2,right,5,0.029069767441860465,intra_population
32737,LPLC2,left,acetylcholine,23349,LPLC2,left,5,0.029069767441860465,intra_population
12349,LC4,left,acetylcholine,35616,LC4,left,5,0.029069767441860465,intra_population
27750,LC4,left,acetylcholine,512366,LC4,left,5,0.029069767441860465,intra_population
23878,LPLC2,right,acetylcholine,19608,LPLC2,right,5,0.029069767441860465,intra_population
14888,LC4,left,acetylcholine,100485,LC4,left,5,0.029069767441860465,intra_population
30512,LPLC2,left,acetylcholine,24568,LPLC2,left,5,0.029069767441860465,intra_population
19249,LPLC2,right,acetylcholine,17987,LC4,right,5,0.029069767441860465,cross_visual
25267,LPLC2,right,acetylcholine,10584,DNp06,right,5,0.029069767441860465,visual_to_readout
25267,LPLC2,right,acetylcholine,11137,DNp04,right,5,0.029069767441860465,visual_to_readout
532254,LC4,left,acetylcholine,20859,LC4,left,5,0.029069767441860465,intra_population
25636,LPLC2,right,acetylcholine,26730,LPLC2,right,5,0.029069767441860465,intra_population
18929,LPLC2,right,acetylcholine,19229,LPLC2,right,5,0.029069767441860465,intra_population
30512,LPLC2,left,acetylcholine,25575,LPLC2,left,5,0.029069767441860465,intra_population
30512,LPLC2,left,acetylcholine,25572,LPLC2,left,5,0.029069767441860465,intra_population
19229,LPLC2,right,acetylcholine,37431,LPLC2,right,5,0.029069767441860465,intra_population
532254,LC4,left,acetylcholine,27829,LC4,left,5,0.029069767441860465,intra_population
19229,LPLC2,right,acetylcholine,32507,LPLC2,right,5,0.029069767441860465,intra_population
24118,LPLC2,right,acetylcholine,38542,LPLC2,right,5,0.029069767441860465,intra_population
28003,LPLC2,right,acetylcholine,28741,LPLC2,right,5,0.029069767441860465,intra_population
16128,LC4,right,acetylcholine,21287,LC4,right,5,0.029069767441860465,intra_population
25267,LPLC2,right,acetylcholine,23590,LPLC2,right,5,0.029069767441860465,intra_population
19229,LPLC2,right,acetylcholine,30938,LPLC2,right,5,0.029069767441860465,intra_population
532254,LC4,left,acetylcholine,517752,LC4,left,5,0.029069767441860465,intra_population
532254,LC4,left,acetylcholine,524899,LC4,left,5,0.029069767441860465,intra_population
30512,LPLC2,left,acetylcholine,30893,LPLC2,left,5,0.029069767441860465,intra_population
520764,LPLC2,left,acetylcholine,31563,LPLC2,left,5,0.029069767441860465,intra_population
19608,LPLC2,right,acetylcholine,24268,LPLC2,right,5,0.029069767441860465,intra_population
31988,LPLC2,right,acetylcholine,35889,LPLC2,right,5,0.029069767441860465,intra_population
20016,LC4,right,acetylcholine,19420,LC4,right,5,0.029069767441860465,intra_population
27796,LPLC2,left,acetylcholine,24308,LPLC2,left,5,0.029069767441860465,intra_population
32737,LPLC2,left,acetylcholine,20329,LPLC2,left,5,0.029069767441860465,intra_population
32507,LPLC2,right,acetylcholine,33185,LPLC2,right,5,0.029069767441860465,intra_population
23792,LC4,right,acetylcholine,17860,LC4,right,5,0.029069767441860465,intra_population
519931,LC4,left,acetylcholine,520449,LC4,left,5,0.029069767441860465,intra_population
26147,LPLC2,right,acetylcholine,19608,LPLC2,right,5,0.029069767441860465,intra_population
19911,LPLC2,left,acetylcholine,26416,LPLC2,left,5,0.029069767441860465,intra_population
32507,LPLC2,right,acetylcholine,24800,LPLC2,right,5,0.029069767441860465,intra_population
23792,LC4,right,acetylcholine,17054,LC4,right,5,0.029069767441860465,intra_population
28188,LPLC2,left,acetylcholine,27716,LPLC2,left,5,0.029069767441860465,intra_population
33303,LPLC2,left,acetylcholine,33406,LPLC2,left,5,0.029069767441860465,intra_population
26147,LPLC2,right,acetylcholine,22218,LPLC2,right,5,0.029069767441860465,intra_population
518730,LC4,left,acetylcholine,518544,LC4,left,5,0.029069767441860465,intra_population
20162,LPLC2,right,acetylcholine,14465,LPLC2,right,5,0.029069767441860465,intra_population
20016,LC4,right,acetylcholine,17266,LC4,right,5,0.029069767441860465,intra_population
12349,LC4,left,acetylcholine,532254,LC4,left,5,0.029069767441860465,intra_population
23792,LC4,right,acetylcholine,30803,LC4,right,5,0.029069767441860465,intra_population
15018,LC4,left,acetylcholine,29514,LC4,left,5,0.029069767441860465,intra_population
32597,LC4,left,acetylcholine,18396,LC4,left,5,0.029069767441860465,intra_population
33303,LPLC2,left,acetylcholine,19830,LPLC2,left,5,0.029069767441860465,intra_population
19954,LC4,right,acetylcholine,10584,DNp06,right,5,0.029069767441860465,visual_to_readout
23792,LC4,right,acetylcholine,28945,LC4,right,5,0.029069767441860465,intra_population
29514,LC4,left,acetylcholine,31429,LC4,left,5,0.029069767441860465,intra_population
12349,LC4,left,acetylcholine,535341,LC4,left,5,0.029069767441860465,intra_population
26147,LPLC2,right,acetylcholine,21562,LPLC2,right,5,0.029069767441860465,intra_population
33303,LPLC2,left,acetylcholine,34407,LPLC2,left,5,0.029069767441860465,intra_population
26147,LPLC2,right,acetylcholine,20162,LPLC2,right,5,0.029069767441860465,intra_population
24187,LPLC2,right,acetylcholine,35632,LPLC2,right,5,0.029069767441860465,intra_population
24268,LPLC2,right,acetylcholine,19608,LPLC2,right,5,0.029069767441860465,intra_population
24118,LPLC2,right,acetylcholine,35632,LPLC2,right,5,0.029069767441860465,intra_population
12349,LC4,left,acetylcholine,518544,LC4,left,5,0.029069767441860465,intra_population
28188,LPLC2,left,acetylcholine,40811,LPLC2,left,5,0.029069767441860465,intra_population
24118,LPLC2,right,acetylcholine,33396,LPLC2,right,5,0.029069767441860465,intra_population
33185,LPLC2,right,acetylcholine,31988,LPLC2,right,5,0.029069767441860465,intra_population
26147,LPLC2,right,acetylcholine,37431,LPLC2,right,5,0.029069767441860465,intra_population
12349,LC4,left,acetylcholine,518983,LC4,left,5,0.029069767441860465,intra_population
24118,LPLC2,right,acetylcholine,33439,LPLC2,right,5,0.029069767441860465,intra_population
33185,LPLC2,right,acetylcholine,33439,LPLC2,right,5,0.029069767441860465,intra_population
24118,LPLC2,right,acetylcholine,34372,LPLC2,right,5,0.029069767441860465,intra_population
28188,LPLC2,left,acetylcholine,533895,LPLC2,left,5,0.029069767441860465,intra_population
33185,LPLC2,right,acetylcholine,28741,LPLC2,right,5,0.029069767441860465,intra_population
518731,LPLC2,left,acetylcholine,10228,DNp06,left,5,0.029069767441860465,visual_to_readout
24187,LPLC2,right,acetylcholine,24401,LPLC2,right,5,0.029069767441860465,intra_population
24187,LPLC2,right,acetylcholine,37925,LPLC2,right,5,0.029069767441860465,intra_population
24187,LPLC2,right,acetylcholine,55627,LPLC2,right,5,0.029069767441860465,intra_population
12349,LC4,left,acetylcholine,31301,LC4,left,5,0.029069767441860465,intra_population
19911,LPLC2,left,acetylcholine,33406,LPLC2,left,5,0.029069767441860465,intra_population
33303,LPLC2,left,acetylcholine,29753,LPLC2,left,5,0.029069767441860465,intra_population
29469,LC4,left,acetylcholine,111787,LC4,left,5,0.029069767441860465,intra_population
23792,LC4,right,acetylcholine,19260,LC4,right,5,0.029069767441860465,intra_population
25253,LPLC2,right,acetylcholine,39620,LPLC2,right,5,0.029069767441860465,intra_population
25253,LPLC2,right,acetylcholine,37925,LPLC2,right,5,0.029069767441860465,intra_population
19249,LPLC2,right,acetylcholine,18189,LC4,right,5,0.029069767441860465,cross_visual
30895,LPLC2,left,acetylcholine,17608,LC4,left,5,0.029069767441860465,cross_visual
16128,LC4,right,acetylcholine,19794,LC4,right,5,0.029069767441860465,intra_population
531014,LPLC2,left,acetylcholine,34407,LPLC2,left,5,0.029069767441860465,intra_population
30803,LC4,right,acetylcholine,22034,LC4,right,5,0.029069767441860465,intra_population
25253,LPLC2,right,acetylcholine,25636,LPLC2,right,5,0.029069767441860465,intra_population
531014,LPLC2,left,acetylcholine,41097,LPLC2,left,5,0.029069767441860465,intra_population
25253,LPLC2,right,acetylcholine,26730,LPLC2,right,5,0.029069767441860465,intra_population
531014,LPLC2,left,acetylcholine,520764,LPLC2,left,5,0.029069767441860465,intra_population
29702,LPLC2,left,acetylcholine,111903,LPLC2,left,5,0.029069767441860465,intra_population
25636,LPLC2,right,acetylcholine,19034,LPLC2,right,5,0.029069767441860465,intra_population
19420,LC4,right,acetylcholine,16138,LC4,right,5,0.029069767441860465,intra_population
30938,LPLC2,right,acetylcholine,29183,LPLC2,right,5,0.029069767441860465,intra_population
19543,LC4,right,acetylcholine,17926,LC4,right,5,0.029069767441860465,intra_population
30938,LPLC2,right,acetylcholine,28871,LPLC2,right,5,0.029069767441860465,intra_population
19543,LC4,right,acetylcholine,22975,LC4,right,5,0.029069767441860465,intra_population
19543,LC4,right,acetylcholine,22034,LC4,right,5,0.029069767441860465,intra_population
19543,LC4,right,acetylcholine,20588,LC4,right,5,0.029069767441860465,intra_population
30938,LPLC2,right,acetylcholine,24187,LPLC2,right,5,0.029069767441860465,intra_population
30938,LPLC2,right,acetylcholine,23878,LPLC2,right,5,0.029069767441860465,intra_population
18900,LPLC2,left,acetylcholine,31105,LPLC2,left,5,0.029069767441860465,intra_population
25209,LPLC2,left,acetylcholine,23919,LPLC2,left,5,0.029069767441860465,intra_population
25209,LPLC2,left,acetylcholine,24308,LPLC2,left,5,0.029069767441860465,intra_population
29702,LPLC2,left,acetylcholine,33406,LPLC2,left,5,0.029069767441860465,intra_population
25253,LPLC2,right,acetylcholine,24800,LPLC2,right,5,0.029069767441860465,intra_population
17364,LC4,right,acetylcholine,20673,LC4,right,5,0.029069767441860465,intra_population
25253,LPLC2,right,acetylcholine,24268,LPLC2,right,5,0.029069767441860465,intra_population
17364,LC4,right,acetylcholine,20917,LC4,right,5,0.029069767441860465,intra_population
28011,LPLC2,left,acetylcholine,29955,LPLC2,left,5,0.029069767441860465,intra_population
25524,LPLC2,left,acetylcholine,31563,LPLC2,left,5,0.029069767441860465,intra_population
25524,LPLC2,left,acetylcholine,32737,LPLC2,left,5,0.029069767441860465,intra_population
25524,LPLC2,left,acetylcholine,34655,LPLC2,left,5,0.029069767441860465,intra_population
18929,LPLC2,right,acetylcholine,21703,LPLC2,right,5,0.029069767441860465,intra_population
25316,LPLC2,right,acetylcholine,24268,LPLC2,right,5,0.029069767441860465,intra_population
19146,LPLC2,right,acetylcholine,31257,LPLC2,right,5,0.029069767441860465,intra_population
531014,LPLC2,left,acetylcholine,29753,LPLC2,left,5,0.029069767441860465,intra_population
531014,LPLC2,left,acetylcholine,30512,LPLC2,left,5,0.029069767441860465,intra_population
25636,LPLC2,right,acetylcholine,22261,LPLC2,right,5,0.029069767441860465,intra_population
19260,LC4,right,acetylcholine,21151,LC4,right,5,0.029069767441860465,intra_population
25253,LPLC2,right,acetylcholine,20047,LPLC2,right,5,0.029069767441860465,intra_population
30893,LPLC2,left,acetylcholine,30512,LPLC2,left,5,0.029069767441860465,intra_population
30893,LPLC2,left,acetylcholine,27355,LPLC2,left,5,0.029069767441860465,intra_population
29702,LPLC2,left,acetylcholine,517078,LPLC2,left,5,0.029069767441860465,intra_population
19260,LC4,right,acetylcholine,19794,LC4,right,5,0.029069767441860465,intra_population
16628,LC4,right,acetylcholine,20917,LC4,right,5,0.029069767441860465,intra_population
19260,LC4,right,acetylcholine,19420,LC4,right,5,0.029069767441860465,intra_population
29702,LPLC2,left,acetylcholine,532254,LC4,left,5,0.029069767441860465,cross_visual
531014,LPLC2,left,acetylcholine,33406,LPLC2,left,5,0.029069767441860465,intra_population
30803,LC4,right,acetylcholine,29563,LC4,right,5,0.029069767441860465,intra_population
30938,LPLC2,right,acetylcholine,14465,LPLC2,right,5,0.029069767441860465,intra_population
28003,LPLC2,right,acetylcholine,21313,LC4,right,5,0.029069767441860465,cross_visual
532254,LC4,left,acetylcholine,16917,LC4,left,5,0.029069767441860465,intra_population
28003,LPLC2,right,acetylcholine,33694,LPLC2,right,5,0.029069767441860465,intra_population
28044,LPLC2,right,acetylcholine,20047,LPLC2,right,5,0.029069767441860465,intra_population
30207,LPLC2,right,acetylcholine,21045,LPLC2,right,5,0.029069767441860465,intra_population
18929,LPLC2,right,acetylcholine,20584,LPLC2,right,5,0.029069767441860465,intra_population
25286,LPLC2,left,acetylcholine,525844,LPLC2,left,5,0.029069767441860465,intra_population
16138,LC4,right,acetylcholine,19420,LC4,right,5,0.029069767441860465,intra_population
17364,LC4,right,acetylcholine,17668,LC4,right,5,0.029069767441860465,intra_population
19229,LPLC2,right,acetylcholine,14465,LPLC2,right,5,0.029069767441860465,intra_population
18929,LPLC2,right,acetylcholine,20749,LPLC2,right,5,0.029069767441860465,intra_population
29753,LPLC2,left,acetylcholine,40841,LPLC2,left,5,0.029069767441860465,intra_population
25584,LC4,right,acetylcholine,17548,LC4,right,5,0.029069767441860465,intra_population
17054,LC4,right,acetylcholine,21225,LC4,right,5,0.029069767441860465,intra_population
25209,LPLC2,left,acetylcholine,27355,LPLC2,left,5,0.029069767441860465,intra_population
19146,LPLC2,right,acetylcholine,35889,LPLC2,right,5,0.029069767441860465,intra_population
30087,LC4,left,acetylcholine,31429,LC4,left,5,0.029069767441860465,intra_population
533129,LC4,left,acetylcholine,18432,LC4,left,5,0.029069767441860465,intra_population
11498,LPLC2,left,acetylcholine,17774,LPLC2,left,5,0.029069767441860465,intra_population
30480,LC4,right,acetylcholine,23929,LC4,right,5,0.029069767441860465,intra_population
532254,LC4,left,acetylcholine,533129,LC4,left,5,0.029069767441860465,intra_population
25253,LPLC2,right,acetylcholine,29873,LPLC2,right,5,0.029069767441860465,intra_population
532254,LC4,left,acetylcholine,10228,DNp06,left,5,0.029069767441860465,visual_to_readout
25253,LPLC2,right,acetylcholine,31257,LPLC2,right,5,0.029069767441860465,intra_population
532254,LC4,left,acetylcholine,14888,LC4,left,5,0.029069767441860465,intra_population
30207,LPLC2,right,acetylcholine,28741,LPLC2,right,5,0.029069767441860465,intra_population
25584,LC4,right,acetylcholine,20282,LC4,right,5,0.029069767441860465,intra_population
18929,LPLC2,right,acetylcholine,20162,LPLC2,right,5,0.029069767441860465,intra_population
29753,LPLC2,left,acetylcholine,25524,LPLC2,left,5,0.029069767441860465,intra_population
11498,LPLC2,left,acetylcholine,111903,LPLC2,left,5,0.029069767441860465,intra_population
19543,LC4,right,acetylcholine,10584,DNp06,right,5,0.029069767441860465,visual_to_readout
11498,LPLC2,left,acetylcholine,33303,LPLC2,left,5,0.029069767441860465,intra_population
25209,LPLC2,left,acetylcholine,29702,LPLC2,left,5,0.029069767441860465,intra_population
25636,LPLC2,right,acetylcholine,24800,LPLC2,right,5,0.029069767441860465,intra_population
19420,LC4,right,acetylcholine,19794,LC4,right,5,0.029069767441860465,intra_population
28003,LPLC2,right,acetylcholine,21769,LPLC2,right,5,0.029069767441860465,intra_population
19420,LC4,right,acetylcholine,19260,LC4,right,5,0.029069767441860465,intra_population
28003,LPLC2,right,acetylcholine,22218,LPLC2,right,5,0.029069767441860465,intra_population
25209,LPLC2,left,acetylcholine,34655,LPLC2,left,5,0.029069767441860465,intra_population
17364,LC4,right,acetylcholine,21313,LC4,right,5,0.029069767441860465,intra_population
18929,LPLC2,right,acetylcholine,10001,DNp01,right,5,0.029069767441860465,visual_to_readout
25636,LPLC2,right,acetylcholine,17551,LPLC2,right,5,0.029069767441860465,intra_population
19249,LPLC2,right,acetylcholine,21769,LPLC2,right,5,0.029069767441860465,intra_population
533129,LC4,left,acetylcholine,18478,LC4,left,5,0.029069767441860465,intra_population
25267,LPLC2,right,acetylcholine,37613,LPLC2,right,5,0.029069767441860465,intra_population
29753,LPLC2,left,acetylcholine,24840,LPLC2,left,5,0.029069767441860465,intra_population
30207,LPLC2,right,acetylcholine,37925,LPLC2,right,5,0.029069767441860465,intra_population
25286,LPLC2,left,acetylcholine,17544,LPLC2,left,5,0.029069767441860465,intra_population
19229,LPLC2,right,acetylcholine,21562,LPLC2,right,5,0.029069767441860465,intra_population
29753,LPLC2,left,acetylcholine,25209,LPLC2,left,5,0.029069767441860465,intra_population
15018,LC4,left,acetylcholine,32597,LC4,left,5,0.029069767441860465,intra_population
24187,LPLC2,right,acetylcholine,29287,LPLC2,right,5,0.029069767441860465,intra_population
19034,LPLC2,right,acetylcholine,20334,LPLC2,right,5,0.029069767441860465,intra_population
20182,LPLC2,right,acetylcholine,20749,LPLC2,right,5,0.029069767441860465,intra_population
24308,LPLC2,left,acetylcholine,13132,LPLC2,left,5,0.029069767441860465,intra_population
518544,LC4,left,acetylcholine,518016,LC4,left,5,0.029069767441860465,intra_population
24308,LPLC2,left,acetylcholine,17059,LPLC2,left,5,0.029069767441860465,intra_population
24308,LPLC2,left,acetylcholine,17775,LPLC2,left,5,0.029069767441860465,intra_population
20162,LPLC2,right,acetylcholine,29287,LPLC2,right,5,0.029069767441860465,intra_population
20162,LPLC2,right,acetylcholine,28003,LPLC2,right,5,0.029069767441860465,intra_population
24268,LPLC2,right,acetylcholine,33694,LPLC2,right,5,0.029069767441860465,intra_population
20182,LPLC2,right,acetylcholine,18672,LPLC2,right,5,0.029069767441860465,intra_population
24308,LPLC2,left,acetylcholine,27023,LPLC2,left,5,0.029069767441860465,intra_population
19830,LPLC2,left,acetylcholine,515900,LC4,left,5,0.029069767441860465,cross_visual
19830,LPLC2,left,acetylcholine,30512,LPLC2,left,5,0.029069767441860465,intra_population
33396,LPLC2,right,acetylcholine,24118,LPLC2,right,5,0.029069767441860465,intra_population
24308,LPLC2,left,acetylcholine,112292,LPLC2,left,5,0.029069767441860465,intra_population
27796,LPLC2,left,acetylcholine,112292,LPLC2,left,5,0.029069767441860465,intra_population
24308,LPLC2,left,acetylcholine,517819,LPLC2,left,5,0.029069767441860465,intra_population
26112,LC4,right,acetylcholine,23929,LC4,right,5,0.029069767441860465,intra_population
24308,LPLC2,left,acetylcholine,521115,LPLC2,left,5,0.029069767441860465,intra_population
24308,LPLC2,left,acetylcholine,525844,LPLC2,left,5,0.029069767441860465,intra_population
520764,LPLC2,left,acetylcholine,29319,LPLC2,left,5,0.029069767441860465,intra_population
29514,LC4,left,acetylcholine,515476,LC4,left,5,0.029069767441860465,intra_population
33406,LPLC2,left,acetylcholine,15804,LPLC2,left,5,0.029069767441860465,intra_population
15804,LPLC2,left,acetylcholine,14102,LPLC2,left,5,0.029069767441860465,intra_population
14888,LC4,left,acetylcholine,24523,LC4,left,5,0.029069767441860465,intra_population
17544,LPLC2,left,acetylcholine,24840,LPLC2,left,5,0.029069767441860465,intra_population
26393,LPLC2,right,acetylcholine,19034,LPLC2,right,5,0.029069767441860465,intra_population
32237,LPLC2,left,acetylcholine,31105,LPLC2,left,5,0.029069767441860465,intra_population
19842,LPLC2,right,acetylcholine,18672,LPLC2,right,5,0.029069767441860465,intra_population
32237,LPLC2,left,acetylcholine,19911,LPLC2,left,5,0.029069767441860465,intra_population
23665,LPLC2,left,acetylcholine,24840,LPLC2,left,5,0.029069767441860465,intra_population
33396,LPLC2,right,acetylcholine,29183,LPLC2,right,5,0.029069767441860465,intra_population
23665,LPLC2,left,acetylcholine,23919,LPLC2,left,5,0.029069767441860465,intra_population
15018,LC4,left,acetylcholine,518439,LC4,left,5,0.029069767441860465,intra_population
19842,LPLC2,right,acetylcholine,18189,LC4,right,5,0.029069767441860465,cross_visual
28741,LPLC2,right,acetylcholine,24187,LPLC2,right,5,0.029069767441860465,intra_population
27750,LC4,left,acetylcholine,16917,LC4,left,5,0.029069767441860465,intra_population
24308,LPLC2,left,acetylcholine,19830,LPLC2,left,5,0.029069767441860465,intra_population
32237,LPLC2,left,acetylcholine,33406,LPLC2,left,5,0.029069767441860465,intra_population
19842,LPLC2,right,acetylcholine,20162,LPLC2,right,5,0.029069767441860465,intra_population
33396,LPLC2,right,acetylcholine,26915,LPLC2,right,5,0.029069767441860465,intra_population
12384,LPLC2,left,acetylcholine,13726,LPLC2,left,5,0.029069767441860465,intra_population
20162,LPLC2,right,acetylcholine,26393,LPLC2,right,5,0.029069767441860465,intra_population
20162,LPLC2,right,acetylcholine,27566,LPLC2,right,5,0.029069767441860465,intra_population
24268,LPLC2,right,acetylcholine,35632,LPLC2,right,5,0.029069767441860465,intra_population
32237,LPLC2,left,acetylcholine,35294,LPLC2,left,5,0.029069767441860465,intra_population
26393,LPLC2,right,acetylcholine,23497,LPLC2,right,5,0.029069767441860465,intra_population
24268,LPLC2,right,acetylcholine,39620,LPLC2,right,5,0.029069767441860465,intra_population
520449,LC4,left,acetylcholine,516909,LC4,left,5,0.029069767441860465,intra_population
32223,LPLC2,left,acetylcholine,536444,LPLC2,left,5,0.029069767441860465,intra_population
26393,LPLC2,right,acetylcholine,28044,LPLC2,right,5,0.029069767441860465,intra_population
31988,LPLC2,right,acetylcholine,50287,LPLC2,right,5,0.029069767441860465,intra_population
31988,LPLC2,right,acetylcholine,39620,LPLC2,right,5,0.029069767441860465,intra_population
26147,LPLC2,right,acetylcholine,19229,LPLC2,right,5,0.029069767441860465,intra_population
33303,LPLC2,left,acetylcholine,40841,LPLC2,left,5,0.029069767441860465,intra_population
15018,LC4,left,acetylcholine,107513,LC4,left,5,0.029069767441860465,intra_population
520449,LC4,left,acetylcholine,22772,LC4,left,5,0.029069767441860465,intra_population
19842,LPLC2,right,acetylcholine,20749,LPLC2,right,5,0.029069767441860465,intra_population
24268,LPLC2,right,acetylcholine,33396,LPLC2,right,5,0.029069767441860465,intra_population
32507,LPLC2,right,acetylcholine,19034,LPLC2,right,5,0.029069767441860465,intra_population
17544,LPLC2,left,acetylcholine,25286,LPLC2,left,5,0.029069767441860465,intra_population
23665,LPLC2,left,acetylcholine,517079,LPLC2,left,5,0.029069767441860465,intra_population
518544,LC4,left,acetylcholine,533129,LC4,left,5,0.029069767441860465,intra_population
520449,LC4,left,acetylcholine,20967,LC4,left,5,0.029069767441860465,intra_population
32237,LPLC2,left,acetylcholine,525844,LPLC2,left,5,0.029069767441860465,intra_population
33406,LPLC2,left,acetylcholine,19911,LPLC2,left,5,0.029069767441860465,intra_population
24268,LPLC2,right,acetylcholine,26730,LPLC2,right,5,0.029069767441860465,intra_population
23665,LPLC2,left,acetylcholine,134521,LPLC2,left,5,0.029069767441860465,intra_population
24268,LPLC2,right,acetylcholine,29391,LPLC2,right,5,0.029069767441860465,intra_population
12349,LC4,left,acetylcholine,17653,LC4,left,5,0.029069767441860465,intra_population
18672,LPLC2,right,acetylcholine,20182,LPLC2,right,5,0.029069767441860465,intra_population
20162,LPLC2,right,acetylcholine,25253,LPLC2,right,5,0.029069767441860465,intra_population
520449,LC4,left,acetylcholine,23202,LC4,left,5,0.029069767441860465,intra_population
32507,LPLC2,right,acetylcholine,19229,LPLC2,right,5,0.029069767441860465,intra_population
518544,LC4,left,acetylcholine,532254,LC4,left,5,0.029069767441860465,intra_population
29287,LPLC2,right,acetylcholine,21808,LPLC2,right,5,0.029069767441860465,intra_population
20047,LPLC2,right,acetylcholine,29287,LPLC2,right,5,0.029069767441860465,intra_population
24268,LPLC2,right,acetylcholine,33439,LPLC2,right,5,0.029069767441860465,intra_population
24308,LPLC2,left,acetylcholine,29702,LPLC2,left,5,0.029069767441860465,intra_population
24308,LPLC2,left,acetylcholine,33303,LPLC2,left,5,0.029069767441860465,intra_population
17551,LPLC2,right,acetylcholine,19549,LPLC2,right,5,0.029069767441860465,intra_population
26393,LPLC2,right,acetylcholine,25253,LPLC2,right,5,0.029069767441860465,intra_population
12384,LPLC2,left,acetylcholine,18936,LPLC2,left,5,0.029069767441860465,intra_population
12032,LC4,left,acetylcholine,532254,LC4,left,5,0.029069767441860465,intra_population
27796,LPLC2,left,acetylcholine,34655,LPLC2,left,5,0.029069767441860465,intra_population
33396,LPLC2,right,acetylcholine,33439,LPLC2,right,5,0.029069767441860465,intra_population
15804,LPLC2,left,acetylcholine,13132,LPLC2,left,5,0.029069767441860465,intra_population
18672,LPLC2,right,acetylcholine,20584,LPLC2,right,5,0.029069767441860465,intra_population
19842,LPLC2,right,acetylcholine,10001,DNp01,right,5,0.029069767441860465,visual_to_readout
32223,LPLC2,left,acetylcholine,129687,LPLC2,left,5,0.029069767441860465,intra_population
12384,LPLC2,left,acetylcholine,18900,LPLC2,left,5,0.029069767441860465,intra_population
518439,LC4,left,acetylcholine,31301,LC4,left,5,0.029069767441860465,intra_population
19842,LPLC2,right,acetylcholine,17551,LPLC2,right,5,0.029069767441860465,intra_population
18672,LPLC2,right,acetylcholine,20749,LPLC2,right,5,0.029069767441860465,intra_population
17544,LPLC2,left,acetylcholine,24605,LPLC2,left,5,0.029069767441860465,intra_population
27796,LPLC2,left,acetylcholine,35294,LPLC2,left,5,0.029069767441860465,intra_population
520764,LPLC2,left,acetylcholine,20329,LPLC2,left,5,0.029069767441860465,intra_population
33396,LPLC2,right,acetylcholine,35680,LPLC2,right,5,0.029069767441860465,intra_population
32223,LPLC2,left,acetylcholine,111903,LPLC2,left,5,0.029069767441860465,intra_population
520764,LPLC2,left,acetylcholine,23247,LPLC2,left,5,0.029069767441860465,intra_population
32223,LPLC2,left,acetylcholine,34051,LPLC2,left,5,0.029069767441860465,intra_population
18672,LPLC2,right,acetylcholine,20334,LPLC2,right,5,0.029069767441860465,intra_population
19842,LPLC2,right,acetylcholine,19229,LPLC2,right,5,0.029069767441860465,intra_population
17544,LPLC2,left,acetylcholine,27023,LPLC2,left,5,0.029069767441860465,intra_population
23919,LPLC2,left,acetylcholine,25286,LPLC2,left,5,0.029069767441860465,intra_population
26147,LPLC2,right,acetylcholine,30938,LPLC2,right,5,0.029069767441860465,intra_population
518983,LC4,left,acetylcholine,111787,LC4,left,5,0.029069767441860465,intra_population
23919,LPLC2,left,acetylcholine,18936,LPLC2,left,5,0.029069767441860465,intra_population
26147,LPLC2,right,acetylcholine,29183,LPLC2,right,5,0.029069767441860465,intra_population
518731,LPLC2,left,acetylcholine,517078,LPLC2,left,5,0.029069767441860465,intra_population
33137,LC4,left,acetylcholine,27829,LC4,left,5,0.029069767441860465,intra_population
33137,LC4,left,acetylcholine,18432,LC4,left,5,0.029069767441860465,intra_population
23919,LPLC2,left,acetylcholine,25854,LPLC2,left,5,0.029069767441860465,intra_population
518731,LPLC2,left,acetylcholine,95241,LPLC2,left,5,0.029069767441860465,intra_population
27796,LPLC2,left,acetylcholine,13132,LPLC2,left,5,0.029069767441860465,intra_population
17270,LC4,left,acetylcholine,515900,LC4,left,5,0.029069767441860465,intra_population
20103,LPLC2,right,acetylcholine,25253,LPLC2,right,5,0.029069767441860465,intra_population
518731,LPLC2,left,acetylcholine,536444,LPLC2,left,5,0.029069767441860465,intra_population
12349,LC4,left,acetylcholine,511914,LC4,left,5,0.029069767441860465,intra_population
20047,LPLC2,right,acetylcholine,35889,LPLC2,right,5,0.029069767441860465,intra_population
20047,LPLC2,right,acetylcholine,38542,LPLC2,right,5,0.029069767441860465,intra_population
20047,LPLC2,right,acetylcholine,25636,LPLC2,right,5,0.029069767441860465,intra_population
33137,LC4,left,acetylcholine,81112,LC4,left,5,0.029069767441860465,intra_population
23919,LPLC2,left,acetylcholine,34051,LPLC2,left,5,0.029069767441860465,intra_population
23919,LPLC2,left,acetylcholine,34655,LPLC2,left,5,0.029069767441860465,intra_population
20047,LPLC2,right,acetylcholine,25267,LPLC2,right,5,0.029069767441860465,intra_population
28188,LPLC2,left,acetylcholine,520764,LPLC2,left,5,0.029069767441860465,intra_population
17270,LC4,left,acetylcholine,512705,LC4,left,5,0.029069767441860465,intra_population
20103,LPLC2,right,acetylcholine,20047,LPLC2,right,5,0.029069767441860465,intra_population
20047,LPLC2,right,acetylcholine,20749,LPLC2,right,5,0.029069767441860465,intra_population
32737,LPLC2,left,acetylcholine,517079,LPLC2,left,5,0.029069767441860465,intra_population
518730,LC4,left,acetylcholine,518983,LC4,left,5,0.029069767441860465,intra_population
29469,LC4,left,acetylcholine,515476,LC4,left,5,0.029069767441860465,intra_population
29514,LC4,left,acetylcholine,30087,LC4,left,5,0.029069767441860465,intra_population
29514,LC4,left,acetylcholine,18432,LC4,left,5,0.029069767441860465,intra_population
520449,LC4,left,acetylcholine,12349,LC4,left,5,0.029069767441860465,intra_population
24118,LPLC2,right,acetylcholine,28741,LPLC2,right,5,0.029069767441860465,intra_population
26147,LPLC2,right,acetylcholine,25497,LPLC2,right,5,0.029069767441860465,intra_population
18478,LC4,left,acetylcholine,511914,LC4,left,5,0.029069767441860465,intra_population
33137,LC4,left,acetylcholine,512366,LC4,left,5,0.029069767441860465,intra_population
17548,LC4,right,acetylcholine,19550,LC4,right,5,0.029069767441860465,intra_population
20103,LPLC2,right,acetylcholine,17364,LC4,right,5,0.029069767441860465,cross_visual
518983,LC4,left,acetylcholine,12824,LC4,left,5,0.029069767441860465,intra_population
23919,LPLC2,left,acetylcholine,531014,LPLC2,left,5,0.029069767441860465,intra_population
20047,LPLC2,right,acetylcholine,22261,LPLC2,right,5,0.029069767441860465,intra_population
28188,LPLC2,left,acetylcholine,515971,LPLC2,left,5,0.029069767441860465,intra_population
27796,LPLC2,left,acetylcholine,10228,DNp06,left,5,0.029069767441860465,visual_to_readout
518731,LPLC2,left,acetylcholine,29319,LPLC2,left,5,0.029069767441860465,intra_population
23878,LPLC2,right,acetylcholine,37925,LPLC2,right,5,0.029069767441860465,intra_population
18478,LC4,left,acetylcholine,23202,LC4,left,5,0.029069767441860465,intra_population
18478,LC4,left,acetylcholine,21721,LC4,left,5,0.029069767441860465,intra_population
518983,LC4,left,acetylcholine,35616,LC4,left,5,0.029069767441860465,intra_population
23919,LPLC2,left,acetylcholine,25209,LPLC2,left,5,0.029069767441860465,intra_population
33185,LPLC2,right,acetylcholine,20047,LPLC2,right,5,0.029069767441860465,intra_population
518439,LC4,left,acetylcholine,518730,LC4,left,5,0.029069767441860465,intra_population
518983,LC4,left,acetylcholine,520449,LC4,left,5,0.029069767441860465,intra_population
23929,LC4,right,acetylcholine,30803,LC4,right,5,0.029069767441860465,intra_population
26147,LPLC2,right,acetylcholine,27566,LPLC2,right,5,0.029069767441860465,intra_population
23878,LPLC2,right,acetylcholine,29598,LPLC2,right,5,0.029069767441860465,intra_population
20047,LPLC2,right,acetylcholine,19608,LPLC2,right,5,0.029069767441860465,intra_population
27750,LC4,left,acetylcholine,517752,LC4,left,5,0.029069767441860465,intra_population
32737,LPLC2,left,acetylcholine,100103,LPLC2,left,5,0.029069767441860465,intra_population
20047,LPLC2,right,acetylcholine,19589,LPLC2,right,5,0.029069767441860465,intra_population
24118,LPLC2,right,acetylcholine,19034,LPLC2,right,5,0.029069767441860465,intra_population
27796,LPLC2,left,acetylcholine,23550,LPLC2,left,5,0.029069767441860465,intra_population
32737,LPLC2,left,acetylcholine,31563,LPLC2,left,5,0.029069767441860465,intra_population
518731,LPLC2,left,acetylcholine,25286,LPLC2,left,5,0.029069767441860465,intra_population
32737,LPLC2,left,acetylcholine,134521,LPLC2,left,5,0.029069767441860465,intra_population
20103,LPLC2,right,acetylcholine,21045,LPLC2,right,5,0.029069767441860465,intra_population
26147,LPLC2,right,acetylcholine,26730,LPLC2,right,5,0.029069767441860465,intra_population
24118,LPLC2,right,acetylcholine,10584,DNp06,right,5,0.029069767441860465,visual_to_readout
24268,LPLC2,right,acetylcholine,24118,LPLC2,right,5,0.029069767441860465,intra_population
32597,LC4,left,acetylcholine,16809,LC4,left,5,0.029069767441860465,intra_population
32237,LPLC2,left,acetylcholine,27796,LPLC2,left,5,0.029069767441860465,intra_population
518544,LC4,left,acetylcholine,20572,LC4,left,5,0.029069767441860465,intra_population
27750,LC4,left,acetylcholine,21721,LC4,left,5,0.029069767441860465,intra_population
26393,LPLC2,right,acetylcholine,23878,LPLC2,right,5,0.029069767441860465,intra_population
32237,LPLC2,left,acetylcholine,30512,LPLC2,left,5,0.029069767441860465,intra_population
26147,LPLC2,right,acetylcholine,33185,LPLC2,right,5,0.029069767441860465,intra_population
18478,LC4,left,acetylcholine,20976,LC4,left,5,0.029069767441860465,intra_population
27796,LPLC2,left,acetylcholine,22253,LPLC2,left,5,0.029069767441860465,intra_population
32737,LPLC2,left,acetylcholine,29753,LPLC2,left,5,0.029069767441860465,intra_population
32737,LPLC2,left,acetylcholine,27716,LPLC2,left,5,0.029069767441860465,intra_population
32737,LPLC2,left,acetylcholine,27355,LPLC2,left,5,0.029069767441860465,intra_population
26147,LPLC2,right,acetylcholine,25636,LPLC2,right,5,0.029069767441860465,intra_population
18478,LC4,left,acetylcholine,17478,LC4,left,5,0.029069767441860465,intra_population
20016,LC4,right,acetylcholine,38065,LC4,right,5,0.029069767441860465,intra_population
518983,LC4,left,acetylcholine,526286,LC4,left,5,0.029069767441860465,intra_population
20016,LC4,right,acetylcholine,21804,LC4,right,5,0.029069767441860465,intra_population
12349,LC4,left,acetylcholine,517752,LC4,left,5,0.029069767441860465,intra_population
23878,LPLC2,right,acetylcholine,28741,LPLC2,right,5,0.029069767441860465,intra_population
518731,LPLC2,left,acetylcholine,23349,LPLC2,left,5,0.029069767441860465,intra_population
33185,LPLC2,right,acetylcholine,25253,LPLC2,right,5,0.029069767441860465,intra_population
18478,LC4,left,acetylcholine,526286,LC4,left,5,0.029069767441860465,intra_population
12349,LC4,left,acetylcholine,518016,LC4,left,5,0.029069767441860465,intra_population
27796,LPLC2,left,acetylcholine,23665,LPLC2,left,5,0.029069767441860465,intra_population
20103,LPLC2,right,acetylcholine,23590,LPLC2,right,5,0.029069767441860465,intra_population
32737,LPLC2,left,acetylcholine,24308,LPLC2,left,5,0.029069767441860465,intra_population
24118,LPLC2,right,acetylcholine,27566,LPLC2,right,5,0.029069767441860465,intra_population
20103,LPLC2,right,acetylcholine,24800,LPLC2,right,5,0.029069767441860465,intra_population
29514,LC4,left,acetylcholine,16809,LC4,left,5,0.029069767441860465,intra_population
23929,LC4,right,acetylcholine,24338,LC4,right,5,0.029069767441860465,intra_population
18478,LC4,left,acetylcholine,519931,LC4,left,5,0.029069767441860465,intra_population
536444,LPLC2,left,acetylcholine,23919,LPLC2,left,5,0.029069767441860465,intra_population
26147,LPLC2,right,acetylcholine,27471,LPLC2,right,5,0.029069767441860465,intra_population
18936,LPLC2,left,acetylcholine,14030,LPLC2,left,5,0.029069767441860465,intra_population
15804,LPLC2,left,acetylcholine,521115,LPLC2,left,5,0.029069767441860465,intra_population
19549,LPLC2,right,acetylcholine,20917,LC4,right,5,0.029069767441860465,cross_visual
25027,LPLC2,left,acetylcholine,40811,LPLC2,left,5,0.029069767441860465,intra_population
25027,LPLC2,left,acetylcholine,40841,LPLC2,left,5,0.029069767441860465,intra_population
19549,LPLC2,right,acetylcholine,20749,LPLC2,right,5,0.029069767441860465,intra_population
25027,LPLC2,left,acetylcholine,129687,LPLC2,left,5,0.029069767441860465,intra_population
19549,LPLC2,right,acetylcholine,19842,LPLC2,right,5,0.029069767441860465,intra_population
25636,LPLC2,right,acetylcholine,35632,LPLC2,right,5,0.029069767441860465,intra_population
28003,LPLC2,right,acetylcholine,20162,LPLC2,right,5,0.029069767441860465,intra_population
31105,LPLC2,left,acetylcholine,40811,LPLC2,left,5,0.029069767441860465,intra_population
16628,LC4,right,acetylcholine,21225,LC4,right,5,0.029069767441860465,intra_population
19549,LPLC2,right,acetylcholine,18672,LPLC2,right,5,0.029069767441860465,intra_population
31257,LPLC2,right,acetylcholine,20588,LC4,right,5,0.029069767441860465,cross_visual
29702,LPLC2,left,acetylcholine,27023,LPLC2,left,5,0.029069767441860465,intra_population
31105,LPLC2,left,acetylcholine,10228,DNp06,left,5,0.029069767441860465,visual_to_readout
29702,LPLC2,left,acetylcholine,28011,LPLC2,left,5,0.029069767441860465,intra_population
25136,LPLC2,left,acetylcholine,25027,LPLC2,left,5,0.029069767441860465,intra_population
19549,LPLC2,right,acetylcholine,17987,LC4,right,5,0.029069767441860465,cross_visual
19549,LPLC2,right,acetylcholine,14465,LPLC2,right,5,0.029069767441860465,intra_population
30938,LPLC2,right,acetylcholine,37925,LPLC2,right,5,0.029069767441860465,intra_population
527408,LC4,right,acetylcholine,31262,LC4,right,5,0.029069767441860465,intra_population
30938,LPLC2,right,acetylcholine,35632,LPLC2,right,5,0.029069767441860465,intra_population
25136,LPLC2,left,acetylcholine,32223,LPLC2,left,5,0.029069767441860465,intra_population
28003,LPLC2,right,acetylcholine,20103,LPLC2,right,5,0.029069767441860465,intra_population
19549,LPLC2,right,acetylcholine,21703,LPLC2,right,5,0.029069767441860465,intra_population
16809,LC4,left,acetylcholine,18396,LC4,left,5,0.029069767441860465,intra_population
24800,LPLC2,right,acetylcholine,24118,LPLC2,right,5,0.029069767441860465,intra_population
19589,LPLC2,right,acetylcholine,28871,LPLC2,right,5,0.029069767441860465,intra_population
19589,LPLC2,right,acetylcholine,28044,LPLC2,right,5,0.029069767441860465,intra_population
24800,LPLC2,right,acetylcholine,20182,LPLC2,right,5,0.029069767441860465,intra_population
31308,LC4,left,acetylcholine,23226,LC4,left,5,0.029069767441860465,intra_population
17478,LC4,left,acetylcholine,23202,LC4,left,5,0.029069767441860465,intra_population
25854,LPLC2,left,acetylcholine,29753,LPLC2,left,5,0.029069767441860465,intra_population
28044,LPLC2,right,acetylcholine,28003,LPLC2,right,5,0.029069767441860465,intra_population
28044,LPLC2,right,acetylcholine,26393,LPLC2,right,5,0.029069767441860465,intra_population
24800,LPLC2,right,acetylcholine,23497,LPLC2,right,5,0.029069767441860465,intra_population
29702,LPLC2,left,acetylcholine,13726,LPLC2,left,5,0.029069767441860465,intra_population
29702,LPLC2,left,acetylcholine,17544,LPLC2,left,5,0.029069767441860465,intra_population
31262,LC4,right,acetylcholine,22975,LC4,right,5,0.029069767441860465,intra_population
525844,LPLC2,left,acetylcholine,24308,LPLC2,left,5,0.029069767441860465,intra_population
25854,LPLC2,left,acetylcholine,27716,LPLC2,left,5,0.029069767441860465,intra_population
24800,LPLC2,right,acetylcholine,26915,LPLC2,right,5,0.029069767441860465,intra_population
525844,LPLC2,left,acetylcholine,25572,LPLC2,left,5,0.029069767441860465,intra_population
25854,LPLC2,left,acetylcholine,27399,LPLC2,left,5,0.029069767441860465,intra_population
31301,LC4,left,acetylcholine,515476,LC4,left,5,0.029069767441860465,intra_population
25854,LPLC2,left,acetylcholine,27355,LPLC2,left,5,0.029069767441860465,intra_population
31301,LC4,left,acetylcholine,511914,LC4,left,5,0.029069767441860465,intra_population
17478,LC4,left,acetylcholine,27829,LC4,left,5,0.029069767441860465,intra_population
31262,LC4,right,acetylcholine,23929,LC4,right,5,0.029069767441860465,intra_population
25027,LPLC2,left,acetylcholine,29815,LPLC2,left,5,0.029069767441860465,intra_population
24840,LPLC2,left,acetylcholine,29753,LPLC2,left,5,0.029069767441860465,intra_population
25027,LPLC2,left,acetylcholine,29702,LPLC2,left,5,0.029069767441860465,intra_population
19787,LPLC2,left,acetylcholine,30512,LPLC2,left,5,0.029069767441860465,intra_population
25854,LPLC2,left,acetylcholine,13764,LPLC2,left,5,0.029069767441860465,intra_population
31429,LC4,left,acetylcholine,14888,LC4,left,5,0.029069767441860465,intra_population
28044,LPLC2,right,acetylcholine,29287,LPLC2,right,5,0.029069767441860465,intra_population
31429,LC4,left,acetylcholine,16917,LC4,left,5,0.029069767441860465,intra_population
26112,LC4,right,acetylcholine,17266,LC4,right,5,0.029069767441860465,intra_population
19787,LPLC2,left,acetylcholine,129687,LPLC2,left,5,0.029069767441860465,intra_population
19787,LPLC2,left,acetylcholine,95241,LPLC2,left,5,0.029069767441860465,intra_population
521115,LPLC2,left,acetylcholine,29753,LPLC2,left,5,0.029069767441860465,intra_population
24401,LPLC2,right,acetylcholine,29287,LPLC2,right,5,0.029069767441860465,intra_population
24401,LPLC2,right,acetylcholine,29391,LPLC2,right,5,0.029069767441860465,intra_population
24401,LPLC2,right,acetylcholine,31988,LPLC2,right,5,0.029069767441860465,intra_population
526286,LC4,left,acetylcholine,532254,LC4,left,5,0.029069767441860465,intra_population
27829,LC4,left,acetylcholine,17653,LC4,left,5,0.029069767441860465,intra_population
521115,LPLC2,left,acetylcholine,34407,LPLC2,left,5,0.029069767441860465,intra_population
18672,LPLC2,right,acetylcholine,25497,LPLC2,right,5,0.029069767441860465,intra_population
17478,LC4,left,acetylcholine,520449,LC4,left,5,0.029069767441860465,intra_population
24523,LC4,left,acetylcholine,12032,LC4,left,5,0.029069767441860465,intra_population
521115,LPLC2,left,acetylcholine,517079,LPLC2,left,5,0.029069767441860465,intra_population
17054,LC4,right,acetylcholine,19420,LC4,right,5,0.029069767441860465,intra_population
17270,LC4,left,acetylcholine,518016,LC4,left,5,0.029069767441860465,intra_population
18672,LPLC2,right,acetylcholine,29014,LPLC2,right,5,0.029069767441860465,intra_population
12032,LC4,left,acetylcholine,512705,LC4,left,5,0.029069767441860465,intra_population
19549,LPLC2,right,acetylcholine,29014,LPLC2,right,5,0.029069767441860465,intra_population
25027,LPLC2,left,acetylcholine,26416,LPLC2,left,5,0.029069767441860465,intra_population
31257,LPLC2,right,acetylcholine,25253,LPLC2,right,5,0.029069767441860465,intra_population
526286,LC4,left,acetylcholine,24523,LC4,left,5,0.029069767441860465,intra_population
25854,LPLC2,left,acetylcholine,23919,LPLC2,left,5,0.029069767441860465,intra_population
18900,LPLC2,left,acetylcholine,22557,LPLC2,left,5,0.029069767441860465,intra_population
525844,LPLC2,left,acetylcholine,111903,LPLC2,left,5,0.029069767441860465,intra_population
24840,LPLC2,left,acetylcholine,33406,LPLC2,left,5,0.029069767441860465,intra_population
31262,LC4,right,acetylcholine,20542,LC4,right,5,0.029069767441860465,intra_population
31262,LC4,right,acetylcholine,20399,LC4,right,5,0.029069767441860465,intra_population
31262,LC4,right,acetylcholine,17668,LC4,right,5,0.029069767441860465,intra_population
25854,LPLC2,left,acetylcholine,22557,LPLC2,left,5,0.029069767441860465,intra_population
24840,LPLC2,left,acetylcholine,134521,LPLC2,left,5,0.029069767441860465,intra_population
19550,LC4,right,acetylcholine,20673,LC4,right,5,0.029069767441860465,intra_population
24840,LPLC2,left,acetylcholine,521115,LPLC2,left,5,0.029069767441860465,intra_population
24840,LPLC2,left,acetylcholine,524366,LPLC2,left,5,0.029069767441860465,intra_population
31257,LPLC2,right,acetylcholine,32507,LPLC2,right,5,0.029069767441860465,intra_population
18900,LPLC2,left,acetylcholine,25286,LPLC2,left,5,0.029069767441860465,intra_population
19550,LC4,right,acetylcholine,19794,LC4,right,5,0.029069767441860465,intra_population
31257,LPLC2,right,acetylcholine,29216,LPLC2,right,5,0.029069767441860465,intra_population
31257,LPLC2,right,acetylcholine,28741,LPLC2,right,5,0.029069767441860465,intra_population
526286,LC4,left,acetylcholine,18478,LC4,left,5,0.029069767441860465,intra_population
19550,LC4,right,acetylcholine,18127,LC4,right,5,0.029069767441860465,intra_population
25854,LPLC2,left,acetylcholine,19787,LPLC2,left,5,0.029069767441860465,intra_population
19550,LC4,right,acetylcholine,17266,LC4,right,5,0.029069767441860465,intra_population
12032,LC4,left,acetylcholine,24523,LC4,left,5,0.029069767441860465,intra_population
24800,LPLC2,right,acetylcholine,19608,LPLC2,right,5,0.029069767441860465,intra_population
524899,LC4,left,acetylcholine,514508,LC4,left,5,0.029069767441860465,intra_population
37613,LPLC2,right,acetylcholine,19549,LPLC2,right,5,0.029069767441860465,intra_population
511914,LC4,left,acetylcholine,22772,LC4,left,5,0.029069767441860465,intra_population
17775,LPLC2,left,acetylcholine,13764,LPLC2,left,5,0.029069767441860465,intra_population
37587,LC4,left,acetylcholine,18396,LC4,left,5,0.029069767441860465,intra_population
14102,LPLC2,left,acetylcholine,25286,LPLC2,left,5,0.029069767441860465,intra_population
29287,LPLC2,right,acetylcholine,26730,LPLC2,right,5,0.029069767441860465,intra_population
20799,LPLC2,left,acetylcholine,21361,LPLC2,left,5,0.029069767441860465,intra_population
22218,LPLC2,right,acetylcholine,18672,LPLC2,right,5,0.029069767441860465,intra_population
22218,LPLC2,right,acetylcholine,19954,LC4,right,5,0.029069767441860465,cross_visual
20799,LPLC2,left,acetylcholine,25572,LPLC2,left,5,0.029069767441860465,intra_population
20799,LPLC2,left,acetylcholine,33965,LPLC2,left,5,0.029069767441860465,intra_population
27471,LPLC2,right,acetylcholine,19954,LC4,right,5,0.029069767441860465,cross_visual
37613,LPLC2,right,acetylcholine,25267,LPLC2,right,5,0.029069767441860465,intra_population
26915,LPLC2,right,acetylcholine,28003,LPLC2,right,5,0.029069767441860465,intra_population
26915,LPLC2,right,acetylcholine,25497,LPLC2,right,5,0.029069767441860465,intra_population
37613,LPLC2,right,acetylcholine,34681,LPLC2,right,5,0.029069767441860465,intra_population
134521,LPLC2,left,acetylcholine,28188,LPLC2,left,5,0.029069767441860465,intra_population
21899,LPLC2,right,acetylcholine,25316,LPLC2,right,5,0.029069767441860465,intra_population
134521,LPLC2,left,acetylcholine,29702,LPLC2,left,5,0.029069767441860465,intra_population
20808,LC4,right,acetylcholine,10584,DNp06,right,5,0.029069767441860465,visual_to_readout
14102,LPLC2,left,acetylcholine,22557,LPLC2,left,5,0.029069767441860465,intra_population
21899,LPLC2,right,acetylcholine,33185,LPLC2,right,5,0.029069767441860465,intra_population
20799,LPLC2,left,acetylcholine,536444,LPLC2,left,5,0.029069767441860465,intra_population
22194,LC4,right,acetylcholine,23792,LC4,right,5,0.029069767441860465,intra_population
20799,LPLC2,left,acetylcholine,23919,LPLC2,left,5,0.029069767441860465,intra_population
511914,LC4,left,acetylcholine,18478,LC4,left,5,0.029069767441860465,intra_population
20799,LPLC2,left,acetylcholine,25209,LPLC2,left,5,0.029069767441860465,intra_population
25524,LPLC2,left,acetylcholine,25854,LPLC2,left,5,0.029069767441860465,intra_population
21862,LPLC2,right,acetylcholine,23878,LPLC2,right,5,0.029069767441860465,intra_population
21862,LPLC2,right,acetylcholine,24187,LPLC2,right,5,0.029069767441860465,intra_population
134521,LPLC2,left,acetylcholine,23550,LPLC2,left,5,0.029069767441860465,intra_population
22218,LPLC2,right,acetylcholine,20182,LPLC2,right,5,0.029069767441860465,intra_population
134521,LPLC2,left,acetylcholine,25027,LPLC2,left,5,0.029069767441860465,intra_population
26915,LPLC2,right,acetylcholine,28044,LPLC2,right,5,0.029069767441860465,intra_population
22034,LC4,right,acetylcholine,31262,LC4,right,5,0.029069767441860465,intra_population
22034,LC4,right,acetylcholine,38065,LC4,right,5,0.029069767441860465,intra_population
17775,LPLC2,left,acetylcholine,17059,LPLC2,left,5,0.029069767441860465,intra_population
20799,LPLC2,left,acetylcholine,29702,LPLC2,left,5,0.029069767441860465,intra_population
17775,LPLC2,left,acetylcholine,14102,LPLC2,left,5,0.029069767441860465,intra_population
22194,LC4,right,acetylcholine,16128,LC4,right,5,0.029069767441860465,intra_population
28980,LC4,left,acetylcholine,512705,LC4,left,5,0.029069767441860465,intra_population
26915,LPLC2,right,acetylcholine,22218,LPLC2,right,5,0.029069767441860465,intra_population
37613,LPLC2,right,acetylcholine,10001,DNp01,right,5,0.029069767441860465,visual_to_readout
37587,LC4,left,acetylcholine,530029,LC4,left,5,0.029069767441860465,intra_population
511914,LC4,left,acetylcholine,17478,LC4,left,5,0.029069767441860465,intra_population
37587,LC4,left,acetylcholine,512366,LC4,left,5,0.029069767441860465,intra_population
13726,LPLC2,left,acetylcholine,100103,LPLC2,left,5,0.029069767441860465,intra_population
26915,LPLC2,right,acetylcholine,21703,LPLC2,right,5,0.029069767441860465,intra_population
37613,LPLC2,right,acetylcholine,26730,LPLC2,right,5,0.029069767441860465,intra_population
17775,LPLC2,left,acetylcholine,19787,LPLC2,left,5,0.029069767441860465,intra_population
24800,LPLC2,right,acetylcholine,18672,LPLC2,right,5,0.029069767441860465,intra_population
24840,LPLC2,left,acetylcholine,23919,LPLC2,left,5,0.029069767441860465,intra_population
19589,LPLC2,right,acetylcholine,21562,LPLC2,right,5,0.029069767441860465,intra_population
31301,LC4,left,acetylcholine,12349,LC4,left,5,0.029069767441860465,intra_population
15804,LPLC2,left,acetylcholine,95241,LPLC2,left,5,0.029069767441860465,intra_population
19589,LPLC2,right,acetylcholine,20584,LPLC2,right,5,0.029069767441860465,intra_population
18900,LPLC2,left,acetylcholine,20329,LPLC2,left,5,0.029069767441860465,intra_population
24840,LPLC2,left,acetylcholine,21299,LPLC2,left,5,0.029069767441860465,intra_population
24840,LPLC2,left,acetylcholine,22253,LPLC2,left,5,0.029069767441860465,intra_population
525844,LPLC2,left,acetylcholine,29815,LPLC2,left,5,0.029069767441860465,intra_population
525844,LPLC2,left,acetylcholine,30512,LPLC2,left,5,0.029069767441860465,intra_population
24840,LPLC2,left,acetylcholine,23665,LPLC2,left,5,0.029069767441860465,intra_population
29702,LPLC2,left,acetylcholine,20799,LPLC2,left,5,0.029069767441860465,intra_population
17775,LPLC2,left,acetylcholine,18936,LPLC2,left,5,0.029069767441860465,intra_population
31262,LC4,right,acetylcholine,26112,LC4,right,5,0.029069767441860465,intra_population
24840,LPLC2,left,acetylcholine,25854,LPLC2,left,5,0.029069767441860465,intra_population
17478,LC4,left,acetylcholine,18478,LC4,left,5,0.029069767441860465,intra_population
525844,LPLC2,left,acetylcholine,40811,LPLC2,left,5,0.029069767441860465,intra_population
31301,LC4,left,acetylcholine,27750,LC4,left,5,0.029069767441860465,intra_population
525844,LPLC2,left,acetylcholine,41097,LPLC2,left,5,0.029069767441860465,intra_population
24800,LPLC2,right,acetylcholine,29873,LPLC2,right,5,0.029069767441860465,intra_population
31301,LC4,left,acetylcholine,512366,LC4,left,5,0.029069767441860465,intra_population
15804,LPLC2,left,acetylcholine,31563,LPLC2,left,5,0.029069767441860465,intra_population
18900,LPLC2,left,acetylcholine,14030,LPLC2,left,5,0.029069767441860465,intra_population
24800,LPLC2,right,acetylcholine,35889,LPLC2,right,5,0.029069767441860465,intra_population
17270,LC4,left,acetylcholine,533129,LC4,left,5,0.029069767441860465,intra_population
19589,LPLC2,right,acetylcholine,21769,LPLC2,right,5,0.029069767441860465,intra_population
19589,LPLC2,right,acetylcholine,21808,LPLC2,right,5,0.029069767441860465,intra_population
22034,LC4,right,acetylcholine,16128,LC4,right,5,0.029069767441860465,intra_population
14102,LPLC2,left,acetylcholine,23202,LC4,left,5,0.029069767441860465,cross_visual
37613,LPLC2,right,acetylcholine,23878,LPLC2,right,5,0.029069767441860465,intra_population
22034,LC4,right,acetylcholine,17548,LC4,right,5,0.029069767441860465,intra_population
37613,LPLC2,right,acetylcholine,23497,LPLC2,right,5,0.029069767441860465,intra_population
22034,LC4,right,acetylcholine,19543,LC4,right,5,0.029069767441860465,intra_population
134521,LPLC2,left,acetylcholine,29955,LPLC2,left,5,0.029069767441860465,intra_population
20799,LPLC2,left,acetylcholine,519650,LC4,left,5,0.029069767441860465,cross_visual
20799,LPLC2,left,acetylcholine,517819,LPLC2,left,5,0.029069767441860465,intra_population
22034,LC4,right,acetylcholine,20588,LC4,right,5,0.029069767441860465,intra_population
134521,LPLC2,left,acetylcholine,515971,LPLC2,left,5,0.029069767441860465,intra_population
134521,LPLC2,left,acetylcholine,517079,LPLC2,left,5,0.029069767441860465,intra_population
21899,LPLC2,right,acetylcholine,21225,LC4,right,5,0.029069767441860465,cross_visual
20588,LC4,right,acetylcholine,26112,LC4,right,5,0.029069767441860465,intra_population
20240,LPLC2,left,acetylcholine,41097,LPLC2,left,5,0.029069767441860465,intra_population
33406,LPLC2,left,acetylcholine,20329,LPLC2,left,5,0.029069767441860465,intra_population
24800,LPLC2,right,acetylcholine,31964,LPLC2,right,5,0.029069767441860465,intra_population
525844,LPLC2,left,acetylcholine,25854,LPLC2,left,5,0.029069767441860465,intra_population
31301,LC4,left,acetylcholine,22772,LC4,left,5,0.029069767441860465,intra_population
19589,LPLC2,right,acetylcholine,23497,LPLC2,right,5,0.029069767441860465,intra_population
525844,LPLC2,left,acetylcholine,26528,LPLC2,left,5,0.029069767441860465,intra_population
24523,LC4,left,acetylcholine,20859,LC4,left,5,0.029069767441860465,intra_population
22034,LC4,right,acetylcholine,21313,LC4,right,5,0.029069767441860465,intra_population
521115,LPLC2,left,acetylcholine,536444,LPLC2,left,5,0.029069767441860465,intra_population
25497,LPLC2,right,acetylcholine,19842,LPLC2,right,5,0.029069767441860465,intra_population
16138,LC4,right,acetylcholine,21287,LC4,right,5,0.029069767441860465,intra_population
29753,LPLC2,left,acetylcholine,536444,LPLC2,left,5,0.029069767441860465,intra_population
16628,LC4,right,acetylcholine,19954,LC4,right,5,0.029069767441860465,intra_population
19146,LPLC2,right,acetylcholine,28044,LPLC2,right,5,0.029069767441860465,intra_population
17364,LC4,right,acetylcholine,16628,LC4,right,5,0.029069767441860465,intra_population
16628,LC4,right,acetylcholine,19794,LC4,right,5,0.029069767441860465,intra_population
533895,LPLC2,left,acetylcholine,12384,LPLC2,left,5,0.029069767441860465,intra_population
533895,LPLC2,left,acetylcholine,14102,LPLC2,left,5,0.029069767441860465,intra_population
19146,LPLC2,right,acetylcholine,25267,LPLC2,right,5,0.029069767441860465,intra_population
19146,LPLC2,right,acetylcholine,24187,LPLC2,right,5,0.029069767441860465,intra_population
28011,LPLC2,left,acetylcholine,10228,DNp06,left,5,0.029069767441860465,visual_to_readout
28003,LPLC2,right,acetylcholine,37431,LPLC2,right,5,0.029069767441860465,intra_population
19146,LPLC2,right,acetylcholine,22261,LPLC2,right,5,0.029069767441860465,intra_population
11498,LPLC2,left,acetylcholine,13726,LPLC2,left,5,0.029069767441860465,intra_population
29815,LPLC2,left,acetylcholine,17774,LPLC2,left,5,0.029069767441860465,intra_population
17364,LC4,right,acetylcholine,16128,LC4,right,5,0.029069767441860465,intra_population
30041,LPLC2,right,acetylcholine,22218,LPLC2,right,5,0.029069767441860465,intra_population
19146,LPLC2,right,acetylcholine,21045,LPLC2,right,5,0.029069767441860465,intra_population
29815,LPLC2,left,acetylcholine,25524,LPLC2,left,5,0.029069767441860465,intra_population
29815,LPLC2,left,acetylcholine,27399,LPLC2,left,5,0.029069767441860465,intra_population
25497,LPLC2,right,acetylcholine,25253,LPLC2,right,5,0.029069767441860465,intra_population
16628,LC4,right,acetylcholine,19420,LC4,right,5,0.029069767441860465,intra_population
29753,LPLC2,left,acetylcholine,533895,LPLC2,left,5,0.029069767441860465,intra_population
30087,LC4,left,acetylcholine,27750,LC4,left,5,0.029069767441860465,intra_population
25497,LPLC2,right,acetylcholine,35889,LPLC2,right,5,0.029069767441860465,intra_population
25511,LPLC2,right,acetylcholine,21318,LPLC2,right,5,0.029069767441860465,intra_population
28044,LPLC2,right,acetylcholine,18672,LPLC2,right,5,0.029069767441860465,intra_population
533895,LPLC2,left,acetylcholine,28011,LPLC2,left,5,0.029069767441860465,intra_population
19146,LPLC2,right,acetylcholine,10584,DNp06,right,5,0.029069767441860465,visual_to_readout
29815,LPLC2,left,acetylcholine,31429,LC4,left,5,0.029069767441860465,cross_visual
25575,LPLC2,left,acetylcholine,27399,LPLC2,left,5,0.029069767441860465,intra_population
533895,LPLC2,left,acetylcholine,28188,LPLC2,left,5,0.029069767441860465,intra_population
11498,LPLC2,left,acetylcholine,12384,LPLC2,left,5,0.029069767441860465,intra_population
25511,LPLC2,right,acetylcholine,20182,LPLC2,right,5,0.029069767441860465,intra_population
29986,LPLC2,right,acetylcholine,19842,LPLC2,right,5,0.029069767441860465,intra_population
29815,LPLC2,left,acetylcholine,33406,LPLC2,left,5,0.029069767441860465,intra_population
25575,LPLC2,left,acetylcholine,25854,LPLC2,left,5,0.029069767441860465,intra_population
19146,LPLC2,right,acetylcholine,20269,LPLC2,right,5,0.029069767441860465,intra_population
25511,LPLC2,right,acetylcholine,21862,LPLC2,right,5,0.029069767441860465,intra_population
25511,LPLC2,right,acetylcholine,24118,LPLC2,right,5,0.029069767441860465,intra_population
28011,LPLC2,left,acetylcholine,23919,LPLC2,left,5,0.029069767441860465,intra_population
29955,LPLC2,left,acetylcholine,531898,DNp04,left,5,0.029069767441860465,visual_to_readout
28044,LPLC2,right,acetylcholine,17551,LPLC2,right,5,0.029069767441860465,intra_population
19034,LPLC2,right,acetylcholine,29873,LPLC2,right,5,0.029069767441860465,intra_population
29815,LPLC2,left,acetylcholine,34655,LPLC2,left,5,0.029069767441860465,intra_population
29986,LPLC2,right,acetylcholine,25511,LPLC2,right,5,0.029069767441860465,intra_population
25511,LPLC2,right,acetylcholine,29986,LPLC2,right,5,0.029069767441860465,intra_population
533895,LPLC2,left,acetylcholine,25575,LPLC2,left,5,0.029069767441860465,intra_population
19146,LPLC2,right,acetylcholine,20162,LPLC2,right,5,0.029069767441860465,intra_population
533129,LC4,left,acetylcholine,519931,LC4,left,5,0.029069767441860465,intra_population
19034,LPLC2,right,acetylcholine,29391,LPLC2,right,5,0.029069767441860465,intra_population
535341,LC4,left,acetylcholine,22772,LC4,left,5,0.029069767441860465,intra_population
25511,LPLC2,right,acetylcholine,30803,LC4,right,5,0.029069767441860465,cross_visual
536444,LPLC2,left,acetylcholine,25575,LPLC2,left,5,0.029069767441860465,intra_population
19034,LPLC2,right,acetylcholine,19608,LPLC2,right,5,0.029069767441860465,intra_population
25511,LPLC2,right,acetylcholine,33396,LPLC2,right,5,0.029069767441860465,intra_population
25511,LPLC2,right,acetylcholine,34681,LPLC2,right,5,0.029069767441860465,intra_population
25511,LPLC2,right,acetylcholine,35680,LPLC2,right,5,0.029069767441860465,intra_population
17340,LC4,left,acetylcholine,518983,LC4,left,5,0.029069767441860465,intra_population
535341,LC4,left,acetylcholine,18478,LC4,left,5,0.029069767441860465,intra_population
29955,LPLC2,left,acetylcholine,29319,LPLC2,left,5,0.029069767441860465,intra_population
25524,LPLC2,left,acetylcholine,12384,LPLC2,left,5,0.029069767441860465,intra_population
28011,LPLC2,left,acetylcholine,531014,LPLC2,left,5,0.029069767441860465,intra_population
28011,LPLC2,left,acetylcholine,25209,LPLC2,left,5,0.029069767441860465,intra_population
29955,LPLC2,left,acetylcholine,25854,LPLC2,left,5,0.029069767441860465,intra_population
535341,LC4,left,acetylcholine,31429,LC4,left,5,0.029069767441860465,intra_population
25524,LPLC2,left,acetylcholine,20976,LC4,left,5,0.029069767441860465,cross_visual
29955,LPLC2,left,acetylcholine,20329,LPLC2,left,5,0.029069767441860465,intra_population
535341,LC4,left,acetylcholine,515900,LC4,left,5,0.029069767441860465,intra_population
28011,LPLC2,left,acetylcholine,521115,LPLC2,left,5,0.029069767441860465,intra_population
28011,LPLC2,left,acetylcholine,29702,LPLC2,left,5,0.029069767441860465,intra_population
28011,LPLC2,left,acetylcholine,517819,LPLC2,left,5,0.029069767441860465,intra_population
24523,LC4,left,acetylcholine,31308,LC4,left,5,0.029069767441860465,intra_population
16628,LC4,right,acetylcholine,19260,LC4,right,5,0.029069767441860465,intra_population
25524,LPLC2,left,acetylcholine,134521,LPLC2,left,5,0.029069767441860465,intra_population
25572,LPLC2,left,acetylcholine,518731,LPLC2,left,5,0.029069767441860465,intra_population
18936,LPLC2,left,acetylcholine,21361,LPLC2,left,5,0.029069767441860465,intra_population
28011,LPLC2,left,acetylcholine,32737,LPLC2,left,5,0.029069767441860465,intra_population
25524,LPLC2,left,acetylcholine,514670,LPLC2,left,5,0.029069767441860465,intra_population
29873,LPLC2,right,acetylcholine,27471,LPLC2,right,5,0.029069767441860465,intra_population
28011,LPLC2,left,acetylcholine,31105,LPLC2,left,5,0.029069767441860465,intra_population
18936,LPLC2,left,acetylcholine,17059,LPLC2,left,5,0.029069767441860465,intra_population
536444,LPLC2,left,acetylcholine,27399,LPLC2,left,5,0.029069767441860465,intra_population
536444,LPLC2,left,acetylcholine,28011,LPLC2,left,5,0.029069767441860465,intra_population
17340,LC4,left,acetylcholine,31429,LC4,left,5,0.029069767441860465,intra_population
17340,LC4,left,acetylcholine,28980,LC4,left,5,0.029069767441860465,intra_population
18936,LPLC2,left,acetylcholine,533895,LPLC2,left,5,0.029069767441860465,intra_population
536444,LPLC2,left,acetylcholine,29702,LPLC2,left,5,0.029069767441860465,intra_population
18936,LPLC2,left,acetylcholine,100103,LPLC2,left,5,0.029069767441860465,intra_population
536444,LPLC2,left,acetylcholine,30895,LPLC2,left,5,0.029069767441860465,intra_population
29873,LPLC2,right,acetylcholine,24800,LPLC2,right,5,0.029069767441860465,intra_population
25572,LPLC2,left,acetylcholine,22253,LPLC2,left,5,0.029069767441860465,intra_population
25572,LPLC2,left,acetylcholine,23349,LPLC2,left,5,0.029069767441860465,intra_population
18936,LPLC2,left,acetylcholine,29815,LPLC2,left,5,0.029069767441860465,intra_population
29873,LPLC2,right,acetylcholine,21703,LPLC2,right,5,0.029069767441860465,intra_population
25572,LPLC2,left,acetylcholine,25136,LPLC2,left,5,0.029069767441860465,intra_population
25572,LPLC2,left,acetylcholine,27355,LPLC2,left,5,0.029069767441860465,intra_population
536444,LPLC2,left,acetylcholine,524366,LPLC2,left,5,0.029069767441860465,intra_population
29873,LPLC2,right,acetylcholine,20584,LPLC2,right,5,0.029069767441860465,intra_population
19146,LPLC2,right,acetylcholine,17364,LC4,right,5,0.029069767441860465,cross_visual
536444,LPLC2,left,acetylcholine,32223,LPLC2,left,5,0.029069767441860465,intra_population
25575,LPLC2,left,acetylcholine,27796,LPLC2,left,5,0.029069767441860465,intra_population
31563,LPLC2,left,acetylcholine,27355,LPLC2,left,5,0.029069767441860465,intra_population
31988,LPLC2,right,acetylcholine,21862,LPLC2,right,5,0.029069767441860465,intra_population
521115,LPLC2,left,acetylcholine,25572,LPLC2,left,5,0.029069767441860465,intra_population
18672,LPLC2,right,acetylcholine,23497,LPLC2,right,5,0.029069767441860465,intra_population
18672,LPLC2,right,acetylcholine,23878,LPLC2,right,5,0.029069767441860465,intra_population
15804,LPLC2,left,acetylcholine,17774,LPLC2,left,5,0.029069767441860465,intra_population
24401,LPLC2,right,acetylcholine,24187,LPLC2,right,5,0.029069767441860465,intra_population
27829,LC4,left,acetylcholine,17270,LC4,left,5,0.029069767441860465,intra_population
524366,LPLC2,left,acetylcholine,25854,LPLC2,left,5,0.029069767441860465,intra_population
524366,LPLC2,left,acetylcholine,30512,LPLC2,left,5,0.029069767441860465,intra_population
15804,LPLC2,left,acetylcholine,25027,LPLC2,left,5,0.029069767441860465,intra_population
29598,LPLC2,right,acetylcholine,21045,LPLC2,right,5,0.029069767441860465,intra_population
29563,LC4,right,acetylcholine,19543,LC4,right,5,0.029069767441860465,intra_population
31563,LPLC2,left,acetylcholine,25524,LPLC2,left,5,0.029069767441860465,intra_population
24568,LPLC2,left,acetylcholine,514670,LPLC2,left,5,0.029069767441860465,intra_population
24568,LPLC2,left,acetylcholine,517078,LPLC2,left,5,0.029069767441860465,intra_population
24568,LPLC2,left,acetylcholine,517819,LPLC2,left,5,0.029069767441860465,intra_population
27829,LC4,left,acetylcholine,518016,LC4,left,5,0.029069767441860465,intra_population
12032,LC4,left,acetylcholine,28980,LC4,left,5,0.029069767441860465,intra_population
15804,LPLC2,left,acetylcholine,27023,LPLC2,left,5,0.029069767441860465,intra_population
19608,LPLC2,right,acetylcholine,25497,LPLC2,right,5,0.029069767441860465,intra_population
31563,LPLC2,left,acetylcholine,20240,LPLC2,left,5,0.029069767441860465,intra_population
19608,LPLC2,right,acetylcholine,25316,LPLC2,right,5,0.029069767441860465,intra_population
31988,LPLC2,right,acetylcholine,25267,LPLC2,right,5,0.029069767441860465,intra_population
26112,LC4,right,acetylcholine,20588,LC4,right,5,0.029069767441860465,intra_population
31563,LPLC2,left,acetylcholine,17880,LPLC2,left,5,0.029069767441860465,intra_population
24338,LC4,right,acetylcholine,21336,LC4,right,5,0.029069767441860465,intra_population
24523,LC4,left,acetylcholine,35616,LC4,left,5,0.029069767441860465,intra_population
29563,LC4,right,acetylcholine,24338,LC4,right,5,0.029069767441860465,intra_population
19146,LPLC2,right,acetylcholine,18929,LPLC2,right,5,0.029069767441860465,intra_population
524366,LPLC2,left,acetylcholine,25027,LPLC2,left,5,0.029069767441860465,intra_population
31964,LPLC2,right,acetylcholine,29598,LPLC2,right,5,0.029069767441860465,intra_population
19634,LC4,right,acetylcholine,25584,LC4,right,5,0.029069767441860465,intra_population
15804,LPLC2,left,acetylcholine,18900,LPLC2,left,5,0.029069767441860465,intra_population
521115,LPLC2,left,acetylcholine,27716,LPLC2,left,5,0.029069767441860465,intra_population
18672,LPLC2,right,acetylcholine,21703,LPLC2,right,5,0.029069767441860465,intra_population
19830,LPLC2,left,acetylcholine,17774,LPLC2,left,5,0.029069767441860465,intra_population
19830,LPLC2,left,acetylcholine,14030,LPLC2,left,5,0.029069767441860465,intra_population
31988,LPLC2,right,acetylcholine,27471,LPLC2,right,5,0.029069767441860465,intra_population
19794,LC4,right,acetylcholine,25584,LC4,right,5,0.029069767441860465,intra_population
28188,LPLC2,left,acetylcholine,23226,LC4,left,5,0.029069767441860465,cross_visual
27796,LPLC2,left,acetylcholine,533895,LPLC2,left,5,0.029069767441860465,intra_population
24338,LC4,right,acetylcholine,23929,LC4,right,5,0.029069767441860465,intra_population
24338,LC4,right,acetylcholine,28945,LC4,right,5,0.029069767441860465,intra_population
19794,LC4,right,acetylcholine,21225,LC4,right,5,0.029069767441860465,intra_population
521115,LPLC2,left,acetylcholine,20329,LPLC2,left,5,0.029069767441860465,intra_population
19794,LC4,right,acetylcholine,19954,LC4,right,5,0.029069767441860465,intra_population
521115,LPLC2,left,acetylcholine,20799,LPLC2,left,5,0.029069767441860465,intra_population
521115,LPLC2,left,acetylcholine,22253,LPLC2,left,5,0.029069767441860465,intra_population
19608,LPLC2,right,acetylcholine,25267,LPLC2,right,5,0.029069767441860465,intra_population
31988,LPLC2,right,acetylcholine,29598,LPLC2,right,5,0.029069767441860465,intra_population
25854,LPLC2,left,acetylcholine,33965,LPLC2,left,5,0.029069767441860465,intra_population
31563,LPLC2,left,acetylcholine,31105,LPLC2,left,5,0.029069767441860465,intra_population
24568,LPLC2,left,acetylcholine,21361,LPLC2,left,5,0.029069767441860465,intra_population
28044,LPLC2,right,acetylcholine,33439,LPLC2,right,5,0.029069767441860465,intra_population
25136,LPLC2,left,acetylcholine,32237,LPLC2,left,5,0.029069767441860465,intra_population
524366,LPLC2,left,acetylcholine,40811,LPLC2,left,5,0.029069767441860465,intra_population
27829,LC4,left,acetylcholine,111787,LC4,left,5,0.029069767441860465,intra_population
16809,LC4,left,acetylcholine,10228,DNp06,left,5,0.029069767441860465,visual_to_readout
24568,LPLC2,left,acetylcholine,24308,LPLC2,left,5,0.029069767441860465,intra_population
24568,LPLC2,left,acetylcholine,25136,LPLC2,left,5,0.029069767441860465,intra_population
19608,LPLC2,right,acetylcholine,34681,LPLC2,right,5,0.029069767441860465,intra_population
31563,LPLC2,left,acetylcholine,32237,LPLC2,left,5,0.029069767441860465,intra_population
28044,LPLC2,right,acetylcholine,33396,LPLC2,right,5,0.029069767441860465,intra_population
31563,LPLC2,left,acetylcholine,34407,LPLC2,left,5,0.029069767441860465,intra_population
24568,LPLC2,left,acetylcholine,27023,LPLC2,left,5,0.029069767441860465,intra_population
524366,LPLC2,left,acetylcholine,531014,LPLC2,left,5,0.029069767441860465,intra_population
19608,LPLC2,right,acetylcholine,29986,LPLC2,right,5,0.029069767441860465,intra_population
24568,LPLC2,left,acetylcholine,23550,LPLC2,left,5,0.029069767441860465,intra_population
26112,LC4,right,acetylcholine,22847,LC4,right,5,0.029069767441860465,intra_population
30938,LPLC2,right,acetylcholine,34110,LPLC2,right,5,0.029069767441860465,intra_population
18929,LPLC2,right,acetylcholine,27471,LPLC2,right,5,0.029069767441860465,intra_population
24605,LPLC2,left,acetylcholine,14030,LPLC2,left,5,0.029069767441860465,intra_population
19543,LC4,right,acetylcholine,23392,LC4,right,5,0.029069767441860465,intra_population
29986,LPLC2,right,acetylcholine,25497,LPLC2,right,5,0.029069767441860465,intra_population
31563,LPLC2,left,acetylcholine,34051,LPLC2,left,5,0.029069767441860465,intra_population
524366,LPLC2,left,acetylcholine,515971,LPLC2,left,5,0.029069767441860465,intra_population
18900,LPLC2,left,acetylcholine,10228,DNp06,left,5,0.029069767441860465,visual_to_readout
24568,LPLC2,left,acetylcholine,33303,LPLC2,left,5,0.029069767441860465,intra_population
31429,LC4,left,acetylcholine,518439,LC4,left,5,0.029069767441860465,intra_population
24605,LPLC2,left,acetylcholine,17880,LPLC2,left,5,0.029069767441860465,intra_population
18672,LPLC2,right,acetylcholine,35889,LPLC2,right,5,0.029069767441860465,intra_population
19608,LPLC2,right,acetylcholine,23878,LPLC2,right,5,0.029069767441860465,intra_population
31429,LC4,left,acetylcholine,535341,LC4,left,5,0.029069767441860465,intra_population
24605,LPLC2,left,acetylcholine,18936,LPLC2,left,5,0.029069767441860465,intra_population
19608,LPLC2,right,acetylcholine,21808,LPLC2,right,5,0.029069767441860465,intra_population
31429,LC4,left,acetylcholine,20967,LC4,left,5,0.029069767441860465,intra_population
524899,LC4,left,acetylcholine,23202,LC4,left,5,0.029069767441860465,intra_population
31563,LPLC2,left,acetylcholine,27716,LPLC2,left,5,0.029069767441860465,intra_population
31429,LC4,left,acetylcholine,17478,LC4,left,5,0.029069767441860465,intra_population
31563,LPLC2,left,acetylcholine,28188,LPLC2,left,5,0.029069767441860465,intra_population
31563,LPLC2,left,acetylcholine,517819,LPLC2,left,5,0.029069767441860465,intra_population
24568,LPLC2,left,acetylcholine,29319,LPLC2,left,5,0.029069767441860465,intra_population
31563,LPLC2,left,acetylcholine,524366,LPLC2,left,5,0.029069767441860465,intra_population
31563,LPLC2,left,acetylcholine,515971,LPLC2,left,5,0.029069767441860465,intra_population
31563,LPLC2,left,acetylcholine,521115,LPLC2,left,5,0.029069767441860465,intra_population
17478,LC4,left,acetylcholine,511914,LC4,left,5,0.029069767441860465,intra_population
17270,LC4,left,acetylcholine,519650,LC4,left,5,0.029069767441860465,intra_population
23919,LPLC2,left,acetylcholine,525844,LPLC2,left,4,0.023255813953488372,intra_population
23929,LC4,right,acetylcholine,26112,LC4,right,4,0.023255813953488372,intra_population
23929,LC4,right,acetylcholine,31262,LC4,right,4,0.023255813953488372,intra_population
24118,LPLC2,right,acetylcholine,21045,LPLC2,right,4,0.023255813953488372,intra_population
24187,LPLC2,right,acetylcholine,21769,LPLC2,right,4,0.023255813953488372,intra_population
17544,LPLC2,left,acetylcholine,111903,LPLC2,left,4,0.023255813953488372,intra_population
24118,LPLC2,right,acetylcholine,50287,LPLC2,right,4,0.023255813953488372,intra_population
24118,LPLC2,right,acetylcholine,21318,LPLC2,right,4,0.023255813953488372,intra_population
24118,LPLC2,right,acetylcholine,24800,LPLC2,right,4,0.023255813953488372,intra_population
24118,LPLC2,right,acetylcholine,35838,LPLC2,right,4,0.023255813953488372,intra_population
24118,LPLC2,right,acetylcholine,22218,LPLC2,right,4,0.023255813953488372,intra_population
24118,LPLC2,right,acetylcholine,25253,LPLC2,right,4,0.023255813953488372,intra_population
23919,LPLC2,left,acetylcholine,33965,LPLC2,left,4,0.023255813953488372,intra_population
24118,LPLC2,right,acetylcholine,22261,LPLC2,right,4,0.023255813953488372,intra_population
23919,LPLC2,left,acetylcholine,520764,LPLC2,left,4,0.023255813953488372,intra_population
24118,LPLC2,right,acetylcholine,20162,LPLC2,right,4,0.023255813953488372,intra_population
23919,LPLC2,left,acetylcholine,30893,LPLC2,left,4,0.023255813953488372,intra_population
24338,LC4,right,acetylcholine,16138,LC4,right,4,0.023255813953488372,intra_population
24308,LPLC2,left,acetylcholine,520764,LPLC2,left,4,0.023255813953488372,intra_population
17544,LPLC2,left,acetylcholine,23247,LPLC2,left,4,0.023255813953488372,intra_population
24308,LPLC2,left,acetylcholine,34051,LPLC2,left,4,0.023255813953488372,intra_population
24187,LPLC2,right,acetylcholine,17551,LPLC2,right,4,0.023255813953488372,intra_population
24308,LPLC2,left,acetylcholine,33965,LPLC2,left,4,0.023255813953488372,intra_population
17544,LPLC2,left,acetylcholine,19830,LPLC2,left,4,0.023255813953488372,intra_population
17544,LPLC2,left,acetylcholine,29753,LPLC2,left,4,0.023255813953488372,intra_population
17548,LC4,right,acetylcholine,18189,LC4,right,4,0.023255813953488372,intra_population
24187,LPLC2,right,acetylcholine,21862,LPLC2,right,4,0.023255813953488372,intra_population
17548,LC4,right,acetylcholine,19634,LC4,right,4,0.023255813953488372,intra_population
23919,LPLC2,left,acetylcholine,17270,LC4,left,4,0.023255813953488372,cross_visual
23919,LPLC2,left,acetylcholine,25524,LPLC2,left,4,0.023255813953488372,intra_population
23919,LPLC2,left,acetylcholine,26528,LPLC2,left,4,0.023255813953488372,intra_population
23919,LPLC2,left,acetylcholine,28011,LPLC2,left,4,0.023255813953488372,intra_population
24187,LPLC2,right,acetylcholine,14465,LPLC2,right,4,0.023255813953488372,intra_population
20016,LC4,right,acetylcholine,16128,LC4,right,4,0.023255813953488372,intra_population
24187,LPLC2,right,acetylcholine,18672,LPLC2,right,4,0.023255813953488372,intra_population
24187,LPLC2,right,acetylcholine,20334,LPLC2,right,4,0.023255813953488372,intra_population
18672,LPLC2,right,acetylcholine,18929,LPLC2,right,4,0.023255813953488372,intra_population
20016,LC4,right,acetylcholine,20399,LC4,right,4,0.023255813953488372,intra_population
20016,LC4,right,acetylcholine,21151,LC4,right,4,0.023255813953488372,intra_population
20016,LC4,right,acetylcholine,23392,LC4,right,4,0.023255813953488372,intra_population
20047,LPLC2,right,acetylcholine,19034,LPLC2,right,4,0.023255813953488372,intra_population
20047,LPLC2,right,acetylcholine,19842,LPLC2,right,4,0.023255813953488372,intra_population
20047,LPLC2,right,acetylcholine,20269,LPLC2,right,4,0.023255813953488372,intra_population
20047,LPLC2,right,acetylcholine,21045,LPLC2,right,4,0.023255813953488372,intra_population
20047,LPLC2,right,acetylcholine,21318,LPLC2,right,4,0.023255813953488372,intra_population
20047,LPLC2,right,acetylcholine,21562,LPLC2,right,4,0.023255813953488372,intra_population
20047,LPLC2,right,acetylcholine,21769,LPLC2,right,4,0.023255813953488372,intra_population
24308,LPLC2,left,acetylcholine,31105,LPLC2,left,4,0.023255813953488372,intra_population
19911,LPLC2,left,acetylcholine,17544,LPLC2,left,4,0.023255813953488372,intra_population
18478,LC4,left,acetylcholine,515900,LC4,left,4,0.023255813953488372,intra_population
19911,LPLC2,left,acetylcholine,23349,LPLC2,left,4,0.023255813953488372,intra_population
19954,LC4,right,acetylcholine,38065,LC4,right,4,0.023255813953488372,intra_population
19954,LC4,right,acetylcholine,23392,LC4,right,4,0.023255813953488372,intra_population
19954,LC4,right,acetylcholine,21336,LC4,right,4,0.023255813953488372,intra_population
19911,LPLC2,left,acetylcholine,30895,LPLC2,left,4,0.023255813953488372,intra_population
17880,LPLC2,left,acetylcholine,10228,DNp06,left,4,0.023255813953488372,visual_to_readout
21361,LPLC2,left,acetylcholine,28011,LPLC2,left,4,0.023255813953488372,intra_population
25286,LPLC2,left,acetylcholine,34051,LPLC2,left,4,0.023255813953488372,intra_population
21361,LPLC2,left,acetylcholine,25027,LPLC2,left,4,0.023255813953488372,intra_population
19911,LPLC2,left,acetylcholine,29955,LPLC2,left,4,0.023255813953488372,intra_population
19911,LPLC2,left,acetylcholine,30893,LPLC2,left,4,0.023255813953488372,intra_population
19911,LPLC2,left,acetylcholine,32223,LPLC2,left,4,0.023255813953488372,intra_population
19954,LC4,right,acetylcholine,21313,LC4,right,4,0.023255813953488372,intra_population
19911,LPLC2,left,acetylcholine,32737,LPLC2,left,4,0.023255813953488372,intra_population
19911,LPLC2,left,acetylcholine,134521,LPLC2,left,4,0.023255813953488372,intra_population
19911,LPLC2,left,acetylcholine,517079,LPLC2,left,4,0.023255813953488372,intra_population
19954,LC4,right,acetylcholine,17548,LC4,right,4,0.023255813953488372,intra_population
19954,LC4,right,acetylcholine,17987,LC4,right,4,0.023255813953488372,intra_population
19954,LC4,right,acetylcholine,19543,LC4,right,4,0.023255813953488372,intra_population
24308,LPLC2,left,acetylcholine,32237,LPLC2,left,4,0.023255813953488372,intra_population
23497,LPLC2,right,acetylcholine,29014,LPLC2,right,4,0.023255813953488372,intra_population
24308,LPLC2,left,acetylcholine,28011,LPLC2,left,4,0.023255813953488372,intra_population
24308,LPLC2,left,acetylcholine,23919,LPLC2,left,4,0.023255813953488372,intra_population
23878,LPLC2,right,acetylcholine,30938,LPLC2,right,4,0.023255813953488372,intra_population
23878,LPLC2,right,acetylcholine,33185,LPLC2,right,4,0.023255813953488372,intra_population
23665,LPLC2,left,acetylcholine,21361,LPLC2,left,4,0.023255813953488372,intra_population
23665,LPLC2,left,acetylcholine,13764,LPLC2,left,4,0.023255813953488372,intra_population
23878,LPLC2,right,acetylcholine,34110,LPLC2,right,4,0.023255813953488372,intra_population
23550,LPLC2,left,acetylcholine,32223,LPLC2,left,4,0.023255813953488372,intra_population
23550,LPLC2,left,acetylcholine,17990,LPLC2,left,4,0.023255813953488372,intra_population
23550,LPLC2,left,acetylcholine,20240,LPLC2,left,4,0.023255813953488372,intra_population
23550,LPLC2,left,acetylcholine,23247,LPLC2,left,4,0.023255813953488372,intra_population
23550,LPLC2,left,acetylcholine,23919,LPLC2,left,4,0.023255813953488372,intra_population
23550,LPLC2,left,acetylcholine,25136,LPLC2,left,4,0.023255813953488372,intra_population
23550,LPLC2,left,acetylcholine,25572,LPLC2,left,4,0.023255813953488372,intra_population
23550,LPLC2,left,acetylcholine,26528,LPLC2,left,4,0.023255813953488372,intra_population
23550,LPLC2,left,acetylcholine,27023,LPLC2,left,4,0.023255813953488372,intra_population
23550,LPLC2,left,acetylcholine,27399,LPLC2,left,4,0.023255813953488372,intra_population
23878,LPLC2,right,acetylcholine,29287,LPLC2,right,4,0.023255813953488372,intra_population
23878,LPLC2,right,acetylcholine,25316,LPLC2,right,4,0.023255813953488372,intra_population
23878,LPLC2,right,acetylcholine,23497,LPLC2,right,4,0.023255813953488372,intra_population
17548,LC4,right,acetylcholine,25584,LC4,right,4,0.023255813953488372,intra_population
17551,LPLC2,right,acetylcholine,17548,LC4,right,4,0.023255813953488372,cross_visual
17548,LC4,right,acetylcholine,26112,LC4,right,4,0.023255813953488372,intra_population
19794,LC4,right,acetylcholine,21313,LC4,right,4,0.023255813953488372,intra_population
23792,LC4,right,acetylcholine,17266,LC4,right,4,0.023255813953488372,intra_population
23792,LC4,right,acetylcholine,19794,LC4,right,4,0.023255813953488372,intra_population
23792,LC4,right,acetylcholine,20399,LC4,right,4,0.023255813953488372,intra_population
23665,LPLC2,left,acetylcholine,20799,LPLC2,left,4,0.023255813953488372,intra_population
23878,LPLC2,right,acetylcholine,21562,LPLC2,right,4,0.023255813953488372,intra_population
17548,LC4,right,acetylcholine,23792,LC4,right,4,0.023255813953488372,intra_population
23792,LC4,right,acetylcholine,26112,LC4,right,4,0.023255813953488372,intra_population
17548,LC4,right,acetylcholine,23098,LC4,right,4,0.023255813953488372,intra_population
23878,LPLC2,right,acetylcholine,18672,LPLC2,right,4,0.023255813953488372,intra_population
23878,LPLC2,right,acetylcholine,20535,LPLC2,right,4,0.023255813953488372,intra_population
23878,LPLC2,right,acetylcholine,20584,LPLC2,right,4,0.023255813953488372,intra_population
17551,LPLC2,right,acetylcholine,21769,LPLC2,right,4,0.023255813953488372,intra_population
23550,LPLC2,left,acetylcholine,31563,LPLC2,left,4,0.023255813953488372,intra_population
23550,LPLC2,left,acetylcholine,33303,LPLC2,left,4,0.023255813953488372,intra_population
24268,LPLC2,right,acetylcholine,24401,LPLC2,right,4,0.023255813953488372,intra_population
24187,LPLC2,right,acetylcholine,29014,LPLC2,right,4,0.023255813953488372,intra_population
24187,LPLC2,right,acetylcholine,29183,LPLC2,right,4,0.023255813953488372,intra_population
24187,LPLC2,right,acetylcholine,29873,LPLC2,right,4,0.023255813953488372,intra_population
24187,LPLC2,right,acetylcholine,31988,LPLC2,right,4,0.023255813953488372,intra_population
24187,LPLC2,right,acetylcholine,35889,LPLC2,right,4,0.023255813953488372,intra_population
24268,LPLC2,right,acetylcholine,20047,LPLC2,right,4,0.023255813953488372,intra_population
24268,LPLC2,right,acetylcholine,25253,LPLC2,right,4,0.023255813953488372,intra_population
24187,LPLC2,right,acetylcholine,28741,LPLC2,right,4,0.023255813953488372,intra_population
24268,LPLC2,right,acetylcholine,29287,LPLC2,right,4,0.023255813953488372,intra_population
24268,LPLC2,right,acetylcholine,35889,LPLC2,right,4,0.023255813953488372,intra_population
24268,LPLC2,right,acetylcholine,55627,LPLC2,right,4,0.023255813953488372,intra_population
24187,LPLC2,right,acetylcholine,26147,LPLC2,right,4,0.023255813953488372,intra_population
17544,LPLC2,left,acetylcholine,25209,LPLC2,left,4,0.023255813953488372,intra_population
24308,LPLC2,left,acetylcholine,23349,LPLC2,left,4,0.023255813953488372,intra_population
24187,LPLC2,right,acetylcholine,28871,LPLC2,right,4,0.023255813953488372,intra_population
24268,LPLC2,right,acetylcholine,37431,LPLC2,right,4,0.023255813953488372,intra_population
23590,LPLC2,right,acetylcholine,39620,LPLC2,right,4,0.023255813953488372,intra_population
23590,LPLC2,right,acetylcholine,23878,LPLC2,right,4,0.023255813953488372,intra_population
23550,LPLC2,left,acetylcholine,40811,LPLC2,left,4,0.023255813953488372,intra_population
17551,LPLC2,right,acetylcholine,21045,LPLC2,right,4,0.023255813953488372,intra_population
23590,LPLC2,right,acetylcholine,18672,LPLC2,right,4,0.023255813953488372,intra_population
23590,LPLC2,right,acetylcholine,19034,LPLC2,right,4,0.023255813953488372,intra_population
23590,LPLC2,right,acetylcholine,19549,LPLC2,right,4,0.023255813953488372,intra_population
23590,LPLC2,right,acetylcholine,22261,LPLC2,right,4,0.023255813953488372,intra_population
23590,LPLC2,right,acetylcholine,25253,LPLC2,right,4,0.023255813953488372,intra_population
24338,LC4,right,acetylcholine,17548,LC4,right,4,0.023255813953488372,intra_population
23590,LPLC2,right,acetylcholine,28741,LPLC2,right,4,0.023255813953488372,intra_population
23590,LPLC2,right,acetylcholine,30207,LPLC2,right,4,0.023255813953488372,intra_population
23590,LPLC2,right,acetylcholine,33694,LPLC2,right,4,0.023255813953488372,intra_population
23590,LPLC2,right,acetylcholine,34372,LPLC2,right,4,0.023255813953488372,intra_population
23878,LPLC2,right,acetylcholine,33396,LPLC2,right,4,0.023255813953488372,intra_population
23878,LPLC2,right,acetylcholine,39620,LPLC2,right,4,0.023255813953488372,intra_population
19842,LPLC2,right,acetylcholine,19589,LPLC2,right,4,0.023255813953488372,intra_population
19229,LPLC2,right,acetylcholine,26147,LPLC2,right,4,0.023255813953488372,intra_population
19787,LPLC2,left,acetylcholine,23919,LPLC2,left,4,0.023255813953488372,intra_population
19229,LPLC2,right,acetylcholine,25511,LPLC2,right,4,0.023255813953488372,intra_population
18929,LPLC2,right,acetylcholine,20334,LPLC2,right,4,0.023255813953488372,intra_population
18929,LPLC2,right,acetylcholine,20182,LPLC2,right,4,0.023255813953488372,intra_population
19229,LPLC2,right,acetylcholine,21045,LPLC2,right,4,0.023255813953488372,intra_population
19229,LPLC2,right,acetylcholine,21808,LPLC2,right,4,0.023255813953488372,intra_population
19229,LPLC2,right,acetylcholine,22677,LPLC2,right,4,0.023255813953488372,intra_population
19229,LPLC2,right,acetylcholine,24800,LPLC2,right,4,0.023255813953488372,intra_population
19229,LPLC2,right,acetylcholine,26730,LPLC2,right,4,0.023255813953488372,intra_population
19146,LPLC2,right,acetylcholine,29287,LPLC2,right,4,0.023255813953488372,intra_population
19229,LPLC2,right,acetylcholine,29986,LPLC2,right,4,0.023255813953488372,intra_population
19229,LPLC2,right,acetylcholine,35889,LPLC2,right,4,0.023255813953488372,intra_population
19146,LPLC2,right,acetylcholine,22677,LPLC2,right,4,0.023255813953488372,intra_population
19249,LPLC2,right,acetylcholine,14465,LPLC2,right,4,0.023255813953488372,intra_population
19249,LPLC2,right,acetylcholine,16128,LC4,right,4,0.023255813953488372,cross_visual
18929,LPLC2,right,acetylcholine,19146,LPLC2,right,4,0.023255813953488372,intra_population
19146,LPLC2,right,acetylcholine,37431,LPLC2,right,4,0.023255813953488372,intra_population
19229,LPLC2,right,acetylcholine,35680,LPLC2,right,4,0.023255813953488372,intra_population
19249,LPLC2,right,acetylcholine,19034,LPLC2,right,4,0.023255813953488372,intra_population
20162,LPLC2,right,acetylcholine,18929,LPLC2,right,4,0.023255813953488372,intra_population
20103,LPLC2,right,acetylcholine,29598,LPLC2,right,4,0.023255813953488372,intra_population
20103,LPLC2,right,acetylcholine,33396,LPLC2,right,4,0.023255813953488372,intra_population
20103,LPLC2,right,acetylcholine,33694,LPLC2,right,4,0.023255813953488372,intra_population
20103,LPLC2,right,acetylcholine,35889,LPLC2,right,4,0.023255813953488372,intra_population
20103,LPLC2,right,acetylcholine,37613,LPLC2,right,4,0.023255813953488372,intra_population
20162,LPLC2,right,acetylcholine,16128,LC4,right,4,0.023255813953488372,cross_visual
20162,LPLC2,right,acetylcholine,19420,LC4,right,4,0.023255813953488372,cross_visual
19787,LPLC2,left,acetylcholine,17059,LPLC2,left,4,0.023255813953488372,intra_population
20162,LPLC2,right,acetylcholine,19589,LPLC2,right,4,0.023255813953488372,intra_population
20162,LPLC2,right,acetylcholine,20103,LPLC2,right,4,0.023255813953488372,intra_population
20162,LPLC2,right,acetylcholine,20269,LPLC2,right,4,0.023255813953488372,intra_population
20162,LPLC2,right,acetylcholine,20694,LPLC2,right,4,0.023255813953488372,intra_population
19787,LPLC2,left,acetylcholine,20440,LC4,left,4,0.023255813953488372,cross_visual
19787,LPLC2,left,acetylcholine,17775,LPLC2,left,4,0.023255813953488372,intra_population
19249,LPLC2,right,acetylcholine,17926,LC4,right,4,0.023255813953488372,cross_visual
18929,LPLC2,right,acetylcholine,18672,LPLC2,right,4,0.023255813953488372,intra_population
20103,LPLC2,right,acetylcholine,29014,LPLC2,right,4,0.023255813953488372,intra_population
19034,LPLC2,right,acetylcholine,26393,LPLC2,right,4,0.023255813953488372,intra_population
19034,LPLC2,right,acetylcholine,20269,LPLC2,right,4,0.023255813953488372,intra_population
19034,LPLC2,right,acetylcholine,23497,LPLC2,right,4,0.023255813953488372,intra_population
19034,LPLC2,right,acetylcholine,23590,LPLC2,right,4,0.023255813953488372,intra_population
19034,LPLC2,right,acetylcholine,25316,LPLC2,right,4,0.023255813953488372,intra_population
19146,LPLC2,right,acetylcholine,21862,LPLC2,right,4,0.023255813953488372,intra_population
19034,LPLC2,right,acetylcholine,26147,LPLC2,right,4,0.023255813953488372,intra_population
19034,LPLC2,right,acetylcholine,26730,LPLC2,right,4,0.023255813953488372,intra_population
19034,LPLC2,right,acetylcholine,19589,LPLC2,right,4,0.023255813953488372,intra_population
19034,LPLC2,right,acetylcholine,31964,LPLC2,right,4,0.023255813953488372,intra_population
19034,LPLC2,right,acetylcholine,31988,LPLC2,right,4,0.023255813953488372,intra_population
19034,LPLC2,right,acetylcholine,32507,LPLC2,right,4,0.023255813953488372,intra_population
18929,LPLC2,right,acetylcholine,37613,LPLC2,right,4,0.023255813953488372,intra_population
23665,LPLC2,left,acetylcholine,35294,LPLC2,left,4,0.023255813953488372,intra_population
19034,LPLC2,right,acetylcholine,34681,LPLC2,right,4,0.023255813953488372,intra_population
19034,LPLC2,right,acetylcholine,20182,LPLC2,right,4,0.023255813953488372,intra_population
19034,LPLC2,right,acetylcholine,19249,LPLC2,right,4,0.023255813953488372,intra_population
19249,LPLC2,right,acetylcholine,21318,LPLC2,right,4,0.023255813953488372,intra_population
19146,LPLC2,right,acetylcholine,22218,LPLC2,right,4,0.023255813953488372,intra_population
19249,LPLC2,right,acetylcholine,23878,LPLC2,right,4,0.023255813953488372,intra_population
19249,LPLC2,right,acetylcholine,29014,LPLC2,right,4,0.023255813953488372,intra_population
18900,LPLC2,left,acetylcholine,533895,LPLC2,left,4,0.023255813953488372,intra_population
19260,LC4,right,acetylcholine,21287,LC4,right,4,0.023255813953488372,intra_population
18900,LPLC2,left,acetylcholine,112292,LPLC2,left,4,0.023255813953488372,intra_population
19146,LPLC2,right,acetylcholine,23497,LPLC2,right,4,0.023255813953488372,intra_population
19420,LC4,right,acetylcholine,21287,LC4,right,4,0.023255813953488372,intra_population
18936,LPLC2,left,acetylcholine,17544,LPLC2,left,4,0.023255813953488372,intra_population
19034,LPLC2,right,acetylcholine,24118,LPLC2,right,4,0.023255813953488372,intra_population
18936,LPLC2,left,acetylcholine,23919,LPLC2,left,4,0.023255813953488372,intra_population
18936,LPLC2,left,acetylcholine,25575,LPLC2,left,4,0.023255813953488372,intra_population
18936,LPLC2,left,acetylcholine,32737,LPLC2,left,4,0.023255813953488372,intra_population
18936,LPLC2,left,acetylcholine,33303,LPLC2,left,4,0.023255813953488372,intra_population
18936,LPLC2,left,acetylcholine,19787,LPLC2,left,4,0.023255813953488372,intra_population
20162,LPLC2,right,acetylcholine,28871,LPLC2,right,4,0.023255813953488372,intra_population
20103,LPLC2,right,acetylcholine,24268,LPLC2,right,4,0.023255813953488372,intra_population
19787,LPLC2,left,acetylcholine,25575,LPLC2,left,4,0.023255813953488372,intra_population
20047,LPLC2,right,acetylcholine,24268,LPLC2,right,4,0.023255813953488372,intra_population
19830,LPLC2,left,acetylcholine,27716,LPLC2,left,4,0.023255813953488372,intra_population
19830,LPLC2,left,acetylcholine,35294,LPLC2,left,4,0.023255813953488372,intra_population
19830,LPLC2,left,acetylcholine,100103,LPLC2,left,4,0.023255813953488372,intra_population
19830,LPLC2,left,acetylcholine,112292,LPLC2,left,4,0.023255813953488372,intra_population
19830,LPLC2,left,acetylcholine,520449,LC4,left,4,0.023255813953488372,cross_visual
19842,LPLC2,right,acetylcholine,17987,LC4,right,4,0.023255813953488372,cross_visual
20047,LPLC2,right,acetylcholine,25253,LPLC2,right,4,0.023255813953488372,intra_population
19830,LPLC2,left,acetylcholine,20799,LPLC2,left,4,0.023255813953488372,intra_population
20047,LPLC2,right,acetylcholine,25511,LPLC2,right,4,0.023255813953488372,intra_population
20182,LPLC2,right,acetylcholine,29986,LPLC2,right,4,0.023255813953488372,intra_population
20182,LPLC2,right,acetylcholine,18929,LPLC2,right,4,0.023255813953488372,intra_population
20182,LPLC2,right,acetylcholine,19249,LPLC2,right,4,0.023255813953488372,intra_population
20182,LPLC2,right,acetylcholine,19260,LC4,right,4,0.023255813953488372,cross_visual
18432,LC4,left,acetylcholine,33137,LC4,left,4,0.023255813953488372,intra_population
19830,LPLC2,left,acetylcholine,22557,LPLC2,left,4,0.023255813953488372,intra_population
18672,LPLC2,right,acetylcholine,21318,LPLC2,right,4,0.023255813953488372,intra_population
20182,LPLC2,right,acetylcholine,20584,LPLC2,right,4,0.023255813953488372,intra_population
19794,LC4,right,acetylcholine,16628,LC4,right,4,0.023255813953488372,intra_population
18672,LPLC2,right,acetylcholine,25253,LPLC2,right,4,0.023255813953488372,intra_population
18672,LPLC2,right,acetylcholine,24800,LPLC2,right,4,0.023255813953488372,intra_population
19787,LPLC2,left,acetylcholine,41097,LPLC2,left,4,0.023255813953488372,intra_population
19787,LPLC2,left,acetylcholine,524366,LPLC2,left,4,0.023255813953488372,intra_population
18672,LPLC2,right,acetylcholine,24187,LPLC2,right,4,0.023255813953488372,intra_population
19794,LC4,right,acetylcholine,16128,LC4,right,4,0.023255813953488372,intra_population
19794,LC4,right,acetylcholine,19420,LC4,right,4,0.023255813953488372,intra_population
18672,LPLC2,right,acetylcholine,21769,LPLC2,right,4,0.023255813953488372,intra_population
19794,LC4,right,acetylcholine,19550,LC4,right,4,0.023255813953488372,intra_population
19794,LC4,right,acetylcholine,20399,LC4,right,4,0.023255813953488372,intra_population
19794,LC4,right,acetylcholine,29563,LC4,right,4,0.023255813953488372,intra_population
19842,LPLC2,right,acetylcholine,19146,LPLC2,right,4,0.023255813953488372,intra_population
19830,LPLC2,left,acetylcholine,13764,LPLC2,left,4,0.023255813953488372,intra_population
19830,LPLC2,left,acetylcholine,14102,LPLC2,left,4,0.023255813953488372,intra_population
20182,LPLC2,right,acetylcholine,20162,LPLC2,right,4,0.023255813953488372,intra_population
18432,LC4,left,acetylcholine,32597,LC4,left,4,0.023255813953488372,intra_population
18478,LC4,left,acetylcholine,18432,LC4,left,4,0.023255813953488372,intra_population
20047,LPLC2,right,acetylcholine,33185,LPLC2,right,4,0.023255813953488372,intra_population
20162,LPLC2,right,acetylcholine,34681,LPLC2,right,4,0.023255813953488372,intra_population
20162,LPLC2,right,acetylcholine,30938,LPLC2,right,4,0.023255813953488372,intra_population
20047,LPLC2,right,acetylcholine,28003,LPLC2,right,4,0.023255813953488372,intra_population
20103,LPLC2,right,acetylcholine,25316,LPLC2,right,4,0.023255813953488372,intra_population
20047,LPLC2,right,acetylcholine,28871,LPLC2,right,4,0.023255813953488372,intra_population
20047,LPLC2,right,acetylcholine,31988,LPLC2,right,4,0.023255813953488372,intra_population
20047,LPLC2,right,acetylcholine,35680,LPLC2,right,4,0.023255813953488372,intra_population
18432,LC4,left,acetylcholine,12349,LC4,left,4,0.023255813953488372,intra_population
20103,LPLC2,right,acetylcholine,10584,DNp06,right,4,0.023255813953488372,visual_to_readout
20103,LPLC2,right,acetylcholine,17551,LPLC2,right,4,0.023255813953488372,intra_population
20103,LPLC2,right,acetylcholine,19549,LPLC2,right,4,0.023255813953488372,intra_population
20103,LPLC2,right,acetylcholine,20182,LPLC2,right,4,0.023255813953488372,intra_population
20103,LPLC2,right,acetylcholine,20535,LPLC2,right,4,0.023255813953488372,intra_population
20103,LPLC2,right,acetylcholine,20749,LPLC2,right,4,0.023255813953488372,intra_population
20240,LPLC2,left,acetylcholine,533895,LPLC2,left,4,0.023255813953488372,intra_population
20240,LPLC2,left,acetylcholine,27716,LPLC2,left,4,0.023255813953488372,intra_population
20182,LPLC2,right,acetylcholine,21862,LPLC2,right,4,0.023255813953488372,intra_population
20182,LPLC2,right,acetylcholine,32507,LPLC2,right,4,0.023255813953488372,intra_population
18432,LC4,left,acetylcholine,29514,LC4,left,4,0.023255813953488372,intra_population
20182,LPLC2,right,acetylcholine,25253,LPLC2,right,4,0.023255813953488372,intra_population
20182,LPLC2,right,acetylcholine,26147,LPLC2,right,4,0.023255813953488372,intra_population
20182,LPLC2,right,acetylcholine,28871,LPLC2,right,4,0.023255813953488372,intra_population
20182,LPLC2,right,acetylcholine,30207,LPLC2,right,4,0.023255813953488372,intra_population
20162,LPLC2,right,acetylcholine,34372,LPLC2,right,4,0.023255813953488372,intra_population
20182,LPLC2,right,acetylcholine,35680,LPLC2,right,4,0.023255813953488372,intra_population
20240,LPLC2,left,acetylcholine,25209,LPLC2,left,4,0.023255813953488372,intra_population
20240,LPLC2,left,acetylcholine,17478,LC4,left,4,0.023255813953488372,cross_visual
18432,LC4,left,acetylcholine,20859,LC4,left,4,0.023255813953488372,intra_population
20240,LPLC2,left,acetylcholine,20799,LPLC2,left,4,0.023255813953488372,intra_population
20240,LPLC2,left,acetylcholine,23247,LPLC2,left,4,0.023255813953488372,intra_population
20240,LPLC2,left,acetylcholine,23919,LPLC2,left,4,0.023255813953488372,intra_population
20240,LPLC2,left,acetylcholine,25027,LPLC2,left,4,0.023255813953488372,intra_population
23665,LPLC2,left,acetylcholine,41097,LPLC2,left,4,0.023255813953488372,intra_population
21562,LPLC2,right,acetylcholine,35838,LPLC2,right,4,0.023255813953488372,intra_population
23665,LPLC2,left,acetylcholine,29753,LPLC2,left,4,0.023255813953488372,intra_population
23665,LPLC2,left,acetylcholine,29319,LPLC2,left,4,0.023255813953488372,intra_population
17860,LC4,right,acetylcholine,16128,LC4,right,4,0.023255813953488372,intra_population
21703,LPLC2,right,acetylcholine,21769,LPLC2,right,4,0.023255813953488372,intra_population
21703,LPLC2,right,acetylcholine,21862,LPLC2,right,4,0.023255813953488372,intra_population
21703,LPLC2,right,acetylcholine,23098,LC4,right,4,0.023255813953488372,cross_visual
21703,LPLC2,right,acetylcholine,24401,LPLC2,right,4,0.023255813953488372,intra_population
21703,LPLC2,right,acetylcholine,25636,LPLC2,right,4,0.023255813953488372,intra_population
17775,LPLC2,left,acetylcholine,517078,LPLC2,left,4,0.023255813953488372,intra_population
21721,LC4,left,acetylcholine,20440,LC4,left,4,0.023255813953488372,intra_population
21808,LPLC2,right,acetylcholine,21862,LPLC2,right,4,0.023255813953488372,intra_population
21808,LPLC2,right,acetylcholine,25497,LPLC2,right,4,0.023255813953488372,intra_population
22261,LPLC2,right,acetylcholine,17551,LPLC2,right,4,0.023255813953488372,intra_population
17774,LPLC2,left,acetylcholine,33303,LPLC2,left,4,0.023255813953488372,intra_population
22218,LPLC2,right,acetylcholine,16628,LC4,right,4,0.023255813953488372,cross_visual
22218,LPLC2,right,acetylcholine,21318,LPLC2,right,4,0.023255813953488372,intra_population
22218,LPLC2,right,acetylcholine,26147,LPLC2,right,4,0.023255813953488372,intra_population
21703,LPLC2,right,acetylcholine,19249,LPLC2,right,4,0.023255813953488372,intra_population
17860,LC4,right,acetylcholine,17266,LC4,right,4,0.023255813953488372,intra_population
17860,LC4,right,acetylcholine,17668,LC4,right,4,0.023255813953488372,intra_population
21562,LPLC2,right,acetylcholine,23590,LPLC2,right,4,0.023255813953488372,intra_population
21562,LPLC2,right,acetylcholine,39620,LPLC2,right,4,0.023255813953488372,intra_population
21361,LPLC2,left,acetylcholine,518731,LPLC2,left,4,0.023255813953488372,intra_population
17860,LC4,right,acetylcholine,25584,LC4,right,4,0.023255813953488372,intra_population
17860,LC4,right,acetylcholine,23392,LC4,right,4,0.023255813953488372,intra_population
21562,LPLC2,right,acetylcholine,20399,LC4,right,4,0.023255813953488372,cross_visual
17860,LC4,right,acetylcholine,21804,LC4,right,4,0.023255813953488372,intra_population
17860,LC4,right,acetylcholine,20399,LC4,right,4,0.023255813953488372,intra_population
21703,LPLC2,right,acetylcholine,10584,DNp06,right,4,0.023255813953488372,visual_to_readout
21562,LPLC2,right,acetylcholine,25316,LPLC2,right,4,0.023255813953488372,intra_population
17860,LC4,right,acetylcholine,19420,LC4,right,4,0.023255813953488372,intra_population
21562,LPLC2,right,acetylcholine,28044,LPLC2,right,4,0.023255813953488372,intra_population
21562,LPLC2,right,acetylcholine,29183,LPLC2,right,4,0.023255813953488372,intra_population
17860,LC4,right,acetylcholine,17926,LC4,right,4,0.023255813953488372,intra_population
21721,LC4,left,acetylcholine,22922,LC4,left,4,0.023255813953488372,intra_population
22218,LPLC2,right,acetylcholine,30041,LPLC2,right,4,0.023255813953488372,intra_population
22218,LPLC2,right,acetylcholine,35632,LPLC2,right,4,0.023255813953488372,intra_population
22218,LPLC2,right,acetylcholine,50287,LPLC2,right,4,0.023255813953488372,intra_population
21862,LPLC2,right,acetylcholine,18672,LPLC2,right,4,0.023255813953488372,intra_population
17774,LPLC2,left,acetylcholine,23919,LPLC2,left,4,0.023255813953488372,intra_population
22218,LPLC2,right,acetylcholine,14465,LPLC2,right,4,0.023255813953488372,intra_population
22194,LC4,right,acetylcholine,20399,LC4,right,4,0.023255813953488372,intra_population
21808,LPLC2,right,acetylcholine,31964,LPLC2,right,4,0.023255813953488372,intra_population
21862,LPLC2,right,acetylcholine,31988,LPLC2,right,4,0.023255813953488372,intra_population
21808,LPLC2,right,acetylcholine,33185,LPLC2,right,4,0.023255813953488372,intra_population
21862,LPLC2,right,acetylcholine,19608,LPLC2,right,4,0.023255813953488372,intra_population
22253,LPLC2,left,acetylcholine,520764,LPLC2,left,4,0.023255813953488372,intra_population
21862,LPLC2,right,acetylcholine,20047,LPLC2,right,4,0.023255813953488372,intra_population
21862,LPLC2,right,acetylcholine,20103,LPLC2,right,4,0.023255813953488372,intra_population
17775,LPLC2,left,acetylcholine,25572,LPLC2,left,4,0.023255813953488372,intra_population
17775,LPLC2,left,acetylcholine,25136,LPLC2,left,4,0.023255813953488372,intra_population
21862,LPLC2,right,acetylcholine,25511,LPLC2,right,4,0.023255813953488372,intra_population
21862,LPLC2,right,acetylcholine,26393,LPLC2,right,4,0.023255813953488372,intra_population
22253,LPLC2,left,acetylcholine,525844,LPLC2,left,4,0.023255813953488372,intra_population
22253,LPLC2,left,acetylcholine,514670,LPLC2,left,4,0.023255813953488372,intra_population
17775,LPLC2,left,acetylcholine,11498,LPLC2,left,4,0.023255813953488372,intra_population
22194,LC4,right,acetylcholine,21336,LC4,right,4,0.023255813953488372,intra_population
22253,LPLC2,left,acetylcholine,14030,LPLC2,left,4,0.023255813953488372,intra_population
22253,LPLC2,left,acetylcholine,17880,LPLC2,left,4,0.023255813953488372,intra_population
22253,LPLC2,left,acetylcholine,19911,LPLC2,left,4,0.023255813953488372,intra_population
17774,LPLC2,left,acetylcholine,517079,LPLC2,left,4,0.023255813953488372,intra_population
22253,LPLC2,left,acetylcholine,24308,LPLC2,left,4,0.023255813953488372,intra_population
22253,LPLC2,left,acetylcholine,25575,LPLC2,left,4,0.023255813953488372,intra_population
17774,LPLC2,left,acetylcholine,29815,LPLC2,left,4,0.023255813953488372,intra_population
22253,LPLC2,left,acetylcholine,34051,LPLC2,left,4,0.023255813953488372,intra_population
17774,LPLC2,left,acetylcholine,29702,LPLC2,left,4,0.023255813953488372,intra_population
17774,LPLC2,left,acetylcholine,27023,LPLC2,left,4,0.023255813953488372,intra_population
22253,LPLC2,left,acetylcholine,27796,LPLC2,left,4,0.023255813953488372,intra_population
22253,LPLC2,left,acetylcholine,32737,LPLC2,left,4,0.023255813953488372,intra_population
22253,LPLC2,left,acetylcholine,33406,LPLC2,left,4,0.023255813953488372,intra_population
22253,LPLC2,left,acetylcholine,33965,LPLC2,left,4,0.023255813953488372,intra_population
21808,LPLC2,right,acetylcholine,25253,LPLC2,right,4,0.023255813953488372,intra_population
21721,LC4,left,acetylcholine,23226,LC4,left,4,0.023255813953488372,intra_population
21721,LC4,left,acetylcholine,32597,LC4,left,4,0.023255813953488372,intra_population
17653,LC4,left,acetylcholine,12032,LC4,left,4,0.023255813953488372,intra_population
17653,LC4,left,acetylcholine,20440,LC4,left,4,0.023255813953488372,intra_population
23098,LC4,right,acetylcholine,19420,LC4,right,4,0.023255813953488372,intra_population
23098,LC4,right,acetylcholine,20542,LC4,right,4,0.023255813953488372,intra_population
23098,LC4,right,acetylcholine,21151,LC4,right,4,0.023255813953488372,intra_population
17653,LC4,left,acetylcholine,12349,LC4,left,4,0.023255813953488372,intra_population
23202,LC4,left,acetylcholine,18478,LC4,left,4,0.023255813953488372,intra_population
23202,LC4,left,acetylcholine,518016,LC4,left,4,0.023255813953488372,intra_population
23098,LC4,right,acetylcholine,17668,LC4,right,4,0.023255813953488372,intra_population
23247,LPLC2,left,acetylcholine,25524,LPLC2,left,4,0.023255813953488372,intra_population
23202,LC4,left,acetylcholine,520449,LC4,left,4,0.023255813953488372,intra_population
23226,LC4,left,acetylcholine,14888,LC4,left,4,0.023255813953488372,intra_population
23226,LC4,left,acetylcholine,17653,LC4,left,4,0.023255813953488372,intra_population
23226,LC4,left,acetylcholine,31308,LC4,left,4,0.023255813953488372,intra_population
23226,LC4,left,acetylcholine,35616,LC4,left,4,0.023255813953488372,intra_population
23098,LC4,right,acetylcholine,17987,LC4,right,4,0.023255813953488372,intra_population
17653,LC4,left,acetylcholine,22922,LC4,left,4,0.023255813953488372,intra_population
23247,LPLC2,left,acetylcholine,13726,LPLC2,left,4,0.023255813953488372,intra_population
17551,LPLC2,right,acetylcholine,24187,LPLC2,right,4,0.023255813953488372,intra_population
19034,LPLC2,right,acetylcholine,50287,LPLC2,right,4,0.023255813953488372,intra_population
23392,LC4,right,acetylcholine,20016,LC4,right,4,0.023255813953488372,intra_population
23392,LC4,right,acetylcholine,20399,LC4,right,4,0.023255813953488372,intra_population
23392,LC4,right,acetylcholine,21287,LC4,right,4,0.023255813953488372,intra_population
23392,LC4,right,acetylcholine,22328,LC4,right,4,0.023255813953488372,intra_population
23392,LC4,right,acetylcholine,24338,LC4,right,4,0.023255813953488372,intra_population
23497,LPLC2,right,acetylcholine,19608,LPLC2,right,4,0.023255813953488372,intra_population
22975,LC4,right,acetylcholine,23792,LC4,right,4,0.023255813953488372,intra_population
23497,LPLC2,right,acetylcholine,20334,LPLC2,right,4,0.023255813953488372,intra_population
23247,LPLC2,left,acetylcholine,112292,LPLC2,left,4,0.023255813953488372,intra_population
23247,LPLC2,left,acetylcholine,27355,LPLC2,left,4,0.023255813953488372,intra_population
22975,LC4,right,acetylcholine,21225,LC4,right,4,0.023255813953488372,intra_population
23202,LC4,left,acetylcholine,28980,LC4,left,4,0.023255813953488372,intra_population
22975,LC4,right,acetylcholine,21336,LC4,right,4,0.023255813953488372,intra_population
23226,LC4,left,acetylcholine,81112,LC4,left,4,0.023255813953488372,intra_population
23247,LPLC2,left,acetylcholine,17544,LPLC2,left,4,0.023255813953488372,intra_population
21808,LPLC2,right,acetylcholine,21769,LPLC2,right,4,0.023255813953488372,intra_population
21804,LC4,right,acetylcholine,20016,LC4,right,4,0.023255813953488372,intra_population
21769,LPLC2,right,acetylcholine,27471,LPLC2,right,4,0.023255813953488372,intra_population
21769,LPLC2,right,acetylcholine,33439,LPLC2,right,4,0.023255813953488372,intra_population
21721,LC4,left,acetylcholine,29469,LC4,left,4,0.023255813953488372,intra_population
21769,LPLC2,right,acetylcholine,34681,LPLC2,right,4,0.023255813953488372,intra_population
21769,LPLC2,right,acetylcholine,35680,LPLC2,right,4,0.023255813953488372,intra_population
21804,LC4,right,acetylcholine,10584,DNp06,right,4,0.023255813953488372,visual_to_readout
21804,LC4,right,acetylcholine,20399,LC4,right,4,0.023255813953488372,intra_population
21769,LPLC2,right,acetylcholine,23590,LPLC2,right,4,0.023255813953488372,intra_population
21804,LC4,right,acetylcholine,20542,LC4,right,4,0.023255813953488372,intra_population
21804,LC4,right,acetylcholine,21225,LC4,right,4,0.023255813953488372,intra_population
21804,LC4,right,acetylcholine,25584,LC4,right,4,0.023255813953488372,intra_population
21804,LC4,right,acetylcholine,30803,LC4,right,4,0.023255813953488372,intra_population
21804,LC4,right,acetylcholine,38065,LC4,right,4,0.023255813953488372,intra_population
17775,LPLC2,left,acetylcholine,31563,LPLC2,left,4,0.023255813953488372,intra_population
21769,LPLC2,right,acetylcholine,24187,LPLC2,right,4,0.023255813953488372,intra_population
21769,LPLC2,right,acetylcholine,21313,LC4,right,4,0.023255813953488372,cross_visual
23247,LPLC2,left,acetylcholine,17990,LPLC2,left,4,0.023255813953488372,intra_population
21769,LPLC2,right,acetylcholine,32507,LPLC2,right,4,0.023255813953488372,intra_population
23247,LPLC2,left,acetylcholine,20799,LPLC2,left,4,0.023255813953488372,intra_population
17608,LC4,left,acetylcholine,27750,LC4,left,4,0.023255813953488372,intra_population
23247,LPLC2,left,acetylcholine,24308,LPLC2,left,4,0.023255813953488372,intra_population
17774,LPLC2,left,acetylcholine,22253,LPLC2,left,4,0.023255813953488372,intra_population
17774,LPLC2,left,acetylcholine,22557,LPLC2,left,4,0.023255813953488372,intra_population
22261,LPLC2,right,acetylcholine,20047,LPLC2,right,4,0.023255813953488372,intra_population
21769,LPLC2,right,acetylcholine,14465,LPLC2,right,4,0.023255813953488372,intra_population
17775,LPLC2,left,acetylcholine,33406,LPLC2,left,4,0.023255813953488372,intra_population
21769,LPLC2,right,acetylcholine,18929,LPLC2,right,4,0.023255813953488372,intra_population
21769,LPLC2,right,acetylcholine,19146,LPLC2,right,4,0.023255813953488372,intra_population
21769,LPLC2,right,acetylcholine,19229,LPLC2,right,4,0.023255813953488372,intra_population
17775,LPLC2,left,acetylcholine,34655,LPLC2,left,4,0.023255813953488372,intra_population
21769,LPLC2,right,acetylcholine,20269,LPLC2,right,4,0.023255813953488372,intra_population
21769,LPLC2,right,acetylcholine,20535,LPLC2,right,4,0.023255813953488372,intra_population
21862,LPLC2,right,acetylcholine,26915,LPLC2,right,4,0.023255813953488372,intra_population
21862,LPLC2,right,acetylcholine,29287,LPLC2,right,4,0.023255813953488372,intra_population
21862,LPLC2,right,acetylcholine,30041,LPLC2,right,4,0.023255813953488372,intra_population
25286,LPLC2,left,acetylcholine,13764,LPLC2,left,4,0.023255813953488372,intra_population
25253,LPLC2,right,acetylcholine,18929,LPLC2,right,4,0.023255813953488372,intra_population
25267,LPLC2,right,acetylcholine,22677,LPLC2,right,4,0.023255813953488372,intra_population
25267,LPLC2,right,acetylcholine,25497,LPLC2,right,4,0.023255813953488372,intra_population
25267,LPLC2,right,acetylcholine,33185,LPLC2,right,4,0.023255813953488372,intra_population
25267,LPLC2,right,acetylcholine,37431,LPLC2,right,4,0.023255813953488372,intra_population
25267,LPLC2,right,acetylcholine,37925,LPLC2,right,4,0.023255813953488372,intra_population
25286,LPLC2,left,acetylcholine,16809,LC4,left,4,0.023255813953488372,cross_visual
25267,LPLC2,right,acetylcholine,19549,LPLC2,right,4,0.023255813953488372,intra_population
25286,LPLC2,left,acetylcholine,20329,LPLC2,left,4,0.023255813953488372,intra_population
25286,LPLC2,left,acetylcholine,23349,LPLC2,left,4,0.023255813953488372,intra_population
25286,LPLC2,left,acetylcholine,26416,LPLC2,left,4,0.023255813953488372,intra_population
25286,LPLC2,left,acetylcholine,27624,LC4,left,4,0.023255813953488372,cross_visual
17364,LC4,right,acetylcholine,17987,LC4,right,4,0.023255813953488372,intra_population
25253,LPLC2,right,acetylcholine,20471,LPLC2,right,4,0.023255813953488372,intra_population
25267,LPLC2,right,acetylcholine,22218,LPLC2,right,4,0.023255813953488372,intra_population
25253,LPLC2,right,acetylcholine,35889,LPLC2,right,4,0.023255813953488372,intra_population
24840,LPLC2,left,acetylcholine,34407,LPLC2,left,4,0.023255813953488372,intra_population
25253,LPLC2,right,acetylcholine,21808,LPLC2,right,4,0.023255813953488372,intra_population
17478,LC4,left,acetylcholine,77614,LC4,left,4,0.023255813953488372,intra_population
24840,LPLC2,left,acetylcholine,32737,LPLC2,left,4,0.023255813953488372,intra_population
24840,LPLC2,left,acetylcholine,34051,LPLC2,left,4,0.023255813953488372,intra_population
24338,LC4,right,acetylcholine,20399,LC4,right,4,0.023255813953488372,intra_population
25267,LPLC2,right,acetylcholine,19842,LPLC2,right,4,0.023255813953488372,intra_population
25253,LPLC2,right,acetylcholine,21769,LPLC2,right,4,0.023255813953488372,intra_population
25253,LPLC2,right,acetylcholine,22218,LPLC2,right,4,0.023255813953488372,intra_population
25253,LPLC2,right,acetylcholine,29183,LPLC2,right,4,0.023255813953488372,intra_population
17364,LC4,right,acetylcholine,21151,LC4,right,4,0.023255813953488372,intra_population
25253,LPLC2,right,acetylcholine,24118,LPLC2,right,4,0.023255813953488372,intra_population
25253,LPLC2,right,acetylcholine,25497,LPLC2,right,4,0.023255813953488372,intra_population
25253,LPLC2,right,acetylcholine,27471,LPLC2,right,4,0.023255813953488372,intra_population
17364,LC4,right,acetylcholine,19543,LC4,right,4,0.023255813953488372,intra_population
25253,LPLC2,right,acetylcholine,28871,LPLC2,right,4,0.023255813953488372,intra_population
17364,LC4,right,acetylcholine,21165,LC4,right,4,0.023255813953488372,intra_population
17364,LC4,right,acetylcholine,30803,LC4,right,4,0.023255813953488372,intra_population
24568,LPLC2,left,acetylcholine,13764,LPLC2,left,4,0.023255813953488372,intra_population
25209,LPLC2,left,acetylcholine,33965,LPLC2,left,4,0.023255813953488372,intra_population
25209,LPLC2,left,acetylcholine,22557,LPLC2,left,4,0.023255813953488372,intra_population
25209,LPLC2,left,acetylcholine,25572,LPLC2,left,4,0.023255813953488372,intra_population
25209,LPLC2,left,acetylcholine,25575,LPLC2,left,4,0.023255813953488372,intra_population
25209,LPLC2,left,acetylcholine,27399,LPLC2,left,4,0.023255813953488372,intra_population
25209,LPLC2,left,acetylcholine,28011,LPLC2,left,4,0.023255813953488372,intra_population
25209,LPLC2,left,acetylcholine,30512,LPLC2,left,4,0.023255813953488372,intra_population
24338,LC4,right,acetylcholine,20588,LC4,right,4,0.023255813953488372,intra_population
25136,LPLC2,left,acetylcholine,34051,LPLC2,left,4,0.023255813953488372,intra_population
24338,LC4,right,acetylcholine,18189,LC4,right,4,0.023255813953488372,intra_population
23497,LPLC2,right,acetylcholine,25497,LPLC2,right,4,0.023255813953488372,intra_population
23792,LC4,right,acetylcholine,22194,LC4,right,4,0.023255813953488372,intra_population
23665,LPLC2,left,acetylcholine,22557,LPLC2,left,4,0.023255813953488372,intra_population
17551,LPLC2,right,acetylcholine,19034,LPLC2,right,4,0.023255813953488372,intra_population
23665,LPLC2,left,acetylcholine,25524,LPLC2,left,4,0.023255813953488372,intra_population
25136,LPLC2,left,acetylcholine,525844,LPLC2,left,4,0.023255813953488372,intra_population
25136,LPLC2,left,acetylcholine,24568,LPLC2,left,4,0.023255813953488372,intra_population
24840,LPLC2,left,acetylcholine,41097,LPLC2,left,4,0.023255813953488372,intra_population
25027,LPLC2,left,acetylcholine,32223,LPLC2,left,4,0.023255813953488372,intra_population
24840,LPLC2,left,acetylcholine,517079,LPLC2,left,4,0.023255813953488372,intra_population
24840,LPLC2,left,acetylcholine,533895,LPLC2,left,4,0.023255813953488372,intra_population
24840,LPLC2,left,acetylcholine,536444,LPLC2,left,4,0.023255813953488372,intra_population
25027,LPLC2,left,acetylcholine,13132,LPLC2,left,4,0.023255813953488372,intra_population
25027,LPLC2,left,acetylcholine,28188,LPLC2,left,4,0.023255813953488372,intra_population
25027,LPLC2,left,acetylcholine,29469,LC4,left,4,0.023255813953488372,cross_visual
25027,LPLC2,left,acetylcholine,33303,LPLC2,left,4,0.023255813953488372,intra_population
25136,LPLC2,left,acetylcholine,23665,LPLC2,left,4,0.023255813953488372,intra_population
25027,LPLC2,left,acetylcholine,34407,LPLC2,left,4,0.023255813953488372,intra_population
25027,LPLC2,left,acetylcholine,520764,LPLC2,left,4,0.023255813953488372,intra_population
25027,LPLC2,left,acetylcholine,524366,LPLC2,left,4,0.023255813953488372,intra_population
25136,LPLC2,left,acetylcholine,17544,LPLC2,left,4,0.023255813953488372,intra_population
17364,LC4,right,acetylcholine,21287,LC4,right,4,0.023255813953488372,intra_population
25136,LPLC2,left,acetylcholine,17880,LPLC2,left,4,0.023255813953488372,intra_population
24568,LPLC2,left,acetylcholine,17059,LPLC2,left,4,0.023255813953488372,intra_population
24523,LC4,left,acetylcholine,533129,LC4,left,4,0.023255813953488372,intra_population
21862,LPLC2,right,acetylcholine,33439,LPLC2,right,4,0.023255813953488372,intra_population
24605,LPLC2,left,acetylcholine,17990,LPLC2,left,4,0.023255813953488372,intra_population
24568,LPLC2,left,acetylcholine,34051,LPLC2,left,4,0.023255813953488372,intra_population
24568,LPLC2,left,acetylcholine,34407,LPLC2,left,4,0.023255813953488372,intra_population
24568,LPLC2,left,acetylcholine,34655,LPLC2,left,4,0.023255813953488372,intra_population
24605,LPLC2,left,acetylcholine,11498,LPLC2,left,4,0.023255813953488372,intra_population
24605,LPLC2,left,acetylcholine,13132,LPLC2,left,4,0.023255813953488372,intra_population
24605,LPLC2,left,acetylcholine,14102,LPLC2,left,4,0.023255813953488372,intra_population
24605,LPLC2,left,acetylcholine,24568,LPLC2,left,4,0.023255813953488372,intra_population
24605,LPLC2,left,acetylcholine,518731,LPLC2,left,4,0.023255813953488372,intra_population
24605,LPLC2,left,acetylcholine,25027,LPLC2,left,4,0.023255813953488372,intra_population
24605,LPLC2,left,acetylcholine,25286,LPLC2,left,4,0.023255813953488372,intra_population
24605,LPLC2,left,acetylcholine,517078,LPLC2,left,4,0.023255813953488372,intra_population
17478,LC4,left,acetylcholine,24523,LC4,left,4,0.023255813953488372,intra_population
24568,LPLC2,left,acetylcholine,25524,LPLC2,left,4,0.023255813953488372,intra_population
24800,LPLC2,right,acetylcholine,19420,LC4,right,4,0.023255813953488372,cross_visual
24568,LPLC2,left,acetylcholine,29815,LPLC2,left,4,0.023255813953488372,intra_population
23497,LPLC2,right,acetylcholine,22218,LPLC2,right,4,0.023255813953488372,intra_population
24800,LPLC2,right,acetylcholine,22218,LPLC2,right,4,0.023255813953488372,intra_population
17775,LPLC2,left,acetylcholine,20799,LPLC2,left,4,0.023255813953488372,intra_population
22194,LC4,right,acetylcholine,17926,LC4,right,4,0.023255813953488372,intra_population
21862,LPLC2,right,acetylcholine,34372,LPLC2,right,4,0.023255813953488372,intra_population
21862,LPLC2,right,acetylcholine,39620,LPLC2,right,4,0.023255813953488372,intra_population
17775,LPLC2,left,acetylcholine,24308,LPLC2,left,4,0.023255813953488372,intra_population
17775,LPLC2,left,acetylcholine,23665,LPLC2,left,4,0.023255813953488372,intra_population
21899,LPLC2,right,acetylcholine,20182,LPLC2,right,4,0.023255813953488372,intra_population
21899,LPLC2,right,acetylcholine,21562,LPLC2,right,4,0.023255813953488372,intra_population
23497,LPLC2,right,acetylcholine,20749,LPLC2,right,4,0.023255813953488372,intra_population
21899,LPLC2,right,acetylcholine,22677,LPLC2,right,4,0.023255813953488372,intra_population
21899,LPLC2,right,acetylcholine,26915,LPLC2,right,4,0.023255813953488372,intra_population
21899,LPLC2,right,acetylcholine,35632,LPLC2,right,4,0.023255813953488372,intra_population
22034,LC4,right,acetylcholine,20542,LC4,right,4,0.023255813953488372,intra_population
22034,LC4,right,acetylcholine,22194,LC4,right,4,0.023255813953488372,intra_population
23497,LPLC2,right,acetylcholine,20584,LPLC2,right,4,0.023255813953488372,intra_population
24800,LPLC2,right,acetylcholine,20047,LPLC2,right,4,0.023255813953488372,intra_population
24800,LPLC2,right,acetylcholine,22261,LPLC2,right,4,0.023255813953488372,intra_population
24523,LC4,left,acetylcholine,526286,LC4,left,4,0.023255813953488372,intra_population
24568,LPLC2,left,acetylcholine,20799,LPLC2,left,4,0.023255813953488372,intra_population
17544,LPLC2,left,acetylcholine,12384,LPLC2,left,4,0.023255813953488372,intra_population
24401,LPLC2,right,acetylcholine,26147,LPLC2,right,4,0.023255813953488372,intra_population
24401,LPLC2,right,acetylcholine,26730,LPLC2,right,4,0.023255813953488372,intra_population
24401,LPLC2,right,acetylcholine,27566,LPLC2,right,4,0.023255813953488372,intra_population
24401,LPLC2,right,acetylcholine,28871,LPLC2,right,4,0.023255813953488372,intra_population
24523,LC4,left,acetylcholine,12824,LC4,left,4,0.023255813953488372,intra_population
24523,LC4,left,acetylcholine,18432,LC4,left,4,0.023255813953488372,intra_population
24401,LPLC2,right,acetylcholine,20162,LPLC2,right,4,0.023255813953488372,intra_population
24523,LC4,left,acetylcholine,20440,LC4,left,4,0.023255813953488372,intra_population
24523,LC4,left,acetylcholine,20572,LC4,left,4,0.023255813953488372,intra_population
17478,LC4,left,acetylcholine,518983,LC4,left,4,0.023255813953488372,intra_population
24523,LC4,left,acetylcholine,22772,LC4,left,4,0.023255813953488372,intra_population
24523,LC4,left,acetylcholine,23226,LC4,left,4,0.023255813953488372,intra_population
24523,LC4,left,acetylcholine,515900,LC4,left,4,0.023255813953488372,intra_population
24401,LPLC2,right,acetylcholine,20269,LPLC2,right,4,0.023255813953488372,intra_population
24401,LPLC2,right,acetylcholine,19589,LPLC2,right,4,0.023255813953488372,intra_population
17478,LC4,left,acetylcholine,22922,LC4,left,4,0.023255813953488372,intra_population
24840,LPLC2,left,acetylcholine,23247,LPLC2,left,4,0.023255813953488372,intra_population
24800,LPLC2,right,acetylcholine,28871,LPLC2,right,4,0.023255813953488372,intra_population
24800,LPLC2,right,acetylcholine,29287,LPLC2,right,4,0.023255813953488372,intra_population
24800,LPLC2,right,acetylcholine,29391,LPLC2,right,4,0.023255813953488372,intra_population
24800,LPLC2,right,acetylcholine,35680,LPLC2,right,4,0.023255813953488372,intra_population
24840,LPLC2,left,acetylcholine,10228,DNp06,left,4,0.023255813953488372,visual_to_readout
24840,LPLC2,left,acetylcholine,14102,LPLC2,left,4,0.023255813953488372,intra_population
24568,LPLC2,left,acetylcholine,27716,LPLC2,left,4,0.023255813953488372,intra_population
24401,LPLC2,right,acetylcholine,19420,LC4,right,4,0.023255813953488372,cross_visual
24568,LPLC2,left,acetylcholine,25209,LPLC2,left,4,0.023255813953488372,intra_population
24840,LPLC2,left,acetylcholine,33965,LPLC2,left,4,0.023255813953488372,intra_population
24401,LPLC2,right,acetylcholine,35838,LPLC2,right,4,0.023255813953488372,intra_population
17544,LPLC2,left,acetylcholine,18936,LPLC2,left,4,0.023255813953488372,intra_population
24338,LC4,right,acetylcholine,22194,LC4,right,4,0.023255813953488372,intra_population
24338,LC4,right,acetylcholine,23392,LC4,right,4,0.023255813953488372,intra_population
19034,LPLC2,right,acetylcholine,37431,LPLC2,right,4,0.023255813953488372,intra_population
27023,LPLC2,left,acetylcholine,27796,LPLC2,left,4,0.023255813953488372,intra_population
18929,LPLC2,right,acetylcholine,26730,LPLC2,right,4,0.023255813953488372,intra_population
19146,LPLC2,right,acetylcholine,21318,LPLC2,right,4,0.023255813953488372,intra_population
27566,LPLC2,right,acetylcholine,29873,LPLC2,right,4,0.023255813953488372,intra_population
27829,LC4,left,acetylcholine,35616,LC4,left,4,0.023255813953488372,intra_population
27829,LC4,left,acetylcholine,512705,LC4,left,4,0.023255813953488372,intra_population
27829,LC4,left,acetylcholine,518730,LC4,left,4,0.023255813953488372,intra_population
17270,LC4,left,acetylcholine,532254,LC4,left,4,0.023255813953488372,intra_population
26393,LPLC2,right,acetylcholine,29873,LPLC2,right,4,0.023255813953488372,intra_population
25854,LPLC2,left,acetylcholine,25136,LPLC2,left,4,0.023255813953488372,intra_population
25497,LPLC2,right,acetylcholine,21899,LPLC2,right,4,0.023255813953488372,intra_population
26730,LPLC2,right,acetylcholine,37613,LPLC2,right,4,0.023255813953488372,intra_population
25575,LPLC2,left,acetylcholine,15804,LPLC2,left,4,0.023255813953488372,intra_population
25497,LPLC2,right,acetylcholine,21769,LPLC2,right,4,0.023255813953488372,intra_population
27829,LC4,left,acetylcholine,520449,LC4,left,4,0.023255813953488372,intra_population
27566,LPLC2,right,acetylcholine,29391,LPLC2,right,4,0.023255813953488372,intra_population
17059,LPLC2,left,acetylcholine,13764,LPLC2,left,4,0.023255813953488372,intra_population
26730,LPLC2,right,acetylcholine,37431,LPLC2,right,4,0.023255813953488372,intra_population
26393,LPLC2,right,acetylcholine,29391,LPLC2,right,4,0.023255813953488372,intra_population
27829,LC4,left,acetylcholine,23226,LC4,left,4,0.023255813953488372,intra_population
25575,LPLC2,left,acetylcholine,17775,LPLC2,left,4,0.023255813953488372,intra_population
27355,LPLC2,left,acetylcholine,518731,LPLC2,left,4,0.023255813953488372,intra_population
17059,LPLC2,left,acetylcholine,26528,LPLC2,left,4,0.023255813953488372,intra_population
26393,LPLC2,right,acetylcholine,37613,LPLC2,right,4,0.023255813953488372,intra_population
27355,LPLC2,left,acetylcholine,34051,LPLC2,left,4,0.023255813953488372,intra_population
26730,LPLC2,right,acetylcholine,24800,LPLC2,right,4,0.023255813953488372,intra_population
25854,LPLC2,left,acetylcholine,17774,LPLC2,left,4,0.023255813953488372,intra_population
17364,LC4,right,acetylcholine,16138,LC4,right,4,0.023255813953488372,intra_population
28003,LPLC2,right,acetylcholine,17551,LPLC2,right,4,0.023255813953488372,intra_population
25497,LPLC2,right,acetylcholine,20584,LPLC2,right,4,0.023255813953488372,intra_population
17059,LPLC2,left,acetylcholine,518730,LC4,left,4,0.023255813953488372,cross_visual
28003,LPLC2,right,acetylcholine,18929,LPLC2,right,4,0.023255813953488372,intra_population
25497,LPLC2,right,acetylcholine,10584,DNp06,right,4,0.023255813953488372,visual_to_readout
17270,LC4,left,acetylcholine,18432,LC4,left,4,0.023255813953488372,intra_population
25854,LPLC2,left,acetylcholine,23665,LPLC2,left,4,0.023255813953488372,intra_population
25497,LPLC2,right,acetylcholine,20535,LPLC2,right,4,0.023255813953488372,intra_population
25854,LPLC2,left,acetylcholine,24840,LPLC2,left,4,0.023255813953488372,intra_population
25854,LPLC2,left,acetylcholine,24568,LPLC2,left,4,0.023255813953488372,intra_population
25497,LPLC2,right,acetylcholine,30041,LPLC2,right,4,0.023255813953488372,intra_population
25524,LPLC2,left,acetylcholine,27796,LPLC2,left,4,0.023255813953488372,intra_population
27023,LPLC2,left,acetylcholine,25524,LPLC2,left,4,0.023255813953488372,intra_population
27750,LC4,left,acetylcholine,30087,LC4,left,4,0.023255813953488372,intra_population
25511,LPLC2,right,acetylcholine,29598,LPLC2,right,4,0.023255813953488372,intra_population
27716,LPLC2,left,acetylcholine,26528,LPLC2,left,4,0.023255813953488372,intra_population
17059,LPLC2,left,acetylcholine,20240,LPLC2,left,4,0.023255813953488372,intra_population
26112,LC4,right,acetylcholine,20399,LC4,right,4,0.023255813953488372,intra_population
27716,LPLC2,left,acetylcholine,40841,LPLC2,left,4,0.023255813953488372,intra_population
27023,LPLC2,left,acetylcholine,25854,LPLC2,left,4,0.023255813953488372,intra_population
27023,LPLC2,left,acetylcholine,34655,LPLC2,left,4,0.023255813953488372,intra_population
27023,LPLC2,left,acetylcholine,112292,LPLC2,left,4,0.023255813953488372,intra_population
17266,LC4,right,acetylcholine,17926,LC4,right,4,0.023255813953488372,intra_population
27716,LPLC2,left,acetylcholine,112292,LPLC2,left,4,0.023255813953488372,intra_population
25854,LPLC2,left,acetylcholine,524366,LPLC2,left,4,0.023255813953488372,intra_population
17270,LC4,left,acetylcholine,518983,LC4,left,4,0.023255813953488372,intra_population
25511,LPLC2,right,acetylcholine,31257,LPLC2,right,4,0.023255813953488372,intra_population
26112,LC4,right,acetylcholine,22328,LC4,right,4,0.023255813953488372,intra_population
27355,LPLC2,left,acetylcholine,25572,LPLC2,left,4,0.023255813953488372,intra_population
25524,LPLC2,left,acetylcholine,29753,LPLC2,left,4,0.023255813953488372,intra_population
27796,LPLC2,left,acetylcholine,27716,LPLC2,left,4,0.023255813953488372,intra_population
25511,LPLC2,right,acetylcholine,33185,LPLC2,right,4,0.023255813953488372,intra_population
27716,LPLC2,left,acetylcholine,34407,LPLC2,left,4,0.023255813953488372,intra_population
26112,LC4,right,acetylcholine,20808,LC4,right,4,0.023255813953488372,intra_population
27750,LC4,left,acetylcholine,12349,LC4,left,4,0.023255813953488372,intra_population
27023,LPLC2,left,acetylcholine,536444,LPLC2,left,4,0.023255813953488372,intra_population
17059,LPLC2,left,acetylcholine,19787,LPLC2,left,4,0.023255813953488372,intra_population
27716,LPLC2,left,acetylcholine,29815,LPLC2,left,4,0.023255813953488372,intra_population
23392,LC4,right,acetylcholine,17054,LC4,right,4,0.023255813953488372,intra_population
25511,LPLC2,right,acetylcholine,39620,LPLC2,right,4,0.023255813953488372,intra_population
27716,LPLC2,left,acetylcholine,31563,LPLC2,left,4,0.023255813953488372,intra_population
27716,LPLC2,left,acetylcholine,30512,LPLC2,left,4,0.023255813953488372,intra_population
27716,LPLC2,left,acetylcholine,25854,LPLC2,left,4,0.023255813953488372,intra_population
26112,LC4,right,acetylcholine,22194,LC4,right,4,0.023255813953488372,intra_population
26730,LPLC2,right,acetylcholine,25584,LC4,right,4,0.023255813953488372,cross_visual
26393,LPLC2,right,acetylcholine,34372,LPLC2,right,4,0.023255813953488372,intra_population
25575,LPLC2,left,acetylcholine,23202,LC4,left,4,0.023255813953488372,cross_visual
26393,LPLC2,right,acetylcholine,20535,LPLC2,right,4,0.023255813953488372,intra_population
25497,LPLC2,right,acetylcholine,24800,LPLC2,right,4,0.023255813953488372,intra_population
27566,LPLC2,right,acetylcholine,32507,LPLC2,right,4,0.023255813953488372,intra_population
26915,LPLC2,right,acetylcholine,29183,LPLC2,right,4,0.023255813953488372,intra_population
26915,LPLC2,right,acetylcholine,22261,LPLC2,right,4,0.023255813953488372,intra_population
27829,LC4,left,acetylcholine,10228,DNp06,left,4,0.023255813953488372,visual_to_readout
25572,LPLC2,left,acetylcholine,517079,LPLC2,left,4,0.023255813953488372,intra_population
26915,LPLC2,right,acetylcholine,20182,LPLC2,right,4,0.023255813953488372,intra_population
17059,LPLC2,left,acetylcholine,520764,LPLC2,left,4,0.023255813953488372,intra_population
27566,LPLC2,right,acetylcholine,33185,LPLC2,right,4,0.023255813953488372,intra_population
25854,LPLC2,left,acetylcholine,30512,LPLC2,left,4,0.023255813953488372,intra_population
17270,LC4,left,acetylcholine,81112,LC4,left,4,0.023255813953488372,intra_population
25854,LPLC2,left,acetylcholine,29955,LPLC2,left,4,0.023255813953488372,intra_population
25854,LPLC2,left,acetylcholine,28188,LPLC2,left,4,0.023255813953488372,intra_population
25572,LPLC2,left,acetylcholine,532254,LC4,left,4,0.023255813953488372,cross_visual
26393,LPLC2,right,acetylcholine,20471,LPLC2,right,4,0.023255813953488372,intra_population
26393,LPLC2,right,acetylcholine,21862,LPLC2,right,4,0.023255813953488372,intra_population
25497,LPLC2,right,acetylcholine,23878,LPLC2,right,4,0.023255813953488372,intra_population
20572,LC4,left,acetylcholine,20976,LC4,left,4,0.023255813953488372,intra_population
20542,LC4,right,acetylcholine,21165,LC4,right,4,0.023255813953488372,intra_population
20542,LC4,right,acetylcholine,21804,LC4,right,4,0.023255813953488372,intra_population
20542,LC4,right,acetylcholine,22034,LC4,right,4,0.023255813953488372,intra_population
20542,LC4,right,acetylcholine,23098,LC4,right,4,0.023255813953488372,intra_population
20572,LC4,left,acetylcholine,14888,LC4,left,4,0.023255813953488372,intra_population
20572,LC4,left,acetylcholine,17478,LC4,left,4,0.023255813953488372,intra_population
20572,LC4,left,acetylcholine,22922,LC4,left,4,0.023255813953488372,intra_population
27750,LC4,left,acetylcholine,29514,LC4,left,4,0.023255813953488372,intra_population
20572,LC4,left,acetylcholine,31301,LC4,left,4,0.023255813953488372,intra_population
20572,LC4,left,acetylcholine,31308,LC4,left,4,0.023255813953488372,intra_population
20572,LC4,left,acetylcholine,31429,LC4,left,4,0.023255813953488372,intra_population
20572,LC4,left,acetylcholine,515476,LC4,left,4,0.023255813953488372,intra_population
25286,LPLC2,left,acetylcholine,32237,LPLC2,left,4,0.023255813953488372,intra_population
27355,LPLC2,left,acetylcholine,23349,LPLC2,left,4,0.023255813953488372,intra_population
25497,LPLC2,right,acetylcholine,24187,LPLC2,right,4,0.023255813953488372,intra_population
25575,LPLC2,left,acetylcholine,12824,LC4,left,4,0.023255813953488372,cross_visual
26730,LPLC2,right,acetylcholine,34681,LPLC2,right,4,0.023255813953488372,intra_population
27829,LC4,left,acetylcholine,20440,LC4,left,4,0.023255813953488372,intra_population
27566,LPLC2,right,acetylcholine,38542,LPLC2,right,4,0.023255813953488372,intra_population
25497,LPLC2,right,acetylcholine,26915,LPLC2,right,4,0.023255813953488372,intra_population
26147,LPLC2,right,acetylcholine,32507,LPLC2,right,4,0.023255813953488372,intra_population
25497,LPLC2,right,acetylcholine,26147,LPLC2,right,4,0.023255813953488372,intra_population
27566,LPLC2,right,acetylcholine,34681,LPLC2,right,4,0.023255813953488372,intra_population
27796,LPLC2,left,acetylcholine,520764,LPLC2,left,4,0.023255813953488372,intra_population
27829,LC4,left,acetylcholine,20967,LC4,left,4,0.023255813953488372,intra_population
27796,LPLC2,left,acetylcholine,40811,LPLC2,left,4,0.023255813953488372,intra_population
25854,LPLC2,left,acetylcholine,27796,LPLC2,left,4,0.023255813953488372,intra_population
25854,LPLC2,left,acetylcholine,17990,LPLC2,left,4,0.023255813953488372,intra_population
27829,LC4,left,acetylcholine,532254,LC4,left,4,0.023255813953488372,intra_population
26393,LPLC2,right,acetylcholine,30938,LPLC2,right,4,0.023255813953488372,intra_population
26393,LPLC2,right,acetylcholine,31988,LPLC2,right,4,0.023255813953488372,intra_population
27355,LPLC2,left,acetylcholine,515971,LPLC2,left,4,0.023255813953488372,intra_population
26915,LPLC2,right,acetylcholine,30207,LPLC2,right,4,0.023255813953488372,intra_population
26147,LPLC2,right,acetylcholine,31964,LPLC2,right,4,0.023255813953488372,intra_population
27355,LPLC2,left,acetylcholine,33965,LPLC2,left,4,0.023255813953488372,intra_population
17059,LPLC2,left,acetylcholine,531014,LPLC2,left,4,0.023255813953488372,intra_population
17270,LC4,left,acetylcholine,111787,LC4,left,4,0.023255813953488372,intra_population
27566,LPLC2,right,acetylcholine,33439,LPLC2,right,4,0.023255813953488372,intra_population
28003,LPLC2,right,acetylcholine,19229,LPLC2,right,4,0.023255813953488372,intra_population
27624,LC4,left,acetylcholine,16917,LC4,left,4,0.023255813953488372,intra_population
27624,LC4,left,acetylcholine,35262,LC4,left,4,0.023255813953488372,intra_population
27355,LPLC2,left,acetylcholine,29319,LPLC2,left,4,0.023255813953488372,intra_population
25497,LPLC2,right,acetylcholine,27566,LPLC2,right,4,0.023255813953488372,intra_population
27796,LPLC2,left,acetylcholine,525844,LPLC2,left,4,0.023255813953488372,intra_population
26147,LPLC2,right,acetylcholine,29391,LPLC2,right,4,0.023255813953488372,intra_population
25572,LPLC2,left,acetylcholine,27716,LPLC2,left,4,0.023255813953488372,intra_population
25497,LPLC2,right,acetylcholine,27471,LPLC2,right,4,0.023255813953488372,intra_population
17059,LPLC2,left,acetylcholine,24568,LPLC2,left,4,0.023255813953488372,intra_population
26915,LPLC2,right,acetylcholine,33396,LPLC2,right,4,0.023255813953488372,intra_population
25854,LPLC2,left,acetylcholine,31105,LPLC2,left,4,0.023255813953488372,intra_population
25524,LPLC2,left,acetylcholine,21361,LPLC2,left,4,0.023255813953488372,intra_population
17270,LC4,left,acetylcholine,517752,LC4,left,4,0.023255813953488372,intra_population
26112,LC4,right,acetylcholine,17364,LC4,right,4,0.023255813953488372,intra_population
28011,LPLC2,left,acetylcholine,14030,LPLC2,left,4,0.023255813953488372,intra_population
26416,LPLC2,left,acetylcholine,518731,LPLC2,left,4,0.023255813953488372,intra_population
26416,LPLC2,left,acetylcholine,525844,LPLC2,left,4,0.023255813953488372,intra_population
26528,LPLC2,left,acetylcholine,10228,DNp06,left,4,0.023255813953488372,visual_to_readout
26730,LPLC2,right,acetylcholine,18189,LC4,right,4,0.023255813953488372,cross_visual
28011,LPLC2,left,acetylcholine,24308,LPLC2,left,4,0.023255813953488372,intra_population
28011,LPLC2,left,acetylcholine,24840,LPLC2,left,4,0.023255813953488372,intra_population
26528,LPLC2,left,acetylcholine,17059,LPLC2,left,4,0.023255813953488372,intra_population
28003,LPLC2,right,acetylcholine,29183,LPLC2,right,4,0.023255813953488372,intra_population
26730,LPLC2,right,acetylcholine,18929,LPLC2,right,4,0.023255813953488372,intra_population
25575,LPLC2,left,acetylcholine,533895,LPLC2,left,4,0.023255813953488372,intra_population
27399,LPLC2,left,acetylcholine,29702,LPLC2,left,4,0.023255813953488372,intra_population
17340,LC4,left,acetylcholine,16917,LC4,left,4,0.023255813953488372,intra_population
27399,LPLC2,left,acetylcholine,29815,LPLC2,left,4,0.023255813953488372,intra_population
25636,LPLC2,right,acetylcholine,20162,LPLC2,right,4,0.023255813953488372,intra_population
25584,LC4,right,acetylcholine,26112,LC4,right,4,0.023255813953488372,intra_population
27399,LPLC2,left,acetylcholine,28011,LPLC2,left,4,0.023255813953488372,intra_population
25636,LPLC2,right,acetylcholine,21045,LPLC2,right,4,0.023255813953488372,intra_population
25584,LC4,right,acetylcholine,19794,LC4,right,4,0.023255813953488372,intra_population
26416,LPLC2,left,acetylcholine,27355,LPLC2,left,4,0.023255813953488372,intra_population
25584,LC4,right,acetylcholine,23792,LC4,right,4,0.023255813953488372,intra_population
26528,LPLC2,left,acetylcholine,25854,LPLC2,left,4,0.023255813953488372,intra_population
17059,LPLC2,left,acetylcholine,40811,LPLC2,left,4,0.023255813953488372,intra_population
25584,LC4,right,acetylcholine,22847,LC4,right,4,0.023255813953488372,intra_population
28003,LPLC2,right,acetylcholine,23098,LC4,right,4,0.023255813953488372,cross_visual
26528,LPLC2,left,acetylcholine,32223,LPLC2,left,4,0.023255813953488372,intra_population
26416,LPLC2,left,acetylcholine,25027,LPLC2,left,4,0.023255813953488372,intra_population
27566,LPLC2,right,acetylcholine,19229,LPLC2,right,4,0.023255813953488372,intra_population
28011,LPLC2,left,acetylcholine,29815,LPLC2,left,4,0.023255813953488372,intra_population
27399,LPLC2,left,acetylcholine,22557,LPLC2,left,4,0.023255813953488372,intra_population
27399,LPLC2,left,acetylcholine,19830,LPLC2,left,4,0.023255813953488372,intra_population
26416,LPLC2,left,acetylcholine,25286,LPLC2,left,4,0.023255813953488372,intra_population
25316,LPLC2,right,acetylcholine,33439,LPLC2,right,4,0.023255813953488372,intra_population
27471,LPLC2,right,acetylcholine,28871,LPLC2,right,4,0.023255813953488372,intra_population
25636,LPLC2,right,acetylcholine,21769,LPLC2,right,4,0.023255813953488372,intra_population
25584,LC4,right,acetylcholine,19550,LC4,right,4,0.023255813953488372,intra_population
26528,LPLC2,left,acetylcholine,26416,LPLC2,left,4,0.023255813953488372,intra_population
28011,LPLC2,left,acetylcholine,32223,LPLC2,left,4,0.023255813953488372,intra_population
25584,LC4,right,acetylcholine,22034,LC4,right,4,0.023255813953488372,intra_population
25584,LC4,right,acetylcholine,20673,LC4,right,4,0.023255813953488372,intra_population
28003,LPLC2,right,acetylcholine,20182,LPLC2,right,4,0.023255813953488372,intra_population
25286,LPLC2,left,acetylcholine,518731,LPLC2,left,4,0.023255813953488372,intra_population
26416,LPLC2,left,acetylcholine,23665,LPLC2,left,4,0.023255813953488372,intra_population
27399,LPLC2,left,acetylcholine,112292,LPLC2,left,4,0.023255813953488372,intra_population
27471,LPLC2,right,acetylcholine,19608,LPLC2,right,4,0.023255813953488372,intra_population
27399,LPLC2,left,acetylcholine,13132,LPLC2,left,4,0.023255813953488372,intra_population
28011,LPLC2,left,acetylcholine,30893,LPLC2,left,4,0.023255813953488372,intra_population
25316,LPLC2,right,acetylcholine,37613,LPLC2,right,4,0.023255813953488372,intra_population
28003,LPLC2,right,acetylcholine,20749,LPLC2,right,4,0.023255813953488372,intra_population
27399,LPLC2,left,acetylcholine,521115,LPLC2,left,4,0.023255813953488372,intra_population
28003,LPLC2,right,acetylcholine,21562,LPLC2,right,4,0.023255813953488372,intra_population
27471,LPLC2,right,acetylcholine,20269,LPLC2,right,4,0.023255813953488372,intra_population
28003,LPLC2,right,acetylcholine,19249,LPLC2,right,4,0.023255813953488372,intra_population
25636,LPLC2,right,acetylcholine,21899,LPLC2,right,4,0.023255813953488372,intra_population
26528,LPLC2,left,acetylcholine,18936,LPLC2,left,4,0.023255813953488372,intra_population
26730,LPLC2,right,acetylcholine,19589,LPLC2,right,4,0.023255813953488372,intra_population
27471,LPLC2,right,acetylcholine,26915,LPLC2,right,4,0.023255813953488372,intra_population
25636,LPLC2,right,acetylcholine,23098,LC4,right,4,0.023255813953488372,cross_visual
25316,LPLC2,right,acetylcholine,22966,LC4,right,4,0.023255813953488372,cross_visual
17266,LC4,right,acetylcholine,23098,LC4,right,4,0.023255813953488372,intra_population
26416,LPLC2,left,acetylcholine,33406,LPLC2,left,4,0.023255813953488372,intra_population
26416,LPLC2,left,acetylcholine,29955,LPLC2,left,4,0.023255813953488372,intra_population
25575,LPLC2,left,acetylcholine,34407,LPLC2,left,4,0.023255813953488372,intra_population
26730,LPLC2,right,acetylcholine,20535,LPLC2,right,4,0.023255813953488372,intra_population
25636,LPLC2,right,acetylcholine,27471,LPLC2,right,4,0.023255813953488372,intra_population
25636,LPLC2,right,acetylcholine,25497,LPLC2,right,4,0.023255813953488372,intra_population
25636,LPLC2,right,acetylcholine,19543,LC4,right,4,0.023255813953488372,cross_visual
17270,LC4,left,acetylcholine,17653,LC4,left,4,0.023255813953488372,intra_population
25584,LC4,right,acetylcholine,20808,LC4,right,4,0.023255813953488372,intra_population
25316,LPLC2,right,acetylcholine,19550,LC4,right,4,0.023255813953488372,cross_visual
28011,LPLC2,left,acetylcholine,28188,LPLC2,left,4,0.023255813953488372,intra_population
25854,LPLC2,left,acetylcholine,95241,LPLC2,left,4,0.023255813953488372,intra_population
26147,LPLC2,right,acetylcholine,25511,LPLC2,right,4,0.023255813953488372,intra_population
26147,LPLC2,right,acetylcholine,24187,LPLC2,right,4,0.023255813953488372,intra_population
25511,LPLC2,right,acetylcholine,20162,LPLC2,right,4,0.023255813953488372,intra_population
27716,LPLC2,left,acetylcholine,21361,LPLC2,left,4,0.023255813953488372,intra_population
25572,LPLC2,left,acetylcholine,21299,LPLC2,left,4,0.023255813953488372,intra_population
27355,LPLC2,left,acetylcholine,23247,LPLC2,left,4,0.023255813953488372,intra_population
25511,LPLC2,right,acetylcholine,29287,LPLC2,right,4,0.023255813953488372,intra_population
26915,LPLC2,right,acetylcholine,38542,LPLC2,right,4,0.023255813953488372,intra_population
26147,LPLC2,right,acetylcholine,21862,LPLC2,right,4,0.023255813953488372,intra_population
18936,LPLC2,left,acetylcholine,20799,LPLC2,left,4,0.023255813953488372,intra_population
27716,LPLC2,left,acetylcholine,17270,LC4,left,4,0.023255813953488372,cross_visual
27796,LPLC2,left,acetylcholine,25572,LPLC2,left,4,0.023255813953488372,intra_population
26915,LPLC2,right,acetylcholine,35680,LPLC2,right,4,0.023255813953488372,intra_population
27355,LPLC2,left,acetylcholine,25524,LPLC2,left,4,0.023255813953488372,intra_population
25497,LPLC2,right,acetylcholine,37431,LPLC2,right,4,0.023255813953488372,intra_population
17266,LC4,right,acetylcholine,20016,LC4,right,4,0.023255813953488372,intra_population
25572,LPLC2,left,acetylcholine,20240,LPLC2,left,4,0.023255813953488372,intra_population
27023,LPLC2,left,acetylcholine,14030,LPLC2,left,4,0.023255813953488372,intra_population
25524,LPLC2,left,acetylcholine,15804,LPLC2,left,4,0.023255813953488372,intra_population
27716,LPLC2,left,acetylcholine,81112,LC4,left,4,0.023255813953488372,cross_visual
27023,LPLC2,left,acetylcholine,32237,LPLC2,left,4,0.023255813953488372,intra_population
27023,LPLC2,left,acetylcholine,514670,LPLC2,left,4,0.023255813953488372,intra_population
27023,LPLC2,left,acetylcholine,517819,LPLC2,left,4,0.023255813953488372,intra_population
26112,LC4,right,acetylcholine,17548,LC4,right,4,0.023255813953488372,intra_population
27023,LPLC2,left,acetylcholine,518730,LC4,left,4,0.023255813953488372,cross_visual
25524,LPLC2,left,acetylcholine,13726,LPLC2,left,4,0.023255813953488372,intra_population
27796,LPLC2,left,acetylcholine,24840,LPLC2,left,4,0.023255813953488372,intra_population
26112,LC4,right,acetylcholine,18127,LC4,right,4,0.023255813953488372,intra_population
26112,LC4,right,acetylcholine,23792,LC4,right,4,0.023255813953488372,intra_population
27750,LC4,left,acetylcholine,34845,LC4,left,4,0.023255813953488372,intra_population
25497,LPLC2,right,acetylcholine,35838,LPLC2,right,4,0.023255813953488372,intra_population
25572,LPLC2,left,acetylcholine,23665,LPLC2,left,4,0.023255813953488372,intra_population
26147,LPLC2,right,acetylcholine,21769,LPLC2,right,4,0.023255813953488372,intra_population
27796,LPLC2,left,acetylcholine,26416,LPLC2,left,4,0.023255813953488372,intra_population
17059,LPLC2,left,acetylcholine,22557,LPLC2,left,4,0.023255813953488372,intra_population
25636,LPLC2,right,acetylcholine,25316,LPLC2,right,4,0.023255813953488372,intra_population
27399,LPLC2,left,acetylcholine,25575,LPLC2,left,4,0.023255813953488372,intra_population
27023,LPLC2,left,acetylcholine,15804,LPLC2,left,4,0.023255813953488372,intra_population
25511,LPLC2,right,acetylcholine,20749,LPLC2,right,4,0.023255813953488372,intra_population
25636,LPLC2,right,acetylcholine,29873,LPLC2,right,4,0.023255813953488372,intra_population
27355,LPLC2,left,acetylcholine,34655,LPLC2,left,4,0.023255813953488372,intra_population
25854,LPLC2,left,acetylcholine,517079,LPLC2,left,4,0.023255813953488372,intra_population
27399,LPLC2,left,acetylcholine,17990,LPLC2,left,4,0.023255813953488372,intra_population
25636,LPLC2,right,acetylcholine,25267,LPLC2,right,4,0.023255813953488372,intra_population
27796,LPLC2,left,acetylcholine,17774,LPLC2,left,4,0.023255813953488372,intra_population
25575,LPLC2,left,acetylcholine,520764,LPLC2,left,4,0.023255813953488372,intra_population
25584,LC4,right,acetylcholine,24338,LC4,right,4,0.023255813953488372,intra_population
25316,LPLC2,right,acetylcholine,29391,LPLC2,right,4,0.023255813953488372,intra_population
26528,LPLC2,left,acetylcholine,514670,LPLC2,left,4,0.023255813953488372,intra_population
28011,LPLC2,left,acetylcholine,26528,LPLC2,left,4,0.023255813953488372,intra_population
26528,LPLC2,left,acetylcholine,22253,LPLC2,left,4,0.023255813953488372,intra_population
27716,LPLC2,left,acetylcholine,23550,LPLC2,left,4,0.023255813953488372,intra_population
25524,LPLC2,left,acetylcholine,100103,LPLC2,left,4,0.023255813953488372,intra_population
27796,LPLC2,left,acetylcholine,23919,LPLC2,left,4,0.023255813953488372,intra_population
25524,LPLC2,left,acetylcholine,40811,LPLC2,left,4,0.023255813953488372,intra_population
17059,LPLC2,left,acetylcholine,17775,LPLC2,left,4,0.023255813953488372,intra_population
27023,LPLC2,left,acetylcholine,24568,LPLC2,left,4,0.023255813953488372,intra_population
27716,LPLC2,left,acetylcholine,25136,LPLC2,left,4,0.023255813953488372,intra_population
26112,LC4,right,acetylcholine,31262,LC4,right,4,0.023255813953488372,intra_population
25511,LPLC2,right,acetylcholine,25253,LPLC2,right,4,0.023255813953488372,intra_population
17270,LC4,left,acetylcholine,516909,LC4,left,4,0.023255813953488372,intra_population
27355,LPLC2,left,acetylcholine,17880,LPLC2,left,4,0.023255813953488372,intra_population
25511,LPLC2,right,acetylcholine,21703,LPLC2,right,4,0.023255813953488372,intra_population
27023,LPLC2,left,acetylcholine,23550,LPLC2,left,4,0.023255813953488372,intra_population
26147,LPLC2,right,acetylcholine,16138,LC4,right,4,0.023255813953488372,cross_visual
25511,LPLC2,right,acetylcholine,24800,LPLC2,right,4,0.023255813953488372,intra_population
27750,LC4,left,acetylcholine,518439,LC4,left,4,0.023255813953488372,intra_population
27716,LPLC2,left,acetylcholine,23665,LPLC2,left,4,0.023255813953488372,intra_population
27023,LPLC2,left,acetylcholine,19787,LPLC2,left,4,0.023255813953488372,intra_population
20572,LC4,left,acetylcholine,516909,LC4,left,4,0.023255813953488372,intra_population
18127,LC4,right,acetylcholine,16128,LC4,right,4,0.023255813953488372,intra_population
20535,LPLC2,right,acetylcholine,39620,LPLC2,right,4,0.023255813953488372,intra_population
17990,LPLC2,left,acetylcholine,19830,LPLC2,left,4,0.023255813953488372,intra_population
20859,LC4,left,acetylcholine,526286,LC4,left,4,0.023255813953488372,intra_population
20859,LC4,left,acetylcholine,18432,LC4,left,4,0.023255813953488372,intra_population
21045,LPLC2,right,acetylcholine,33439,LPLC2,right,4,0.023255813953488372,intra_population
20799,LPLC2,left,acetylcholine,32223,LPLC2,left,4,0.023255813953488372,intra_population
20694,LPLC2,right,acetylcholine,35889,LPLC2,right,4,0.023255813953488372,intra_population
17990,LPLC2,left,acetylcholine,19911,LPLC2,left,4,0.023255813953488372,intra_population
20749,LPLC2,right,acetylcholine,19034,LPLC2,right,4,0.023255813953488372,intra_population
21045,LPLC2,right,acetylcholine,29183,LPLC2,right,4,0.023255813953488372,intra_population
20749,LPLC2,right,acetylcholine,26147,LPLC2,right,4,0.023255813953488372,intra_population
20749,LPLC2,right,acetylcholine,29391,LPLC2,right,4,0.023255813953488372,intra_population
20799,LPLC2,left,acetylcholine,14030,LPLC2,left,4,0.023255813953488372,intra_population
20799,LPLC2,left,acetylcholine,20329,LPLC2,left,4,0.023255813953488372,intra_population
17990,LPLC2,left,acetylcholine,12384,LPLC2,left,4,0.023255813953488372,intra_population
20799,LPLC2,left,acetylcholine,23665,LPLC2,left,4,0.023255813953488372,intra_population
21045,LPLC2,right,acetylcholine,31257,LPLC2,right,4,0.023255813953488372,intra_population
21045,LPLC2,right,acetylcholine,23590,LPLC2,right,4,0.023255813953488372,intra_population
20799,LPLC2,left,acetylcholine,30512,LPLC2,left,4,0.023255813953488372,intra_population
20976,LC4,left,acetylcholine,35616,LC4,left,4,0.023255813953488372,intra_population
20967,LC4,left,acetylcholine,518016,LC4,left,4,0.023255813953488372,intra_population
20967,LC4,left,acetylcholine,526286,LC4,left,4,0.023255813953488372,intra_population
17926,LC4,right,acetylcholine,19954,LC4,right,4,0.023255813953488372,intra_population
20976,LC4,left,acetylcholine,12824,LC4,left,4,0.023255813953488372,intra_population
20976,LC4,left,acetylcholine,29417,LC4,left,4,0.023255813953488372,intra_population
17987,LC4,right,acetylcholine,18189,LC4,right,4,0.023255813953488372,intra_population
17926,LC4,right,acetylcholine,19420,LC4,right,4,0.023255813953488372,intra_population
21045,LPLC2,right,acetylcholine,21703,LPLC2,right,4,0.023255813953488372,intra_population
20976,LC4,left,acetylcholine,518016,LC4,left,4,0.023255813953488372,intra_population
17926,LC4,right,acetylcholine,19260,LC4,right,4,0.023255813953488372,intra_population
20976,LC4,left,acetylcholine,532254,LC4,left,4,0.023255813953488372,intra_population
17926,LC4,right,acetylcholine,17860,LC4,right,4,0.023255813953488372,intra_population
21045,LPLC2,right,acetylcholine,19146,LPLC2,right,4,0.023255813953488372,intra_population
21045,LPLC2,right,acetylcholine,20016,LC4,right,4,0.023255813953488372,cross_visual
20799,LPLC2,left,acetylcholine,24840,LPLC2,left,4,0.023255813953488372,intra_population
20799,LPLC2,left,acetylcholine,33406,LPLC2,left,4,0.023255813953488372,intra_population
20967,LC4,left,acetylcholine,20572,LC4,left,4,0.023255813953488372,intra_population
21313,LC4,right,acetylcholine,19954,LC4,right,4,0.023255813953488372,intra_population
21299,LPLC2,left,acetylcholine,518731,LPLC2,left,4,0.023255813953488372,intra_population
21299,LPLC2,left,acetylcholine,518983,LC4,left,4,0.023255813953488372,cross_visual
21299,LPLC2,left,acetylcholine,526286,LC4,left,4,0.023255813953488372,cross_visual
17880,LPLC2,left,acetylcholine,26416,LPLC2,left,4,0.023255813953488372,intra_population
17880,LPLC2,left,acetylcholine,25575,LPLC2,left,4,0.023255813953488372,intra_population
21313,LC4,right,acetylcholine,17548,LC4,right,4,0.023255813953488372,intra_population
21313,LC4,right,acetylcholine,21151,LC4,right,4,0.023255813953488372,intra_population
21299,LPLC2,left,acetylcholine,511914,LC4,left,4,0.023255813953488372,cross_visual
21313,LC4,right,acetylcholine,21165,LC4,right,4,0.023255813953488372,intra_population
21313,LC4,right,acetylcholine,22034,LC4,right,4,0.023255813953488372,intra_population
21318,LPLC2,right,acetylcholine,10001,DNp01,right,4,0.023255813953488372,visual_to_readout
21299,LPLC2,left,acetylcholine,34407,LPLC2,left,4,0.023255813953488372,intra_population
21318,LPLC2,right,acetylcholine,19842,LPLC2,right,4,0.023255813953488372,intra_population
17880,LPLC2,left,acetylcholine,23665,LPLC2,left,4,0.023255813953488372,intra_population
21299,LPLC2,left,acetylcholine,517819,LPLC2,left,4,0.023255813953488372,intra_population
21313,LC4,right,acetylcholine,23098,LC4,right,4,0.023255813953488372,intra_population
20859,LC4,left,acetylcholine,17653,LC4,left,4,0.023255813953488372,intra_population
17987,LC4,right,acetylcholine,21151,LC4,right,4,0.023255813953488372,intra_population
20799,LPLC2,left,acetylcholine,40811,LPLC2,left,4,0.023255813953488372,intra_population
20799,LPLC2,left,acetylcholine,95241,LPLC2,left,4,0.023255813953488372,intra_population
20799,LPLC2,left,acetylcholine,112292,LPLC2,left,4,0.023255813953488372,intra_population
20799,LPLC2,left,acetylcholine,134521,LPLC2,left,4,0.023255813953488372,intra_population
20799,LPLC2,left,acetylcholine,517078,LPLC2,left,4,0.023255813953488372,intra_population
17987,LC4,right,acetylcholine,24338,LC4,right,4,0.023255813953488372,intra_population
20808,LC4,right,acetylcholine,21225,LC4,right,4,0.023255813953488372,intra_population
20694,LPLC2,right,acetylcholine,22218,LPLC2,right,4,0.023255813953488372,intra_population
20808,LC4,right,acetylcholine,22847,LC4,right,4,0.023255813953488372,intra_population
20808,LC4,right,acetylcholine,26112,LC4,right,4,0.023255813953488372,intra_population
20808,LC4,right,acetylcholine,29563,LC4,right,4,0.023255813953488372,intra_population
20808,LC4,right,acetylcholine,30803,LC4,right,4,0.023255813953488372,intra_population
21045,LPLC2,right,acetylcholine,31964,LPLC2,right,4,0.023255813953488372,intra_population
21045,LPLC2,right,acetylcholine,34681,LPLC2,right,4,0.023255813953488372,intra_population
20967,LC4,left,acetylcholine,512705,LC4,left,4,0.023255813953488372,intra_population
17926,LC4,right,acetylcholine,20673,LC4,right,4,0.023255813953488372,intra_population
21318,LPLC2,right,acetylcholine,24401,LPLC2,right,4,0.023255813953488372,intra_population
19608,LPLC2,right,acetylcholine,35838,LPLC2,right,4,0.023255813953488372,intra_population
18900,LPLC2,left,acetylcholine,13764,LPLC2,left,4,0.023255813953488372,intra_population
18900,LPLC2,left,acetylcholine,13726,LPLC2,left,4,0.023255813953488372,intra_population
19608,LPLC2,right,acetylcholine,21045,LPLC2,right,4,0.023255813953488372,intra_population
19608,LPLC2,right,acetylcholine,21703,LPLC2,right,4,0.023255813953488372,intra_population
19608,LPLC2,right,acetylcholine,24800,LPLC2,right,4,0.023255813953488372,intra_population
19608,LPLC2,right,acetylcholine,31964,LPLC2,right,4,0.023255813953488372,intra_population
19634,LC4,right,acetylcholine,19543,LC4,right,4,0.023255813953488372,intra_population
19608,LPLC2,right,acetylcholine,19549,LPLC2,right,4,0.023255813953488372,intra_population
19634,LC4,right,acetylcholine,19550,LC4,right,4,0.023255813953488372,intra_population
19634,LC4,right,acetylcholine,20917,LC4,right,4,0.023255813953488372,intra_population
19634,LC4,right,acetylcholine,21313,LC4,right,4,0.023255813953488372,intra_population
18672,LPLC2,right,acetylcholine,34110,LPLC2,right,4,0.023255813953488372,intra_population
19589,LPLC2,right,acetylcholine,22677,LPLC2,right,4,0.023255813953488372,intra_population
19589,LPLC2,right,acetylcholine,20047,LPLC2,right,4,0.023255813953488372,intra_population
19589,LPLC2,right,acetylcholine,20162,LPLC2,right,4,0.023255813953488372,intra_population
19608,LPLC2,right,acetylcholine,19229,LPLC2,right,4,0.023255813953488372,intra_population
19549,LPLC2,right,acetylcholine,21899,LPLC2,right,4,0.023255813953488372,intra_population
19589,LPLC2,right,acetylcholine,26147,LPLC2,right,4,0.023255813953488372,intra_population
19420,LC4,right,acetylcholine,19634,LC4,right,4,0.023255813953488372,intra_population
19420,LC4,right,acetylcholine,23392,LC4,right,4,0.023255813953488372,intra_population
19787,LPLC2,left,acetylcholine,13764,LPLC2,left,4,0.023255813953488372,intra_population
19608,LPLC2,right,acetylcholine,19249,LPLC2,right,4,0.023255813953488372,intra_population
19589,LPLC2,right,acetylcholine,23878,LPLC2,right,4,0.023255813953488372,intra_population
19589,LPLC2,right,acetylcholine,24800,LPLC2,right,4,0.023255813953488372,intra_population
19589,LPLC2,right,acetylcholine,27471,LPLC2,right,4,0.023255813953488372,intra_population
19608,LPLC2,right,acetylcholine,18672,LPLC2,right,4,0.023255813953488372,intra_population
19589,LPLC2,right,acetylcholine,27566,LPLC2,right,4,0.023255813953488372,intra_population
19589,LPLC2,right,acetylcholine,28003,LPLC2,right,4,0.023255813953488372,intra_population
19589,LPLC2,right,acetylcholine,29014,LPLC2,right,4,0.023255813953488372,intra_population
19589,LPLC2,right,acetylcholine,29598,LPLC2,right,4,0.023255813953488372,intra_population
19589,LPLC2,right,acetylcholine,29873,LPLC2,right,4,0.023255813953488372,intra_population
19608,LPLC2,right,acetylcholine,17668,LC4,right,4,0.023255813953488372,cross_visual
18900,LPLC2,left,acetylcholine,31563,LPLC2,left,4,0.023255813953488372,intra_population
19543,LC4,right,acetylcholine,16138,LC4,right,4,0.023255813953488372,intra_population
17926,LC4,right,acetylcholine,21336,LC4,right,4,0.023255813953488372,intra_population
20269,LPLC2,right,acetylcholine,10584,DNp06,right,4,0.023255813953488372,visual_to_readout
19550,LC4,right,acetylcholine,20399,LC4,right,4,0.023255813953488372,intra_population
19550,LC4,right,acetylcholine,20588,LC4,right,4,0.023255813953488372,intra_population
19550,LC4,right,acetylcholine,20917,LC4,right,4,0.023255813953488372,intra_population
19550,LC4,right,acetylcholine,21313,LC4,right,4,0.023255813953488372,intra_population
19550,LC4,right,acetylcholine,23098,LC4,right,4,0.023255813953488372,intra_population
18900,LPLC2,left,acetylcholine,20967,LC4,left,4,0.023255813953488372,cross_visual
20269,LPLC2,right,acetylcholine,20162,LPLC2,right,4,0.023255813953488372,intra_population
18900,LPLC2,left,acetylcholine,28188,LPLC2,left,4,0.023255813953488372,intra_population
20269,LPLC2,right,acetylcholine,20182,LPLC2,right,4,0.023255813953488372,intra_population
20976,LC4,left,acetylcholine,20967,LC4,left,4,0.023255813953488372,intra_population
20859,LC4,left,acetylcholine,532254,LC4,left,4,0.023255813953488372,intra_population
17987,LC4,right,acetylcholine,17364,LC4,right,4,0.023255813953488372,intra_population
20917,LC4,right,acetylcholine,19550,LC4,right,4,0.023255813953488372,intra_population
20917,LC4,right,acetylcholine,22034,LC4,right,4,0.023255813953488372,intra_population
18900,LPLC2,left,acetylcholine,25854,LPLC2,left,4,0.023255813953488372,intra_population
19549,LPLC2,right,acetylcholine,37613,LPLC2,right,4,0.023255813953488372,intra_population
19543,LC4,right,acetylcholine,19954,LC4,right,4,0.023255813953488372,intra_population
18900,LPLC2,left,acetylcholine,29815,LPLC2,left,4,0.023255813953488372,intra_population
19543,LC4,right,acetylcholine,20016,LC4,right,4,0.023255813953488372,intra_population
19543,LC4,right,acetylcholine,20542,LC4,right,4,0.023255813953488372,intra_population
19543,LC4,right,acetylcholine,21313,LC4,right,4,0.023255813953488372,intra_population
19543,LC4,right,acetylcholine,25584,LC4,right,4,0.023255813953488372,intra_population
19543,LC4,right,acetylcholine,29563,LC4,right,4,0.023255813953488372,intra_population
19549,LPLC2,right,acetylcholine,18929,LPLC2,right,4,0.023255813953488372,intra_population
19549,LPLC2,right,acetylcholine,21045,LPLC2,right,4,0.023255813953488372,intra_population
19549,LPLC2,right,acetylcholine,35632,LPLC2,right,4,0.023255813953488372,intra_population
19549,LPLC2,right,acetylcholine,21769,LPLC2,right,4,0.023255813953488372,intra_population
19549,LPLC2,right,acetylcholine,21804,LC4,right,4,0.023255813953488372,cross_visual
19549,LPLC2,right,acetylcholine,23590,LPLC2,right,4,0.023255813953488372,intra_population
19589,LPLC2,right,acetylcholine,19842,LPLC2,right,4,0.023255813953488372,intra_population
19549,LPLC2,right,acetylcholine,26730,LPLC2,right,4,0.023255813953488372,intra_population
19549,LPLC2,right,acetylcholine,29986,LPLC2,right,4,0.023255813953488372,intra_population
21318,LPLC2,right,acetylcholine,21225,LC4,right,4,0.023255813953488372,cross_visual
21318,LPLC2,right,acetylcholine,29014,LPLC2,right,4,0.023255813953488372,intra_population
20535,LPLC2,right,acetylcholine,28741,LPLC2,right,4,0.023255813953488372,intra_population
20471,LPLC2,right,acetylcholine,35680,LPLC2,right,4,0.023255813953488372,intra_population
20329,LPLC2,left,acetylcholine,514670,LPLC2,left,4,0.023255813953488372,intra_population
20329,LPLC2,left,acetylcholine,517079,LPLC2,left,4,0.023255813953488372,intra_population
18189,LC4,right,acetylcholine,21313,LC4,right,4,0.023255813953488372,intra_population
18189,LC4,right,acetylcholine,21225,LC4,right,4,0.023255813953488372,intra_population
18189,LC4,right,acetylcholine,20808,LC4,right,4,0.023255813953488372,intra_population
20334,LPLC2,right,acetylcholine,14465,LPLC2,right,4,0.023255813953488372,intra_population
18127,LC4,right,acetylcholine,19260,LC4,right,4,0.023255813953488372,intra_population
20329,LPLC2,left,acetylcholine,112292,LPLC2,left,4,0.023255813953488372,intra_population
17990,LPLC2,left,acetylcholine,21361,LPLC2,left,4,0.023255813953488372,intra_population
17990,LPLC2,left,acetylcholine,25854,LPLC2,left,4,0.023255813953488372,intra_population
17990,LPLC2,left,acetylcholine,40811,LPLC2,left,4,0.023255813953488372,intra_population
20584,LPLC2,right,acetylcholine,20103,LPLC2,right,4,0.023255813953488372,intra_population
20584,LPLC2,right,acetylcholine,20182,LPLC2,right,4,0.023255813953488372,intra_population
20584,LPLC2,right,acetylcholine,20334,LPLC2,right,4,0.023255813953488372,intra_population
20329,LPLC2,left,acetylcholine,134521,LPLC2,left,4,0.023255813953488372,intra_population
20329,LPLC2,left,acetylcholine,40811,LPLC2,left,4,0.023255813953488372,intra_population
20584,LPLC2,right,acetylcholine,26730,LPLC2,right,4,0.023255813953488372,intra_population
20282,LC4,right,acetylcholine,18189,LC4,right,4,0.023255813953488372,intra_population
20269,LPLC2,right,acetylcholine,26730,LPLC2,right,4,0.023255813953488372,intra_population
20269,LPLC2,right,acetylcholine,27471,LPLC2,right,4,0.023255813953488372,intra_population
20269,LPLC2,right,acetylcholine,28003,LPLC2,right,4,0.023255813953488372,intra_population
20269,LPLC2,right,acetylcholine,28044,LPLC2,right,4,0.023255813953488372,intra_population
20269,LPLC2,right,acetylcholine,29216,LPLC2,right,4,0.023255813953488372,intra_population
20269,LPLC2,right,acetylcholine,29287,LPLC2,right,4,0.023255813953488372,intra_population
20282,LC4,right,acetylcholine,20399,LC4,right,4,0.023255813953488372,intra_population
20329,LPLC2,left,acetylcholine,32223,LPLC2,left,4,0.023255813953488372,intra_population
20282,LC4,right,acetylcholine,23392,LC4,right,4,0.023255813953488372,intra_population
20329,LPLC2,left,acetylcholine,23202,LC4,left,4,0.023255813953488372,cross_visual
20329,LPLC2,left,acetylcholine,25575,LPLC2,left,4,0.023255813953488372,intra_population
20334,LPLC2,right,acetylcholine,17926,LC4,right,4,0.023255813953488372,cross_visual
20329,LPLC2,left,acetylcholine,29753,LPLC2,left,4,0.023255813953488372,intra_population
20329,LPLC2,left,acetylcholine,29955,LPLC2,left,4,0.023255813953488372,intra_population
20584,LPLC2,right,acetylcholine,21808,LPLC2,right,4,0.023255813953488372,intra_population
20584,LPLC2,right,acetylcholine,28044,LPLC2,right,4,0.023255813953488372,intra_population
20269,LPLC2,right,acetylcholine,25497,LPLC2,right,4,0.023255813953488372,intra_population
20535,LPLC2,right,acetylcholine,20471,LPLC2,right,4,0.023255813953488372,intra_population
17990,LPLC2,left,acetylcholine,41097,LPLC2,left,4,0.023255813953488372,intra_population
20572,LC4,left,acetylcholine,532254,LC4,left,4,0.023255813953488372,intra_population
18127,LC4,right,acetylcholine,17926,LC4,right,4,0.023255813953488372,intra_population
20535,LPLC2,right,acetylcholine,50287,LPLC2,right,4,0.023255813953488372,intra_population
20535,LPLC2,right,acetylcholine,19034,LPLC2,right,4,0.023255813953488372,intra_population
20535,LPLC2,right,acetylcholine,19842,LPLC2,right,4,0.023255813953488372,intra_population
20535,LPLC2,right,acetylcholine,20749,LPLC2,right,4,0.023255813953488372,intra_population
17990,LPLC2,left,acetylcholine,22557,LPLC2,left,4,0.023255813953488372,intra_population
20535,LPLC2,right,acetylcholine,21703,LPLC2,right,4,0.023255813953488372,intra_population
20535,LPLC2,right,acetylcholine,21899,LPLC2,right,4,0.023255813953488372,intra_population
20535,LPLC2,right,acetylcholine,22218,LPLC2,right,4,0.023255813953488372,intra_population
20535,LPLC2,right,acetylcholine,22261,LPLC2,right,4,0.023255813953488372,intra_population
20535,LPLC2,right,acetylcholine,23497,LPLC2,right,4,0.023255813953488372,intra_population
20535,LPLC2,right,acetylcholine,26393,LPLC2,right,4,0.023255813953488372,intra_population
20694,LPLC2,right,acetylcholine,20162,LPLC2,right,4,0.023255813953488372,intra_population
20694,LPLC2,right,acetylcholine,16628,LC4,right,4,0.023255813953488372,cross_visual
20584,LPLC2,right,acetylcholine,29183,LPLC2,right,4,0.023255813953488372,intra_population
20588,LC4,right,acetylcholine,22966,LC4,right,4,0.023255813953488372,intra_population
20584,LPLC2,right,acetylcholine,29986,LPLC2,right,4,0.023255813953488372,intra_population
20584,LPLC2,right,acetylcholine,35838,LPLC2,right,4,0.023255813953488372,intra_population
20588,LC4,right,acetylcholine,20399,LC4,right,4,0.023255813953488372,intra_population
20588,LC4,right,acetylcholine,21336,LC4,right,4,0.023255813953488372,intra_population
20588,LC4,right,acetylcholine,22847,LC4,right,4,0.023255813953488372,intra_population
20584,LPLC2,right,acetylcholine,14465,LPLC2,right,4,0.023255813953488372,intra_population
17990,LPLC2,left,acetylcholine,25575,LPLC2,left,4,0.023255813953488372,intra_population
17990,LPLC2,left,acetylcholine,23919,LPLC2,left,4,0.023255813953488372,intra_population
20673,LC4,right,acetylcholine,17926,LC4,right,4,0.023255813953488372,intra_population
20673,LC4,right,acetylcholine,20399,LC4,right,4,0.023255813953488372,intra_population
20673,LC4,right,acetylcholine,20542,LC4,right,4,0.023255813953488372,intra_population
20673,LC4,right,acetylcholine,22328,LC4,right,4,0.023255813953488372,intra_population
20673,LC4,right,acetylcholine,25584,LC4,right,4,0.023255813953488372,intra_population
20673,LC4,right,acetylcholine,29563,LC4,right,4,0.023255813953488372,intra_population
20269,LPLC2,right,acetylcholine,26393,LPLC2,right,4,0.023255813953488372,intra_population
20329,LPLC2,left,acetylcholine,25286,LPLC2,left,4,0.023255813953488372,intra_population
21318,LPLC2,right,acetylcholine,33396,LPLC2,right,4,0.023255813953488372,intra_population
17880,LPLC2,left,acetylcholine,35294,LPLC2,left,4,0.023255813953488372,intra_population
21165,LC4,right,acetylcholine,17860,LC4,right,4,0.023255813953488372,intra_population
21165,LC4,right,acetylcholine,22847,LC4,right,4,0.023255813953488372,intra_population
21225,LC4,right,acetylcholine,16138,LC4,right,4,0.023255813953488372,intra_population
21225,LC4,right,acetylcholine,17266,LC4,right,4,0.023255813953488372,intra_population
21225,LC4,right,acetylcholine,20399,LC4,right,4,0.023255813953488372,intra_population
21299,LPLC2,left,acetylcholine,25575,LPLC2,left,4,0.023255813953488372,intra_population
21287,LC4,right,acetylcholine,17054,LC4,right,4,0.023255813953488372,intra_population
21165,LC4,right,acetylcholine,17266,LC4,right,4,0.023255813953488372,intra_population
17880,LPLC2,left,acetylcholine,30895,LPLC2,left,4,0.023255813953488372,intra_population
21287,LC4,right,acetylcholine,19260,LC4,right,4,0.023255813953488372,intra_population
21287,LC4,right,acetylcholine,23392,LC4,right,4,0.023255813953488372,intra_population
17880,LPLC2,left,acetylcholine,27716,LPLC2,left,4,0.023255813953488372,intra_population
21299,LPLC2,left,acetylcholine,12349,LC4,left,4,0.023255813953488372,cross_visual
21299,LPLC2,left,acetylcholine,17544,LPLC2,left,4,0.023255813953488372,intra_population
21165,LC4,right,acetylcholine,17364,LC4,right,4,0.023255813953488372,intra_population
21165,LC4,right,acetylcholine,16128,LC4,right,4,0.023255813953488372,intra_population
21299,LPLC2,left,acetylcholine,22557,LPLC2,left,4,0.023255813953488372,intra_population
21299,LPLC2,left,acetylcholine,111903,LPLC2,left,4,0.023255813953488372,intra_population
21336,LC4,right,acetylcholine,19543,LC4,right,4,0.023255813953488372,intra_population
21336,LC4,right,acetylcholine,21225,LC4,right,4,0.023255813953488372,intra_population
17880,LPLC2,left,acetylcholine,20329,LPLC2,left,4,0.023255813953488372,intra_population
21361,LPLC2,left,acetylcholine,17990,LPLC2,left,4,0.023255813953488372,intra_population
17880,LPLC2,left,acetylcholine,15804,LPLC2,left,4,0.023255813953488372,intra_population
21361,LPLC2,left,acetylcholine,24308,LPLC2,left,4,0.023255813953488372,intra_population
21299,LPLC2,left,acetylcholine,30893,LPLC2,left,4,0.023255813953488372,intra_population
17880,LPLC2,left,acetylcholine,517078,LPLC2,left,4,0.023255813953488372,intra_population
21151,LC4,right,acetylcholine,17266,LC4,right,4,0.023255813953488372,intra_population
21225,LC4,right,acetylcholine,17548,LC4,right,4,0.023255813953488372,intra_population
21151,LC4,right,acetylcholine,17548,LC4,right,4,0.023255813953488372,intra_population
21151,LC4,right,acetylcholine,20016,LC4,right,4,0.023255813953488372,intra_population
21151,LC4,right,acetylcholine,20673,LC4,right,4,0.023255813953488372,intra_population
21151,LC4,right,acetylcholine,21336,LC4,right,4,0.023255813953488372,intra_population
21299,LPLC2,left,acetylcholine,18936,LPLC2,left,4,0.023255813953488372,intra_population
21299,LPLC2,left,acetylcholine,23550,LPLC2,left,4,0.023255813953488372,intra_population
20471,LPLC2,right,acetylcholine,39620,LPLC2,right,4,0.023255813953488372,intra_population
20471,LPLC2,right,acetylcholine,24401,LPLC2,right,4,0.023255813953488372,intra_population
18127,LC4,right,acetylcholine,21313,LC4,right,4,0.023255813953488372,intra_population
20440,LC4,left,acetylcholine,518983,LC4,left,4,0.023255813953488372,intra_population
20471,LPLC2,right,acetylcholine,10584,DNp06,right,4,0.023255813953488372,visual_to_readout
20471,LPLC2,right,acetylcholine,17860,LC4,right,4,0.023255813953488372,cross_visual
20471,LPLC2,right,acetylcholine,19634,LC4,right,4,0.023255813953488372,cross_visual
18127,LC4,right,acetylcholine,20673,LC4,right,4,0.023255813953488372,intra_population
20471,LPLC2,right,acetylcholine,25511,LPLC2,right,4,0.023255813953488372,intra_population
20440,LC4,left,acetylcholine,516909,LC4,left,4,0.023255813953488372,intra_population
20471,LPLC2,right,acetylcholine,26147,LPLC2,right,4,0.023255813953488372,intra_population
20471,LPLC2,right,acetylcholine,27566,LPLC2,right,4,0.023255813953488372,intra_population
20471,LPLC2,right,acetylcholine,28003,LPLC2,right,4,0.023255813953488372,intra_population
20471,LPLC2,right,acetylcholine,35632,LPLC2,right,4,0.023255813953488372,intra_population
20334,LPLC2,right,acetylcholine,20162,LPLC2,right,4,0.023255813953488372,intra_population
20334,LPLC2,right,acetylcholine,18929,LPLC2,right,4,0.023255813953488372,intra_population
20334,LPLC2,right,acetylcholine,19842,LPLC2,right,4,0.023255813953488372,intra_population
20440,LC4,left,acetylcholine,31308,LC4,left,4,0.023255813953488372,intra_population
21299,LPLC2,left,acetylcholine,23665,LPLC2,left,4,0.023255813953488372,intra_population
20334,LPLC2,right,acetylcholine,24187,LPLC2,right,4,0.023255813953488372,intra_population
20694,LPLC2,right,acetylcholine,23878,LPLC2,right,4,0.023255813953488372,intra_population
17990,LPLC2,left,acetylcholine,20799,LPLC2,left,4,0.023255813953488372,intra_population
20269,LPLC2,right,acetylcholine,21769,LPLC2,right,4,0.023255813953488372,intra_population
20440,LC4,left,acetylcholine,515900,LC4,left,4,0.023255813953488372,intra_population
20334,LPLC2,right,acetylcholine,20584,LPLC2,right,4,0.023255813953488372,intra_population
20334,LPLC2,right,acetylcholine,24118,LPLC2,right,4,0.023255813953488372,intra_population
20334,LPLC2,right,acetylcholine,29216,LPLC2,right,4,0.023255813953488372,intra_population
20440,LC4,left,acetylcholine,29417,LC4,left,4,0.023255813953488372,intra_population
20334,LPLC2,right,acetylcholine,37431,LPLC2,right,4,0.023255813953488372,intra_population
18189,LC4,right,acetylcholine,17926,LC4,right,4,0.023255813953488372,intra_population
20399,LC4,right,acetylcholine,20673,LC4,right,4,0.023255813953488372,intra_population
18189,LC4,right,acetylcholine,17860,LC4,right,4,0.023255813953488372,intra_population
20399,LC4,right,acetylcholine,22034,LC4,right,4,0.023255813953488372,intra_population
20399,LC4,right,acetylcholine,31262,LC4,right,4,0.023255813953488372,intra_population
23392,LC4,right,acetylcholine,19420,LC4,right,4,0.023255813953488372,intra_population
23919,LPLC2,left,acetylcholine,533895,LPLC2,left,4,0.023255813953488372,intra_population
17551,LPLC2,right,acetylcholine,25497,LPLC2,right,4,0.023255813953488372,intra_population
531014,LPLC2,left,acetylcholine,17990,LPLC2,left,4,0.023255813953488372,intra_population
111903,LPLC2,left,acetylcholine,17990,LPLC2,left,4,0.023255813953488372,intra_population
111903,LPLC2,left,acetylcholine,18900,LPLC2,left,4,0.023255813953488372,intra_population
111903,LPLC2,left,acetylcholine,18936,LPLC2,left,4,0.023255813953488372,intra_population
111903,LPLC2,left,acetylcholine,24605,LPLC2,left,4,0.023255813953488372,intra_population
111903,LPLC2,left,acetylcholine,26416,LPLC2,left,4,0.023255813953488372,intra_population
111903,LPLC2,left,acetylcholine,29702,LPLC2,left,4,0.023255813953488372,intra_population
13764,LPLC2,left,acetylcholine,12384,LPLC2,left,4,0.023255813953488372,intra_population
13764,LPLC2,left,acetylcholine,11498,LPLC2,left,4,0.023255813953488372,intra_population
112292,LPLC2,left,acetylcholine,10228,DNp06,left,4,0.023255813953488372,visual_to_readout
100485,LC4,left,acetylcholine,519650,LC4,left,4,0.023255813953488372,intra_population
100485,LC4,left,acetylcholine,518016,LC4,left,4,0.023255813953488372,intra_population
100485,LC4,left,acetylcholine,77614,LC4,left,4,0.023255813953488372,intra_population
13764,LPLC2,left,acetylcholine,26416,LPLC2,left,4,0.023255813953488372,intra_population
95241,LPLC2,left,acetylcholine,111903,LPLC2,left,4,0.023255813953488372,intra_population
14030,LPLC2,left,acetylcholine,10010,DNp01,left,4,0.023255813953488372,visual_to_readout
13764,LPLC2,left,acetylcholine,13132,LPLC2,left,4,0.023255813953488372,intra_population
13764,LPLC2,left,acetylcholine,17544,LPLC2,left,4,0.023255813953488372,intra_population
95241,LPLC2,left,acetylcholine,24523,LC4,left,4,0.023255813953488372,cross_visual
107513,LC4,left,acetylcholine,34845,LC4,left,4,0.023255813953488372,intra_population
95241,LPLC2,left,acetylcholine,22253,LPLC2,left,4,0.023255813953488372,intra_population
112292,LPLC2,left,acetylcholine,12824,LC4,left,4,0.023255813953488372,cross_visual
111787,LC4,left,acetylcholine,29469,LC4,left,4,0.023255813953488372,intra_population
13764,LPLC2,left,acetylcholine,25572,LPLC2,left,4,0.023255813953488372,intra_population
107513,LC4,left,acetylcholine,16917,LC4,left,4,0.023255813953488372,intra_population
107513,LC4,left,acetylcholine,22772,LC4,left,4,0.023255813953488372,intra_population
107513,LC4,left,acetylcholine,35262,LC4,left,4,0.023255813953488372,intra_population
111787,LC4,left,acetylcholine,31301,LC4,left,4,0.023255813953488372,intra_population
107513,LC4,left,acetylcholine,81112,LC4,left,4,0.023255813953488372,intra_population
111787,LC4,left,acetylcholine,10228,DNp06,left,4,0.023255813953488372,visual_to_readout
111787,LC4,left,acetylcholine,12349,LC4,left,4,0.023255813953488372,intra_population
111787,LC4,left,acetylcholine,14888,LC4,left,4,0.023255813953488372,intra_population
111787,LC4,left,acetylcholine,17270,LC4,left,4,0.023255813953488372,intra_population
111787,LC4,left,acetylcholine,27829,LC4,left,4,0.023255813953488372,intra_population
95241,LPLC2,left,acetylcholine,515900,LC4,left,4,0.023255813953488372,cross_visual
95241,LPLC2,left,acetylcholine,517819,LPLC2,left,4,0.023255813953488372,intra_population
95241,LPLC2,left,acetylcholine,531014,LPLC2,left,4,0.023255813953488372,intra_population
524899,LC4,left,acetylcholine,29469,LC4,left,4,0.023255813953488372,intra_population
517078,LPLC2,left,acetylcholine,27796,LPLC2,left,4,0.023255813953488372,intra_population
517078,LPLC2,left,acetylcholine,112292,LPLC2,left,4,0.023255813953488372,intra_population
525844,LPLC2,left,acetylcholine,25027,LPLC2,left,4,0.023255813953488372,intra_population
524899,LC4,left,acetylcholine,20572,LC4,left,4,0.023255813953488372,intra_population
524899,LC4,left,acetylcholine,23226,LC4,left,4,0.023255813953488372,intra_population
524899,LC4,left,acetylcholine,28980,LC4,left,4,0.023255813953488372,intra_population
12032,LC4,left,acetylcholine,20976,LC4,left,4,0.023255813953488372,intra_population
100485,LC4,left,acetylcholine,20440,LC4,left,4,0.023255813953488372,intra_population
524899,LC4,left,acetylcholine,535341,LC4,left,4,0.023255813953488372,intra_population
12032,LC4,left,acetylcholine,20859,LC4,left,4,0.023255813953488372,intra_population
525844,LPLC2,left,acetylcholine,11498,LPLC2,left,4,0.023255813953488372,intra_population
525844,LPLC2,left,acetylcholine,19911,LPLC2,left,4,0.023255813953488372,intra_population
525844,LPLC2,left,acetylcholine,23550,LPLC2,left,4,0.023255813953488372,intra_population
525844,LPLC2,left,acetylcholine,23919,LPLC2,left,4,0.023255813953488372,intra_population
517078,LPLC2,left,acetylcholine,15804,LPLC2,left,4,0.023255813953488372,intra_population
100485,LC4,left,acetylcholine,17478,LC4,left,4,0.023255813953488372,intra_population
13764,LPLC2,left,acetylcholine,518731,LPLC2,left,4,0.023255813953488372,intra_population
100103,LPLC2,left,acetylcholine,24523,LC4,left,4,0.023255813953488372,cross_visual
100103,LPLC2,left,acetylcholine,13726,LPLC2,left,4,0.023255813953488372,intra_population
13764,LPLC2,left,acetylcholine,514670,LPLC2,left,4,0.023255813953488372,intra_population
100103,LPLC2,left,acetylcholine,17990,LPLC2,left,4,0.023255813953488372,intra_population
100103,LPLC2,left,acetylcholine,20329,LPLC2,left,4,0.023255813953488372,intra_population
100103,LPLC2,left,acetylcholine,20572,LC4,left,4,0.023255813953488372,cross_visual
100103,LPLC2,left,acetylcholine,21299,LPLC2,left,4,0.023255813953488372,intra_population
100103,LPLC2,left,acetylcholine,25524,LPLC2,left,4,0.023255813953488372,intra_population
100485,LC4,left,acetylcholine,12349,LC4,left,4,0.023255813953488372,intra_population
100103,LPLC2,left,acetylcholine,25854,LPLC2,left,4,0.023255813953488372,intra_population
100103,LPLC2,left,acetylcholine,31105,LPLC2,left,4,0.023255813953488372,intra_population
13764,LPLC2,left,acetylcholine,33137,LC4,left,4,0.023255813953488372,cross_visual
100103,LPLC2,left,acetylcholine,112292,LPLC2,left,4,0.023255813953488372,intra_population
100103,LPLC2,left,acetylcholine,514670,LPLC2,left,4,0.023255813953488372,intra_population
13764,LPLC2,left,acetylcholine,29702,LPLC2,left,4,0.023255813953488372,intra_population
95241,LPLC2,left,acetylcholine,17775,LPLC2,left,4,0.023255813953488372,intra_population
50287,LPLC2,right,acetylcholine,21808,LPLC2,right,4,0.023255813953488372,intra_population
50287,LPLC2,right,acetylcholine,19146,LPLC2,right,4,0.023255813953488372,intra_population
50287,LPLC2,right,acetylcholine,34110,LPLC2,right,4,0.023255813953488372,intra_population
40811,LPLC2,left,acetylcholine,34655,LPLC2,left,4,0.023255813953488372,intra_population
55627,LPLC2,right,acetylcholine,37925,LPLC2,right,4,0.023255813953488372,intra_population
50287,LPLC2,right,acetylcholine,27471,LPLC2,right,4,0.023255813953488372,intra_population
50287,LPLC2,right,acetylcholine,28871,LPLC2,right,4,0.023255813953488372,intra_population
50287,LPLC2,right,acetylcholine,29873,LPLC2,right,4,0.023255813953488372,intra_population
50287,LPLC2,right,acetylcholine,31988,LPLC2,right,4,0.023255813953488372,intra_population
14030,LPLC2,left,acetylcholine,30512,LPLC2,left,4,0.023255813953488372,intra_population
112292,LPLC2,left,acetylcholine,21361,LPLC2,left,4,0.023255813953488372,intra_population
55627,LPLC2,right,acetylcholine,29014,LPLC2,right,4,0.023255813953488372,intra_population
14030,LPLC2,left,acetylcholine,27355,LPLC2,left,4,0.023255813953488372,intra_population
55627,LPLC2,right,acetylcholine,31964,LPLC2,right,4,0.023255813953488372,intra_population
55627,LPLC2,right,acetylcholine,31988,LPLC2,right,4,0.023255813953488372,intra_population
55627,LPLC2,right,acetylcholine,34372,LPLC2,right,4,0.023255813953488372,intra_population
77614,LC4,left,acetylcholine,30087,LC4,left,4,0.023255813953488372,intra_population
112292,LPLC2,left,acetylcholine,17775,LPLC2,left,4,0.023255813953488372,intra_population
13132,LPLC2,left,acetylcholine,29702,LPLC2,left,4,0.023255813953488372,intra_population
77614,LC4,left,acetylcholine,517752,LC4,left,4,0.023255813953488372,intra_population
515476,LC4,left,acetylcholine,17608,LC4,left,4,0.023255813953488372,intra_population
514956,LC4,left,acetylcholine,32597,LC4,left,4,0.023255813953488372,intra_population
514956,LC4,left,acetylcholine,34845,LC4,left,4,0.023255813953488372,intra_population
514956,LC4,left,acetylcholine,518439,LC4,left,4,0.023255813953488372,intra_population
13726,LPLC2,left,acetylcholine,14102,LPLC2,left,4,0.023255813953488372,intra_population
515476,LC4,left,acetylcholine,12824,LC4,left,4,0.023255813953488372,intra_population
515476,LC4,left,acetylcholine,15018,LC4,left,4,0.023255813953488372,intra_population
515476,LC4,left,acetylcholine,20572,LC4,left,4,0.023255813953488372,intra_population
515900,LC4,left,acetylcholine,511914,LC4,left,4,0.023255813953488372,intra_population
515476,LC4,left,acetylcholine,29514,LC4,left,4,0.023255813953488372,intra_population
515900,LC4,left,acetylcholine,12032,LC4,left,4,0.023255813953488372,intra_population
13132,LPLC2,left,acetylcholine,517079,LPLC2,left,4,0.023255813953488372,intra_population
13132,LPLC2,left,acetylcholine,111903,LPLC2,left,4,0.023255813953488372,intra_population
515900,LC4,left,acetylcholine,18478,LC4,left,4,0.023255813953488372,intra_population
515900,LC4,left,acetylcholine,22922,LC4,left,4,0.023255813953488372,intra_population
95241,LPLC2,left,acetylcholine,21299,LPLC2,left,4,0.023255813953488372,intra_population
77614,LC4,left,acetylcholine,519650,LC4,left,4,0.023255813953488372,intra_population
14030,LPLC2,left,acetylcholine,95241,LPLC2,left,4,0.023255813953488372,intra_population
41097,LPLC2,left,acetylcholine,27355,LPLC2,left,4,0.023255813953488372,intra_population
40841,LPLC2,left,acetylcholine,517079,LPLC2,left,4,0.023255813953488372,intra_population
41097,LPLC2,left,acetylcholine,12384,LPLC2,left,4,0.023255813953488372,intra_population
41097,LPLC2,left,acetylcholine,22253,LPLC2,left,4,0.023255813953488372,intra_population
41097,LPLC2,left,acetylcholine,23247,LPLC2,left,4,0.023255813953488372,intra_population
41097,LPLC2,left,acetylcholine,23349,LPLC2,left,4,0.023255813953488372,intra_population
41097,LPLC2,left,acetylcholine,25136,LPLC2,left,4,0.023255813953488372,intra_population
41097,LPLC2,left,acetylcholine,32737,LPLC2,left,4,0.023255813953488372,intra_population
40841,LPLC2,left,acetylcholine,29815,LPLC2,left,4,0.023255813953488372,intra_population
41097,LPLC2,left,acetylcholine,33406,LPLC2,left,4,0.023255813953488372,intra_population
41097,LPLC2,left,acetylcholine,112292,LPLC2,left,4,0.023255813953488372,intra_population
41097,LPLC2,left,acetylcholine,515971,LPLC2,left,4,0.023255813953488372,intra_population
41097,LPLC2,left,acetylcholine,517079,LPLC2,left,4,0.023255813953488372,intra_population
41097,LPLC2,left,acetylcholine,525844,LPLC2,left,4,0.023255813953488372,intra_population
41097,LPLC2,left,acetylcholine,531014,LPLC2,left,4,0.023255813953488372,intra_population
40841,LPLC2,left,acetylcholine,41097,LPLC2,left,4,0.023255813953488372,intra_population
40841,LPLC2,left,acetylcholine,27399,LPLC2,left,4,0.023255813953488372,intra_population
81112,LC4,left,acetylcholine,16809,LC4,left,4,0.023255813953488372,intra_population
95241,LPLC2,left,acetylcholine,14888,LC4,left,4,0.023255813953488372,cross_visual
81112,LC4,left,acetylcholine,17478,LC4,left,4,0.023255813953488372,intra_population
81112,LC4,left,acetylcholine,18478,LC4,left,4,0.023255813953488372,intra_population
81112,LC4,left,acetylcholine,29469,LC4,left,4,0.023255813953488372,intra_population
81112,LC4,left,acetylcholine,34845,LC4,left,4,0.023255813953488372,intra_population
81112,LC4,left,acetylcholine,35616,LC4,left,4,0.023255813953488372,intra_population
81112,LC4,left,acetylcholine,511914,LC4,left,4,0.023255813953488372,intra_population
14030,LPLC2,left,acetylcholine,14102,LPLC2,left,4,0.023255813953488372,intra_population
40841,LPLC2,left,acetylcholine,14102,LPLC2,left,4,0.023255813953488372,intra_population
50287,LPLC2,right,acetylcholine,26915,LPLC2,right,4,0.023255813953488372,intra_population
50287,LPLC2,right,acetylcholine,25253,LPLC2,right,4,0.023255813953488372,intra_population
50287,LPLC2,right,acetylcholine,24187,LPLC2,right,4,0.023255813953488372,intra_population
50287,LPLC2,right,acetylcholine,22677,LPLC2,right,4,0.023255813953488372,intra_population
14102,LPLC2,left,acetylcholine,12824,LC4,left,4,0.023255813953488372,cross_visual
14102,LPLC2,left,acetylcholine,12384,LPLC2,left,4,0.023255813953488372,intra_population
525844,LPLC2,left,acetylcholine,27796,LPLC2,left,4,0.023255813953488372,intra_population
525844,LPLC2,left,acetylcholine,34655,LPLC2,left,4,0.023255813953488372,intra_population
517819,LPLC2,left,acetylcholine,22772,LC4,left,4,0.023255813953488372,cross_visual
11498,LPLC2,left,acetylcholine,533895,LPLC2,left,4,0.023255813953488372,intra_population
533895,LPLC2,left,acetylcholine,18900,LPLC2,left,4,0.023255813953488372,intra_population
520764,LPLC2,left,acetylcholine,515971,LPLC2,left,4,0.023255813953488372,intra_population
520764,LPLC2,left,acetylcholine,34655,LPLC2,left,4,0.023255813953488372,intra_population
520764,LPLC2,left,acetylcholine,33965,LPLC2,left,4,0.023255813953488372,intra_population
518439,LC4,left,acetylcholine,12349,LC4,left,4,0.023255813953488372,intra_population
12384,LPLC2,left,acetylcholine,24605,LPLC2,left,4,0.023255813953488372,intra_population
517819,LPLC2,left,acetylcholine,524366,LPLC2,left,4,0.023255813953488372,intra_population
12384,LPLC2,left,acetylcholine,23919,LPLC2,left,4,0.023255813953488372,intra_population
518016,LC4,left,acetylcholine,17270,LC4,left,4,0.023255813953488372,intra_population
518016,LC4,left,acetylcholine,23202,LC4,left,4,0.023255813953488372,intra_population
518016,LC4,left,acetylcholine,30087,LC4,left,4,0.023255813953488372,intra_population
518016,LC4,left,acetylcholine,35262,LC4,left,4,0.023255813953488372,intra_population
518016,LC4,left,acetylcholine,518544,LC4,left,4,0.023255813953488372,intra_population
518016,LC4,left,acetylcholine,526286,LC4,left,4,0.023255813953488372,intra_population
12384,LPLC2,left,acetylcholine,21361,LPLC2,left,4,0.023255813953488372,intra_population
533895,LPLC2,left,acetylcholine,17059,LPLC2,left,4,0.023255813953488372,intra_population
11498,LPLC2,left,acetylcholine,17270,LC4,left,4,0.023255813953488372,cross_visual
533129,LC4,left,acetylcholine,518439,LC4,left,4,0.023255813953488372,intra_population
532254,LC4,left,acetylcholine,512366,LC4,left,4,0.023255813953488372,intra_population
531014,LPLC2,left,acetylcholine,515971,LPLC2,left,4,0.023255813953488372,intra_population
531014,LPLC2,left,acetylcholine,517819,LPLC2,left,4,0.023255813953488372,intra_population
11498,LPLC2,left,acetylcholine,20240,LPLC2,left,4,0.023255813953488372,intra_population
532254,LC4,left,acetylcholine,17270,LC4,left,4,0.023255813953488372,intra_population
532254,LC4,left,acetylcholine,20572,LC4,left,4,0.023255813953488372,intra_population
532254,LC4,left,acetylcholine,28980,LC4,left,4,0.023255813953488372,intra_population
532254,LC4,left,acetylcholine,515900,LC4,left,4,0.023255813953488372,intra_population
533129,LC4,left,acetylcholine,518016,LC4,left,4,0.023255813953488372,intra_population
533129,LC4,left,acetylcholine,20976,LC4,left,4,0.023255813953488372,intra_population
533129,LC4,left,acetylcholine,22772,LC4,left,4,0.023255813953488372,intra_population
533129,LC4,left,acetylcholine,24523,LC4,left,4,0.023255813953488372,intra_population
533129,LC4,left,acetylcholine,28980,LC4,left,4,0.023255813953488372,intra_population
533129,LC4,left,acetylcholine,29469,LC4,left,4,0.023255813953488372,intra_population
533129,LC4,left,acetylcholine,31308,LC4,left,4,0.023255813953488372,intra_population
518016,LC4,left,acetylcholine,532254,LC4,left,4,0.023255813953488372,intra_population
518439,LC4,left,acetylcholine,16809,LC4,left,4,0.023255813953488372,intra_population
520764,LPLC2,left,acetylcholine,32223,LPLC2,left,4,0.023255813953488372,intra_population
12824,LC4,left,acetylcholine,12032,LC4,left,4,0.023255813953488372,intra_population
517079,LPLC2,left,acetylcholine,24840,LPLC2,left,4,0.023255813953488372,intra_population
517079,LPLC2,left,acetylcholine,25572,LPLC2,left,4,0.023255813953488372,intra_population
517079,LPLC2,left,acetylcholine,27355,LPLC2,left,4,0.023255813953488372,intra_population
517079,LPLC2,left,acetylcholine,134521,LPLC2,left,4,0.023255813953488372,intra_population
517079,LPLC2,left,acetylcholine,518731,LPLC2,left,4,0.023255813953488372,intra_population
517079,LPLC2,left,acetylcholine,533895,LPLC2,left,4,0.023255813953488372,intra_population
517752,LC4,left,acetylcholine,12824,LC4,left,4,0.023255813953488372,intra_population
12824,LC4,left,acetylcholine,24523,LC4,left,4,0.023255813953488372,intra_population
517752,LC4,left,acetylcholine,32597,LC4,left,4,0.023255813953488372,intra_population
517752,LC4,left,acetylcholine,518983,LC4,left,4,0.023255813953488372,intra_population
517752,LC4,left,acetylcholine,532254,LC4,left,4,0.023255813953488372,intra_population
517819,LPLC2,left,acetylcholine,12384,LPLC2,left,4,0.023255813953488372,intra_population
517819,LPLC2,left,acetylcholine,14030,LPLC2,left,4,0.023255813953488372,intra_population
12384,LPLC2,left,acetylcholine,515971,LPLC2,left,4,0.023255813953488372,intra_population
517079,LPLC2,left,acetylcholine,24605,LPLC2,left,4,0.023255813953488372,intra_population
517079,LPLC2,left,acetylcholine,18900,LPLC2,left,4,0.023255813953488372,intra_population
518439,LC4,left,acetylcholine,21721,LC4,left,4,0.023255813953488372,intra_population
518544,LC4,left,acetylcholine,18478,LC4,left,4,0.023255813953488372,intra_population
518439,LC4,left,acetylcholine,22772,LC4,left,4,0.023255813953488372,intra_population
518439,LC4,left,acetylcholine,512366,LC4,left,4,0.023255813953488372,intra_population
518439,LC4,left,acetylcholine,514956,LC4,left,4,0.023255813953488372,intra_population
12384,LPLC2,left,acetylcholine,17990,LPLC2,left,4,0.023255813953488372,intra_population
12384,LPLC2,left,acetylcholine,17544,LPLC2,left,4,0.023255813953488372,intra_population
518544,LC4,left,acetylcholine,16917,LC4,left,4,0.023255813953488372,intra_population
518544,LC4,left,acetylcholine,21721,LC4,left,4,0.023255813953488372,intra_population
517079,LPLC2,left,acetylcholine,15804,LPLC2,left,4,0.023255813953488372,intra_population
518544,LC4,left,acetylcholine,32597,LC4,left,4,0.023255813953488372,intra_population
518730,LC4,left,acetylcholine,20976,LC4,left,4,0.023255813953488372,intra_population
12384,LPLC2,left,acetylcholine,30893,LPLC2,left,4,0.023255813953488372,intra_population
517819,LPLC2,left,acetylcholine,32737,LPLC2,left,4,0.023255813953488372,intra_population
12384,LPLC2,left,acetylcholine,30895,LPLC2,left,4,0.023255813953488372,intra_population
517819,LPLC2,left,acetylcholine,29955,LPLC2,left,4,0.023255813953488372,intra_population
11498,LPLC2,left,acetylcholine,24523,LC4,left,4,0.023255813953488372,cross_visual
531014,LPLC2,left,acetylcholine,30893,LPLC2,left,4,0.023255813953488372,intra_population
11498,LPLC2,left,acetylcholine,25575,LPLC2,left,4,0.023255813953488372,intra_population
521115,LPLC2,left,acetylcholine,41097,LPLC2,left,4,0.023255813953488372,intra_population
521115,LPLC2,left,acetylcholine,26416,LPLC2,left,4,0.023255813953488372,intra_population
521115,LPLC2,left,acetylcholine,29319,LPLC2,left,4,0.023255813953488372,intra_population
521115,LPLC2,left,acetylcholine,29955,LPLC2,left,4,0.023255813953488372,intra_population
521115,LPLC2,left,acetylcholine,33406,LPLC2,left,4,0.023255813953488372,intra_population
521115,LPLC2,left,acetylcholine,34051,LPLC2,left,4,0.023255813953488372,intra_population
521115,LPLC2,left,acetylcholine,40841,LPLC2,left,4,0.023255813953488372,intra_population
521115,LPLC2,left,acetylcholine,517819,LPLC2,left,4,0.023255813953488372,intra_population
521115,LPLC2,left,acetylcholine,18936,LPLC2,left,4,0.023255813953488372,intra_population
521115,LPLC2,left,acetylcholine,518731,LPLC2,left,4,0.023255813953488372,intra_population
12032,LC4,left,acetylcholine,33137,LC4,left,4,0.023255813953488372,intra_population
524366,LPLC2,left,acetylcholine,15804,LPLC2,left,4,0.023255813953488372,intra_population
524366,LPLC2,left,acetylcholine,27023,LPLC2,left,4,0.023255813953488372,intra_population
524366,LPLC2,left,acetylcholine,30893,LPLC2,left,4,0.023255813953488372,intra_population
524366,LPLC2,left,acetylcholine,32223,LPLC2,left,4,0.023255813953488372,intra_population
521115,LPLC2,left,acetylcholine,25575,LPLC2,left,4,0.023255813953488372,intra_population
521115,LPLC2,left,acetylcholine,17775,LPLC2,left,4,0.023255813953488372,intra_population
524366,LPLC2,left,acetylcholine,112292,LPLC2,left,4,0.023255813953488372,intra_population
11498,LPLC2,left,acetylcholine,512705,LC4,left,4,0.023255813953488372,cross_visual
526286,LC4,left,acetylcholine,517752,LC4,left,4,0.023255813953488372,intra_population
526286,LC4,left,acetylcholine,519650,LC4,left,4,0.023255813953488372,intra_population
527408,LC4,right,acetylcholine,20399,LC4,right,4,0.023255813953488372,intra_population
527408,LC4,right,acetylcholine,23792,LC4,right,4,0.023255813953488372,intra_population
527408,LC4,right,acetylcholine,29563,LC4,right,4,0.023255813953488372,intra_population
527408,LC4,right,acetylcholine,30803,LC4,right,4,0.023255813953488372,intra_population
11498,LPLC2,left,acetylcholine,129687,LPLC2,left,4,0.023255813953488372,intra_population
12032,LC4,left,acetylcholine,515476,LC4,left,4,0.023255813953488372,intra_population
530029,LC4,left,acetylcholine,27750,LC4,left,4,0.023255813953488372,intra_population
524899,LC4,left,acetylcholine,18432,LC4,left,4,0.023255813953488372,intra_population
524899,LC4,left,acetylcholine,17270,LC4,left,4,0.023255813953488372,intra_population
524899,LC4,left,acetylcholine,12824,LC4,left,4,0.023255813953488372,intra_population
524366,LPLC2,left,acetylcholine,533895,LPLC2,left,4,0.023255813953488372,intra_population
12032,LC4,left,acetylcholine,519650,LC4,left,4,0.023255813953488372,intra_population
524366,LPLC2,left,acetylcholine,35294,LPLC2,left,4,0.023255813953488372,intra_population
524366,LPLC2,left,acetylcholine,129687,LPLC2,left,4,0.023255813953488372,intra_population
531014,LPLC2,left,acetylcholine,27716,LPLC2,left,4,0.023255813953488372,intra_population
536444,LPLC2,left,acetylcholine,28188,LPLC2,left,4,0.023255813953488372,intra_population
535341,LC4,left,acetylcholine,524899,LC4,left,4,0.023255813953488372,intra_population
536444,LPLC2,left,acetylcholine,19787,LPLC2,left,4,0.023255813953488372,intra_population
536444,LPLC2,left,acetylcholine,24308,LPLC2,left,4,0.023255813953488372,intra_population
536444,LPLC2,left,acetylcholine,24568,LPLC2,left,4,0.023255813953488372,intra_population
536444,LPLC2,left,acetylcholine,26528,LPLC2,left,4,0.023255813953488372,intra_population
536444,LPLC2,left,acetylcholine,27023,LPLC2,left,4,0.023255813953488372,intra_population
536444,LPLC2,left,acetylcholine,33406,LPLC2,left,4,0.023255813953488372,intra_population
531014,LPLC2,left,acetylcholine,22557,LPLC2,left,4,0.023255813953488372,intra_population
536444,LPLC2,left,acetylcholine,34655,LPLC2,left,4,0.023255813953488372,intra_population
536444,LPLC2,left,acetylcholine,525844,LPLC2,left,4,0.023255813953488372,intra_population
533895,LPLC2,left,acetylcholine,25027,LPLC2,left,4,0.023255813953488372,intra_population
533895,LPLC2,left,acetylcholine,23919,LPLC2,left,4,0.023255813953488372,intra_population
533895,LPLC2,left,acetylcholine,20329,LPLC2,left,4,0.023255813953488372,intra_population
533895,LPLC2,left,acetylcholine,18936,LPLC2,left,4,0.023255813953488372,intra_population
535341,LC4,left,acetylcholine,518544,LC4,left,4,0.023255813953488372,intra_population
535341,LC4,left,acetylcholine,81112,LC4,left,4,0.023255813953488372,intra_population
524366,LPLC2,left,acetylcholine,530029,LC4,left,4,0.023255813953488372,cross_visual
11137,DNp04,right,acetylcholine,21804,LC4,right,4,0.023255813953488372,readout_to_visual
530029,LC4,left,acetylcholine,29469,LC4,left,4,0.023255813953488372,intra_population
531014,LPLC2,left,acetylcholine,18900,LPLC2,left,4,0.023255813953488372,intra_population
12824,LC4,left,acetylcholine,31429,LC4,left,4,0.023255813953488372,intra_population
535341,LC4,left,acetylcholine,27750,LC4,left,4,0.023255813953488372,intra_population
533895,LPLC2,left,acetylcholine,25524,LPLC2,left,4,0.023255813953488372,intra_population
533895,LPLC2,left,acetylcholine,27796,LPLC2,left,4,0.023255813953488372,intra_population
533895,LPLC2,left,acetylcholine,32237,LPLC2,left,4,0.023255813953488372,intra_population
535341,LC4,left,acetylcholine,20859,LC4,left,4,0.023255813953488372,intra_population
533895,LPLC2,left,acetylcholine,111903,LPLC2,left,4,0.023255813953488372,intra_population
533895,LPLC2,left,acetylcholine,517819,LPLC2,left,4,0.023255813953488372,intra_population
533895,LPLC2,left,acetylcholine,531014,LPLC2,left,4,0.023255813953488372,intra_population
533895,LPLC2,left,acetylcholine,536444,LPLC2,left,4,0.023255813953488372,intra_population
535341,LC4,left,acetylcholine,12824,LC4,left,4,0.023255813953488372,intra_population
535341,LC4,left,acetylcholine,14888,LC4,left,4,0.023255813953488372,intra_population
514956,LC4,left,acetylcholine,22772,LC4,left,4,0.023255813953488372,intra_population
514956,LC4,left,acetylcholine,10228,DNp06,left,4,0.023255813953488372,visual_to_readout
514670,LPLC2,left,acetylcholine,518731,LPLC2,left,4,0.023255813953488372,intra_population
514670,LPLC2,left,acetylcholine,41097,LPLC2,left,4,0.023255813953488372,intra_population
16809,LC4,left,acetylcholine,35262,LC4,left,4,0.023255813953488372,intra_population
29702,LPLC2,left,acetylcholine,24605,LPLC2,left,4,0.023255813953488372,intra_population
28871,LPLC2,right,acetylcholine,27566,LPLC2,right,4,0.023255813953488372,intra_population
28871,LPLC2,right,acetylcholine,20103,LPLC2,right,4,0.023255813953488372,intra_population
29014,LPLC2,right,acetylcholine,20162,LPLC2,right,4,0.023255813953488372,intra_population
28188,LPLC2,left,acetylcholine,25524,LPLC2,left,4,0.023255813953488372,intra_population
29391,LPLC2,right,acetylcholine,21562,LPLC2,right,4,0.023255813953488372,intra_population
29287,LPLC2,right,acetylcholine,26393,LPLC2,right,4,0.023255813953488372,intra_population
16917,LC4,left,acetylcholine,15018,LC4,left,4,0.023255813953488372,intra_population
29391,LPLC2,right,acetylcholine,20535,LPLC2,right,4,0.023255813953488372,intra_population
29391,LPLC2,right,acetylcholine,33439,LPLC2,right,4,0.023255813953488372,intra_population
17054,LC4,right,acetylcholine,17668,LC4,right,4,0.023255813953488372,intra_population
29391,LPLC2,right,acetylcholine,34372,LPLC2,right,4,0.023255813953488372,intra_population
28188,LPLC2,left,acetylcholine,33965,LPLC2,left,4,0.023255813953488372,intra_population
16917,LC4,left,acetylcholine,31301,LC4,left,4,0.023255813953488372,intra_population
29319,LPLC2,left,acetylcholine,134521,LPLC2,left,4,0.023255813953488372,intra_population
28188,LPLC2,left,acetylcholine,95241,LPLC2,left,4,0.023255813953488372,intra_population
28871,LPLC2,right,acetylcholine,20694,LPLC2,right,4,0.023255813953488372,intra_population
16917,LC4,left,acetylcholine,31429,LC4,left,4,0.023255813953488372,intra_population
29702,LPLC2,left,acetylcholine,30893,LPLC2,left,4,0.023255813953488372,intra_population
29563,LC4,right,acetylcholine,22328,LC4,right,4,0.023255813953488372,intra_population
29216,LPLC2,right,acetylcholine,50287,LPLC2,right,4,0.023255813953488372,intra_population
16628,LC4,right,acetylcholine,20673,LC4,right,4,0.023255813953488372,intra_population
16809,LC4,left,acetylcholine,37587,LC4,left,4,0.023255813953488372,intra_population
16628,LC4,right,acetylcholine,20542,LC4,right,4,0.023255813953488372,intra_population
29014,LPLC2,right,acetylcholine,19420,LC4,right,4,0.023255813953488372,cross_visual
28871,LPLC2,right,acetylcholine,22261,LPLC2,right,4,0.023255813953488372,intra_population
28044,LPLC2,right,acetylcholine,24401,LPLC2,right,4,0.023255813953488372,intra_population
29014,LPLC2,right,acetylcholine,19549,LPLC2,right,4,0.023255813953488372,intra_population
29391,LPLC2,right,acetylcholine,27566,LPLC2,right,4,0.023255813953488372,intra_population
28871,LPLC2,right,acetylcholine,26393,LPLC2,right,4,0.023255813953488372,intra_population
29702,LPLC2,left,acetylcholine,536444,LPLC2,left,4,0.023255813953488372,intra_population
28980,LC4,left,acetylcholine,518544,LC4,left,4,0.023255813953488372,intra_population
29014,LPLC2,right,acetylcholine,19249,LPLC2,right,4,0.023255813953488372,intra_population
29702,LPLC2,left,acetylcholine,25027,LPLC2,left,4,0.023255813953488372,intra_population
29287,LPLC2,right,acetylcholine,24401,LPLC2,right,4,0.023255813953488372,intra_population
29287,LPLC2,right,acetylcholine,19034,LPLC2,right,4,0.023255813953488372,intra_population
29287,LPLC2,right,acetylcholine,20047,LPLC2,right,4,0.023255813953488372,intra_population
28871,LPLC2,right,acetylcholine,25511,LPLC2,right,4,0.023255813953488372,intra_population
28044,LPLC2,right,acetylcholine,21769,LPLC2,right,4,0.023255813953488372,intra_population
29514,LC4,left,acetylcholine,17340,LC4,left,4,0.023255813953488372,intra_population
28188,LPLC2,left,acetylcholine,31105,LPLC2,left,4,0.023255813953488372,intra_population
29702,LPLC2,left,acetylcholine,134521,LPLC2,left,4,0.023255813953488372,intra_population
29753,LPLC2,left,acetylcholine,10228,DNp06,left,4,0.023255813953488372,visual_to_readout
28188,LPLC2,left,acetylcholine,29815,LPLC2,left,4,0.023255813953488372,intra_population
29753,LPLC2,left,acetylcholine,17544,LPLC2,left,4,0.023255813953488372,intra_population
28980,LC4,left,acetylcholine,35616,LC4,left,4,0.023255813953488372,intra_population
28188,LPLC2,left,acetylcholine,23550,LPLC2,left,4,0.023255813953488372,intra_population
29469,LC4,left,acetylcholine,533129,LC4,left,4,0.023255813953488372,intra_population
28871,LPLC2,right,acetylcholine,31988,LPLC2,right,4,0.023255813953488372,intra_population
29216,LPLC2,right,acetylcholine,25511,LPLC2,right,4,0.023255813953488372,intra_population
29702,LPLC2,left,acetylcholine,25209,LPLC2,left,4,0.023255813953488372,intra_population
29702,LPLC2,left,acetylcholine,40811,LPLC2,left,4,0.023255813953488372,intra_population
29287,LPLC2,right,acetylcholine,24800,LPLC2,right,4,0.023255813953488372,intra_population
29287,LPLC2,right,acetylcholine,23497,LPLC2,right,4,0.023255813953488372,intra_population
28188,LPLC2,left,acetylcholine,27796,LPLC2,left,4,0.023255813953488372,intra_population
29702,LPLC2,left,acetylcholine,28188,LPLC2,left,4,0.023255813953488372,intra_population
28871,LPLC2,right,acetylcholine,23878,LPLC2,right,4,0.023255813953488372,intra_population
28871,LPLC2,right,acetylcholine,23590,LPLC2,right,4,0.023255813953488372,intra_population
29287,LPLC2,right,acetylcholine,23878,LPLC2,right,4,0.023255813953488372,intra_population
29287,LPLC2,right,acetylcholine,23590,LPLC2,right,4,0.023255813953488372,intra_population
29391,LPLC2,right,acetylcholine,25316,LPLC2,right,4,0.023255813953488372,intra_population
29702,LPLC2,left,acetylcholine,25575,LPLC2,left,4,0.023255813953488372,intra_population
17054,LC4,right,acetylcholine,20917,LC4,right,4,0.023255813953488372,intra_population
29514,LC4,left,acetylcholine,27750,LC4,left,4,0.023255813953488372,intra_population
29702,LPLC2,left,acetylcholine,27399,LPLC2,left,4,0.023255813953488372,intra_population
29287,LPLC2,right,acetylcholine,21862,LPLC2,right,4,0.023255813953488372,intra_population
29287,LPLC2,right,acetylcholine,25511,LPLC2,right,4,0.023255813953488372,intra_population
28044,LPLC2,right,acetylcholine,24268,LPLC2,right,4,0.023255813953488372,intra_population
28741,LPLC2,right,acetylcholine,28044,LPLC2,right,4,0.023255813953488372,intra_population
28741,LPLC2,right,acetylcholine,23878,LPLC2,right,4,0.023255813953488372,intra_population
29469,LC4,left,acetylcholine,29417,LC4,left,4,0.023255813953488372,intra_population
29598,LPLC2,right,acetylcholine,29986,LPLC2,right,4,0.023255813953488372,intra_population
28044,LPLC2,right,acetylcholine,29014,LPLC2,right,4,0.023255813953488372,intra_population
16628,LC4,right,acetylcholine,18127,LC4,right,4,0.023255813953488372,intra_population
28044,LPLC2,right,acetylcholine,29183,LPLC2,right,4,0.023255813953488372,intra_population
29287,LPLC2,right,acetylcholine,37925,LPLC2,right,4,0.023255813953488372,intra_population
29873,LPLC2,right,acetylcholine,18672,LPLC2,right,4,0.023255813953488372,intra_population
29183,LPLC2,right,acetylcholine,34110,LPLC2,right,4,0.023255813953488372,intra_population
29319,LPLC2,left,acetylcholine,23550,LPLC2,left,4,0.023255813953488372,intra_population
29183,LPLC2,right,acetylcholine,35632,LPLC2,right,4,0.023255813953488372,intra_population
28741,LPLC2,right,acetylcholine,10584,DNp06,right,4,0.023255813953488372,visual_to_readout
29815,LPLC2,left,acetylcholine,517819,LPLC2,left,4,0.023255813953488372,intra_population
29815,LPLC2,left,acetylcholine,31563,LPLC2,left,4,0.023255813953488372,intra_population
16917,LC4,left,acetylcholine,518544,LC4,left,4,0.023255813953488372,intra_population
29319,LPLC2,left,acetylcholine,129687,LPLC2,left,4,0.023255813953488372,intra_population
29598,LPLC2,right,acetylcholine,21769,LPLC2,right,4,0.023255813953488372,intra_population
28044,LPLC2,right,acetylcholine,33694,LPLC2,right,4,0.023255813953488372,intra_population
29183,LPLC2,right,acetylcholine,21562,LPLC2,right,4,0.023255813953488372,intra_population
29183,LPLC2,right,acetylcholine,26393,LPLC2,right,4,0.023255813953488372,intra_population
29183,LPLC2,right,acetylcholine,20282,LC4,right,4,0.023255813953488372,cross_visual
23349,LPLC2,left,acetylcholine,129687,LPLC2,left,4,0.023255813953488372,intra_population
29014,LPLC2,right,acetylcholine,27471,LPLC2,right,4,0.023255813953488372,intra_population
28044,LPLC2,right,acetylcholine,29391,LPLC2,right,4,0.023255813953488372,intra_population
28741,LPLC2,right,acetylcholine,26147,LPLC2,right,4,0.023255813953488372,intra_population
29183,LPLC2,right,acetylcholine,29287,LPLC2,right,4,0.023255813953488372,intra_population
28741,LPLC2,right,acetylcholine,25267,LPLC2,right,4,0.023255813953488372,intra_population
29469,LC4,left,acetylcholine,37587,LC4,left,4,0.023255813953488372,intra_population
29319,LPLC2,left,acetylcholine,28188,LPLC2,left,4,0.023255813953488372,intra_population
29469,LC4,left,acetylcholine,77614,LC4,left,4,0.023255813953488372,intra_population
29469,LC4,left,acetylcholine,34845,LC4,left,4,0.023255813953488372,intra_population
28011,LPLC2,left,acetylcholine,517079,LPLC2,left,4,0.023255813953488372,intra_population
29014,LPLC2,right,acetylcholine,30041,LPLC2,right,4,0.023255813953488372,intra_population
29469,LC4,left,acetylcholine,20859,LC4,left,4,0.023255813953488372,intra_population
28044,LPLC2,right,acetylcholine,37431,LPLC2,right,4,0.023255813953488372,intra_population
28741,LPLC2,right,acetylcholine,24268,LPLC2,right,4,0.023255813953488372,intra_population
28188,LPLC2,left,acetylcholine,18900,LPLC2,left,4,0.023255813953488372,intra_population
29417,LC4,left,acetylcholine,77614,LC4,left,4,0.023255813953488372,intra_population
28741,LPLC2,right,acetylcholine,29873,LPLC2,right,4,0.023255813953488372,intra_population
16917,LC4,left,acetylcholine,12032,LC4,left,4,0.023255813953488372,intra_population
28044,LPLC2,right,acetylcholine,29986,LPLC2,right,4,0.023255813953488372,intra_population
29183,LPLC2,right,acetylcholine,28741,LPLC2,right,4,0.023255813953488372,intra_population
29014,LPLC2,right,acetylcholine,29986,LPLC2,right,4,0.023255813953488372,intra_population
29319,LPLC2,left,acetylcholine,13764,LPLC2,left,4,0.023255813953488372,intra_population
28741,LPLC2,right,acetylcholine,22194,LC4,right,4,0.023255813953488372,cross_visual
28044,LPLC2,right,acetylcholine,35632,LPLC2,right,4,0.023255813953488372,intra_population
29873,LPLC2,right,acetylcholine,10584,DNp06,right,4,0.023255813953488372,visual_to_readout
29598,LPLC2,right,acetylcholine,24268,LPLC2,right,4,0.023255813953488372,intra_population
29815,LPLC2,left,acetylcholine,34407,LPLC2,left,4,0.023255813953488372,intra_population
29469,LC4,left,acetylcholine,15018,LC4,left,4,0.023255813953488372,intra_population
16917,LC4,left,acetylcholine,524899,LC4,left,4,0.023255813953488372,intra_population
28945,LC4,right,acetylcholine,22966,LC4,right,4,0.023255813953488372,intra_population
17054,LC4,right,acetylcholine,16628,LC4,right,4,0.023255813953488372,intra_population
28011,LPLC2,left,acetylcholine,525844,LPLC2,left,4,0.023255813953488372,intra_population
28011,LPLC2,left,acetylcholine,533895,LPLC2,left,4,0.023255813953488372,intra_population
29014,LPLC2,right,acetylcholine,37431,LPLC2,right,4,0.023255813953488372,intra_population
28741,LPLC2,right,acetylcholine,24118,LPLC2,right,4,0.023255813953488372,intra_population
29815,LPLC2,left,acetylcholine,40841,LPLC2,left,4,0.023255813953488372,intra_population
29815,LPLC2,left,acetylcholine,40811,LPLC2,left,4,0.023255813953488372,intra_population
29183,LPLC2,right,acetylcholine,27566,LPLC2,right,4,0.023255813953488372,intra_population
28741,LPLC2,right,acetylcholine,20047,LPLC2,right,4,0.023255813953488372,intra_population
29417,LC4,left,acetylcholine,515900,LC4,left,4,0.023255813953488372,intra_population
29417,LC4,left,acetylcholine,111787,LC4,left,4,0.023255813953488372,intra_population
29873,LPLC2,right,acetylcholine,16628,LC4,right,4,0.023255813953488372,cross_visual
28741,LPLC2,right,acetylcholine,30938,LPLC2,right,4,0.023255813953488372,intra_population
29469,LC4,left,acetylcholine,21721,LC4,left,4,0.023255813953488372,intra_population
29598,LPLC2,right,acetylcholine,22218,LPLC2,right,4,0.023255813953488372,intra_population
28011,LPLC2,left,acetylcholine,536444,LPLC2,left,4,0.023255813953488372,intra_population
16628,LC4,right,acetylcholine,22194,LC4,right,4,0.023255813953488372,intra_population
28741,LPLC2,right,acetylcholine,30207,LPLC2,right,4,0.023255813953488372,intra_population
28741,LPLC2,right,acetylcholine,20103,LPLC2,right,4,0.023255813953488372,intra_population
28741,LPLC2,right,acetylcholine,35680,LPLC2,right,4,0.023255813953488372,intra_population
29216,LPLC2,right,acetylcholine,24401,LPLC2,right,4,0.023255813953488372,intra_population
29417,LC4,left,acetylcholine,12032,LC4,left,4,0.023255813953488372,intra_population
129687,LPLC2,left,acetylcholine,40811,LPLC2,left,4,0.023255813953488372,intra_population
13726,LPLC2,left,acetylcholine,520764,LPLC2,left,4,0.023255813953488372,intra_population
129687,LPLC2,left,acetylcholine,24840,LPLC2,left,4,0.023255813953488372,intra_population
129687,LPLC2,left,acetylcholine,27829,LC4,left,4,0.023255813953488372,cross_visual
129687,LPLC2,left,acetylcholine,30895,LPLC2,left,4,0.023255813953488372,intra_population
129687,LPLC2,left,acetylcholine,34407,LPLC2,left,4,0.023255813953488372,intra_population
129687,LPLC2,left,acetylcholine,35294,LPLC2,left,4,0.023255813953488372,intra_population
129687,LPLC2,left,acetylcholine,112292,LPLC2,left,4,0.023255813953488372,intra_population
112292,LPLC2,left,acetylcholine,518730,LC4,left,4,0.023255813953488372,cross_visual
129687,LPLC2,left,acetylcholine,515971,LPLC2,left,4,0.023255813953488372,intra_population
13726,LPLC2,left,acetylcholine,134521,LPLC2,left,4,0.023255813953488372,intra_population
134521,LPLC2,left,acetylcholine,13764,LPLC2,left,4,0.023255813953488372,intra_population
13726,LPLC2,left,acetylcholine,112292,LPLC2,left,4,0.023255813953488372,intra_population
134521,LPLC2,left,acetylcholine,27796,LPLC2,left,4,0.023255813953488372,intra_population
134521,LPLC2,left,acetylcholine,520764,LPLC2,left,4,0.023255813953488372,intra_population
112292,LPLC2,left,acetylcholine,520764,LPLC2,left,4,0.023255813953488372,intra_population
112292,LPLC2,left,acetylcholine,100103,LPLC2,left,4,0.023255813953488372,intra_population
514670,LPLC2,left,acetylcholine,17478,LC4,left,4,0.023255813953488372,cross_visual
512366,LC4,left,acetylcholine,12349,LC4,left,4,0.023255813953488372,intra_population
514508,LC4,left,acetylcholine,16917,LC4,left,4,0.023255813953488372,intra_population
514508,LC4,left,acetylcholine,17653,LC4,left,4,0.023255813953488372,intra_population
514508,LC4,left,acetylcholine,31301,LC4,left,4,0.023255813953488372,intra_population
514508,LC4,left,acetylcholine,35262,LC4,left,4,0.023255813953488372,intra_population
514508,LC4,left,acetylcholine,518730,LC4,left,4,0.023255813953488372,intra_population
514508,LC4,left,acetylcholine,532254,LC4,left,4,0.023255813953488372,intra_population
511914,LC4,left,acetylcholine,515900,LC4,left,4,0.023255813953488372,intra_population
112292,LPLC2,left,acetylcholine,41097,LPLC2,left,4,0.023255813953488372,intra_population
511914,LC4,left,acetylcholine,22922,LC4,left,4,0.023255813953488372,intra_population
511914,LC4,left,acetylcholine,17270,LC4,left,4,0.023255813953488372,intra_population
112292,LPLC2,left,acetylcholine,23349,LPLC2,left,4,0.023255813953488372,intra_population
112292,LPLC2,left,acetylcholine,25136,LPLC2,left,4,0.023255813953488372,intra_population
112292,LPLC2,left,acetylcholine,26416,LPLC2,left,4,0.023255813953488372,intra_population
112292,LPLC2,left,acetylcholine,33965,LPLC2,left,4,0.023255813953488372,intra_population
13726,LPLC2,left,acetylcholine,95241,LPLC2,left,4,0.023255813953488372,intra_population
514670,LPLC2,left,acetylcholine,22253,LPLC2,left,4,0.023255813953488372,intra_population
13726,LPLC2,left,acetylcholine,25854,LPLC2,left,4,0.023255813953488372,intra_population
516909,LC4,left,acetylcholine,533129,LC4,left,4,0.023255813953488372,intra_population
516909,LC4,left,acetylcholine,17478,LC4,left,4,0.023255813953488372,intra_population
516909,LC4,left,acetylcholine,20572,LC4,left,4,0.023255813953488372,intra_population
516909,LC4,left,acetylcholine,20967,LC4,left,4,0.023255813953488372,intra_population
516909,LC4,left,acetylcholine,81112,LC4,left,4,0.023255813953488372,intra_population
516909,LC4,left,acetylcholine,518730,LC4,left,4,0.023255813953488372,intra_population
516909,LC4,left,acetylcholine,520449,LC4,left,4,0.023255813953488372,intra_population
515971,LPLC2,left,acetylcholine,14102,LPLC2,left,4,0.023255813953488372,intra_population
13132,LPLC2,left,acetylcholine,14102,LPLC2,left,4,0.023255813953488372,intra_population
13132,LPLC2,left,acetylcholine,21361,LPLC2,left,4,0.023255813953488372,intra_population
515971,LPLC2,left,acetylcholine,12384,LPLC2,left,4,0.023255813953488372,intra_population
515971,LPLC2,left,acetylcholine,11498,LPLC2,left,4,0.023255813953488372,intra_population
13726,LPLC2,left,acetylcholine,20799,LPLC2,left,4,0.023255813953488372,intra_population
514670,LPLC2,left,acetylcholine,24840,LPLC2,left,4,0.023255813953488372,intra_population
514670,LPLC2,left,acetylcholine,26528,LPLC2,left,4,0.023255813953488372,intra_population
13132,LPLC2,left,acetylcholine,13764,LPLC2,left,4,0.023255813953488372,intra_population
515971,LPLC2,left,acetylcholine,41097,LPLC2,left,4,0.023255813953488372,intra_population
112292,LPLC2,left,acetylcholine,20329,LPLC2,left,4,0.023255813953488372,intra_population
515971,LPLC2,left,acetylcholine,22557,LPLC2,left,4,0.023255813953488372,intra_population
515971,LPLC2,left,acetylcholine,32237,LPLC2,left,4,0.023255813953488372,intra_population
13132,LPLC2,left,acetylcholine,20240,LPLC2,left,4,0.023255813953488372,intra_population
515971,LPLC2,left,acetylcholine,18478,LC4,left,4,0.023255813953488372,cross_visual
515971,LPLC2,left,acetylcholine,18900,LPLC2,left,4,0.023255813953488372,intra_population
13132,LPLC2,left,acetylcholine,19830,LPLC2,left,4,0.023255813953488372,intra_population
515971,LPLC2,left,acetylcholine,20799,LPLC2,left,4,0.023255813953488372,intra_population
13132,LPLC2,left,acetylcholine,17544,LPLC2,left,4,0.023255813953488372,intra_population
515971,LPLC2,left,acetylcholine,40811,LPLC2,left,4,0.023255813953488372,intra_population
13132,LPLC2,left,acetylcholine,17059,LPLC2,left,4,0.023255813953488372,intra_population
515971,LPLC2,left,acetylcholine,27355,LPLC2,left,4,0.023255813953488372,intra_population
515971,LPLC2,left,acetylcholine,27716,LPLC2,left,4,0.023255813953488372,intra_population
515971,LPLC2,left,acetylcholine,31563,LPLC2,left,4,0.023255813953488372,intra_population
13132,LPLC2,left,acetylcholine,15804,LPLC2,left,4,0.023255813953488372,intra_population
514670,LPLC2,left,acetylcholine,22557,LPLC2,left,4,0.023255813953488372,intra_population
514508,LC4,left,acetylcholine,12349,LC4,left,4,0.023255813953488372,intra_population
512705,LC4,left,acetylcholine,524899,LC4,left,4,0.023255813953488372,intra_population
29287,LPLC2,right,acetylcholine,33185,LPLC2,right,4,0.023255813953488372,intra_population
29216,LPLC2,right,acetylcholine,30041,LPLC2,right,4,0.023255813953488372,intra_population
29417,LC4,left,acetylcholine,27829,LC4,left,4,0.023255813953488372,intra_population
29183,LPLC2,right,acetylcholine,38542,LPLC2,right,4,0.023255813953488372,intra_population
28980,LC4,left,acetylcholine,23202,LC4,left,4,0.023255813953488372,intra_population
28741,LPLC2,right,acetylcholine,37925,LPLC2,right,4,0.023255813953488372,intra_population
29753,LPLC2,left,acetylcholine,20329,LPLC2,left,4,0.023255813953488372,intra_population
29391,LPLC2,right,acetylcholine,55627,LPLC2,right,4,0.023255813953488372,intra_population
28871,LPLC2,right,acetylcholine,10584,DNp06,right,4,0.023255813953488372,visual_to_readout
28044,LPLC2,right,acetylcholine,18929,LPLC2,right,4,0.023255813953488372,intra_population
29753,LPLC2,left,acetylcholine,20799,LPLC2,left,4,0.023255813953488372,intra_population
29391,LPLC2,right,acetylcholine,35632,LPLC2,right,4,0.023255813953488372,intra_population
28188,LPLC2,left,acetylcholine,25286,LPLC2,left,4,0.023255813953488372,intra_population
29391,LPLC2,right,acetylcholine,19608,LPLC2,right,4,0.023255813953488372,intra_population
28871,LPLC2,right,acetylcholine,29216,LPLC2,right,4,0.023255813953488372,intra_population
29391,LPLC2,right,acetylcholine,14465,LPLC2,right,4,0.023255813953488372,intra_population
29287,LPLC2,right,acetylcholine,37613,LPLC2,right,4,0.023255813953488372,intra_population
29216,LPLC2,right,acetylcholine,10584,DNp06,right,4,0.023255813953488372,visual_to_readout
28044,LPLC2,right,acetylcholine,24800,LPLC2,right,4,0.023255813953488372,intra_population
29815,LPLC2,left,acetylcholine,17990,LPLC2,left,4,0.023255813953488372,intra_population
28980,LC4,left,acetylcholine,20967,LC4,left,4,0.023255813953488372,intra_population
29815,LPLC2,left,acetylcholine,13764,LPLC2,left,4,0.023255813953488372,intra_population
29469,LC4,left,acetylcholine,530029,LC4,left,4,0.023255813953488372,intra_population
28044,LPLC2,right,acetylcholine,28871,LPLC2,right,4,0.023255813953488372,intra_population
29216,LPLC2,right,acetylcholine,20334,LPLC2,right,4,0.023255813953488372,intra_population
29417,LC4,left,acetylcholine,18396,LC4,left,4,0.023255813953488372,intra_population
29815,LPLC2,left,acetylcholine,23550,LPLC2,left,4,0.023255813953488372,intra_population
29216,LPLC2,right,acetylcholine,11137,DNp04,right,4,0.023255813953488372,visual_to_readout
28188,LPLC2,left,acetylcholine,21361,LPLC2,left,4,0.023255813953488372,intra_population
29815,LPLC2,left,acetylcholine,24308,LPLC2,left,4,0.023255813953488372,intra_population
29417,LC4,left,acetylcholine,20976,LC4,left,4,0.023255813953488372,intra_population
16628,LC4,right,acetylcholine,21336,LC4,right,4,0.023255813953488372,intra_population
29469,LC4,left,acetylcholine,524899,LC4,left,4,0.023255813953488372,intra_population
28980,LC4,left,acetylcholine,17653,LC4,left,4,0.023255813953488372,intra_population
29216,LPLC2,right,acetylcholine,29986,LPLC2,right,4,0.023255813953488372,intra_population
29287,LPLC2,right,acetylcholine,27566,LPLC2,right,4,0.023255813953488372,intra_population
512705,LC4,left,acetylcholine,515900,LC4,left,4,0.023255813953488372,intra_population
13726,LPLC2,left,acetylcholine,27716,LPLC2,left,4,0.023255813953488372,intra_population
512366,LC4,left,acetylcholine,33137,LC4,left,4,0.023255813953488372,intra_population
512366,LC4,left,acetylcholine,77614,LC4,left,4,0.023255813953488372,intra_population
512366,LC4,left,acetylcholine,111787,LC4,left,4,0.023255813953488372,intra_population
512366,LC4,left,acetylcholine,518439,LC4,left,4,0.023255813953488372,intra_population
13726,LPLC2,left,acetylcholine,30895,LPLC2,left,4,0.023255813953488372,intra_population
512366,LC4,left,acetylcholine,532254,LC4,left,4,0.023255813953488372,intra_population
512705,LC4,left,acetylcholine,27750,LC4,left,4,0.023255813953488372,intra_population
29873,LPLC2,right,acetylcholine,19229,LPLC2,right,4,0.023255813953488372,intra_population
512705,LC4,left,acetylcholine,27829,LC4,left,4,0.023255813953488372,intra_population
512705,LC4,left,acetylcholine,28980,LC4,left,4,0.023255813953488372,intra_population
512705,LC4,left,acetylcholine,29417,LC4,left,4,0.023255813953488372,intra_population
512705,LC4,left,acetylcholine,100485,LC4,left,4,0.023255813953488372,intra_population
514670,LPLC2,left,acetylcholine,19787,LPLC2,left,4,0.023255813953488372,intra_population
512705,LC4,left,acetylcholine,511914,LC4,left,4,0.023255813953488372,intra_population
512705,LC4,left,acetylcholine,31308,LC4,left,4,0.023255813953488372,intra_population
35889,LPLC2,right,acetylcholine,20047,LPLC2,right,4,0.023255813953488372,intra_population
28871,LPLC2,right,acetylcholine,29287,LPLC2,right,4,0.023255813953488372,intra_population
28871,LPLC2,right,acetylcholine,29598,LPLC2,right,4,0.023255813953488372,intra_population
28188,LPLC2,left,acetylcholine,129687,LPLC2,left,4,0.023255813953488372,intra_population
29753,LPLC2,left,acetylcholine,25854,LPLC2,left,4,0.023255813953488372,intra_population
29702,LPLC2,left,acetylcholine,19911,LPLC2,left,4,0.023255813953488372,intra_population
29753,LPLC2,left,acetylcholine,27716,LPLC2,left,4,0.023255813953488372,intra_population
29753,LPLC2,left,acetylcholine,32737,LPLC2,left,4,0.023255813953488372,intra_population
29514,LC4,left,acetylcholine,514956,LC4,left,4,0.023255813953488372,intra_population
29014,LPLC2,right,acetylcholine,22677,LPLC2,right,4,0.023255813953488372,intra_population
28741,LPLC2,right,acetylcholine,25253,LPLC2,right,4,0.023255813953488372,intra_population
29391,LPLC2,right,acetylcholine,10584,DNp06,right,4,0.023255813953488372,visual_to_readout
28188,LPLC2,left,acetylcholine,24605,LPLC2,left,4,0.023255813953488372,intra_population
28188,LPLC2,left,acetylcholine,24308,LPLC2,left,4,0.023255813953488372,intra_population
29753,LPLC2,left,acetylcholine,517819,LPLC2,left,4,0.023255813953488372,intra_population
28980,LC4,left,acetylcholine,29417,LC4,left,4,0.023255813953488372,intra_population
29391,LPLC2,right,acetylcholine,39620,LPLC2,right,4,0.023255813953488372,intra_population
12384,LPLC2,left,acetylcholine,33137,LC4,left,4,0.023255813953488372,cross_visual
29216,LPLC2,right,acetylcholine,29183,LPLC2,right,4,0.023255813953488372,intra_population
517819,LPLC2,left,acetylcholine,24308,LPLC2,left,4,0.023255813953488372,intra_population
35838,LPLC2,right,acetylcholine,20588,LC4,right,4,0.023255813953488372,cross_visual
37613,LPLC2,right,acetylcholine,31262,LC4,right,4,0.023255813953488372,cross_visual
37613,LPLC2,right,acetylcholine,37925,LPLC2,right,4,0.023255813953488372,intra_population
37613,LPLC2,right,acetylcholine,39620,LPLC2,right,4,0.023255813953488372,intra_population
37613,LPLC2,right,acetylcholine,55627,LPLC2,right,4,0.023255813953488372,intra_population
14102,LPLC2,left,acetylcholine,21361,LPLC2,left,4,0.023255813953488372,intra_population
37925,LPLC2,right,acetylcholine,21045,LPLC2,right,4,0.023255813953488372,intra_population
37925,LPLC2,right,acetylcholine,34372,LPLC2,right,4,0.023255813953488372,intra_population
14465,LPLC2,right,acetylcholine,19549,LPLC2,right,4,0.023255813953488372,intra_population
35262,LC4,left,acetylcholine,22772,LC4,left,4,0.023255813953488372,intra_population
35262,LC4,left,acetylcholine,16809,LC4,left,4,0.023255813953488372,intra_population
33439,LPLC2,right,acetylcholine,31988,LPLC2,right,4,0.023255813953488372,intra_population
33406,LPLC2,left,acetylcholine,25027,LPLC2,left,4,0.023255813953488372,intra_population
33406,LPLC2,left,acetylcholine,26416,LPLC2,left,4,0.023255813953488372,intra_population
33406,LPLC2,left,acetylcholine,29815,LPLC2,left,4,0.023255813953488372,intra_population
33406,LPLC2,left,acetylcholine,32237,LPLC2,left,4,0.023255813953488372,intra_population
37613,LPLC2,right,acetylcholine,29183,LPLC2,right,4,0.023255813953488372,intra_population
37613,LPLC2,right,acetylcholine,27471,LPLC2,right,4,0.023255813953488372,intra_population
37613,LPLC2,right,acetylcholine,22218,LPLC2,right,4,0.023255813953488372,intra_population
37431,LPLC2,right,acetylcholine,31964,LPLC2,right,4,0.023255813953488372,intra_population
37925,LPLC2,right,acetylcholine,37431,LPLC2,right,4,0.023255813953488372,intra_population
37925,LPLC2,right,acetylcholine,35680,LPLC2,right,4,0.023255813953488372,intra_population
37431,LPLC2,right,acetylcholine,23878,LPLC2,right,4,0.023255813953488372,intra_population
37431,LPLC2,right,acetylcholine,24401,LPLC2,right,4,0.023255813953488372,intra_population
37431,LPLC2,right,acetylcholine,28003,LPLC2,right,4,0.023255813953488372,intra_population
37431,LPLC2,right,acetylcholine,29014,LPLC2,right,4,0.023255813953488372,intra_population
37431,LPLC2,right,acetylcholine,31988,LPLC2,right,4,0.023255813953488372,intra_population
37613,LPLC2,right,acetylcholine,19842,LPLC2,right,4,0.023255813953488372,intra_population
37431,LPLC2,right,acetylcholine,34681,LPLC2,right,4,0.023255813953488372,intra_population
37431,LPLC2,right,acetylcholine,35680,LPLC2,right,4,0.023255813953488372,intra_population
37587,LC4,left,acetylcholine,16809,LC4,left,4,0.023255813953488372,intra_population
14102,LPLC2,left,acetylcholine,25209,LPLC2,left,4,0.023255813953488372,intra_population
37587,LC4,left,acetylcholine,107513,LC4,left,4,0.023255813953488372,intra_population
37613,LPLC2,right,acetylcholine,17551,LPLC2,right,4,0.023255813953488372,intra_population
33406,LPLC2,left,acetylcholine,33303,LPLC2,left,4,0.023255813953488372,intra_population
14888,LC4,left,acetylcholine,20572,LC4,left,4,0.023255813953488372,intra_population
33439,LPLC2,right,acetylcholine,20047,LPLC2,right,4,0.023255813953488372,intra_population
33185,LPLC2,right,acetylcholine,25497,LPLC2,right,4,0.023255813953488372,intra_population
33406,LPLC2,left,acetylcholine,18900,LPLC2,left,4,0.023255813953488372,intra_population
33396,LPLC2,right,acetylcholine,38542,LPLC2,right,4,0.023255813953488372,intra_population
33185,LPLC2,right,acetylcholine,19608,LPLC2,right,4,0.023255813953488372,intra_population
33185,LPLC2,right,acetylcholine,21045,LPLC2,right,4,0.023255813953488372,intra_population
33185,LPLC2,right,acetylcholine,21769,LPLC2,right,4,0.023255813953488372,intra_population
33185,LPLC2,right,acetylcholine,25267,LPLC2,right,4,0.023255813953488372,intra_population
33185,LPLC2,right,acetylcholine,29216,LPLC2,right,4,0.023255813953488372,intra_population
33406,LPLC2,left,acetylcholine,24840,LPLC2,left,4,0.023255813953488372,intra_population
33185,LPLC2,right,acetylcholine,32507,LPLC2,right,4,0.023255813953488372,intra_population
33185,LPLC2,right,acetylcholine,33396,LPLC2,right,4,0.023255813953488372,intra_population
33303,LPLC2,left,acetylcholine,13764,LPLC2,left,4,0.023255813953488372,intra_population
14888,LC4,left,acetylcholine,111787,LC4,left,4,0.023255813953488372,intra_population
33303,LPLC2,left,acetylcholine,19787,LPLC2,left,4,0.023255813953488372,intra_population
33303,LPLC2,left,acetylcholine,24568,LPLC2,left,4,0.023255813953488372,intra_population
33406,LPLC2,left,acetylcholine,23919,LPLC2,left,4,0.023255813953488372,intra_population
33965,LPLC2,left,acetylcholine,25209,LPLC2,left,4,0.023255813953488372,intra_population
33439,LPLC2,right,acetylcholine,22261,LPLC2,right,4,0.023255813953488372,intra_population
33694,LPLC2,right,acetylcholine,20103,LPLC2,right,4,0.023255813953488372,intra_population
33439,LPLC2,right,acetylcholine,24268,LPLC2,right,4,0.023255813953488372,intra_population
33439,LPLC2,right,acetylcholine,26730,LPLC2,right,4,0.023255813953488372,intra_population
33439,LPLC2,right,acetylcholine,29216,LPLC2,right,4,0.023255813953488372,intra_population
33439,LPLC2,right,acetylcholine,39620,LPLC2,right,4,0.023255813953488372,intra_population
35262,LC4,left,acetylcholine,15018,LC4,left,4,0.023255813953488372,intra_population
33439,LPLC2,right,acetylcholine,50287,LPLC2,right,4,0.023255813953488372,intra_population
33694,LPLC2,right,acetylcholine,24800,LPLC2,right,4,0.023255813953488372,intra_population
33965,LPLC2,left,acetylcholine,24840,LPLC2,left,4,0.023255813953488372,intra_population
33694,LPLC2,right,acetylcholine,26915,LPLC2,right,4,0.023255813953488372,intra_population
33694,LPLC2,right,acetylcholine,28871,LPLC2,right,4,0.023255813953488372,intra_population
33694,LPLC2,right,acetylcholine,31257,LPLC2,right,4,0.023255813953488372,intra_population
33965,LPLC2,left,acetylcholine,13132,LPLC2,left,4,0.023255813953488372,intra_population
33965,LPLC2,left,acetylcholine,17775,LPLC2,left,4,0.023255813953488372,intra_population
33965,LPLC2,left,acetylcholine,24568,LPLC2,left,4,0.023255813953488372,intra_population
38065,LC4,right,acetylcholine,16138,LC4,right,4,0.023255813953488372,intra_population
38065,LC4,right,acetylcholine,21313,LC4,right,4,0.023255813953488372,intra_population
40811,LPLC2,left,acetylcholine,32737,LPLC2,left,4,0.023255813953488372,intra_population
35262,LC4,left,acetylcholine,514956,LC4,left,4,0.023255813953488372,intra_population
35632,LPLC2,right,acetylcholine,26730,LPLC2,right,4,0.023255813953488372,intra_population
35262,LC4,left,acetylcholine,34845,LC4,left,4,0.023255813953488372,intra_population
35262,LC4,left,acetylcholine,81112,LC4,left,4,0.023255813953488372,intra_population
35262,LC4,left,acetylcholine,107513,LC4,left,4,0.023255813953488372,intra_population
35262,LC4,left,acetylcholine,512366,LC4,left,4,0.023255813953488372,intra_population
35262,LC4,left,acetylcholine,514508,LC4,left,4,0.023255813953488372,intra_population
35262,LC4,left,acetylcholine,518439,LC4,left,4,0.023255813953488372,intra_population
35632,LPLC2,right,acetylcholine,30207,LPLC2,right,4,0.023255813953488372,intra_population
35294,LPLC2,left,acetylcholine,23665,LPLC2,left,4,0.023255813953488372,intra_population
35294,LPLC2,left,acetylcholine,25575,LPLC2,left,4,0.023255813953488372,intra_population
35294,LPLC2,left,acetylcholine,30893,LPLC2,left,4,0.023255813953488372,intra_population
35294,LPLC2,left,acetylcholine,31105,LPLC2,left,4,0.023255813953488372,intra_population
35294,LPLC2,left,acetylcholine,33303,LPLC2,left,4,0.023255813953488372,intra_population
35294,LPLC2,left,acetylcholine,524366,LPLC2,left,4,0.023255813953488372,intra_population
35632,LPLC2,right,acetylcholine,28044,LPLC2,right,4,0.023255813953488372,intra_population
35632,LPLC2,right,acetylcholine,30803,LC4,right,4,0.023255813953488372,cross_visual
35616,LC4,left,acetylcholine,20859,LC4,left,4,0.023255813953488372,intra_population
35889,LPLC2,right,acetylcholine,22218,LPLC2,right,4,0.023255813953488372,intra_population
14102,LPLC2,left,acetylcholine,112292,LPLC2,left,4,0.023255813953488372,intra_population
35838,LPLC2,right,acetylcholine,32507,LPLC2,right,4,0.023255813953488372,intra_population
35889,LPLC2,right,acetylcholine,20182,LPLC2,right,4,0.023255813953488372,intra_population
37431,LPLC2,right,acetylcholine,20103,LPLC2,right,4,0.023255813953488372,intra_population
35889,LPLC2,right,acetylcholine,20269,LPLC2,right,4,0.023255813953488372,intra_population
35889,LPLC2,right,acetylcholine,20584,LPLC2,right,4,0.023255813953488372,intra_population
35889,LPLC2,right,acetylcholine,24118,LPLC2,right,4,0.023255813953488372,intra_population
14102,LPLC2,left,acetylcholine,27716,LPLC2,left,4,0.023255813953488372,intra_population
35889,LPLC2,right,acetylcholine,24800,LPLC2,right,4,0.023255813953488372,intra_population
35889,LPLC2,right,acetylcholine,26147,LPLC2,right,4,0.023255813953488372,intra_population
14102,LPLC2,left,acetylcholine,41097,LPLC2,left,4,0.023255813953488372,intra_population
14102,LPLC2,left,acetylcholine,40841,LPLC2,left,4,0.023255813953488372,intra_population
35889,LPLC2,right,acetylcholine,34681,LPLC2,right,4,0.023255813953488372,intra_population
35889,LPLC2,right,acetylcholine,35680,LPLC2,right,4,0.023255813953488372,intra_population
14465,LPLC2,right,acetylcholine,16628,LC4,right,4,0.023255813953488372,cross_visual
35616,LC4,left,acetylcholine,22772,LC4,left,4,0.023255813953488372,intra_population
40811,LPLC2,left,acetylcholine,28188,LPLC2,left,4,0.023255813953488372,intra_population
39620,LPLC2,right,acetylcholine,24268,LPLC2,right,4,0.023255813953488372,intra_population
38542,LPLC2,right,acetylcholine,35680,LPLC2,right,4,0.023255813953488372,intra_population
38542,LPLC2,right,acetylcholine,37613,LPLC2,right,4,0.023255813953488372,intra_population
38542,LPLC2,right,acetylcholine,39620,LPLC2,right,4,0.023255813953488372,intra_population
39620,LPLC2,right,acetylcholine,23590,LPLC2,right,4,0.023255813953488372,intra_population
37431,LPLC2,right,acetylcholine,21336,LC4,right,4,0.023255813953488372,cross_visual
39620,LPLC2,right,acetylcholine,23878,LPLC2,right,4,0.023255813953488372,intra_population
39620,LPLC2,right,acetylcholine,27566,LPLC2,right,4,0.023255813953488372,intra_population
38542,LPLC2,right,acetylcholine,31988,LPLC2,right,4,0.023255813953488372,intra_population
39620,LPLC2,right,acetylcholine,30207,LPLC2,right,4,0.023255813953488372,intra_population
39620,LPLC2,right,acetylcholine,35632,LPLC2,right,4,0.023255813953488372,intra_population
40811,LPLC2,left,acetylcholine,14102,LPLC2,left,4,0.023255813953488372,intra_population
40811,LPLC2,left,acetylcholine,17775,LPLC2,left,4,0.023255813953488372,intra_population
40811,LPLC2,left,acetylcholine,25209,LPLC2,left,4,0.023255813953488372,intra_population
40811,LPLC2,left,acetylcholine,27716,LPLC2,left,4,0.023255813953488372,intra_population
38542,LPLC2,right,acetylcholine,32507,LPLC2,right,4,0.023255813953488372,intra_population
38542,LPLC2,right,acetylcholine,27566,LPLC2,right,4,0.023255813953488372,intra_population
35616,LC4,left,acetylcholine,23202,LC4,left,4,0.023255813953488372,intra_population
37431,LPLC2,right,acetylcholine,14465,LPLC2,right,4,0.023255813953488372,intra_population
35616,LC4,left,acetylcholine,28980,LC4,left,4,0.023255813953488372,intra_population
35616,LC4,left,acetylcholine,514508,LC4,left,4,0.023255813953488372,intra_population
35616,LC4,left,acetylcholine,533129,LC4,left,4,0.023255813953488372,intra_population
35632,LPLC2,right,acetylcholine,10001,DNp01,right,4,0.023255813953488372,visual_to_readout
35632,LPLC2,right,acetylcholine,17364,LC4,right,4,0.023255813953488372,cross_visual
35632,LPLC2,right,acetylcholine,23929,LC4,right,4,0.023255813953488372,cross_visual
37431,LPLC2,right,acetylcholine,20535,LPLC2,right,4,0.023255813953488372,intra_population
38542,LPLC2,right,acetylcholine,20182,LPLC2,right,4,0.023255813953488372,intra_population
14888,LC4,left,acetylcholine,532254,LC4,left,4,0.023255813953488372,intra_population
39620,LPLC2,right,acetylcholine,20535,LPLC2,right,4,0.023255813953488372,intra_population
38065,LC4,right,acetylcholine,21804,LC4,right,4,0.023255813953488372,intra_population
38065,LC4,right,acetylcholine,22034,LC4,right,4,0.023255813953488372,intra_population
38065,LC4,right,acetylcholine,22328,LC4,right,4,0.023255813953488372,intra_population
38542,LPLC2,right,acetylcholine,17364,LC4,right,4,0.023255813953488372,cross_visual
33303,LPLC2,left,acetylcholine,27716,LPLC2,left,4,0.023255813953488372,intra_population
33303,LPLC2,left,acetylcholine,28188,LPLC2,left,4,0.023255813953488372,intra_population
14888,LC4,left,acetylcholine,33137,LC4,left,4,0.023255813953488372,intra_population
22261,LPLC2,right,acetylcholine,20584,LPLC2,right,4,0.023255813953488372,intra_population
17653,LC4,left,acetylcholine,515476,LC4,left,4,0.023255813953488372,intra_population
22557,LPLC2,left,acetylcholine,520764,LPLC2,left,4,0.023255813953488372,intra_population
17668,LC4,right,acetylcholine,21151,LC4,right,4,0.023255813953488372,intra_population
22557,LPLC2,left,acetylcholine,27796,LPLC2,left,4,0.023255813953488372,intra_population
22328,LC4,right,acetylcholine,22847,LC4,right,4,0.023255813953488372,intra_population
22261,LPLC2,right,acetylcholine,20535,LPLC2,right,4,0.023255813953488372,intra_population
22261,LPLC2,right,acetylcholine,23878,LPLC2,right,4,0.023255813953488372,intra_population
22922,LC4,left,acetylcholine,512705,LC4,left,4,0.023255813953488372,intra_population
22261,LPLC2,right,acetylcholine,25267,LPLC2,right,4,0.023255813953488372,intra_population
22261,LPLC2,right,acetylcholine,30041,LPLC2,right,4,0.023255813953488372,intra_population
22261,LPLC2,right,acetylcholine,31964,LPLC2,right,4,0.023255813953488372,intra_population
22261,LPLC2,right,acetylcholine,34110,LPLC2,right,4,0.023255813953488372,intra_population
22328,LC4,right,acetylcholine,16138,LC4,right,4,0.023255813953488372,intra_population
22328,LC4,right,acetylcholine,17364,LC4,right,4,0.023255813953488372,intra_population
22922,LC4,left,acetylcholine,515900,LC4,left,4,0.023255813953488372,intra_population
22922,LC4,left,acetylcholine,81112,LC4,left,4,0.023255813953488372,intra_population
17774,LPLC2,left,acetylcholine,17059,LPLC2,left,4,0.023255813953488372,intra_population
22847,LC4,right,acetylcholine,19543,LC4,right,4,0.023255813953488372,intra_population
22677,LPLC2,right,acetylcholine,27566,LPLC2,right,4,0.023255813953488372,intra_population
22772,LC4,left,acetylcholine,23202,LC4,left,4,0.023255813953488372,intra_population
22772,LC4,left,acetylcholine,24523,LC4,left,4,0.023255813953488372,intra_population
22772,LC4,left,acetylcholine,514956,LC4,left,4,0.023255813953488372,intra_population
17668,LC4,right,acetylcholine,17054,LC4,right,4,0.023255813953488372,intra_population
17668,LC4,right,acetylcholine,16138,LC4,right,4,0.023255813953488372,intra_population
22847,LC4,right,acetylcholine,20399,LC4,right,4,0.023255813953488372,intra_population
22922,LC4,left,acetylcholine,33137,LC4,left,4,0.023255813953488372,intra_population
22847,LC4,right,acetylcholine,20588,LC4,right,4,0.023255813953488372,intra_population
22847,LC4,right,acetylcholine,22328,LC4,right,4,0.023255813953488372,intra_population
17653,LC4,left,acetylcholine,533129,LC4,left,4,0.023255813953488372,intra_population
22847,LC4,right,acetylcholine,30803,LC4,right,4,0.023255813953488372,intra_population
22922,LC4,left,acetylcholine,17653,LC4,left,4,0.023255813953488372,intra_population
22922,LC4,left,acetylcholine,20976,LC4,left,4,0.023255813953488372,intra_population
22328,LC4,right,acetylcholine,19634,LC4,right,4,0.023255813953488372,intra_population
22328,LC4,right,acetylcholine,21804,LC4,right,4,0.023255813953488372,intra_population
22677,LPLC2,right,acetylcholine,22218,LPLC2,right,4,0.023255813953488372,intra_population
17551,LPLC2,right,acetylcholine,30938,LPLC2,right,4,0.023255813953488372,intra_population
23247,LPLC2,left,acetylcholine,511914,LC4,left,4,0.023255813953488372,cross_visual
23247,LPLC2,left,acetylcholine,531014,LPLC2,left,4,0.023255813953488372,intra_population
23349,LPLC2,left,acetylcholine,13726,LPLC2,left,4,0.023255813953488372,intra_population
23349,LPLC2,left,acetylcholine,17059,LPLC2,left,4,0.023255813953488372,intra_population
17551,LPLC2,right,acetylcholine,35680,LPLC2,right,4,0.023255813953488372,intra_population
17551,LPLC2,right,acetylcholine,35632,LPLC2,right,4,0.023255813953488372,intra_population
17551,LPLC2,right,acetylcholine,29873,LPLC2,right,4,0.023255813953488372,intra_population
23349,LPLC2,left,acetylcholine,100103,LPLC2,left,4,0.023255813953488372,intra_population
23349,LPLC2,left,acetylcholine,24840,LPLC2,left,4,0.023255813953488372,intra_population
23349,LPLC2,left,acetylcholine,25286,LPLC2,left,4,0.023255813953488372,intra_population
23349,LPLC2,left,acetylcholine,95241,LPLC2,left,4,0.023255813953488372,intra_population
23349,LPLC2,left,acetylcholine,112292,LPLC2,left,4,0.023255813953488372,intra_population
517819,LPLC2,left,acetylcholine,25209,LPLC2,left,4,0.023255813953488372,intra_population
23247,LPLC2,left,acetylcholine,33406,LPLC2,left,4,0.023255813953488372,intra_population
23247,LPLC2,left,acetylcholine,129687,LPLC2,left,4,0.023255813953488372,intra_population
22975,LC4,right,acetylcholine,19543,LC4,right,4,0.023255813953488372,intra_population
22328,LC4,right,acetylcholine,22966,LC4,right,4,0.023255813953488372,intra_population
17668,LC4,right,acetylcholine,21336,LC4,right,4,0.023255813953488372,intra_population
22557,LPLC2,left,acetylcholine,27355,LPLC2,left,4,0.023255813953488372,intra_population
17774,LPLC2,left,acetylcholine,13132,LPLC2,left,4,0.023255813953488372,intra_population
22328,LC4,right,acetylcholine,38065,LC4,right,4,0.023255813953488372,intra_population
17668,LC4,right,acetylcholine,23098,LC4,right,4,0.023255813953488372,intra_population
22557,LPLC2,left,acetylcholine,13764,LPLC2,left,4,0.023255813953488372,intra_population
22557,LPLC2,left,acetylcholine,17059,LPLC2,left,4,0.023255813953488372,intra_population
22557,LPLC2,left,acetylcholine,20329,LPLC2,left,4,0.023255813953488372,intra_population
22966,LC4,right,acetylcholine,527408,LC4,right,4,0.023255813953488372,intra_population
17668,LC4,right,acetylcholine,21225,LC4,right,4,0.023255813953488372,intra_population
22557,LPLC2,left,acetylcholine,23919,LPLC2,left,4,0.023255813953488372,intra_population
22557,LPLC2,left,acetylcholine,24568,LPLC2,left,4,0.023255813953488372,intra_population
22557,LPLC2,left,acetylcholine,24605,LPLC2,left,4,0.023255813953488372,intra_population
22557,LPLC2,left,acetylcholine,24840,LPLC2,left,4,0.023255813953488372,intra_population
22966,LC4,right,acetylcholine,22328,LC4,right,4,0.023255813953488372,intra_population
22677,LPLC2,right,acetylcholine,23497,LPLC2,right,4,0.023255813953488372,intra_population
22677,LPLC2,right,acetylcholine,21899,LPLC2,right,4,0.023255813953488372,intra_population
33303,LPLC2,left,acetylcholine,41097,LPLC2,left,4,0.023255813953488372,intra_population
34681,LPLC2,right,acetylcholine,26147,LPLC2,right,4,0.023255813953488372,intra_population
34407,LPLC2,left,acetylcholine,514670,LPLC2,left,4,0.023255813953488372,intra_population
34655,LPLC2,left,acetylcholine,27023,LPLC2,left,4,0.023255813953488372,intra_population
14465,LPLC2,right,acetylcholine,21318,LPLC2,right,4,0.023255813953488372,intra_population
34655,LPLC2,left,acetylcholine,521115,LPLC2,left,4,0.023255813953488372,intra_population
34681,LPLC2,right,acetylcholine,20471,LPLC2,right,4,0.023255813953488372,intra_population
34681,LPLC2,right,acetylcholine,20808,LC4,right,4,0.023255813953488372,cross_visual
34681,LPLC2,right,acetylcholine,26915,LPLC2,right,4,0.023255813953488372,intra_population
34407,LPLC2,left,acetylcholine,129687,LPLC2,left,4,0.023255813953488372,intra_population
34681,LPLC2,right,acetylcholine,29014,LPLC2,right,4,0.023255813953488372,intra_population
34681,LPLC2,right,acetylcholine,34372,LPLC2,right,4,0.023255813953488372,intra_population
34681,LPLC2,right,acetylcholine,38542,LPLC2,right,4,0.023255813953488372,intra_population
34845,LC4,left,acetylcholine,16809,LC4,left,4,0.023255813953488372,intra_population
34845,LC4,left,acetylcholine,29417,LC4,left,4,0.023255813953488372,intra_population
34845,LC4,left,acetylcholine,32597,LC4,left,4,0.023255813953488372,intra_population
34407,LPLC2,left,acetylcholine,134521,LPLC2,left,4,0.023255813953488372,intra_population
34407,LPLC2,left,acetylcholine,41097,LPLC2,left,4,0.023255813953488372,intra_population
35262,LC4,left,acetylcholine,10228,DNp06,left,4,0.023255813953488372,visual_to_readout
33396,LPLC2,right,acetylcholine,34681,LPLC2,right,4,0.023255813953488372,intra_population
33303,LPLC2,left,acetylcholine,520764,LPLC2,left,4,0.023255813953488372,intra_population
33303,LPLC2,left,acetylcholine,536444,LPLC2,left,4,0.023255813953488372,intra_population
33396,LPLC2,right,acetylcholine,19034,LPLC2,right,4,0.023255813953488372,intra_population
33396,LPLC2,right,acetylcholine,28044,LPLC2,right,4,0.023255813953488372,intra_population
33396,LPLC2,right,acetylcholine,33185,LPLC2,right,4,0.023255813953488372,intra_population
33396,LPLC2,right,acetylcholine,33694,LPLC2,right,4,0.023255813953488372,intra_population
33965,LPLC2,left,acetylcholine,29815,LPLC2,left,4,0.023255813953488372,intra_population
34407,LPLC2,left,acetylcholine,40841,LPLC2,left,4,0.023255813953488372,intra_population
33965,LPLC2,left,acetylcholine,32223,LPLC2,left,4,0.023255813953488372,intra_population
33965,LPLC2,left,acetylcholine,35262,LC4,left,4,0.023255813953488372,cross_visual
34407,LPLC2,left,acetylcholine,24568,LPLC2,left,4,0.023255813953488372,intra_population
34407,LPLC2,left,acetylcholine,27829,LC4,left,4,0.023255813953488372,cross_visual
34407,LPLC2,left,acetylcholine,29955,LPLC2,left,4,0.023255813953488372,intra_population
34407,LPLC2,left,acetylcholine,32737,LPLC2,left,4,0.023255813953488372,intra_population
14465,LPLC2,right,acetylcholine,20047,LPLC2,right,4,0.023255813953488372,intra_population
34407,LPLC2,left,acetylcholine,24840,LPLC2,left,4,0.023255813953488372,intra_population
22677,LPLC2,right,acetylcholine,17548,LC4,right,4,0.023255813953488372,cross_visual
28011,LPLC2,left,acetylcholine,34655,LPLC2,left,4,0.023255813953488372,intra_population
34372,LPLC2,right,acetylcholine,55627,LPLC2,right,4,0.023255813953488372,intra_population
14465,LPLC2,right,acetylcholine,22677,LPLC2,right,4,0.023255813953488372,intra_population
34407,LPLC2,left,acetylcholine,10228,DNp06,left,4,0.023255813953488372,visual_to_readout
34407,LPLC2,left,acetylcholine,12384,LPLC2,left,4,0.023255813953488372,intra_population
34407,LPLC2,left,acetylcholine,13726,LPLC2,left,4,0.023255813953488372,intra_population
34407,LPLC2,left,acetylcholine,17775,LPLC2,left,4,0.023255813953488372,intra_population
18936,LPLC2,left,acetylcholine,20329,LPLC2,left,4,0.023255813953488372,intra_population
34372,LPLC2,right,acetylcholine,37613,LPLC2,right,4,0.023255813953488372,intra_population
28011,LPLC2,left,acetylcholine,34051,LPLC2,left,4,0.023255813953488372,intra_population
17880,LPLC2,left,acetylcholine,12384,LPLC2,left,4,0.023255813953488372,intra_population
17668,LC4,right,acetylcholine,19954,LC4,right,4,0.023255813953488372,intra_population
22557,LPLC2,left,acetylcholine,536444,LPLC2,left,4,0.023255813953488372,intra_population
17668,LC4,right,acetylcholine,19634,LC4,right,4,0.023255813953488372,intra_population
22677,LPLC2,right,acetylcholine,14465,LPLC2,right,4,0.023255813953488372,intra_population
14465,LPLC2,right,acetylcholine,24187,LPLC2,right,4,0.023255813953488372,intra_population
34372,LPLC2,right,acetylcholine,31257,LPLC2,right,4,0.023255813953488372,intra_population
34407,LPLC2,left,acetylcholine,19787,LPLC2,left,4,0.023255813953488372,intra_population
34051,LPLC2,left,acetylcholine,30893,LPLC2,left,4,0.023255813953488372,intra_population
33965,LPLC2,left,acetylcholine,35294,LPLC2,left,4,0.023255813953488372,intra_population
34407,LPLC2,left,acetylcholine,18936,LPLC2,left,4,0.023255813953488372,intra_population
33965,LPLC2,left,acetylcholine,40811,LPLC2,left,4,0.023255813953488372,intra_population
34051,LPLC2,left,acetylcholine,23919,LPLC2,left,4,0.023255813953488372,intra_population
34051,LPLC2,left,acetylcholine,29319,LPLC2,left,4,0.023255813953488372,intra_population
34051,LPLC2,left,acetylcholine,30512,LPLC2,left,4,0.023255813953488372,intra_population
34051,LPLC2,left,acetylcholine,41097,LPLC2,left,4,0.023255813953488372,intra_population
34372,LPLC2,right,acetylcholine,26730,LPLC2,right,4,0.023255813953488372,intra_population
34051,LPLC2,left,acetylcholine,514670,LPLC2,left,4,0.023255813953488372,intra_population
14465,LPLC2,right,acetylcholine,26730,LPLC2,right,4,0.023255813953488372,intra_population
34110,LPLC2,right,acetylcholine,18672,LPLC2,right,4,0.023255813953488372,intra_population
34110,LPLC2,right,acetylcholine,20162,LPLC2,right,4,0.023255813953488372,intra_population
34110,LPLC2,right,acetylcholine,26915,LPLC2,right,4,0.023255813953488372,intra_population
34110,LPLC2,right,acetylcholine,38542,LPLC2,right,4,0.023255813953488372,intra_population
35838,LPLC2,right,acetylcholine,21899,LPLC2,right,4,0.023255813953488372,intra_population
34110,LPLC2,right,acetylcholine,24268,LPLC2,right,4,0.023255813953488372,intra_population
35838,LPLC2,right,acetylcholine,20334,LPLC2,right,4,0.023255813953488372,intra_population
31988,LPLC2,right,acetylcholine,24268,LPLC2,right,4,0.023255813953488372,intra_population
31257,LPLC2,right,acetylcholine,22261,LPLC2,right,4,0.023255813953488372,intra_population
31257,LPLC2,right,acetylcholine,25316,LPLC2,right,4,0.023255813953488372,intra_population
31257,LPLC2,right,acetylcholine,26730,LPLC2,right,4,0.023255813953488372,intra_population
31257,LPLC2,right,acetylcholine,27566,LPLC2,right,4,0.023255813953488372,intra_population
31257,LPLC2,right,acetylcholine,29287,LPLC2,right,4,0.023255813953488372,intra_population
31257,LPLC2,right,acetylcholine,30207,LPLC2,right,4,0.023255813953488372,intra_population
15804,LPLC2,left,acetylcholine,512705,LC4,left,4,0.023255813953488372,cross_visual
15804,LPLC2,left,acetylcholine,511914,LC4,left,4,0.023255813953488372,cross_visual
31262,LC4,right,acetylcholine,20588,LC4,right,4,0.023255813953488372,intra_population
31262,LC4,right,acetylcholine,21804,LC4,right,4,0.023255813953488372,intra_population
31262,LC4,right,acetylcholine,25511,LPLC2,right,4,0.023255813953488372,cross_visual
31262,LC4,right,acetylcholine,28945,LC4,right,4,0.023255813953488372,intra_population
15804,LPLC2,left,acetylcholine,129687,LPLC2,left,4,0.023255813953488372,intra_population
31301,LC4,left,acetylcholine,16917,LC4,left,4,0.023255813953488372,intra_population
31301,LC4,left,acetylcholine,17653,LC4,left,4,0.023255813953488372,intra_population
31257,LPLC2,right,acetylcholine,22218,LPLC2,right,4,0.023255813953488372,intra_population
31257,LPLC2,right,acetylcholine,22194,LC4,right,4,0.023255813953488372,cross_visual
31257,LPLC2,right,acetylcholine,21562,LPLC2,right,4,0.023255813953488372,intra_population
31964,LPLC2,right,acetylcholine,21808,LPLC2,right,4,0.023255813953488372,intra_population
31563,LPLC2,left,acetylcholine,517079,LPLC2,left,4,0.023255813953488372,intra_population
31563,LPLC2,left,acetylcholine,518731,LPLC2,left,4,0.023255813953488372,intra_population
15804,LPLC2,left,acetylcholine,24605,LPLC2,left,4,0.023255813953488372,intra_population
15804,LPLC2,left,acetylcholine,23550,LPLC2,left,4,0.023255813953488372,intra_population
15804,LPLC2,left,acetylcholine,22557,LPLC2,left,4,0.023255813953488372,intra_population
31964,LPLC2,right,acetylcholine,21703,LPLC2,right,4,0.023255813953488372,intra_population
31964,LPLC2,right,acetylcholine,22261,LPLC2,right,4,0.023255813953488372,intra_population
15804,LPLC2,left,acetylcholine,35616,LC4,left,4,0.023255813953488372,cross_visual
31964,LPLC2,right,acetylcholine,23497,LPLC2,right,4,0.023255813953488372,intra_population
31964,LPLC2,right,acetylcholine,23590,LPLC2,right,4,0.023255813953488372,intra_population
31964,LPLC2,right,acetylcholine,24401,LPLC2,right,4,0.023255813953488372,intra_population
31308,LC4,left,acetylcholine,23202,LC4,left,4,0.023255813953488372,intra_population
31308,LC4,left,acetylcholine,22922,LC4,left,4,0.023255813953488372,intra_population
15804,LPLC2,left,acetylcholine,33406,LPLC2,left,4,0.023255813953488372,intra_population
31301,LC4,left,acetylcholine,20572,LC4,left,4,0.023255813953488372,intra_population
31301,LC4,left,acetylcholine,100485,LC4,left,4,0.023255813953488372,intra_population
31301,LC4,left,acetylcholine,514508,LC4,left,4,0.023255813953488372,intra_population
32737,LPLC2,left,acetylcholine,533895,LPLC2,left,4,0.023255813953488372,intra_population
15018,LC4,left,acetylcholine,17608,LC4,left,4,0.023255813953488372,intra_population
32737,LPLC2,left,acetylcholine,111903,LPLC2,left,4,0.023255813953488372,intra_population
32737,LPLC2,left,acetylcholine,129687,LPLC2,left,4,0.023255813953488372,intra_population
32737,LPLC2,left,acetylcholine,517819,LPLC2,left,4,0.023255813953488372,intra_population
32737,LPLC2,left,acetylcholine,524366,LPLC2,left,4,0.023255813953488372,intra_population
32737,LPLC2,left,acetylcholine,525844,LPLC2,left,4,0.023255813953488372,intra_population
33137,LC4,left,acetylcholine,12032,LC4,left,4,0.023255813953488372,intra_population
32737,LPLC2,left,acetylcholine,25575,LPLC2,left,4,0.023255813953488372,intra_population
33137,LC4,left,acetylcholine,12824,LC4,left,4,0.023255813953488372,intra_population
33137,LC4,left,acetylcholine,17270,LC4,left,4,0.023255813953488372,intra_population
33137,LC4,left,acetylcholine,22922,LC4,left,4,0.023255813953488372,intra_population
15018,LC4,left,acetylcholine,35262,LC4,left,4,0.023255813953488372,intra_population
32507,LPLC2,right,acetylcholine,29391,LPLC2,right,4,0.023255813953488372,intra_population
32507,LPLC2,right,acetylcholine,27471,LPLC2,right,4,0.023255813953488372,intra_population
31988,LPLC2,right,acetylcholine,19608,LPLC2,right,4,0.023255813953488372,intra_population
32737,LPLC2,left,acetylcholine,23550,LPLC2,left,4,0.023255813953488372,intra_population
31301,LC4,left,acetylcholine,518439,LC4,left,4,0.023255813953488372,intra_population
32597,LC4,left,acetylcholine,12349,LC4,left,4,0.023255813953488372,intra_population
31301,LC4,left,acetylcholine,530029,LC4,left,4,0.023255813953488372,intra_population
31964,LPLC2,right,acetylcholine,26147,LPLC2,right,4,0.023255813953488372,intra_population
31964,LPLC2,right,acetylcholine,33185,LPLC2,right,4,0.023255813953488372,intra_population
31257,LPLC2,right,acetylcholine,20535,LPLC2,right,4,0.023255813953488372,intra_population
32737,LPLC2,left,acetylcholine,25136,LPLC2,left,4,0.023255813953488372,intra_population
32507,LPLC2,right,acetylcholine,38542,LPLC2,right,4,0.023255813953488372,intra_population
32597,LC4,left,acetylcholine,15018,LC4,left,4,0.023255813953488372,intra_population
32737,LPLC2,left,acetylcholine,21361,LPLC2,left,4,0.023255813953488372,intra_population
32597,LC4,left,acetylcholine,16917,LC4,left,4,0.023255813953488372,intra_population
32597,LC4,left,acetylcholine,29469,LC4,left,4,0.023255813953488372,intra_population
32597,LC4,left,acetylcholine,37587,LC4,left,4,0.023255813953488372,intra_population
32597,LC4,left,acetylcholine,517752,LC4,left,4,0.023255813953488372,intra_population
32597,LC4,left,acetylcholine,533129,LC4,left,4,0.023255813953488372,intra_population
32737,LPLC2,left,acetylcholine,19787,LPLC2,left,4,0.023255813953488372,intra_population
31964,LPLC2,right,acetylcholine,29391,LPLC2,right,4,0.023255813953488372,intra_population
15804,LPLC2,left,acetylcholine,25524,LPLC2,left,4,0.023255813953488372,intra_population
31563,LPLC2,left,acetylcholine,27796,LPLC2,left,4,0.023255813953488372,intra_population
520764,LPLC2,left,acetylcholine,22253,LPLC2,left,4,0.023255813953488372,intra_population
520449,LC4,left,acetylcholine,81112,LC4,left,4,0.023255813953488372,intra_population
520449,LC4,left,acetylcholine,519931,LC4,left,4,0.023255813953488372,intra_population
520449,LC4,left,acetylcholine,533129,LC4,left,4,0.023255813953488372,intra_population
12349,LC4,left,acetylcholine,16917,LC4,left,4,0.023255813953488372,intra_population
520764,LPLC2,left,acetylcholine,17059,LPLC2,left,4,0.023255813953488372,intra_population
520764,LPLC2,left,acetylcholine,17880,LPLC2,left,4,0.023255813953488372,intra_population
520764,LPLC2,left,acetylcholine,23919,LPLC2,left,4,0.023255813953488372,intra_population
520449,LC4,left,acetylcholine,12032,LC4,left,4,0.023255813953488372,intra_population
520764,LPLC2,left,acetylcholine,25524,LPLC2,left,4,0.023255813953488372,intra_population
520764,LPLC2,left,acetylcholine,28188,LPLC2,left,4,0.023255813953488372,intra_population
520764,LPLC2,left,acetylcholine,30893,LPLC2,left,4,0.023255813953488372,intra_population
519650,LC4,left,acetylcholine,20572,LC4,left,4,0.023255813953488372,intra_population
519650,LC4,left,acetylcholine,17340,LC4,left,4,0.023255813953488372,intra_population
518731,LPLC2,left,acetylcholine,12032,LC4,left,4,0.023255813953488372,cross_visual
520449,LC4,left,acetylcholine,28980,LC4,left,4,0.023255813953488372,intra_population
519931,LC4,left,acetylcholine,533129,LC4,left,4,0.023255813953488372,intra_population
518731,LPLC2,left,acetylcholine,13726,LPLC2,left,4,0.023255813953488372,intra_population
519650,LC4,left,acetylcholine,20976,LC4,left,4,0.023255813953488372,intra_population
517819,LPLC2,left,acetylcholine,25854,LPLC2,left,4,0.023255813953488372,intra_population
518730,LC4,left,acetylcholine,35262,LC4,left,4,0.023255813953488372,intra_population
14102,LPLC2,left,acetylcholine,134521,LPLC2,left,4,0.023255813953488372,intra_population
518730,LC4,left,acetylcholine,511914,LC4,left,4,0.023255813953488372,intra_population
518730,LC4,left,acetylcholine,518439,LC4,left,4,0.023255813953488372,intra_population
519650,LC4,left,acetylcholine,17478,LC4,left,4,0.023255813953488372,intra_population
519650,LC4,left,acetylcholine,526286,LC4,left,4,0.023255813953488372,intra_population
519931,LC4,left,acetylcholine,511914,LC4,left,4,0.023255813953488372,intra_population
12349,LC4,left,acetylcholine,31429,LC4,left,4,0.023255813953488372,intra_population
519931,LC4,left,acetylcholine,12349,LC4,left,4,0.023255813953488372,intra_population
519931,LC4,left,acetylcholine,12824,LC4,left,4,0.023255813953488372,intra_population
519931,LC4,left,acetylcholine,20859,LC4,left,4,0.023255813953488372,intra_population
12349,LC4,left,acetylcholine,30087,LC4,left,4,0.023255813953488372,intra_population
519931,LC4,left,acetylcholine,100485,LC4,left,4,0.023255813953488372,intra_population
519650,LC4,left,acetylcholine,17270,LC4,left,4,0.023255813953488372,intra_population
518731,LPLC2,left,acetylcholine,14102,LPLC2,left,4,0.023255813953488372,intra_population
15804,LPLC2,left,acetylcholine,25575,LPLC2,left,4,0.023255813953488372,intra_population
15804,LPLC2,left,acetylcholine,32737,LPLC2,left,4,0.023255813953488372,intra_population
519650,LC4,left,acetylcholine,12032,LC4,left,4,0.023255813953488372,intra_population
40811,LPLC2,left,acetylcholine,525844,LPLC2,left,4,0.023255813953488372,intra_population
40811,LPLC2,left,acetylcholine,34407,LPLC2,left,4,0.023255813953488372,intra_population
29873,LPLC2,right,acetylcholine,19842,LPLC2,right,4,0.023255813953488372,intra_population
31563,LPLC2,left,acetylcholine,29753,LPLC2,left,4,0.023255813953488372,intra_population
31308,LC4,left,acetylcholine,516909,LC4,left,4,0.023255813953488372,intra_population
31429,LC4,left,acetylcholine,29417,LC4,left,4,0.023255813953488372,intra_population
518983,LC4,left,acetylcholine,533129,LC4,left,4,0.023255813953488372,intra_population
31429,LC4,left,acetylcholine,33137,LC4,left,4,0.023255813953488372,intra_population
31429,LC4,left,acetylcholine,516909,LC4,left,4,0.023255813953488372,intra_population
15804,LPLC2,left,acetylcholine,27716,LPLC2,left,4,0.023255813953488372,intra_population
15804,LPLC2,left,acetylcholine,27399,LPLC2,left,4,0.023255813953488372,intra_population
31563,LPLC2,left,acetylcholine,15804,LPLC2,left,4,0.023255813953488372,intra_population
31563,LPLC2,left,acetylcholine,24840,LPLC2,left,4,0.023255813953488372,intra_population
518983,LC4,left,acetylcholine,535341,LC4,left,4,0.023255813953488372,intra_population
518983,LC4,left,acetylcholine,518730,LC4,left,4,0.023255813953488372,intra_population
12349,LC4,left,acetylcholine,519931,LC4,left,4,0.023255813953488372,intra_population
12349,LC4,left,acetylcholine,515900,LC4,left,4,0.023255813953488372,intra_population
518731,LPLC2,left,acetylcholine,17880,LPLC2,left,4,0.023255813953488372,intra_population
518731,LPLC2,left,acetylcholine,19911,LPLC2,left,4,0.023255813953488372,intra_population
518731,LPLC2,left,acetylcholine,24568,LPLC2,left,4,0.023255813953488372,intra_population
518731,LPLC2,left,acetylcholine,24605,LPLC2,left,4,0.023255813953488372,intra_population
518731,LPLC2,left,acetylcholine,25572,LPLC2,left,4,0.023255813953488372,intra_population
518731,LPLC2,left,acetylcholine,25575,LPLC2,left,4,0.023255813953488372,intra_population
518731,LPLC2,left,acetylcholine,29815,LPLC2,left,4,0.023255813953488372,intra_population
518983,LC4,left,acetylcholine,517752,LC4,left,4,0.023255813953488372,intra_population
518731,LPLC2,left,acetylcholine,32737,LPLC2,left,4,0.023255813953488372,intra_population
518731,LPLC2,left,acetylcholine,525844,LPLC2,left,4,0.023255813953488372,intra_population
12349,LC4,left,acetylcholine,512366,LC4,left,4,0.023255813953488372,intra_population
12349,LC4,left,acetylcholine,111787,LC4,left,4,0.023255813953488372,intra_population
518983,LC4,left,acetylcholine,20572,LC4,left,4,0.023255813953488372,intra_population
518983,LC4,left,acetylcholine,512705,LC4,left,4,0.023255813953488372,intra_population
32507,LPLC2,right,acetylcholine,26730,LPLC2,right,4,0.023255813953488372,intra_population
518983,LC4,left,acetylcholine,17478,LC4,left,4,0.023255813953488372,intra_population
31988,LPLC2,right,acetylcholine,25636,LPLC2,right,4,0.023255813953488372,intra_population
29955,LPLC2,left,acetylcholine,29815,LPLC2,left,4,0.023255813953488372,intra_population
30895,LPLC2,left,acetylcholine,129687,LPLC2,left,4,0.023255813953488372,intra_population
30895,LPLC2,left,acetylcholine,536444,LPLC2,left,4,0.023255813953488372,intra_population
30938,LPLC2,right,acetylcholine,25511,LPLC2,right,4,0.023255813953488372,intra_population
30087,LC4,left,acetylcholine,532254,LC4,left,4,0.023255813953488372,intra_population
30938,LPLC2,right,acetylcholine,26147,LPLC2,right,4,0.023255813953488372,intra_population
30938,LPLC2,right,acetylcholine,28741,LPLC2,right,4,0.023255813953488372,intra_population
30938,LPLC2,right,acetylcholine,29216,LPLC2,right,4,0.023255813953488372,intra_population
30938,LPLC2,right,acetylcholine,31988,LPLC2,right,4,0.023255813953488372,intra_population
30938,LPLC2,right,acetylcholine,33396,LPLC2,right,4,0.023255813953488372,intra_population
30938,LPLC2,right,acetylcholine,37613,LPLC2,right,4,0.023255813953488372,intra_population
15804,LPLC2,left,acetylcholine,524366,LPLC2,left,4,0.023255813953488372,intra_population
31105,LPLC2,left,acetylcholine,22253,LPLC2,left,4,0.023255813953488372,intra_population
31105,LPLC2,left,acetylcholine,23349,LPLC2,left,4,0.023255813953488372,intra_population
31105,LPLC2,left,acetylcholine,23919,LPLC2,left,4,0.023255813953488372,intra_population
31105,LPLC2,left,acetylcholine,30893,LPLC2,left,4,0.023255813953488372,intra_population
30895,LPLC2,left,acetylcholine,33965,LPLC2,left,4,0.023255813953488372,intra_population
30895,LPLC2,left,acetylcholine,30893,LPLC2,left,4,0.023255813953488372,intra_population
30895,LPLC2,left,acetylcholine,25286,LPLC2,left,4,0.023255813953488372,intra_population
16138,LC4,right,acetylcholine,19954,LC4,right,4,0.023255813953488372,intra_population
29955,LPLC2,left,acetylcholine,134521,LPLC2,left,4,0.023255813953488372,intra_population
29955,LPLC2,left,acetylcholine,517819,LPLC2,left,4,0.023255813953488372,intra_population
29955,LPLC2,left,acetylcholine,520764,LPLC2,left,4,0.023255813953488372,intra_population
16138,LC4,right,acetylcholine,24338,LC4,right,4,0.023255813953488372,intra_population
29986,LPLC2,right,acetylcholine,10584,DNp06,right,4,0.023255813953488372,visual_to_readout
30087,LC4,left,acetylcholine,107513,LC4,left,4,0.023255813953488372,intra_population
31105,LPLC2,left,acetylcholine,35294,LPLC2,left,4,0.023255813953488372,intra_population
30895,LPLC2,left,acetylcholine,17880,LPLC2,left,4,0.023255813953488372,intra_population
30938,LPLC2,right,acetylcholine,16138,LC4,right,4,0.023255813953488372,cross_visual
30893,LPLC2,left,acetylcholine,22253,LPLC2,left,4,0.023255813953488372,intra_population
30893,LPLC2,left,acetylcholine,25572,LPLC2,left,4,0.023255813953488372,intra_population
30893,LPLC2,left,acetylcholine,37587,LC4,left,4,0.023255813953488372,cross_visual
30893,LPLC2,left,acetylcholine,517079,LPLC2,left,4,0.023255813953488372,intra_population
16128,LC4,right,acetylcholine,17860,LC4,right,4,0.023255813953488372,intra_population
16128,LC4,right,acetylcholine,18127,LC4,right,4,0.023255813953488372,intra_population
16128,LC4,right,acetylcholine,19260,LC4,right,4,0.023255813953488372,intra_population
16128,LC4,right,acetylcholine,19543,LC4,right,4,0.023255813953488372,intra_population
33137,LC4,left,acetylcholine,518016,LC4,left,4,0.023255813953488372,intra_population
30512,LPLC2,left,acetylcholine,35294,LPLC2,left,4,0.023255813953488372,intra_population
16128,LC4,right,acetylcholine,21151,LC4,right,4,0.023255813953488372,intra_population
30803,LC4,right,acetylcholine,17364,LC4,right,4,0.023255813953488372,intra_population
30803,LC4,right,acetylcholine,19794,LC4,right,4,0.023255813953488372,intra_population
33137,LC4,left,acetylcholine,31429,LC4,left,4,0.023255813953488372,intra_population
33137,LC4,left,acetylcholine,517752,LC4,left,4,0.023255813953488372,intra_population
35889,LPLC2,right,acetylcholine,19146,LPLC2,right,4,0.023255813953488372,intra_population
30512,LPLC2,left,acetylcholine,23665,LPLC2,left,4,0.023255813953488372,intra_population
35680,LPLC2,right,acetylcholine,10584,DNp06,right,4,0.023255813953488372,visual_to_readout
35838,LPLC2,right,acetylcholine,10001,DNp01,right,4,0.023255813953488372,visual_to_readout
35680,LPLC2,right,acetylcholine,25636,LPLC2,right,4,0.023255813953488372,intra_population
31988,LPLC2,right,acetylcholine,26393,LPLC2,right,4,0.023255813953488372,intra_population
35680,LPLC2,right,acetylcholine,29598,LPLC2,right,4,0.023255813953488372,intra_population
35680,LPLC2,right,acetylcholine,34372,LPLC2,right,4,0.023255813953488372,intra_population
30512,LPLC2,left,acetylcholine,24308,LPLC2,left,4,0.023255813953488372,intra_population
30512,LPLC2,left,acetylcholine,20799,LPLC2,left,4,0.023255813953488372,intra_population
30803,LC4,right,acetylcholine,20542,LC4,right,4,0.023255813953488372,intra_population
30207,LPLC2,right,acetylcholine,30938,LPLC2,right,4,0.023255813953488372,intra_population
30207,LPLC2,right,acetylcholine,20182,LPLC2,right,4,0.023255813953488372,intra_population
30207,LPLC2,right,acetylcholine,20334,LPLC2,right,4,0.023255813953488372,intra_population
30207,LPLC2,right,acetylcholine,22261,LPLC2,right,4,0.023255813953488372,intra_population
30207,LPLC2,right,acetylcholine,26915,LPLC2,right,4,0.023255813953488372,intra_population
30207,LPLC2,right,acetylcholine,28003,LPLC2,right,4,0.023255813953488372,intra_population
30207,LPLC2,right,acetylcholine,29391,LPLC2,right,4,0.023255813953488372,intra_population
30207,LPLC2,right,acetylcholine,31964,LPLC2,right,4,0.023255813953488372,intra_population
30512,LPLC2,left,acetylcholine,18900,LPLC2,left,4,0.023255813953488372,intra_population
30207,LPLC2,right,acetylcholine,35838,LPLC2,right,4,0.023255813953488372,intra_population
16138,LC4,right,acetylcholine,17548,LC4,right,4,0.023255813953488372,intra_population
16128,LC4,right,acetylcholine,23098,LC4,right,4,0.023255813953488372,intra_population
30480,LC4,right,acetylcholine,28945,LC4,right,4,0.023255813953488372,intra_population
30480,LC4,right,acetylcholine,30041,LPLC2,right,4,0.023255813953488372,cross_visual
30512,LPLC2,left,acetylcholine,13764,LPLC2,left,4,0.023255813953488372,intra_population
16138,LC4,right,acetylcholine,527408,LC4,right,4,0.023255813953488372,intra_population
30207,LPLC2,right,acetylcholine,29216,LPLC2,right,4,0.023255813953488372,intra_population
29955,LPLC2,left,acetylcholine,27796,LPLC2,left,4,0.023255813953488372,intra_population
30041,LPLC2,right,acetylcholine,24268,LPLC2,right,4,0.023255813953488372,intra_population
32507,LPLC2,right,acetylcholine,20103,LPLC2,right,4,0.023255813953488372,intra_population
32507,LPLC2,right,acetylcholine,26147,LPLC2,right,4,0.023255813953488372,intra_population
31257,LPLC2,right,acetylcholine,21045,LPLC2,right,4,0.023255813953488372,intra_population
31105,LPLC2,left,acetylcholine,533895,LPLC2,left,4,0.023255813953488372,intra_population
40811,LPLC2,left,acetylcholine,33965,LPLC2,left,4,0.023255813953488372,intra_population
30041,LPLC2,right,acetylcholine,24401,LPLC2,right,4,0.023255813953488372,intra_population
29986,LPLC2,right,acetylcholine,20749,LPLC2,right,4,0.023255813953488372,intra_population
29986,LPLC2,right,acetylcholine,22261,LPLC2,right,4,0.023255813953488372,intra_population
29986,LPLC2,right,acetylcholine,28044,LPLC2,right,4,0.023255813953488372,intra_population
29986,LPLC2,right,acetylcholine,29873,LPLC2,right,4,0.023255813953488372,intra_population
29986,LPLC2,right,acetylcholine,32507,LPLC2,right,4,0.023255813953488372,intra_population
29986,LPLC2,right,acetylcholine,33396,LPLC2,right,4,0.023255813953488372,intra_population
29986,LPLC2,right,acetylcholine,34110,LPLC2,right,4,0.023255813953488372,intra_population
16138,LC4,right,acetylcholine,22966,LC4,right,4,0.023255813953488372,intra_population
30041,LPLC2,right,acetylcholine,20162,LPLC2,right,4,0.023255813953488372,intra_population
32507,LPLC2,right,acetylcholine,18672,LPLC2,right,4,0.023255813953488372,intra_population
32237,LPLC2,left,acetylcholine,40811,LPLC2,left,4,0.023255813953488372,intra_population
32237,LPLC2,left,acetylcholine,33965,LPLC2,left,4,0.023255813953488372,intra_population
31988,LPLC2,right,acetylcholine,33439,LPLC2,right,4,0.023255813953488372,intra_population
31988,LPLC2,right,acetylcholine,28741,LPLC2,right,4,0.023255813953488372,intra_population
15804,LPLC2,left,acetylcholine,17059,LPLC2,left,4,0.023255813953488372,intra_population
31988,LPLC2,right,acetylcholine,30041,LPLC2,right,4,0.023255813953488372,intra_population
29955,LPLC2,left,acetylcholine,25209,LPLC2,left,4,0.023255813953488372,intra_population
31988,LPLC2,right,acetylcholine,30207,LPLC2,right,4,0.023255813953488372,intra_population
31988,LPLC2,right,acetylcholine,27566,LPLC2,right,4,0.023255813953488372,intra_population
32223,LPLC2,left,acetylcholine,17880,LPLC2,left,4,0.023255813953488372,intra_population
15018,LC4,left,acetylcholine,512366,LC4,left,4,0.023255813953488372,intra_population
32223,LPLC2,left,acetylcholine,20329,LPLC2,left,4,0.023255813953488372,intra_population
32223,LPLC2,left,acetylcholine,23550,LPLC2,left,4,0.023255813953488372,intra_population
32223,LPLC2,left,acetylcholine,27355,LPLC2,left,4,0.023255813953488372,intra_population
32223,LPLC2,left,acetylcholine,29319,LPLC2,left,4,0.023255813953488372,intra_population
32223,LPLC2,left,acetylcholine,524366,LPLC2,left,4,0.023255813953488372,intra_population
32237,LPLC2,left,acetylcholine,23919,LPLC2,left,4,0.023255813953488372,intra_population
30041,LPLC2,right,acetylcholine,21862,LPLC2,right,4,0.023255813953488372,intra_population
32237,LPLC2,left,acetylcholine,34051,LPLC2,left,4,0.023255813953488372,intra_population
30041,LPLC2,right,acetylcholine,25253,LPLC2,right,4,0.023255813953488372,intra_population
29986,LPLC2,right,acetylcholine,19146,LPLC2,right,4,0.023255813953488372,intra_population
29986,LPLC2,right,acetylcholine,19034,LPLC2,right,4,0.023255813953488372,intra_population
16138,LC4,right,acetylcholine,23392,LC4,right,4,0.023255813953488372,intra_population
29873,LPLC2,right,acetylcholine,20047,LPLC2,right,4,0.023255813953488372,intra_population
29873,LPLC2,right,acetylcholine,20535,LPLC2,right,4,0.023255813953488372,intra_population
29873,LPLC2,right,acetylcholine,21045,LPLC2,right,4,0.023255813953488372,intra_population
29955,LPLC2,left,acetylcholine,19787,LPLC2,left,4,0.023255813953488372,intra_population
29873,LPLC2,right,acetylcholine,25511,LPLC2,right,4,0.023255813953488372,intra_population
29873,LPLC2,right,acetylcholine,29216,LPLC2,right,4,0.023255813953488372,intra_population
29873,LPLC2,right,acetylcholine,34110,LPLC2,right,4,0.023255813953488372,intra_population
29873,LPLC2,right,acetylcholine,37431,LPLC2,right,4,0.023255813953488372,intra_population
29873,LPLC2,right,acetylcholine,38542,LPLC2,right,4,0.023255813953488372,intra_population
16138,LC4,right,acetylcholine,20399,LC4,right,4,0.023255813953488372,intra_population
16628,LC4,right,acetylcholine,17266,LC4,right,4,0.023255813953488372,intra_population
29955,LPLC2,left,acetylcholine,18900,LPLC2,left,4,0.023255813953488372,intra_population
29955,LPLC2,left,acetylcholine,23349,LPLC2,left,4,0.023255813953488372,intra_population
29955,LPLC2,left,acetylcholine,23550,LPLC2,left,4,0.023255813953488372,intra_population
29873,LPLC2,right,acetylcholine,21313,LC4,right,4,0.023255813953488372,cross_visual
29986,LPLC2,right,acetylcholine,20584,LPLC2,right,4,0.023255813953488372,intra_population
30087,LC4,left,acetylcholine,27624,LC4,left,4,0.023255813953488372,intra_population
30041,LPLC2,right,acetylcholine,30207,LPLC2,right,4,0.023255813953488372,intra_population
30041,LPLC2,right,acetylcholine,31988,LPLC2,right,4,0.023255813953488372,intra_population
30041,LPLC2,right,acetylcholine,35680,LPLC2,right,4,0.023255813953488372,intra_population
30087,LC4,left,acetylcholine,77614,LC4,left,4,0.023255813953488372,intra_population
30041,LPLC2,right,acetylcholine,50287,LPLC2,right,4,0.023255813953488372,intra_population
16138,LC4,right,acetylcholine,21225,LC4,right,4,0.023255813953488372,intra_population
30041,LPLC2,right,acetylcholine,39620,LPLC2,right,4,0.023255813953488372,intra_population
30087,LC4,left,acetylcholine,27829,LC4,left,4,0.023255813953488372,intra_population
16138,LC4,right,acetylcholine,20808,LC4,right,4,0.023255813953488372,intra_population
30087,LC4,left,acetylcholine,29514,LC4,left,4,0.023255813953488372,intra_population
30803,LC4,right,acetylcholine,19634,LC4,right,3,0.01744186046511628,intra_population
25316,LPLC2,right,acetylcholine,21899,LPLC2,right,3,0.01744186046511628,intra_population
30893,LPLC2,left,acetylcholine,23919,LPLC2,left,3,0.01744186046511628,intra_population
30893,LPLC2,left,acetylcholine,25027,LPLC2,left,3,0.01744186046511628,intra_population
30893,LPLC2,left,acetylcholine,25136,LPLC2,left,3,0.01744186046511628,intra_population
30512,LPLC2,left,acetylcholine,33965,LPLC2,left,3,0.01744186046511628,intra_population
25253,LPLC2,right,acetylcholine,37613,LPLC2,right,3,0.01744186046511628,intra_population
17364,LC4,right,acetylcholine,20588,LC4,right,3,0.01744186046511628,intra_population
25316,LPLC2,right,acetylcholine,20162,LPLC2,right,3,0.01744186046511628,intra_population
30087,LC4,left,acetylcholine,519650,LC4,left,3,0.01744186046511628,intra_population
30087,LC4,left,acetylcholine,515900,LC4,left,3,0.01744186046511628,intra_population
25267,LPLC2,right,acetylcholine,19034,LPLC2,right,3,0.01744186046511628,intra_population
30512,LPLC2,left,acetylcholine,27716,LPLC2,left,3,0.01744186046511628,intra_population
25267,LPLC2,right,acetylcholine,19543,LC4,right,3,0.01744186046511628,cross_visual
30512,LPLC2,left,acetylcholine,27750,LC4,left,3,0.01744186046511628,cross_visual
30512,LPLC2,left,acetylcholine,29955,LPLC2,left,3,0.01744186046511628,intra_population
25267,LPLC2,right,acetylcholine,19608,LPLC2,right,3,0.01744186046511628,intra_population
30512,LPLC2,left,acetylcholine,30895,LPLC2,left,3,0.01744186046511628,intra_population
30512,LPLC2,left,acetylcholine,31563,LPLC2,left,3,0.01744186046511628,intra_population
25267,LPLC2,right,acetylcholine,19550,LC4,right,3,0.01744186046511628,cross_visual
30893,LPLC2,left,acetylcholine,17544,LPLC2,left,3,0.01744186046511628,intra_population
25253,LPLC2,right,acetylcholine,25316,LPLC2,right,3,0.01744186046511628,intra_population
30893,LPLC2,left,acetylcholine,12384,LPLC2,left,3,0.01744186046511628,intra_population
25316,LPLC2,right,acetylcholine,21769,LPLC2,right,3,0.01744186046511628,intra_population
30512,LPLC2,left,acetylcholine,25854,LPLC2,left,3,0.01744186046511628,intra_population
30512,LPLC2,left,acetylcholine,26528,LPLC2,left,3,0.01744186046511628,intra_population
16138,LC4,right,acetylcholine,20016,LC4,right,3,0.01744186046511628,intra_population
17364,LC4,right,acetylcholine,18189,LC4,right,3,0.01744186046511628,intra_population
16138,LC4,right,acetylcholine,19260,LC4,right,3,0.01744186046511628,intra_population
25253,LPLC2,right,acetylcholine,34681,LPLC2,right,3,0.01744186046511628,intra_population
25253,LPLC2,right,acetylcholine,22328,LC4,right,3,0.01744186046511628,cross_visual
25316,LPLC2,right,acetylcholine,20269,LPLC2,right,3,0.01744186046511628,intra_population
30803,LC4,right,acetylcholine,21804,LC4,right,3,0.01744186046511628,intra_population
25253,LPLC2,right,acetylcholine,25511,LPLC2,right,3,0.01744186046511628,intra_population
16128,LC4,right,acetylcholine,20016,LC4,right,3,0.01744186046511628,intra_population
25316,LPLC2,right,acetylcholine,20282,LC4,right,3,0.01744186046511628,cross_visual
30087,LC4,left,acetylcholine,81112,LC4,left,3,0.01744186046511628,intra_population
30803,LC4,right,acetylcholine,25511,LPLC2,right,3,0.01744186046511628,cross_visual
25316,LPLC2,right,acetylcholine,20542,LC4,right,3,0.01744186046511628,cross_visual
25253,LPLC2,right,acetylcholine,22677,LPLC2,right,3,0.01744186046511628,intra_population
25316,LPLC2,right,acetylcholine,21562,LPLC2,right,3,0.01744186046511628,intra_population
30512,LPLC2,left,acetylcholine,27023,LPLC2,left,3,0.01744186046511628,intra_population
30803,LC4,right,acetylcholine,38065,LC4,right,3,0.01744186046511628,intra_population
30803,LC4,right,acetylcholine,527408,LC4,right,3,0.01744186046511628,intra_population
25253,LPLC2,right,acetylcholine,21899,LPLC2,right,3,0.01744186046511628,intra_population
30087,LC4,left,acetylcholine,518439,LC4,left,3,0.01744186046511628,intra_population
24568,LPLC2,left,acetylcholine,10228,DNp06,left,3,0.01744186046511628,visual_to_readout
30512,LPLC2,left,acetylcholine,531014,LPLC2,left,3,0.01744186046511628,intra_population
31563,LPLC2,left,acetylcholine,34655,LPLC2,left,3,0.01744186046511628,intra_population
31563,LPLC2,left,acetylcholine,111903,LPLC2,left,3,0.01744186046511628,intra_population
25497,LPLC2,right,acetylcholine,33396,LPLC2,right,3,0.01744186046511628,intra_population
24568,LPLC2,left,acetylcholine,15804,LPLC2,left,3,0.01744186046511628,intra_population
31563,LPLC2,left,acetylcholine,520764,LPLC2,left,3,0.01744186046511628,intra_population
29986,LPLC2,right,acetylcholine,21862,LPLC2,right,3,0.01744186046511628,intra_population
24568,LPLC2,left,acetylcholine,40841,LPLC2,left,3,0.01744186046511628,intra_population
24568,LPLC2,left,acetylcholine,41097,LPLC2,left,3,0.01744186046511628,intra_population
25497,LPLC2,right,acetylcholine,25267,LPLC2,right,3,0.01744186046511628,intra_population
15804,LPLC2,left,acetylcholine,27355,LPLC2,left,3,0.01744186046511628,intra_population
29986,LPLC2,right,acetylcholine,31257,LPLC2,right,3,0.01744186046511628,intra_population
24605,LPLC2,left,acetylcholine,17775,LPLC2,left,3,0.01744186046511628,intra_population
15804,LPLC2,left,acetylcholine,29702,LPLC2,left,3,0.01744186046511628,intra_population
24605,LPLC2,left,acetylcholine,14888,LC4,left,3,0.01744186046511628,cross_visual
25497,LPLC2,right,acetylcholine,25511,LPLC2,right,3,0.01744186046511628,intra_population
24605,LPLC2,left,acetylcholine,13726,LPLC2,left,3,0.01744186046511628,intra_population
31563,LPLC2,left,acetylcholine,13726,LPLC2,left,3,0.01744186046511628,intra_population
30207,LPLC2,right,acetylcholine,19794,LC4,right,3,0.01744186046511628,cross_visual
24568,LPLC2,left,acetylcholine,536444,LPLC2,left,3,0.01744186046511628,intra_population
31563,LPLC2,left,acetylcholine,13764,LPLC2,left,3,0.01744186046511628,intra_population
31563,LPLC2,left,acetylcholine,17775,LPLC2,left,3,0.01744186046511628,intra_population
31563,LPLC2,left,acetylcholine,14102,LPLC2,left,3,0.01744186046511628,intra_population
15804,LPLC2,left,acetylcholine,25286,LPLC2,left,3,0.01744186046511628,intra_population
25497,LPLC2,right,acetylcholine,30207,LPLC2,right,3,0.01744186046511628,intra_population
25253,LPLC2,right,acetylcholine,33439,LPLC2,right,3,0.01744186046511628,intra_population
24568,LPLC2,left,acetylcholine,21299,LPLC2,left,3,0.01744186046511628,intra_population
30512,LPLC2,left,acetylcholine,533895,LPLC2,left,3,0.01744186046511628,intra_population
25253,LPLC2,right,acetylcholine,31988,LPLC2,right,3,0.01744186046511628,intra_population
25253,LPLC2,right,acetylcholine,30938,LPLC2,right,3,0.01744186046511628,intra_population
25253,LPLC2,right,acetylcholine,29391,LPLC2,right,3,0.01744186046511628,intra_population
30087,LC4,left,acetylcholine,517752,LC4,left,3,0.01744186046511628,intra_population
25497,LPLC2,right,acetylcholine,19146,LPLC2,right,3,0.01744186046511628,intra_population
25497,LPLC2,right,acetylcholine,19249,LPLC2,right,3,0.01744186046511628,intra_population
25027,LPLC2,left,acetylcholine,31563,LPLC2,left,3,0.01744186046511628,intra_population
24568,LPLC2,left,acetylcholine,23919,LPLC2,left,3,0.01744186046511628,intra_population
15804,LPLC2,left,acetylcholine,25572,LPLC2,left,3,0.01744186046511628,intra_population
31563,LPLC2,left,acetylcholine,27023,LPLC2,left,3,0.01744186046511628,intra_population
29986,LPLC2,right,acetylcholine,28003,LPLC2,right,3,0.01744186046511628,intra_population
29986,LPLC2,right,acetylcholine,26915,LPLC2,right,3,0.01744186046511628,intra_population
17478,LC4,left,acetylcholine,33137,LC4,left,3,0.01744186046511628,intra_population
25497,LPLC2,right,acetylcholine,29986,LPLC2,right,3,0.01744186046511628,intra_population
31563,LPLC2,left,acetylcholine,29815,LPLC2,left,3,0.01744186046511628,intra_population
31563,LPLC2,left,acetylcholine,30893,LPLC2,left,3,0.01744186046511628,intra_population
24568,LPLC2,left,acetylcholine,25854,LPLC2,left,3,0.01744186046511628,intra_population
29986,LPLC2,right,acetylcholine,25267,LPLC2,right,3,0.01744186046511628,intra_population
24568,LPLC2,left,acetylcholine,23349,LPLC2,left,3,0.01744186046511628,intra_population
31563,LPLC2,left,acetylcholine,25572,LPLC2,left,3,0.01744186046511628,intra_population
30207,LPLC2,right,acetylcholine,19146,LPLC2,right,3,0.01744186046511628,intra_population
25209,LPLC2,left,acetylcholine,17775,LPLC2,left,3,0.01744186046511628,intra_population
30207,LPLC2,right,acetylcholine,19842,LPLC2,right,3,0.01744186046511628,intra_population
31257,LPLC2,right,acetylcholine,20269,LPLC2,right,3,0.01744186046511628,intra_population
31105,LPLC2,left,acetylcholine,22557,LPLC2,left,3,0.01744186046511628,intra_population
31105,LPLC2,left,acetylcholine,20329,LPLC2,left,3,0.01744186046511628,intra_population
25209,LPLC2,left,acetylcholine,20329,LPLC2,left,3,0.01744186046511628,intra_population
25316,LPLC2,right,acetylcholine,35680,LPLC2,right,3,0.01744186046511628,intra_population
25209,LPLC2,left,acetylcholine,18936,LPLC2,left,3,0.01744186046511628,intra_population
25209,LPLC2,left,acetylcholine,17059,LPLC2,left,3,0.01744186046511628,intra_population
30938,LPLC2,right,acetylcholine,26730,LPLC2,right,3,0.01744186046511628,intra_population
30938,LPLC2,right,acetylcholine,27471,LPLC2,right,3,0.01744186046511628,intra_population
30938,LPLC2,right,acetylcholine,27566,LPLC2,right,3,0.01744186046511628,intra_population
25209,LPLC2,left,acetylcholine,13726,LPLC2,left,3,0.01744186046511628,intra_population
17364,LC4,right,acetylcholine,23392,LC4,right,3,0.01744186046511628,intra_population
17364,LC4,right,acetylcholine,26112,LC4,right,3,0.01744186046511628,intra_population
25136,LPLC2,left,acetylcholine,531014,LPLC2,left,3,0.01744186046511628,intra_population
25136,LPLC2,left,acetylcholine,41097,LPLC2,left,3,0.01744186046511628,intra_population
25136,LPLC2,left,acetylcholine,24605,LPLC2,left,3,0.01744186046511628,intra_population
25136,LPLC2,left,acetylcholine,37587,LC4,left,3,0.01744186046511628,cross_visual
25316,LPLC2,right,acetylcholine,35838,LPLC2,right,3,0.01744186046511628,intra_population
30938,LPLC2,right,acetylcholine,34372,LPLC2,right,3,0.01744186046511628,intra_population
25136,LPLC2,left,acetylcholine,30893,LPLC2,left,3,0.01744186046511628,intra_population
30938,LPLC2,right,acetylcholine,37431,LPLC2,right,3,0.01744186046511628,intra_population
10010,DNp01,left,acetylcholine,10228,DNp06,left,3,0.01744186046511628,inter_readout
25027,LPLC2,left,acetylcholine,33406,LPLC2,left,3,0.01744186046511628,intra_population
25027,LPLC2,left,acetylcholine,33965,LPLC2,left,3,0.01744186046511628,intra_population
30938,LPLC2,right,acetylcholine,38542,LPLC2,right,3,0.01744186046511628,intra_population
25497,LPLC2,right,acetylcholine,17551,LPLC2,right,3,0.01744186046511628,intra_population
25027,LPLC2,left,acetylcholine,533895,LPLC2,left,3,0.01744186046511628,intra_population
31988,LPLC2,right,acetylcholine,20471,LPLC2,right,3,0.01744186046511628,intra_population
25136,LPLC2,left,acetylcholine,19830,LPLC2,left,3,0.01744186046511628,intra_population
31563,LPLC2,left,acetylcholine,20329,LPLC2,left,3,0.01744186046511628,intra_population
30041,LPLC2,right,acetylcholine,35838,LPLC2,right,3,0.01744186046511628,intra_population
31105,LPLC2,left,acetylcholine,24308,LPLC2,left,3,0.01744186046511628,intra_population
31105,LPLC2,left,acetylcholine,25209,LPLC2,left,3,0.01744186046511628,intra_population
31105,LPLC2,left,acetylcholine,25854,LPLC2,left,3,0.01744186046511628,intra_population
30041,LPLC2,right,acetylcholine,34110,LPLC2,right,3,0.01744186046511628,intra_population
15804,LPLC2,left,acetylcholine,517079,LPLC2,left,3,0.01744186046511628,intra_population
25027,LPLC2,left,acetylcholine,536444,LPLC2,left,3,0.01744186046511628,intra_population
15804,LPLC2,left,acetylcholine,517078,LPLC2,left,3,0.01744186046511628,intra_population
31105,LPLC2,left,acetylcholine,33965,LPLC2,left,3,0.01744186046511628,intra_population
25027,LPLC2,left,acetylcholine,531014,LPLC2,left,3,0.01744186046511628,intra_population
30041,LPLC2,right,acetylcholine,35889,LPLC2,right,3,0.01744186046511628,intra_population
25027,LPLC2,left,acetylcholine,525844,LPLC2,left,3,0.01744186046511628,intra_population
31105,LPLC2,left,acetylcholine,521115,LPLC2,left,3,0.01744186046511628,intra_population
31105,LPLC2,left,acetylcholine,524366,LPLC2,left,3,0.01744186046511628,intra_population
16138,LC4,right,acetylcholine,22328,LC4,right,3,0.01744186046511628,intra_population
31105,LPLC2,left,acetylcholine,536444,LPLC2,left,3,0.01744186046511628,intra_population
25027,LPLC2,left,acetylcholine,100103,LPLC2,left,3,0.01744186046511628,intra_population
25136,LPLC2,left,acetylcholine,27023,LPLC2,left,3,0.01744186046511628,intra_population
25136,LPLC2,left,acetylcholine,25286,LPLC2,left,3,0.01744186046511628,intra_population
30207,LPLC2,right,acetylcholine,34372,LPLC2,right,3,0.01744186046511628,intra_population
25267,LPLC2,right,acetylcholine,20749,LPLC2,right,3,0.01744186046511628,intra_population
25267,LPLC2,right,acetylcholine,20047,LPLC2,right,3,0.01744186046511628,intra_population
30480,LC4,right,acetylcholine,22966,LC4,right,3,0.01744186046511628,intra_population
30207,LPLC2,right,acetylcholine,18929,LPLC2,right,3,0.01744186046511628,intra_population
25253,LPLC2,right,acetylcholine,20749,LPLC2,right,3,0.01744186046511628,intra_population
25286,LPLC2,left,acetylcholine,26528,LPLC2,left,3,0.01744186046511628,intra_population
30207,LPLC2,right,acetylcholine,20588,LC4,right,3,0.01744186046511628,cross_visual
30207,LPLC2,right,acetylcholine,20584,LPLC2,right,3,0.01744186046511628,intra_population
30207,LPLC2,right,acetylcholine,22677,LPLC2,right,3,0.01744186046511628,intra_population
30207,LPLC2,right,acetylcholine,23590,LPLC2,right,3,0.01744186046511628,intra_population
30207,LPLC2,right,acetylcholine,24187,LPLC2,right,3,0.01744186046511628,intra_population
30207,LPLC2,right,acetylcholine,24401,LPLC2,right,3,0.01744186046511628,intra_population
30207,LPLC2,right,acetylcholine,24800,LPLC2,right,3,0.01744186046511628,intra_population
25286,LPLC2,left,acetylcholine,32223,LPLC2,left,3,0.01744186046511628,intra_population
25286,LPLC2,left,acetylcholine,28188,LPLC2,left,3,0.01744186046511628,intra_population
30207,LPLC2,right,acetylcholine,20282,LC4,right,3,0.01744186046511628,cross_visual
30207,LPLC2,right,acetylcholine,29598,LPLC2,right,3,0.01744186046511628,intra_population
30480,LC4,right,acetylcholine,20808,LC4,right,3,0.01744186046511628,intra_population
30207,LPLC2,right,acetylcholine,30041,LPLC2,right,3,0.01744186046511628,intra_population
30207,LPLC2,right,acetylcholine,20269,LPLC2,right,3,0.01744186046511628,intra_population
25286,LPLC2,left,acetylcholine,520764,LPLC2,left,3,0.01744186046511628,intra_population
30207,LPLC2,right,acetylcholine,34110,LPLC2,right,3,0.01744186046511628,intra_population
30512,LPLC2,left,acetylcholine,24605,LPLC2,left,3,0.01744186046511628,intra_population
25267,LPLC2,right,acetylcholine,21769,LPLC2,right,3,0.01744186046511628,intra_population
30938,LPLC2,right,acetylcholine,55627,LPLC2,right,3,0.01744186046511628,intra_population
30512,LPLC2,left,acetylcholine,23919,LPLC2,left,3,0.01744186046511628,intra_population
25253,LPLC2,right,acetylcholine,20182,LPLC2,right,3,0.01744186046511628,intra_population
30893,LPLC2,left,acetylcholine,26416,LPLC2,left,3,0.01744186046511628,intra_population
25253,LPLC2,right,acetylcholine,20535,LPLC2,right,3,0.01744186046511628,intra_population
25267,LPLC2,right,acetylcholine,23497,LPLC2,right,3,0.01744186046511628,intra_population
17364,LC4,right,acetylcholine,17860,LC4,right,3,0.01744186046511628,intra_population
25286,LPLC2,left,acetylcholine,536444,LPLC2,left,3,0.01744186046511628,intra_population
25267,LPLC2,right,acetylcholine,30207,LPLC2,right,3,0.01744186046511628,intra_population
25267,LPLC2,right,acetylcholine,29986,LPLC2,right,3,0.01744186046511628,intra_population
25267,LPLC2,right,acetylcholine,28741,LPLC2,right,3,0.01744186046511628,intra_population
25267,LPLC2,right,acetylcholine,27566,LPLC2,right,3,0.01744186046511628,intra_population
25267,LPLC2,right,acetylcholine,26730,LPLC2,right,3,0.01744186046511628,intra_population
25267,LPLC2,right,acetylcholine,25511,LPLC2,right,3,0.01744186046511628,intra_population
30207,LPLC2,right,acetylcholine,10001,DNp01,right,3,0.01744186046511628,visual_to_readout
25267,LPLC2,right,acetylcholine,24401,LPLC2,right,3,0.01744186046511628,intra_population
25267,LPLC2,right,acetylcholine,22966,LC4,right,3,0.01744186046511628,cross_visual
30480,LC4,right,acetylcholine,22847,LC4,right,3,0.01744186046511628,intra_population
25316,LPLC2,right,acetylcholine,19229,LPLC2,right,3,0.01744186046511628,intra_population
30512,LPLC2,left,acetylcholine,19830,LPLC2,left,3,0.01744186046511628,intra_population
25267,LPLC2,right,acetylcholine,22261,LPLC2,right,3,0.01744186046511628,intra_population
30512,LPLC2,left,acetylcholine,22253,LPLC2,left,3,0.01744186046511628,intra_population
30512,LPLC2,left,acetylcholine,23349,LPLC2,left,3,0.01744186046511628,intra_population
31563,LPLC2,left,acetylcholine,25136,LPLC2,left,3,0.01744186046511628,intra_population
31308,LC4,left,acetylcholine,29514,LC4,left,3,0.01744186046511628,intra_population
17478,LC4,left,acetylcholine,32597,LC4,left,3,0.01744186046511628,intra_population
29986,LPLC2,right,acetylcholine,37431,LPLC2,right,3,0.01744186046511628,intra_population
24605,LPLC2,left,acetylcholine,81112,LC4,left,3,0.01744186046511628,cross_visual
31301,LC4,left,acetylcholine,30087,LC4,left,3,0.01744186046511628,intra_population
24605,LPLC2,left,acetylcholine,33303,LPLC2,left,3,0.01744186046511628,intra_population
24605,LPLC2,left,acetylcholine,29753,LPLC2,left,3,0.01744186046511628,intra_population
31429,LC4,left,acetylcholine,22772,LC4,left,3,0.01744186046511628,intra_population
31429,LC4,left,acetylcholine,27624,LC4,left,3,0.01744186046511628,intra_population
24605,LPLC2,left,acetylcholine,29319,LPLC2,left,3,0.01744186046511628,intra_population
25497,LPLC2,right,acetylcholine,24268,LPLC2,right,3,0.01744186046511628,intra_population
31429,LC4,left,acetylcholine,30087,LC4,left,3,0.01744186046511628,intra_population
31429,LC4,left,acetylcholine,31301,LC4,left,3,0.01744186046511628,intra_population
31429,LC4,left,acetylcholine,32597,LC4,left,3,0.01744186046511628,intra_population
31429,LC4,left,acetylcholine,100485,LC4,left,3,0.01744186046511628,intra_population
31308,LC4,left,acetylcholine,100485,LC4,left,3,0.01744186046511628,intra_population
24800,LPLC2,right,acetylcholine,20162,LPLC2,right,3,0.01744186046511628,intra_population
31308,LC4,left,acetylcholine,35262,LC4,left,3,0.01744186046511628,intra_population
30041,LPLC2,right,acetylcholine,21808,LPLC2,right,3,0.01744186046511628,intra_population
31301,LC4,left,acetylcholine,111787,LC4,left,3,0.01744186046511628,intra_population
30041,LPLC2,right,acetylcholine,20471,LPLC2,right,3,0.01744186046511628,intra_population
24800,LPLC2,right,acetylcholine,29216,LPLC2,right,3,0.01744186046511628,intra_population
24800,LPLC2,right,acetylcholine,29183,LPLC2,right,3,0.01744186046511628,intra_population
25497,LPLC2,right,acetylcholine,23497,LPLC2,right,3,0.01744186046511628,intra_population
31429,LC4,left,acetylcholine,12349,LC4,left,3,0.01744186046511628,intra_population
29986,LPLC2,right,acetylcholine,38542,LPLC2,right,3,0.01744186046511628,intra_population
31301,LC4,left,acetylcholine,519931,LC4,left,3,0.01744186046511628,intra_population
31308,LC4,left,acetylcholine,533129,LC4,left,3,0.01744186046511628,intra_population
24840,LPLC2,left,acetylcholine,514670,LPLC2,left,3,0.01744186046511628,intra_population
25027,LPLC2,left,acetylcholine,10228,DNp06,left,3,0.01744186046511628,visual_to_readout
30041,LPLC2,right,acetylcholine,29014,LPLC2,right,3,0.01744186046511628,intra_population
31257,LPLC2,right,acetylcholine,29873,LPLC2,right,3,0.01744186046511628,intra_population
31257,LPLC2,right,acetylcholine,29986,LPLC2,right,3,0.01744186046511628,intra_population
16138,LC4,right,acetylcholine,22847,LC4,right,3,0.01744186046511628,intra_population
17478,LC4,left,acetylcholine,18432,LC4,left,3,0.01744186046511628,intra_population
31257,LPLC2,right,acetylcholine,30938,LPLC2,right,3,0.01744186046511628,intra_population
31257,LPLC2,right,acetylcholine,31988,LPLC2,right,3,0.01744186046511628,intra_population
24840,LPLC2,left,acetylcholine,525844,LPLC2,left,3,0.01744186046511628,intra_population
25497,LPLC2,right,acetylcholine,20162,LPLC2,right,3,0.01744186046511628,intra_population
24800,LPLC2,right,acetylcholine,30938,LPLC2,right,3,0.01744186046511628,intra_population
31301,LC4,left,acetylcholine,29469,LC4,left,3,0.01744186046511628,intra_population
31301,LC4,left,acetylcholine,29514,LC4,left,3,0.01744186046511628,intra_population
29986,LPLC2,right,acetylcholine,34681,LPLC2,right,3,0.01744186046511628,intra_population
16138,LC4,right,acetylcholine,22975,LC4,right,3,0.01744186046511628,intra_population
31308,LC4,left,acetylcholine,515900,LC4,left,3,0.01744186046511628,intra_population
24800,LPLC2,right,acetylcholine,19549,LPLC2,right,3,0.01744186046511628,intra_population
29986,LPLC2,right,acetylcholine,39620,LPLC2,right,3,0.01744186046511628,intra_population
24800,LPLC2,right,acetylcholine,19146,LPLC2,right,3,0.01744186046511628,intra_population
24800,LPLC2,right,acetylcholine,14465,LPLC2,right,3,0.01744186046511628,intra_population
24800,LPLC2,right,acetylcholine,28044,LPLC2,right,3,0.01744186046511628,intra_population
30041,LPLC2,right,acetylcholine,20103,LPLC2,right,3,0.01744186046511628,intra_population
31563,LPLC2,left,acetylcholine,21361,LPLC2,left,3,0.01744186046511628,intra_population
37925,LPLC2,right,acetylcholine,27566,LPLC2,right,3,0.01744186046511628,intra_population
37925,LPLC2,right,acetylcholine,30207,LPLC2,right,3,0.01744186046511628,intra_population
37613,LPLC2,right,acetylcholine,38542,LPLC2,right,3,0.01744186046511628,intra_population
21899,LPLC2,right,acetylcholine,20269,LPLC2,right,3,0.01744186046511628,intra_population
37925,LPLC2,right,acetylcholine,31964,LPLC2,right,3,0.01744186046511628,intra_population
17775,LPLC2,left,acetylcholine,21361,LPLC2,left,3,0.01744186046511628,intra_population
21899,LPLC2,right,acetylcholine,17987,LC4,right,3,0.01744186046511628,cross_visual
17775,LPLC2,left,acetylcholine,23349,LPLC2,left,3,0.01744186046511628,intra_population
21899,LPLC2,right,acetylcholine,16128,LC4,right,3,0.01744186046511628,cross_visual
26147,LPLC2,right,acetylcholine,35632,LPLC2,right,3,0.01744186046511628,intra_population
29469,LC4,left,acetylcholine,519650,LC4,left,3,0.01744186046511628,intra_population
21862,LPLC2,right,acetylcholine,38542,LPLC2,right,3,0.01744186046511628,intra_population
21862,LPLC2,right,acetylcholine,35680,LPLC2,right,3,0.01744186046511628,intra_population
21899,LPLC2,right,acetylcholine,21862,LPLC2,right,3,0.01744186046511628,intra_population
21899,LPLC2,right,acetylcholine,22261,LPLC2,right,3,0.01744186046511628,intra_population
14102,LPLC2,left,acetylcholine,20967,LC4,left,3,0.01744186046511628,cross_visual
21899,LPLC2,right,acetylcholine,35889,LPLC2,right,3,0.01744186046511628,intra_population
22034,LC4,right,acetylcholine,20016,LC4,right,3,0.01744186046511628,intra_population
22034,LC4,right,acetylcholine,17860,LC4,right,3,0.01744186046511628,intra_population
30938,LPLC2,right,acetylcholine,22261,LPLC2,right,3,0.01744186046511628,intra_population
22034,LC4,right,acetylcholine,17266,LC4,right,3,0.01744186046511628,intra_population
37613,LPLC2,right,acetylcholine,24187,LPLC2,right,3,0.01744186046511628,intra_population
37925,LPLC2,right,acetylcholine,29391,LPLC2,right,3,0.01744186046511628,intra_population
37925,LPLC2,right,acetylcholine,26393,LPLC2,right,3,0.01744186046511628,intra_population
24800,LPLC2,right,acetylcholine,26393,LPLC2,right,3,0.01744186046511628,intra_population
37925,LPLC2,right,acetylcholine,25267,LPLC2,right,3,0.01744186046511628,intra_population
24800,LPLC2,right,acetylcholine,25253,LPLC2,right,3,0.01744186046511628,intra_population
15804,LPLC2,left,acetylcholine,34407,LPLC2,left,3,0.01744186046511628,intra_population
24800,LPLC2,right,acetylcholine,23590,LPLC2,right,3,0.01744186046511628,intra_population
31308,LC4,left,acetylcholine,12349,LC4,left,3,0.01744186046511628,intra_population
31308,LC4,left,acetylcholine,12824,LC4,left,3,0.01744186046511628,intra_population
31308,LC4,left,acetylcholine,14888,LC4,left,3,0.01744186046511628,intra_population
31308,LC4,left,acetylcholine,20440,LC4,left,3,0.01744186046511628,intra_population
24800,LPLC2,right,acetylcholine,21899,LPLC2,right,3,0.01744186046511628,intra_population
24800,LPLC2,right,acetylcholine,21808,LPLC2,right,3,0.01744186046511628,intra_population
24800,LPLC2,right,acetylcholine,21318,LPLC2,right,3,0.01744186046511628,intra_population
24800,LPLC2,right,acetylcholine,20749,LPLC2,right,3,0.01744186046511628,intra_population
33694,LPLC2,right,acetylcholine,28741,LPLC2,right,3,0.01744186046511628,intra_population
25575,LPLC2,left,acetylcholine,524366,LPLC2,left,3,0.01744186046511628,intra_population
21336,LC4,right,acetylcholine,22194,LC4,right,3,0.01744186046511628,intra_population
37925,LPLC2,right,acetylcholine,30041,LPLC2,right,3,0.01744186046511628,intra_population
21899,LPLC2,right,acetylcholine,21045,LPLC2,right,3,0.01744186046511628,intra_population
17270,LC4,left,acetylcholine,514508,LC4,left,3,0.01744186046511628,intra_population
37925,LPLC2,right,acetylcholine,20471,LPLC2,right,3,0.01744186046511628,intra_population
17775,LPLC2,left,acetylcholine,21299,LPLC2,left,3,0.01744186046511628,intra_population
37925,LPLC2,right,acetylcholine,22218,LPLC2,right,3,0.01744186046511628,intra_population
37925,LPLC2,right,acetylcholine,22261,LPLC2,right,3,0.01744186046511628,intra_population
31257,LPLC2,right,acetylcholine,28871,LPLC2,right,3,0.01744186046511628,intra_population
25027,LPLC2,left,acetylcholine,17059,LPLC2,left,3,0.01744186046511628,intra_population
25027,LPLC2,left,acetylcholine,21299,LPLC2,left,3,0.01744186046511628,intra_population
24401,LPLC2,right,acetylcholine,24800,LPLC2,right,3,0.01744186046511628,intra_population
31964,LPLC2,right,acetylcholine,34681,LPLC2,right,3,0.01744186046511628,intra_population
24401,LPLC2,right,acetylcholine,24268,LPLC2,right,3,0.01744186046511628,intra_population
31964,LPLC2,right,acetylcholine,37431,LPLC2,right,3,0.01744186046511628,intra_population
31964,LPLC2,right,acetylcholine,37925,LPLC2,right,3,0.01744186046511628,intra_population
24401,LPLC2,right,acetylcholine,21703,LPLC2,right,3,0.01744186046511628,intra_population
29986,LPLC2,right,acetylcholine,18127,LC4,right,3,0.01744186046511628,cross_visual
24401,LPLC2,right,acetylcholine,21318,LPLC2,right,3,0.01744186046511628,intra_population
15804,LPLC2,left,acetylcholine,17653,LC4,left,3,0.01744186046511628,cross_visual
31964,LPLC2,right,acetylcholine,24800,LPLC2,right,3,0.01744186046511628,intra_population
25511,LPLC2,right,acetylcholine,20584,LPLC2,right,3,0.01744186046511628,intra_population
24523,LC4,left,acetylcholine,17270,LC4,left,3,0.01744186046511628,intra_population
24523,LC4,left,acetylcholine,17653,LC4,left,3,0.01744186046511628,intra_population
15804,LPLC2,left,acetylcholine,24568,LPLC2,left,3,0.01744186046511628,intra_population
17478,LC4,left,acetylcholine,514956,LC4,left,3,0.01744186046511628,intra_population
15804,LPLC2,left,acetylcholine,23665,LPLC2,left,3,0.01744186046511628,intra_population
24523,LC4,left,acetylcholine,518730,LC4,left,3,0.01744186046511628,intra_population
24523,LC4,left,acetylcholine,518016,LC4,left,3,0.01744186046511628,intra_population
17478,LC4,left,acetylcholine,516909,LC4,left,3,0.01744186046511628,intra_population
31964,LPLC2,right,acetylcholine,19589,LPLC2,right,3,0.01744186046511628,intra_population
15804,LPLC2,left,acetylcholine,23349,LPLC2,left,3,0.01744186046511628,intra_population
29986,LPLC2,right,acetylcholine,21703,LPLC2,right,3,0.01744186046511628,intra_population
31964,LPLC2,right,acetylcholine,33396,LPLC2,right,3,0.01744186046511628,intra_population
29986,LPLC2,right,acetylcholine,21808,LPLC2,right,3,0.01744186046511628,intra_population
31257,LPLC2,right,acetylcholine,26915,LPLC2,right,3,0.01744186046511628,intra_population
25511,LPLC2,right,acetylcholine,20694,LPLC2,right,3,0.01744186046511628,intra_population
31563,LPLC2,left,acetylcholine,21721,LC4,left,3,0.01744186046511628,cross_visual
31563,LPLC2,left,acetylcholine,22253,LPLC2,left,3,0.01744186046511628,intra_population
31563,LPLC2,left,acetylcholine,22557,LPLC2,left,3,0.01744186046511628,intra_population
24568,LPLC2,left,acetylcholine,531014,LPLC2,left,3,0.01744186046511628,intra_population
24568,LPLC2,left,acetylcholine,520764,LPLC2,left,3,0.01744186046511628,intra_population
31563,LPLC2,left,acetylcholine,24308,LPLC2,left,3,0.01744186046511628,intra_population
24568,LPLC2,left,acetylcholine,129687,LPLC2,left,3,0.01744186046511628,intra_population
24523,LC4,left,acetylcholine,532254,LC4,left,3,0.01744186046511628,intra_population
31563,LPLC2,left,acetylcholine,525844,LPLC2,left,3,0.01744186046511628,intra_population
17478,LC4,left,acetylcholine,512705,LC4,left,3,0.01744186046511628,intra_population
24401,LPLC2,right,acetylcholine,27471,LPLC2,right,3,0.01744186046511628,intra_population
29986,LPLC2,right,acetylcholine,19608,LPLC2,right,3,0.01744186046511628,intra_population
24401,LPLC2,right,acetylcholine,33439,LPLC2,right,3,0.01744186046511628,intra_population
31964,LPLC2,right,acetylcholine,25511,LPLC2,right,3,0.01744186046511628,intra_population
24401,LPLC2,right,acetylcholine,29598,LPLC2,right,3,0.01744186046511628,intra_population
29986,LPLC2,right,acetylcholine,19549,LPLC2,right,3,0.01744186046511628,intra_population
31964,LPLC2,right,acetylcholine,26730,LPLC2,right,3,0.01744186046511628,intra_population
15804,LPLC2,left,acetylcholine,19830,LPLC2,left,3,0.01744186046511628,intra_population
31964,LPLC2,right,acetylcholine,28871,LPLC2,right,3,0.01744186046511628,intra_population
31964,LPLC2,right,acetylcholine,29216,LPLC2,right,3,0.01744186046511628,intra_population
29986,LPLC2,right,acetylcholine,19229,LPLC2,right,3,0.01744186046511628,intra_population
31964,LPLC2,right,acetylcholine,20162,LPLC2,right,3,0.01744186046511628,intra_population
24523,LC4,left,acetylcholine,511914,LC4,left,3,0.01744186046511628,intra_population
24523,LC4,left,acetylcholine,81112,LC4,left,3,0.01744186046511628,intra_population
24523,LC4,left,acetylcholine,28980,LC4,left,3,0.01744186046511628,intra_population
24840,LPLC2,left,acetylcholine,11498,LPLC2,left,3,0.01744186046511628,intra_population
15804,LPLC2,left,acetylcholine,111903,LPLC2,left,3,0.01744186046511628,intra_population
17478,LC4,left,acetylcholine,20859,LC4,left,3,0.01744186046511628,intra_population
25497,LPLC2,right,acetylcholine,22261,LPLC2,right,3,0.01744186046511628,intra_population
24800,LPLC2,right,acetylcholine,34681,LPLC2,right,3,0.01744186046511628,intra_population
24800,LPLC2,right,acetylcholine,34110,LPLC2,right,3,0.01744186046511628,intra_population
24800,LPLC2,right,acetylcholine,33185,LPLC2,right,3,0.01744186046511628,intra_population
31301,LC4,left,acetylcholine,20967,LC4,left,3,0.01744186046511628,intra_population
24800,LPLC2,right,acetylcholine,32507,LPLC2,right,3,0.01744186046511628,intra_population
24800,LPLC2,right,acetylcholine,31988,LPLC2,right,3,0.01744186046511628,intra_population
30041,LPLC2,right,acetylcholine,25584,LC4,right,3,0.01744186046511628,cross_visual
24840,LPLC2,left,acetylcholine,129687,LPLC2,left,3,0.01744186046511628,intra_population
24605,LPLC2,left,acetylcholine,24840,LPLC2,left,3,0.01744186046511628,intra_population
30041,LPLC2,right,acetylcholine,29287,LPLC2,right,3,0.01744186046511628,intra_population
25497,LPLC2,right,acetylcholine,19549,LPLC2,right,3,0.01744186046511628,intra_population
25027,LPLC2,left,acetylcholine,28011,LPLC2,left,3,0.01744186046511628,intra_population
25027,LPLC2,left,acetylcholine,25286,LPLC2,left,3,0.01744186046511628,intra_population
25027,LPLC2,left,acetylcholine,25136,LPLC2,left,3,0.01744186046511628,intra_population
25027,LPLC2,left,acetylcholine,24840,LPLC2,left,3,0.01744186046511628,intra_population
31257,LPLC2,right,acetylcholine,26393,LPLC2,right,3,0.01744186046511628,intra_population
25027,LPLC2,left,acetylcholine,22253,LPLC2,left,3,0.01744186046511628,intra_population
24840,LPLC2,left,acetylcholine,100103,LPLC2,left,3,0.01744186046511628,intra_population
24840,LPLC2,left,acetylcholine,17990,LPLC2,left,3,0.01744186046511628,intra_population
30041,LPLC2,right,acetylcholine,23497,LPLC2,right,3,0.01744186046511628,intra_population
31429,LC4,left,acetylcholine,514508,LC4,left,3,0.01744186046511628,intra_population
17340,LC4,left,acetylcholine,519650,LC4,left,3,0.01744186046511628,intra_population
31964,LPLC2,right,acetylcholine,21045,LPLC2,right,3,0.01744186046511628,intra_population
17478,LC4,left,acetylcholine,518544,LC4,left,3,0.01744186046511628,intra_population
25511,LPLC2,right,acetylcholine,19589,LPLC2,right,3,0.01744186046511628,intra_population
25511,LPLC2,right,acetylcholine,19608,LPLC2,right,3,0.01744186046511628,intra_population
25511,LPLC2,right,acetylcholine,20047,LPLC2,right,3,0.01744186046511628,intra_population
31964,LPLC2,right,acetylcholine,22847,LC4,right,3,0.01744186046511628,cross_visual
29986,LPLC2,right,acetylcholine,19954,LC4,right,3,0.01744186046511628,cross_visual
24605,LPLC2,left,acetylcholine,18900,LPLC2,left,3,0.01744186046511628,intra_population
30041,LPLC2,right,acetylcholine,30803,LC4,right,3,0.01744186046511628,cross_visual
24840,LPLC2,left,acetylcholine,24308,LPLC2,left,3,0.01744186046511628,intra_population
24840,LPLC2,left,acetylcholine,20329,LPLC2,left,3,0.01744186046511628,intra_population
31262,LC4,right,acetylcholine,17266,LC4,right,3,0.01744186046511628,intra_population
25497,LPLC2,right,acetylcholine,20182,LPLC2,right,3,0.01744186046511628,intra_population
25497,LPLC2,right,acetylcholine,21045,LPLC2,right,3,0.01744186046511628,intra_population
24840,LPLC2,left,acetylcholine,32237,LPLC2,left,3,0.01744186046511628,intra_population
24840,LPLC2,left,acetylcholine,29815,LPLC2,left,3,0.01744186046511628,intra_population
24840,LPLC2,left,acetylcholine,29702,LPLC2,left,3,0.01744186046511628,intra_population
24840,LPLC2,left,acetylcholine,27796,LPLC2,left,3,0.01744186046511628,intra_population
24840,LPLC2,left,acetylcholine,24605,LPLC2,left,3,0.01744186046511628,intra_population
25209,LPLC2,left,acetylcholine,21299,LPLC2,left,3,0.01744186046511628,intra_population
32507,LPLC2,right,acetylcholine,23878,LPLC2,right,3,0.01744186046511628,intra_population
25209,LPLC2,left,acetylcholine,33303,LPLC2,left,3,0.01744186046511628,intra_population
24308,LPLC2,left,acetylcholine,24568,LPLC2,left,3,0.01744186046511628,intra_population
32237,LPLC2,left,acetylcholine,23550,LPLC2,left,3,0.01744186046511628,intra_population
32237,LPLC2,left,acetylcholine,23665,LPLC2,left,3,0.01744186046511628,intra_population
17340,LC4,left,acetylcholine,518016,LC4,left,3,0.01744186046511628,intra_population
32237,LPLC2,left,acetylcholine,24840,LPLC2,left,3,0.01744186046511628,intra_population
15018,LC4,left,acetylcholine,515476,LC4,left,3,0.01744186046511628,intra_population
32237,LPLC2,left,acetylcholine,25575,LPLC2,left,3,0.01744186046511628,intra_population
24308,LPLC2,left,acetylcholine,23665,LPLC2,left,3,0.01744186046511628,intra_population
25524,LPLC2,left,acetylcholine,10228,DNp06,left,3,0.01744186046511628,visual_to_readout
24308,LPLC2,left,acetylcholine,22253,LPLC2,left,3,0.01744186046511628,intra_population
32237,LPLC2,left,acetylcholine,28011,LPLC2,left,3,0.01744186046511628,intra_population
32237,LPLC2,left,acetylcholine,29702,LPLC2,left,3,0.01744186046511628,intra_population
32237,LPLC2,left,acetylcholine,29753,LPLC2,left,3,0.01744186046511628,intra_population
25572,LPLC2,left,acetylcholine,18936,LPLC2,left,3,0.01744186046511628,intra_population
33137,LC4,left,acetylcholine,18478,LC4,left,3,0.01744186046511628,intra_population
33137,LC4,left,acetylcholine,20572,LC4,left,3,0.01744186046511628,intra_population
23590,LPLC2,right,acetylcholine,21862,LPLC2,right,3,0.01744186046511628,intra_population
33406,LPLC2,left,acetylcholine,20799,LPLC2,left,3,0.01744186046511628,intra_population
33406,LPLC2,left,acetylcholine,22253,LPLC2,left,3,0.01744186046511628,intra_population
25575,LPLC2,left,acetylcholine,27716,LPLC2,left,3,0.01744186046511628,intra_population
33406,LPLC2,left,acetylcholine,23349,LPLC2,left,3,0.01744186046511628,intra_population
25575,LPLC2,left,acetylcholine,29319,LPLC2,left,3,0.01744186046511628,intra_population
32237,LPLC2,left,acetylcholine,22253,LPLC2,left,3,0.01744186046511628,intra_population
24308,LPLC2,left,acetylcholine,24605,LPLC2,left,3,0.01744186046511628,intra_population
24268,LPLC2,right,acetylcholine,29986,LPLC2,right,3,0.01744186046511628,intra_population
15018,LC4,left,acetylcholine,535341,LC4,left,3,0.01744186046511628,intra_population
32507,LPLC2,right,acetylcholine,10584,DNp06,right,3,0.01744186046511628,visual_to_readout
24268,LPLC2,right,acetylcholine,28044,LPLC2,right,3,0.01744186046511628,intra_population
24308,LPLC2,left,acetylcholine,30895,LPLC2,left,3,0.01744186046511628,intra_population
24268,LPLC2,right,acetylcholine,26147,LPLC2,right,3,0.01744186046511628,intra_population
16628,LC4,right,acetylcholine,16138,LC4,right,3,0.01744186046511628,intra_population
29955,LPLC2,left,acetylcholine,23919,LPLC2,left,3,0.01744186046511628,intra_population
24268,LPLC2,right,acetylcholine,22677,LPLC2,right,3,0.01744186046511628,intra_population
32507,LPLC2,right,acetylcholine,22194,LC4,right,3,0.01744186046511628,cross_visual
32507,LPLC2,right,acetylcholine,23497,LPLC2,right,3,0.01744186046511628,intra_population
32507,LPLC2,right,acetylcholine,23590,LPLC2,right,3,0.01744186046511628,intra_population
24268,LPLC2,right,acetylcholine,22218,LPLC2,right,3,0.01744186046511628,intra_population
32507,LPLC2,right,acetylcholine,25253,LPLC2,right,3,0.01744186046511628,intra_population
24308,LPLC2,left,acetylcholine,18900,LPLC2,left,3,0.01744186046511628,intra_population
24308,LPLC2,left,acetylcholine,18936,LPLC2,left,3,0.01744186046511628,intra_population
24308,LPLC2,left,acetylcholine,19911,LPLC2,left,3,0.01744186046511628,intra_population
24308,LPLC2,left,acetylcholine,21299,LPLC2,left,3,0.01744186046511628,intra_population
32223,LPLC2,left,acetylcholine,518731,LPLC2,left,3,0.01744186046511628,intra_population
32223,LPLC2,left,acetylcholine,520764,LPLC2,left,3,0.01744186046511628,intra_population
24308,LPLC2,left,acetylcholine,27796,LPLC2,left,3,0.01744186046511628,intra_population
24308,LPLC2,left,acetylcholine,27716,LPLC2,left,3,0.01744186046511628,intra_population
24308,LPLC2,left,acetylcholine,26416,LPLC2,left,3,0.01744186046511628,intra_population
17551,LPLC2,right,acetylcholine,19842,LPLC2,right,3,0.01744186046511628,intra_population
25575,LPLC2,left,acetylcholine,30512,LPLC2,left,3,0.01744186046511628,intra_population
29815,LPLC2,left,acetylcholine,28188,LPLC2,left,3,0.01744186046511628,intra_population
23590,LPLC2,right,acetylcholine,22677,LPLC2,right,3,0.01744186046511628,intra_population
33396,LPLC2,right,acetylcholine,29391,LPLC2,right,3,0.01744186046511628,intra_population
23665,LPLC2,left,acetylcholine,24308,LPLC2,left,3,0.01744186046511628,intra_population
33396,LPLC2,right,acetylcholine,30938,LPLC2,right,3,0.01744186046511628,intra_population
25575,LPLC2,left,acetylcholine,22557,LPLC2,left,3,0.01744186046511628,intra_population
23590,LPLC2,right,acetylcholine,37613,LPLC2,right,3,0.01744186046511628,intra_population
23665,LPLC2,left,acetylcholine,20967,LC4,left,3,0.01744186046511628,cross_visual
33396,LPLC2,right,acetylcholine,34372,LPLC2,right,3,0.01744186046511628,intra_population
23665,LPLC2,left,acetylcholine,17990,LPLC2,left,3,0.01744186046511628,intra_population
33396,LPLC2,right,acetylcholine,35889,LPLC2,right,3,0.01744186046511628,intra_population
25575,LPLC2,left,acetylcholine,24605,LPLC2,left,3,0.01744186046511628,intra_population
23665,LPLC2,left,acetylcholine,13726,LPLC2,left,3,0.01744186046511628,intra_population
23590,LPLC2,right,acetylcholine,50287,LPLC2,right,3,0.01744186046511628,intra_population
25575,LPLC2,left,acetylcholine,26528,LPLC2,left,3,0.01744186046511628,intra_population
14888,LC4,left,acetylcholine,20859,LC4,left,3,0.01744186046511628,intra_population
33406,LPLC2,left,acetylcholine,13726,LPLC2,left,3,0.01744186046511628,intra_population
33406,LPLC2,left,acetylcholine,40841,LPLC2,left,3,0.01744186046511628,intra_population
33406,LPLC2,left,acetylcholine,41097,LPLC2,left,3,0.01744186046511628,intra_population
33406,LPLC2,left,acetylcholine,514670,LPLC2,left,3,0.01744186046511628,intra_population
33694,LPLC2,right,acetylcholine,19146,LPLC2,right,3,0.01744186046511628,intra_population
25575,LPLC2,left,acetylcholine,100103,LPLC2,left,3,0.01744186046511628,intra_population
29815,LPLC2,left,acetylcholine,20329,LPLC2,left,3,0.01744186046511628,intra_population
23665,LPLC2,left,acetylcholine,24568,LPLC2,left,3,0.01744186046511628,intra_population
25575,LPLC2,left,acetylcholine,18936,LPLC2,left,3,0.01744186046511628,intra_population
25575,LPLC2,left,acetylcholine,18900,LPLC2,left,3,0.01744186046511628,intra_population
23590,LPLC2,right,acetylcholine,14465,LPLC2,right,3,0.01744186046511628,intra_population
29815,LPLC2,left,acetylcholine,28011,LPLC2,left,3,0.01744186046511628,intra_population
25575,LPLC2,left,acetylcholine,34051,LPLC2,left,3,0.01744186046511628,intra_population
29815,LPLC2,left,acetylcholine,32223,LPLC2,left,3,0.01744186046511628,intra_population
33406,LPLC2,left,acetylcholine,27355,LPLC2,left,3,0.01744186046511628,intra_population
33406,LPLC2,left,acetylcholine,29319,LPLC2,left,3,0.01744186046511628,intra_population
23590,LPLC2,right,acetylcholine,19249,LPLC2,right,3,0.01744186046511628,intra_population
33406,LPLC2,left,acetylcholine,29753,LPLC2,left,3,0.01744186046511628,intra_population
29815,LPLC2,left,acetylcholine,27716,LPLC2,left,3,0.01744186046511628,intra_population
33406,LPLC2,left,acetylcholine,30895,LPLC2,left,3,0.01744186046511628,intra_population
17551,LPLC2,right,acetylcholine,20542,LC4,right,3,0.01744186046511628,cross_visual
23665,LPLC2,left,acetylcholine,27355,LPLC2,left,3,0.01744186046511628,intra_population
33406,LPLC2,left,acetylcholine,33965,LPLC2,left,3,0.01744186046511628,intra_population
33406,LPLC2,left,acetylcholine,35294,LPLC2,left,3,0.01744186046511628,intra_population
25575,LPLC2,left,acetylcholine,27355,LPLC2,left,3,0.01744186046511628,intra_population
23590,LPLC2,right,acetylcholine,35889,LPLC2,right,3,0.01744186046511628,intra_population
33396,LPLC2,right,acetylcholine,23878,LPLC2,right,3,0.01744186046511628,intra_population
25575,LPLC2,left,acetylcholine,22253,LPLC2,left,3,0.01744186046511628,intra_population
23665,LPLC2,left,acetylcholine,28188,LPLC2,left,3,0.01744186046511628,intra_population
14888,LC4,left,acetylcholine,23226,LC4,left,3,0.01744186046511628,intra_population
23665,LPLC2,left,acetylcholine,27399,LPLC2,left,3,0.01744186046511628,intra_population
25524,LPLC2,left,acetylcholine,19911,LPLC2,left,3,0.01744186046511628,intra_population
24268,LPLC2,right,acetylcholine,30803,LC4,right,3,0.01744186046511628,cross_visual
25575,LPLC2,left,acetylcholine,111903,LPLC2,left,3,0.01744186046511628,intra_population
32737,LPLC2,left,acetylcholine,29815,LPLC2,left,3,0.01744186046511628,intra_population
17544,LPLC2,left,acetylcholine,41097,LPLC2,left,3,0.01744186046511628,intra_population
32737,LPLC2,left,acetylcholine,25524,LPLC2,left,3,0.01744186046511628,intra_population
29873,LPLC2,right,acetylcholine,32507,LPLC2,right,3,0.01744186046511628,intra_population
29873,LPLC2,right,acetylcholine,31257,LPLC2,right,3,0.01744186046511628,intra_population
29873,LPLC2,right,acetylcholine,29986,LPLC2,right,3,0.01744186046511628,intra_population
24118,LPLC2,right,acetylcholine,21769,LPLC2,right,3,0.01744186046511628,intra_population
32737,LPLC2,left,acetylcholine,28011,LPLC2,left,3,0.01744186046511628,intra_population
32737,LPLC2,left,acetylcholine,29319,LPLC2,left,3,0.01744186046511628,intra_population
29873,LPLC2,right,acetylcholine,29183,LPLC2,right,3,0.01744186046511628,intra_population
32507,LPLC2,right,acetylcholine,26915,LPLC2,right,3,0.01744186046511628,intra_population
24268,LPLC2,right,acetylcholine,20334,LPLC2,right,3,0.01744186046511628,intra_population
24268,LPLC2,right,acetylcholine,21045,LPLC2,right,3,0.01744186046511628,intra_population
32223,LPLC2,left,acetylcholine,16809,LC4,left,3,0.01744186046511628,cross_visual
25511,LPLC2,right,acetylcholine,29391,LPLC2,right,3,0.01744186046511628,intra_population
31988,LPLC2,right,acetylcholine,35838,LPLC2,right,3,0.01744186046511628,intra_population
24338,LC4,right,acetylcholine,17987,LC4,right,3,0.01744186046511628,intra_population
31988,LPLC2,right,acetylcholine,37431,LPLC2,right,3,0.01744186046511628,intra_population
31988,LPLC2,right,acetylcholine,37613,LPLC2,right,3,0.01744186046511628,intra_population
31988,LPLC2,right,acetylcholine,38542,LPLC2,right,3,0.01744186046511628,intra_population
16138,LC4,right,acetylcholine,26112,LC4,right,3,0.01744186046511628,intra_population
25511,LPLC2,right,acetylcholine,30938,LPLC2,right,3,0.01744186046511628,intra_population
29873,LPLC2,right,acetylcholine,33439,LPLC2,right,3,0.01744186046511628,intra_population
32737,LPLC2,left,acetylcholine,25027,LPLC2,left,3,0.01744186046511628,intra_population
32237,LPLC2,left,acetylcholine,521115,LPLC2,left,3,0.01744186046511628,intra_population
24118,LPLC2,right,acetylcholine,26147,LPLC2,right,3,0.01744186046511628,intra_population
23919,LPLC2,left,acetylcholine,129687,LPLC2,left,3,0.01744186046511628,intra_population
17775,LPLC2,left,acetylcholine,19830,LPLC2,left,3,0.01744186046511628,intra_population
23919,LPLC2,left,acetylcholine,41097,LPLC2,left,3,0.01744186046511628,intra_population
25572,LPLC2,left,acetylcholine,18900,LPLC2,left,3,0.01744186046511628,intra_population
29873,LPLC2,right,acetylcholine,25636,LPLC2,right,3,0.01744186046511628,intra_population
33137,LC4,left,acetylcholine,14888,LC4,left,3,0.01744186046511628,intra_population
33137,LC4,left,acetylcholine,16917,LC4,left,3,0.01744186046511628,intra_population
23919,LPLC2,left,acetylcholine,29815,LPLC2,left,3,0.01744186046511628,intra_population
29873,LPLC2,right,acetylcholine,29014,LPLC2,right,3,0.01744186046511628,intra_population
24118,LPLC2,right,acetylcholine,20749,LPLC2,right,3,0.01744186046511628,intra_population
32737,LPLC2,left,acetylcholine,18936,LPLC2,left,3,0.01744186046511628,intra_population
25524,LPLC2,left,acetylcholine,34051,LPLC2,left,3,0.01744186046511628,intra_population
24118,LPLC2,right,acetylcholine,34110,LPLC2,right,3,0.01744186046511628,intra_population
24118,LPLC2,right,acetylcholine,31988,LPLC2,right,3,0.01744186046511628,intra_population
24118,LPLC2,right,acetylcholine,30041,LPLC2,right,3,0.01744186046511628,intra_population
32737,LPLC2,left,acetylcholine,21299,LPLC2,left,3,0.01744186046511628,intra_population
24118,LPLC2,right,acetylcholine,29986,LPLC2,right,3,0.01744186046511628,intra_population
24118,LPLC2,right,acetylcholine,29873,LPLC2,right,3,0.01744186046511628,intra_population
24118,LPLC2,right,acetylcholine,29216,LPLC2,right,3,0.01744186046511628,intra_population
24118,LPLC2,right,acetylcholine,28044,LPLC2,right,3,0.01744186046511628,intra_population
24118,LPLC2,right,acetylcholine,28003,LPLC2,right,3,0.01744186046511628,intra_population
17544,LPLC2,left,acetylcholine,19911,LPLC2,left,3,0.01744186046511628,intra_population
32223,LPLC2,left,acetylcholine,12384,LPLC2,left,3,0.01744186046511628,intra_population
17544,LPLC2,left,acetylcholine,21299,LPLC2,left,3,0.01744186046511628,intra_population
31988,LPLC2,right,acetylcholine,33396,LPLC2,right,3,0.01744186046511628,intra_population
17544,LPLC2,left,acetylcholine,15804,LPLC2,left,3,0.01744186046511628,intra_population
16138,LC4,right,acetylcholine,25584,LC4,right,3,0.01744186046511628,intra_population
31988,LPLC2,right,acetylcholine,28003,LPLC2,right,3,0.01744186046511628,intra_population
31988,LPLC2,right,acetylcholine,28044,LPLC2,right,3,0.01744186046511628,intra_population
17544,LPLC2,left,acetylcholine,16809,LC4,left,3,0.01744186046511628,cross_visual
31988,LPLC2,right,acetylcholine,28871,LPLC2,right,3,0.01744186046511628,intra_population
24338,LC4,right,acetylcholine,527408,LC4,right,3,0.01744186046511628,intra_population
31988,LPLC2,right,acetylcholine,29391,LPLC2,right,3,0.01744186046511628,intra_population
24338,LC4,right,acetylcholine,38065,LC4,right,3,0.01744186046511628,intra_population
25511,LPLC2,right,acetylcholine,28871,LPLC2,right,3,0.01744186046511628,intra_population
24338,LC4,right,acetylcholine,21151,LC4,right,3,0.01744186046511628,intra_population
31988,LPLC2,right,acetylcholine,31257,LPLC2,right,3,0.01744186046511628,intra_population
32223,LPLC2,left,acetylcholine,29955,LPLC2,left,3,0.01744186046511628,intra_population
29955,LPLC2,left,acetylcholine,32223,LPLC2,left,3,0.01744186046511628,intra_population
24308,LPLC2,left,acetylcholine,31563,LPLC2,left,3,0.01744186046511628,intra_population
24268,LPLC2,right,acetylcholine,28741,LPLC2,right,3,0.01744186046511628,intra_population
24268,LPLC2,right,acetylcholine,50287,LPLC2,right,3,0.01744186046511628,intra_population
17340,LC4,left,acetylcholine,516909,LC4,left,3,0.01744186046511628,intra_population
29955,LPLC2,left,acetylcholine,25572,LPLC2,left,3,0.01744186046511628,intra_population
24268,LPLC2,right,acetylcholine,33185,LPLC2,right,3,0.01744186046511628,intra_population
24268,LPLC2,right,acetylcholine,31257,LPLC2,right,3,0.01744186046511628,intra_population
31988,LPLC2,right,acetylcholine,26147,LPLC2,right,3,0.01744186046511628,intra_population
17544,LPLC2,left,acetylcholine,13764,LPLC2,left,3,0.01744186046511628,intra_population
24401,LPLC2,right,acetylcholine,20047,LPLC2,right,3,0.01744186046511628,intra_population
25511,LPLC2,right,acetylcholine,31964,LPLC2,right,3,0.01744186046511628,intra_population
32223,LPLC2,left,acetylcholine,17990,LPLC2,left,3,0.01744186046511628,intra_population
29955,LPLC2,left,acetylcholine,34407,LPLC2,left,3,0.01744186046511628,intra_population
24308,LPLC2,left,acetylcholine,517078,LPLC2,left,3,0.01744186046511628,intra_population
32223,LPLC2,left,acetylcholine,25136,LPLC2,left,3,0.01744186046511628,intra_population
32223,LPLC2,left,acetylcholine,25209,LPLC2,left,3,0.01744186046511628,intra_population
24308,LPLC2,left,acetylcholine,40841,LPLC2,left,3,0.01744186046511628,intra_population
32223,LPLC2,left,acetylcholine,25572,LPLC2,left,3,0.01744186046511628,intra_population
24308,LPLC2,left,acetylcholine,34655,LPLC2,left,3,0.01744186046511628,intra_population
25511,LPLC2,right,acetylcholine,31262,LC4,right,3,0.01744186046511628,cross_visual
31988,LPLC2,right,acetylcholine,34110,LPLC2,right,3,0.01744186046511628,intra_population
31988,LPLC2,right,acetylcholine,25253,LPLC2,right,3,0.01744186046511628,intra_population
29955,LPLC2,left,acetylcholine,521115,LPLC2,left,3,0.01744186046511628,intra_population
32507,LPLC2,right,acetylcholine,25316,LPLC2,right,3,0.01744186046511628,intra_population
29955,LPLC2,left,acetylcholine,533895,LPLC2,left,3,0.01744186046511628,intra_population
31988,LPLC2,right,acetylcholine,22218,LPLC2,right,3,0.01744186046511628,intra_population
31988,LPLC2,right,acetylcholine,22261,LPLC2,right,3,0.01744186046511628,intra_population
31988,LPLC2,right,acetylcholine,24118,LPLC2,right,3,0.01744186046511628,intra_population
25511,LPLC2,right,acetylcholine,24401,LPLC2,right,3,0.01744186046511628,intra_population
24401,LPLC2,right,acetylcholine,20103,LPLC2,right,3,0.01744186046511628,intra_population
31988,LPLC2,right,acetylcholine,24401,LPLC2,right,3,0.01744186046511628,intra_population
29815,LPLC2,left,acetylcholine,20240,LPLC2,left,3,0.01744186046511628,intra_population
25575,LPLC2,left,acetylcholine,134521,LPLC2,left,3,0.01744186046511628,intra_population
30895,LPLC2,left,acetylcholine,25136,LPLC2,left,3,0.01744186046511628,intra_population
33303,LPLC2,left,acetylcholine,29815,LPLC2,left,3,0.01744186046511628,intra_population
33303,LPLC2,left,acetylcholine,20329,LPLC2,left,3,0.01744186046511628,intra_population
33303,LPLC2,left,acetylcholine,21299,LPLC2,left,3,0.01744186046511628,intra_population
33303,LPLC2,left,acetylcholine,21361,LPLC2,left,3,0.01744186046511628,intra_population
33303,LPLC2,left,acetylcholine,22557,LPLC2,left,3,0.01744186046511628,intra_population
25572,LPLC2,left,acetylcholine,514670,LPLC2,left,3,0.01744186046511628,intra_population
33303,LPLC2,left,acetylcholine,23665,LPLC2,left,3,0.01744186046511628,intra_population
33303,LPLC2,left,acetylcholine,24308,LPLC2,left,3,0.01744186046511628,intra_population
29873,LPLC2,right,acetylcholine,19034,LPLC2,right,3,0.01744186046511628,intra_population
33303,LPLC2,left,acetylcholine,24840,LPLC2,left,3,0.01744186046511628,intra_population
33303,LPLC2,left,acetylcholine,25209,LPLC2,left,3,0.01744186046511628,intra_population
33303,LPLC2,left,acetylcholine,25524,LPLC2,left,3,0.01744186046511628,intra_population
23792,LC4,right,acetylcholine,22847,LC4,right,3,0.01744186046511628,intra_population
14888,LC4,left,acetylcholine,37587,LC4,left,3,0.01744186046511628,intra_population
33303,LPLC2,left,acetylcholine,27023,LPLC2,left,3,0.01744186046511628,intra_population
17340,LC4,left,acetylcholine,27829,LC4,left,3,0.01744186046511628,intra_population
23792,LC4,right,acetylcholine,21287,LC4,right,3,0.01744186046511628,intra_population
33303,LPLC2,left,acetylcholine,28011,LPLC2,left,3,0.01744186046511628,intra_population
23792,LC4,right,acetylcholine,20808,LC4,right,3,0.01744186046511628,intra_population
29873,LPLC2,right,acetylcholine,17551,LPLC2,right,3,0.01744186046511628,intra_population
23792,LC4,right,acetylcholine,20282,LC4,right,3,0.01744186046511628,intra_population
24401,LPLC2,right,acetylcholine,20182,LPLC2,right,3,0.01744186046511628,intra_population
23792,LC4,right,acetylcholine,29563,LC4,right,3,0.01744186046511628,intra_population
23792,LC4,right,acetylcholine,20016,LC4,right,3,0.01744186046511628,intra_population
23792,LC4,right,acetylcholine,17926,LC4,right,3,0.01744186046511628,intra_population
33303,LPLC2,left,acetylcholine,32237,LPLC2,left,3,0.01744186046511628,intra_population
25575,LPLC2,left,acetylcholine,14102,LPLC2,left,3,0.01744186046511628,intra_population
23665,LPLC2,left,acetylcholine,521115,LPLC2,left,3,0.01744186046511628,intra_population
23665,LPLC2,left,acetylcholine,517078,LPLC2,left,3,0.01744186046511628,intra_population
33303,LPLC2,left,acetylcholine,111903,LPLC2,left,3,0.01744186046511628,intra_population
33303,LPLC2,left,acetylcholine,112292,LPLC2,left,3,0.01744186046511628,intra_population
33303,LPLC2,left,acetylcholine,134521,LPLC2,left,3,0.01744186046511628,intra_population
33303,LPLC2,left,acetylcholine,514670,LPLC2,left,3,0.01744186046511628,intra_population
16628,LC4,right,acetylcholine,18189,LC4,right,3,0.01744186046511628,intra_population
23665,LPLC2,left,acetylcholine,34051,LPLC2,left,3,0.01744186046511628,intra_population
23792,LC4,right,acetylcholine,527408,LC4,right,3,0.01744186046511628,intra_population
33303,LPLC2,left,acetylcholine,521115,LPLC2,left,3,0.01744186046511628,intra_population
33303,LPLC2,left,acetylcholine,525844,LPLC2,left,3,0.01744186046511628,intra_population
23665,LPLC2,left,acetylcholine,32237,LPLC2,left,3,0.01744186046511628,intra_population
23665,LPLC2,left,acetylcholine,31563,LPLC2,left,3,0.01744186046511628,intra_population
23665,LPLC2,left,acetylcholine,30512,LPLC2,left,3,0.01744186046511628,intra_population
23665,LPLC2,left,acetylcholine,29815,LPLC2,left,3,0.01744186046511628,intra_population
14888,LC4,left,acetylcholine,29469,LC4,left,3,0.01744186046511628,intra_population
23665,LPLC2,left,acetylcholine,29702,LPLC2,left,3,0.01744186046511628,intra_population
33396,LPLC2,right,acetylcholine,20182,LPLC2,right,3,0.01744186046511628,intra_population
33396,LPLC2,right,acetylcholine,21318,LPLC2,right,3,0.01744186046511628,intra_population
23792,LC4,right,acetylcholine,18189,LC4,right,3,0.01744186046511628,intra_population
24401,LPLC2,right,acetylcholine,20694,LPLC2,right,3,0.01744186046511628,intra_population
23497,LPLC2,right,acetylcholine,29287,LPLC2,right,3,0.01744186046511628,intra_population
30087,LC4,left,acetylcholine,17608,LC4,left,3,0.01744186046511628,intra_population
17364,LC4,right,acetylcholine,21336,LC4,right,3,0.01744186046511628,intra_population
25253,LPLC2,right,acetylcholine,10584,DNp06,right,3,0.01744186046511628,visual_to_readout
30893,LPLC2,left,acetylcholine,29702,LPLC2,left,3,0.01744186046511628,intra_population
25253,LPLC2,right,acetylcholine,20162,LPLC2,right,3,0.01744186046511628,intra_population
25253,LPLC2,right,acetylcholine,19608,LPLC2,right,3,0.01744186046511628,intra_population
30893,LPLC2,left,acetylcholine,34051,LPLC2,left,3,0.01744186046511628,intra_population
30893,LPLC2,left,acetylcholine,35294,LPLC2,left,3,0.01744186046511628,intra_population
25253,LPLC2,right,acetylcholine,19549,LPLC2,right,3,0.01744186046511628,intra_population
25316,LPLC2,right,acetylcholine,23590,LPLC2,right,3,0.01744186046511628,intra_population
25253,LPLC2,right,acetylcholine,18672,LPLC2,right,3,0.01744186046511628,intra_population
25253,LPLC2,right,acetylcholine,17551,LPLC2,right,3,0.01744186046511628,intra_population
25316,LPLC2,right,acetylcholine,28741,LPLC2,right,3,0.01744186046511628,intra_population
30893,LPLC2,left,acetylcholine,533895,LPLC2,left,3,0.01744186046511628,intra_population
25209,LPLC2,left,acetylcholine,31105,LPLC2,left,3,0.01744186046511628,intra_population
25209,LPLC2,left,acetylcholine,533895,LPLC2,left,3,0.01744186046511628,intra_population
25316,LPLC2,right,acetylcholine,28871,LPLC2,right,3,0.01744186046511628,intra_population
30895,LPLC2,left,acetylcholine,12384,LPLC2,left,3,0.01744186046511628,intra_population
30895,LPLC2,left,acetylcholine,14102,LPLC2,left,3,0.01744186046511628,intra_population
25209,LPLC2,left,acetylcholine,40841,LPLC2,left,3,0.01744186046511628,intra_population
25209,LPLC2,left,acetylcholine,34051,LPLC2,left,3,0.01744186046511628,intra_population
30895,LPLC2,left,acetylcholine,19830,LPLC2,left,3,0.01744186046511628,intra_population
30895,LPLC2,left,acetylcholine,21361,LPLC2,left,3,0.01744186046511628,intra_population
25209,LPLC2,left,acetylcholine,21361,LPLC2,left,3,0.01744186046511628,intra_population
30895,LPLC2,left,acetylcholine,27399,LPLC2,left,3,0.01744186046511628,intra_population
25316,LPLC2,right,acetylcholine,31257,LPLC2,right,3,0.01744186046511628,intra_population
25209,LPLC2,left,acetylcholine,26528,LPLC2,left,3,0.01744186046511628,intra_population
30895,LPLC2,left,acetylcholine,32223,LPLC2,left,3,0.01744186046511628,intra_population
30895,LPLC2,left,acetylcholine,32737,LPLC2,left,3,0.01744186046511628,intra_population
25209,LPLC2,left,acetylcholine,29955,LPLC2,left,3,0.01744186046511628,intra_population
30895,LPLC2,left,acetylcholine,34407,LPLC2,left,3,0.01744186046511628,intra_population
30895,LPLC2,left,acetylcholine,37587,LC4,left,3,0.01744186046511628,cross_visual
30895,LPLC2,left,acetylcholine,40811,LPLC2,left,3,0.01744186046511628,intra_population
25209,LPLC2,left,acetylcholine,28188,LPLC2,left,3,0.01744186046511628,intra_population
30087,LC4,left,acetylcholine,21721,LC4,left,3,0.01744186046511628,intra_population
25209,LPLC2,left,acetylcholine,27716,LPLC2,left,3,0.01744186046511628,intra_population
30895,LPLC2,left,acetylcholine,29702,LPLC2,left,3,0.01744186046511628,intra_population
30938,LPLC2,right,acetylcholine,21899,LPLC2,right,3,0.01744186046511628,intra_population
16128,LC4,right,acetylcholine,17364,LC4,right,3,0.01744186046511628,intra_population
25316,LPLC2,right,acetylcholine,31262,LC4,right,3,0.01744186046511628,cross_visual
25316,LPLC2,right,acetylcholine,32507,LPLC2,right,3,0.01744186046511628,intra_population
25209,LPLC2,left,acetylcholine,24568,LPLC2,left,3,0.01744186046511628,intra_population
30938,LPLC2,right,acetylcholine,17551,LPLC2,right,3,0.01744186046511628,intra_population
30938,LPLC2,right,acetylcholine,19229,LPLC2,right,3,0.01744186046511628,intra_population
25209,LPLC2,left,acetylcholine,23247,LPLC2,left,3,0.01744186046511628,intra_population
30938,LPLC2,right,acetylcholine,20471,LPLC2,right,3,0.01744186046511628,intra_population
30938,LPLC2,right,acetylcholine,21862,LPLC2,right,3,0.01744186046511628,intra_population
25575,LPLC2,left,acetylcholine,13726,LPLC2,left,3,0.01744186046511628,intra_population
29815,LPLC2,left,acetylcholine,520764,LPLC2,left,3,0.01744186046511628,intra_population
23550,LPLC2,left,acetylcholine,24568,LPLC2,left,3,0.01744186046511628,intra_population
23550,LPLC2,left,acetylcholine,134521,LPLC2,left,3,0.01744186046511628,intra_population
25575,LPLC2,left,acetylcholine,35294,LPLC2,left,3,0.01744186046511628,intra_population
23550,LPLC2,left,acetylcholine,35294,LPLC2,left,3,0.01744186046511628,intra_population
23550,LPLC2,left,acetylcholine,34407,LPLC2,left,3,0.01744186046511628,intra_population
33439,LPLC2,right,acetylcholine,20471,LPLC2,right,3,0.01744186046511628,intra_population
33439,LPLC2,right,acetylcholine,20694,LPLC2,right,3,0.01744186046511628,intra_population
33439,LPLC2,right,acetylcholine,21862,LPLC2,right,3,0.01744186046511628,intra_population
23550,LPLC2,left,acetylcholine,33965,LPLC2,left,3,0.01744186046511628,intra_population
33439,LPLC2,right,acetylcholine,23590,LPLC2,right,3,0.01744186046511628,intra_population
29815,LPLC2,left,acetylcholine,24605,LPLC2,left,3,0.01744186046511628,intra_population
23550,LPLC2,left,acetylcholine,32737,LPLC2,left,3,0.01744186046511628,intra_population
33439,LPLC2,right,acetylcholine,27566,LPLC2,right,3,0.01744186046511628,intra_population
33439,LPLC2,right,acetylcholine,28044,LPLC2,right,3,0.01744186046511628,intra_population
29815,LPLC2,left,acetylcholine,24568,LPLC2,left,3,0.01744186046511628,intra_population
33439,LPLC2,right,acetylcholine,29183,LPLC2,right,3,0.01744186046511628,intra_population
25575,LPLC2,left,acetylcholine,81112,LC4,left,3,0.01744186046511628,cross_visual
33439,LPLC2,right,acetylcholine,29873,LPLC2,right,3,0.01744186046511628,intra_population
33396,LPLC2,right,acetylcholine,24187,LPLC2,right,3,0.01744186046511628,intra_population
33396,LPLC2,right,acetylcholine,21862,LPLC2,right,3,0.01744186046511628,intra_population
23919,LPLC2,left,acetylcholine,27716,LPLC2,left,3,0.01744186046511628,intra_population
23878,LPLC2,right,acetylcholine,22261,LPLC2,right,3,0.01744186046511628,intra_population
25572,LPLC2,left,acetylcholine,26528,LPLC2,left,3,0.01744186046511628,intra_population
23550,LPLC2,left,acetylcholine,112292,LPLC2,left,3,0.01744186046511628,intra_population
29815,LPLC2,left,acetylcholine,26416,LPLC2,left,3,0.01744186046511628,intra_population
29873,LPLC2,right,acetylcholine,19608,LPLC2,right,3,0.01744186046511628,intra_population
33406,LPLC2,left,acetylcholine,525844,LPLC2,left,3,0.01744186046511628,intra_population
23550,LPLC2,left,acetylcholine,24308,LPLC2,left,3,0.01744186046511628,intra_population
25575,LPLC2,left,acetylcholine,514670,LPLC2,left,3,0.01744186046511628,intra_population
29815,LPLC2,left,acetylcholine,13132,LPLC2,left,3,0.01744186046511628,intra_population
29815,LPLC2,left,acetylcholine,12384,LPLC2,left,3,0.01744186046511628,intra_population
33694,LPLC2,right,acetylcholine,20162,LPLC2,right,3,0.01744186046511628,intra_population
23550,LPLC2,left,acetylcholine,535341,LC4,left,3,0.01744186046511628,cross_visual
33694,LPLC2,right,acetylcholine,20182,LPLC2,right,3,0.01744186046511628,intra_population
33694,LPLC2,right,acetylcholine,20471,LPLC2,right,3,0.01744186046511628,intra_population
17551,LPLC2,right,acetylcholine,21862,LPLC2,right,3,0.01744186046511628,intra_population
33694,LPLC2,right,acetylcholine,22261,LPLC2,right,3,0.01744186046511628,intra_population
33694,LPLC2,right,acetylcholine,23878,LPLC2,right,3,0.01744186046511628,intra_population
23497,LPLC2,right,acetylcholine,50287,LPLC2,right,3,0.01744186046511628,intra_population
23497,LPLC2,right,acetylcholine,37613,LPLC2,right,3,0.01744186046511628,intra_population
23497,LPLC2,right,acetylcholine,33396,LPLC2,right,3,0.01744186046511628,intra_population
23497,LPLC2,right,acetylcholine,29598,LPLC2,right,3,0.01744186046511628,intra_population
33694,LPLC2,right,acetylcholine,28044,LPLC2,right,3,0.01744186046511628,intra_population
29815,LPLC2,left,acetylcholine,23665,LPLC2,left,3,0.01744186046511628,intra_population
23550,LPLC2,left,acetylcholine,29319,LPLC2,left,3,0.01744186046511628,intra_population
23550,LPLC2,left,acetylcholine,31105,LPLC2,left,3,0.01744186046511628,intra_population
33439,LPLC2,right,acetylcholine,30041,LPLC2,right,3,0.01744186046511628,intra_population
33406,LPLC2,left,acetylcholine,520764,LPLC2,left,3,0.01744186046511628,intra_population
23878,LPLC2,right,acetylcholine,29216,LPLC2,right,3,0.01744186046511628,intra_population
17548,LC4,right,acetylcholine,20399,LC4,right,3,0.01744186046511628,intra_population
14888,LC4,left,acetylcholine,519931,LC4,left,3,0.01744186046511628,intra_population
23878,LPLC2,right,acetylcholine,25636,LPLC2,right,3,0.01744186046511628,intra_population
23919,LPLC2,left,acetylcholine,23665,LPLC2,left,3,0.01744186046511628,intra_population
33137,LC4,left,acetylcholine,100485,LC4,left,3,0.01744186046511628,intra_population
29873,LPLC2,right,acetylcholine,24118,LPLC2,right,3,0.01744186046511628,intra_population
14888,LC4,left,acetylcholine,535341,LC4,left,3,0.01744186046511628,intra_population
29873,LPLC2,right,acetylcholine,23590,LPLC2,right,3,0.01744186046511628,intra_population
33137,LC4,left,acetylcholine,514956,LC4,left,3,0.01744186046511628,intra_population
23878,LPLC2,right,acetylcholine,55627,LPLC2,right,3,0.01744186046511628,intra_population
14888,LC4,left,acetylcholine,533129,LC4,left,3,0.01744186046511628,intra_population
25572,LPLC2,left,acetylcholine,24568,LPLC2,left,3,0.01744186046511628,intra_population
33137,LC4,left,acetylcholine,520449,LC4,left,3,0.01744186046511628,intra_population
23878,LPLC2,right,acetylcholine,37613,LPLC2,right,3,0.01744186046511628,intra_population
14888,LC4,left,acetylcholine,526286,LC4,left,3,0.01744186046511628,intra_population
23878,LPLC2,right,acetylcholine,35680,LPLC2,right,3,0.01744186046511628,intra_population
29873,LPLC2,right,acetylcholine,22218,LPLC2,right,3,0.01744186046511628,intra_population
23878,LPLC2,right,acetylcholine,33694,LPLC2,right,3,0.01744186046511628,intra_population
33185,LPLC2,right,acetylcholine,20162,LPLC2,right,3,0.01744186046511628,intra_population
33185,LPLC2,right,acetylcholine,20182,LPLC2,right,3,0.01744186046511628,intra_population
29873,LPLC2,right,acetylcholine,21862,LPLC2,right,3,0.01744186046511628,intra_population
33185,LPLC2,right,acetylcholine,20535,LPLC2,right,3,0.01744186046511628,intra_population
23878,LPLC2,right,acetylcholine,19249,LPLC2,right,3,0.01744186046511628,intra_population
25572,LPLC2,left,acetylcholine,514508,LC4,left,3,0.01744186046511628,cross_visual
23919,LPLC2,left,acetylcholine,24568,LPLC2,left,3,0.01744186046511628,intra_population
23919,LPLC2,left,acetylcholine,24840,LPLC2,left,3,0.01744186046511628,intra_population
23919,LPLC2,left,acetylcholine,27399,LPLC2,left,3,0.01744186046511628,intra_population
23878,LPLC2,right,acetylcholine,20694,LPLC2,right,3,0.01744186046511628,intra_population
17548,LC4,right,acetylcholine,20588,LC4,right,3,0.01744186046511628,intra_population
23878,LPLC2,right,acetylcholine,24187,LPLC2,right,3,0.01744186046511628,intra_population
33185,LPLC2,right,acetylcholine,25636,LPLC2,right,3,0.01744186046511628,intra_population
33185,LPLC2,right,acetylcholine,26147,LPLC2,right,3,0.01744186046511628,intra_population
25572,LPLC2,left,acetylcholine,29955,LPLC2,left,3,0.01744186046511628,intra_population
23878,LPLC2,right,acetylcholine,21703,LPLC2,right,3,0.01744186046511628,intra_population
29873,LPLC2,right,acetylcholine,21336,LC4,right,3,0.01744186046511628,cross_visual
25572,LPLC2,left,acetylcholine,32223,LPLC2,left,3,0.01744186046511628,intra_population
23878,LPLC2,right,acetylcholine,21318,LPLC2,right,3,0.01744186046511628,intra_population
25572,LPLC2,left,acetylcholine,100103,LPLC2,left,3,0.01744186046511628,intra_population
29873,LPLC2,right,acetylcholine,22261,LPLC2,right,3,0.01744186046511628,intra_population
25572,LPLC2,left,acetylcholine,129687,LPLC2,left,3,0.01744186046511628,intra_population
33185,LPLC2,right,acetylcholine,34681,LPLC2,right,3,0.01744186046511628,intra_population
33185,LPLC2,right,acetylcholine,35889,LPLC2,right,3,0.01744186046511628,intra_population
33185,LPLC2,right,acetylcholine,39620,LPLC2,right,3,0.01744186046511628,intra_population
23878,LPLC2,right,acetylcholine,19634,LC4,right,3,0.01744186046511628,cross_visual
23878,LPLC2,right,acetylcholine,19589,LPLC2,right,3,0.01744186046511628,intra_population
33185,LPLC2,right,acetylcholine,22328,LC4,right,3,0.01744186046511628,cross_visual
23878,LPLC2,right,acetylcholine,31964,LPLC2,right,3,0.01744186046511628,intra_population
33396,LPLC2,right,acetylcholine,21808,LPLC2,right,3,0.01744186046511628,intra_population
22034,LC4,right,acetylcholine,16628,LC4,right,3,0.01744186046511628,intra_population
17551,LPLC2,right,acetylcholine,28044,LPLC2,right,3,0.01744186046511628,intra_population
37613,LPLC2,right,acetylcholine,25316,LPLC2,right,3,0.01744186046511628,intra_population
33965,LPLC2,left,acetylcholine,15804,LPLC2,left,3,0.01744186046511628,intra_population
23497,LPLC2,right,acetylcholine,20162,LPLC2,right,3,0.01744186046511628,intra_population
23497,LPLC2,right,acetylcholine,21769,LPLC2,right,3,0.01744186046511628,intra_population
23497,LPLC2,right,acetylcholine,21562,LPLC2,right,3,0.01744186046511628,intra_population
33965,LPLC2,left,acetylcholine,23349,LPLC2,left,3,0.01744186046511628,intra_population
17551,LPLC2,right,acetylcholine,22261,LPLC2,right,3,0.01744186046511628,intra_population
17340,LC4,left,acetylcholine,18478,LC4,left,3,0.01744186046511628,intra_population
17340,LC4,left,acetylcholine,18432,LC4,left,3,0.01744186046511628,intra_population
23497,LPLC2,right,acetylcholine,20471,LPLC2,right,3,0.01744186046511628,intra_population
25584,LC4,right,acetylcholine,17054,LC4,right,3,0.01744186046511628,intra_population
33965,LPLC2,left,acetylcholine,27399,LPLC2,left,3,0.01744186046511628,intra_population
33965,LPLC2,left,acetylcholine,27796,LPLC2,left,3,0.01744186046511628,intra_population
34051,LPLC2,left,acetylcholine,24840,LPLC2,left,3,0.01744186046511628,intra_population
29753,LPLC2,left,acetylcholine,30512,LPLC2,left,3,0.01744186046511628,intra_population
23392,LC4,right,acetylcholine,19260,LC4,right,3,0.01744186046511628,intra_population
34110,LPLC2,right,acetylcholine,31257,LPLC2,right,3,0.01744186046511628,intra_population
34110,LPLC2,right,acetylcholine,24338,LC4,right,3,0.01744186046511628,cross_visual
34110,LPLC2,right,acetylcholine,25316,LPLC2,right,3,0.01744186046511628,intra_population
23349,LPLC2,left,acetylcholine,31105,LPLC2,left,3,0.01744186046511628,intra_population
23349,LPLC2,left,acetylcholine,30895,LPLC2,left,3,0.01744186046511628,intra_population
34110,LPLC2,right,acetylcholine,28741,LPLC2,right,3,0.01744186046511628,intra_population
23349,LPLC2,left,acetylcholine,28188,LPLC2,left,3,0.01744186046511628,intra_population
33965,LPLC2,left,acetylcholine,20240,LPLC2,left,3,0.01744186046511628,intra_population
23497,LPLC2,right,acetylcholine,22261,LPLC2,right,3,0.01744186046511628,intra_population
23392,LC4,right,acetylcholine,22194,LC4,right,3,0.01744186046511628,intra_population
14465,LPLC2,right,acetylcholine,31257,LPLC2,right,3,0.01744186046511628,intra_population
23392,LC4,right,acetylcholine,21313,LC4,right,3,0.01744186046511628,intra_population
23392,LC4,right,acetylcholine,20542,LC4,right,3,0.01744186046511628,intra_population
14465,LPLC2,right,acetylcholine,28044,LPLC2,right,3,0.01744186046511628,intra_population
33965,LPLC2,left,acetylcholine,536444,LPLC2,left,3,0.01744186046511628,intra_population
14465,LPLC2,right,acetylcholine,28003,LPLC2,right,3,0.01744186046511628,intra_population
25584,LC4,right,acetylcholine,19634,LC4,right,3,0.01744186046511628,intra_population
23392,LC4,right,acetylcholine,20282,LC4,right,3,0.01744186046511628,intra_population
34051,LPLC2,left,acetylcholine,23550,LPLC2,left,3,0.01744186046511628,intra_population
23392,LC4,right,acetylcholine,19543,LC4,right,3,0.01744186046511628,intra_population
34051,LPLC2,left,acetylcholine,24308,LPLC2,left,3,0.01744186046511628,intra_population
25584,LC4,right,acetylcholine,17668,LC4,right,3,0.01744186046511628,intra_population
33965,LPLC2,left,acetylcholine,29702,LPLC2,left,3,0.01744186046511628,intra_population
34372,LPLC2,right,acetylcholine,18929,LPLC2,right,3,0.01744186046511628,intra_population
33965,LPLC2,left,acetylcholine,17544,LPLC2,left,3,0.01744186046511628,intra_population
23497,LPLC2,right,acetylcholine,25511,LPLC2,right,3,0.01744186046511628,intra_population
17340,LC4,left,acetylcholine,20572,LC4,left,3,0.01744186046511628,intra_population
17551,LPLC2,right,acetylcholine,22218,LPLC2,right,3,0.01744186046511628,intra_population
33694,LPLC2,right,acetylcholine,34681,LPLC2,right,3,0.01744186046511628,intra_population
33694,LPLC2,right,acetylcholine,37431,LPLC2,right,3,0.01744186046511628,intra_population
33694,LPLC2,right,acetylcholine,37613,LPLC2,right,3,0.01744186046511628,intra_population
23497,LPLC2,right,acetylcholine,22677,LPLC2,right,3,0.01744186046511628,intra_population
17551,LPLC2,right,acetylcholine,28741,LPLC2,right,3,0.01744186046511628,intra_population
23349,LPLC2,left,acetylcholine,27023,LPLC2,left,3,0.01744186046511628,intra_population
34110,LPLC2,right,acetylcholine,29986,LPLC2,right,3,0.01744186046511628,intra_population
25584,LC4,right,acetylcholine,21225,LC4,right,3,0.01744186046511628,intra_population
29753,LPLC2,left,acetylcholine,27750,LC4,left,3,0.01744186046511628,cross_visual
34051,LPLC2,left,acetylcholine,34655,LPLC2,left,3,0.01744186046511628,intra_population
34051,LPLC2,left,acetylcholine,40811,LPLC2,left,3,0.01744186046511628,intra_population
23349,LPLC2,left,acetylcholine,524366,LPLC2,left,3,0.01744186046511628,intra_population
23349,LPLC2,left,acetylcholine,516909,LC4,left,3,0.01744186046511628,cross_visual
14465,LPLC2,right,acetylcholine,27566,LPLC2,right,3,0.01744186046511628,intra_population
23349,LPLC2,left,acetylcholine,134521,LPLC2,left,3,0.01744186046511628,intra_population
17340,LC4,left,acetylcholine,17653,LC4,left,3,0.01744186046511628,intra_population
25584,LC4,right,acetylcholine,20399,LC4,right,3,0.01744186046511628,intra_population
34110,LPLC2,right,acetylcholine,19608,LPLC2,right,3,0.01744186046511628,intra_population
34110,LPLC2,right,acetylcholine,20103,LPLC2,right,3,0.01744186046511628,intra_population
34110,LPLC2,right,acetylcholine,20808,LC4,right,3,0.01744186046511628,cross_visual
34681,LPLC2,right,acetylcholine,22261,LPLC2,right,3,0.01744186046511628,intra_population
34681,LPLC2,right,acetylcholine,22677,LPLC2,right,3,0.01744186046511628,intra_population
34681,LPLC2,right,acetylcholine,24118,LPLC2,right,3,0.01744186046511628,intra_population
29598,LPLC2,right,acetylcholine,22261,LPLC2,right,3,0.01744186046511628,intra_population
35632,LPLC2,right,acetylcholine,28871,LPLC2,right,3,0.01744186046511628,intra_population
16628,LC4,right,acetylcholine,22034,LC4,right,3,0.01744186046511628,intra_population
35632,LPLC2,right,acetylcholine,29287,LPLC2,right,3,0.01744186046511628,intra_population
29598,LPLC2,right,acetylcholine,23878,LPLC2,right,3,0.01744186046511628,intra_population
29598,LPLC2,right,acetylcholine,23590,LPLC2,right,3,0.01744186046511628,intra_population
34051,LPLC2,left,acetylcholine,32223,LPLC2,left,3,0.01744186046511628,intra_population
17551,LPLC2,right,acetylcholine,25253,LPLC2,right,3,0.01744186046511628,intra_population
23392,LC4,right,acetylcholine,16138,LC4,right,3,0.01744186046511628,intra_population
14465,LPLC2,right,acetylcholine,25316,LPLC2,right,3,0.01744186046511628,intra_population
34110,LPLC2,right,acetylcholine,32507,LPLC2,right,3,0.01744186046511628,intra_population
34051,LPLC2,left,acetylcholine,26528,LPLC2,left,3,0.01744186046511628,intra_population
34110,LPLC2,right,acetylcholine,33439,LPLC2,right,3,0.01744186046511628,intra_population
25584,LC4,right,acetylcholine,21804,LC4,right,3,0.01744186046511628,intra_population
23349,LPLC2,left,acetylcholine,24308,LPLC2,left,3,0.01744186046511628,intra_population
34110,LPLC2,right,acetylcholine,37431,LPLC2,right,3,0.01744186046511628,intra_population
29753,LPLC2,left,acetylcholine,24568,LPLC2,left,3,0.01744186046511628,intra_population
25584,LC4,right,acetylcholine,22328,LC4,right,3,0.01744186046511628,intra_population
34110,LPLC2,right,acetylcholine,55627,LPLC2,right,3,0.01744186046511628,intra_population
23349,LPLC2,left,acetylcholine,21361,LPLC2,left,3,0.01744186046511628,intra_population
29753,LPLC2,left,acetylcholine,28011,LPLC2,left,3,0.01744186046511628,intra_population
14465,LPLC2,right,acetylcholine,24800,LPLC2,right,3,0.01744186046511628,intra_population
23349,LPLC2,left,acetylcholine,33965,LPLC2,left,3,0.01744186046511628,intra_population
34110,LPLC2,right,acetylcholine,24187,LPLC2,right,3,0.01744186046511628,intra_population
34110,LPLC2,right,acetylcholine,23878,LPLC2,right,3,0.01744186046511628,intra_population
23349,LPLC2,left,acetylcholine,34407,LPLC2,left,3,0.01744186046511628,intra_population
23392,LC4,right,acetylcholine,18127,LC4,right,3,0.01744186046511628,intra_population
34051,LPLC2,left,acetylcholine,27750,LC4,left,3,0.01744186046511628,cross_visual
34051,LPLC2,left,acetylcholine,28011,LPLC2,left,3,0.01744186046511628,intra_population
23392,LC4,right,acetylcholine,17364,LC4,right,3,0.01744186046511628,intra_population
17551,LPLC2,right,acetylcholine,23497,LPLC2,right,3,0.01744186046511628,intra_population
33965,LPLC2,left,acetylcholine,40841,LPLC2,left,3,0.01744186046511628,intra_population
35632,LPLC2,right,acetylcholine,33396,LPLC2,right,3,0.01744186046511628,intra_population
23247,LPLC2,left,acetylcholine,134521,LPLC2,left,3,0.01744186046511628,intra_population
25636,LPLC2,right,acetylcholine,19229,LPLC2,right,3,0.01744186046511628,intra_population
34407,LPLC2,left,acetylcholine,13764,LPLC2,left,3,0.01744186046511628,intra_population
34407,LPLC2,left,acetylcholine,15804,LPLC2,left,3,0.01744186046511628,intra_population
34407,LPLC2,left,acetylcholine,17544,LPLC2,left,3,0.01744186046511628,intra_population
23247,LPLC2,left,acetylcholine,111903,LPLC2,left,3,0.01744186046511628,intra_population
23247,LPLC2,left,acetylcholine,100103,LPLC2,left,3,0.01744186046511628,intra_population
23226,LC4,left,acetylcholine,18432,LC4,left,3,0.01744186046511628,intra_population
23226,LC4,left,acetylcholine,17340,LC4,left,3,0.01744186046511628,intra_population
29563,LC4,right,acetylcholine,22194,LC4,right,3,0.01744186046511628,intra_population
34655,LPLC2,left,acetylcholine,525844,LPLC2,left,3,0.01744186046511628,intra_population
34655,LPLC2,left,acetylcholine,31105,LPLC2,left,3,0.01744186046511628,intra_population
23202,LC4,left,acetylcholine,18432,LC4,left,3,0.01744186046511628,intra_population
23202,LC4,left,acetylcholine,17340,LC4,left,3,0.01744186046511628,intra_population
34655,LPLC2,left,acetylcholine,40811,LPLC2,left,3,0.01744186046511628,intra_population
25636,LPLC2,right,acetylcholine,29183,LPLC2,right,3,0.01744186046511628,intra_population
34655,LPLC2,left,acetylcholine,100103,LPLC2,left,3,0.01744186046511628,intra_population
23098,LC4,right,acetylcholine,21287,LC4,right,3,0.01744186046511628,intra_population
29702,LPLC2,left,acetylcholine,27796,LPLC2,left,3,0.01744186046511628,intra_population
29702,LPLC2,left,acetylcholine,27716,LPLC2,left,3,0.01744186046511628,intra_population
34655,LPLC2,left,acetylcholine,524366,LPLC2,left,3,0.01744186046511628,intra_population
16628,LC4,right,acetylcholine,21165,LC4,right,3,0.01744186046511628,intra_population
17340,LC4,left,acetylcholine,17270,LC4,left,3,0.01744186046511628,intra_population
25584,LC4,right,acetylcholine,28945,LC4,right,3,0.01744186046511628,intra_population
25584,LC4,right,acetylcholine,18189,LC4,right,3,0.01744186046511628,intra_population
23247,LPLC2,left,acetylcholine,515971,LPLC2,left,3,0.01744186046511628,intra_population
23226,LC4,left,acetylcholine,515900,LC4,left,3,0.01744186046511628,intra_population
25636,LPLC2,right,acetylcholine,24401,LPLC2,right,3,0.01744186046511628,intra_population
23226,LC4,left,acetylcholine,31429,LC4,left,3,0.01744186046511628,intra_population
29702,LPLC2,left,acetylcholine,33965,LPLC2,left,3,0.01744186046511628,intra_population
23226,LC4,left,acetylcholine,22772,LC4,left,3,0.01744186046511628,intra_population
34407,LPLC2,left,acetylcholine,20240,LPLC2,left,3,0.01744186046511628,intra_population
23247,LPLC2,left,acetylcholine,34051,LPLC2,left,3,0.01744186046511628,intra_population
34407,LPLC2,left,acetylcholine,33406,LPLC2,left,3,0.01744186046511628,intra_population
34372,LPLC2,right,acetylcholine,35838,LPLC2,right,3,0.01744186046511628,intra_population
23349,LPLC2,left,acetylcholine,17774,LPLC2,left,3,0.01744186046511628,intra_population
34372,LPLC2,right,acetylcholine,24118,LPLC2,right,3,0.01744186046511628,intra_population
34372,LPLC2,right,acetylcholine,25316,LPLC2,right,3,0.01744186046511628,intra_population
34372,LPLC2,right,acetylcholine,26393,LPLC2,right,3,0.01744186046511628,intra_population
17551,LPLC2,right,acetylcholine,37613,LPLC2,right,3,0.01744186046511628,intra_population
34372,LPLC2,right,acetylcholine,28044,LPLC2,right,3,0.01744186046511628,intra_population
23247,LPLC2,left,acetylcholine,536444,LPLC2,left,3,0.01744186046511628,intra_population
34372,LPLC2,right,acetylcholine,33396,LPLC2,right,3,0.01744186046511628,intra_population
34372,LPLC2,right,acetylcholine,34681,LPLC2,right,3,0.01744186046511628,intra_population
17608,LC4,left,acetylcholine,18396,LC4,left,3,0.01744186046511628,intra_population
23247,LPLC2,left,acetylcholine,521115,LPLC2,left,3,0.01744186046511628,intra_population
23247,LPLC2,left,acetylcholine,95241,LPLC2,left,3,0.01744186046511628,intra_population
29702,LPLC2,left,acetylcholine,30512,LPLC2,left,3,0.01744186046511628,intra_population
25636,LPLC2,right,acetylcholine,31988,LPLC2,right,3,0.01744186046511628,intra_population
23098,LC4,right,acetylcholine,17266,LC4,right,3,0.01744186046511628,intra_population
23098,LC4,right,acetylcholine,17054,LC4,right,3,0.01744186046511628,intra_population
34655,LPLC2,left,acetylcholine,17880,LPLC2,left,3,0.01744186046511628,intra_population
17608,LC4,left,acetylcholine,514956,LC4,left,3,0.01744186046511628,intra_population
34655,LPLC2,left,acetylcholine,23665,LPLC2,left,3,0.01744186046511628,intra_population
34655,LPLC2,left,acetylcholine,24308,LPLC2,left,3,0.01744186046511628,intra_population
34655,LPLC2,left,acetylcholine,25027,LPLC2,left,3,0.01744186046511628,intra_population
34655,LPLC2,left,acetylcholine,26528,LPLC2,left,3,0.01744186046511628,intra_population
23202,LC4,left,acetylcholine,23247,LPLC2,left,3,0.01744186046511628,cross_visual
23202,LC4,left,acetylcholine,23226,LC4,left,3,0.01744186046511628,intra_population
34655,LPLC2,left,acetylcholine,27796,LPLC2,left,3,0.01744186046511628,intra_population
34372,LPLC2,right,acetylcholine,21862,LPLC2,right,3,0.01744186046511628,intra_population
34372,LPLC2,right,acetylcholine,21769,LPLC2,right,3,0.01744186046511628,intra_population
34372,LPLC2,right,acetylcholine,20269,LPLC2,right,3,0.01744186046511628,intra_population
33965,LPLC2,left,acetylcholine,111903,LPLC2,left,3,0.01744186046511628,intra_population
23497,LPLC2,right,acetylcholine,19229,LPLC2,right,3,0.01744186046511628,intra_population
33965,LPLC2,left,acetylcholine,30893,LPLC2,left,3,0.01744186046511628,intra_population
33965,LPLC2,left,acetylcholine,30895,LPLC2,left,3,0.01744186046511628,intra_population
23497,LPLC2,right,acetylcholine,14465,LPLC2,right,3,0.01744186046511628,intra_population
29753,LPLC2,left,acetylcholine,134521,LPLC2,left,3,0.01744186046511628,intra_population
33965,LPLC2,left,acetylcholine,33406,LPLC2,left,3,0.01744186046511628,intra_population
25584,LC4,right,acetylcholine,18127,LC4,right,3,0.01744186046511628,intra_population
17551,LPLC2,right,acetylcholine,24401,LPLC2,right,3,0.01744186046511628,intra_population
34655,LPLC2,left,acetylcholine,15804,LPLC2,left,3,0.01744186046511628,intra_population
34655,LPLC2,left,acetylcholine,28188,LPLC2,left,3,0.01744186046511628,intra_population
34655,LPLC2,left,acetylcholine,10228,DNp06,left,3,0.01744186046511628,visual_to_readout
34407,LPLC2,left,acetylcholine,95241,LPLC2,left,3,0.01744186046511628,intra_population
23098,LC4,right,acetylcholine,16628,LC4,right,3,0.01744186046511628,intra_population
25636,LPLC2,right,acetylcholine,33185,LPLC2,right,3,0.01744186046511628,intra_population
34681,LPLC2,right,acetylcholine,20694,LPLC2,right,3,0.01744186046511628,intra_population
25636,LPLC2,right,acetylcholine,34681,LPLC2,right,3,0.01744186046511628,intra_population
25636,LPLC2,right,acetylcholine,35889,LPLC2,right,3,0.01744186046511628,intra_population
22975,LC4,right,acetylcholine,21313,LC4,right,3,0.01744186046511628,intra_population
34681,LPLC2,right,acetylcholine,21562,LPLC2,right,3,0.01744186046511628,intra_population
25636,LPLC2,right,acetylcholine,29014,LPLC2,right,3,0.01744186046511628,intra_population
23202,LC4,left,acetylcholine,22772,LC4,left,3,0.01744186046511628,intra_population
23202,LC4,left,acetylcholine,512705,LC4,left,3,0.01744186046511628,intra_population
17608,LC4,left,acetylcholine,111787,LC4,left,3,0.01744186046511628,intra_population
34407,LPLC2,left,acetylcholine,100103,LPLC2,left,3,0.01744186046511628,intra_population
17608,LC4,left,acetylcholine,30087,LC4,left,3,0.01744186046511628,intra_population
17608,LC4,left,acetylcholine,107513,LC4,left,3,0.01744186046511628,intra_population
25636,LPLC2,right,acetylcholine,26147,LPLC2,right,3,0.01744186046511628,intra_population
23202,LC4,left,acetylcholine,519650,LC4,left,3,0.01744186046511628,intra_population
34407,LPLC2,left,acetylcholine,517079,LPLC2,left,3,0.01744186046511628,intra_population
34407,LPLC2,left,acetylcholine,521115,LPLC2,left,3,0.01744186046511628,intra_population
34407,LPLC2,left,acetylcholine,531014,LPLC2,left,3,0.01744186046511628,intra_population
29702,LPLC2,left,acetylcholine,31105,LPLC2,left,3,0.01744186046511628,intra_population
29598,LPLC2,right,acetylcholine,22966,LC4,right,3,0.01744186046511628,cross_visual
35632,LPLC2,right,acetylcholine,34372,LPLC2,right,3,0.01744186046511628,intra_population
23226,LC4,left,acetylcholine,519650,LC4,left,3,0.01744186046511628,intra_population
34681,LPLC2,right,acetylcholine,26730,LPLC2,right,3,0.01744186046511628,intra_population
34681,LPLC2,right,acetylcholine,27566,LPLC2,right,3,0.01744186046511628,intra_population
17653,LC4,left,acetylcholine,28980,LC4,left,3,0.01744186046511628,intra_population
17653,LC4,left,acetylcholine,31301,LC4,left,3,0.01744186046511628,intra_population
34681,LPLC2,right,acetylcholine,29287,LPLC2,right,3,0.01744186046511628,intra_population
29702,LPLC2,left,acetylcholine,24568,LPLC2,left,3,0.01744186046511628,intra_population
22966,LC4,right,acetylcholine,20542,LC4,right,3,0.01744186046511628,intra_population
34681,LPLC2,right,acetylcholine,31988,LPLC2,right,3,0.01744186046511628,intra_population
22922,LC4,left,acetylcholine,31308,LC4,left,3,0.01744186046511628,intra_population
34681,LPLC2,right,acetylcholine,33396,LPLC2,right,3,0.01744186046511628,intra_population
17340,LC4,left,acetylcholine,12032,LC4,left,3,0.01744186046511628,intra_population
22922,LC4,left,acetylcholine,518983,LC4,left,3,0.01744186046511628,intra_population
34681,LPLC2,right,acetylcholine,37431,LPLC2,right,3,0.01744186046511628,intra_population
22922,LC4,left,acetylcholine,518016,LC4,left,3,0.01744186046511628,intra_population
22922,LC4,left,acetylcholine,517752,LC4,left,3,0.01744186046511628,intra_population
14465,LPLC2,right,acetylcholine,20535,LPLC2,right,3,0.01744186046511628,intra_population
16628,LC4,right,acetylcholine,21287,LC4,right,3,0.01744186046511628,intra_population
29702,LPLC2,left,acetylcholine,23550,LPLC2,left,3,0.01744186046511628,intra_population
25854,LPLC2,left,acetylcholine,24308,LPLC2,left,3,0.01744186046511628,intra_population
22772,LC4,left,acetylcholine,29469,LC4,left,3,0.01744186046511628,intra_population
29598,LPLC2,right,acetylcholine,50287,LPLC2,right,3,0.01744186046511628,intra_population
22772,LC4,left,acetylcholine,21721,LC4,left,3,0.01744186046511628,intra_population
25854,LPLC2,left,acetylcholine,20329,LPLC2,left,3,0.01744186046511628,intra_population
17653,LC4,left,acetylcholine,24523,LC4,left,3,0.01744186046511628,intra_population
34845,LC4,left,acetylcholine,519650,LC4,left,3,0.01744186046511628,intra_population
34681,LPLC2,right,acetylcholine,24800,LPLC2,right,3,0.01744186046511628,intra_population
14465,LPLC2,right,acetylcholine,19589,LPLC2,right,3,0.01744186046511628,intra_population
29702,LPLC2,left,acetylcholine,17880,LPLC2,left,3,0.01744186046511628,intra_population
22847,LC4,right,acetylcholine,20808,LC4,right,3,0.01744186046511628,intra_population
29702,LPLC2,left,acetylcholine,17774,LPLC2,left,3,0.01744186046511628,intra_population
17653,LC4,left,acetylcholine,535341,LC4,left,3,0.01744186046511628,intra_population
22847,LC4,right,acetylcholine,20282,LC4,right,3,0.01744186046511628,intra_population
22922,LC4,left,acetylcholine,14888,LC4,left,3,0.01744186046511628,intra_population
29702,LPLC2,left,acetylcholine,15804,LPLC2,left,3,0.01744186046511628,intra_population
35262,LC4,left,acetylcholine,27829,LC4,left,3,0.01744186046511628,intra_population
29702,LPLC2,left,acetylcholine,14102,LPLC2,left,3,0.01744186046511628,intra_population
22772,LC4,left,acetylcholine,532254,LC4,left,3,0.01744186046511628,intra_population
35262,LC4,left,acetylcholine,31301,LC4,left,3,0.01744186046511628,intra_population
35262,LC4,left,acetylcholine,31308,LC4,left,3,0.01744186046511628,intra_population
22772,LC4,left,acetylcholine,514508,LC4,left,3,0.01744186046511628,intra_population
35262,LC4,left,acetylcholine,37587,LC4,left,3,0.01744186046511628,intra_population
22772,LC4,left,acetylcholine,35262,LC4,left,3,0.01744186046511628,intra_population
22772,LC4,left,acetylcholine,34845,LC4,left,3,0.01744186046511628,intra_population
22847,LC4,right,acetylcholine,28945,LC4,right,3,0.01744186046511628,intra_population
17653,LC4,left,acetylcholine,519650,LC4,left,3,0.01744186046511628,intra_population
35616,LC4,left,acetylcholine,24523,LC4,left,3,0.01744186046511628,intra_population
17653,LC4,left,acetylcholine,31308,LC4,left,3,0.01744186046511628,intra_population
29598,LPLC2,right,acetylcholine,31988,LPLC2,right,3,0.01744186046511628,intra_population
35294,LPLC2,left,acetylcholine,32737,LPLC2,left,3,0.01744186046511628,intra_population
17668,LC4,right,acetylcholine,18189,LC4,right,3,0.01744186046511628,intra_population
35294,LPLC2,left,acetylcholine,33965,LPLC2,left,3,0.01744186046511628,intra_population
22772,LC4,left,acetylcholine,17270,LC4,left,3,0.01744186046511628,intra_population
35262,LC4,left,acetylcholine,518730,LC4,left,3,0.01744186046511628,intra_population
35262,LC4,left,acetylcholine,519650,LC4,left,3,0.01744186046511628,intra_population
35262,LC4,left,acetylcholine,520449,LC4,left,3,0.01744186046511628,intra_population
22772,LC4,left,acetylcholine,12824,LC4,left,3,0.01744186046511628,intra_population
22677,LPLC2,right,acetylcholine,28003,LPLC2,right,3,0.01744186046511628,intra_population
29598,LPLC2,right,acetylcholine,37431,LPLC2,right,3,0.01744186046511628,intra_population
22677,LPLC2,right,acetylcholine,27471,LPLC2,right,3,0.01744186046511628,intra_population
35294,LPLC2,left,acetylcholine,17880,LPLC2,left,3,0.01744186046511628,intra_population
22677,LPLC2,right,acetylcholine,25497,LPLC2,right,3,0.01744186046511628,intra_population
35294,LPLC2,left,acetylcholine,22253,LPLC2,left,3,0.01744186046511628,intra_population
22677,LPLC2,right,acetylcholine,25316,LPLC2,right,3,0.01744186046511628,intra_population
22677,LPLC2,right,acetylcholine,24401,LPLC2,right,3,0.01744186046511628,intra_population
35294,LPLC2,left,acetylcholine,25854,LPLC2,left,3,0.01744186046511628,intra_population
35294,LPLC2,left,acetylcholine,27023,LPLC2,left,3,0.01744186046511628,intra_population
35294,LPLC2,left,acetylcholine,27355,LPLC2,left,3,0.01744186046511628,intra_population
35294,LPLC2,left,acetylcholine,27796,LPLC2,left,3,0.01744186046511628,intra_population
35294,LPLC2,left,acetylcholine,29815,LPLC2,left,3,0.01744186046511628,intra_population
35294,LPLC2,left,acetylcholine,29955,LPLC2,left,3,0.01744186046511628,intra_population
29598,LPLC2,right,acetylcholine,34372,LPLC2,right,3,0.01744186046511628,intra_population
15018,LC4,left,acetylcholine,12349,LC4,left,3,0.01744186046511628,intra_population
17668,LC4,right,acetylcholine,17860,LC4,right,3,0.01744186046511628,intra_population
29598,LPLC2,right,acetylcholine,33396,LPLC2,right,3,0.01744186046511628,intra_population
22677,LPLC2,right,acetylcholine,21045,LPLC2,right,3,0.01744186046511628,intra_population
22677,LPLC2,right,acetylcholine,17054,LC4,right,3,0.01744186046511628,cross_visual
35294,LPLC2,left,acetylcholine,40811,LPLC2,left,3,0.01744186046511628,intra_population
35294,LPLC2,left,acetylcholine,515971,LPLC2,left,3,0.01744186046511628,intra_population
22677,LPLC2,right,acetylcholine,19608,LPLC2,right,3,0.01744186046511628,intra_population
22677,LPLC2,right,acetylcholine,19589,LPLC2,right,3,0.01744186046511628,intra_population
14465,LPLC2,right,acetylcholine,18127,LC4,right,3,0.01744186046511628,cross_visual
22677,LPLC2,right,acetylcholine,19229,LPLC2,right,3,0.01744186046511628,intra_population
35616,LC4,left,acetylcholine,10228,DNp06,left,3,0.01744186046511628,visual_to_readout
35616,LC4,left,acetylcholine,12824,LC4,left,3,0.01744186046511628,intra_population
35262,LC4,left,acetylcholine,517752,LC4,left,3,0.01744186046511628,intra_population
35616,LC4,left,acetylcholine,17653,LC4,left,3,0.01744186046511628,intra_population
22677,LPLC2,right,acetylcholine,20584,LPLC2,right,3,0.01744186046511628,intra_population
29598,LPLC2,right,acetylcholine,30207,LPLC2,right,3,0.01744186046511628,intra_population
35616,LC4,left,acetylcholine,20440,LC4,left,3,0.01744186046511628,intra_population
17668,LC4,right,acetylcholine,19543,LC4,right,3,0.01744186046511628,intra_population
35616,LC4,left,acetylcholine,20976,LC4,left,3,0.01744186046511628,intra_population
35616,LC4,left,acetylcholine,21721,LC4,left,3,0.01744186046511628,intra_population
25854,LPLC2,left,acetylcholine,32237,LPLC2,left,3,0.01744186046511628,intra_population
17668,LC4,right,acetylcholine,19794,LC4,right,3,0.01744186046511628,intra_population
35616,LC4,left,acetylcholine,23226,LC4,left,3,0.01744186046511628,intra_population
22677,LPLC2,right,acetylcholine,20334,LPLC2,right,3,0.01744186046511628,intra_population
22847,LC4,right,acetylcholine,23792,LC4,right,3,0.01744186046511628,intra_population
34845,LC4,left,acetylcholine,518730,LC4,left,3,0.01744186046511628,intra_population
17668,LC4,right,acetylcholine,21313,LC4,right,3,0.01744186046511628,intra_population
35616,LC4,left,acetylcholine,518983,LC4,left,3,0.01744186046511628,intra_population
29598,LPLC2,right,acetylcholine,25511,LPLC2,right,3,0.01744186046511628,intra_population
22557,LPLC2,left,acetylcholine,134521,LPLC2,left,3,0.01744186046511628,intra_population
22557,LPLC2,left,acetylcholine,111903,LPLC2,left,3,0.01744186046511628,intra_population
22557,LPLC2,left,acetylcholine,25209,LPLC2,left,3,0.01744186046511628,intra_population
22557,LPLC2,left,acetylcholine,32237,LPLC2,left,3,0.01744186046511628,intra_population
14102,LPLC2,left,acetylcholine,533895,LPLC2,left,3,0.01744186046511628,intra_population
35632,LPLC2,right,acetylcholine,16628,LC4,right,3,0.01744186046511628,cross_visual
28011,LPLC2,left,acetylcholine,33303,LPLC2,left,3,0.01744186046511628,intra_population
35632,LPLC2,right,acetylcholine,17987,LC4,right,3,0.01744186046511628,cross_visual
29598,LPLC2,right,acetylcholine,25253,LPLC2,right,3,0.01744186046511628,intra_population
35632,LPLC2,right,acetylcholine,21336,LC4,right,3,0.01744186046511628,cross_visual
25854,LPLC2,left,acetylcholine,33303,LPLC2,left,3,0.01744186046511628,intra_population
35632,LPLC2,right,acetylcholine,24187,LPLC2,right,3,0.01744186046511628,intra_population
22557,LPLC2,left,acetylcholine,25575,LPLC2,left,3,0.01744186046511628,intra_population
35680,LPLC2,right,acetylcholine,27566,LPLC2,right,3,0.01744186046511628,intra_population
35680,LPLC2,right,acetylcholine,28044,LPLC2,right,3,0.01744186046511628,intra_population
29598,LPLC2,right,acetylcholine,21804,LC4,right,3,0.01744186046511628,cross_visual
35838,LPLC2,right,acetylcholine,34372,LPLC2,right,3,0.01744186046511628,intra_population
25854,LPLC2,left,acetylcholine,514670,LPLC2,left,3,0.01744186046511628,intra_population
35838,LPLC2,right,acetylcholine,25636,LPLC2,right,3,0.01744186046511628,intra_population
35838,LPLC2,right,acetylcholine,26730,LPLC2,right,3,0.01744186046511628,intra_population
29598,LPLC2,right,acetylcholine,26730,LPLC2,right,3,0.01744186046511628,intra_population
35616,LC4,left,acetylcholine,518544,LC4,left,3,0.01744186046511628,intra_population
22847,LC4,right,acetylcholine,23929,LC4,right,3,0.01744186046511628,intra_population
35616,LC4,left,acetylcholine,517752,LC4,left,3,0.01744186046511628,intra_population
22557,LPLC2,left,acetylcholine,20440,LC4,left,3,0.01744186046511628,cross_visual
35680,LPLC2,right,acetylcholine,20269,LPLC2,right,3,0.01744186046511628,intra_population
35632,LPLC2,right,acetylcholine,27471,LPLC2,right,3,0.01744186046511628,intra_population
35680,LPLC2,right,acetylcholine,20334,LPLC2,right,3,0.01744186046511628,intra_population
35680,LPLC2,right,acetylcholine,21862,LPLC2,right,3,0.01744186046511628,intra_population
35680,LPLC2,right,acetylcholine,23497,LPLC2,right,3,0.01744186046511628,intra_population
35680,LPLC2,right,acetylcholine,23590,LPLC2,right,3,0.01744186046511628,intra_population
35680,LPLC2,right,acetylcholine,23878,LPLC2,right,3,0.01744186046511628,intra_population
35680,LPLC2,right,acetylcholine,24401,LPLC2,right,3,0.01744186046511628,intra_population
35680,LPLC2,right,acetylcholine,25497,LPLC2,right,3,0.01744186046511628,intra_population
22557,LPLC2,left,acetylcholine,19830,LPLC2,left,3,0.01744186046511628,intra_population
25854,LPLC2,left,acetylcholine,34407,LPLC2,left,3,0.01744186046511628,intra_population
22557,LPLC2,left,acetylcholine,17775,LPLC2,left,3,0.01744186046511628,intra_population
29598,LPLC2,right,acetylcholine,24187,LPLC2,right,3,0.01744186046511628,intra_population
35632,LPLC2,right,acetylcholine,26915,LPLC2,right,3,0.01744186046511628,intra_population
29598,LPLC2,right,acetylcholine,28741,LPLC2,right,3,0.01744186046511628,intra_population
35616,LC4,left,acetylcholine,535341,LC4,left,3,0.01744186046511628,intra_population
22557,LPLC2,left,acetylcholine,531014,LPLC2,left,3,0.01744186046511628,intra_population
22557,LPLC2,left,acetylcholine,524366,LPLC2,left,3,0.01744186046511628,intra_population
22557,LPLC2,left,acetylcholine,521115,LPLC2,left,3,0.01744186046511628,intra_population
35616,LC4,left,acetylcholine,515900,LC4,left,3,0.01744186046511628,intra_population
35838,LPLC2,right,acetylcholine,27566,LPLC2,right,3,0.01744186046511628,intra_population
17774,LPLC2,left,acetylcholine,17544,LPLC2,left,3,0.01744186046511628,intra_population
17774,LPLC2,left,acetylcholine,17880,LPLC2,left,3,0.01744186046511628,intra_population
35838,LPLC2,right,acetylcholine,29287,LPLC2,right,3,0.01744186046511628,intra_population
35680,LPLC2,right,acetylcholine,32507,LPLC2,right,3,0.01744186046511628,intra_population
22557,LPLC2,left,acetylcholine,12032,LC4,left,3,0.01744186046511628,cross_visual
35680,LPLC2,right,acetylcholine,33694,LPLC2,right,3,0.01744186046511628,intra_population
17668,LC4,right,acetylcholine,24800,LPLC2,right,3,0.01744186046511628,cross_visual
25854,LPLC2,left,acetylcholine,41097,LPLC2,left,3,0.01744186046511628,intra_population
22328,LC4,right,acetylcholine,31262,LC4,right,3,0.01744186046511628,intra_population
35680,LPLC2,right,acetylcholine,35838,LPLC2,right,3,0.01744186046511628,intra_population
35680,LPLC2,right,acetylcholine,37431,LPLC2,right,3,0.01744186046511628,intra_population
22328,LC4,right,acetylcholine,26112,LC4,right,3,0.01744186046511628,intra_population
29598,LPLC2,right,acetylcholine,19549,LPLC2,right,3,0.01744186046511628,intra_population
35680,LPLC2,right,acetylcholine,527408,LC4,right,3,0.01744186046511628,cross_visual
29598,LPLC2,right,acetylcholine,19249,LPLC2,right,3,0.01744186046511628,intra_population
29598,LPLC2,right,acetylcholine,18929,LPLC2,right,3,0.01744186046511628,intra_population
35838,LPLC2,right,acetylcholine,20182,LPLC2,right,3,0.01744186046511628,intra_population
22328,LC4,right,acetylcholine,21287,LC4,right,3,0.01744186046511628,intra_population
16628,LC4,right,acetylcholine,22847,LC4,right,3,0.01744186046511628,intra_population
35616,LC4,left,acetylcholine,33137,LC4,left,3,0.01744186046511628,intra_population
29598,LPLC2,right,acetylcholine,29391,LPLC2,right,3,0.01744186046511628,intra_population
34681,LPLC2,right,acetylcholine,24338,LC4,right,3,0.01744186046511628,cross_visual
35262,LC4,left,acetylcholine,17653,LC4,left,3,0.01744186046511628,intra_population
34845,LC4,left,acetylcholine,107513,LC4,left,3,0.01744186046511628,intra_population
22557,LPLC2,left,acetylcholine,13132,LPLC2,left,3,0.01744186046511628,intra_population
29598,LPLC2,right,acetylcholine,21562,LPLC2,right,3,0.01744186046511628,intra_population
25854,LPLC2,left,acetylcholine,35294,LPLC2,left,3,0.01744186046511628,intra_population
17774,LPLC2,left,acetylcholine,17990,LPLC2,left,3,0.01744186046511628,intra_population
22261,LPLC2,right,acetylcholine,34681,LPLC2,right,3,0.01744186046511628,intra_population
25854,LPLC2,left,acetylcholine,519931,LC4,left,3,0.01744186046511628,cross_visual
35838,LPLC2,right,acetylcholine,33185,LPLC2,right,3,0.01744186046511628,intra_population
35838,LPLC2,right,acetylcholine,35680,LPLC2,right,3,0.01744186046511628,intra_population
35680,LPLC2,right,acetylcholine,29014,LPLC2,right,3,0.01744186046511628,intra_population
35838,LPLC2,right,acetylcholine,37431,LPLC2,right,3,0.01744186046511628,intra_population
35838,LPLC2,right,acetylcholine,37613,LPLC2,right,3,0.01744186046511628,intra_population
16809,LC4,left,acetylcholine,16917,LC4,left,3,0.01744186046511628,intra_population
22261,LPLC2,right,acetylcholine,28871,LPLC2,right,3,0.01744186046511628,intra_population
22261,LPLC2,right,acetylcholine,28003,LPLC2,right,3,0.01744186046511628,intra_population
22557,LPLC2,left,acetylcholine,14102,LPLC2,left,3,0.01744186046511628,intra_population
22261,LPLC2,right,acetylcholine,26147,LPLC2,right,3,0.01744186046511628,intra_population
35889,LPLC2,right,acetylcholine,19842,LPLC2,right,3,0.01744186046511628,intra_population
16809,LC4,left,acetylcholine,27750,LC4,left,3,0.01744186046511628,intra_population
35889,LPLC2,right,acetylcholine,20103,LPLC2,right,3,0.01744186046511628,intra_population
35838,LPLC2,right,acetylcholine,22677,LPLC2,right,3,0.01744186046511628,intra_population
25854,LPLC2,left,acetylcholine,134521,LPLC2,left,3,0.01744186046511628,intra_population
16628,LC4,right,acetylcholine,23098,LC4,right,3,0.01744186046511628,intra_population
35838,LPLC2,right,acetylcholine,21862,LPLC2,right,3,0.01744186046511628,intra_population
35680,LPLC2,right,acetylcholine,29287,LPLC2,right,3,0.01744186046511628,intra_population
34407,LPLC2,left,acetylcholine,29815,LPLC2,left,3,0.01744186046511628,intra_population
23247,LPLC2,left,acetylcholine,12824,LC4,left,3,0.01744186046511628,cross_visual
37613,LPLC2,right,acetylcholine,25511,LPLC2,right,3,0.01744186046511628,intra_population
14102,LPLC2,left,acetylcholine,25572,LPLC2,left,3,0.01744186046511628,intra_population
37587,LC4,left,acetylcholine,12032,LC4,left,3,0.01744186046511628,intra_population
37587,LC4,left,acetylcholine,12349,LC4,left,3,0.01744186046511628,intra_population
26147,LPLC2,right,acetylcholine,21045,LPLC2,right,3,0.01744186046511628,intra_population
29514,LC4,left,acetylcholine,20572,LC4,left,3,0.01744186046511628,intra_population
17775,LPLC2,left,acetylcholine,12384,LPLC2,left,3,0.01744186046511628,intra_population
17775,LPLC2,left,acetylcholine,13132,LPLC2,left,3,0.01744186046511628,intra_population
22194,LC4,right,acetylcholine,21804,LC4,right,3,0.01744186046511628,intra_population
17775,LPLC2,left,acetylcholine,14030,LPLC2,left,3,0.01744186046511628,intra_population
37587,LC4,left,acetylcholine,100485,LC4,left,3,0.01744186046511628,intra_population
37431,LPLC2,right,acetylcholine,23497,LPLC2,right,3,0.01744186046511628,intra_population
22194,LC4,right,acetylcholine,20588,LC4,right,3,0.01744186046511628,intra_population
22194,LC4,right,acetylcholine,20542,LC4,right,3,0.01744186046511628,intra_population
22194,LC4,right,acetylcholine,19634,LC4,right,3,0.01744186046511628,intra_population
14102,LPLC2,left,acetylcholine,24568,LPLC2,left,3,0.01744186046511628,intra_population
14102,LPLC2,left,acetylcholine,23665,LPLC2,left,3,0.01744186046511628,intra_population
37613,LPLC2,right,acetylcholine,11137,DNp04,right,3,0.01744186046511628,visual_to_readout
22194,LC4,right,acetylcholine,17860,LC4,right,3,0.01744186046511628,intra_population
22034,LC4,right,acetylcholine,23392,LC4,right,3,0.01744186046511628,intra_population
22034,LC4,right,acetylcholine,22847,LC4,right,3,0.01744186046511628,intra_population
26147,LPLC2,right,acetylcholine,24800,LPLC2,right,3,0.01744186046511628,intra_population
37431,LPLC2,right,acetylcholine,39620,LPLC2,right,3,0.01744186046511628,intra_population
22218,LPLC2,right,acetylcholine,19842,LPLC2,right,3,0.01744186046511628,intra_population
22194,LC4,right,acetylcholine,20673,LC4,right,3,0.01744186046511628,intra_population
35889,LPLC2,right,acetylcholine,23590,LPLC2,right,3,0.01744186046511628,intra_population
37431,LPLC2,right,acetylcholine,23392,LC4,right,3,0.01744186046511628,cross_visual
29563,LC4,right,acetylcholine,20588,LC4,right,3,0.01744186046511628,intra_population
29563,LC4,right,acetylcholine,20542,LC4,right,3,0.01744186046511628,intra_population
22253,LPLC2,left,acetylcholine,519931,LC4,left,3,0.01744186046511628,cross_visual
35889,LPLC2,right,acetylcholine,25316,LPLC2,right,3,0.01744186046511628,intra_population
22253,LPLC2,left,acetylcholine,519650,LC4,left,3,0.01744186046511628,cross_visual
22253,LPLC2,left,acetylcholine,112292,LPLC2,left,3,0.01744186046511628,intra_population
22253,LPLC2,left,acetylcholine,100103,LPLC2,left,3,0.01744186046511628,intra_population
29563,LC4,right,acetylcholine,17860,LC4,right,3,0.01744186046511628,intra_population
35889,LPLC2,right,acetylcholine,33439,LPLC2,right,3,0.01744186046511628,intra_population
35889,LPLC2,right,acetylcholine,28741,LPLC2,right,3,0.01744186046511628,intra_population
35889,LPLC2,right,acetylcholine,29014,LPLC2,right,3,0.01744186046511628,intra_population
35889,LPLC2,right,acetylcholine,29391,LPLC2,right,3,0.01744186046511628,intra_population
14102,LPLC2,left,acetylcholine,29702,LPLC2,left,3,0.01744186046511628,intra_population
16809,LC4,left,acetylcholine,30087,LC4,left,3,0.01744186046511628,intra_population
35889,LPLC2,right,acetylcholine,30938,LPLC2,right,3,0.01744186046511628,intra_population
17774,LPLC2,left,acetylcholine,24840,LPLC2,left,3,0.01744186046511628,intra_population
14102,LPLC2,left,acetylcholine,27796,LPLC2,left,3,0.01744186046511628,intra_population
35889,LPLC2,right,acetylcholine,32507,LPLC2,right,3,0.01744186046511628,intra_population
35889,LPLC2,right,acetylcholine,33185,LPLC2,right,3,0.01744186046511628,intra_population
22253,LPLC2,left,acetylcholine,19830,LPLC2,left,3,0.01744186046511628,intra_population
37431,LPLC2,right,acetylcholine,23098,LC4,right,3,0.01744186046511628,cross_visual
22218,LPLC2,right,acetylcholine,20694,LPLC2,right,3,0.01744186046511628,intra_population
29514,LC4,left,acetylcholine,29417,LC4,left,3,0.01744186046511628,intra_population
22218,LPLC2,right,acetylcholine,24800,LPLC2,right,3,0.01744186046511628,intra_population
17774,LPLC2,left,acetylcholine,517819,LPLC2,left,3,0.01744186046511628,intra_population
50287,LPLC2,right,acetylcholine,19034,LPLC2,right,3,0.01744186046511628,intra_population
21562,LPLC2,right,acetylcholine,55627,LPLC2,right,3,0.01744186046511628,intra_population
50287,LPLC2,right,acetylcholine,20182,LPLC2,right,3,0.01744186046511628,intra_population
50287,LPLC2,right,acetylcholine,20535,LPLC2,right,3,0.01744186046511628,intra_population
50287,LPLC2,right,acetylcholine,20694,LPLC2,right,3,0.01744186046511628,intra_population
50287,LPLC2,right,acetylcholine,20749,LPLC2,right,3,0.01744186046511628,intra_population
50287,LPLC2,right,acetylcholine,21703,LPLC2,right,3,0.01744186046511628,intra_population
17270,LC4,left,acetylcholine,14888,LC4,left,3,0.01744186046511628,intra_population
21562,LPLC2,right,acetylcholine,34372,LPLC2,right,3,0.01744186046511628,intra_population
26528,LPLC2,left,acetylcholine,14030,LPLC2,left,3,0.01744186046511628,intra_population
21562,LPLC2,right,acetylcholine,26730,LPLC2,right,3,0.01744186046511628,intra_population
14030,LPLC2,left,acetylcholine,35616,LC4,left,3,0.01744186046511628,cross_visual
30207,LPLC2,right,acetylcholine,21769,LPLC2,right,3,0.01744186046511628,intra_population
26528,LPLC2,left,acetylcholine,17880,LPLC2,left,3,0.01744186046511628,intra_population
50287,LPLC2,right,acetylcholine,27566,LPLC2,right,3,0.01744186046511628,intra_population
50287,LPLC2,right,acetylcholine,28741,LPLC2,right,3,0.01744186046511628,intra_population
17860,LC4,right,acetylcholine,19543,LC4,right,3,0.01744186046511628,intra_population
29391,LPLC2,right,acetylcholine,29598,LPLC2,right,3,0.01744186046511628,intra_population
50287,LPLC2,right,acetylcholine,30041,LPLC2,right,3,0.01744186046511628,intra_population
21562,LPLC2,right,acetylcholine,23878,LPLC2,right,3,0.01744186046511628,intra_population
50287,LPLC2,right,acetylcholine,32507,LPLC2,right,3,0.01744186046511628,intra_population
50287,LPLC2,right,acetylcholine,24268,LPLC2,right,3,0.01744186046511628,intra_population
21808,LPLC2,right,acetylcholine,21318,LPLC2,right,3,0.01744186046511628,intra_population
29469,LC4,left,acetylcholine,20976,LC4,left,3,0.01744186046511628,intra_population
26147,LPLC2,right,acetylcholine,20269,LPLC2,right,3,0.01744186046511628,intra_population
22253,LPLC2,left,acetylcholine,13764,LPLC2,left,3,0.01744186046511628,intra_population
37431,LPLC2,right,acetylcholine,25267,LPLC2,right,3,0.01744186046511628,intra_population
22253,LPLC2,left,acetylcholine,13726,LPLC2,left,3,0.01744186046511628,intra_population
17774,LPLC2,left,acetylcholine,533895,LPLC2,left,3,0.01744186046511628,intra_population
26147,LPLC2,right,acetylcholine,18672,LPLC2,right,3,0.01744186046511628,intra_population
22218,LPLC2,right,acetylcholine,37925,LPLC2,right,3,0.01744186046511628,intra_population
22218,LPLC2,right,acetylcholine,37613,LPLC2,right,3,0.01744186046511628,intra_population
26147,LPLC2,right,acetylcholine,19034,LPLC2,right,3,0.01744186046511628,intra_population
22218,LPLC2,right,acetylcholine,31964,LPLC2,right,3,0.01744186046511628,intra_population
22218,LPLC2,right,acetylcholine,29873,LPLC2,right,3,0.01744186046511628,intra_population
39620,LPLC2,right,acetylcholine,29014,LPLC2,right,3,0.01744186046511628,intra_population
14102,LPLC2,left,acetylcholine,27023,LPLC2,left,3,0.01744186046511628,intra_population
22218,LPLC2,right,acetylcholine,29391,LPLC2,right,3,0.01744186046511628,intra_population
37431,LPLC2,right,acetylcholine,29873,LPLC2,right,3,0.01744186046511628,intra_population
37431,LPLC2,right,acetylcholine,29986,LPLC2,right,3,0.01744186046511628,intra_population
22218,LPLC2,right,acetylcholine,29183,LPLC2,right,3,0.01744186046511628,intra_population
37431,LPLC2,right,acetylcholine,30938,LPLC2,right,3,0.01744186046511628,intra_population
26147,LPLC2,right,acetylcholine,20471,LPLC2,right,3,0.01744186046511628,intra_population
22218,LPLC2,right,acetylcholine,25267,LPLC2,right,3,0.01744186046511628,intra_population
37431,LPLC2,right,acetylcholine,33439,LPLC2,right,3,0.01744186046511628,intra_population
22261,LPLC2,right,acetylcholine,10584,DNp06,right,3,0.01744186046511628,visual_to_readout
29563,LC4,right,acetylcholine,20808,LC4,right,3,0.01744186046511628,intra_population
14030,LPLC2,left,acetylcholine,30893,LPLC2,left,3,0.01744186046511628,intra_population
17775,LPLC2,left,acetylcholine,26416,LPLC2,left,3,0.01744186046511628,intra_population
21808,LPLC2,right,acetylcholine,33396,LPLC2,right,3,0.01744186046511628,intra_population
26393,LPLC2,right,acetylcholine,29287,LPLC2,right,3,0.01744186046511628,intra_population
39620,LPLC2,right,acetylcholine,18127,LC4,right,3,0.01744186046511628,cross_visual
39620,LPLC2,right,acetylcholine,21045,LPLC2,right,3,0.01744186046511628,intra_population
26393,LPLC2,right,acetylcholine,24800,LPLC2,right,3,0.01744186046511628,intra_population
21808,LPLC2,right,acetylcholine,28044,LPLC2,right,3,0.01744186046511628,intra_population
21808,LPLC2,right,acetylcholine,26393,LPLC2,right,3,0.01744186046511628,intra_population
29469,LC4,left,acetylcholine,28980,LC4,left,3,0.01744186046511628,intra_population
29469,LC4,left,acetylcholine,27750,LC4,left,3,0.01744186046511628,intra_population
39620,LPLC2,right,acetylcholine,24187,LPLC2,right,3,0.01744186046511628,intra_population
21808,LPLC2,right,acetylcholine,24800,LPLC2,right,3,0.01744186046511628,intra_population
39620,LPLC2,right,acetylcholine,25253,LPLC2,right,3,0.01744186046511628,intra_population
21808,LPLC2,right,acetylcholine,22966,LC4,right,3,0.01744186046511628,cross_visual
21808,LPLC2,right,acetylcholine,22677,LPLC2,right,3,0.01744186046511628,intra_population
39620,LPLC2,right,acetylcholine,28871,LPLC2,right,3,0.01744186046511628,intra_population
21862,LPLC2,right,acetylcholine,20016,LC4,right,3,0.01744186046511628,cross_visual
38542,LPLC2,right,acetylcholine,30938,LPLC2,right,3,0.01744186046511628,intra_population
26393,LPLC2,right,acetylcholine,19608,LPLC2,right,3,0.01744186046511628,intra_population
29469,LC4,left,acetylcholine,100485,LC4,left,3,0.01744186046511628,intra_population
21862,LPLC2,right,acetylcholine,31257,LPLC2,right,3,0.01744186046511628,intra_population
21862,LPLC2,right,acetylcholine,29598,LPLC2,right,3,0.01744186046511628,intra_population
21808,LPLC2,right,acetylcholine,34681,LPLC2,right,3,0.01744186046511628,intra_population
26393,LPLC2,right,acetylcholine,29183,LPLC2,right,3,0.01744186046511628,intra_population
22253,LPLC2,left,acetylcholine,34655,LPLC2,left,3,0.01744186046511628,intra_population
38542,LPLC2,right,acetylcholine,35889,LPLC2,right,3,0.01744186046511628,intra_population
37613,LPLC2,right,acetylcholine,25636,LPLC2,right,3,0.01744186046511628,intra_population
37613,LPLC2,right,acetylcholine,26393,LPLC2,right,3,0.01744186046511628,intra_population
26147,LPLC2,right,acetylcholine,28044,LPLC2,right,3,0.01744186046511628,intra_population
26147,LPLC2,right,acetylcholine,29014,LPLC2,right,3,0.01744186046511628,intra_population
21899,LPLC2,right,acetylcholine,30207,LPLC2,right,3,0.01744186046511628,intra_population
37613,LPLC2,right,acetylcholine,29287,LPLC2,right,3,0.01744186046511628,intra_population
21899,LPLC2,right,acetylcholine,28044,LPLC2,right,3,0.01744186046511628,intra_population
29514,LC4,left,acetylcholine,12349,LC4,left,3,0.01744186046511628,intra_population
21899,LPLC2,right,acetylcholine,25511,LPLC2,right,3,0.01744186046511628,intra_population
21899,LPLC2,right,acetylcholine,24800,LPLC2,right,3,0.01744186046511628,intra_population
37613,LPLC2,right,acetylcholine,33694,LPLC2,right,3,0.01744186046511628,intra_population
37613,LPLC2,right,acetylcholine,34372,LPLC2,right,3,0.01744186046511628,intra_population
21899,LPLC2,right,acetylcholine,24401,LPLC2,right,3,0.01744186046511628,intra_population
37613,LPLC2,right,acetylcholine,35632,LPLC2,right,3,0.01744186046511628,intra_population
38065,LC4,right,acetylcholine,10584,DNp06,right,3,0.01744186046511628,visual_to_readout
26147,LPLC2,right,acetylcholine,35680,LPLC2,right,3,0.01744186046511628,intra_population
35889,LPLC2,right,acetylcholine,21899,LPLC2,right,3,0.01744186046511628,intra_population
21808,LPLC2,right,acetylcholine,28741,LPLC2,right,3,0.01744186046511628,intra_population
38542,LPLC2,right,acetylcholine,33439,LPLC2,right,3,0.01744186046511628,intra_population
29469,LC4,left,acetylcholine,32597,LC4,left,3,0.01744186046511628,intra_population
21862,LPLC2,right,acetylcholine,18929,LPLC2,right,3,0.01744186046511628,intra_population
16809,LC4,left,acetylcholine,526286,LC4,left,3,0.01744186046511628,intra_population
21862,LPLC2,right,acetylcholine,29216,LPLC2,right,3,0.01744186046511628,intra_population
38065,LC4,right,acetylcholine,22847,LC4,right,3,0.01744186046511628,intra_population
38065,LC4,right,acetylcholine,22966,LC4,right,3,0.01744186046511628,intra_population
16809,LC4,left,acetylcholine,31429,LC4,left,3,0.01744186046511628,intra_population
35889,LPLC2,right,acetylcholine,38542,LPLC2,right,3,0.01744186046511628,intra_population
35889,LPLC2,right,acetylcholine,55627,LPLC2,right,3,0.01744186046511628,intra_population
14102,LPLC2,left,acetylcholine,27399,LPLC2,left,3,0.01744186046511628,intra_population
29514,LC4,left,acetylcholine,519650,LC4,left,3,0.01744186046511628,intra_population
37431,LPLC2,right,acetylcholine,16138,LC4,right,3,0.01744186046511628,cross_visual
22253,LPLC2,left,acetylcholine,25209,LPLC2,left,3,0.01744186046511628,intra_population
22253,LPLC2,left,acetylcholine,29319,LPLC2,left,3,0.01744186046511628,intra_population
37431,LPLC2,right,acetylcholine,19608,LPLC2,right,3,0.01744186046511628,intra_population
29514,LC4,left,acetylcholine,517752,LC4,left,3,0.01744186046511628,intra_population
26112,LC4,right,acetylcholine,22975,LC4,right,3,0.01744186046511628,intra_population
37431,LPLC2,right,acetylcholine,20182,LPLC2,right,3,0.01744186046511628,intra_population
22253,LPLC2,left,acetylcholine,23919,LPLC2,left,3,0.01744186046511628,intra_population
37431,LPLC2,right,acetylcholine,20471,LPLC2,right,3,0.01744186046511628,intra_population
37431,LPLC2,right,acetylcholine,21045,LPLC2,right,3,0.01744186046511628,intra_population
22253,LPLC2,left,acetylcholine,20240,LPLC2,left,3,0.01744186046511628,intra_population
37431,LPLC2,right,acetylcholine,21562,LPLC2,right,3,0.01744186046511628,intra_population
29514,LC4,left,acetylcholine,514508,LC4,left,3,0.01744186046511628,intra_population
35889,LPLC2,right,acetylcholine,35632,LPLC2,right,3,0.01744186046511628,intra_population
35889,LPLC2,right,acetylcholine,34110,LPLC2,right,3,0.01744186046511628,intra_population
22034,LC4,right,acetylcholine,21804,LC4,right,3,0.01744186046511628,intra_population
35889,LPLC2,right,acetylcholine,37613,LPLC2,right,3,0.01744186046511628,intra_population
35889,LPLC2,right,acetylcholine,37431,LPLC2,right,3,0.01744186046511628,intra_population
26112,LC4,right,acetylcholine,21336,LC4,right,3,0.01744186046511628,intra_population
21862,LPLC2,right,acetylcholine,22677,LPLC2,right,3,0.01744186046511628,intra_population
38065,LC4,right,acetylcholine,23792,LC4,right,3,0.01744186046511628,intra_population
17775,LPLC2,left,acetylcholine,24605,LPLC2,left,3,0.01744186046511628,intra_population
29469,LC4,left,acetylcholine,511914,LC4,left,3,0.01744186046511628,intra_population
21862,LPLC2,right,acetylcholine,25584,LC4,right,3,0.01744186046511628,cross_visual
21862,LPLC2,right,acetylcholine,25267,LPLC2,right,3,0.01744186046511628,intra_population
38542,LPLC2,right,acetylcholine,29986,LPLC2,right,3,0.01744186046511628,intra_population
21862,LPLC2,right,acetylcholine,25253,LPLC2,right,3,0.01744186046511628,intra_population
21862,LPLC2,right,acetylcholine,23590,LPLC2,right,3,0.01744186046511628,intra_population
38542,LPLC2,right,acetylcholine,22261,LPLC2,right,3,0.01744186046511628,intra_population
38542,LPLC2,right,acetylcholine,24118,LPLC2,right,3,0.01744186046511628,intra_population
22253,LPLC2,left,acetylcholine,28188,LPLC2,left,3,0.01744186046511628,intra_population
38542,LPLC2,right,acetylcholine,24338,LC4,right,3,0.01744186046511628,cross_visual
21862,LPLC2,right,acetylcholine,22261,LPLC2,right,3,0.01744186046511628,intra_population
21862,LPLC2,right,acetylcholine,20694,LPLC2,right,3,0.01744186046511628,intra_population
38542,LPLC2,right,acetylcholine,28044,LPLC2,right,3,0.01744186046511628,intra_population
17270,LC4,left,acetylcholine,33137,LC4,left,3,0.01744186046511628,intra_population
22034,LC4,right,acetylcholine,20399,LC4,right,3,0.01744186046511628,intra_population
22034,LC4,right,acetylcholine,20917,LC4,right,3,0.01744186046511628,intra_population
37613,LPLC2,right,acetylcholine,21703,LPLC2,right,3,0.01744186046511628,intra_population
37431,LPLC2,right,acetylcholine,17054,LC4,right,3,0.01744186046511628,cross_visual
50287,LPLC2,right,acetylcholine,33396,LPLC2,right,3,0.01744186046511628,intra_population
26416,LPLC2,left,acetylcholine,517079,LPLC2,left,3,0.01744186046511628,intra_population
25636,LPLC2,right,acetylcholine,23878,LPLC2,right,3,0.01744186046511628,intra_population
40811,LPLC2,left,acetylcholine,17990,LPLC2,left,3,0.01744186046511628,intra_population
40811,LPLC2,left,acetylcholine,19911,LPLC2,left,3,0.01744186046511628,intra_population
40811,LPLC2,left,acetylcholine,20329,LPLC2,left,3,0.01744186046511628,intra_population
40811,LPLC2,left,acetylcholine,524366,LPLC2,left,3,0.01744186046511628,intra_population
29417,LC4,left,acetylcholine,107513,LC4,left,3,0.01744186046511628,intra_population
21769,LPLC2,right,acetylcholine,23497,LPLC2,right,3,0.01744186046511628,intra_population
26416,LPLC2,left,acetylcholine,25575,LPLC2,left,3,0.01744186046511628,intra_population
40841,LPLC2,left,acetylcholine,111903,LPLC2,left,3,0.01744186046511628,intra_population
14030,LPLC2,left,acetylcholine,520449,LC4,left,3,0.01744186046511628,cross_visual
40841,LPLC2,left,acetylcholine,134521,LPLC2,left,3,0.01744186046511628,intra_population
21721,LC4,left,acetylcholine,533129,LC4,left,3,0.01744186046511628,intra_population
40841,LPLC2,left,acetylcholine,520764,LPLC2,left,3,0.01744186046511628,intra_population
21721,LC4,left,acetylcholine,518439,LC4,left,3,0.01744186046511628,intra_population
21721,LC4,left,acetylcholine,517752,LC4,left,3,0.01744186046511628,intra_population
14030,LPLC2,left,acetylcholine,515971,LPLC2,left,3,0.01744186046511628,intra_population
21721,LC4,left,acetylcholine,515476,LC4,left,3,0.01744186046511628,intra_population
41097,LPLC2,left,acetylcholine,14030,LPLC2,left,3,0.01744186046511628,intra_population
41097,LPLC2,left,acetylcholine,19787,LPLC2,left,3,0.01744186046511628,intra_population
21769,LPLC2,right,acetylcholine,21808,LPLC2,right,3,0.01744186046511628,intra_population
29417,LC4,left,acetylcholine,20967,LC4,left,3,0.01744186046511628,intra_population
41097,LPLC2,left,acetylcholine,20799,LPLC2,left,3,0.01744186046511628,intra_population
29417,LC4,left,acetylcholine,20440,LC4,left,3,0.01744186046511628,intra_population
26393,LPLC2,right,acetylcholine,33694,LPLC2,right,3,0.01744186046511628,intra_population
21804,LC4,right,acetylcholine,20282,LC4,right,3,0.01744186046511628,intra_population
40811,LPLC2,left,acetylcholine,112292,LPLC2,left,3,0.01744186046511628,intra_population
40811,LPLC2,left,acetylcholine,17608,LC4,left,3,0.01744186046511628,cross_visual
40811,LPLC2,left,acetylcholine,520764,LPLC2,left,3,0.01744186046511628,intra_population
40811,LPLC2,left,acetylcholine,25286,LPLC2,left,3,0.01744186046511628,intra_population
40811,LPLC2,left,acetylcholine,23550,LPLC2,left,3,0.01744186046511628,intra_population
41097,LPLC2,left,acetylcholine,25027,LPLC2,left,3,0.01744186046511628,intra_population
21804,LC4,right,acetylcholine,22966,LC4,right,3,0.01744186046511628,intra_population
21808,LPLC2,right,acetylcholine,20334,LPLC2,right,3,0.01744186046511628,intra_population
21808,LPLC2,right,acetylcholine,20182,LPLC2,right,3,0.01744186046511628,intra_population
21808,LPLC2,right,acetylcholine,19146,LPLC2,right,3,0.01744186046511628,intra_population
21808,LPLC2,right,acetylcholine,14465,LPLC2,right,3,0.01744186046511628,intra_population
17775,LPLC2,left,acetylcholine,29702,LPLC2,left,3,0.01744186046511628,intra_population
29469,LC4,left,acetylcholine,20967,LC4,left,3,0.01744186046511628,intra_population
39620,LPLC2,right,acetylcholine,33185,LPLC2,right,3,0.01744186046511628,intra_population
26393,LPLC2,right,acetylcholine,30041,LPLC2,right,3,0.01744186046511628,intra_population
29469,LC4,left,acetylcholine,18478,LC4,left,3,0.01744186046511628,intra_population
21804,LC4,right,acetylcholine,26112,LC4,right,3,0.01744186046511628,intra_population
39620,LPLC2,right,acetylcholine,38542,LPLC2,right,3,0.01744186046511628,intra_population
21804,LC4,right,acetylcholine,19550,LC4,right,3,0.01744186046511628,intra_population
21804,LC4,right,acetylcholine,22847,LC4,right,3,0.01744186046511628,intra_population
29469,LC4,left,acetylcholine,14888,LC4,left,3,0.01744186046511628,intra_population
26393,LPLC2,right,acetylcholine,33396,LPLC2,right,3,0.01744186046511628,intra_population
40811,LPLC2,left,acetylcholine,17059,LPLC2,left,3,0.01744186046511628,intra_population
29417,LC4,left,acetylcholine,18478,LC4,left,3,0.01744186046511628,intra_population
21721,LC4,left,acetylcholine,20976,LC4,left,3,0.01744186046511628,intra_population
29417,LC4,left,acetylcholine,17608,LC4,left,3,0.01744186046511628,intra_population
21721,LC4,left,acetylcholine,17340,LC4,left,3,0.01744186046511628,intra_population
40841,LPLC2,left,acetylcholine,28011,LPLC2,left,3,0.01744186046511628,intra_population
40841,LPLC2,left,acetylcholine,29753,LPLC2,left,3,0.01744186046511628,intra_population
29417,LC4,left,acetylcholine,31308,LC4,left,3,0.01744186046511628,intra_population
40841,LPLC2,left,acetylcholine,30512,LPLC2,left,3,0.01744186046511628,intra_population
29563,LC4,right,acetylcholine,21313,LC4,right,3,0.01744186046511628,intra_population
35889,LPLC2,right,acetylcholine,21165,LC4,right,3,0.01744186046511628,cross_visual
23497,LPLC2,right,acetylcholine,28003,LPLC2,right,3,0.01744186046511628,intra_population
34407,LPLC2,left,acetylcholine,26528,LPLC2,left,3,0.01744186046511628,intra_population
25636,LPLC2,right,acetylcholine,20047,LPLC2,right,3,0.01744186046511628,intra_population
23247,LPLC2,left,acetylcholine,26528,LPLC2,left,3,0.01744186046511628,intra_population
23247,LPLC2,left,acetylcholine,25854,LPLC2,left,3,0.01744186046511628,intra_population
34407,LPLC2,left,acetylcholine,22253,LPLC2,left,3,0.01744186046511628,intra_population
16628,LC4,right,acetylcholine,20588,LC4,right,3,0.01744186046511628,intra_population
23247,LPLC2,left,acetylcholine,24605,LPLC2,left,3,0.01744186046511628,intra_population
34407,LPLC2,left,acetylcholine,23349,LPLC2,left,3,0.01744186046511628,intra_population
23247,LPLC2,left,acetylcholine,24523,LC4,left,3,0.01744186046511628,cross_visual
23247,LPLC2,left,acetylcholine,23665,LPLC2,left,3,0.01744186046511628,intra_population
34407,LPLC2,left,acetylcholine,25854,LPLC2,left,3,0.01744186046511628,intra_population
23247,LPLC2,left,acetylcholine,17059,LPLC2,left,3,0.01744186046511628,intra_population
23247,LPLC2,left,acetylcholine,30895,LPLC2,left,3,0.01744186046511628,intra_population
23247,LPLC2,left,acetylcholine,13764,LPLC2,left,3,0.01744186046511628,intra_population
26416,LPLC2,left,acetylcholine,24605,LPLC2,left,3,0.01744186046511628,intra_population
40841,LPLC2,left,acetylcholine,27716,LPLC2,left,3,0.01744186046511628,intra_population
17775,LPLC2,left,acetylcholine,34407,LPLC2,left,3,0.01744186046511628,intra_population
26416,LPLC2,left,acetylcholine,14888,LC4,left,3,0.01744186046511628,cross_visual
41097,LPLC2,left,acetylcholine,23919,LPLC2,left,3,0.01744186046511628,intra_population
41097,LPLC2,left,acetylcholine,24308,LPLC2,left,3,0.01744186046511628,intra_population
21721,LC4,left,acetylcholine,14888,LC4,left,3,0.01744186046511628,intra_population
17775,LPLC2,left,acetylcholine,40811,LPLC2,left,3,0.01744186046511628,intra_population
21769,LPLC2,right,acetylcholine,19034,LPLC2,right,3,0.01744186046511628,intra_population
40841,LPLC2,left,acetylcholine,31105,LPLC2,left,3,0.01744186046511628,intra_population
29417,LC4,left,acetylcholine,29469,LC4,left,3,0.01744186046511628,intra_population
21769,LPLC2,right,acetylcholine,21703,LPLC2,right,3,0.01744186046511628,intra_population
21769,LPLC2,right,acetylcholine,21318,LPLC2,right,3,0.01744186046511628,intra_population
40841,LPLC2,left,acetylcholine,17774,LPLC2,left,3,0.01744186046511628,intra_population
40841,LPLC2,left,acetylcholine,27023,LPLC2,left,3,0.01744186046511628,intra_population
21769,LPLC2,right,acetylcholine,20584,LPLC2,right,3,0.01744186046511628,intra_population
40841,LPLC2,left,acetylcholine,22253,LPLC2,left,3,0.01744186046511628,intra_population
40841,LPLC2,left,acetylcholine,22557,LPLC2,left,3,0.01744186046511628,intra_population
40841,LPLC2,left,acetylcholine,23247,LPLC2,left,3,0.01744186046511628,intra_population
26416,LPLC2,left,acetylcholine,17880,LPLC2,left,3,0.01744186046511628,intra_population
21769,LPLC2,right,acetylcholine,20471,LPLC2,right,3,0.01744186046511628,intra_population
21769,LPLC2,right,acetylcholine,20334,LPLC2,right,3,0.01744186046511628,intra_population
40841,LPLC2,left,acetylcholine,25286,LPLC2,left,3,0.01744186046511628,intra_population
21769,LPLC2,right,acetylcholine,19954,LC4,right,3,0.01744186046511628,cross_visual
40811,LPLC2,left,acetylcholine,134521,LPLC2,left,3,0.01744186046511628,intra_population
21769,LPLC2,right,acetylcholine,25253,LPLC2,right,3,0.01744186046511628,intra_population
17775,LPLC2,left,acetylcholine,536444,LPLC2,left,3,0.01744186046511628,intra_population
26528,LPLC2,left,acetylcholine,18900,LPLC2,left,3,0.01744186046511628,intra_population
26528,LPLC2,left,acetylcholine,20240,LPLC2,left,3,0.01744186046511628,intra_population
21361,LPLC2,left,acetylcholine,17775,LPLC2,left,3,0.01744186046511628,intra_population
21361,LPLC2,left,acetylcholine,25209,LPLC2,left,3,0.01744186046511628,intra_population
26528,LPLC2,left,acetylcholine,27355,LPLC2,left,3,0.01744186046511628,intra_population
21361,LPLC2,left,acetylcholine,21299,LPLC2,left,3,0.01744186046511628,intra_population
21361,LPLC2,left,acetylcholine,20799,LPLC2,left,3,0.01744186046511628,intra_population
77614,LC4,left,acetylcholine,12824,LC4,left,3,0.01744186046511628,intra_population
26528,LPLC2,left,acetylcholine,27399,LPLC2,left,3,0.01744186046511628,intra_population
21361,LPLC2,left,acetylcholine,19911,LPLC2,left,3,0.01744186046511628,intra_population
77614,LC4,left,acetylcholine,17478,LC4,left,3,0.01744186046511628,intra_population
17880,LPLC2,left,acetylcholine,17544,LPLC2,left,3,0.01744186046511628,intra_population
26528,LPLC2,left,acetylcholine,27796,LPLC2,left,3,0.01744186046511628,intra_population
77614,LC4,left,acetylcholine,27829,LC4,left,3,0.01744186046511628,intra_population
21562,LPLC2,right,acetylcholine,20334,LPLC2,right,3,0.01744186046511628,intra_population
77614,LC4,left,acetylcholine,29417,LC4,left,3,0.01744186046511628,intra_population
17880,LPLC2,left,acetylcholine,17990,LPLC2,left,3,0.01744186046511628,intra_population
21361,LPLC2,left,acetylcholine,13764,LPLC2,left,3,0.01744186046511628,intra_population
21361,LPLC2,left,acetylcholine,13726,LPLC2,left,3,0.01744186046511628,intra_population
21361,LPLC2,left,acetylcholine,13132,LPLC2,left,3,0.01744186046511628,intra_population
26528,LPLC2,left,acetylcholine,28011,LPLC2,left,3,0.01744186046511628,intra_population
17880,LPLC2,left,acetylcholine,20799,LPLC2,left,3,0.01744186046511628,intra_population
50287,LPLC2,right,acetylcholine,37613,LPLC2,right,3,0.01744186046511628,intra_population
17860,LC4,right,acetylcholine,17551,LPLC2,right,3,0.01744186046511628,cross_visual
21769,LPLC2,right,acetylcholine,25497,LPLC2,right,3,0.01744186046511628,intra_population
26416,LPLC2,left,acetylcholine,111903,LPLC2,left,3,0.01744186046511628,intra_population
21703,LPLC2,right,acetylcholine,25267,LPLC2,right,3,0.01744186046511628,intra_population
21703,LPLC2,right,acetylcholine,33185,LPLC2,right,3,0.01744186046511628,intra_population
41097,LPLC2,left,acetylcholine,27796,LPLC2,left,3,0.01744186046511628,intra_population
21703,LPLC2,right,acetylcholine,28741,LPLC2,right,3,0.01744186046511628,intra_population
41097,LPLC2,left,acetylcholine,29702,LPLC2,left,3,0.01744186046511628,intra_population
21703,LPLC2,right,acetylcholine,27566,LPLC2,right,3,0.01744186046511628,intra_population
41097,LPLC2,left,acetylcholine,29815,LPLC2,left,3,0.01744186046511628,intra_population
14030,LPLC2,left,acetylcholine,111903,LPLC2,left,3,0.01744186046511628,intra_population
41097,LPLC2,left,acetylcholine,30895,LPLC2,left,3,0.01744186046511628,intra_population
21703,LPLC2,right,acetylcholine,26730,LPLC2,right,3,0.01744186046511628,intra_population
29417,LC4,left,acetylcholine,16917,LC4,left,3,0.01744186046511628,intra_population
26416,LPLC2,left,acetylcholine,27796,LPLC2,left,3,0.01744186046511628,intra_population
29391,LPLC2,right,acetylcholine,38065,LC4,right,3,0.01744186046511628,cross_visual
16917,LC4,left,acetylcholine,12349,LC4,left,3,0.01744186046511628,intra_population
26416,LPLC2,left,acetylcholine,100103,LPLC2,left,3,0.01744186046511628,intra_population
21703,LPLC2,right,acetylcholine,20334,LPLC2,right,3,0.01744186046511628,intra_population
21703,LPLC2,right,acetylcholine,20162,LPLC2,right,3,0.01744186046511628,intra_population
21703,LPLC2,right,acetylcholine,20047,LPLC2,right,3,0.01744186046511628,intra_population
41097,LPLC2,left,acetylcholine,517078,LPLC2,left,3,0.01744186046511628,intra_population
21703,LPLC2,right,acetylcholine,19842,LPLC2,right,3,0.01744186046511628,intra_population
29391,LPLC2,right,acetylcholine,50287,LPLC2,right,3,0.01744186046511628,intra_population
21336,LC4,right,acetylcholine,23792,LC4,right,3,0.01744186046511628,intra_population
77614,LC4,left,acetylcholine,518016,LC4,left,3,0.01744186046511628,intra_population
77614,LC4,left,acetylcholine,518730,LC4,left,3,0.01744186046511628,intra_population
55627,LPLC2,right,acetylcholine,37613,LPLC2,right,3,0.01744186046511628,intra_population
21703,LPLC2,right,acetylcholine,50287,LPLC2,right,3,0.01744186046511628,intra_population
21721,LC4,left,acetylcholine,12824,LC4,left,3,0.01744186046511628,intra_population
21808,LPLC2,right,acetylcholine,21045,LPLC2,right,3,0.01744186046511628,intra_population
21769,LPLC2,right,acetylcholine,29598,LPLC2,right,3,0.01744186046511628,intra_population
40811,LPLC2,left,acetylcholine,25524,LPLC2,left,3,0.01744186046511628,intra_population
40811,LPLC2,left,acetylcholine,26416,LPLC2,left,3,0.01744186046511628,intra_population
21769,LPLC2,right,acetylcholine,35889,LPLC2,right,3,0.01744186046511628,intra_population
26393,LPLC2,right,acetylcholine,35680,LPLC2,right,3,0.01744186046511628,intra_population
40811,LPLC2,left,acetylcholine,27796,LPLC2,left,3,0.01744186046511628,intra_population
29417,LC4,left,acetylcholine,518016,LC4,left,3,0.01744186046511628,intra_population
17270,LC4,left,acetylcholine,18478,LC4,left,3,0.01744186046511628,intra_population
21769,LPLC2,right,acetylcholine,33185,LPLC2,right,3,0.01744186046511628,intra_population
21769,LPLC2,right,acetylcholine,30041,LPLC2,right,3,0.01744186046511628,intra_population
40811,LPLC2,left,acetylcholine,30895,LPLC2,left,3,0.01744186046511628,intra_population
40811,LPLC2,left,acetylcholine,31563,LPLC2,left,3,0.01744186046511628,intra_population
17775,LPLC2,left,acetylcholine,32737,LPLC2,left,3,0.01744186046511628,intra_population
40811,LPLC2,left,acetylcholine,32237,LPLC2,left,3,0.01744186046511628,intra_population
21769,LPLC2,right,acetylcholine,28044,LPLC2,right,3,0.01744186046511628,intra_population
29417,LC4,left,acetylcholine,512705,LC4,left,3,0.01744186046511628,intra_population
21769,LPLC2,right,acetylcholine,26393,LPLC2,right,3,0.01744186046511628,intra_population
21769,LPLC2,right,acetylcholine,25636,LPLC2,right,3,0.01744186046511628,intra_population
21361,LPLC2,left,acetylcholine,31563,LPLC2,left,3,0.01744186046511628,intra_population
21361,LPLC2,left,acetylcholine,33303,LPLC2,left,3,0.01744186046511628,intra_population
21361,LPLC2,left,acetylcholine,40841,LPLC2,left,3,0.01744186046511628,intra_population
55627,LPLC2,right,acetylcholine,23497,LPLC2,right,3,0.01744186046511628,intra_population
21361,LPLC2,left,acetylcholine,27023,LPLC2,left,3,0.01744186046511628,intra_population
29391,LPLC2,right,acetylcholine,24800,LPLC2,right,3,0.01744186046511628,intra_population
21361,LPLC2,left,acetylcholine,30512,LPLC2,left,3,0.01744186046511628,intra_population
21562,LPLC2,right,acetylcholine,20016,LC4,right,3,0.01744186046511628,cross_visual
21562,LPLC2,right,acetylcholine,19634,LC4,right,3,0.01744186046511628,cross_visual
21562,LPLC2,right,acetylcholine,19229,LPLC2,right,3,0.01744186046511628,intra_population
21562,LPLC2,right,acetylcholine,19034,LPLC2,right,3,0.01744186046511628,intra_population
55627,LPLC2,right,acetylcholine,19034,LPLC2,right,3,0.01744186046511628,intra_population
55627,LPLC2,right,acetylcholine,20471,LPLC2,right,3,0.01744186046511628,intra_population
55627,LPLC2,right,acetylcholine,24118,LPLC2,right,3,0.01744186046511628,intra_population
14030,LPLC2,left,acetylcholine,23349,LPLC2,left,3,0.01744186046511628,intra_population
17860,LC4,right,acetylcholine,24338,LC4,right,3,0.01744186046511628,intra_population
29391,LPLC2,right,acetylcholine,26915,LPLC2,right,3,0.01744186046511628,intra_population
17266,LC4,right,acetylcholine,26112,LC4,right,3,0.01744186046511628,intra_population
26528,LPLC2,left,acetylcholine,25524,LPLC2,left,3,0.01744186046511628,intra_population
55627,LPLC2,right,acetylcholine,29391,LPLC2,right,3,0.01744186046511628,intra_population
21361,LPLC2,left,acetylcholine,129687,LPLC2,left,3,0.01744186046511628,intra_population
17880,LPLC2,left,acetylcholine,13132,LPLC2,left,3,0.01744186046511628,intra_population
21361,LPLC2,left,acetylcholine,41097,LPLC2,left,3,0.01744186046511628,intra_population
55627,LPLC2,right,acetylcholine,32507,LPLC2,right,3,0.01744186046511628,intra_population
23919,LPLC2,left,acetylcholine,514670,LPLC2,left,3,0.01744186046511628,intra_population
29183,LPLC2,right,acetylcholine,34372,LPLC2,right,3,0.01744186046511628,intra_population
23919,LPLC2,left,acetylcholine,515971,LPLC2,left,3,0.01744186046511628,intra_population
17987,LC4,right,acetylcholine,20542,LC4,right,3,0.01744186046511628,intra_population
134521,LPLC2,left,acetylcholine,17990,LPLC2,left,3,0.01744186046511628,intra_population
29287,LPLC2,right,acetylcholine,19608,LPLC2,right,3,0.01744186046511628,intra_population
134521,LPLC2,left,acetylcholine,20572,LC4,left,3,0.01744186046511628,cross_visual
134521,LPLC2,left,acetylcholine,20799,LPLC2,left,3,0.01744186046511628,intra_population
134521,LPLC2,left,acetylcholine,21299,LPLC2,left,3,0.01744186046511628,intra_population
27023,LPLC2,left,acetylcholine,17880,LPLC2,left,3,0.01744186046511628,intra_population
134521,LPLC2,left,acetylcholine,23247,LPLC2,left,3,0.01744186046511628,intra_population
134521,LPLC2,left,acetylcholine,23349,LPLC2,left,3,0.01744186046511628,intra_population
20808,LC4,right,acetylcholine,22328,LC4,right,3,0.01744186046511628,intra_population
134521,LPLC2,left,acetylcholine,23665,LPLC2,left,3,0.01744186046511628,intra_population
134521,LPLC2,left,acetylcholine,24568,LPLC2,left,3,0.01744186046511628,intra_population
20808,LC4,right,acetylcholine,22194,LC4,right,3,0.01744186046511628,intra_population
134521,LPLC2,left,acetylcholine,25854,LPLC2,left,3,0.01744186046511628,intra_population
134521,LPLC2,left,acetylcholine,27355,LPLC2,left,3,0.01744186046511628,intra_population
27023,LPLC2,left,acetylcholine,20329,LPLC2,left,3,0.01744186046511628,intra_population
20808,LC4,right,acetylcholine,19550,LC4,right,3,0.01744186046511628,intra_population
20808,LC4,right,acetylcholine,17860,LC4,right,3,0.01744186046511628,intra_population
20799,LPLC2,left,acetylcholine,21299,LPLC2,left,3,0.01744186046511628,intra_population
17266,LC4,right,acetylcholine,18127,LC4,right,3,0.01744186046511628,intra_population
20799,LPLC2,left,acetylcholine,18936,LPLC2,left,3,0.01744186046511628,intra_population
20749,LPLC2,right,acetylcholine,20334,LPLC2,right,3,0.01744186046511628,intra_population
134521,LPLC2,left,acetylcholine,14102,LPLC2,left,3,0.01744186046511628,intra_population
20859,LC4,left,acetylcholine,14888,LC4,left,3,0.01744186046511628,intra_population
29216,LPLC2,right,acetylcholine,29014,LPLC2,right,3,0.01744186046511628,intra_population
17987,LC4,right,acetylcholine,19634,LC4,right,3,0.01744186046511628,intra_population
27023,LPLC2,left,acetylcholine,23665,LPLC2,left,3,0.01744186046511628,intra_population
29216,LPLC2,right,acetylcholine,34681,LPLC2,right,3,0.01744186046511628,intra_population
29216,LPLC2,right,acetylcholine,33694,LPLC2,right,3,0.01744186046511628,intra_population
29216,LPLC2,right,acetylcholine,33185,LPLC2,right,3,0.01744186046511628,intra_population
134521,LPLC2,left,acetylcholine,533895,LPLC2,left,3,0.01744186046511628,intra_population
511914,LC4,left,acetylcholine,12349,LC4,left,3,0.01744186046511628,intra_population
111903,LPLC2,left,acetylcholine,23247,LPLC2,left,3,0.01744186046511628,intra_population
511914,LC4,left,acetylcholine,12824,LC4,left,3,0.01744186046511628,intra_population
511914,LC4,left,acetylcholine,16917,LC4,left,3,0.01744186046511628,intra_population
20799,LPLC2,left,acetylcholine,29319,LPLC2,left,3,0.01744186046511628,intra_population
511914,LC4,left,acetylcholine,17340,LC4,left,3,0.01744186046511628,intra_population
20799,LPLC2,left,acetylcholine,27355,LPLC2,left,3,0.01744186046511628,intra_population
20799,LPLC2,left,acetylcholine,25575,LPLC2,left,3,0.01744186046511628,intra_population
20799,LPLC2,left,acetylcholine,25136,LPLC2,left,3,0.01744186046511628,intra_population
16917,LC4,left,acetylcholine,517752,LC4,left,3,0.01744186046511628,intra_population
511914,LC4,left,acetylcholine,20976,LC4,left,3,0.01744186046511628,intra_population
29216,LPLC2,right,acetylcholine,30207,LPLC2,right,3,0.01744186046511628,intra_population
134521,LPLC2,left,acetylcholine,30895,LPLC2,left,3,0.01744186046511628,intra_population
29216,LPLC2,right,acetylcholine,55627,LPLC2,right,3,0.01744186046511628,intra_population
134521,LPLC2,left,acetylcholine,29753,LPLC2,left,3,0.01744186046511628,intra_population
20808,LC4,right,acetylcholine,17266,LC4,right,3,0.01744186046511628,intra_population
20749,LPLC2,right,acetylcholine,19229,LPLC2,right,3,0.01744186046511628,intra_population
20749,LPLC2,right,acetylcholine,18672,LPLC2,right,3,0.01744186046511628,intra_population
24118,LPLC2,right,acetylcholine,20334,LPLC2,right,3,0.01744186046511628,intra_population
20799,LPLC2,left,acetylcholine,17774,LPLC2,left,3,0.01744186046511628,intra_population
20799,LPLC2,left,acetylcholine,17059,LPLC2,left,3,0.01744186046511628,intra_population
511914,LC4,left,acetylcholine,514508,LC4,left,3,0.01744186046511628,intra_population
511914,LC4,left,acetylcholine,516909,LC4,left,3,0.01744186046511628,intra_population
17990,LPLC2,left,acetylcholine,17059,LPLC2,left,3,0.01744186046511628,intra_population
20749,LPLC2,right,acetylcholine,35889,LPLC2,right,3,0.01744186046511628,intra_population
511914,LC4,left,acetylcholine,519931,LC4,left,3,0.01744186046511628,intra_population
13726,LPLC2,left,acetylcholine,34407,LPLC2,left,3,0.01744186046511628,intra_population
13726,LPLC2,left,acetylcholine,33303,LPLC2,left,3,0.01744186046511628,intra_population
20749,LPLC2,right,acetylcholine,34681,LPLC2,right,3,0.01744186046511628,intra_population
27023,LPLC2,left,acetylcholine,27829,LC4,left,3,0.01744186046511628,cross_visual
20749,LPLC2,right,acetylcholine,28003,LPLC2,right,3,0.01744186046511628,intra_population
20749,LPLC2,right,acetylcholine,26915,LPLC2,right,3,0.01744186046511628,intra_population
27023,LPLC2,left,acetylcholine,31301,LC4,left,3,0.01744186046511628,cross_visual
512366,LC4,left,acetylcholine,21721,LC4,left,3,0.01744186046511628,intra_population
20749,LPLC2,right,acetylcholine,25316,LPLC2,right,3,0.01744186046511628,intra_population
20749,LPLC2,right,acetylcholine,21045,LPLC2,right,3,0.01744186046511628,intra_population
17990,LPLC2,left,acetylcholine,17880,LPLC2,left,3,0.01744186046511628,intra_population
29287,LPLC2,right,acetylcholine,20182,LPLC2,right,3,0.01744186046511628,intra_population
129687,LPLC2,left,acetylcholine,518731,LPLC2,left,3,0.01744186046511628,intra_population
129687,LPLC2,left,acetylcholine,518439,LC4,left,3,0.01744186046511628,cross_visual
17266,LC4,right,acetylcholine,21225,LC4,right,3,0.01744186046511628,intra_population
511914,LC4,left,acetylcholine,100485,LC4,left,3,0.01744186046511628,intra_population
511914,LC4,left,acetylcholine,35616,LC4,left,3,0.01744186046511628,intra_population
20749,LPLC2,right,acetylcholine,17926,LC4,right,3,0.01744186046511628,cross_visual
20799,LPLC2,left,acetylcholine,17880,LPLC2,left,3,0.01744186046511628,intra_population
20749,LPLC2,right,acetylcholine,16128,LC4,right,3,0.01744186046511628,cross_visual
512366,LC4,left,acetylcholine,514956,LC4,left,3,0.01744186046511628,intra_population
512366,LC4,left,acetylcholine,515476,LC4,left,3,0.01744186046511628,intra_population
29216,LPLC2,right,acetylcholine,28741,LPLC2,right,3,0.01744186046511628,intra_population
512366,LC4,left,acetylcholine,518016,LC4,left,3,0.01744186046511628,intra_population
29216,LPLC2,right,acetylcholine,28044,LPLC2,right,3,0.01744186046511628,intra_population
512366,LC4,left,acetylcholine,518544,LC4,left,3,0.01744186046511628,intra_population
20694,LPLC2,right,acetylcholine,33694,LPLC2,right,3,0.01744186046511628,intra_population
13726,LPLC2,left,acetylcholine,29815,LPLC2,left,3,0.01744186046511628,intra_population
20694,LPLC2,right,acetylcholine,29986,LPLC2,right,3,0.01744186046511628,intra_population
20694,LPLC2,right,acetylcholine,28044,LPLC2,right,3,0.01744186046511628,intra_population
20694,LPLC2,right,acetylcholine,25584,LC4,right,3,0.01744186046511628,cross_visual
512705,LC4,left,acetylcholine,12032,LC4,left,3,0.01744186046511628,intra_population
20694,LPLC2,right,acetylcholine,24401,LPLC2,right,3,0.01744186046511628,intra_population
512705,LC4,left,acetylcholine,17270,LC4,left,3,0.01744186046511628,intra_population
512705,LC4,left,acetylcholine,17478,LC4,left,3,0.01744186046511628,intra_population
27023,LPLC2,left,acetylcholine,32737,LPLC2,left,3,0.01744186046511628,intra_population
20749,LPLC2,right,acetylcholine,19608,LPLC2,right,3,0.01744186046511628,intra_population
20749,LPLC2,right,acetylcholine,20535,LPLC2,right,3,0.01744186046511628,intra_population
511914,LC4,left,acetylcholine,29469,LC4,left,3,0.01744186046511628,intra_population
20749,LPLC2,right,acetylcholine,20584,LPLC2,right,3,0.01744186046511628,intra_population
20799,LPLC2,left,acetylcholine,100103,LPLC2,left,3,0.01744186046511628,intra_population
17987,LC4,right,acetylcholine,26112,LC4,right,3,0.01744186046511628,intra_population
29216,LPLC2,right,acetylcholine,38542,LPLC2,right,3,0.01744186046511628,intra_population
26528,LPLC2,left,acetylcholine,29753,LPLC2,left,3,0.01744186046511628,intra_population
21336,LC4,right,acetylcholine,17266,LC4,right,3,0.01744186046511628,intra_population
21336,LC4,right,acetylcholine,16628,LC4,right,3,0.01744186046511628,intra_population
81112,LC4,left,acetylcholine,30087,LC4,left,3,0.01744186046511628,intra_population
21336,LC4,right,acetylcholine,16138,LC4,right,3,0.01744186046511628,intra_population
17880,LPLC2,left,acetylcholine,21361,LPLC2,left,3,0.01744186046511628,intra_population
17880,LPLC2,left,acetylcholine,22253,LPLC2,left,3,0.01744186046511628,intra_population
29391,LPLC2,right,acetylcholine,20749,LPLC2,right,3,0.01744186046511628,intra_population
81112,LC4,left,acetylcholine,77614,LC4,left,3,0.01744186046511628,intra_population
81112,LC4,left,acetylcholine,100485,LC4,left,3,0.01744186046511628,intra_population
26528,LPLC2,left,acetylcholine,29955,LPLC2,left,3,0.01744186046511628,intra_population
21318,LPLC2,right,acetylcholine,27566,LPLC2,right,3,0.01744186046511628,intra_population
21318,LPLC2,right,acetylcholine,25511,LPLC2,right,3,0.01744186046511628,intra_population
21318,LPLC2,right,acetylcholine,24800,LPLC2,right,3,0.01744186046511628,intra_population
26528,LPLC2,left,acetylcholine,30512,LPLC2,left,3,0.01744186046511628,intra_population
21318,LPLC2,right,acetylcholine,24118,LPLC2,right,3,0.01744186046511628,intra_population
21313,LC4,right,acetylcholine,19260,LC4,right,3,0.01744186046511628,intra_population
21313,LC4,right,acetylcholine,17860,LC4,right,3,0.01744186046511628,intra_population
17880,LPLC2,left,acetylcholine,25027,LPLC2,left,3,0.01744186046511628,intra_population
26730,LPLC2,right,acetylcholine,19146,LPLC2,right,3,0.01744186046511628,intra_population
21299,LPLC2,left,acetylcholine,29702,LPLC2,left,3,0.01744186046511628,intra_population
13764,LPLC2,left,acetylcholine,129687,LPLC2,left,3,0.01744186046511628,intra_population
21336,LC4,right,acetylcholine,17364,LC4,right,3,0.01744186046511628,intra_population
21336,LC4,right,acetylcholine,19954,LC4,right,3,0.01744186046511628,intra_population
134521,LPLC2,left,acetylcholine,34407,LPLC2,left,3,0.01744186046511628,intra_population
21336,LC4,right,acetylcholine,20542,LC4,right,3,0.01744186046511628,intra_population
17266,LC4,right,acetylcholine,23392,LC4,right,3,0.01744186046511628,intra_population
21313,LC4,right,acetylcholine,23392,LC4,right,3,0.01744186046511628,intra_population
16917,LC4,left,acetylcholine,18396,LC4,left,3,0.01744186046511628,intra_population
21313,LC4,right,acetylcholine,22194,LC4,right,3,0.01744186046511628,intra_population
16917,LC4,left,acetylcholine,29417,LC4,left,3,0.01744186046511628,intra_population
26528,LPLC2,left,acetylcholine,34051,LPLC2,left,3,0.01744186046511628,intra_population
21313,LC4,right,acetylcholine,21336,LC4,right,3,0.01744186046511628,intra_population
26528,LPLC2,left,acetylcholine,134521,LPLC2,left,3,0.01744186046511628,intra_population
95241,LPLC2,left,acetylcholine,17990,LPLC2,left,3,0.01744186046511628,intra_population
14030,LPLC2,left,acetylcholine,13132,LPLC2,left,3,0.01744186046511628,intra_population
21313,LC4,right,acetylcholine,20399,LC4,right,3,0.01744186046511628,intra_population
26528,LPLC2,left,acetylcholine,517078,LPLC2,left,3,0.01744186046511628,intra_population
21313,LC4,right,acetylcholine,19794,LC4,right,3,0.01744186046511628,intra_population
21313,LC4,right,acetylcholine,19543,LC4,right,3,0.01744186046511628,intra_population
95241,LPLC2,left,acetylcholine,20799,LPLC2,left,3,0.01744186046511628,intra_population
21318,LPLC2,right,acetylcholine,21336,LC4,right,3,0.01744186046511628,cross_visual
14030,LPLC2,left,acetylcholine,17990,LPLC2,left,3,0.01744186046511628,intra_population
81112,LC4,left,acetylcholine,526286,LC4,left,3,0.01744186046511628,intra_population
81112,LC4,left,acetylcholine,519650,LC4,left,3,0.01744186046511628,intra_population
21336,LC4,right,acetylcholine,21151,LC4,right,3,0.01744186046511628,intra_population
81112,LC4,left,acetylcholine,17270,LC4,left,3,0.01744186046511628,intra_population
100103,LPLC2,left,acetylcholine,17880,LPLC2,left,3,0.01744186046511628,intra_population
21299,LPLC2,left,acetylcholine,24568,LPLC2,left,3,0.01744186046511628,intra_population
26730,LPLC2,right,acetylcholine,20269,LPLC2,right,3,0.01744186046511628,intra_population
16917,LC4,left,acetylcholine,27750,LC4,left,3,0.01744186046511628,intra_population
95241,LPLC2,left,acetylcholine,25572,LPLC2,left,3,0.01744186046511628,intra_population
26528,LPLC2,left,acetylcholine,524366,LPLC2,left,3,0.01744186046511628,intra_population
26528,LPLC2,left,acetylcholine,533895,LPLC2,left,3,0.01744186046511628,intra_population
26730,LPLC2,right,acetylcholine,10001,DNp01,right,3,0.01744186046511628,visual_to_readout
21299,LPLC2,left,acetylcholine,521115,LPLC2,left,3,0.01744186046511628,intra_population
95241,LPLC2,left,acetylcholine,112292,LPLC2,left,3,0.01744186046511628,intra_population
29319,LPLC2,left,acetylcholine,34051,LPLC2,left,3,0.01744186046511628,intra_population
29319,LPLC2,left,acetylcholine,33303,LPLC2,left,3,0.01744186046511628,intra_population
13764,LPLC2,left,acetylcholine,531014,LPLC2,left,3,0.01744186046511628,intra_population
13764,LPLC2,left,acetylcholine,524366,LPLC2,left,3,0.01744186046511628,intra_population
21299,LPLC2,left,acetylcholine,517078,LPLC2,left,3,0.01744186046511628,intra_population
21299,LPLC2,left,acetylcholine,134521,LPLC2,left,3,0.01744186046511628,intra_population
26730,LPLC2,right,acetylcholine,19034,LPLC2,right,3,0.01744186046511628,intra_population
13764,LPLC2,left,acetylcholine,517078,LPLC2,left,3,0.01744186046511628,intra_population
21299,LPLC2,left,acetylcholine,81112,LC4,left,3,0.01744186046511628,cross_visual
29319,LPLC2,left,acetylcholine,30512,LPLC2,left,3,0.01744186046511628,intra_population
21045,LPLC2,right,acetylcholine,29287,LPLC2,right,3,0.01744186046511628,intra_population
17266,LC4,right,acetylcholine,21287,LC4,right,3,0.01744186046511628,intra_population
21045,LPLC2,right,acetylcholine,28044,LPLC2,right,3,0.01744186046511628,intra_population
17990,LPLC2,left,acetylcholine,10228,DNp06,left,3,0.01744186046511628,visual_to_readout
27023,LPLC2,left,acetylcholine,23247,LPLC2,left,3,0.01744186046511628,intra_population
95241,LPLC2,left,acetylcholine,25524,LPLC2,left,3,0.01744186046511628,intra_population
17880,LPLC2,left,acetylcholine,25572,LPLC2,left,3,0.01744186046511628,intra_population
17880,LPLC2,left,acetylcholine,25136,LPLC2,left,3,0.01744186046511628,intra_population
21299,LPLC2,left,acetylcholine,13132,LPLC2,left,3,0.01744186046511628,intra_population
13764,LPLC2,left,acetylcholine,100103,LPLC2,left,3,0.01744186046511628,intra_population
21299,LPLC2,left,acetylcholine,19830,LPLC2,left,3,0.01744186046511628,intra_population
26730,LPLC2,right,acetylcholine,21703,LPLC2,right,3,0.01744186046511628,intra_population
100103,LPLC2,left,acetylcholine,20799,LPLC2,left,3,0.01744186046511628,intra_population
29319,LPLC2,left,acetylcholine,25575,LPLC2,left,3,0.01744186046511628,intra_population
13764,LPLC2,left,acetylcholine,95241,LPLC2,left,3,0.01744186046511628,intra_population
13764,LPLC2,left,acetylcholine,40841,LPLC2,left,3,0.01744186046511628,intra_population
21299,LPLC2,left,acetylcholine,15804,LPLC2,left,3,0.01744186046511628,intra_population
100103,LPLC2,left,acetylcholine,23247,LPLC2,left,3,0.01744186046511628,intra_population
100103,LPLC2,left,acetylcholine,23665,LPLC2,left,3,0.01744186046511628,intra_population
21313,LC4,right,acetylcholine,16128,LC4,right,3,0.01744186046511628,intra_population
17880,LPLC2,left,acetylcholine,27355,LPLC2,left,3,0.01744186046511628,intra_population
29319,LPLC2,left,acetylcholine,25524,LPLC2,left,3,0.01744186046511628,intra_population
13764,LPLC2,left,acetylcholine,35294,LPLC2,left,3,0.01744186046511628,intra_population
100103,LPLC2,left,acetylcholine,24840,LPLC2,left,3,0.01744186046511628,intra_population
100103,LPLC2,left,acetylcholine,15804,LPLC2,left,3,0.01744186046511628,intra_population
21299,LPLC2,left,acetylcholine,33137,LC4,left,3,0.01744186046511628,cross_visual
21313,LC4,right,acetylcholine,16138,LC4,right,3,0.01744186046511628,intra_population
21299,LPLC2,left,acetylcholine,33965,LPLC2,left,3,0.01744186046511628,intra_population
95241,LPLC2,left,acetylcholine,23550,LPLC2,left,3,0.01744186046511628,intra_population
20976,LC4,left,acetylcholine,533129,LC4,left,3,0.01744186046511628,intra_population
112292,LPLC2,left,acetylcholine,17880,LPLC2,left,3,0.01744186046511628,intra_population
26915,LPLC2,right,acetylcholine,20471,LPLC2,right,3,0.01744186046511628,intra_population
525844,LPLC2,left,acetylcholine,17653,LC4,left,3,0.01744186046511628,cross_visual
17059,LPLC2,left,acetylcholine,17653,LC4,left,3,0.01744186046511628,cross_visual
525844,LPLC2,left,acetylcholine,20799,LPLC2,left,3,0.01744186046511628,intra_population
525844,LPLC2,left,acetylcholine,21361,LPLC2,left,3,0.01744186046511628,intra_population
19589,LPLC2,right,acetylcholine,25636,LPLC2,right,3,0.01744186046511628,intra_population
19589,LPLC2,right,acetylcholine,25511,LPLC2,right,3,0.01744186046511628,intra_population
19589,LPLC2,right,acetylcholine,25497,LPLC2,right,3,0.01744186046511628,intra_population
19589,LPLC2,right,acetylcholine,25316,LPLC2,right,3,0.01744186046511628,intra_population
525844,LPLC2,left,acetylcholine,25136,LPLC2,left,3,0.01744186046511628,intra_population
19589,LPLC2,right,acetylcholine,25267,LPLC2,right,3,0.01744186046511628,intra_population
525844,LPLC2,left,acetylcholine,31105,LPLC2,left,3,0.01744186046511628,intra_population
27796,LPLC2,left,acetylcholine,41097,LPLC2,left,3,0.01744186046511628,intra_population
27796,LPLC2,left,acetylcholine,515971,LPLC2,left,3,0.01744186046511628,intra_population
525844,LPLC2,left,acetylcholine,27023,LPLC2,left,3,0.01744186046511628,intra_population
18900,LPLC2,left,acetylcholine,19911,LPLC2,left,3,0.01744186046511628,intra_population
19589,LPLC2,right,acetylcholine,20471,LPLC2,right,3,0.01744186046511628,intra_population
525844,LPLC2,left,acetylcholine,28011,LPLC2,left,3,0.01744186046511628,intra_population
18900,LPLC2,left,acetylcholine,20799,LPLC2,left,3,0.01744186046511628,intra_population
27796,LPLC2,left,acetylcholine,517079,LPLC2,left,3,0.01744186046511628,intra_population
19589,LPLC2,right,acetylcholine,19249,LPLC2,right,3,0.01744186046511628,intra_population
525844,LPLC2,left,acetylcholine,30895,LPLC2,left,3,0.01744186046511628,intra_population
28188,LPLC2,left,acetylcholine,18936,LPLC2,left,3,0.01744186046511628,intra_population
525844,LPLC2,left,acetylcholine,19787,LPLC2,left,3,0.01744186046511628,intra_population
525844,LPLC2,left,acetylcholine,25209,LPLC2,left,3,0.01744186046511628,intra_population
17059,LPLC2,left,acetylcholine,14888,LC4,left,3,0.01744186046511628,cross_visual
19550,LC4,right,acetylcholine,10584,DNp06,right,3,0.01744186046511628,visual_to_readout
18900,LPLC2,left,acetylcholine,23247,LPLC2,left,3,0.01744186046511628,intra_population
19550,LC4,right,acetylcholine,25584,LC4,right,3,0.01744186046511628,intra_population
28188,LPLC2,left,acetylcholine,22557,LPLC2,left,3,0.01744186046511628,intra_population
19550,LC4,right,acetylcholine,22328,LC4,right,3,0.01744186046511628,intra_population
525844,LPLC2,left,acetylcholine,524366,LPLC2,left,3,0.01744186046511628,intra_population
525844,LPLC2,left,acetylcholine,533895,LPLC2,left,3,0.01744186046511628,intra_population
28188,LPLC2,left,acetylcholine,20329,LPLC2,left,3,0.01744186046511628,intra_population
28188,LPLC2,left,acetylcholine,20240,LPLC2,left,3,0.01744186046511628,intra_population
525844,LPLC2,left,acetylcholine,32737,LPLC2,left,3,0.01744186046511628,intra_population
526286,LC4,left,acetylcholine,12824,LC4,left,3,0.01744186046511628,intra_population
526286,LC4,left,acetylcholine,14888,LC4,left,3,0.01744186046511628,intra_population
27829,LC4,left,acetylcholine,17340,LC4,left,3,0.01744186046511628,intra_population
19550,LC4,right,acetylcholine,19543,LC4,right,3,0.01744186046511628,intra_population
19550,LC4,right,acetylcholine,19420,LC4,right,3,0.01744186046511628,intra_population
526286,LC4,left,acetylcholine,21721,LC4,left,3,0.01744186046511628,intra_population
526286,LC4,left,acetylcholine,22772,LC4,left,3,0.01744186046511628,intra_population
18900,LPLC2,left,acetylcholine,25524,LPLC2,left,3,0.01744186046511628,intra_population
19550,LC4,right,acetylcholine,16628,LC4,right,3,0.01744186046511628,intra_population
19550,LC4,right,acetylcholine,16128,LC4,right,3,0.01744186046511628,intra_population
12032,LC4,left,acetylcholine,18396,LC4,left,3,0.01744186046511628,intra_population
12032,LC4,left,acetylcholine,18478,LC4,left,3,0.01744186046511628,intra_population
27829,LC4,left,acetylcholine,17478,LC4,left,3,0.01744186046511628,intra_population
19420,LC4,right,acetylcholine,17266,LC4,right,3,0.01744186046511628,intra_population
11498,LPLC2,left,acetylcholine,31563,LPLC2,left,3,0.01744186046511628,intra_population
19543,LC4,right,acetylcholine,17054,LC4,right,3,0.01744186046511628,intra_population
27829,LC4,left,acetylcholine,21721,LC4,left,3,0.01744186046511628,intra_population
28188,LPLC2,left,acetylcholine,14102,LPLC2,left,3,0.01744186046511628,intra_population
526286,LC4,left,acetylcholine,518983,LC4,left,3,0.01744186046511628,intra_population
28188,LPLC2,left,acetylcholine,13726,LPLC2,left,3,0.01744186046511628,intra_population
526286,LC4,left,acetylcholine,519931,LC4,left,3,0.01744186046511628,intra_population
11498,LPLC2,left,acetylcholine,526286,LC4,left,3,0.01744186046511628,cross_visual
27829,LC4,left,acetylcholine,18432,LC4,left,3,0.01744186046511628,intra_population
28044,LPLC2,right,acetylcholine,39620,LPLC2,right,3,0.01744186046511628,intra_population
19549,LPLC2,right,acetylcholine,22194,LC4,right,3,0.01744186046511628,cross_visual
11498,LPLC2,left,acetylcholine,520449,LC4,left,3,0.01744186046511628,cross_visual
28044,LPLC2,right,acetylcholine,38542,LPLC2,right,3,0.01744186046511628,intra_population
527408,LC4,right,acetylcholine,22966,LC4,right,3,0.01744186046511628,intra_population
11498,LPLC2,left,acetylcholine,134521,LPLC2,left,3,0.01744186046511628,intra_population
19549,LPLC2,right,acetylcholine,20103,LPLC2,right,3,0.01744186046511628,intra_population
11498,LPLC2,left,acetylcholine,515971,LPLC2,left,3,0.01744186046511628,intra_population
527408,LC4,right,acetylcholine,24338,LC4,right,3,0.01744186046511628,intra_population
527408,LC4,right,acetylcholine,28945,LC4,right,3,0.01744186046511628,intra_population
28044,LPLC2,right,acetylcholine,34372,LPLC2,right,3,0.01744186046511628,intra_population
19549,LPLC2,right,acetylcholine,18127,LC4,right,3,0.01744186046511628,cross_visual
18900,LPLC2,left,acetylcholine,29955,LPLC2,left,3,0.01744186046511628,intra_population
18900,LPLC2,left,acetylcholine,30512,LPLC2,left,3,0.01744186046511628,intra_population
28188,LPLC2,left,acetylcholine,17775,LPLC2,left,3,0.01744186046511628,intra_population
28044,LPLC2,right,acetylcholine,30041,LPLC2,right,3,0.01744186046511628,intra_population
19543,LC4,right,acetylcholine,17668,LC4,right,3,0.01744186046511628,intra_population
531014,LPLC2,left,acetylcholine,10228,DNp06,left,3,0.01744186046511628,visual_to_readout
530029,LC4,left,acetylcholine,29514,LC4,left,3,0.01744186046511628,intra_population
27829,LC4,left,acetylcholine,519931,LC4,left,3,0.01744186046511628,intra_population
530029,LC4,left,acetylcholine,31301,LC4,left,3,0.01744186046511628,intra_population
18900,LPLC2,left,acetylcholine,32223,LPLC2,left,3,0.01744186046511628,intra_population
530029,LC4,left,acetylcholine,111787,LC4,left,3,0.01744186046511628,intra_population
19420,LC4,right,acetylcholine,21313,LC4,right,3,0.01744186046511628,intra_population
11498,LPLC2,left,acetylcholine,32737,LPLC2,left,3,0.01744186046511628,intra_population
530029,LC4,left,acetylcholine,518730,LC4,left,3,0.01744186046511628,intra_population
11498,LPLC2,left,acetylcholine,32237,LPLC2,left,3,0.01744186046511628,intra_population
19543,LC4,right,acetylcholine,19550,LC4,right,3,0.01744186046511628,intra_population
18900,LPLC2,left,acetylcholine,34407,LPLC2,left,3,0.01744186046511628,intra_population
531014,LPLC2,left,acetylcholine,11498,LPLC2,left,3,0.01744186046511628,intra_population
531014,LPLC2,left,acetylcholine,12384,LPLC2,left,3,0.01744186046511628,intra_population
19420,LC4,right,acetylcholine,21165,LC4,right,3,0.01744186046511628,intra_population
19420,LC4,right,acetylcholine,19954,LC4,right,3,0.01744186046511628,intra_population
531014,LPLC2,left,acetylcholine,17544,LPLC2,left,3,0.01744186046511628,intra_population
11498,LPLC2,left,acetylcholine,29815,LPLC2,left,3,0.01744186046511628,intra_population
27829,LC4,left,acetylcholine,533129,LC4,left,3,0.01744186046511628,intra_population
19420,LC4,right,acetylcholine,18189,LC4,right,3,0.01744186046511628,intra_population
11498,LPLC2,left,acetylcholine,29319,LPLC2,left,3,0.01744186046511628,intra_population
19589,LPLC2,right,acetylcholine,18127,LC4,right,3,0.01744186046511628,cross_visual
19589,LPLC2,right,acetylcholine,19229,LPLC2,right,3,0.01744186046511628,intra_population
112292,LPLC2,left,acetylcholine,18900,LPLC2,left,3,0.01744186046511628,intra_population
21045,LPLC2,right,acetylcholine,28003,LPLC2,right,3,0.01744186046511628,intra_population
21045,LPLC2,right,acetylcholine,26730,LPLC2,right,3,0.01744186046511628,intra_population
21045,LPLC2,right,acetylcholine,24268,LPLC2,right,3,0.01744186046511628,intra_population
111903,LPLC2,left,acetylcholine,26528,LPLC2,left,3,0.01744186046511628,intra_population
29287,LPLC2,right,acetylcholine,30803,LC4,right,3,0.01744186046511628,cross_visual
21045,LPLC2,right,acetylcholine,23497,LPLC2,right,3,0.01744186046511628,intra_population
111903,LPLC2,left,acetylcholine,34407,LPLC2,left,3,0.01744186046511628,intra_population
21045,LPLC2,right,acetylcholine,22677,LPLC2,right,3,0.01744186046511628,intra_population
21045,LPLC2,right,acetylcholine,21899,LPLC2,right,3,0.01744186046511628,intra_population
111903,LPLC2,left,acetylcholine,518731,LPLC2,left,3,0.01744186046511628,intra_population
111903,LPLC2,left,acetylcholine,520449,LC4,left,3,0.01744186046511628,cross_visual
111903,LPLC2,left,acetylcholine,525844,LPLC2,left,3,0.01744186046511628,intra_population
29287,LPLC2,right,acetylcholine,29598,LPLC2,right,3,0.01744186046511628,intra_population
21045,LPLC2,right,acetylcholine,20584,LPLC2,right,3,0.01744186046511628,intra_population
21045,LPLC2,right,acetylcholine,20399,LC4,right,3,0.01744186046511628,cross_visual
26915,LPLC2,right,acetylcholine,14465,LPLC2,right,3,0.01744186046511628,intra_population
21045,LPLC2,right,acetylcholine,19842,LPLC2,right,3,0.01744186046511628,intra_population
21045,LPLC2,right,acetylcholine,19589,LPLC2,right,3,0.01744186046511628,intra_population
112292,LPLC2,left,acetylcholine,28011,LPLC2,left,3,0.01744186046511628,intra_population
20967,LC4,left,acetylcholine,533129,LC4,left,3,0.01744186046511628,intra_population
20859,LC4,left,acetylcholine,20976,LC4,left,3,0.01744186046511628,intra_population
20917,LC4,right,acetylcholine,23392,LC4,right,3,0.01744186046511628,intra_population
21045,LPLC2,right,acetylcholine,27566,LPLC2,right,3,0.01744186046511628,intra_population
111903,LPLC2,left,acetylcholine,23919,LPLC2,left,3,0.01744186046511628,intra_population
12032,LC4,left,acetylcholine,17478,LC4,left,3,0.01744186046511628,intra_population
111903,LPLC2,left,acetylcholine,23550,LPLC2,left,3,0.01744186046511628,intra_population
20976,LC4,left,acetylcholine,519650,LC4,left,3,0.01744186046511628,intra_population
26915,LPLC2,right,acetylcholine,20535,LPLC2,right,3,0.01744186046511628,intra_population
20976,LC4,left,acetylcholine,511914,LC4,left,3,0.01744186046511628,intra_population
26915,LPLC2,right,acetylcholine,21318,LPLC2,right,3,0.01744186046511628,intra_population
20976,LC4,left,acetylcholine,29469,LC4,left,3,0.01744186046511628,intra_population
20976,LC4,left,acetylcholine,23202,LC4,left,3,0.01744186046511628,intra_population
112292,LPLC2,left,acetylcholine,23550,LPLC2,left,3,0.01744186046511628,intra_population
112292,LPLC2,left,acetylcholine,23919,LPLC2,left,3,0.01744186046511628,intra_population
20976,LC4,left,acetylcholine,22922,LC4,left,3,0.01744186046511628,intra_population
112292,LPLC2,left,acetylcholine,24568,LPLC2,left,3,0.01744186046511628,intra_population
26915,LPLC2,right,acetylcholine,29873,LPLC2,right,3,0.01744186046511628,intra_population
112292,LPLC2,left,acetylcholine,25209,LPLC2,left,3,0.01744186046511628,intra_population
20976,LC4,left,acetylcholine,18478,LC4,left,3,0.01744186046511628,intra_population
26915,LPLC2,right,acetylcholine,29986,LPLC2,right,3,0.01744186046511628,intra_population
112292,LPLC2,left,acetylcholine,26528,LPLC2,left,3,0.01744186046511628,intra_population
20976,LC4,left,acetylcholine,10228,DNp06,left,3,0.01744186046511628,visual_to_readout
17926,LC4,right,acetylcholine,19550,LC4,right,3,0.01744186046511628,intra_population
17926,LC4,right,acetylcholine,18189,LC4,right,3,0.01744186046511628,intra_population
112292,LPLC2,left,acetylcholine,14102,LPLC2,left,3,0.01744186046511628,intra_population
112292,LPLC2,left,acetylcholine,30512,LPLC2,left,3,0.01744186046511628,intra_population
26915,LPLC2,right,acetylcholine,16138,LC4,right,3,0.01744186046511628,cross_visual
129687,LPLC2,left,acetylcholine,25136,LPLC2,left,3,0.01744186046511628,intra_population
129687,LPLC2,left,acetylcholine,25524,LPLC2,left,3,0.01744186046511628,intra_population
129687,LPLC2,left,acetylcholine,25572,LPLC2,left,3,0.01744186046511628,intra_population
20917,LC4,right,acetylcholine,21151,LC4,right,3,0.01744186046511628,intra_population
20967,LC4,left,acetylcholine,519650,LC4,left,3,0.01744186046511628,intra_population
20967,LC4,left,acetylcholine,518730,LC4,left,3,0.01744186046511628,intra_population
112292,LPLC2,left,acetylcholine,517078,LPLC2,left,3,0.01744186046511628,intra_population
112292,LPLC2,left,acetylcholine,517079,LPLC2,left,3,0.01744186046511628,intra_population
20967,LC4,left,acetylcholine,517752,LC4,left,3,0.01744186046511628,intra_population
20967,LC4,left,acetylcholine,514508,LC4,left,3,0.01744186046511628,intra_population
26915,LPLC2,right,acetylcholine,33439,LPLC2,right,3,0.01744186046511628,intra_population
20967,LC4,left,acetylcholine,27829,LC4,left,3,0.01744186046511628,intra_population
20967,LC4,left,acetylcholine,24523,LC4,left,3,0.01744186046511628,intra_population
112292,LPLC2,left,acetylcholine,526286,LC4,left,3,0.01744186046511628,cross_visual
20967,LC4,left,acetylcholine,22922,LC4,left,3,0.01744186046511628,intra_population
112292,LPLC2,left,acetylcholine,536444,LPLC2,left,3,0.01744186046511628,intra_population
29287,LPLC2,right,acetylcholine,23792,LC4,right,3,0.01744186046511628,cross_visual
26915,LPLC2,right,acetylcholine,33694,LPLC2,right,3,0.01744186046511628,intra_population
20967,LC4,left,acetylcholine,17340,LC4,left,3,0.01744186046511628,intra_population
129687,LPLC2,left,acetylcholine,12384,LPLC2,left,3,0.01744186046511628,intra_population
17926,LC4,right,acetylcholine,20917,LC4,right,3,0.01744186046511628,intra_population
129687,LPLC2,left,acetylcholine,18900,LPLC2,left,3,0.01744186046511628,intra_population
27399,LPLC2,left,acetylcholine,514670,LPLC2,left,3,0.01744186046511628,intra_population
20282,LC4,right,acetylcholine,16138,LC4,right,3,0.01744186046511628,intra_population
20329,LPLC2,left,acetylcholine,129687,LPLC2,left,3,0.01744186046511628,intra_population
112292,LPLC2,left,acetylcholine,111903,LPLC2,left,3,0.01744186046511628,intra_population
17926,LC4,right,acetylcholine,20016,LC4,right,3,0.01744186046511628,intra_population
26915,LPLC2,right,acetylcholine,30938,LPLC2,right,3,0.01744186046511628,intra_population
26915,LPLC2,right,acetylcholine,50287,LPLC2,right,3,0.01744186046511628,intra_population
17926,LC4,right,acetylcholine,23392,LC4,right,3,0.01744186046511628,intra_population
20917,LC4,right,acetylcholine,19954,LC4,right,3,0.01744186046511628,intra_population
20917,LC4,right,acetylcholine,19794,LC4,right,3,0.01744186046511628,intra_population
129687,LPLC2,left,acetylcholine,28188,LPLC2,left,3,0.01744186046511628,intra_population
26915,LPLC2,right,acetylcholine,35838,LPLC2,right,3,0.01744186046511628,intra_population
17926,LC4,right,acetylcholine,23792,LC4,right,3,0.01744186046511628,intra_population
20917,LC4,right,acetylcholine,17548,LC4,right,3,0.01744186046511628,intra_population
29287,LPLC2,right,acetylcholine,21769,LPLC2,right,3,0.01744186046511628,intra_population
17987,LC4,right,acetylcholine,17548,LC4,right,3,0.01744186046511628,intra_population
20859,LC4,left,acetylcholine,519931,LC4,left,3,0.01744186046511628,intra_population
26915,LPLC2,right,acetylcholine,34681,LPLC2,right,3,0.01744186046511628,intra_population
13726,LPLC2,left,acetylcholine,517079,LPLC2,left,3,0.01744186046511628,intra_population
20859,LC4,left,acetylcholine,518983,LC4,left,3,0.01744186046511628,intra_population
17266,LC4,right,acetylcholine,20282,LC4,right,3,0.01744186046511628,intra_population
20859,LC4,left,acetylcholine,27624,LC4,left,3,0.01744186046511628,intra_population
20859,LC4,left,acetylcholine,22772,LC4,left,3,0.01744186046511628,intra_population
129687,LPLC2,left,acetylcholine,517079,LPLC2,left,3,0.01744186046511628,intra_population
20917,LC4,right,acetylcholine,23098,LC4,right,3,0.01744186046511628,intra_population
20917,LC4,right,acetylcholine,25584,LC4,right,3,0.01744186046511628,intra_population
112292,LPLC2,left,acetylcholine,35294,LPLC2,left,3,0.01744186046511628,intra_population
17880,LPLC2,left,acetylcholine,24523,LC4,left,3,0.01744186046511628,cross_visual
95241,LPLC2,left,acetylcholine,13726,LPLC2,left,3,0.01744186046511628,intra_population
21318,LPLC2,right,acetylcholine,20103,LPLC2,right,3,0.01744186046511628,intra_population
514670,LPLC2,left,acetylcholine,512705,LC4,left,3,0.01744186046511628,cross_visual
20471,LPLC2,right,acetylcholine,21769,LPLC2,right,3,0.01744186046511628,intra_population
20572,LC4,left,acetylcholine,511914,LC4,left,3,0.01744186046511628,intra_population
20334,LPLC2,right,acetylcholine,30207,LPLC2,right,3,0.01744186046511628,intra_population
27399,LPLC2,left,acetylcholine,23202,LC4,left,3,0.01744186046511628,cross_visual
515971,LPLC2,left,acetylcholine,34407,LPLC2,left,3,0.01744186046511628,intra_population
515971,LPLC2,left,acetylcholine,33406,LPLC2,left,3,0.01744186046511628,intra_population
515900,LC4,left,acetylcholine,23202,LC4,left,3,0.01744186046511628,intra_population
20440,LC4,left,acetylcholine,519650,LC4,left,3,0.01744186046511628,intra_population
20535,LPLC2,right,acetylcholine,18929,LPLC2,right,3,0.01744186046511628,intra_population
20440,LC4,left,acetylcholine,526286,LC4,left,3,0.01744186046511628,intra_population
515971,LPLC2,left,acetylcholine,31105,LPLC2,left,3,0.01744186046511628,intra_population
27355,LPLC2,left,acetylcholine,134521,LPLC2,left,3,0.01744186046511628,intra_population
515971,LPLC2,left,acetylcholine,29702,LPLC2,left,3,0.01744186046511628,intra_population
515900,LC4,left,acetylcholine,30087,LC4,left,3,0.01744186046511628,intra_population
18127,LC4,right,acetylcholine,21165,LC4,right,3,0.01744186046511628,intra_population
27399,LPLC2,left,acetylcholine,13764,LPLC2,left,3,0.01744186046511628,intra_population
515900,LC4,left,acetylcholine,31308,LC4,left,3,0.01744186046511628,intra_population
515900,LC4,left,acetylcholine,32597,LC4,left,3,0.01744186046511628,intra_population
515971,LPLC2,left,acetylcholine,27796,LPLC2,left,3,0.01744186046511628,intra_population
515900,LC4,left,acetylcholine,35262,LC4,left,3,0.01744186046511628,intra_population
29014,LPLC2,right,acetylcholine,39620,LPLC2,right,3,0.01744186046511628,intra_population
27355,LPLC2,left,acetylcholine,17990,LPLC2,left,3,0.01744186046511628,intra_population
20334,LPLC2,right,acetylcholine,21045,LPLC2,right,3,0.01744186046511628,intra_population
20673,LC4,right,acetylcholine,22194,LC4,right,3,0.01744186046511628,intra_population
20334,LPLC2,right,acetylcholine,21318,LPLC2,right,3,0.01744186046511628,intra_population
29183,LPLC2,right,acetylcholine,37925,LPLC2,right,3,0.01744186046511628,intra_population
20584,LPLC2,right,acetylcholine,29287,LPLC2,right,3,0.01744186046511628,intra_population
20334,LPLC2,right,acetylcholine,21703,LPLC2,right,3,0.01744186046511628,intra_population
12824,LC4,left,acetylcholine,77614,LC4,left,3,0.01744186046511628,intra_population
13726,LPLC2,left,acetylcholine,22253,LPLC2,left,3,0.01744186046511628,intra_population
27023,LPLC2,left,acetylcholine,518016,LC4,left,3,0.01744186046511628,cross_visual
517078,LPLC2,left,acetylcholine,515971,LPLC2,left,3,0.01744186046511628,intra_population
20584,LPLC2,right,acetylcholine,30207,LPLC2,right,3,0.01744186046511628,intra_population
517078,LPLC2,left,acetylcholine,20572,LC4,left,3,0.01744186046511628,cross_visual
17990,LPLC2,left,acetylcholine,28188,LPLC2,left,3,0.01744186046511628,intra_population
20584,LPLC2,right,acetylcholine,31964,LPLC2,right,3,0.01744186046511628,intra_population
517078,LPLC2,left,acetylcholine,134521,LPLC2,left,3,0.01744186046511628,intra_population
514508,LC4,left,acetylcholine,10228,DNp06,left,3,0.01744186046511628,visual_to_readout
20584,LPLC2,right,acetylcholine,34681,LPLC2,right,3,0.01744186046511628,intra_population
514670,LPLC2,left,acetylcholine,14102,LPLC2,left,3,0.01744186046511628,intra_population
517078,LPLC2,left,acetylcholine,20799,LPLC2,left,3,0.01744186046511628,intra_population
517078,LPLC2,left,acetylcholine,20967,LC4,left,3,0.01744186046511628,cross_visual
27355,LPLC2,left,acetylcholine,14030,LPLC2,left,3,0.01744186046511628,intra_population
27399,LPLC2,left,acetylcholine,34407,LPLC2,left,3,0.01744186046511628,intra_population
517078,LPLC2,left,acetylcholine,111903,LPLC2,left,3,0.01744186046511628,intra_population
20584,LPLC2,right,acetylcholine,35889,LPLC2,right,3,0.01744186046511628,intra_population
18127,LC4,right,acetylcholine,17364,LC4,right,3,0.01744186046511628,intra_population
13132,LPLC2,left,acetylcholine,14030,LPLC2,left,3,0.01744186046511628,intra_population
20440,LC4,left,acetylcholine,81112,LC4,left,3,0.01744186046511628,intra_population
16917,LC4,left,acetylcholine,33137,LC4,left,3,0.01744186046511628,intra_population
20471,LPLC2,right,acetylcholine,21287,LC4,right,3,0.01744186046511628,cross_visual
29014,LPLC2,right,acetylcholine,31262,LC4,right,3,0.01744186046511628,cross_visual
20471,LPLC2,right,acetylcholine,26393,LPLC2,right,3,0.01744186046511628,intra_population
20471,LPLC2,right,acetylcholine,29986,LPLC2,right,3,0.01744186046511628,intra_population
27355,LPLC2,left,acetylcholine,521115,LPLC2,left,3,0.01744186046511628,intra_population
17059,LPLC2,left,acetylcholine,518731,LPLC2,left,3,0.01744186046511628,intra_population
20471,LPLC2,right,acetylcholine,21318,LPLC2,right,3,0.01744186046511628,intra_population
18127,LC4,right,acetylcholine,19794,LC4,right,3,0.01744186046511628,intra_population
20471,LPLC2,right,acetylcholine,22218,LPLC2,right,3,0.01744186046511628,intra_population
20471,LPLC2,right,acetylcholine,21703,LPLC2,right,3,0.01744186046511628,intra_population
18127,LC4,right,acetylcholine,20282,LC4,right,3,0.01744186046511628,intra_population
20471,LPLC2,right,acetylcholine,20269,LPLC2,right,3,0.01744186046511628,intra_population
29014,LPLC2,right,acetylcholine,29183,LPLC2,right,3,0.01744186046511628,intra_population
20471,LPLC2,right,acetylcholine,50287,LPLC2,right,3,0.01744186046511628,intra_population
20471,LPLC2,right,acetylcholine,34110,LPLC2,right,3,0.01744186046511628,intra_population
29014,LPLC2,right,acetylcholine,35889,LPLC2,right,3,0.01744186046511628,intra_population
20471,LPLC2,right,acetylcholine,37613,LPLC2,right,3,0.01744186046511628,intra_population
515900,LC4,left,acetylcholine,519650,LC4,left,3,0.01744186046511628,intra_population
13132,LPLC2,left,acetylcholine,33303,LPLC2,left,3,0.01744186046511628,intra_population
20471,LPLC2,right,acetylcholine,14465,LPLC2,right,3,0.01744186046511628,intra_population
515900,LC4,left,acetylcholine,535341,LC4,left,3,0.01744186046511628,intra_population
515971,LPLC2,left,acetylcholine,24840,LPLC2,left,3,0.01744186046511628,intra_population
20471,LPLC2,right,acetylcholine,28871,LPLC2,right,3,0.01744186046511628,intra_population
13132,LPLC2,left,acetylcholine,20329,LPLC2,left,3,0.01744186046511628,intra_population
515900,LC4,left,acetylcholine,18396,LC4,left,3,0.01744186046511628,intra_population
16917,LC4,left,acetylcholine,107513,LC4,left,3,0.01744186046511628,intra_population
27399,LPLC2,left,acetylcholine,24605,LPLC2,left,3,0.01744186046511628,intra_population
20440,LC4,left,acetylcholine,35262,LC4,left,3,0.01744186046511628,intra_population
20535,LPLC2,right,acetylcholine,21318,LPLC2,right,3,0.01744186046511628,intra_population
13132,LPLC2,left,acetylcholine,13726,LPLC2,left,3,0.01744186046511628,intra_population
20694,LPLC2,right,acetylcholine,21769,LPLC2,right,3,0.01744186046511628,intra_population
29014,LPLC2,right,acetylcholine,55627,LPLC2,right,3,0.01744186046511628,intra_population
515900,LC4,left,acetylcholine,20967,LC4,left,3,0.01744186046511628,intra_population
18127,LC4,right,acetylcholine,17266,LC4,right,3,0.01744186046511628,intra_population
20440,LC4,left,acetylcholine,100485,LC4,left,3,0.01744186046511628,intra_population
13132,LPLC2,left,acetylcholine,21299,LPLC2,left,3,0.01744186046511628,intra_population
515900,LC4,left,acetylcholine,18432,LC4,left,3,0.01744186046511628,intra_population
20535,LPLC2,right,acetylcholine,19549,LPLC2,right,3,0.01744186046511628,intra_population
20440,LC4,left,acetylcholine,511914,LC4,left,3,0.01744186046511628,intra_population
20535,LPLC2,right,acetylcholine,19249,LPLC2,right,3,0.01744186046511628,intra_population
20535,LPLC2,right,acetylcholine,14465,LPLC2,right,3,0.01744186046511628,intra_population
27355,LPLC2,left,acetylcholine,514670,LPLC2,left,3,0.01744186046511628,intra_population
18127,LC4,right,acetylcholine,20917,LC4,right,3,0.01744186046511628,intra_population
20471,LPLC2,right,acetylcholine,26915,LPLC2,right,3,0.01744186046511628,intra_population
20471,LPLC2,right,acetylcholine,29391,LPLC2,right,3,0.01744186046511628,intra_population
20334,LPLC2,right,acetylcholine,22218,LPLC2,right,3,0.01744186046511628,intra_population
20584,LPLC2,right,acetylcholine,28871,LPLC2,right,3,0.01744186046511628,intra_population
20471,LPLC2,right,acetylcholine,33396,LPLC2,right,3,0.01744186046511628,intra_population
12824,LC4,left,acetylcholine,515476,LC4,left,3,0.01744186046511628,intra_population
20694,LPLC2,right,acetylcholine,21045,LPLC2,right,3,0.01744186046511628,intra_population
29183,LPLC2,right,acetylcholine,29873,LPLC2,right,3,0.01744186046511628,intra_population
13726,LPLC2,left,acetylcholine,19830,LPLC2,left,3,0.01744186046511628,intra_population
517079,LPLC2,left,acetylcholine,17059,LPLC2,left,3,0.01744186046511628,intra_population
512705,LC4,left,acetylcholine,23202,LC4,left,3,0.01744186046511628,intra_population
20572,LC4,left,acetylcholine,519931,LC4,left,3,0.01744186046511628,intra_population
12824,LC4,left,acetylcholine,518544,LC4,left,3,0.01744186046511628,intra_population
20334,LPLC2,right,acetylcholine,29873,LPLC2,right,3,0.01744186046511628,intra_population
514670,LPLC2,left,acetylcholine,34407,LPLC2,left,3,0.01744186046511628,intra_population
20694,LPLC2,right,acetylcholine,20542,LC4,right,3,0.01744186046511628,cross_visual
12824,LC4,left,acetylcholine,517752,LC4,left,3,0.01744186046511628,intra_population
29183,LPLC2,right,acetylcholine,30938,LPLC2,right,3,0.01744186046511628,intra_population
27023,LPLC2,left,acetylcholine,40841,LPLC2,left,3,0.01744186046511628,intra_population
17990,LPLC2,left,acetylcholine,134521,LPLC2,left,3,0.01744186046511628,intra_population
20694,LPLC2,right,acetylcholine,19608,LPLC2,right,3,0.01744186046511628,intra_population
514670,LPLC2,left,acetylcholine,27355,LPLC2,left,3,0.01744186046511628,intra_population
27023,LPLC2,left,acetylcholine,111903,LPLC2,left,3,0.01744186046511628,intra_population
29183,LPLC2,right,acetylcholine,31257,LPLC2,right,3,0.01744186046511628,intra_population
29014,LPLC2,right,acetylcholine,18672,LPLC2,right,3,0.01744186046511628,intra_population
20334,LPLC2,right,acetylcholine,29391,LPLC2,right,3,0.01744186046511628,intra_population
512705,LC4,left,acetylcholine,33137,LC4,left,3,0.01744186046511628,intra_population
517079,LPLC2,left,acetylcholine,13726,LPLC2,left,3,0.01744186046511628,intra_population
20334,LPLC2,right,acetylcholine,26147,LPLC2,right,3,0.01744186046511628,intra_population
20334,LPLC2,right,acetylcholine,18127,LC4,right,3,0.01744186046511628,cross_visual
20584,LPLC2,right,acetylcholine,18189,LC4,right,3,0.01744186046511628,cross_visual
512705,LC4,left,acetylcholine,515476,LC4,left,3,0.01744186046511628,intra_population
20584,LPLC2,right,acetylcholine,19146,LPLC2,right,3,0.01744186046511628,intra_population
20584,LPLC2,right,acetylcholine,24187,LPLC2,right,3,0.01744186046511628,intra_population
517078,LPLC2,left,acetylcholine,17653,LC4,left,3,0.01744186046511628,cross_visual
514670,LPLC2,left,acetylcholine,25286,LPLC2,left,3,0.01744186046511628,intra_population
29183,LPLC2,right,acetylcholine,34681,LPLC2,right,3,0.01744186046511628,intra_population
29183,LPLC2,right,acetylcholine,31988,LPLC2,right,3,0.01744186046511628,intra_population
29014,LPLC2,right,acetylcholine,19034,LPLC2,right,3,0.01744186046511628,intra_population
29216,LPLC2,right,acetylcholine,24187,LPLC2,right,3,0.01744186046511628,intra_population
512705,LC4,left,acetylcholine,518544,LC4,left,3,0.01744186046511628,intra_population
27399,LPLC2,left,acetylcholine,29955,LPLC2,left,3,0.01744186046511628,intra_population
27399,LPLC2,left,acetylcholine,129687,LPLC2,left,3,0.01744186046511628,intra_population
29183,LPLC2,right,acetylcholine,33396,LPLC2,right,3,0.01744186046511628,intra_population
17990,LPLC2,left,acetylcholine,30895,LPLC2,left,3,0.01744186046511628,intra_population
18189,LC4,right,acetylcholine,21151,LC4,right,3,0.01744186046511628,intra_population
514670,LPLC2,left,acetylcholine,23665,LPLC2,left,3,0.01744186046511628,intra_population
29183,LPLC2,right,acetylcholine,33439,LPLC2,right,3,0.01744186046511628,intra_population
20673,LC4,right,acetylcholine,26112,LC4,right,3,0.01744186046511628,intra_population
29014,LPLC2,right,acetylcholine,20269,LPLC2,right,3,0.01744186046511628,intra_population
27355,LPLC2,left,acetylcholine,22557,LPLC2,left,3,0.01744186046511628,intra_population
20329,LPLC2,left,acetylcholine,533895,LPLC2,left,3,0.01744186046511628,intra_population
20584,LPLC2,right,acetylcholine,17054,LC4,right,3,0.01744186046511628,cross_visual
20334,LPLC2,right,acetylcholine,27566,LPLC2,right,3,0.01744186046511628,intra_population
517078,LPLC2,left,acetylcholine,13764,LPLC2,left,3,0.01744186046511628,intra_population
20334,LPLC2,right,acetylcholine,27471,LPLC2,right,3,0.01744186046511628,intra_population
29216,LPLC2,right,acetylcholine,18672,LPLC2,right,3,0.01744186046511628,intra_population
18189,LC4,right,acetylcholine,20282,LC4,right,3,0.01744186046511628,intra_population
517078,LPLC2,left,acetylcholine,24568,LPLC2,left,3,0.01744186046511628,intra_population
514508,LC4,left,acetylcholine,22772,LC4,left,3,0.01744186046511628,intra_population
29014,LPLC2,right,acetylcholine,19608,LPLC2,right,3,0.01744186046511628,intra_population
29216,LPLC2,right,acetylcholine,19146,LPLC2,right,3,0.01744186046511628,intra_population
517078,LPLC2,left,acetylcholine,32737,LPLC2,left,3,0.01744186046511628,intra_population
27399,LPLC2,left,acetylcholine,33965,LPLC2,left,3,0.01744186046511628,intra_population
517078,LPLC2,left,acetylcholine,25286,LPLC2,left,3,0.01744186046511628,intra_population
514508,LC4,left,acetylcholine,27829,LC4,left,3,0.01744186046511628,intra_population
514508,LC4,left,acetylcholine,29514,LC4,left,3,0.01744186046511628,intra_population
29216,LPLC2,right,acetylcholine,20047,LPLC2,right,3,0.01744186046511628,intra_population
20673,LC4,right,acetylcholine,17860,LC4,right,3,0.01744186046511628,intra_population
20588,LC4,right,acetylcholine,25584,LC4,right,3,0.01744186046511628,intra_population
29216,LPLC2,right,acetylcholine,20103,LPLC2,right,3,0.01744186046511628,intra_population
20334,LPLC2,right,acetylcholine,17054,LC4,right,3,0.01744186046511628,cross_visual
20588,LC4,right,acetylcholine,16628,LC4,right,3,0.01744186046511628,intra_population
20673,LC4,right,acetylcholine,20282,LC4,right,3,0.01744186046511628,intra_population
18189,LC4,right,acetylcholine,20673,LC4,right,3,0.01744186046511628,intra_population
27355,LPLC2,left,acetylcholine,20240,LPLC2,left,3,0.01744186046511628,intra_population
20334,LPLC2,right,acetylcholine,23878,LPLC2,right,3,0.01744186046511628,intra_population
20588,LC4,right,acetylcholine,21804,LC4,right,3,0.01744186046511628,intra_population
17266,LC4,right,acetylcholine,16128,LC4,right,3,0.01744186046511628,intra_population
20588,LC4,right,acetylcholine,17364,LC4,right,3,0.01744186046511628,intra_population
29014,LPLC2,right,acetylcholine,20047,LPLC2,right,3,0.01744186046511628,intra_population
514670,LPLC2,left,acetylcholine,25575,LPLC2,left,3,0.01744186046511628,intra_population
514670,LPLC2,left,acetylcholine,25572,LPLC2,left,3,0.01744186046511628,intra_population
517078,LPLC2,left,acetylcholine,520449,LC4,left,3,0.01744186046511628,cross_visual
20334,LPLC2,right,acetylcholine,24268,LPLC2,right,3,0.01744186046511628,intra_population
512705,LC4,left,acetylcholine,518983,LC4,left,3,0.01744186046511628,intra_population
20673,LC4,right,acetylcholine,17548,LC4,right,3,0.01744186046511628,intra_population
514670,LPLC2,left,acetylcholine,20967,LC4,left,3,0.01744186046511628,cross_visual
20334,LPLC2,right,acetylcholine,17551,LPLC2,right,3,0.01744186046511628,intra_population
20588,LC4,right,acetylcholine,21313,LC4,right,3,0.01744186046511628,intra_population
514508,LC4,left,acetylcholine,518544,LC4,left,3,0.01744186046511628,intra_population
20673,LC4,right,acetylcholine,19550,LC4,right,3,0.01744186046511628,intra_population
27399,LPLC2,left,acetylcholine,31308,LC4,left,3,0.01744186046511628,cross_visual
27355,LPLC2,left,acetylcholine,13132,LPLC2,left,3,0.01744186046511628,intra_population
514508,LC4,left,acetylcholine,519931,LC4,left,3,0.01744186046511628,intra_population
20673,LC4,right,acetylcholine,19543,LC4,right,3,0.01744186046511628,intra_population
20584,LPLC2,right,acetylcholine,26147,LPLC2,right,3,0.01744186046511628,intra_population
20588,LC4,right,acetylcholine,19794,LC4,right,3,0.01744186046511628,intra_population
27399,LPLC2,left,acetylcholine,31105,LPLC2,left,3,0.01744186046511628,intra_population
13726,LPLC2,left,acetylcholine,25136,LPLC2,left,3,0.01744186046511628,intra_population
20588,LC4,right,acetylcholine,17548,LC4,right,3,0.01744186046511628,intra_population
27355,LPLC2,left,acetylcholine,517079,LPLC2,left,3,0.01744186046511628,intra_population
18127,LC4,right,acetylcholine,20808,LC4,right,3,0.01744186046511628,intra_population
21318,LPLC2,right,acetylcholine,20334,LPLC2,right,3,0.01744186046511628,intra_population
21287,LC4,right,acetylcholine,19794,LC4,right,3,0.01744186046511628,intra_population
13764,LPLC2,left,acetylcholine,31563,LPLC2,left,3,0.01744186046511628,intra_population
13764,LPLC2,left,acetylcholine,30895,LPLC2,left,3,0.01744186046511628,intra_population
100103,LPLC2,left,acetylcholine,517079,LPLC2,left,3,0.01744186046511628,intra_population
17880,LPLC2,left,acetylcholine,29955,LPLC2,left,3,0.01744186046511628,intra_population
29319,LPLC2,left,acetylcholine,24308,LPLC2,left,3,0.01744186046511628,intra_population
21287,LC4,right,acetylcholine,17668,LC4,right,3,0.01744186046511628,intra_population
21287,LC4,right,acetylcholine,17548,LC4,right,3,0.01744186046511628,intra_population
13764,LPLC2,left,acetylcholine,27796,LPLC2,left,3,0.01744186046511628,intra_population
100485,LC4,left,acetylcholine,10228,DNp06,left,3,0.01744186046511628,visual_to_readout
21287,LC4,right,acetylcholine,17266,LC4,right,3,0.01744186046511628,intra_population
26730,LPLC2,right,acetylcholine,22218,LPLC2,right,3,0.01744186046511628,intra_population
26730,LPLC2,right,acetylcholine,22677,LPLC2,right,3,0.01744186046511628,intra_population
21225,LC4,right,acetylcholine,23792,LC4,right,3,0.01744186046511628,intra_population
21165,LC4,right,acetylcholine,21313,LC4,right,3,0.01744186046511628,intra_population
21165,LC4,right,acetylcholine,20588,LC4,right,3,0.01744186046511628,intra_population
21165,LC4,right,acetylcholine,18127,LC4,right,3,0.01744186046511628,intra_population
26730,LPLC2,right,acetylcholine,35838,LPLC2,right,3,0.01744186046511628,intra_population
21151,LC4,right,acetylcholine,16128,LC4,right,3,0.01744186046511628,intra_population
17880,LPLC2,left,acetylcholine,517819,LPLC2,left,3,0.01744186046511628,intra_population
111787,LC4,left,acetylcholine,77614,LC4,left,3,0.01744186046511628,intra_population
17880,LPLC2,left,acetylcholine,518731,LPLC2,left,3,0.01744186046511628,intra_population
26730,LPLC2,right,acetylcholine,21862,LPLC2,right,3,0.01744186046511628,intra_population
21287,LC4,right,acetylcholine,19954,LC4,right,3,0.01744186046511628,intra_population
21225,LC4,right,acetylcholine,20282,LC4,right,3,0.01744186046511628,intra_population
100103,LPLC2,left,acetylcholine,41097,LPLC2,left,3,0.01744186046511628,intra_population
100485,LC4,left,acetylcholine,33137,LC4,left,3,0.01744186046511628,intra_population
21225,LC4,right,acetylcholine,17987,LC4,right,3,0.01744186046511628,intra_population
21287,LC4,right,acetylcholine,22034,LC4,right,3,0.01744186046511628,intra_population
29319,LPLC2,left,acetylcholine,22253,LPLC2,left,3,0.01744186046511628,intra_population
26730,LPLC2,right,acetylcholine,24268,LPLC2,right,3,0.01744186046511628,intra_population
21225,LC4,right,acetylcholine,17054,LC4,right,3,0.01744186046511628,intra_population
29319,LPLC2,left,acetylcholine,18936,LPLC2,left,3,0.01744186046511628,intra_population
17880,LPLC2,left,acetylcholine,129687,LPLC2,left,3,0.01744186046511628,intra_population
21225,LC4,right,acetylcholine,10584,DNp06,right,3,0.01744186046511628,visual_to_readout
17880,LPLC2,left,acetylcholine,134521,LPLC2,left,3,0.01744186046511628,intra_population
21165,LC4,right,acetylcholine,26112,LC4,right,3,0.01744186046511628,intra_population
29319,LPLC2,left,acetylcholine,17880,LPLC2,left,3,0.01744186046511628,intra_population
21165,LC4,right,acetylcholine,21336,LC4,right,3,0.01744186046511628,intra_population
21225,LC4,right,acetylcholine,21336,LC4,right,3,0.01744186046511628,intra_population
21225,LC4,right,acetylcholine,22966,LC4,right,3,0.01744186046511628,intra_population
100485,LC4,left,acetylcholine,17653,LC4,left,3,0.01744186046511628,intra_population
17880,LPLC2,left,acetylcholine,41097,LPLC2,left,3,0.01744186046511628,intra_population
21287,LC4,right,acetylcholine,21336,LC4,right,3,0.01744186046511628,intra_population
21287,LC4,right,acetylcholine,21165,LC4,right,3,0.01744186046511628,intra_population
100103,LPLC2,left,acetylcholine,34655,LPLC2,left,3,0.01744186046511628,intra_population
100103,LPLC2,left,acetylcholine,40811,LPLC2,left,3,0.01744186046511628,intra_population
111787,LC4,left,acetylcholine,512366,LC4,left,3,0.01744186046511628,intra_population
21045,LPLC2,right,acetylcholine,37613,LPLC2,right,3,0.01744186046511628,intra_population
21045,LPLC2,right,acetylcholine,37431,LPLC2,right,3,0.01744186046511628,intra_population
111787,LC4,left,acetylcholine,518983,LC4,left,3,0.01744186046511628,intra_population
26730,LPLC2,right,acetylcholine,25497,LPLC2,right,3,0.01744186046511628,intra_population
17880,LPLC2,left,acetylcholine,514670,LPLC2,left,3,0.01744186046511628,intra_population
17880,LPLC2,left,acetylcholine,515971,LPLC2,left,3,0.01744186046511628,intra_population
13764,LPLC2,left,acetylcholine,20329,LPLC2,left,3,0.01744186046511628,intra_population
13764,LPLC2,left,acetylcholine,20240,LPLC2,left,3,0.01744186046511628,intra_population
111787,LC4,left,acetylcholine,12032,LC4,left,3,0.01744186046511628,intra_population
26730,LPLC2,right,acetylcholine,29287,LPLC2,right,3,0.01744186046511628,intra_population
21151,LC4,right,acetylcholine,21313,LC4,right,3,0.01744186046511628,intra_population
13764,LPLC2,left,acetylcholine,19787,LPLC2,left,3,0.01744186046511628,intra_population
111787,LC4,left,acetylcholine,16917,LC4,left,3,0.01744186046511628,intra_population
21151,LC4,right,acetylcholine,21225,LC4,right,3,0.01744186046511628,intra_population
21151,LC4,right,acetylcholine,21165,LC4,right,3,0.01744186046511628,intra_population
26730,LPLC2,right,acetylcholine,33396,LPLC2,right,3,0.01744186046511628,intra_population
111787,LC4,left,acetylcholine,18396,LC4,left,3,0.01744186046511628,intra_population
100103,LPLC2,left,acetylcholine,27796,LPLC2,left,3,0.01744186046511628,intra_population
26730,LPLC2,right,acetylcholine,21808,LPLC2,right,3,0.01744186046511628,intra_population
29216,LPLC2,right,acetylcholine,27471,LPLC2,right,3,0.01744186046511628,intra_population
21313,LC4,right,acetylcholine,22975,LC4,right,3,0.01744186046511628,intra_population
81112,LC4,left,acetylcholine,535341,LC4,left,3,0.01744186046511628,intra_population
29391,LPLC2,right,acetylcholine,20334,LPLC2,right,3,0.01744186046511628,intra_population
17266,LC4,right,acetylcholine,23792,LC4,right,3,0.01744186046511628,intra_population
26730,LPLC2,right,acetylcholine,25267,LPLC2,right,3,0.01744186046511628,intra_population
107513,LC4,left,acetylcholine,31429,LC4,left,3,0.01744186046511628,intra_population
13764,LPLC2,left,acetylcholine,21299,LPLC2,left,3,0.01744186046511628,intra_population
111903,LPLC2,left,acetylcholine,17059,LPLC2,left,3,0.01744186046511628,intra_population
21045,LPLC2,right,acetylcholine,35680,LPLC2,right,3,0.01744186046511628,intra_population
111787,LC4,left,acetylcholine,526286,LC4,left,3,0.01744186046511628,intra_population
111787,LC4,left,acetylcholine,530029,LC4,left,3,0.01744186046511628,intra_population
13764,LPLC2,left,acetylcholine,15804,LPLC2,left,3,0.01744186046511628,intra_population
29287,LPLC2,right,acetylcholine,33396,LPLC2,right,3,0.01744186046511628,intra_population
21045,LPLC2,right,acetylcholine,34110,LPLC2,right,3,0.01744186046511628,intra_population
21045,LPLC2,right,acetylcholine,33694,LPLC2,right,3,0.01744186046511628,intra_population
21045,LPLC2,right,acetylcholine,32507,LPLC2,right,3,0.01744186046511628,intra_population
111903,LPLC2,left,acetylcholine,13764,LPLC2,left,3,0.01744186046511628,intra_population
16917,LC4,left,acetylcholine,30087,LC4,left,3,0.01744186046511628,intra_population
21165,LC4,right,acetylcholine,17668,LC4,right,3,0.01744186046511628,intra_population
21045,LPLC2,right,acetylcholine,29986,LPLC2,right,3,0.01744186046511628,intra_population
21045,LPLC2,right,acetylcholine,29598,LPLC2,right,3,0.01744186046511628,intra_population
111787,LC4,left,acetylcholine,29514,LC4,left,3,0.01744186046511628,intra_population
13764,LPLC2,left,acetylcholine,18900,LPLC2,left,3,0.01744186046511628,intra_population
21165,LC4,right,acetylcholine,17987,LC4,right,3,0.01744186046511628,intra_population
29287,LPLC2,right,acetylcholine,35680,LPLC2,right,3,0.01744186046511628,intra_population
13764,LPLC2,left,acetylcholine,22557,LPLC2,left,3,0.01744186046511628,intra_population
107513,LC4,left,acetylcholine,20976,LC4,left,3,0.01744186046511628,intra_population
26730,LPLC2,right,acetylcholine,24401,LPLC2,right,3,0.01744186046511628,intra_population
21225,LC4,right,acetylcholine,19543,LC4,right,3,0.01744186046511628,intra_population
100485,LC4,left,acetylcholine,31301,LC4,left,3,0.01744186046511628,intra_population
20471,LPLC2,right,acetylcholine,31988,LPLC2,right,3,0.01744186046511628,intra_population
29183,LPLC2,right,acetylcholine,25253,LPLC2,right,3,0.01744186046511628,intra_population
16917,LC4,left,acetylcholine,512366,LC4,left,3,0.01744186046511628,intra_population
27355,LPLC2,left,acetylcholine,25854,LPLC2,left,3,0.01744186046511628,intra_population
20542,LC4,right,acetylcholine,30803,LC4,right,3,0.01744186046511628,intra_population
29183,LPLC2,right,acetylcholine,24800,LPLC2,right,3,0.01744186046511628,intra_population
514670,LPLC2,left,acetylcholine,521115,LPLC2,left,3,0.01744186046511628,intra_population
20572,LC4,left,acetylcholine,33137,LC4,left,3,0.01744186046511628,intra_population
514670,LPLC2,left,acetylcholine,517079,LPLC2,left,3,0.01744186046511628,intra_population
20334,LPLC2,right,acetylcholine,31988,LPLC2,right,3,0.01744186046511628,intra_population
20334,LPLC2,right,acetylcholine,33185,LPLC2,right,3,0.01744186046511628,intra_population
514670,LPLC2,left,acetylcholine,518730,LC4,left,3,0.01744186046511628,cross_visual
20334,LPLC2,right,acetylcholine,35680,LPLC2,right,3,0.01744186046511628,intra_population
29183,LPLC2,right,acetylcholine,29014,LPLC2,right,3,0.01744186046511628,intra_population
27355,LPLC2,left,acetylcholine,25209,LPLC2,left,3,0.01744186046511628,intra_population
514956,LC4,left,acetylcholine,17478,LC4,left,3,0.01744186046511628,intra_population
20572,LC4,left,acetylcholine,24523,LC4,left,3,0.01744186046511628,intra_population
20572,LC4,left,acetylcholine,23226,LC4,left,3,0.01744186046511628,intra_population
29183,LPLC2,right,acetylcholine,28003,LPLC2,right,3,0.01744186046511628,intra_population
20334,LPLC2,right,acetylcholine,35838,LPLC2,right,3,0.01744186046511628,intra_population
514956,LC4,left,acetylcholine,12032,LC4,left,3,0.01744186046511628,intra_population
516909,LC4,left,acetylcholine,100485,LC4,left,3,0.01744186046511628,intra_population
29183,LPLC2,right,acetylcholine,27471,LPLC2,right,3,0.01744186046511628,intra_population
514956,LC4,left,acetylcholine,532254,LC4,left,3,0.01744186046511628,intra_population
29183,LPLC2,right,acetylcholine,25497,LPLC2,right,3,0.01744186046511628,intra_population
100485,LC4,left,acetylcholine,29514,LC4,left,3,0.01744186046511628,intra_population
20542,LC4,right,acetylcholine,16628,LC4,right,3,0.01744186046511628,intra_population
18127,LC4,right,acetylcholine,19420,LC4,right,3,0.01744186046511628,intra_population
20471,LPLC2,right,acetylcholine,30938,LPLC2,right,3,0.01744186046511628,intra_population
20471,LPLC2,right,acetylcholine,19589,LPLC2,right,3,0.01744186046511628,intra_population
515971,LPLC2,left,acetylcholine,14030,LPLC2,left,3,0.01744186046511628,intra_population
20471,LPLC2,right,acetylcholine,30041,LPLC2,right,3,0.01744186046511628,intra_population
27399,LPLC2,left,acetylcholine,12384,LPLC2,left,3,0.01744186046511628,intra_population
20440,LC4,left,acetylcholine,22922,LC4,left,3,0.01744186046511628,intra_population
13132,LPLC2,left,acetylcholine,517819,LPLC2,left,3,0.01744186046511628,intra_population
27355,LPLC2,left,acetylcholine,33303,LPLC2,left,3,0.01744186046511628,intra_population
20542,LC4,right,acetylcholine,20016,LC4,right,3,0.01744186046511628,intra_population
514956,LC4,left,acetylcholine,27750,LC4,left,3,0.01744186046511628,intra_population
20542,LC4,right,acetylcholine,22194,LC4,right,3,0.01744186046511628,intra_population
27355,LPLC2,left,acetylcholine,26416,LPLC2,left,3,0.01744186046511628,intra_population
18189,LC4,right,acetylcholine,19420,LC4,right,3,0.01744186046511628,intra_population
516909,LC4,left,acetylcholine,27829,LC4,left,3,0.01744186046511628,intra_population
12824,LC4,left,acetylcholine,519931,LC4,left,3,0.01744186046511628,intra_population
514956,LC4,left,acetylcholine,37587,LC4,left,3,0.01744186046511628,intra_population
20542,LC4,right,acetylcholine,19634,LC4,right,3,0.01744186046511628,intra_population
20542,LC4,right,acetylcholine,29563,LC4,right,3,0.01744186046511628,intra_population
20542,LC4,right,acetylcholine,17987,LC4,right,3,0.01744186046511628,intra_population
20542,LC4,right,acetylcholine,17364,LC4,right,3,0.01744186046511628,intra_population
20399,LC4,right,acetylcholine,17266,LC4,right,3,0.01744186046511628,intra_population
20535,LPLC2,right,acetylcholine,37431,LPLC2,right,3,0.01744186046511628,intra_population
20440,LC4,left,acetylcholine,20859,LC4,left,3,0.01744186046511628,intra_population
18127,LC4,right,acetylcholine,16138,LC4,right,3,0.01744186046511628,intra_population
20535,LPLC2,right,acetylcholine,31257,LPLC2,right,3,0.01744186046511628,intra_population
20535,LPLC2,right,acetylcholine,30207,LPLC2,right,3,0.01744186046511628,intra_population
27399,LPLC2,left,acetylcholine,25524,LPLC2,left,3,0.01744186046511628,intra_population
20399,LC4,right,acetylcholine,22966,LC4,right,3,0.01744186046511628,intra_population
516909,LC4,left,acetylcholine,14888,LC4,left,3,0.01744186046511628,intra_population
20399,LC4,right,acetylcholine,26112,LC4,right,3,0.01744186046511628,intra_population
20535,LPLC2,right,acetylcholine,28044,LPLC2,right,3,0.01744186046511628,intra_population
20535,LPLC2,right,acetylcholine,27471,LPLC2,right,3,0.01744186046511628,intra_population
20399,LC4,right,acetylcholine,30803,LC4,right,3,0.01744186046511628,intra_population
27399,LPLC2,left,acetylcholine,25209,LPLC2,left,3,0.01744186046511628,intra_population
29183,LPLC2,right,acetylcholine,21899,LPLC2,right,3,0.01744186046511628,intra_population
516909,LC4,left,acetylcholine,16809,LC4,left,3,0.01744186046511628,intra_population
516909,LC4,left,acetylcholine,31429,LC4,left,3,0.01744186046511628,intra_population
25286,LPLC2,left,acetylcholine,41097,LPLC2,left,3,0.01744186046511628,intra_population
29216,LPLC2,right,acetylcholine,26915,LPLC2,right,3,0.01744186046511628,intra_population
21225,LC4,right,acetylcholine,18189,LC4,right,3,0.01744186046511628,intra_population
21225,LC4,right,acetylcholine,21151,LC4,right,3,0.01744186046511628,intra_population
100485,LC4,left,acetylcholine,22772,LC4,left,3,0.01744186046511628,intra_population
17880,LPLC2,left,acetylcholine,100103,LPLC2,left,3,0.01744186046511628,intra_population
29319,LPLC2,left,acetylcholine,22557,LPLC2,left,3,0.01744186046511628,intra_population
100485,LC4,left,acetylcholine,27624,LC4,left,3,0.01744186046511628,intra_population
20399,LC4,right,acetylcholine,20282,LC4,right,3,0.01744186046511628,intra_population
515476,LC4,left,acetylcholine,12349,LC4,left,3,0.01744186046511628,intra_population
20399,LC4,right,acetylcholine,19550,LC4,right,3,0.01744186046511628,intra_population
515476,LC4,left,acetylcholine,514508,LC4,left,3,0.01744186046511628,intra_population
20535,LPLC2,right,acetylcholine,25316,LPLC2,right,3,0.01744186046511628,intra_population
515476,LC4,left,acetylcholine,31429,LC4,left,3,0.01744186046511628,intra_population
516909,LC4,left,acetylcholine,12824,LC4,left,3,0.01744186046511628,intra_population
20535,LPLC2,right,acetylcholine,24401,LPLC2,right,3,0.01744186046511628,intra_population
12824,LC4,left,acetylcholine,532254,LC4,left,3,0.01744186046511628,intra_population
515476,LC4,left,acetylcholine,81112,LC4,left,3,0.01744186046511628,intra_population
20535,LPLC2,right,acetylcholine,24268,LPLC2,right,3,0.01744186046511628,intra_population
18189,LC4,right,acetylcholine,17364,LC4,right,3,0.01744186046511628,intra_population
20535,LPLC2,right,acetylcholine,25636,LPLC2,right,3,0.01744186046511628,intra_population
27355,LPLC2,left,acetylcholine,32223,LPLC2,left,3,0.01744186046511628,intra_population
515476,LC4,left,acetylcholine,12032,LC4,left,3,0.01744186046511628,intra_population
20440,LC4,left,acetylcholine,17270,LC4,left,3,0.01744186046511628,intra_population
20535,LPLC2,right,acetylcholine,22677,LPLC2,right,3,0.01744186046511628,intra_population
515476,LC4,left,acetylcholine,518544,LC4,left,3,0.01744186046511628,intra_population
29183,LPLC2,right,acetylcholine,20584,LPLC2,right,3,0.01744186046511628,intra_population
20440,LC4,left,acetylcholine,20572,LC4,left,3,0.01744186046511628,intra_population
515476,LC4,left,acetylcholine,29469,LC4,left,3,0.01744186046511628,intra_population
515476,LC4,left,acetylcholine,23226,LC4,left,3,0.01744186046511628,intra_population
516909,LC4,left,acetylcholine,22922,LC4,left,3,0.01744186046511628,intra_population
20535,LPLC2,right,acetylcholine,29391,LPLC2,right,3,0.01744186046511628,intra_population
27829,LC4,left,acetylcholine,35262,LC4,left,3,0.01744186046511628,intra_population
28044,LPLC2,right,acetylcholine,32507,LPLC2,right,3,0.01744186046511628,intra_population
28188,LPLC2,left,acetylcholine,25854,LPLC2,left,3,0.01744186046511628,intra_population
27716,LPLC2,left,acetylcholine,524366,LPLC2,left,3,0.01744186046511628,intra_population
28741,LPLC2,right,acetylcholine,29391,LPLC2,right,3,0.01744186046511628,intra_population
19911,LPLC2,left,acetylcholine,27399,LPLC2,left,3,0.01744186046511628,intra_population
19911,LPLC2,left,acetylcholine,24840,LPLC2,left,3,0.01744186046511628,intra_population
12349,LC4,left,acetylcholine,20967,LC4,left,3,0.01744186046511628,intra_population
19911,LPLC2,left,acetylcholine,24568,LPLC2,left,3,0.01744186046511628,intra_population
19911,LPLC2,left,acetylcholine,24308,LPLC2,left,3,0.01744186046511628,intra_population
28741,LPLC2,right,acetylcholine,29287,LPLC2,right,3,0.01744186046511628,intra_population
19911,LPLC2,left,acetylcholine,21361,LPLC2,left,3,0.01744186046511628,intra_population
520449,LC4,left,acetylcholine,17270,LC4,left,3,0.01744186046511628,intra_population
12349,LC4,left,acetylcholine,18432,LC4,left,3,0.01744186046511628,intra_population
12349,LC4,left,acetylcholine,27750,LC4,left,3,0.01744186046511628,intra_population
18672,LPLC2,right,acetylcholine,20162,LPLC2,right,3,0.01744186046511628,intra_population
19842,LPLC2,right,acetylcholine,35680,LPLC2,right,3,0.01744186046511628,intra_population
19842,LPLC2,right,acetylcholine,31257,LPLC2,right,3,0.01744186046511628,intra_population
19842,LPLC2,right,acetylcholine,30803,LC4,right,3,0.01744186046511628,cross_visual
19842,LPLC2,right,acetylcholine,25267,LPLC2,right,3,0.01744186046511628,intra_population
19842,LPLC2,right,acetylcholine,24401,LPLC2,right,3,0.01744186046511628,intra_population
520449,LC4,left,acetylcholine,24523,LC4,left,3,0.01744186046511628,intra_population
520449,LC4,left,acetylcholine,27829,LC4,left,3,0.01744186046511628,intra_population
19842,LPLC2,right,acetylcholine,22966,LC4,right,3,0.01744186046511628,cross_visual
520449,LC4,left,acetylcholine,35262,LC4,left,3,0.01744186046511628,intra_population
27716,LPLC2,left,acetylcholine,520764,LPLC2,left,3,0.01744186046511628,intra_population
518730,LC4,left,acetylcholine,24523,LC4,left,3,0.01744186046511628,intra_population
27471,LPLC2,right,acetylcholine,32507,LPLC2,right,3,0.01744186046511628,intra_population
28871,LPLC2,right,acetylcholine,31257,LPLC2,right,3,0.01744186046511628,intra_population
517752,LC4,left,acetylcholine,31429,LC4,left,3,0.01744186046511628,intra_population
27471,LPLC2,right,acetylcholine,20749,LPLC2,right,3,0.01744186046511628,intra_population
517752,LC4,left,acetylcholine,35262,LC4,left,3,0.01744186046511628,intra_population
517752,LC4,left,acetylcholine,81112,LC4,left,3,0.01744186046511628,intra_population
26528,LPLC2,left,acetylcholine,28188,LPLC2,left,3,0.01744186046511628,intra_population
18396,LC4,left,acetylcholine,17608,LC4,left,3,0.01744186046511628,intra_population
517752,LC4,left,acetylcholine,515900,LC4,left,3,0.01744186046511628,intra_population
20269,LPLC2,right,acetylcholine,55627,LPLC2,right,3,0.01744186046511628,intra_population
20269,LPLC2,right,acetylcholine,34372,LPLC2,right,3,0.01744186046511628,intra_population
18396,LC4,left,acetylcholine,18478,LC4,left,3,0.01744186046511628,intra_population
517752,LC4,left,acetylcholine,519931,LC4,left,3,0.01744186046511628,intra_population
20269,LPLC2,right,acetylcholine,30207,LPLC2,right,3,0.01744186046511628,intra_population
20269,LPLC2,right,acetylcholine,29598,LPLC2,right,3,0.01744186046511628,intra_population
27471,LPLC2,right,acetylcholine,22677,LPLC2,right,3,0.01744186046511628,intra_population
28980,LC4,left,acetylcholine,23226,LC4,left,3,0.01744186046511628,intra_population
20269,LPLC2,right,acetylcholine,29183,LPLC2,right,3,0.01744186046511628,intra_population
27471,LPLC2,right,acetylcholine,27566,LPLC2,right,3,0.01744186046511628,intra_population
517819,LPLC2,left,acetylcholine,13132,LPLC2,left,3,0.01744186046511628,intra_population
28980,LC4,left,acetylcholine,21721,LC4,left,3,0.01744186046511628,intra_population
27471,LPLC2,right,acetylcholine,29014,LPLC2,right,3,0.01744186046511628,intra_population
20162,LPLC2,right,acetylcholine,21899,LPLC2,right,3,0.01744186046511628,intra_population
519931,LC4,left,acetylcholine,517752,LC4,left,3,0.01744186046511628,intra_population
28741,LPLC2,right,acetylcholine,29986,LPLC2,right,3,0.01744186046511628,intra_population
19954,LC4,right,acetylcholine,21804,LC4,right,3,0.01744186046511628,intra_population
519931,LC4,left,acetylcholine,12032,LC4,left,3,0.01744186046511628,intra_population
19842,LPLC2,right,acetylcholine,20269,LPLC2,right,3,0.01744186046511628,intra_population
19830,LPLC2,left,acetylcholine,17990,LPLC2,left,3,0.01744186046511628,intra_population
19830,LPLC2,left,acetylcholine,27023,LPLC2,left,3,0.01744186046511628,intra_population
19830,LPLC2,left,acetylcholine,26416,LPLC2,left,3,0.01744186046511628,intra_population
520764,LPLC2,left,acetylcholine,29702,LPLC2,left,3,0.01744186046511628,intra_population
520764,LPLC2,left,acetylcholine,30087,LC4,left,3,0.01744186046511628,cross_visual
17059,LPLC2,left,acetylcholine,19911,LPLC2,left,3,0.01744186046511628,intra_population
19830,LPLC2,left,acetylcholine,21361,LPLC2,left,3,0.01744186046511628,intra_population
27750,LC4,left,acetylcholine,17608,LC4,left,3,0.01744186046511628,intra_population
520764,LPLC2,left,acetylcholine,32237,LPLC2,left,3,0.01744186046511628,intra_population
520764,LPLC2,left,acetylcholine,33303,LPLC2,left,3,0.01744186046511628,intra_population
19830,LPLC2,left,acetylcholine,18936,LPLC2,left,3,0.01744186046511628,intra_population
19830,LPLC2,left,acetylcholine,17775,LPLC2,left,3,0.01744186046511628,intra_population
520449,LC4,left,acetylcholine,518016,LC4,left,3,0.01744186046511628,intra_population
27750,LC4,left,acetylcholine,29417,LC4,left,3,0.01744186046511628,intra_population
520764,LPLC2,left,acetylcholine,111903,LPLC2,left,3,0.01744186046511628,intra_population
19830,LPLC2,left,acetylcholine,14888,LC4,left,3,0.01744186046511628,cross_visual
27750,LC4,left,acetylcholine,29469,LC4,left,3,0.01744186046511628,intra_population
28741,LPLC2,right,acetylcholine,21808,LPLC2,right,3,0.01744186046511628,intra_population
520764,LPLC2,left,acetylcholine,524366,LPLC2,left,3,0.01744186046511628,intra_population
520764,LPLC2,left,acetylcholine,531014,LPLC2,left,3,0.01744186046511628,intra_population
520449,LC4,left,acetylcholine,100485,LC4,left,3,0.01744186046511628,intra_population
19842,LPLC2,right,acetylcholine,21808,LPLC2,right,3,0.01744186046511628,intra_population
519931,LC4,left,acetylcholine,81112,LC4,left,3,0.01744186046511628,intra_population
19911,LPLC2,left,acetylcholine,525844,LPLC2,left,3,0.01744186046511628,intra_population
519650,LC4,left,acetylcholine,23226,LC4,left,3,0.01744186046511628,intra_population
519650,LC4,left,acetylcholine,24523,LC4,left,3,0.01744186046511628,intra_population
519650,LC4,left,acetylcholine,30087,LC4,left,3,0.01744186046511628,intra_population
19954,LC4,right,acetylcholine,21287,LC4,right,3,0.01744186046511628,intra_population
19954,LC4,right,acetylcholine,20282,LC4,right,3,0.01744186046511628,intra_population
519650,LC4,left,acetylcholine,518730,LC4,left,3,0.01744186046511628,intra_population
19954,LC4,right,acetylcholine,20016,LC4,right,3,0.01744186046511628,intra_population
27716,LPLC2,left,acetylcholine,33303,LPLC2,left,3,0.01744186046511628,intra_population
28741,LPLC2,right,acetylcholine,31964,LPLC2,right,3,0.01744186046511628,intra_population
27716,LPLC2,left,acetylcholine,40811,LPLC2,left,3,0.01744186046511628,intra_population
519931,LC4,left,acetylcholine,34845,LC4,left,3,0.01744186046511628,intra_population
19911,LPLC2,left,acetylcholine,32237,LPLC2,left,3,0.01744186046511628,intra_population
519931,LC4,left,acetylcholine,16917,LC4,left,3,0.01744186046511628,intra_population
19911,LPLC2,left,acetylcholine,111903,LPLC2,left,3,0.01744186046511628,intra_population
519931,LC4,left,acetylcholine,18478,LC4,left,3,0.01744186046511628,intra_population
19911,LPLC2,left,acetylcholine,40841,LPLC2,left,3,0.01744186046511628,intra_population
19911,LPLC2,left,acetylcholine,35294,LPLC2,left,3,0.01744186046511628,intra_population
519931,LC4,left,acetylcholine,23202,LC4,left,3,0.01744186046511628,intra_population
19911,LPLC2,left,acetylcholine,34655,LPLC2,left,3,0.01744186046511628,intra_population
519931,LC4,left,acetylcholine,28980,LC4,left,3,0.01744186046511628,intra_population
517752,LC4,left,acetylcholine,30087,LC4,left,3,0.01744186046511628,intra_population
20269,LPLC2,right,acetylcholine,22261,LPLC2,right,3,0.01744186046511628,intra_population
28741,LPLC2,right,acetylcholine,21703,LPLC2,right,3,0.01744186046511628,intra_population
12824,LC4,left,acetylcholine,20976,LC4,left,3,0.01744186046511628,intra_population
20282,LC4,right,acetylcholine,26112,LC4,right,3,0.01744186046511628,intra_population
12824,LC4,left,acetylcholine,17270,LC4,left,3,0.01744186046511628,intra_population
20282,LC4,right,acetylcholine,23929,LC4,right,3,0.01744186046511628,intra_population
27471,LPLC2,right,acetylcholine,20584,LPLC2,right,3,0.01744186046511628,intra_population
20282,LC4,right,acetylcholine,22975,LC4,right,3,0.01744186046511628,intra_population
12384,LPLC2,left,acetylcholine,525844,LPLC2,left,3,0.01744186046511628,intra_population
18189,LC4,right,acetylcholine,29563,LC4,right,3,0.01744186046511628,intra_population
517752,LC4,left,acetylcholine,12349,LC4,left,3,0.01744186046511628,intra_population
20282,LC4,right,acetylcholine,22034,LC4,right,3,0.01744186046511628,intra_population
517752,LC4,left,acetylcholine,14888,LC4,left,3,0.01744186046511628,intra_population
517752,LC4,left,acetylcholine,16917,LC4,left,3,0.01744186046511628,intra_population
20282,LC4,right,acetylcholine,21804,LC4,right,3,0.01744186046511628,intra_population
12384,LPLC2,left,acetylcholine,520449,LC4,left,3,0.01744186046511628,cross_visual
517752,LC4,left,acetylcholine,18478,LC4,left,3,0.01744186046511628,intra_population
517752,LC4,left,acetylcholine,20572,LC4,left,3,0.01744186046511628,intra_population
20282,LC4,right,acetylcholine,21225,LC4,right,3,0.01744186046511628,intra_population
517752,LC4,left,acetylcholine,27624,LC4,left,3,0.01744186046511628,intra_population
517079,LPLC2,left,acetylcholine,514670,LPLC2,left,3,0.01744186046511628,intra_population
18189,LC4,right,acetylcholine,23792,LC4,right,3,0.01744186046511628,intra_population
27566,LPLC2,right,acetylcholine,19146,LPLC2,right,3,0.01744186046511628,intra_population
28980,LC4,left,acetylcholine,520449,LC4,left,3,0.01744186046511628,intra_population
20329,LPLC2,left,acetylcholine,13132,LPLC2,left,3,0.01744186046511628,intra_population
18189,LC4,right,acetylcholine,31262,LC4,right,3,0.01744186046511628,intra_population
20269,LPLC2,right,acetylcholine,22218,LPLC2,right,3,0.01744186046511628,intra_population
20329,LPLC2,left,acetylcholine,13764,LPLC2,left,3,0.01744186046511628,intra_population
28871,LPLC2,right,acetylcholine,34372,LPLC2,right,3,0.01744186046511628,intra_population
28871,LPLC2,right,acetylcholine,34110,LPLC2,right,3,0.01744186046511628,intra_population
20182,LPLC2,right,acetylcholine,19842,LPLC2,right,3,0.01744186046511628,intra_population
518439,LC4,left,acetylcholine,29469,LC4,left,3,0.01744186046511628,intra_population
27566,LPLC2,right,acetylcholine,27471,LPLC2,right,3,0.01744186046511628,intra_population
20162,LPLC2,right,acetylcholine,34110,LPLC2,right,3,0.01744186046511628,intra_population
27566,LPLC2,right,acetylcholine,28871,LPLC2,right,3,0.01744186046511628,intra_population
27566,LPLC2,right,acetylcholine,29287,LPLC2,right,3,0.01744186046511628,intra_population
518439,LC4,left,acetylcholine,107513,LC4,left,3,0.01744186046511628,intra_population
518439,LC4,left,acetylcholine,111787,LC4,left,3,0.01744186046511628,intra_population
518439,LC4,left,acetylcholine,129687,LPLC2,left,3,0.01744186046511628,cross_visual
20162,LPLC2,right,acetylcholine,55627,LPLC2,right,3,0.01744186046511628,intra_population
18432,LC4,left,acetylcholine,81112,LC4,left,3,0.01744186046511628,intra_population
28871,LPLC2,right,acetylcholine,33185,LPLC2,right,3,0.01744186046511628,intra_population
518439,LC4,left,acetylcholine,519931,LC4,left,3,0.01744186046511628,intra_population
12384,LPLC2,left,acetylcholine,17880,LPLC2,left,3,0.01744186046511628,intra_population
27566,LPLC2,right,acetylcholine,19543,LC4,right,3,0.01744186046511628,cross_visual
20240,LPLC2,left,acetylcholine,25854,LPLC2,left,3,0.01744186046511628,intra_population
20240,LPLC2,left,acetylcholine,34407,LPLC2,left,3,0.01744186046511628,intra_population
20282,LC4,right,acetylcholine,22194,LC4,right,3,0.01744186046511628,intra_population
517079,LPLC2,left,acetylcholine,515971,LPLC2,left,3,0.01744186046511628,intra_population
27399,LPLC2,left,acetylcholine,517079,LPLC2,left,3,0.01744186046511628,intra_population
12824,LC4,left,acetylcholine,23226,LC4,left,3,0.01744186046511628,intra_population
28980,LC4,left,acetylcholine,533129,LC4,left,3,0.01744186046511628,intra_population
28980,LC4,left,acetylcholine,532254,LC4,left,3,0.01744186046511628,intra_population
20269,LPLC2,right,acetylcholine,21703,LPLC2,right,3,0.01744186046511628,intra_population
12384,LPLC2,left,acetylcholine,112292,LPLC2,left,3,0.01744186046511628,intra_population
20269,LPLC2,right,acetylcholine,21562,LPLC2,right,3,0.01744186046511628,intra_population
18396,LC4,left,acetylcholine,30087,LC4,left,3,0.01744186046511628,intra_population
20269,LPLC2,right,acetylcholine,20471,LPLC2,right,3,0.01744186046511628,intra_population
20269,LPLC2,right,acetylcholine,20334,LPLC2,right,3,0.01744186046511628,intra_population
27471,LPLC2,right,acetylcholine,33439,LPLC2,right,3,0.01744186046511628,intra_population
27471,LPLC2,right,acetylcholine,34110,LPLC2,right,3,0.01744186046511628,intra_population
20269,LPLC2,right,acetylcholine,19589,LPLC2,right,3,0.01744186046511628,intra_population
28980,LC4,left,acetylcholine,81112,LC4,left,3,0.01744186046511628,intra_population
20269,LPLC2,right,acetylcholine,19249,LPLC2,right,3,0.01744186046511628,intra_population
517819,LPLC2,left,acetylcholine,23550,LPLC2,left,3,0.01744186046511628,intra_population
517819,LPLC2,left,acetylcholine,23665,LPLC2,left,3,0.01744186046511628,intra_population
20269,LPLC2,right,acetylcholine,19146,LPLC2,right,3,0.01744186046511628,intra_population
20269,LPLC2,right,acetylcholine,19034,LPLC2,right,3,0.01744186046511628,intra_population
517819,LPLC2,left,acetylcholine,24605,LPLC2,left,3,0.01744186046511628,intra_population
20240,LPLC2,left,acetylcholine,536444,LPLC2,left,3,0.01744186046511628,intra_population
17059,LPLC2,left,acetylcholine,29815,LPLC2,left,3,0.01744186046511628,intra_population
18396,LC4,left,acetylcholine,532254,LC4,left,3,0.01744186046511628,intra_population
20240,LPLC2,left,acetylcholine,517079,LPLC2,left,3,0.01744186046511628,intra_population
517819,LPLC2,left,acetylcholine,17880,LPLC2,left,3,0.01744186046511628,intra_population
28980,LC4,left,acetylcholine,17478,LC4,left,3,0.01744186046511628,intra_population
18396,LC4,left,acetylcholine,29514,LC4,left,3,0.01744186046511628,intra_population
18396,LC4,left,acetylcholine,34845,LC4,left,3,0.01744186046511628,intra_population
20329,LPLC2,left,acetylcholine,23247,LPLC2,left,3,0.01744186046511628,intra_population
517079,LPLC2,left,acetylcholine,23349,LPLC2,left,3,0.01744186046511628,intra_population
517079,LPLC2,left,acetylcholine,23550,LPLC2,left,3,0.01744186046511628,intra_population
517079,LPLC2,left,acetylcholine,24308,LPLC2,left,3,0.01744186046511628,intra_population
17059,LPLC2,left,acetylcholine,111903,LPLC2,left,3,0.01744186046511628,intra_population
20329,LPLC2,left,acetylcholine,27399,LPLC2,left,3,0.01744186046511628,intra_population
20329,LPLC2,left,acetylcholine,27355,LPLC2,left,3,0.01744186046511628,intra_population
20329,LPLC2,left,acetylcholine,25209,LPLC2,left,3,0.01744186046511628,intra_population
517079,LPLC2,left,acetylcholine,100485,LC4,left,3,0.01744186046511628,cross_visual
20329,LPLC2,left,acetylcholine,24605,LPLC2,left,3,0.01744186046511628,intra_population
20329,LPLC2,left,acetylcholine,21299,LPLC2,left,3,0.01744186046511628,intra_population
517752,LC4,left,acetylcholine,29417,LC4,left,3,0.01744186046511628,intra_population
517079,LPLC2,left,acetylcholine,29514,LC4,left,3,0.01744186046511628,cross_visual
517079,LPLC2,left,acetylcholine,29955,LPLC2,left,3,0.01744186046511628,intra_population
20329,LPLC2,left,acetylcholine,20799,LPLC2,left,3,0.01744186046511628,intra_population
20329,LPLC2,left,acetylcholine,20572,LC4,left,3,0.01744186046511628,cross_visual
20329,LPLC2,left,acetylcholine,19787,LPLC2,left,3,0.01744186046511628,intra_population
20329,LPLC2,left,acetylcholine,18936,LPLC2,left,3,0.01744186046511628,intra_population
517079,LPLC2,left,acetylcholine,33965,LPLC2,left,3,0.01744186046511628,intra_population
517752,LC4,left,acetylcholine,27750,LC4,left,3,0.01744186046511628,intra_population
517752,LC4,left,acetylcholine,27829,LC4,left,3,0.01744186046511628,intra_population
18672,LPLC2,right,acetylcholine,21862,LPLC2,right,3,0.01744186046511628,intra_population
12032,LC4,left,acetylcholine,518730,LC4,left,3,0.01744186046511628,intra_population
28871,LPLC2,right,acetylcholine,39620,LPLC2,right,3,0.01744186046511628,intra_population
518983,LC4,left,acetylcholine,17340,LC4,left,3,0.01744186046511628,intra_population
518983,LC4,left,acetylcholine,18432,LC4,left,3,0.01744186046511628,intra_population
28871,LPLC2,right,acetylcholine,20162,LPLC2,right,3,0.01744186046511628,intra_population
28871,LPLC2,right,acetylcholine,20047,LPLC2,right,3,0.01744186046511628,intra_population
21336,LC4,right,acetylcholine,21165,LC4,right,3,0.01744186046511628,intra_population
50287,LPLC2,right,acetylcholine,26147,LPLC2,right,3,0.01744186046511628,intra_population
21336,LC4,right,acetylcholine,21313,LC4,right,3,0.01744186046511628,intra_population
24187,LPLC2,right,acetylcholine,19034,LPLC2,right,3,0.01744186046511628,intra_population
32597,LC4,left,acetylcholine,18478,LC4,left,3,0.01744186046511628,intra_population
32597,LC4,left,acetylcholine,21721,LC4,left,3,0.01744186046511628,intra_population
32597,LC4,left,acetylcholine,27624,LC4,left,3,0.01744186046511628,intra_population
24187,LPLC2,right,acetylcholine,25497,LPLC2,right,3,0.01744186046511628,intra_population
24187,LPLC2,right,acetylcholine,24118,LPLC2,right,3,0.01744186046511628,intra_population
25524,LPLC2,left,acetylcholine,27399,LPLC2,left,3,0.01744186046511628,intra_population
17544,LPLC2,left,acetylcholine,30895,LPLC2,left,3,0.01744186046511628,intra_population
32597,LC4,left,acetylcholine,34845,LC4,left,3,0.01744186046511628,intra_population
29873,LPLC2,right,acetylcholine,50287,LPLC2,right,3,0.01744186046511628,intra_population
24187,LPLC2,right,acetylcholine,19146,LPLC2,right,3,0.01744186046511628,intra_population
25524,LPLC2,left,acetylcholine,29319,LPLC2,left,3,0.01744186046511628,intra_population
32597,LC4,left,acetylcholine,17608,LC4,left,3,0.01744186046511628,intra_population
25524,LPLC2,left,acetylcholine,29815,LPLC2,left,3,0.01744186046511628,intra_population
17544,LPLC2,left,acetylcholine,32237,LPLC2,left,3,0.01744186046511628,intra_population
20047,LPLC2,right,acetylcholine,21862,LPLC2,right,3,0.01744186046511628,intra_population
20047,LPLC2,right,acetylcholine,21899,LPLC2,right,3,0.01744186046511628,intra_population
20016,LC4,right,acetylcholine,16138,LC4,right,3,0.01744186046511628,intra_population
20047,LPLC2,right,acetylcholine,22218,LPLC2,right,3,0.01744186046511628,intra_population
17059,LPLC2,left,acetylcholine,21361,LPLC2,left,3,0.01744186046511628,intra_population
519650,LC4,left,acetylcholine,18432,LC4,left,3,0.01744186046511628,intra_population
19954,LC4,right,acetylcholine,24338,LC4,right,3,0.01744186046511628,intra_population
27716,LPLC2,left,acetylcholine,23919,LPLC2,left,3,0.01744186046511628,intra_population
518983,LC4,left,acetylcholine,22922,LC4,left,3,0.01744186046511628,intra_population
518983,LC4,left,acetylcholine,22772,LC4,left,3,0.01744186046511628,intra_population
518983,LC4,left,acetylcholine,20967,LC4,left,3,0.01744186046511628,intra_population
518731,LPLC2,left,acetylcholine,514670,LPLC2,left,3,0.01744186046511628,intra_population
12349,LC4,left,acetylcholine,514508,LC4,left,3,0.01744186046511628,intra_population
518731,LPLC2,left,acetylcholine,517079,LPLC2,left,3,0.01744186046511628,intra_population
28871,LPLC2,right,acetylcholine,21562,LPLC2,right,3,0.01744186046511628,intra_population
518731,LPLC2,left,acetylcholine,520764,LPLC2,left,3,0.01744186046511628,intra_population
18478,LC4,left,acetylcholine,77614,LC4,left,3,0.01744186046511628,intra_population
20047,LPLC2,right,acetylcholine,29183,LPLC2,right,3,0.01744186046511628,intra_population
28871,LPLC2,right,acetylcholine,21045,LPLC2,right,3,0.01744186046511628,intra_population
28871,LPLC2,right,acetylcholine,20584,LPLC2,right,3,0.01744186046511628,intra_population
28871,LPLC2,right,acetylcholine,20471,LPLC2,right,3,0.01744186046511628,intra_population
12349,LC4,left,acetylcholine,111903,LPLC2,left,3,0.01744186046511628,cross_visual
518983,LC4,left,acetylcholine,12032,LC4,left,3,0.01744186046511628,intra_population
518983,LC4,left,acetylcholine,12349,LC4,left,3,0.01744186046511628,intra_population
20047,LPLC2,right,acetylcholine,22966,LC4,right,3,0.01744186046511628,cross_visual
15018,LC4,left,acetylcholine,29469,LC4,left,3,0.01744186046511628,intra_population
17544,LPLC2,left,acetylcholine,37587,LC4,left,3,0.01744186046511628,cross_visual
15018,LC4,left,acetylcholine,27829,LC4,left,3,0.01744186046511628,intra_population
29873,LPLC2,right,acetylcholine,35632,LPLC2,right,3,0.01744186046511628,intra_population
29955,LPLC2,left,acetylcholine,22253,LPLC2,left,3,0.01744186046511628,intra_population
32507,LPLC2,right,acetylcholine,39620,LPLC2,right,3,0.01744186046511628,intra_population
32507,LPLC2,right,acetylcholine,55627,LPLC2,right,3,0.01744186046511628,intra_population
25524,LPLC2,left,acetylcholine,23349,LPLC2,left,3,0.01744186046511628,intra_population
25524,LPLC2,left,acetylcholine,23919,LPLC2,left,3,0.01744186046511628,intra_population
25524,LPLC2,left,acetylcholine,24308,LPLC2,left,3,0.01744186046511628,intra_population
32737,LPLC2,left,acetylcholine,15804,LPLC2,left,3,0.01744186046511628,intra_population
32737,LPLC2,left,acetylcholine,18900,LPLC2,left,3,0.01744186046511628,intra_population
31988,LPLC2,right,acetylcholine,21808,LPLC2,right,3,0.01744186046511628,intra_population
17340,LC4,left,acetylcholine,77614,LC4,left,3,0.01744186046511628,intra_population
32737,LPLC2,left,acetylcholine,33303,LPLC2,left,3,0.01744186046511628,intra_population
24118,LPLC2,right,acetylcholine,18672,LPLC2,right,3,0.01744186046511628,intra_population
17544,LPLC2,left,acetylcholine,129687,LPLC2,left,3,0.01744186046511628,intra_population
17544,LPLC2,left,acetylcholine,514670,LPLC2,left,3,0.01744186046511628,intra_population
17544,LPLC2,left,acetylcholine,531014,LPLC2,left,3,0.01744186046511628,intra_population
29873,LPLC2,right,acetylcholine,28741,LPLC2,right,3,0.01744186046511628,intra_population
32737,LPLC2,left,acetylcholine,514670,LPLC2,left,3,0.01744186046511628,intra_population
23929,LC4,right,acetylcholine,23792,LC4,right,3,0.01744186046511628,intra_population
23929,LC4,right,acetylcholine,22847,LC4,right,3,0.01744186046511628,intra_population
25524,LPLC2,left,acetylcholine,517819,LPLC2,left,3,0.01744186046511628,intra_population
25572,LPLC2,left,acetylcholine,17775,LPLC2,left,3,0.01744186046511628,intra_population
32507,LPLC2,right,acetylcholine,37431,LPLC2,right,3,0.01744186046511628,intra_population
32507,LPLC2,right,acetylcholine,35838,LPLC2,right,3,0.01744186046511628,intra_population
32507,LPLC2,right,acetylcholine,35680,LPLC2,right,3,0.01744186046511628,intra_population
32507,LPLC2,right,acetylcholine,27566,LPLC2,right,3,0.01744186046511628,intra_population
32597,LC4,left,acetylcholine,532254,LC4,left,3,0.01744186046511628,intra_population
24118,LPLC2,right,acetylcholine,39620,LPLC2,right,3,0.01744186046511628,intra_population
24118,LPLC2,right,acetylcholine,37613,LPLC2,right,3,0.01744186046511628,intra_population
29873,LPLC2,right,acetylcholine,34372,LPLC2,right,3,0.01744186046511628,intra_population
29955,LPLC2,left,acetylcholine,13764,LPLC2,left,3,0.01744186046511628,intra_population
29955,LPLC2,left,acetylcholine,17775,LPLC2,left,3,0.01744186046511628,intra_population
24118,LPLC2,right,acetylcholine,34681,LPLC2,right,3,0.01744186046511628,intra_population
29955,LPLC2,left,acetylcholine,22557,LPLC2,left,3,0.01744186046511628,intra_population
25524,LPLC2,left,acetylcholine,20240,LPLC2,left,3,0.01744186046511628,intra_population
17544,LPLC2,left,acetylcholine,27796,LPLC2,left,3,0.01744186046511628,intra_population
17544,LPLC2,left,acetylcholine,29702,LPLC2,left,3,0.01744186046511628,intra_population
32507,LPLC2,right,acetylcholine,28741,LPLC2,right,3,0.01744186046511628,intra_population
17544,LPLC2,left,acetylcholine,28011,LPLC2,left,3,0.01744186046511628,intra_population
17340,LC4,left,acetylcholine,515900,LC4,left,3,0.01744186046511628,intra_population
24187,LPLC2,right,acetylcholine,33185,LPLC2,right,3,0.01744186046511628,intra_population
32507,LPLC2,right,acetylcholine,30207,LPLC2,right,3,0.01744186046511628,intra_population
32507,LPLC2,right,acetylcholine,30938,LPLC2,right,3,0.01744186046511628,intra_population
32507,LPLC2,right,acetylcholine,31257,LPLC2,right,3,0.01744186046511628,intra_population
32507,LPLC2,right,acetylcholine,33439,LPLC2,right,3,0.01744186046511628,intra_population
24187,LPLC2,right,acetylcholine,26730,LPLC2,right,3,0.01744186046511628,intra_population
28741,LPLC2,right,acetylcholine,35838,LPLC2,right,3,0.01744186046511628,intra_population
519650,LC4,left,acetylcholine,15018,LC4,left,3,0.01744186046511628,intra_population
520764,LPLC2,left,acetylcholine,27796,LPLC2,left,3,0.01744186046511628,intra_population
520764,LPLC2,left,acetylcholine,24568,LPLC2,left,3,0.01744186046511628,intra_population
19954,LC4,right,acetylcholine,22328,LC4,right,3,0.01744186046511628,intra_population
20162,LPLC2,right,acetylcholine,20584,LPLC2,right,3,0.01744186046511628,intra_population
20103,LPLC2,right,acetylcholine,20694,LPLC2,right,3,0.01744186046511628,intra_population
20103,LPLC2,right,acetylcholine,25497,LPLC2,right,3,0.01744186046511628,intra_population
28871,LPLC2,right,acetylcholine,25316,LPLC2,right,3,0.01744186046511628,intra_population
20103,LPLC2,right,acetylcholine,24118,LPLC2,right,3,0.01744186046511628,intra_population
20103,LPLC2,right,acetylcholine,22677,LPLC2,right,3,0.01744186046511628,intra_population
20103,LPLC2,right,acetylcholine,22261,LPLC2,right,3,0.01744186046511628,intra_population
18478,LC4,left,acetylcholine,17340,LC4,left,3,0.01744186046511628,intra_population
28871,LPLC2,right,acetylcholine,25267,LPLC2,right,3,0.01744186046511628,intra_population
20103,LPLC2,right,acetylcholine,21562,LPLC2,right,3,0.01744186046511628,intra_population
518731,LPLC2,left,acetylcholine,25027,LPLC2,left,3,0.01744186046511628,intra_population
28871,LPLC2,right,acetylcholine,25253,LPLC2,right,3,0.01744186046511628,intra_population
20103,LPLC2,right,acetylcholine,20588,LC4,right,3,0.01744186046511628,cross_visual
12349,LC4,left,acetylcholine,518439,LC4,left,3,0.01744186046511628,intra_population
28871,LPLC2,right,acetylcholine,24800,LPLC2,right,3,0.01744186046511628,intra_population
27716,LPLC2,left,acetylcholine,12384,LPLC2,left,3,0.01744186046511628,intra_population
27716,LPLC2,left,acetylcholine,13764,LPLC2,left,3,0.01744186046511628,intra_population
518731,LPLC2,left,acetylcholine,27796,LPLC2,left,3,0.01744186046511628,intra_population
20103,LPLC2,right,acetylcholine,18929,LPLC2,right,3,0.01744186046511628,intra_population
27716,LPLC2,left,acetylcholine,17059,LPLC2,left,3,0.01744186046511628,intra_population
519650,LC4,left,acetylcholine,23202,LC4,left,3,0.01744186046511628,intra_population
520764,LPLC2,left,acetylcholine,24308,LPLC2,left,3,0.01744186046511628,intra_population
20016,LC4,right,acetylcholine,16628,LC4,right,3,0.01744186046511628,intra_population
28741,LPLC2,right,acetylcholine,25636,LPLC2,right,3,0.01744186046511628,intra_population
19830,LPLC2,left,acetylcholine,29702,LPLC2,left,3,0.01744186046511628,intra_population
12032,LC4,left,acetylcholine,524899,LC4,left,3,0.01744186046511628,intra_population
28741,LPLC2,right,acetylcholine,25511,LPLC2,right,3,0.01744186046511628,intra_population
19842,LPLC2,right,acetylcholine,20182,LPLC2,right,3,0.01744186046511628,intra_population
520449,LC4,left,acetylcholine,519650,LC4,left,3,0.01744186046511628,intra_population
19842,LPLC2,right,acetylcholine,20047,LPLC2,right,3,0.01744186046511628,intra_population
520449,LC4,left,acetylcholine,526286,LC4,left,3,0.01744186046511628,intra_population
19842,LPLC2,right,acetylcholine,19608,LPLC2,right,3,0.01744186046511628,intra_population
17059,LPLC2,left,acetylcholine,20799,LPLC2,left,3,0.01744186046511628,intra_population
28741,LPLC2,right,acetylcholine,28003,LPLC2,right,3,0.01744186046511628,intra_population
520449,LC4,left,acetylcholine,535341,LC4,left,3,0.01744186046511628,intra_population
28741,LPLC2,right,acetylcholine,26915,LPLC2,right,3,0.01744186046511628,intra_population
520764,LPLC2,left,acetylcholine,10228,DNp06,left,3,0.01744186046511628,visual_to_readout
520764,LPLC2,left,acetylcholine,13726,LPLC2,left,3,0.01744186046511628,intra_population
19842,LPLC2,right,acetylcholine,16628,LC4,right,3,0.01744186046511628,cross_visual
19830,LPLC2,left,acetylcholine,526286,LC4,left,3,0.01744186046511628,cross_visual
27716,LPLC2,left,acetylcholine,533895,LPLC2,left,3,0.01744186046511628,intra_population
19830,LPLC2,left,acetylcholine,518983,LC4,left,3,0.01744186046511628,cross_visual
19830,LPLC2,left,acetylcholine,518731,LPLC2,left,3,0.01744186046511628,intra_population
19830,LPLC2,left,acetylcholine,518730,LC4,left,3,0.01744186046511628,cross_visual
520764,LPLC2,left,acetylcholine,23665,LPLC2,left,3,0.01744186046511628,intra_population
18478,LC4,left,acetylcholine,29469,LC4,left,3,0.01744186046511628,intra_population
518731,LPLC2,left,acetylcholine,30893,LPLC2,left,3,0.01744186046511628,intra_population
20047,LPLC2,right,acetylcholine,50287,LPLC2,right,3,0.01744186046511628,intra_population
518731,LPLC2,left,acetylcholine,32223,LPLC2,left,3,0.01744186046511628,intra_population
20103,LPLC2,right,acetylcholine,29216,LPLC2,right,3,0.01744186046511628,intra_population
27624,LC4,left,acetylcholine,20859,LC4,left,3,0.01744186046511628,intra_population
20047,LPLC2,right,acetylcholine,39620,LPLC2,right,3,0.01744186046511628,intra_population
27716,LPLC2,left,acetylcholine,18900,LPLC2,left,3,0.01744186046511628,intra_population
12349,LC4,left,acetylcholine,515476,LC4,left,3,0.01744186046511628,intra_population
20016,LC4,right,acetylcholine,28945,LC4,right,3,0.01744186046511628,intra_population
20047,LPLC2,right,acetylcholine,21151,LC4,right,3,0.01744186046511628,cross_visual
518983,LC4,left,acetylcholine,34845,LC4,left,3,0.01744186046511628,intra_population
518983,LC4,left,acetylcholine,35262,LC4,left,3,0.01744186046511628,intra_population
28871,LPLC2,right,acetylcholine,19034,LPLC2,right,3,0.01744186046511628,intra_population
12349,LC4,left,acetylcholine,100485,LC4,left,3,0.01744186046511628,intra_population
20047,LPLC2,right,acetylcholine,20471,LPLC2,right,3,0.01744186046511628,intra_population
20047,LPLC2,right,acetylcholine,20334,LPLC2,right,3,0.01744186046511628,intra_population
27716,LPLC2,left,acetylcholine,24308,LPLC2,left,3,0.01744186046511628,intra_population
20047,LPLC2,right,acetylcholine,19229,LPLC2,right,3,0.01744186046511628,intra_population
27716,LPLC2,left,acetylcholine,25575,LPLC2,left,3,0.01744186046511628,intra_population
27716,LPLC2,left,acetylcholine,26416,LPLC2,left,3,0.01744186046511628,intra_population
518731,LPLC2,left,acetylcholine,112292,LPLC2,left,3,0.01744186046511628,intra_population
20016,LC4,right,acetylcholine,19543,LC4,right,3,0.01744186046511628,intra_population
12349,LC4,left,acetylcholine,35262,LC4,left,3,0.01744186046511628,intra_population
20016,LC4,right,acetylcholine,17364,LC4,right,3,0.01744186046511628,intra_population
28871,LPLC2,right,acetylcholine,26915,LPLC2,right,3,0.01744186046511628,intra_population
27624,LC4,left,acetylcholine,17608,LC4,left,3,0.01744186046511628,intra_population
20103,LPLC2,right,acetylcholine,37431,LPLC2,right,3,0.01744186046511628,intra_population
518730,LC4,left,acetylcholine,512366,LC4,left,3,0.01744186046511628,intra_population
20103,LPLC2,right,acetylcholine,26147,LPLC2,right,3,0.01744186046511628,intra_population
20103,LPLC2,right,acetylcholine,28003,LPLC2,right,3,0.01744186046511628,intra_population
27716,LPLC2,left,acetylcholine,29955,LPLC2,left,3,0.01744186046511628,intra_population
18432,LC4,left,acetylcholine,533129,LC4,left,3,0.01744186046511628,intra_population
18432,LC4,left,acetylcholine,518016,LC4,left,3,0.01744186046511628,intra_population
518730,LC4,left,acetylcholine,31429,LC4,left,3,0.01744186046511628,intra_population
27566,LPLC2,right,acetylcholine,31988,LPLC2,right,3,0.01744186046511628,intra_population
518730,LC4,left,acetylcholine,35616,LC4,left,3,0.01744186046511628,intra_population
518730,LC4,left,acetylcholine,77614,LC4,left,3,0.01744186046511628,intra_population
20162,LPLC2,right,acetylcholine,20047,LPLC2,right,3,0.01744186046511628,intra_population
17059,LPLC2,left,acetylcholine,25209,LPLC2,left,3,0.01744186046511628,intra_population
518730,LC4,left,acetylcholine,516909,LC4,left,3,0.01744186046511628,intra_population
518730,LC4,left,acetylcholine,517752,LC4,left,3,0.01744186046511628,intra_population
18432,LC4,left,acetylcholine,524899,LC4,left,3,0.01744186046511628,intra_population
518730,LC4,left,acetylcholine,524899,LC4,left,3,0.01744186046511628,intra_population
20103,LPLC2,right,acetylcholine,28741,LPLC2,right,3,0.01744186046511628,intra_population
518730,LC4,left,acetylcholine,535341,LC4,left,3,0.01744186046511628,intra_population
18478,LC4,left,acetylcholine,12032,LC4,left,3,0.01744186046511628,intra_population
18478,LC4,left,acetylcholine,14888,LC4,left,3,0.01744186046511628,intra_population
18478,LC4,left,acetylcholine,15018,LC4,left,3,0.01744186046511628,intra_population
28871,LPLC2,right,acetylcholine,37613,LPLC2,right,3,0.01744186046511628,intra_population
518439,LC4,left,acetylcholine,17608,LC4,left,3,0.01744186046511628,intra_population
28188,LPLC2,left,acetylcholine,26416,LPLC2,left,3,0.01744186046511628,intra_population
535341,LC4,left,acetylcholine,12349,LC4,left,3,0.01744186046511628,intra_population
17054,LC4,right,acetylcholine,21313,LC4,right,3,0.01744186046511628,intra_population
535341,LC4,left,acetylcholine,17270,LC4,left,3,0.01744186046511628,intra_population
28011,LPLC2,left,acetylcholine,25524,LPLC2,left,3,0.01744186046511628,intra_population
533895,LPLC2,left,acetylcholine,34655,LPLC2,left,3,0.01744186046511628,intra_population
533895,LPLC2,left,acetylcholine,33303,LPLC2,left,3,0.01744186046511628,intra_population
19034,LPLC2,right,acetylcholine,25636,LPLC2,right,3,0.01744186046511628,intra_population
18929,LPLC2,right,acetylcholine,26915,LPLC2,right,3,0.01744186046511628,intra_population
17054,LC4,right,acetylcholine,25584,LC4,right,3,0.01744186046511628,intra_population
19146,LPLC2,right,acetylcholine,21808,LPLC2,right,3,0.01744186046511628,intra_population
19146,LPLC2,right,acetylcholine,21769,LPLC2,right,3,0.01744186046511628,intra_population
28003,LPLC2,right,acetylcholine,35889,LPLC2,right,3,0.01744186046511628,intra_population
533895,LPLC2,left,acetylcholine,23349,LPLC2,left,3,0.01744186046511628,intra_population
18929,LPLC2,right,acetylcholine,22218,LPLC2,right,3,0.01744186046511628,intra_population
19146,LPLC2,right,acetylcholine,20584,LPLC2,right,3,0.01744186046511628,intra_population
18929,LPLC2,right,acetylcholine,25267,LPLC2,right,3,0.01744186046511628,intra_population
28044,LPLC2,right,acetylcholine,19589,LPLC2,right,3,0.01744186046511628,intra_population
533895,LPLC2,left,acetylcholine,25136,LPLC2,left,3,0.01744186046511628,intra_population
533895,LPLC2,left,acetylcholine,25572,LPLC2,left,3,0.01744186046511628,intra_population
28011,LPLC2,left,acetylcholine,13764,LPLC2,left,3,0.01744186046511628,intra_population
19146,LPLC2,right,acetylcholine,19543,LC4,right,3,0.01744186046511628,cross_visual
18929,LPLC2,right,acetylcholine,27566,LPLC2,right,3,0.01744186046511628,intra_population
18929,LPLC2,right,acetylcholine,39620,LPLC2,right,3,0.01744186046511628,intra_population
535341,LC4,left,acetylcholine,10228,DNp06,left,3,0.01744186046511628,visual_to_readout
19608,LPLC2,right,acetylcholine,29598,LPLC2,right,3,0.01744186046511628,intra_population
19034,LPLC2,right,acetylcholine,28741,LPLC2,right,3,0.01744186046511628,intra_population
12032,LC4,left,acetylcholine,31308,LC4,left,3,0.01744186046511628,intra_population
19608,LPLC2,right,acetylcholine,26147,LPLC2,right,3,0.01744186046511628,intra_population
19420,LC4,right,acetylcholine,17860,LC4,right,3,0.01744186046511628,intra_population
531014,LPLC2,left,acetylcholine,23349,LPLC2,left,3,0.01744186046511628,intra_population
517079,LPLC2,left,acetylcholine,18936,LPLC2,left,3,0.01744186046511628,intra_population
533895,LPLC2,left,acetylcholine,524366,LPLC2,left,3,0.01744186046511628,intra_population
19034,LPLC2,right,acetylcholine,34110,LPLC2,right,3,0.01744186046511628,intra_population
533895,LPLC2,left,acetylcholine,41097,LPLC2,left,3,0.01744186046511628,intra_population
533895,LPLC2,left,acetylcholine,100103,LPLC2,left,3,0.01744186046511628,intra_population
28011,LPLC2,left,acetylcholine,19911,LPLC2,left,3,0.01744186046511628,intra_population
533895,LPLC2,left,acetylcholine,112292,LPLC2,left,3,0.01744186046511628,intra_population
19034,LPLC2,right,acetylcholine,33396,LPLC2,right,3,0.01744186046511628,intra_population
533895,LPLC2,left,acetylcholine,134521,LPLC2,left,3,0.01744186046511628,intra_population
28011,LPLC2,left,acetylcholine,25027,LPLC2,left,3,0.01744186046511628,intra_population
19034,LPLC2,right,acetylcholine,29986,LPLC2,right,3,0.01744186046511628,intra_population
19034,LPLC2,right,acetylcholine,29598,LPLC2,right,3,0.01744186046511628,intra_population
533895,LPLC2,left,acetylcholine,526286,LC4,left,3,0.01744186046511628,cross_visual
19034,LPLC2,right,acetylcholine,34372,LPLC2,right,3,0.01744186046511628,intra_population
19034,LPLC2,right,acetylcholine,29216,LPLC2,right,3,0.01744186046511628,intra_population
19034,LPLC2,right,acetylcholine,29014,LPLC2,right,3,0.01744186046511628,intra_population
19034,LPLC2,right,acetylcholine,28871,LPLC2,right,3,0.01744186046511628,intra_population
18929,LPLC2,right,acetylcholine,28003,LPLC2,right,3,0.01744186046511628,intra_population
533895,LPLC2,left,acetylcholine,27716,LPLC2,left,3,0.01744186046511628,intra_population
18929,LPLC2,right,acetylcholine,29216,LPLC2,right,3,0.01744186046511628,intra_population
18929,LPLC2,right,acetylcholine,31257,LPLC2,right,3,0.01744186046511628,intra_population
10010,DNp01,left,acetylcholine,20859,LC4,left,3,0.01744186046511628,readout_to_visual
536444,LPLC2,left,acetylcholine,518731,LPLC2,left,3,0.01744186046511628,intra_population
10010,DNp01,left,acetylcholine,18396,LC4,left,3,0.01744186046511628,readout_to_visual
18936,LPLC2,left,acetylcholine,25136,LPLC2,left,3,0.01744186046511628,intra_population
18936,LPLC2,left,acetylcholine,22253,LPLC2,left,3,0.01744186046511628,intra_population
18936,LPLC2,left,acetylcholine,20859,LC4,left,3,0.01744186046511628,cross_visual
10010,DNp01,left,acetylcholine,516909,LC4,left,3,0.01744186046511628,readout_to_visual
19034,LPLC2,right,acetylcholine,19229,LPLC2,right,3,0.01744186046511628,intra_population
17054,LC4,right,acetylcholine,22847,LC4,right,3,0.01744186046511628,intra_population
18936,LPLC2,left,acetylcholine,13132,LPLC2,left,3,0.01744186046511628,intra_population
19034,LPLC2,right,acetylcholine,25267,LPLC2,right,3,0.01744186046511628,intra_population
535341,LC4,left,acetylcholine,31301,LC4,left,3,0.01744186046511628,intra_population
19034,LPLC2,right,acetylcholine,24187,LPLC2,right,3,0.01744186046511628,intra_population
28011,LPLC2,left,acetylcholine,27355,LPLC2,left,3,0.01744186046511628,intra_population
535341,LC4,left,acetylcholine,518016,LC4,left,3,0.01744186046511628,intra_population
535341,LC4,left,acetylcholine,519931,LC4,left,3,0.01744186046511628,intra_population
19034,LPLC2,right,acetylcholine,22218,LPLC2,right,3,0.01744186046511628,intra_population
19034,LPLC2,right,acetylcholine,21899,LPLC2,right,3,0.01744186046511628,intra_population
10228,DNp06,left,acetylcholine,531898,DNp04,left,3,0.01744186046511628,inter_readout
535341,LC4,left,acetylcholine,532254,LC4,left,3,0.01744186046511628,intra_population
19034,LPLC2,right,acetylcholine,21562,LPLC2,right,3,0.01744186046511628,intra_population
536444,LPLC2,left,acetylcholine,515476,LC4,left,3,0.01744186046511628,cross_visual
536444,LPLC2,left,acetylcholine,514670,LPLC2,left,3,0.01744186046511628,intra_population
10010,DNp01,left,acetylcholine,107513,LC4,left,3,0.01744186046511628,readout_to_visual
18936,LPLC2,left,acetylcholine,536444,LPLC2,left,3,0.01744186046511628,intra_population
18929,LPLC2,right,acetylcholine,33396,LPLC2,right,3,0.01744186046511628,intra_population
28011,LPLC2,left,acetylcholine,11498,LPLC2,left,3,0.01744186046511628,intra_population
19034,LPLC2,right,acetylcholine,37925,LPLC2,right,3,0.01744186046511628,intra_population
533895,LPLC2,left,acetylcholine,30512,LPLC2,left,3,0.01744186046511628,intra_population
28011,LPLC2,left,acetylcholine,25854,LPLC2,left,3,0.01744186046511628,intra_population
18929,LPLC2,right,acetylcholine,55627,LPLC2,right,3,0.01744186046511628,intra_population
531014,LPLC2,left,acetylcholine,24568,LPLC2,left,3,0.01744186046511628,intra_population
18936,LPLC2,left,acetylcholine,27399,LPLC2,left,3,0.01744186046511628,intra_population
28011,LPLC2,left,acetylcholine,515971,LPLC2,left,3,0.01744186046511628,intra_population
18936,LPLC2,left,acetylcholine,521115,LPLC2,left,3,0.01744186046511628,intra_population
18936,LPLC2,left,acetylcholine,26528,LPLC2,left,3,0.01744186046511628,intra_population
18936,LPLC2,left,acetylcholine,17775,LPLC2,left,3,0.01744186046511628,intra_population
536444,LPLC2,left,acetylcholine,29753,LPLC2,left,3,0.01744186046511628,intra_population
28011,LPLC2,left,acetylcholine,134521,LPLC2,left,3,0.01744186046511628,intra_population
18936,LPLC2,left,acetylcholine,34407,LPLC2,left,3,0.01744186046511628,intra_population
28011,LPLC2,left,acetylcholine,129687,LPLC2,left,3,0.01744186046511628,intra_population
28011,LPLC2,left,acetylcholine,41097,LPLC2,left,3,0.01744186046511628,intra_population
18936,LPLC2,left,acetylcholine,27716,LPLC2,left,3,0.01744186046511628,intra_population
536444,LPLC2,left,acetylcholine,34407,LPLC2,left,3,0.01744186046511628,intra_population
19034,LPLC2,right,acetylcholine,18127,LC4,right,3,0.01744186046511628,cross_visual
19608,LPLC2,right,acetylcholine,26393,LPLC2,right,3,0.01744186046511628,intra_population
27796,LPLC2,left,acetylcholine,25524,LPLC2,left,3,0.01744186046511628,intra_population
536444,LPLC2,left,acetylcholine,17775,LPLC2,left,3,0.01744186046511628,intra_population
19634,LC4,right,acetylcholine,22328,LC4,right,3,0.01744186046511628,intra_population
521115,LPLC2,left,acetylcholine,30895,LPLC2,left,3,0.01744186046511628,intra_population
27796,LPLC2,left,acetylcholine,34051,LPLC2,left,3,0.01744186046511628,intra_population
521115,LPLC2,left,acetylcholine,25854,LPLC2,left,3,0.01744186046511628,intra_population
19794,LC4,right,acetylcholine,20917,LC4,right,3,0.01744186046511628,intra_population
28741,LPLC2,right,acetylcholine,20162,LPLC2,right,3,0.01744186046511628,intra_population
521115,LPLC2,left,acetylcholine,21299,LPLC2,left,3,0.01744186046511628,intra_population
521115,LPLC2,left,acetylcholine,22557,LPLC2,left,3,0.01744186046511628,intra_population
19794,LC4,right,acetylcholine,18127,LC4,right,3,0.01744186046511628,intra_population
19794,LC4,right,acetylcholine,17926,LC4,right,3,0.01744186046511628,intra_population
27750,LC4,left,acetylcholine,31429,LC4,left,3,0.01744186046511628,intra_population
28741,LPLC2,right,acetylcholine,19034,LPLC2,right,3,0.01744186046511628,intra_population
521115,LPLC2,left,acetylcholine,25136,LPLC2,left,3,0.01744186046511628,intra_population
18672,LPLC2,right,acetylcholine,22261,LPLC2,right,3,0.01744186046511628,intra_population
19787,LPLC2,left,acetylcholine,525844,LPLC2,left,3,0.01744186046511628,intra_population
19787,LPLC2,left,acetylcholine,40811,LPLC2,left,3,0.01744186046511628,intra_population
521115,LPLC2,left,acetylcholine,26528,LPLC2,left,3,0.01744186046511628,intra_population
27750,LC4,left,acetylcholine,512705,LC4,left,3,0.01744186046511628,intra_population
521115,LPLC2,left,acetylcholine,27399,LPLC2,left,3,0.01744186046511628,intra_population
18672,LPLC2,right,acetylcholine,24268,LPLC2,right,3,0.01744186046511628,intra_population
521115,LPLC2,left,acetylcholine,27796,LPLC2,left,3,0.01744186046511628,intra_population
18672,LPLC2,right,acetylcholine,24401,LPLC2,right,3,0.01744186046511628,intra_population
19787,LPLC2,left,acetylcholine,30893,LPLC2,left,3,0.01744186046511628,intra_population
19787,LPLC2,left,acetylcholine,10228,DNp06,left,3,0.01744186046511628,visual_to_readout
19608,LPLC2,right,acetylcholine,31988,LPLC2,right,3,0.01744186046511628,intra_population
524366,LPLC2,left,acetylcholine,24568,LPLC2,left,3,0.01744186046511628,intra_population
28188,LPLC2,left,acetylcholine,27023,LPLC2,left,3,0.01744186046511628,intra_population
27796,LPLC2,left,acetylcholine,13726,LPLC2,left,3,0.01744186046511628,intra_population
19787,LPLC2,left,acetylcholine,28188,LPLC2,left,3,0.01744186046511628,intra_population
18672,LPLC2,right,acetylcholine,25316,LPLC2,right,3,0.01744186046511628,intra_population
521115,LPLC2,left,acetylcholine,34655,LPLC2,left,3,0.01744186046511628,intra_population
521115,LPLC2,left,acetylcholine,35294,LPLC2,left,3,0.01744186046511628,intra_population
19787,LPLC2,left,acetylcholine,27716,LPLC2,left,3,0.01744186046511628,intra_population
28188,LPLC2,left,acetylcholine,521115,LPLC2,left,3,0.01744186046511628,intra_population
521115,LPLC2,left,acetylcholine,100485,LC4,left,3,0.01744186046511628,cross_visual
521115,LPLC2,left,acetylcholine,112292,LPLC2,left,3,0.01744186046511628,intra_population
18672,LPLC2,right,acetylcholine,26730,LPLC2,right,3,0.01744186046511628,intra_population
27796,LPLC2,left,acetylcholine,11498,LPLC2,left,3,0.01744186046511628,intra_population
19787,LPLC2,left,acetylcholine,20329,LPLC2,left,3,0.01744186046511628,intra_population
27750,LC4,left,acetylcholine,514508,LC4,left,3,0.01744186046511628,intra_population
27796,LPLC2,left,acetylcholine,17775,LPLC2,left,3,0.01744186046511628,intra_population
12032,LC4,left,acetylcholine,81112,LC4,left,3,0.01744186046511628,intra_population
18672,LPLC2,right,acetylcholine,30041,LPLC2,right,3,0.01744186046511628,intra_population
18672,LPLC2,right,acetylcholine,31964,LPLC2,right,3,0.01744186046511628,intra_population
28188,LPLC2,left,acetylcholine,134521,LPLC2,left,3,0.01744186046511628,intra_population
18672,LPLC2,right,acetylcholine,32507,LPLC2,right,3,0.01744186046511628,intra_population
524366,LPLC2,left,acetylcholine,23550,LPLC2,left,3,0.01744186046511628,intra_population
521115,LPLC2,left,acetylcholine,28188,LPLC2,left,3,0.01744186046511628,intra_population
19787,LPLC2,left,acetylcholine,134521,LPLC2,left,3,0.01744186046511628,intra_population
521115,LPLC2,left,acetylcholine,29702,LPLC2,left,3,0.01744186046511628,intra_population
17054,LC4,right,acetylcholine,17987,LC4,right,3,0.01744186046511628,intra_population
27796,LPLC2,left,acetylcholine,32237,LPLC2,left,3,0.01744186046511628,intra_population
17059,LPLC2,left,acetylcholine,17774,LPLC2,left,3,0.01744186046511628,intra_population
19608,LPLC2,right,acetylcholine,21899,LPLC2,right,3,0.01744186046511628,intra_population
28188,LPLC2,left,acetylcholine,33303,LPLC2,left,3,0.01744186046511628,intra_population
19608,LPLC2,right,acetylcholine,25253,LPLC2,right,3,0.01744186046511628,intra_population
524899,LC4,left,acetylcholine,12032,LC4,left,3,0.01744186046511628,intra_population
524366,LPLC2,left,acetylcholine,29815,LPLC2,left,3,0.01744186046511628,intra_population
28188,LPLC2,left,acetylcholine,34655,LPLC2,left,3,0.01744186046511628,intra_population
19634,LC4,right,acetylcholine,19420,LC4,right,3,0.01744186046511628,intra_population
524366,LPLC2,left,acetylcholine,31563,LPLC2,left,3,0.01744186046511628,intra_population
19634,LC4,right,acetylcholine,16628,LC4,right,3,0.01744186046511628,intra_population
524366,LPLC2,left,acetylcholine,32737,LPLC2,left,3,0.01744186046511628,intra_population
18672,LPLC2,right,acetylcholine,50287,LPLC2,right,3,0.01744186046511628,intra_population
19608,LPLC2,right,acetylcholine,39620,LPLC2,right,3,0.01744186046511628,intra_population
19608,LPLC2,right,acetylcholine,35889,LPLC2,right,3,0.01744186046511628,intra_population
524366,LPLC2,left,acetylcholine,41097,LPLC2,left,3,0.01744186046511628,intra_population
27796,LPLC2,left,acetylcholine,25209,LPLC2,left,3,0.01744186046511628,intra_population
19608,LPLC2,right,acetylcholine,34110,LPLC2,right,3,0.01744186046511628,intra_population
19608,LPLC2,right,acetylcholine,33185,LPLC2,right,3,0.01744186046511628,intra_population
524366,LPLC2,left,acetylcholine,520764,LPLC2,left,3,0.01744186046511628,intra_population
524366,LPLC2,left,acetylcholine,525844,LPLC2,left,3,0.01744186046511628,intra_population
524899,LC4,left,acetylcholine,520449,LC4,left,3,0.01744186046511628,intra_population
12032,LC4,left,acetylcholine,27624,LC4,left,3,0.01744186046511628,intra_population
524899,LC4,left,acetylcholine,518730,LC4,left,3,0.01744186046511628,intra_population
19608,LPLC2,right,acetylcholine,20749,LPLC2,right,3,0.01744186046511628,intra_population
19634,LC4,right,acetylcholine,21804,LC4,right,3,0.01744186046511628,intra_population
524366,LPLC2,left,acetylcholine,26416,LPLC2,left,3,0.01744186046511628,intra_population
19634,LC4,right,acetylcholine,21225,LC4,right,3,0.01744186046511628,intra_population
27796,LPLC2,left,acetylcholine,27023,LPLC2,left,3,0.01744186046511628,intra_population
19608,LPLC2,right,acetylcholine,21769,LPLC2,right,3,0.01744186046511628,intra_population
524899,LC4,left,acetylcholine,20440,LC4,left,3,0.01744186046511628,intra_population
19608,LPLC2,right,acetylcholine,21318,LPLC2,right,3,0.01744186046511628,intra_population
524899,LC4,left,acetylcholine,20967,LC4,left,3,0.01744186046511628,intra_population
27796,LPLC2,left,acetylcholine,25575,LPLC2,left,3,0.01744186046511628,intra_population
28188,LPLC2,left,acetylcholine,30895,LPLC2,left,3,0.01744186046511628,intra_population
19589,LPLC2,right,acetylcholine,50287,LPLC2,right,3,0.01744186046511628,intra_population
19608,LPLC2,right,acetylcholine,20182,LPLC2,right,3,0.01744186046511628,intra_population
28188,LPLC2,left,acetylcholine,29955,LPLC2,left,3,0.01744186046511628,intra_population
19608,LPLC2,right,acetylcholine,19842,LPLC2,right,3,0.01744186046511628,intra_population
524899,LC4,left,acetylcholine,31308,LC4,left,3,0.01744186046511628,intra_population
28188,LPLC2,left,acetylcholine,41097,LPLC2,left,3,0.01744186046511628,intra_population
524899,LC4,left,acetylcholine,32597,LC4,left,3,0.01744186046511628,intra_population
524899,LC4,left,acetylcholine,35616,LC4,left,3,0.01744186046511628,intra_population
27796,LPLC2,left,acetylcholine,28188,LPLC2,left,3,0.01744186046511628,intra_population
27796,LPLC2,left,acetylcholine,29955,LPLC2,left,3,0.01744186046511628,intra_population
536444,LPLC2,left,acetylcholine,25854,LPLC2,left,3,0.01744186046511628,intra_population
536444,LPLC2,left,acetylcholine,17880,LPLC2,left,3,0.01744186046511628,intra_population
518439,LC4,left,acetylcholine,17478,LC4,left,3,0.01744186046511628,intra_population
28945,LC4,right,acetylcholine,17860,LC4,right,3,0.01744186046511628,intra_population
518016,LC4,left,acetylcholine,512705,LC4,left,3,0.01744186046511628,intra_population
18432,LC4,left,acetylcholine,27829,LC4,left,3,0.01744186046511628,intra_population
518016,LC4,left,acetylcholine,514508,LC4,left,3,0.01744186046511628,intra_population
518016,LC4,left,acetylcholine,515900,LC4,left,3,0.01744186046511628,intra_population
28945,LC4,right,acetylcholine,16138,LC4,right,3,0.01744186046511628,intra_population
20182,LPLC2,right,acetylcholine,28003,LPLC2,right,3,0.01744186046511628,intra_population
518016,LC4,left,acetylcholine,520449,LC4,left,3,0.01744186046511628,intra_population
20182,LPLC2,right,acetylcholine,26730,LPLC2,right,3,0.01744186046511628,intra_population
27566,LPLC2,right,acetylcholine,24800,LPLC2,right,3,0.01744186046511628,intra_population
20182,LPLC2,right,acetylcholine,24118,LPLC2,right,3,0.01744186046511628,intra_population
518016,LC4,left,acetylcholine,533129,LC4,left,3,0.01744186046511628,intra_population
518016,LC4,left,acetylcholine,535341,LC4,left,3,0.01744186046511628,intra_population
18432,LC4,left,acetylcholine,29469,LC4,left,3,0.01744186046511628,intra_population
518016,LC4,left,acetylcholine,16917,LC4,left,3,0.01744186046511628,intra_population
27566,LPLC2,right,acetylcholine,26147,LPLC2,right,3,0.01744186046511628,intra_population
517819,LPLC2,left,acetylcholine,34407,LPLC2,left,3,0.01744186046511628,intra_population
28945,LC4,right,acetylcholine,25584,LC4,right,3,0.01744186046511628,intra_population
517819,LPLC2,left,acetylcholine,28188,LPLC2,left,3,0.01744186046511628,intra_population
517819,LPLC2,left,acetylcholine,29753,LPLC2,left,3,0.01744186046511628,intra_population
517819,LPLC2,left,acetylcholine,29815,LPLC2,left,3,0.01744186046511628,intra_population
18432,LC4,left,acetylcholine,16917,LC4,left,3,0.01744186046511628,intra_population
518016,LC4,left,acetylcholine,77614,LC4,left,3,0.01744186046511628,intra_population
518016,LC4,left,acetylcholine,34845,LC4,left,3,0.01744186046511628,intra_population
28044,LPLC2,right,acetylcholine,22218,LPLC2,right,3,0.01744186046511628,intra_population
28945,LC4,right,acetylcholine,20016,LC4,right,3,0.01744186046511628,intra_population
19229,LPLC2,right,acetylcholine,23497,LPLC2,right,3,0.01744186046511628,intra_population
28003,LPLC2,right,acetylcholine,21899,LPLC2,right,3,0.01744186046511628,intra_population
533129,LC4,left,acetylcholine,20572,LC4,left,3,0.01744186046511628,intra_population
11498,LPLC2,left,acetylcholine,17478,LC4,left,3,0.01744186046511628,cross_visual
18929,LPLC2,right,acetylcholine,20047,LPLC2,right,3,0.01744186046511628,intra_population
19229,LPLC2,right,acetylcholine,21862,LPLC2,right,3,0.01744186046511628,intra_population
533129,LC4,left,acetylcholine,21721,LC4,left,3,0.01744186046511628,intra_population
28044,LPLC2,right,acetylcholine,21808,LPLC2,right,3,0.01744186046511628,intra_population
533129,LC4,left,acetylcholine,22922,LC4,left,3,0.01744186046511628,intra_population
18929,LPLC2,right,acetylcholine,20103,LPLC2,right,3,0.01744186046511628,intra_population
28003,LPLC2,right,acetylcholine,22261,LPLC2,right,3,0.01744186046511628,intra_population
19794,LC4,right,acetylcholine,21287,LC4,right,3,0.01744186046511628,intra_population
28741,LPLC2,right,acetylcholine,20808,LC4,right,3,0.01744186046511628,cross_visual
521115,LPLC2,left,acetylcholine,10228,DNp06,left,3,0.01744186046511628,visual_to_readout
518016,LC4,left,acetylcholine,511914,LC4,left,3,0.01744186046511628,intra_population
518016,LC4,left,acetylcholine,20572,LC4,left,3,0.01744186046511628,intra_population
20182,LPLC2,right,acetylcholine,38542,LPLC2,right,3,0.01744186046511628,intra_population
20182,LPLC2,right,acetylcholine,37431,LPLC2,right,3,0.01744186046511628,intra_population
27566,LPLC2,right,acetylcholine,24268,LPLC2,right,3,0.01744186046511628,intra_population
20182,LPLC2,right,acetylcholine,34372,LPLC2,right,3,0.01744186046511628,intra_population
28945,LC4,right,acetylcholine,22328,LC4,right,3,0.01744186046511628,intra_population
517819,LPLC2,left,acetylcholine,31105,LPLC2,left,3,0.01744186046511628,intra_population
27566,LPLC2,right,acetylcholine,19589,LPLC2,right,3,0.01744186046511628,intra_population
517819,LPLC2,left,acetylcholine,32223,LPLC2,left,3,0.01744186046511628,intra_population
20240,LPLC2,left,acetylcholine,23550,LPLC2,left,3,0.01744186046511628,intra_population
518544,LC4,left,acetylcholine,511914,LC4,left,3,0.01744186046511628,intra_population
27566,LPLC2,right,acetylcholine,30207,LPLC2,right,3,0.01744186046511628,intra_population
20162,LPLC2,right,acetylcholine,28044,LPLC2,right,3,0.01744186046511628,intra_population
20162,LPLC2,right,acetylcholine,25497,LPLC2,right,3,0.01744186046511628,intra_population
20162,LPLC2,right,acetylcholine,31988,LPLC2,right,3,0.01744186046511628,intra_population
20162,LPLC2,right,acetylcholine,25316,LPLC2,right,3,0.01744186046511628,intra_population
20162,LPLC2,right,acetylcholine,23590,LPLC2,right,3,0.01744186046511628,intra_population
518544,LC4,left,acetylcholine,535341,LC4,left,3,0.01744186046511628,intra_population
12384,LPLC2,left,acetylcholine,12824,LC4,left,3,0.01744186046511628,cross_visual
518730,LC4,left,acetylcholine,12349,LC4,left,3,0.01744186046511628,intra_population
518730,LC4,left,acetylcholine,17270,LC4,left,3,0.01744186046511628,intra_population
20162,LPLC2,right,acetylcholine,22677,LPLC2,right,3,0.01744186046511628,intra_population
518730,LC4,left,acetylcholine,17478,LC4,left,3,0.01744186046511628,intra_population
518730,LC4,left,acetylcholine,18432,LC4,left,3,0.01744186046511628,intra_population
18432,LC4,left,acetylcholine,511914,LC4,left,3,0.01744186046511628,intra_population
518544,LC4,left,acetylcholine,12349,LC4,left,3,0.01744186046511628,intra_population
12384,LPLC2,left,acetylcholine,17478,LC4,left,3,0.01744186046511628,cross_visual
20182,LPLC2,right,acetylcholine,23392,LC4,right,3,0.01744186046511628,cross_visual
20182,LPLC2,right,acetylcholine,19543,LC4,right,3,0.01744186046511628,cross_visual
20182,LPLC2,right,acetylcholine,22218,LPLC2,right,3,0.01744186046511628,intra_population
27566,LPLC2,right,acetylcholine,26393,LPLC2,right,3,0.01744186046511628,intra_population
518544,LC4,left,acetylcholine,81112,LC4,left,3,0.01744186046511628,intra_population
20162,LPLC2,right,acetylcholine,29014,LPLC2,right,3,0.01744186046511628,intra_population
20162,LPLC2,right,acetylcholine,30041,LPLC2,right,3,0.01744186046511628,intra_population
27566,LPLC2,right,acetylcholine,24118,LPLC2,right,3,0.01744186046511628,intra_population
20240,LPLC2,left,acetylcholine,23349,LPLC2,left,3,0.01744186046511628,intra_population
27566,LPLC2,right,acetylcholine,20182,LPLC2,right,3,0.01744186046511628,intra_population
518016,LC4,left,acetylcholine,12349,LC4,left,3,0.01744186046511628,intra_population
27566,LPLC2,right,acetylcholine,21045,LPLC2,right,3,0.01744186046511628,intra_population
18432,LC4,left,acetylcholine,18478,LC4,left,3,0.01744186046511628,intra_population
12384,LPLC2,left,acetylcholine,27399,LPLC2,left,3,0.01744186046511628,intra_population
12384,LPLC2,left,acetylcholine,25854,LPLC2,left,3,0.01744186046511628,intra_population
20240,LPLC2,left,acetylcholine,17880,LPLC2,left,3,0.01744186046511628,intra_population
27566,LPLC2,right,acetylcholine,22677,LPLC2,right,3,0.01744186046511628,intra_population
20240,LPLC2,left,acetylcholine,14030,LPLC2,left,3,0.01744186046511628,intra_population
518544,LC4,left,acetylcholine,20967,LC4,left,3,0.01744186046511628,intra_population
18432,LC4,left,acetylcholine,20967,LC4,left,3,0.01744186046511628,intra_population
12384,LPLC2,left,acetylcholine,23349,LPLC2,left,3,0.01744186046511628,intra_population
12384,LPLC2,left,acetylcholine,20799,LPLC2,left,3,0.01744186046511628,intra_population
20182,LPLC2,right,acetylcholine,23590,LPLC2,right,3,0.01744186046511628,intra_population
12032,LC4,left,acetylcholine,515900,LC4,left,3,0.01744186046511628,intra_population
20162,LPLC2,right,acetylcholine,26147,LPLC2,right,3,0.01744186046511628,intra_population
20162,LPLC2,right,acetylcholine,31257,LPLC2,right,3,0.01744186046511628,intra_population
518544,LC4,left,acetylcholine,17653,LC4,left,3,0.01744186046511628,intra_population
20162,LPLC2,right,acetylcholine,30207,LPLC2,right,3,0.01744186046511628,intra_population
19229,LPLC2,right,acetylcholine,24118,LPLC2,right,3,0.01744186046511628,intra_population
19229,LPLC2,right,acetylcholine,25497,LPLC2,right,3,0.01744186046511628,intra_population
19034,LPLC2,right,acetylcholine,21318,LPLC2,right,3,0.01744186046511628,intra_population
532254,LC4,left,acetylcholine,18478,LC4,left,3,0.01744186046511628,intra_population
28044,LPLC2,right,acetylcholine,25253,LPLC2,right,3,0.01744186046511628,intra_population
28003,LPLC2,right,acetylcholine,19260,LC4,right,3,0.01744186046511628,cross_visual
532254,LC4,left,acetylcholine,22772,LC4,left,3,0.01744186046511628,intra_population
532254,LC4,left,acetylcholine,22922,LC4,left,3,0.01744186046511628,intra_population
28003,LPLC2,right,acetylcholine,20269,LPLC2,right,3,0.01744186046511628,intra_population
532254,LC4,left,acetylcholine,29417,LC4,left,3,0.01744186046511628,intra_population
532254,LC4,left,acetylcholine,77614,LC4,left,3,0.01744186046511628,intra_population
532254,LC4,left,acetylcholine,100485,LC4,left,3,0.01744186046511628,intra_population
11498,LPLC2,left,acetylcholine,21299,LPLC2,left,3,0.01744186046511628,intra_population
531014,LPLC2,left,acetylcholine,100103,LPLC2,left,3,0.01744186046511628,intra_population
533895,LPLC2,left,acetylcholine,17990,LPLC2,left,3,0.01744186046511628,intra_population
28044,LPLC2,right,acetylcholine,28741,LPLC2,right,3,0.01744186046511628,intra_population
531014,LPLC2,left,acetylcholine,24840,LPLC2,left,3,0.01744186046511628,intra_population
531014,LPLC2,left,acetylcholine,25027,LPLC2,left,3,0.01744186046511628,intra_population
531014,LPLC2,left,acetylcholine,25136,LPLC2,left,3,0.01744186046511628,intra_population
11498,LPLC2,left,acetylcholine,28188,LPLC2,left,3,0.01744186046511628,intra_population
28003,LPLC2,right,acetylcholine,16628,LC4,right,3,0.01744186046511628,cross_visual
11498,LPLC2,left,acetylcholine,25854,LPLC2,left,3,0.01744186046511628,intra_population
18900,LPLC2,left,acetylcholine,129687,LPLC2,left,3,0.01744186046511628,intra_population
531014,LPLC2,left,acetylcholine,27796,LPLC2,left,3,0.01744186046511628,intra_population
531014,LPLC2,left,acetylcholine,28011,LPLC2,left,3,0.01744186046511628,intra_population
18929,LPLC2,right,acetylcholine,19034,LPLC2,right,3,0.01744186046511628,intra_population
18900,LPLC2,left,acetylcholine,517819,LPLC2,left,3,0.01744186046511628,intra_population
11498,LPLC2,left,acetylcholine,17653,LC4,left,3,0.01744186046511628,cross_visual
532254,LC4,left,acetylcholine,17478,LC4,left,3,0.01744186046511628,intra_population
536444,LPLC2,left,acetylcholine,20329,LPLC2,left,3,0.01744186046511628,intra_population
18936,LPLC2,left,acetylcholine,13764,LPLC2,left,3,0.01744186046511628,intra_population
10010,DNp01,left,acetylcholine,531898,DNp04,left,3,0.01744186046511628,inter_readout
17054,LC4,right,acetylcholine,23392,LC4,right,3,0.01744186046511628,intra_population
28011,LPLC2,left,acetylcholine,518731,LPLC2,left,3,0.01744186046511628,intra_population
536444,LPLC2,left,acetylcholine,24840,LPLC2,left,3,0.01744186046511628,intra_population
28011,LPLC2,left,acetylcholine,30512,LPLC2,left,3,0.01744186046511628,intra_population
19146,LPLC2,right,acetylcholine,21899,LPLC2,right,3,0.01744186046511628,intra_population
28003,LPLC2,right,acetylcholine,29873,LPLC2,right,3,0.01744186046511628,intra_population
28003,LPLC2,right,acetylcholine,27471,LPLC2,right,3,0.01744186046511628,intra_population
28003,LPLC2,right,acetylcholine,19146,LPLC2,right,3,0.01744186046511628,intra_population
19249,LPLC2,right,acetylcholine,33396,LPLC2,right,3,0.01744186046511628,intra_population
11498,LPLC2,left,acetylcholine,20799,LPLC2,left,3,0.01744186046511628,intra_population
28044,LPLC2,right,acetylcholine,27566,LPLC2,right,3,0.01744186046511628,intra_population
19249,LPLC2,right,acetylcholine,28003,LPLC2,right,3,0.01744186046511628,intra_population
28044,LPLC2,right,acetylcholine,26915,LPLC2,right,3,0.01744186046511628,intra_population
11498,LPLC2,left,acetylcholine,19911,LPLC2,left,3,0.01744186046511628,intra_population
19249,LPLC2,right,acetylcholine,20334,LPLC2,right,3,0.01744186046511628,intra_population
19249,LPLC2,right,acetylcholine,20282,LC4,right,3,0.01744186046511628,cross_visual
19249,LPLC2,right,acetylcholine,20182,LPLC2,right,3,0.01744186046511628,intra_population
28044,LPLC2,right,acetylcholine,25636,LPLC2,right,3,0.01744186046511628,intra_population
19260,LC4,right,acetylcholine,22194,LC4,right,3,0.01744186046511628,intra_population
531014,LPLC2,left,acetylcholine,29815,LPLC2,left,3,0.01744186046511628,intra_population
531014,LPLC2,left,acetylcholine,95241,LPLC2,left,3,0.01744186046511628,intra_population
18900,LPLC2,left,acetylcholine,134521,LPLC2,left,3,0.01744186046511628,intra_population
19229,LPLC2,right,acetylcholine,29287,LPLC2,right,3,0.01744186046511628,intra_population
533129,LC4,left,acetylcholine,532254,LC4,left,3,0.01744186046511628,intra_population
11498,LPLC2,left,acetylcholine,13764,LPLC2,left,3,0.01744186046511628,intra_population
28003,LPLC2,right,acetylcholine,25253,LPLC2,right,3,0.01744186046511628,intra_population
533895,LPLC2,left,acetylcholine,11498,LPLC2,left,3,0.01744186046511628,intra_population
19146,LPLC2,right,acetylcholine,26730,LPLC2,right,3,0.01744186046511628,intra_population
19146,LPLC2,right,acetylcholine,25511,LPLC2,right,3,0.01744186046511628,intra_population
19146,LPLC2,right,acetylcholine,25497,LPLC2,right,3,0.01744186046511628,intra_population
533895,LPLC2,left,acetylcholine,15804,LPLC2,left,3,0.01744186046511628,intra_population
19146,LPLC2,right,acetylcholine,23878,LPLC2,right,3,0.01744186046511628,intra_population
533895,LPLC2,left,acetylcholine,17774,LPLC2,left,3,0.01744186046511628,intra_population
533129,LC4,left,acetylcholine,35616,LC4,left,3,0.01744186046511628,intra_population
19229,LPLC2,right,acetylcholine,19589,LPLC2,right,3,0.01744186046511628,intra_population
19229,LPLC2,right,acetylcholine,20471,LPLC2,right,3,0.01744186046511628,intra_population
28044,LPLC2,right,acetylcholine,21703,LPLC2,right,3,0.01744186046511628,intra_population
532254,LC4,left,acetylcholine,518544,LC4,left,3,0.01744186046511628,intra_population
19229,LPLC2,right,acetylcholine,29014,LPLC2,right,3,0.01744186046511628,intra_population
532254,LC4,left,acetylcholine,526286,LC4,left,3,0.01744186046511628,intra_population
19229,LPLC2,right,acetylcholine,28003,LPLC2,right,3,0.01744186046511628,intra_population
28044,LPLC2,right,acetylcholine,23497,LPLC2,right,3,0.01744186046511628,intra_population
533129,LC4,left,acetylcholine,12824,LC4,left,3,0.01744186046511628,intra_population
19146,LPLC2,right,acetylcholine,29391,LPLC2,right,3,0.01744186046511628,intra_population
533129,LC4,left,acetylcholine,520449,LC4,left,3,0.01744186046511628,intra_population
19146,LPLC2,right,acetylcholine,30041,LPLC2,right,3,0.01744186046511628,intra_population
19229,LPLC2,right,acetylcholine,31257,LPLC2,right,3,0.01744186046511628,intra_population
19260,LC4,right,acetylcholine,20808,LC4,right,3,0.01744186046511628,intra_population
531014,LPLC2,left,acetylcholine,31105,LPLC2,left,3,0.01744186046511628,intra_population
19260,LC4,right,acetylcholine,20542,LC4,right,3,0.01744186046511628,intra_population
531014,LPLC2,left,acetylcholine,32237,LPLC2,left,3,0.01744186046511628,intra_population
531014,LPLC2,left,acetylcholine,32737,LPLC2,left,3,0.01744186046511628,intra_population
19260,LC4,right,acetylcholine,19543,LC4,right,3,0.01744186046511628,intra_population
19260,LC4,right,acetylcholine,18189,LC4,right,3,0.01744186046511628,intra_population
19260,LC4,right,acetylcholine,16628,LC4,right,3,0.01744186046511628,intra_population
19260,LC4,right,acetylcholine,16138,LC4,right,3,0.01744186046511628,intra_population
532254,LC4,left,acetylcholine,514508,LC4,left,3,0.01744186046511628,intra_population
19146,LPLC2,right,acetylcholine,33694,LPLC2,right,3,0.01744186046511628,intra_population
28044,LPLC2,right,acetylcholine,24118,LPLC2,right,3,0.01744186046511628,intra_population
18929,LPLC2,right,acetylcholine,21769,LPLC2,right,3,0.01744186046511628,intra_population
19229,LPLC2,right,acetylcholine,16628,LC4,right,3,0.01744186046511628,cross_visual
533129,LC4,left,acetylcholine,511914,LC4,left,3,0.01744186046511628,intra_population
533129,LC4,left,acetylcholine,514508,LC4,left,3,0.01744186046511628,intra_population
533129,LC4,left,acetylcholine,515900,LC4,left,3,0.01744186046511628,intra_population
18929,LPLC2,right,acetylcholine,21562,LPLC2,right,3,0.01744186046511628,intra_population
19146,LPLC2,right,acetylcholine,50287,LPLC2,right,3,0.01744186046511628,intra_population
28003,LPLC2,right,acetylcholine,23878,LPLC2,right,3,0.01744186046511628,intra_population
22557,LPLC2,left,acetylcholine,29955,LPLC2,left,3,0.01744186046511628,intra_population
